case_id,category,candidate,bits_hex,sf,frac_hex,iterations,swapped
0,equal_score,fig3,0x40080000,0,0x8100000000000000,2,0
0,equal_score,tie_b,0x40084000,0,0x8108000000000000,2,1
0,equal_score,legacy7,0x40080000,0,0x8100000000000000,2,0
0,equal_score,input_anchor,0x40080000,0,0x8100000000000000,2,0
0,equal_score,exact_residual,0x40080000,0,0x8100000000000000,2,0
0,equal_score,guard1_pack12,0x40080000,0,0x8100000000000000,2,0
0,equal_score,guard12_pack12,0x40080000,0,0x8100000000000000,2,0
0,equal_score,source_uncut,0x4008007c,0,0x81000f8000000000,2,0
0,equal_score,post_sum_pack12,0x40080000,0,0x8100000000000000,2,0
0,equal_score,signed_floor,0x40080000,0,0x8100000000000000,2,0
1,output_width,fig3,0x40080000,0,0x8100000000000000,2,0
1,output_width,tie_b,0x40084000,0,0x8108000000000000,2,1
1,output_width,legacy7,0x40080000,0,0x8100000000000000,2,0
1,output_width,input_anchor,0x40080000,0,0x8100000000000000,2,0
1,output_width,exact_residual,0x40080000,0,0x8100000000000000,2,0
1,output_width,guard1_pack12,0x40080000,0,0x8100000000000000,2,0
1,output_width,guard12_pack12,0x40080000,0,0x8100000000000000,2,0
1,output_width,source_uncut,0x4008007c,0,0x81000f8000000000,2,0
1,output_width,post_sum_pack12,0x40080000,0,0x8100000000000000,2,0
1,output_width,signed_floor,0x40080000,0,0x8100000000000000,2,0
2,output_width,fig3,0x40080000,0,0x8100000000000000,2,0
2,output_width,tie_b,0x40080000,0,0x8100000000000000,3,1
2,output_width,legacy7,0x40080000,0,0x8100000000000000,2,0
2,output_width,input_anchor,0x40080000,0,0x8100000000000000,2,0
2,output_width,exact_residual,0x40080000,0,0x8100000000000000,2,0
2,output_width,guard1_pack12,0x40080000,0,0x8100000000000000,2,0
2,output_width,guard12_pack12,0x40080000,0,0x8100000000000000,2,0
2,output_width,source_uncut,0x4008007c,0,0x81000f8000000000,2,0
2,output_width,post_sum_pack12,0x40080000,0,0x8100000000000000,2,0
2,output_width,signed_floor,0x40080000,0,0x8100000000000000,2,0
3,output_width,fig3,0x40080000,0,0x8100000000000000,2,0
3,output_width,tie_b,0x40080000,0,0x8100000000000000,4,1
3,output_width,legacy7,0x40080000,0,0x8100000000000000,2,0
3,output_width,input_anchor,0x40080000,0,0x8100000000000000,2,0
3,output_width,exact_residual,0x40080000,0,0x8100000000000000,2,0
3,output_width,guard1_pack12,0x40080000,0,0x8100000000000000,2,0
3,output_width,guard12_pack12,0x40080000,0,0x8100000000000000,2,0
3,output_width,source_uncut,0x4008007c,0,0x81000f8000000000,2,0
3,output_width,post_sum_pack12,0x40080000,0,0x8100000000000000,2,0
3,output_width,signed_floor,0x40080000,0,0x8100000000000000,2,0
4,equal_score,fig3,0x400fc000,0,0x81f8000000000000,2,0
4,equal_score,tie_b,0x40104000,0,0x8208000000000000,2,1
4,equal_score,legacy7,0x400fc000,0,0x81f8000000000000,2,0
4,equal_score,input_anchor,0x400fc000,0,0x81f8000000000000,2,0
4,equal_score,exact_residual,0x400fc000,0,0x81f8000000000000,2,0
4,equal_score,guard1_pack12,0x400fc000,0,0x81f8000000000000,2,0
4,equal_score,guard12_pack12,0x400fc000,0,0x81f8000000000000,2,0
4,equal_score,source_uncut,0x400fc0f8,0,0x81f81f0000000000,2,0
4,equal_score,post_sum_pack12,0x400fc000,0,0x81f8000000000000,2,0
4,equal_score,signed_floor,0x400fc000,0,0x81f8000000000000,2,0
5,output_width,fig3,0x400fc000,0,0x81f8000000000000,2,0
5,output_width,tie_b,0x40104000,0,0x8208000000000000,2,1
5,output_width,legacy7,0x400fc000,0,0x81f8000000000000,2,0
5,output_width,input_anchor,0x400fc000,0,0x81f8000000000000,2,0
5,output_width,exact_residual,0x400fc000,0,0x81f8000000000000,2,0
5,output_width,guard1_pack12,0x400fc000,0,0x81f8000000000000,2,0
5,output_width,guard12_pack12,0x400fc000,0,0x81f8000000000000,2,0
5,output_width,source_uncut,0x400fc0f8,0,0x81f81f0000000000,2,0
5,output_width,post_sum_pack12,0x400fc000,0,0x81f8000000000000,2,0
5,output_width,signed_floor,0x400fc000,0,0x81f8000000000000,2,0
6,output_width,fig3,0x400fc000,0,0x81f8000000000000,2,0
6,output_width,tie_b,0x400fc000,0,0x81f8000000000000,3,1
6,output_width,legacy7,0x400fc000,0,0x81f8000000000000,2,0
6,output_width,input_anchor,0x400fc000,0,0x81f8000000000000,2,0
6,output_width,exact_residual,0x400fc000,0,0x81f8000000000000,2,0
6,output_width,guard1_pack12,0x400fc000,0,0x81f8000000000000,2,0
6,output_width,guard12_pack12,0x400fc000,0,0x81f8000000000000,2,0
6,output_width,source_uncut,0x400fc0f8,0,0x81f81f0000000000,2,0
6,output_width,post_sum_pack12,0x400fc000,0,0x81f8000000000000,2,0
6,output_width,signed_floor,0x400fc000,0,0x81f8000000000000,2,0
7,output_width,fig3,0x400fc000,0,0x81f8000000000000,2,0
7,output_width,tie_b,0x400fc000,0,0x81f8000000000000,4,1
7,output_width,legacy7,0x400fc000,0,0x81f8000000000000,2,0
7,output_width,input_anchor,0x400fc000,0,0x81f8000000000000,2,0
7,output_width,exact_residual,0x400fc000,0,0x81f8000000000000,2,0
7,output_width,guard1_pack12,0x400fc000,0,0x81f8000000000000,2,0
7,output_width,guard12_pack12,0x400fc000,0,0x81f8000000000000,2,0
7,output_width,source_uncut,0x400fc0f8,0,0x81f81f0000000000,2,0
7,output_width,post_sum_pack12,0x400fc000,0,0x81f8000000000000,2,0
7,output_width,signed_floor,0x400fc000,0,0x81f8000000000000,2,0
8,equal_score,fig3,0x40178000,0,0x82f0000000000000,2,0
8,equal_score,tie_b,0x40104000,0,0x8208000000000000,2,1
8,equal_score,legacy7,0x40178000,0,0x82f0000000000000,2,0
8,equal_score,input_anchor,0x40178000,0,0x82f0000000000000,2,0
8,equal_score,exact_residual,0x40178000,0,0x82f0000000000000,2,0
8,equal_score,guard1_pack12,0x40178000,0,0x82f0000000000000,2,0
8,equal_score,guard12_pack12,0x40178000,0,0x82f0000000000000,2,0
8,equal_score,source_uncut,0x40178174,0,0x82f02e8000000000,2,0
8,equal_score,post_sum_pack12,0x40178000,0,0x82f0000000000000,2,0
8,equal_score,signed_floor,0x40178000,0,0x82f0000000000000,2,0
9,output_width,fig3,0x40178000,0,0x82f0000000000000,2,0
9,output_width,tie_b,0x40104000,0,0x8208000000000000,2,1
9,output_width,legacy7,0x40178000,0,0x82f0000000000000,2,0
9,output_width,input_anchor,0x40178000,0,0x82f0000000000000,2,0
9,output_width,exact_residual,0x40178000,0,0x82f0000000000000,2,0
9,output_width,guard1_pack12,0x40178000,0,0x82f0000000000000,2,0
9,output_width,guard12_pack12,0x40178000,0,0x82f0000000000000,2,0
9,output_width,source_uncut,0x40178174,0,0x82f02e8000000000,2,0
9,output_width,post_sum_pack12,0x40178000,0,0x82f0000000000000,2,0
9,output_width,signed_floor,0x40178000,0,0x82f0000000000000,2,0
10,equal_score,fig3,0x40178000,0,0x82f0000000000000,2,0
10,equal_score,tie_b,0x40184000,0,0x8308000000000000,3,1
10,equal_score,legacy7,0x40178000,0,0x82f0000000000000,2,0
10,equal_score,input_anchor,0x40178000,0,0x82f0000000000000,2,0
10,equal_score,exact_residual,0x40178000,0,0x82f0000000000000,2,0
10,equal_score,guard1_pack12,0x40178000,0,0x82f0000000000000,2,0
10,equal_score,guard12_pack12,0x40178000,0,0x82f0000000000000,2,0
10,equal_score,source_uncut,0x40178174,0,0x82f02e8000000000,2,0
10,equal_score,post_sum_pack12,0x40178000,0,0x82f0000000000000,2,0
10,equal_score,signed_floor,0x40178000,0,0x82f0000000000000,2,0
11,output_width,fig3,0x40178000,0,0x82f0000000000000,2,0
11,output_width,tie_b,0x40184000,0,0x8308000000000000,3,1
11,output_width,legacy7,0x40178000,0,0x82f0000000000000,2,0
11,output_width,input_anchor,0x40178000,0,0x82f0000000000000,2,0
11,output_width,exact_residual,0x40178000,0,0x82f0000000000000,2,0
11,output_width,guard1_pack12,0x40178000,0,0x82f0000000000000,2,0
11,output_width,guard12_pack12,0x40178000,0,0x82f0000000000000,2,0
11,output_width,source_uncut,0x40178174,0,0x82f02e8000000000,2,0
11,output_width,post_sum_pack12,0x40178000,0,0x82f0000000000000,2,0
11,output_width,signed_floor,0x40178000,0,0x82f0000000000000,2,0
12,equal_score,fig3,0x40178000,0,0x82f0000000000000,2,0
12,equal_score,tie_b,0x4017c000,0,0x82f8000000000000,4,1
12,equal_score,legacy7,0x40178000,0,0x82f0000000000000,2,0
12,equal_score,input_anchor,0x40178000,0,0x82f0000000000000,2,0
12,equal_score,exact_residual,0x40178000,0,0x82f0000000000000,2,0
12,equal_score,guard1_pack12,0x40178000,0,0x82f0000000000000,2,0
12,equal_score,guard12_pack12,0x40178000,0,0x82f0000000000000,2,0
12,equal_score,source_uncut,0x40178174,0,0x82f02e8000000000,2,0
12,equal_score,post_sum_pack12,0x40178000,0,0x82f0000000000000,2,0
12,equal_score,signed_floor,0x40178000,0,0x82f0000000000000,2,0
13,output_width,fig3,0x40178000,0,0x82f0000000000000,2,0
13,output_width,tie_b,0x4017c000,0,0x82f8000000000000,4,1
13,output_width,legacy7,0x40178000,0,0x82f0000000000000,2,0
13,output_width,input_anchor,0x40178000,0,0x82f0000000000000,2,0
13,output_width,exact_residual,0x40178000,0,0x82f0000000000000,2,0
13,output_width,guard1_pack12,0x40178000,0,0x82f0000000000000,2,0
13,output_width,guard12_pack12,0x40178000,0,0x82f0000000000000,2,0
13,output_width,source_uncut,0x40178174,0,0x82f02e8000000000,2,0
13,output_width,post_sum_pack12,0x40178000,0,0x82f0000000000000,2,0
13,output_width,signed_floor,0x40178000,0,0x82f0000000000000,2,0
14,output_width,fig3,0x401f4000,0,0x83e8000000000000,2,0
14,output_width,tie_b,0x401f4000,0,0x83e8000000000000,2,0
14,output_width,legacy7,0x401f4000,0,0x83e8000000000000,2,0
14,output_width,input_anchor,0x401f4000,0,0x83e8000000000000,2,0
14,output_width,exact_residual,0x401f4000,0,0x83e8000000000000,2,0
14,output_width,guard1_pack12,0x401f4000,0,0x83e8000000000000,2,0
14,output_width,guard12_pack12,0x401f4000,0,0x83e8000000000000,2,0
14,output_width,source_uncut,0x401f41f0,0,0x83e83e0000000000,2,0
14,output_width,post_sum_pack12,0x401f4000,0,0x83e8000000000000,2,0
14,output_width,signed_floor,0x401f4000,0,0x83e8000000000000,2,0
15,output_width,fig3,0x401f4000,0,0x83e8000000000000,2,0
15,output_width,tie_b,0x401f4000,0,0x83e8000000000000,2,0
15,output_width,legacy7,0x401f4000,0,0x83e8000000000000,2,0
15,output_width,input_anchor,0x401f4000,0,0x83e8000000000000,2,0
15,output_width,exact_residual,0x401f4000,0,0x83e8000000000000,2,0
15,output_width,guard1_pack12,0x401f4000,0,0x83e8000000000000,2,0
15,output_width,guard12_pack12,0x401f4000,0,0x83e8000000000000,2,0
15,output_width,source_uncut,0x401f41f0,0,0x83e83e0000000000,2,0
15,output_width,post_sum_pack12,0x401f4000,0,0x83e8000000000000,2,0
15,output_width,signed_floor,0x401f4000,0,0x83e8000000000000,2,0
16,output_width,fig3,0x401f4000,0,0x83e8000000000000,2,0
16,output_width,tie_b,0x401f4000,0,0x83e8000000000000,2,0
16,output_width,legacy7,0x401f4000,0,0x83e8000000000000,2,0
16,output_width,input_anchor,0x401f4000,0,0x83e8000000000000,2,0
16,output_width,exact_residual,0x401f4000,0,0x83e8000000000000,2,0
16,output_width,guard1_pack12,0x401f4000,0,0x83e8000000000000,2,0
16,output_width,guard12_pack12,0x401f4000,0,0x83e8000000000000,2,0
16,output_width,source_uncut,0x401f41f0,0,0x83e83e0000000000,2,0
16,output_width,post_sum_pack12,0x401f4000,0,0x83e8000000000000,2,0
16,output_width,signed_floor,0x401f4000,0,0x83e8000000000000,2,0
17,equal_score,fig3,0x40270000,0,0x84e0000000000000,2,0
17,equal_score,tie_b,0x40204000,0,0x8408000000000000,2,1
17,equal_score,legacy7,0x40270000,0,0x84e0000000000000,2,0
17,equal_score,input_anchor,0x40270000,0,0x84e0000000000000,2,0
17,equal_score,exact_residual,0x40270000,0,0x84e0000000000000,2,0
17,equal_score,guard1_pack12,0x40270000,0,0x84e0000000000000,2,0
17,equal_score,guard12_pack12,0x40270000,0,0x84e0000000000000,2,0
17,equal_score,source_uncut,0x4027026c,0,0x84e04d8000000000,2,0
17,equal_score,post_sum_pack12,0x40270000,0,0x84e0000000000000,2,0
17,equal_score,signed_floor,0x40270000,0,0x84e0000000000000,2,0
18,output_width,fig3,0x40270000,0,0x84e0000000000000,2,0
18,output_width,tie_b,0x40204000,0,0x8408000000000000,2,1
18,output_width,legacy7,0x40270000,0,0x84e0000000000000,2,0
18,output_width,input_anchor,0x40270000,0,0x84e0000000000000,2,0
18,output_width,exact_residual,0x40270000,0,0x84e0000000000000,2,0
18,output_width,guard1_pack12,0x40270000,0,0x84e0000000000000,2,0
18,output_width,guard12_pack12,0x40270000,0,0x84e0000000000000,2,0
18,output_width,source_uncut,0x4027026c,0,0x84e04d8000000000,2,0
18,output_width,post_sum_pack12,0x40270000,0,0x84e0000000000000,2,0
18,output_width,signed_floor,0x40270000,0,0x84e0000000000000,2,0
19,equal_score,fig3,0x40270000,0,0x84e0000000000000,2,0
19,equal_score,tie_b,0x40284000,0,0x8508000000000000,3,1
19,equal_score,legacy7,0x40270000,0,0x84e0000000000000,2,0
19,equal_score,input_anchor,0x40270000,0,0x84e0000000000000,2,0
19,equal_score,exact_residual,0x40270000,0,0x84e0000000000000,2,0
19,equal_score,guard1_pack12,0x40270000,0,0x84e0000000000000,2,0
19,equal_score,guard12_pack12,0x40270000,0,0x84e0000000000000,2,0
19,equal_score,source_uncut,0x4027026c,0,0x84e04d8000000000,2,0
19,equal_score,post_sum_pack12,0x40270000,0,0x84e0000000000000,2,0
19,equal_score,signed_floor,0x40270000,0,0x84e0000000000000,2,0
20,output_width,fig3,0x40270000,0,0x84e0000000000000,2,0
20,output_width,tie_b,0x40284000,0,0x8508000000000000,3,1
20,output_width,legacy7,0x40270000,0,0x84e0000000000000,2,0
20,output_width,input_anchor,0x40270000,0,0x84e0000000000000,2,0
20,output_width,exact_residual,0x40270000,0,0x84e0000000000000,2,0
20,output_width,guard1_pack12,0x40270000,0,0x84e0000000000000,2,0
20,output_width,guard12_pack12,0x40270000,0,0x84e0000000000000,2,0
20,output_width,source_uncut,0x4027026c,0,0x84e04d8000000000,2,0
20,output_width,post_sum_pack12,0x40270000,0,0x84e0000000000000,2,0
20,output_width,signed_floor,0x40270000,0,0x84e0000000000000,2,0
21,equal_score,fig3,0x40270000,0,0x84e0000000000000,2,0
21,equal_score,tie_b,0x40274000,0,0x84e8000000000000,4,1
21,equal_score,legacy7,0x40270000,0,0x84e0000000000000,2,0
21,equal_score,input_anchor,0x40270000,0,0x84e0000000000000,2,0
21,equal_score,exact_residual,0x40270000,0,0x84e0000000000000,2,0
21,equal_score,guard1_pack12,0x40270000,0,0x84e0000000000000,2,0
21,equal_score,guard12_pack12,0x40270000,0,0x84e0000000000000,2,0
21,equal_score,source_uncut,0x4027026c,0,0x84e04d8000000000,2,0
21,equal_score,post_sum_pack12,0x40270000,0,0x84e0000000000000,2,0
21,equal_score,signed_floor,0x40270000,0,0x84e0000000000000,2,0
22,output_width,fig3,0x40270000,0,0x84e0000000000000,2,0
22,output_width,tie_b,0x40274000,0,0x84e8000000000000,4,1
22,output_width,legacy7,0x40270000,0,0x84e0000000000000,2,0
22,output_width,input_anchor,0x40270000,0,0x84e0000000000000,2,0
22,output_width,exact_residual,0x40270000,0,0x84e0000000000000,2,0
22,output_width,guard1_pack12,0x40270000,0,0x84e0000000000000,2,0
22,output_width,guard12_pack12,0x40270000,0,0x84e0000000000000,2,0
22,output_width,source_uncut,0x4027026c,0,0x84e04d8000000000,2,0
22,output_width,post_sum_pack12,0x40270000,0,0x84e0000000000000,2,0
22,output_width,signed_floor,0x40270000,0,0x84e0000000000000,2,0
23,output_width,fig3,0x402ec000,0,0x85d8000000000000,2,0
23,output_width,tie_b,0x402ec000,0,0x85d8000000000000,2,0
23,output_width,legacy7,0x402ec000,0,0x85d8000000000000,2,0
23,output_width,input_anchor,0x402ec000,0,0x85d8000000000000,2,0
23,output_width,exact_residual,0x402ec000,0,0x85d8000000000000,2,0
23,output_width,guard1_pack12,0x402ec000,0,0x85d8000000000000,2,0
23,output_width,guard12_pack12,0x402ec000,0,0x85d8000000000000,2,0
23,output_width,source_uncut,0x402ec2e8,0,0x85d85d0000000000,2,0
23,output_width,post_sum_pack12,0x402ec000,0,0x85d8000000000000,2,0
23,output_width,signed_floor,0x402ec000,0,0x85d8000000000000,2,0
24,output_width,fig3,0x402ec000,0,0x85d8000000000000,2,0
24,output_width,tie_b,0x402ec000,0,0x85d8000000000000,2,0
24,output_width,legacy7,0x402ec000,0,0x85d8000000000000,2,0
24,output_width,input_anchor,0x402ec000,0,0x85d8000000000000,2,0
24,output_width,exact_residual,0x402ec000,0,0x85d8000000000000,2,0
24,output_width,guard1_pack12,0x402ec000,0,0x85d8000000000000,2,0
24,output_width,guard12_pack12,0x402ec000,0,0x85d8000000000000,2,0
24,output_width,source_uncut,0x402ec2e8,0,0x85d85d0000000000,2,0
24,output_width,post_sum_pack12,0x402ec000,0,0x85d8000000000000,2,0
24,output_width,signed_floor,0x402ec000,0,0x85d8000000000000,2,0
25,output_width,fig3,0x402ec000,0,0x85d8000000000000,2,0
25,output_width,tie_b,0x402ec000,0,0x85d8000000000000,2,0
25,output_width,legacy7,0x402ec000,0,0x85d8000000000000,2,0
25,output_width,input_anchor,0x402ec000,0,0x85d8000000000000,2,0
25,output_width,exact_residual,0x402ec000,0,0x85d8000000000000,2,0
25,output_width,guard1_pack12,0x402ec000,0,0x85d8000000000000,2,0
25,output_width,guard12_pack12,0x402ec000,0,0x85d8000000000000,2,0
25,output_width,source_uncut,0x402ec2e8,0,0x85d85d0000000000,2,0
25,output_width,post_sum_pack12,0x402ec000,0,0x85d8000000000000,2,0
25,output_width,signed_floor,0x402ec000,0,0x85d8000000000000,2,0
26,output_width,fig3,0x40368000,0,0x86d0000000000000,2,0
26,output_width,tie_b,0x40368000,0,0x86d0000000000000,2,0
26,output_width,legacy7,0x40368000,0,0x86d0000000000000,2,0
26,output_width,input_anchor,0x40368000,0,0x86d0000000000000,2,0
26,output_width,exact_residual,0x40368000,0,0x86d0000000000000,2,0
26,output_width,guard1_pack12,0x40368000,0,0x86d0000000000000,2,0
26,output_width,guard12_pack12,0x40368000,0,0x86d0000000000000,2,0
26,output_width,source_uncut,0x40368364,0,0x86d06c8000000000,2,0
26,output_width,post_sum_pack12,0x40368000,0,0x86d0000000000000,2,0
26,output_width,signed_floor,0x40368000,0,0x86d0000000000000,2,0
27,output_width,fig3,0x40368000,0,0x86d0000000000000,2,0
27,output_width,tie_b,0x40368000,0,0x86d0000000000000,2,0
27,output_width,legacy7,0x40368000,0,0x86d0000000000000,2,0
27,output_width,input_anchor,0x40368000,0,0x86d0000000000000,2,0
27,output_width,exact_residual,0x40368000,0,0x86d0000000000000,2,0
27,output_width,guard1_pack12,0x40368000,0,0x86d0000000000000,2,0
27,output_width,guard12_pack12,0x40368000,0,0x86d0000000000000,2,0
27,output_width,source_uncut,0x40368364,0,0x86d06c8000000000,2,0
27,output_width,post_sum_pack12,0x40368000,0,0x86d0000000000000,2,0
27,output_width,signed_floor,0x40368000,0,0x86d0000000000000,2,0
28,output_width,fig3,0x40368000,0,0x86d0000000000000,2,0
28,output_width,tie_b,0x40368000,0,0x86d0000000000000,2,0
28,output_width,legacy7,0x40368000,0,0x86d0000000000000,2,0
28,output_width,input_anchor,0x40368000,0,0x86d0000000000000,2,0
28,output_width,exact_residual,0x40368000,0,0x86d0000000000000,2,0
28,output_width,guard1_pack12,0x40368000,0,0x86d0000000000000,2,0
28,output_width,guard12_pack12,0x40368000,0,0x86d0000000000000,2,0
28,output_width,source_uncut,0x40368364,0,0x86d06c8000000000,2,0
28,output_width,post_sum_pack12,0x40368000,0,0x86d0000000000000,2,0
28,output_width,signed_floor,0x40368000,0,0x86d0000000000000,2,0
29,output_width,fig3,0x403e4000,0,0x87c8000000000000,2,0
29,output_width,tie_b,0x403e4000,0,0x87c8000000000000,2,0
29,output_width,legacy7,0x403e4000,0,0x87c8000000000000,2,0
29,output_width,input_anchor,0x403e4000,0,0x87c8000000000000,2,0
29,output_width,exact_residual,0x403e4000,0,0x87c8000000000000,2,0
29,output_width,guard1_pack12,0x403e4000,0,0x87c8000000000000,2,0
29,output_width,guard12_pack12,0x403e4000,0,0x87c8000000000000,2,0
29,output_width,source_uncut,0x403e43e0,0,0x87c87c0000000000,2,0
29,output_width,post_sum_pack12,0x403e4000,0,0x87c8000000000000,2,0
29,output_width,signed_floor,0x403e4000,0,0x87c8000000000000,2,0
30,output_width,fig3,0x403e4000,0,0x87c8000000000000,2,0
30,output_width,tie_b,0x403e4000,0,0x87c8000000000000,2,0
30,output_width,legacy7,0x403e4000,0,0x87c8000000000000,2,0
30,output_width,input_anchor,0x403e4000,0,0x87c8000000000000,2,0
30,output_width,exact_residual,0x403e4000,0,0x87c8000000000000,2,0
30,output_width,guard1_pack12,0x403e4000,0,0x87c8000000000000,2,0
30,output_width,guard12_pack12,0x403e4000,0,0x87c8000000000000,2,0
30,output_width,source_uncut,0x403e43e0,0,0x87c87c0000000000,2,0
30,output_width,post_sum_pack12,0x403e4000,0,0x87c8000000000000,2,0
30,output_width,signed_floor,0x403e4000,0,0x87c8000000000000,2,0
31,output_width,fig3,0x403e4000,0,0x87c8000000000000,2,0
31,output_width,tie_b,0x403e4000,0,0x87c8000000000000,2,0
31,output_width,legacy7,0x403e4000,0,0x87c8000000000000,2,0
31,output_width,input_anchor,0x403e4000,0,0x87c8000000000000,2,0
31,output_width,exact_residual,0x403e4000,0,0x87c8000000000000,2,0
31,output_width,guard1_pack12,0x403e4000,0,0x87c8000000000000,2,0
31,output_width,guard12_pack12,0x403e4000,0,0x87c8000000000000,2,0
31,output_width,source_uncut,0x403e43e0,0,0x87c87c0000000000,2,0
31,output_width,post_sum_pack12,0x403e4000,0,0x87c8000000000000,2,0
31,output_width,signed_floor,0x403e4000,0,0x87c8000000000000,2,0
32,equal_score,fig3,0x40460000,0,0x88c0000000000000,2,0
32,equal_score,tie_b,0x40404000,0,0x8808000000000000,2,1
32,equal_score,legacy7,0x40460000,0,0x88c0000000000000,2,0
32,equal_score,input_anchor,0x40460000,0,0x88c0000000000000,2,0
32,equal_score,exact_residual,0x40460000,0,0x88c0000000000000,2,0
32,equal_score,guard1_pack12,0x40460000,0,0x88c0000000000000,2,0
32,equal_score,guard12_pack12,0x40460000,0,0x88c0000000000000,2,0
32,equal_score,source_uncut,0x4046045c,0,0x88c08b8000000000,2,0
32,equal_score,post_sum_pack12,0x40460000,0,0x88c0000000000000,2,0
32,equal_score,signed_floor,0x40460000,0,0x88c0000000000000,2,0
33,output_width,fig3,0x40460000,0,0x88c0000000000000,2,0
33,output_width,tie_b,0x40404000,0,0x8808000000000000,2,1
33,output_width,legacy7,0x40460000,0,0x88c0000000000000,2,0
33,output_width,input_anchor,0x40460000,0,0x88c0000000000000,2,0
33,output_width,exact_residual,0x40460000,0,0x88c0000000000000,2,0
33,output_width,guard1_pack12,0x40460000,0,0x88c0000000000000,2,0
33,output_width,guard12_pack12,0x40460000,0,0x88c0000000000000,2,0
33,output_width,source_uncut,0x4046045c,0,0x88c08b8000000000,2,0
33,output_width,post_sum_pack12,0x40460000,0,0x88c0000000000000,2,0
33,output_width,signed_floor,0x40460000,0,0x88c0000000000000,2,0
34,equal_score,fig3,0x40460000,0,0x88c0000000000000,2,0
34,equal_score,tie_b,0x40444000,0,0x8888000000000000,3,1
34,equal_score,legacy7,0x40460000,0,0x88c0000000000000,2,0
34,equal_score,input_anchor,0x40460000,0,0x88c0000000000000,2,0
34,equal_score,exact_residual,0x40460000,0,0x88c0000000000000,2,0
34,equal_score,guard1_pack12,0x40460000,0,0x88c0000000000000,2,0
34,equal_score,guard12_pack12,0x40460000,0,0x88c0000000000000,2,0
34,equal_score,source_uncut,0x4046045c,0,0x88c08b8000000000,2,0
34,equal_score,post_sum_pack12,0x40460000,0,0x88c0000000000000,2,0
34,equal_score,signed_floor,0x40460000,0,0x88c0000000000000,2,0
35,output_width,fig3,0x40460000,0,0x88c0000000000000,2,0
35,output_width,tie_b,0x40444000,0,0x8888000000000000,3,1
35,output_width,legacy7,0x40460000,0,0x88c0000000000000,2,0
35,output_width,input_anchor,0x40460000,0,0x88c0000000000000,2,0
35,output_width,exact_residual,0x40460000,0,0x88c0000000000000,2,0
35,output_width,guard1_pack12,0x40460000,0,0x88c0000000000000,2,0
35,output_width,guard12_pack12,0x40460000,0,0x88c0000000000000,2,0
35,output_width,source_uncut,0x4046045c,0,0x88c08b8000000000,2,0
35,output_width,post_sum_pack12,0x40460000,0,0x88c0000000000000,2,0
35,output_width,signed_floor,0x40460000,0,0x88c0000000000000,2,0
36,equal_score,fig3,0x40460000,0,0x88c0000000000000,2,0
36,equal_score,tie_b,0x40464000,0,0x88c8000000000000,4,1
36,equal_score,legacy7,0x40460000,0,0x88c0000000000000,2,0
36,equal_score,input_anchor,0x40460000,0,0x88c0000000000000,2,0
36,equal_score,exact_residual,0x40460000,0,0x88c0000000000000,2,0
36,equal_score,guard1_pack12,0x40460000,0,0x88c0000000000000,2,0
36,equal_score,guard12_pack12,0x40460000,0,0x88c0000000000000,2,0
36,equal_score,source_uncut,0x4046045c,0,0x88c08b8000000000,2,0
36,equal_score,post_sum_pack12,0x40460000,0,0x88c0000000000000,2,0
36,equal_score,signed_floor,0x40460000,0,0x88c0000000000000,2,0
37,output_width,fig3,0x40460000,0,0x88c0000000000000,2,0
37,output_width,tie_b,0x40464000,0,0x88c8000000000000,4,1
37,output_width,legacy7,0x40460000,0,0x88c0000000000000,2,0
37,output_width,input_anchor,0x40460000,0,0x88c0000000000000,2,0
37,output_width,exact_residual,0x40460000,0,0x88c0000000000000,2,0
37,output_width,guard1_pack12,0x40460000,0,0x88c0000000000000,2,0
37,output_width,guard12_pack12,0x40460000,0,0x88c0000000000000,2,0
37,output_width,source_uncut,0x4046045c,0,0x88c08b8000000000,2,0
37,output_width,post_sum_pack12,0x40460000,0,0x88c0000000000000,2,0
37,output_width,signed_floor,0x40460000,0,0x88c0000000000000,2,0
38,output_width,fig3,0x404dc000,0,0x89b8000000000000,2,0
38,output_width,tie_b,0x404dc000,0,0x89b8000000000000,2,0
38,output_width,legacy7,0x404dc000,0,0x89b8000000000000,2,0
38,output_width,input_anchor,0x404dc000,0,0x89b8000000000000,2,0
38,output_width,exact_residual,0x404dc000,0,0x89b8000000000000,2,0
38,output_width,guard1_pack12,0x404dc000,0,0x89b8000000000000,2,0
38,output_width,guard12_pack12,0x404dc000,0,0x89b8000000000000,2,0
38,output_width,source_uncut,0x404dc4d8,0,0x89b89b0000000000,2,0
38,output_width,post_sum_pack12,0x404dc000,0,0x89b8000000000000,2,0
38,output_width,signed_floor,0x404dc000,0,0x89b8000000000000,2,0
39,output_width,fig3,0x404dc000,0,0x89b8000000000000,2,0
39,output_width,tie_b,0x404dc000,0,0x89b8000000000000,2,0
39,output_width,legacy7,0x404dc000,0,0x89b8000000000000,2,0
39,output_width,input_anchor,0x404dc000,0,0x89b8000000000000,2,0
39,output_width,exact_residual,0x404dc000,0,0x89b8000000000000,2,0
39,output_width,guard1_pack12,0x404dc000,0,0x89b8000000000000,2,0
39,output_width,guard12_pack12,0x404dc000,0,0x89b8000000000000,2,0
39,output_width,source_uncut,0x404dc4d8,0,0x89b89b0000000000,2,0
39,output_width,post_sum_pack12,0x404dc000,0,0x89b8000000000000,2,0
39,output_width,signed_floor,0x404dc000,0,0x89b8000000000000,2,0
40,output_width,fig3,0x404dc000,0,0x89b8000000000000,2,0
40,output_width,tie_b,0x404dc000,0,0x89b8000000000000,2,0
40,output_width,legacy7,0x404dc000,0,0x89b8000000000000,2,0
40,output_width,input_anchor,0x404dc000,0,0x89b8000000000000,2,0
40,output_width,exact_residual,0x404dc000,0,0x89b8000000000000,2,0
40,output_width,guard1_pack12,0x404dc000,0,0x89b8000000000000,2,0
40,output_width,guard12_pack12,0x404dc000,0,0x89b8000000000000,2,0
40,output_width,source_uncut,0x404dc4d8,0,0x89b89b0000000000,2,0
40,output_width,post_sum_pack12,0x404dc000,0,0x89b8000000000000,2,0
40,output_width,signed_floor,0x404dc000,0,0x89b8000000000000,2,0
41,output_width,fig3,0x40558000,0,0x8ab0000000000000,2,0
41,output_width,tie_b,0x40558000,0,0x8ab0000000000000,2,0
41,output_width,legacy7,0x40558000,0,0x8ab0000000000000,2,0
41,output_width,input_anchor,0x40558000,0,0x8ab0000000000000,2,0
41,output_width,exact_residual,0x40558000,0,0x8ab0000000000000,2,0
41,output_width,guard1_pack12,0x40558000,0,0x8ab0000000000000,2,0
41,output_width,guard12_pack12,0x40558000,0,0x8ab0000000000000,2,0
41,output_width,source_uncut,0x40558554,0,0x8ab0aa8000000000,2,0
41,output_width,post_sum_pack12,0x40558000,0,0x8ab0000000000000,2,0
41,output_width,signed_floor,0x40558000,0,0x8ab0000000000000,2,0
42,output_width,fig3,0x40558000,0,0x8ab0000000000000,2,0
42,output_width,tie_b,0x40558000,0,0x8ab0000000000000,2,0
42,output_width,legacy7,0x40558000,0,0x8ab0000000000000,2,0
42,output_width,input_anchor,0x40558000,0,0x8ab0000000000000,2,0
42,output_width,exact_residual,0x40558000,0,0x8ab0000000000000,2,0
42,output_width,guard1_pack12,0x40558000,0,0x8ab0000000000000,2,0
42,output_width,guard12_pack12,0x40558000,0,0x8ab0000000000000,2,0
42,output_width,source_uncut,0x40558554,0,0x8ab0aa8000000000,2,0
42,output_width,post_sum_pack12,0x40558000,0,0x8ab0000000000000,2,0
42,output_width,signed_floor,0x40558000,0,0x8ab0000000000000,2,0
43,equal_score,fig3,0x40840000,0,0x9080000000000000,2,0
43,equal_score,tie_b,0x40804000,0,0x9008000000000000,2,1
43,equal_score,legacy7,0x40840000,0,0x9080000000000000,2,0
43,equal_score,input_anchor,0x40840000,0,0x9080000000000000,2,0
43,equal_score,exact_residual,0x40840000,0,0x9080000000000000,2,0
43,equal_score,guard1_pack12,0x40840000,0,0x9080000000000000,2,0
43,equal_score,guard12_pack12,0x40840000,0,0x9080000000000000,2,0
43,equal_score,source_uncut,0x4084083c,0,0x9081078000000000,2,0
43,equal_score,post_sum_pack12,0x40840000,0,0x9080000000000000,2,0
43,equal_score,signed_floor,0x40840000,0,0x9080000000000000,2,0
44,equal_score,fig3,0x40840000,0,0x9080000000000000,2,0
44,equal_score,tie_b,0x40844000,0,0x9088000000000000,3,1
44,equal_score,legacy7,0x40840000,0,0x9080000000000000,2,0
44,equal_score,input_anchor,0x40840000,0,0x9080000000000000,2,0
44,equal_score,exact_residual,0x40840000,0,0x9080000000000000,2,0
44,equal_score,guard1_pack12,0x40840000,0,0x9080000000000000,2,0
44,equal_score,guard12_pack12,0x40840000,0,0x9080000000000000,2,0
44,equal_score,source_uncut,0x4084083c,0,0x9081078000000000,2,0
44,equal_score,post_sum_pack12,0x40840000,0,0x9080000000000000,2,0
44,equal_score,signed_floor,0x40840000,0,0x9080000000000000,2,0
45,equal_score,fig3,0x4107c000,0,0xa0f8000000000000,2,0
45,equal_score,tie_b,0x41004000,0,0xa008000000000000,2,1
45,equal_score,legacy7,0x4107c000,0,0xa0f8000000000000,2,0
45,equal_score,input_anchor,0x4107c000,0,0xa0f8000000000000,2,0
45,equal_score,exact_residual,0x4107c000,0,0xa0f8000000000000,2,0
45,equal_score,guard1_pack12,0x4107c000,0,0xa0f8000000000000,2,0
45,equal_score,guard12_pack12,0x4107c000,0,0xa0f8000000000000,2,0
45,equal_score,source_uncut,0x4107d078,0,0xa0fa0f0000000000,2,0
45,equal_score,post_sum_pack12,0x4107c000,0,0xa0f8000000000000,2,0
45,equal_score,signed_floor,0x4107c000,0,0xa0f8000000000000,2,0
46,equal_score,fig3,0x4107c000,0,0xa0f8000000000000,2,0
46,equal_score,tie_b,0x41084000,0,0xa108000000000000,3,1
46,equal_score,legacy7,0x4107c000,0,0xa0f8000000000000,2,0
46,equal_score,input_anchor,0x4107c000,0,0xa0f8000000000000,2,0
46,equal_score,exact_residual,0x4107c000,0,0xa0f8000000000000,2,0
46,equal_score,guard1_pack12,0x4107c000,0,0xa0f8000000000000,2,0
46,equal_score,guard12_pack12,0x4107c000,0,0xa0f8000000000000,2,0
46,equal_score,source_uncut,0x4107d078,0,0xa0fa0f0000000000,2,0
46,equal_score,post_sum_pack12,0x4107c000,0,0xa0f8000000000000,2,0
46,equal_score,signed_floor,0x4107c000,0,0xa0f8000000000000,2,0
47,equal_score,fig3,0x42078000,0,0xc0f0000000000000,2,0
47,equal_score,tie_b,0x42008000,0,0xc010000000000000,2,1
47,equal_score,legacy7,0x42078000,0,0xc0f0000000000000,2,0
47,equal_score,input_anchor,0x42078000,0,0xc0f0000000000000,2,0
47,equal_score,exact_residual,0x42078000,0,0xc0f0000000000000,2,0
47,equal_score,guard1_pack12,0x42078000,0,0xc0f0000000000000,2,0
47,equal_score,guard12_pack12,0x42078000,0,0xc0f0000000000000,2,0
47,equal_score,source_uncut,0x4207a074,0,0xc0f40e8000000000,2,0
47,equal_score,post_sum_pack12,0x42078000,0,0xc0f0000000000000,2,0
47,equal_score,signed_floor,0x42078000,0,0xc0f0000000000000,2,0
48,equal_score,fig3,0x42078000,0,0xc0f0000000000000,2,0
48,equal_score,tie_b,0x42088000,0,0xc110000000000000,3,1
48,equal_score,legacy7,0x42078000,0,0xc0f0000000000000,2,0
48,equal_score,input_anchor,0x42078000,0,0xc0f0000000000000,2,0
48,equal_score,exact_residual,0x42078000,0,0xc0f0000000000000,2,0
48,equal_score,guard1_pack12,0x42078000,0,0xc0f0000000000000,2,0
48,equal_score,guard12_pack12,0x42078000,0,0xc0f0000000000000,2,0
48,equal_score,source_uncut,0x4207a074,0,0xc0f40e8000000000,2,0
48,equal_score,post_sum_pack12,0x42078000,0,0xc0f0000000000000,2,0
48,equal_score,signed_floor,0x42078000,0,0xc0f0000000000000,2,0
49,equal_score,fig3,0x42078000,0,0xc0f0000000000000,2,0
49,equal_score,tie_b,0x42080000,0,0xc100000000000000,4,1
49,equal_score,legacy7,0x42078000,0,0xc0f0000000000000,2,0
49,equal_score,input_anchor,0x42078000,0,0xc0f0000000000000,2,0
49,equal_score,exact_residual,0x42078000,0,0xc0f0000000000000,2,0
49,equal_score,guard1_pack12,0x42078000,0,0xc0f0000000000000,2,0
49,equal_score,guard12_pack12,0x42078000,0,0xc0f0000000000000,2,0
49,equal_score,source_uncut,0x4207a074,0,0xc0f40e8000000000,2,0
49,equal_score,post_sum_pack12,0x42078000,0,0xc0f0000000000000,2,0
49,equal_score,signed_floor,0x42078000,0,0xc0f0000000000000,2,0
50,equal_score,fig3,0x43074000,0,0xe0e8000000000000,2,0
50,equal_score,tie_b,0x43008000,0,0xe010000000000000,2,1
50,equal_score,legacy7,0x43074000,0,0xe0e8000000000000,2,0
50,equal_score,input_anchor,0x43074000,0,0xe0e8000000000000,2,0
50,equal_score,exact_residual,0x43074000,0,0xe0e8000000000000,2,0
50,equal_score,guard1_pack12,0x43074000,0,0xe0e8000000000000,2,0
50,equal_score,guard12_pack12,0x43074000,0,0xe0e8000000000000,2,0
50,equal_score,source_uncut,0x43077070,0,0xe0ee0e0000000000,2,0
50,equal_score,post_sum_pack12,0x43074000,0,0xe0e8000000000000,2,0
50,equal_score,signed_floor,0x43074000,0,0xe0e8000000000000,2,0
51,equal_score,fig3,0x43074000,0,0xe0e8000000000000,2,0
51,equal_score,tie_b,0x43088000,0,0xe110000000000000,3,1
51,equal_score,legacy7,0x43074000,0,0xe0e8000000000000,2,0
51,equal_score,input_anchor,0x43074000,0,0xe0e8000000000000,2,0
51,equal_score,exact_residual,0x43074000,0,0xe0e8000000000000,2,0
51,equal_score,guard1_pack12,0x43074000,0,0xe0e8000000000000,2,0
51,equal_score,guard12_pack12,0x43074000,0,0xe0e8000000000000,2,0
51,equal_score,source_uncut,0x43077070,0,0xe0ee0e0000000000,2,0
51,equal_score,post_sum_pack12,0x43074000,0,0xe0e8000000000000,2,0
51,equal_score,signed_floor,0x43074000,0,0xe0e8000000000000,2,0
52,equal_score,fig3,0x43074000,0,0xe0e8000000000000,2,0
52,equal_score,tie_b,0x43078000,0,0xe0f0000000000000,4,1
52,equal_score,legacy7,0x43074000,0,0xe0e8000000000000,2,0
52,equal_score,input_anchor,0x43074000,0,0xe0e8000000000000,2,0
52,equal_score,exact_residual,0x43074000,0,0xe0e8000000000000,2,0
52,equal_score,guard1_pack12,0x43074000,0,0xe0e8000000000000,2,0
52,equal_score,guard12_pack12,0x43074000,0,0xe0e8000000000000,2,0
52,equal_score,source_uncut,0x43077070,0,0xe0ee0e0000000000,2,0
52,equal_score,post_sum_pack12,0x43074000,0,0xe0e8000000000000,2,0
52,equal_score,signed_floor,0x43074000,0,0xe0e8000000000000,2,0
53,equal_score,fig3,0x43834000,0,0xf068000000000000,2,0
53,equal_score,tie_b,0x43808000,0,0xf010000000000000,2,1
53,equal_score,legacy7,0x43834000,0,0xf068000000000000,2,0
53,equal_score,input_anchor,0x43834000,0,0xf068000000000000,2,0
53,equal_score,exact_residual,0x43834000,0,0xf068000000000000,2,0
53,equal_score,guard1_pack12,0x43834000,0,0xf068000000000000,2,0
53,equal_score,guard12_pack12,0x43834000,0,0xf068000000000000,2,0
53,equal_score,source_uncut,0x43837830,0,0xf06f060000000000,2,0
53,equal_score,post_sum_pack12,0x43834000,0,0xf068000000000000,2,0
53,equal_score,signed_floor,0x43834000,0,0xf068000000000000,2,0
54,equal_score,fig3,0x43834000,0,0xf068000000000000,2,0
54,equal_score,tie_b,0x43848000,0,0xf090000000000000,3,1
54,equal_score,legacy7,0x43834000,0,0xf068000000000000,2,0
54,equal_score,input_anchor,0x43834000,0,0xf068000000000000,2,0
54,equal_score,exact_residual,0x43834000,0,0xf068000000000000,2,0
54,equal_score,guard1_pack12,0x43834000,0,0xf068000000000000,2,0
54,equal_score,guard12_pack12,0x43834000,0,0xf068000000000000,2,0
54,equal_score,source_uncut,0x43837830,0,0xf06f060000000000,2,0
54,equal_score,post_sum_pack12,0x43834000,0,0xf068000000000000,2,0
54,equal_score,signed_floor,0x43834000,0,0xf068000000000000,2,0
55,equal_score,fig3,0x43834000,0,0xf068000000000000,2,0
55,equal_score,tie_b,0x43838000,0,0xf070000000000000,4,1
55,equal_score,legacy7,0x43834000,0,0xf068000000000000,2,0
55,equal_score,input_anchor,0x43834000,0,0xf068000000000000,2,0
55,equal_score,exact_residual,0x43834000,0,0xf068000000000000,2,0
55,equal_score,guard1_pack12,0x43834000,0,0xf068000000000000,2,0
55,equal_score,guard12_pack12,0x43834000,0,0xf068000000000000,2,0
55,equal_score,source_uncut,0x43837830,0,0xf06f060000000000,2,0
55,equal_score,post_sum_pack12,0x43834000,0,0xf068000000000000,2,0
55,equal_score,signed_floor,0x43834000,0,0xf068000000000000,2,0
56,equal_score,fig3,0x43c14000,0,0xf828000000000000,2,0
56,equal_score,tie_b,0x43c08000,0,0xf810000000000000,2,1
56,equal_score,legacy7,0x43c14000,0,0xf828000000000000,2,0
56,equal_score,input_anchor,0x43c14000,0,0xf828000000000000,2,0
56,equal_score,exact_residual,0x43c14000,0,0xf828000000000000,2,0
56,equal_score,guard1_pack12,0x43c14000,0,0xf828000000000000,2,0
56,equal_score,guard12_pack12,0x43c14000,0,0xf828000000000000,2,0
56,equal_score,source_uncut,0x43c17c10,0,0xf82f820000000000,2,0
56,equal_score,post_sum_pack12,0x43c14000,0,0xf828000000000000,2,0
56,equal_score,signed_floor,0x43c14000,0,0xf828000000000000,2,0
57,equal_score,fig3,0x43c14000,0,0xf828000000000000,2,0
57,equal_score,tie_b,0x43c18000,0,0xf830000000000000,3,1
57,equal_score,legacy7,0x43c14000,0,0xf828000000000000,2,0
57,equal_score,input_anchor,0x43c14000,0,0xf828000000000000,2,0
57,equal_score,exact_residual,0x43c14000,0,0xf828000000000000,2,0
57,equal_score,guard1_pack12,0x43c14000,0,0xf828000000000000,2,0
57,equal_score,guard12_pack12,0x43c14000,0,0xf828000000000000,2,0
57,equal_score,source_uncut,0x43c17c10,0,0xf82f820000000000,2,0
57,equal_score,post_sum_pack12,0x43c14000,0,0xf828000000000000,2,0
57,equal_score,signed_floor,0x43c14000,0,0xf828000000000000,2,0
58,equal_score,fig3,0x43c14000,0,0xf828000000000000,2,0
58,equal_score,tie_b,0x43c18000,0,0xf830000000000000,4,1
58,equal_score,legacy7,0x43c14000,0,0xf828000000000000,2,0
58,equal_score,input_anchor,0x43c14000,0,0xf828000000000000,2,0
58,equal_score,exact_residual,0x43c14000,0,0xf828000000000000,2,0
58,equal_score,guard1_pack12,0x43c14000,0,0xf828000000000000,2,0
58,equal_score,guard12_pack12,0x43c14000,0,0xf828000000000000,2,0
58,equal_score,source_uncut,0x43c17c10,0,0xf82f820000000000,2,0
58,equal_score,post_sum_pack12,0x43c14000,0,0xf828000000000000,2,0
58,equal_score,signed_floor,0x43c14000,0,0xf828000000000000,2,0
59,equal_score,fig3,0x43e04000,0,0xfc08000000000000,2,0
59,equal_score,tie_b,0x43e08000,0,0xfc10000000000000,2,1
59,equal_score,legacy7,0x43e04000,0,0xfc08000000000000,2,0
59,equal_score,input_anchor,0x43e04000,0,0xfc08000000000000,2,0
59,equal_score,exact_residual,0x43e04000,0,0xfc08000000000000,2,0
59,equal_score,guard1_pack12,0x43e04000,0,0xfc08000000000000,2,0
59,equal_score,guard12_pack12,0x43e04000,0,0xfc08000000000000,2,0
59,equal_score,source_uncut,0x43e07e00,0,0xfc0fc00000000000,2,0
59,equal_score,post_sum_pack12,0x43e04000,0,0xfc08000000000000,2,0
59,equal_score,signed_floor,0x43e04000,0,0xfc08000000000000,2,0
60,equal_score,fig3,0x43e04000,0,0xfc08000000000000,2,0
60,equal_score,tie_b,0x43e08000,0,0xfc10000000000000,3,1
60,equal_score,legacy7,0x43e04000,0,0xfc08000000000000,2,0
60,equal_score,input_anchor,0x43e04000,0,0xfc08000000000000,2,0
60,equal_score,exact_residual,0x43e04000,0,0xfc08000000000000,2,0
60,equal_score,guard1_pack12,0x43e04000,0,0xfc08000000000000,2,0
60,equal_score,guard12_pack12,0x43e04000,0,0xfc08000000000000,2,0
60,equal_score,source_uncut,0x43e07e00,0,0xfc0fc00000000000,2,0
60,equal_score,post_sum_pack12,0x43e04000,0,0xfc08000000000000,2,0
60,equal_score,signed_floor,0x43e04000,0,0xfc08000000000000,2,0
61,equal_score,fig3,0x43e04000,0,0xfc08000000000000,2,0
61,equal_score,tie_b,0x43e08000,0,0xfc10000000000000,4,1
61,equal_score,legacy7,0x43e04000,0,0xfc08000000000000,2,0
61,equal_score,input_anchor,0x43e04000,0,0xfc08000000000000,2,0
61,equal_score,exact_residual,0x43e04000,0,0xfc08000000000000,2,0
61,equal_score,guard1_pack12,0x43e04000,0,0xfc08000000000000,2,0
61,equal_score,guard12_pack12,0x43e04000,0,0xfc08000000000000,2,0
61,equal_score,source_uncut,0x43e07e00,0,0xfc0fc00000000000,2,0
61,equal_score,post_sum_pack12,0x43e04000,0,0xfc08000000000000,2,0
61,equal_score,signed_floor,0x43e04000,0,0xfc08000000000000,2,0
62,equal_score,fig3,0x43e80000,0,0xfd00000000000000,2,0
62,equal_score,tie_b,0x43e08000,0,0xfc10000000000000,2,1
62,equal_score,legacy7,0x43e80000,0,0xfd00000000000000,2,0
62,equal_score,input_anchor,0x43e80000,0,0xfd00000000000000,2,0
62,equal_score,exact_residual,0x43e80000,0,0xfd00000000000000,2,0
62,equal_score,guard1_pack12,0x43e80000,0,0xfd00000000000000,2,0
62,equal_score,guard12_pack12,0x43e80000,0,0xfd00000000000000,2,0
62,equal_score,source_uncut,0x43e83e7c,0,0xfd07cf8000000000,2,0
62,equal_score,post_sum_pack12,0x43e80000,0,0xfd00000000000000,2,0
62,equal_score,signed_floor,0x43e80000,0,0xfd00000000000000,2,0
63,equal_score,fig3,0x43e80000,0,0xfd00000000000000,2,0
63,equal_score,tie_b,0x43e88000,0,0xfd10000000000000,3,1
63,equal_score,legacy7,0x43e80000,0,0xfd00000000000000,2,0
63,equal_score,input_anchor,0x43e80000,0,0xfd00000000000000,2,0
63,equal_score,exact_residual,0x43e80000,0,0xfd00000000000000,2,0
63,equal_score,guard1_pack12,0x43e80000,0,0xfd00000000000000,2,0
63,equal_score,guard12_pack12,0x43e80000,0,0xfd00000000000000,2,0
63,equal_score,source_uncut,0x43e83e7c,0,0xfd07cf8000000000,2,0
63,equal_score,post_sum_pack12,0x43e80000,0,0xfd00000000000000,2,0
63,equal_score,signed_floor,0x43e80000,0,0xfd00000000000000,2,0
64,signed_cut,fig3,0x420b4000,0,0xc168000000000000,3,1
64,signed_cut,tie_b,0x420b4000,0,0xc168000000000000,3,1
64,signed_cut,legacy7,0x420b4000,0,0xc168000000000000,3,1
64,signed_cut,input_anchor,0x420b4000,0,0xc168000000000000,3,1
64,signed_cut,exact_residual,0x420b4000,0,0xc168000000000000,3,1
64,signed_cut,guard1_pack12,0x420b4000,0,0xc168000000000000,3,1
64,signed_cut,guard12_pack12,0x420b4000,0,0xc168000000000000,3,1
64,signed_cut,source_uncut,0x420b5f84,0,0xc16bf08000000000,3,1
64,signed_cut,post_sum_pack12,0x420b4000,0,0xc168000000000000,3,1
64,signed_cut,signed_floor,0x420b0000,0,0xc160000000000000,3,1
65,signed_cut,fig3,0x420b4000,0,0xc168000000000000,4,1
65,signed_cut,tie_b,0x420b4000,0,0xc168000000000000,4,1
65,signed_cut,legacy7,0x420b4000,0,0xc168000000000000,4,1
65,signed_cut,input_anchor,0x420b4000,0,0xc168000000000000,4,1
65,signed_cut,exact_residual,0x420b4000,0,0xc168000000000000,3,1
65,signed_cut,guard1_pack12,0x420b4000,0,0xc168000000000000,4,1
65,signed_cut,guard12_pack12,0x420b4000,0,0xc168000000000000,4,1
65,signed_cut,source_uncut,0x420b5fe0,0,0xc16bfc0000000000,4,1
65,signed_cut,post_sum_pack12,0x420b4000,0,0xc168000000000000,4,1
65,signed_cut,signed_floor,0x420b0000,0,0xc160000000000000,4,1
66,term_cut,fig3,0x42170000,0,0xc2e0000000000000,3,1
66,term_cut,tie_b,0x42170000,0,0xc2e0000000000000,3,1
66,term_cut,legacy7,0x42170000,0,0xc2e0000000000000,3,1
66,term_cut,input_anchor,0x42170000,0,0xc2e0000000000000,3,1
66,term_cut,exact_residual,0x42170000,0,0xc2e0000000000000,3,1
66,term_cut,guard1_pack12,0x42170000,0,0xc2e0000000000000,3,1
66,term_cut,guard12_pack12,0x4216c000,0,0xc2d8000000000000,3,1
66,term_cut,source_uncut,0x4216ff08,0,0xc2dfe10000000000,3,1
66,term_cut,post_sum_pack12,0x4216c000,0,0xc2d8000000000000,3,1
66,term_cut,signed_floor,0x4216c000,0,0xc2d8000000000000,3,1
67,guard_depth,fig3,0x42170000,0,0xc2e0000000000000,3,1
67,guard_depth,tie_b,0x42170000,0,0xc2e0000000000000,3,1
67,guard_depth,legacy7,0x42170000,0,0xc2e0000000000000,3,1
67,guard_depth,input_anchor,0x42170000,0,0xc2e0000000000000,3,1
67,guard_depth,exact_residual,0x42170000,0,0xc2e0000000000000,3,1
67,guard_depth,guard1_pack12,0x42170000,0,0xc2e0000000000000,3,1
67,guard_depth,guard12_pack12,0x4216c000,0,0xc2d8000000000000,3,1
67,guard_depth,source_uncut,0x4216ff08,0,0xc2dfe10000000000,3,1
67,guard_depth,post_sum_pack12,0x4216c000,0,0xc2d8000000000000,3,1
67,guard_depth,signed_floor,0x4216c000,0,0xc2d8000000000000,3,1
68,post_sum_cut,fig3,0x42170000,0,0xc2e0000000000000,3,1
68,post_sum_cut,tie_b,0x42170000,0,0xc2e0000000000000,3,1
68,post_sum_cut,legacy7,0x42170000,0,0xc2e0000000000000,3,1
68,post_sum_cut,input_anchor,0x42170000,0,0xc2e0000000000000,3,1
68,post_sum_cut,exact_residual,0x42170000,0,0xc2e0000000000000,3,1
68,post_sum_cut,guard1_pack12,0x42170000,0,0xc2e0000000000000,3,1
68,post_sum_cut,guard12_pack12,0x4216c000,0,0xc2d8000000000000,3,1
68,post_sum_cut,source_uncut,0x4216ff08,0,0xc2dfe10000000000,3,1
68,post_sum_cut,post_sum_pack12,0x4216c000,0,0xc2d8000000000000,3,1
68,post_sum_cut,signed_floor,0x4216c000,0,0xc2d8000000000000,3,1
69,signed_cut,fig3,0x42170000,0,0xc2e0000000000000,3,1
69,signed_cut,tie_b,0x42170000,0,0xc2e0000000000000,3,1
69,signed_cut,legacy7,0x42170000,0,0xc2e0000000000000,3,1
69,signed_cut,input_anchor,0x42170000,0,0xc2e0000000000000,3,1
69,signed_cut,exact_residual,0x42170000,0,0xc2e0000000000000,3,1
69,signed_cut,guard1_pack12,0x42170000,0,0xc2e0000000000000,3,1
69,signed_cut,guard12_pack12,0x4216c000,0,0xc2d8000000000000,3,1
69,signed_cut,source_uncut,0x4216ff08,0,0xc2dfe10000000000,3,1
69,signed_cut,post_sum_pack12,0x4216c000,0,0xc2d8000000000000,3,1
69,signed_cut,signed_floor,0x4216c000,0,0xc2d8000000000000,3,1
70,term_cut,fig3,0x42170000,0,0xc2e0000000000000,4,1
70,term_cut,tie_b,0x42170000,0,0xc2e0000000000000,4,1
70,term_cut,legacy7,0x42170000,0,0xc2e0000000000000,4,1
70,term_cut,input_anchor,0x42170000,0,0xc2e0000000000000,4,1
70,term_cut,exact_residual,0x42170000,0,0xc2e0000000000000,3,1
70,term_cut,guard1_pack12,0x42170000,0,0xc2e0000000000000,4,1
70,term_cut,guard12_pack12,0x4216c000,0,0xc2d8000000000000,4,1
70,term_cut,source_uncut,0x4216ffc4,0,0xc2dff88000000000,4,1
70,term_cut,post_sum_pack12,0x4216c000,0,0xc2d8000000000000,4,1
70,term_cut,signed_floor,0x4216c000,0,0xc2d8000000000000,4,1
71,guard_depth,fig3,0x42170000,0,0xc2e0000000000000,4,1
71,guard_depth,tie_b,0x42170000,0,0xc2e0000000000000,4,1
71,guard_depth,legacy7,0x42170000,0,0xc2e0000000000000,4,1
71,guard_depth,input_anchor,0x42170000,0,0xc2e0000000000000,4,1
71,guard_depth,exact_residual,0x42170000,0,0xc2e0000000000000,3,1
71,guard_depth,guard1_pack12,0x42170000,0,0xc2e0000000000000,4,1
71,guard_depth,guard12_pack12,0x4216c000,0,0xc2d8000000000000,4,1
71,guard_depth,source_uncut,0x4216ffc4,0,0xc2dff88000000000,4,1
71,guard_depth,post_sum_pack12,0x4216c000,0,0xc2d8000000000000,4,1
71,guard_depth,signed_floor,0x4216c000,0,0xc2d8000000000000,4,1
72,post_sum_cut,fig3,0x42170000,0,0xc2e0000000000000,4,1
72,post_sum_cut,tie_b,0x42170000,0,0xc2e0000000000000,4,1
72,post_sum_cut,legacy7,0x42170000,0,0xc2e0000000000000,4,1
72,post_sum_cut,input_anchor,0x42170000,0,0xc2e0000000000000,4,1
72,post_sum_cut,exact_residual,0x42170000,0,0xc2e0000000000000,3,1
72,post_sum_cut,guard1_pack12,0x42170000,0,0xc2e0000000000000,4,1
72,post_sum_cut,guard12_pack12,0x4216c000,0,0xc2d8000000000000,4,1
72,post_sum_cut,source_uncut,0x4216ffc4,0,0xc2dff88000000000,4,1
72,post_sum_cut,post_sum_pack12,0x4216c000,0,0xc2d8000000000000,4,1
72,post_sum_cut,signed_floor,0x4216c000,0,0xc2d8000000000000,4,1
73,signed_cut,fig3,0x42170000,0,0xc2e0000000000000,4,1
73,signed_cut,tie_b,0x42170000,0,0xc2e0000000000000,4,1
73,signed_cut,legacy7,0x42170000,0,0xc2e0000000000000,4,1
73,signed_cut,input_anchor,0x42170000,0,0xc2e0000000000000,4,1
73,signed_cut,exact_residual,0x42170000,0,0xc2e0000000000000,3,1
73,signed_cut,guard1_pack12,0x42170000,0,0xc2e0000000000000,4,1
73,signed_cut,guard12_pack12,0x4216c000,0,0xc2d8000000000000,4,1
73,signed_cut,source_uncut,0x4216ffc4,0,0xc2dff88000000000,4,1
73,signed_cut,post_sum_pack12,0x4216c000,0,0xc2d8000000000000,4,1
73,signed_cut,signed_floor,0x4216c000,0,0xc2d8000000000000,4,1
74,term_cut,fig3,0x42234000,0,0xc468000000000000,3,1
74,term_cut,tie_b,0x42234000,0,0xc468000000000000,3,1
74,term_cut,legacy7,0x42234000,0,0xc468000000000000,3,1
74,term_cut,input_anchor,0x42234000,0,0xc468000000000000,3,1
74,term_cut,exact_residual,0x42234000,0,0xc468000000000000,3,1
74,term_cut,guard1_pack12,0x42238000,0,0xc470000000000000,3,1
74,term_cut,guard12_pack12,0x42238000,0,0xc470000000000000,3,1
74,term_cut,source_uncut,0x4223be80,0,0xc477d00000000000,3,1
74,term_cut,post_sum_pack12,0x42238000,0,0xc470000000000000,3,1
74,term_cut,signed_floor,0x42234000,0,0xc468000000000000,3,1
75,post_sum_cut,fig3,0x42234000,0,0xc468000000000000,3,1
75,post_sum_cut,tie_b,0x42234000,0,0xc468000000000000,3,1
75,post_sum_cut,legacy7,0x42234000,0,0xc468000000000000,3,1
75,post_sum_cut,input_anchor,0x42234000,0,0xc468000000000000,3,1
75,post_sum_cut,exact_residual,0x42234000,0,0xc468000000000000,3,1
75,post_sum_cut,guard1_pack12,0x42238000,0,0xc470000000000000,3,1
75,post_sum_cut,guard12_pack12,0x42238000,0,0xc470000000000000,3,1
75,post_sum_cut,source_uncut,0x4223be80,0,0xc477d00000000000,3,1
75,post_sum_cut,post_sum_pack12,0x42238000,0,0xc470000000000000,3,1
75,post_sum_cut,signed_floor,0x42234000,0,0xc468000000000000,3,1
76,rnd_boundary,fig3,0x4222c000,0,0xc458000000000000,4,1
76,rnd_boundary,tie_b,0x4222c000,0,0xc458000000000000,4,1
76,rnd_boundary,legacy7,0x4222c000,0,0xc458000000000000,4,1
76,rnd_boundary,input_anchor,0x4222c000,0,0xc458000000000000,4,1
76,rnd_boundary,exact_residual,0x42220000,0,0xc440000000000000,4,1
76,rnd_boundary,guard1_pack12,0x4222c000,0,0xc458000000000000,4,1
76,rnd_boundary,guard12_pack12,0x4222c000,0,0xc458000000000000,4,1
76,rnd_boundary,source_uncut,0x4222fe88,0,0xc45fd10000000000,4,1
76,rnd_boundary,post_sum_pack12,0x4222c000,0,0xc458000000000000,4,1
76,rnd_boundary,signed_floor,0x42228000,0,0xc450000000000000,4,1
77,signed_cut,fig3,0x4222c000,0,0xc458000000000000,4,1
77,signed_cut,tie_b,0x4222c000,0,0xc458000000000000,4,1
77,signed_cut,legacy7,0x4222c000,0,0xc458000000000000,4,1
77,signed_cut,input_anchor,0x4222c000,0,0xc458000000000000,4,1
77,signed_cut,exact_residual,0x42220000,0,0xc440000000000000,4,1
77,signed_cut,guard1_pack12,0x4222c000,0,0xc458000000000000,4,1
77,signed_cut,guard12_pack12,0x4222c000,0,0xc458000000000000,4,1
77,signed_cut,source_uncut,0x4222fe88,0,0xc45fd10000000000,4,1
77,signed_cut,post_sum_pack12,0x4222c000,0,0xc458000000000000,4,1
77,signed_cut,signed_floor,0x42228000,0,0xc450000000000000,4,1
78,term_cut,fig3,0x422e4000,0,0xc5c8000000000000,3,0
78,term_cut,tie_b,0x422e4000,0,0xc5c8000000000000,3,1
78,term_cut,legacy7,0x422e4000,0,0xc5c8000000000000,3,0
78,term_cut,input_anchor,0x422e4000,0,0xc5c8000000000000,3,0
78,term_cut,exact_residual,0x422e4000,0,0xc5c8000000000000,3,0
78,term_cut,guard1_pack12,0x422e4000,0,0xc5c8000000000000,3,0
78,term_cut,guard12_pack12,0x422e0000,0,0xc5c0000000000000,3,0
78,term_cut,source_uncut,0x422e3e10,0,0xc5c7c20000000000,3,0
78,term_cut,post_sum_pack12,0x422e0000,0,0xc5c0000000000000,3,0
78,term_cut,signed_floor,0x422e0000,0,0xc5c0000000000000,3,0
79,guard_depth,fig3,0x422e4000,0,0xc5c8000000000000,3,0
79,guard_depth,tie_b,0x422e4000,0,0xc5c8000000000000,3,1
79,guard_depth,legacy7,0x422e4000,0,0xc5c8000000000000,3,0
79,guard_depth,input_anchor,0x422e4000,0,0xc5c8000000000000,3,0
79,guard_depth,exact_residual,0x422e4000,0,0xc5c8000000000000,3,0
79,guard_depth,guard1_pack12,0x422e4000,0,0xc5c8000000000000,3,0
79,guard_depth,guard12_pack12,0x422e0000,0,0xc5c0000000000000,3,0
79,guard_depth,source_uncut,0x422e3e10,0,0xc5c7c20000000000,3,0
79,guard_depth,post_sum_pack12,0x422e0000,0,0xc5c0000000000000,3,0
79,guard_depth,signed_floor,0x422e0000,0,0xc5c0000000000000,3,0
80,post_sum_cut,fig3,0x422e4000,0,0xc5c8000000000000,3,0
80,post_sum_cut,tie_b,0x422e4000,0,0xc5c8000000000000,3,1
80,post_sum_cut,legacy7,0x422e4000,0,0xc5c8000000000000,3,0
80,post_sum_cut,input_anchor,0x422e4000,0,0xc5c8000000000000,3,0
80,post_sum_cut,exact_residual,0x422e4000,0,0xc5c8000000000000,3,0
80,post_sum_cut,guard1_pack12,0x422e4000,0,0xc5c8000000000000,3,0
80,post_sum_cut,guard12_pack12,0x422e0000,0,0xc5c0000000000000,3,0
80,post_sum_cut,source_uncut,0x422e3e10,0,0xc5c7c20000000000,3,0
80,post_sum_cut,post_sum_pack12,0x422e0000,0,0xc5c0000000000000,3,0
80,post_sum_cut,signed_floor,0x422e0000,0,0xc5c0000000000000,3,0
81,signed_cut,fig3,0x422e4000,0,0xc5c8000000000000,3,0
81,signed_cut,tie_b,0x422e4000,0,0xc5c8000000000000,3,1
81,signed_cut,legacy7,0x422e4000,0,0xc5c8000000000000,3,0
81,signed_cut,input_anchor,0x422e4000,0,0xc5c8000000000000,3,0
81,signed_cut,exact_residual,0x422e4000,0,0xc5c8000000000000,3,0
81,signed_cut,guard1_pack12,0x422e4000,0,0xc5c8000000000000,3,0
81,signed_cut,guard12_pack12,0x422e0000,0,0xc5c0000000000000,3,0
81,signed_cut,source_uncut,0x422e3e10,0,0xc5c7c20000000000,3,0
81,signed_cut,post_sum_pack12,0x422e0000,0,0xc5c0000000000000,3,0
81,signed_cut,signed_floor,0x422e0000,0,0xc5c0000000000000,3,0
82,signed_cut,fig3,0x422e4000,0,0xc5c8000000000000,4,0
82,signed_cut,tie_b,0x422e4000,0,0xc5c8000000000000,4,1
82,signed_cut,legacy7,0x422e4000,0,0xc5c8000000000000,4,0
82,signed_cut,input_anchor,0x422e4000,0,0xc5c8000000000000,4,0
82,signed_cut,exact_residual,0x422e4000,0,0xc5c8000000000000,3,0
82,signed_cut,guard1_pack12,0x422e4000,0,0xc5c8000000000000,4,0
82,signed_cut,guard12_pack12,0x422e4000,0,0xc5c8000000000000,4,0
82,signed_cut,source_uncut,0x422e4e8c,0,0xc5c9d18000000000,4,0
82,signed_cut,post_sum_pack12,0x422e4000,0,0xc5c8000000000000,4,0
82,signed_cut,signed_floor,0x422e0000,0,0xc5c0000000000000,4,0
83,term_cut,fig3,0x423b4000,0,0xc768000000000000,3,1
83,term_cut,tie_b,0x423b4000,0,0xc768000000000000,3,1
83,term_cut,legacy7,0x423b4000,0,0xc768000000000000,3,1
83,term_cut,input_anchor,0x423b4000,0,0xc768000000000000,3,1
83,term_cut,exact_residual,0x423b4000,0,0xc768000000000000,3,1
83,term_cut,guard1_pack12,0x423b8000,0,0xc770000000000000,3,1
83,term_cut,guard12_pack12,0x423b8000,0,0xc770000000000000,3,1
83,term_cut,source_uncut,0x423bbd80,0,0xc777b00000000000,3,1
83,term_cut,post_sum_pack12,0x423b8000,0,0xc770000000000000,3,1
83,term_cut,signed_floor,0x423b4000,0,0xc768000000000000,3,1
84,post_sum_cut,fig3,0x423b4000,0,0xc768000000000000,3,1
84,post_sum_cut,tie_b,0x423b4000,0,0xc768000000000000,3,1
84,post_sum_cut,legacy7,0x423b4000,0,0xc768000000000000,3,1
84,post_sum_cut,input_anchor,0x423b4000,0,0xc768000000000000,3,1
84,post_sum_cut,exact_residual,0x423b4000,0,0xc768000000000000,3,1
84,post_sum_cut,guard1_pack12,0x423b8000,0,0xc770000000000000,3,1
84,post_sum_cut,guard12_pack12,0x423b8000,0,0xc770000000000000,3,1
84,post_sum_cut,source_uncut,0x423bbd80,0,0xc777b00000000000,3,1
84,post_sum_cut,post_sum_pack12,0x423b8000,0,0xc770000000000000,3,1
84,post_sum_cut,signed_floor,0x423b4000,0,0xc768000000000000,3,1
85,signed_cut,fig3,0x423a0000,0,0xc740000000000000,4,1
85,signed_cut,tie_b,0x423a0000,0,0xc740000000000000,4,1
85,signed_cut,legacy7,0x423a0000,0,0xc740000000000000,4,1
85,signed_cut,input_anchor,0x423a0000,0,0xc740000000000000,4,1
85,signed_cut,exact_residual,0x423a0000,0,0xc740000000000000,4,1
85,signed_cut,guard1_pack12,0x423a0000,0,0xc740000000000000,4,1
85,signed_cut,guard12_pack12,0x423a0000,0,0xc740000000000000,4,1
85,signed_cut,source_uncut,0x423a3d90,0,0xc747b20000000000,4,1
85,signed_cut,post_sum_pack12,0x423a0000,0,0xc740000000000000,4,1
85,signed_cut,signed_floor,0x4239c000,0,0xc738000000000000,4,1
86,term_cut,fig3,0x42458000,0,0xc8b0000000000000,3,0
86,term_cut,tie_b,0x42474000,0,0xc8e8000000000000,3,1
86,term_cut,legacy7,0x42458000,0,0xc8b0000000000000,3,0
86,term_cut,input_anchor,0x42458000,0,0xc8b0000000000000,3,0
86,term_cut,exact_residual,0x42458000,0,0xc8b0000000000000,3,0
86,term_cut,guard1_pack12,0x42458000,0,0xc8b0000000000000,3,0
86,term_cut,guard12_pack12,0x42454000,0,0xc8a8000000000000,3,0
86,term_cut,source_uncut,0x42457d18,0,0xc8afa30000000000,3,0
86,term_cut,post_sum_pack12,0x42454000,0,0xc8a8000000000000,3,0
86,term_cut,signed_floor,0x42454000,0,0xc8a8000000000000,3,0
87,guard_depth,fig3,0x42458000,0,0xc8b0000000000000,3,0
87,guard_depth,tie_b,0x42474000,0,0xc8e8000000000000,3,1
87,guard_depth,legacy7,0x42458000,0,0xc8b0000000000000,3,0
87,guard_depth,input_anchor,0x42458000,0,0xc8b0000000000000,3,0
87,guard_depth,exact_residual,0x42458000,0,0xc8b0000000000000,3,0
87,guard_depth,guard1_pack12,0x42458000,0,0xc8b0000000000000,3,0
87,guard_depth,guard12_pack12,0x42454000,0,0xc8a8000000000000,3,0
87,guard_depth,source_uncut,0x42457d18,0,0xc8afa30000000000,3,0
87,guard_depth,post_sum_pack12,0x42454000,0,0xc8a8000000000000,3,0
87,guard_depth,signed_floor,0x42454000,0,0xc8a8000000000000,3,0
88,post_sum_cut,fig3,0x42458000,0,0xc8b0000000000000,3,0
88,post_sum_cut,tie_b,0x42474000,0,0xc8e8000000000000,3,1
88,post_sum_cut,legacy7,0x42458000,0,0xc8b0000000000000,3,0
88,post_sum_cut,input_anchor,0x42458000,0,0xc8b0000000000000,3,0
88,post_sum_cut,exact_residual,0x42458000,0,0xc8b0000000000000,3,0
88,post_sum_cut,guard1_pack12,0x42458000,0,0xc8b0000000000000,3,0
88,post_sum_cut,guard12_pack12,0x42454000,0,0xc8a8000000000000,3,0
88,post_sum_cut,source_uncut,0x42457d18,0,0xc8afa30000000000,3,0
88,post_sum_cut,post_sum_pack12,0x42454000,0,0xc8a8000000000000,3,0
88,post_sum_cut,signed_floor,0x42454000,0,0xc8a8000000000000,3,0
89,signed_cut,fig3,0x42458000,0,0xc8b0000000000000,3,0
89,signed_cut,tie_b,0x42474000,0,0xc8e8000000000000,3,1
89,signed_cut,legacy7,0x42458000,0,0xc8b0000000000000,3,0
89,signed_cut,input_anchor,0x42458000,0,0xc8b0000000000000,3,0
89,signed_cut,exact_residual,0x42458000,0,0xc8b0000000000000,3,0
89,signed_cut,guard1_pack12,0x42458000,0,0xc8b0000000000000,3,0
89,signed_cut,guard12_pack12,0x42454000,0,0xc8a8000000000000,3,0
89,signed_cut,source_uncut,0x42457d18,0,0xc8afa30000000000,3,0
89,signed_cut,post_sum_pack12,0x42454000,0,0xc8a8000000000000,3,0
89,signed_cut,signed_floor,0x42454000,0,0xc8a8000000000000,3,0
90,signed_cut,fig3,0x42458000,0,0xc8b0000000000000,4,0
90,signed_cut,tie_b,0x42460000,0,0xc8c0000000000000,4,1
90,signed_cut,legacy7,0x42458000,0,0xc8b0000000000000,4,0
90,signed_cut,input_anchor,0x42458000,0,0xc8b0000000000000,4,0
90,signed_cut,exact_residual,0x42458000,0,0xc8b0000000000000,3,0
90,signed_cut,guard1_pack12,0x42458000,0,0xc8b0000000000000,4,0
90,signed_cut,guard12_pack12,0x42458000,0,0xc8b0000000000000,4,0
90,signed_cut,source_uncut,0x42458dd0,0,0xc8b1ba0000000000,4,0
90,signed_cut,post_sum_pack12,0x42458000,0,0xc8b0000000000000,4,0
90,signed_cut,signed_floor,0x42454000,0,0xc8a8000000000000,4,0
91,signed_cut,fig3,0x42510000,0,0xca20000000000000,3,0
91,signed_cut,tie_b,0x42510000,0,0xca20000000000000,3,0
91,signed_cut,legacy7,0x42510000,0,0xca20000000000000,3,0
91,signed_cut,input_anchor,0x42510000,0,0xca20000000000000,3,0
91,signed_cut,exact_residual,0x42510000,0,0xca20000000000000,3,0
91,signed_cut,guard1_pack12,0x42510000,0,0xca20000000000000,3,0
91,signed_cut,guard12_pack12,0x42510000,0,0xca20000000000000,3,0
91,signed_cut,source_uncut,0x42511c9c,0,0xca23938000000000,3,0
91,signed_cut,post_sum_pack12,0x42510000,0,0xca20000000000000,3,0
91,signed_cut,signed_floor,0x4250c000,0,0xca18000000000000,3,0
92,signed_cut,fig3,0x42510000,0,0xca20000000000000,4,0
92,signed_cut,tie_b,0x42510000,0,0xca20000000000000,4,0
92,signed_cut,legacy7,0x42510000,0,0xca20000000000000,4,0
92,signed_cut,input_anchor,0x42510000,0,0xca20000000000000,4,0
92,signed_cut,exact_residual,0x42510000,0,0xca20000000000000,3,0
92,signed_cut,guard1_pack12,0x42510000,0,0xca20000000000000,4,0
92,signed_cut,guard12_pack12,0x42510000,0,0xca20000000000000,4,0
92,signed_cut,source_uncut,0x42512d74,0,0xca25ae8000000000,4,0
92,signed_cut,post_sum_pack12,0x42510000,0,0xca20000000000000,4,0
92,signed_cut,signed_floor,0x4250c000,0,0xca18000000000000,4,0
93,term_cut,fig3,0x425cc000,0,0xcb98000000000000,3,0
93,term_cut,tie_b,0x425cc000,0,0xcb98000000000000,3,1
93,term_cut,legacy7,0x425cc000,0,0xcb98000000000000,3,0
93,term_cut,input_anchor,0x425cc000,0,0xcb98000000000000,3,0
93,term_cut,exact_residual,0x425cc000,0,0xcb98000000000000,3,0
93,term_cut,guard1_pack12,0x425cc000,0,0xcb98000000000000,3,0
93,term_cut,guard12_pack12,0x425c8000,0,0xcb90000000000000,3,0
93,term_cut,source_uncut,0x425cbc20,0,0xcb97840000000000,3,0
93,term_cut,post_sum_pack12,0x425c8000,0,0xcb90000000000000,3,0
93,term_cut,signed_floor,0x425c8000,0,0xcb90000000000000,3,0
94,guard_depth,fig3,0x425cc000,0,0xcb98000000000000,3,0
94,guard_depth,tie_b,0x425cc000,0,0xcb98000000000000,3,1
94,guard_depth,legacy7,0x425cc000,0,0xcb98000000000000,3,0
94,guard_depth,input_anchor,0x425cc000,0,0xcb98000000000000,3,0
94,guard_depth,exact_residual,0x425cc000,0,0xcb98000000000000,3,0
94,guard_depth,guard1_pack12,0x425cc000,0,0xcb98000000000000,3,0
94,guard_depth,guard12_pack12,0x425c8000,0,0xcb90000000000000,3,0
94,guard_depth,source_uncut,0x425cbc20,0,0xcb97840000000000,3,0
94,guard_depth,post_sum_pack12,0x425c8000,0,0xcb90000000000000,3,0
94,guard_depth,signed_floor,0x425c8000,0,0xcb90000000000000,3,0
95,post_sum_cut,fig3,0x425cc000,0,0xcb98000000000000,3,0
95,post_sum_cut,tie_b,0x425cc000,0,0xcb98000000000000,3,1
95,post_sum_cut,legacy7,0x425cc000,0,0xcb98000000000000,3,0
95,post_sum_cut,input_anchor,0x425cc000,0,0xcb98000000000000,3,0
95,post_sum_cut,exact_residual,0x425cc000,0,0xcb98000000000000,3,0
95,post_sum_cut,guard1_pack12,0x425cc000,0,0xcb98000000000000,3,0
95,post_sum_cut,guard12_pack12,0x425c8000,0,0xcb90000000000000,3,0
95,post_sum_cut,source_uncut,0x425cbc20,0,0xcb97840000000000,3,0
95,post_sum_cut,post_sum_pack12,0x425c8000,0,0xcb90000000000000,3,0
95,post_sum_cut,signed_floor,0x425c8000,0,0xcb90000000000000,3,0
96,signed_cut,fig3,0x425cc000,0,0xcb98000000000000,3,0
96,signed_cut,tie_b,0x425cc000,0,0xcb98000000000000,3,1
96,signed_cut,legacy7,0x425cc000,0,0xcb98000000000000,3,0
96,signed_cut,input_anchor,0x425cc000,0,0xcb98000000000000,3,0
96,signed_cut,exact_residual,0x425cc000,0,0xcb98000000000000,3,0
96,signed_cut,guard1_pack12,0x425cc000,0,0xcb98000000000000,3,0
96,signed_cut,guard12_pack12,0x425c8000,0,0xcb90000000000000,3,0
96,signed_cut,source_uncut,0x425cbc20,0,0xcb97840000000000,3,0
96,signed_cut,post_sum_pack12,0x425c8000,0,0xcb90000000000000,3,0
96,signed_cut,signed_floor,0x425c8000,0,0xcb90000000000000,3,0
97,signed_cut,fig3,0x425cc000,0,0xcb98000000000000,4,0
97,signed_cut,tie_b,0x425cc000,0,0xcb98000000000000,4,1
97,signed_cut,legacy7,0x425cc000,0,0xcb98000000000000,4,0
97,signed_cut,input_anchor,0x425cc000,0,0xcb98000000000000,4,0
97,signed_cut,exact_residual,0x425cc000,0,0xcb98000000000000,3,0
97,signed_cut,guard1_pack12,0x425cc000,0,0xcb98000000000000,4,0
97,signed_cut,guard12_pack12,0x425cc000,0,0xcb98000000000000,4,0
97,signed_cut,source_uncut,0x425ccd18,0,0xcb99a30000000000,4,0
97,signed_cut,post_sum_pack12,0x425cc000,0,0xcb98000000000000,4,0
97,signed_cut,signed_floor,0x425c8000,0,0xcb90000000000000,4,0
98,term_cut,fig3,0x42654000,0,0xcca8000000000000,3,1
98,term_cut,tie_b,0x42654000,0,0xcca8000000000000,3,1
98,term_cut,legacy7,0x42654000,0,0xcca8000000000000,3,1
98,term_cut,input_anchor,0x42654000,0,0xcca8000000000000,3,1
98,term_cut,exact_residual,0x42654000,0,0xcca8000000000000,3,1
98,term_cut,guard1_pack12,0x42658000,0,0xccb0000000000000,3,1
98,term_cut,guard12_pack12,0x42658000,0,0xccb0000000000000,3,1
98,term_cut,source_uncut,0x4265bbc0,0,0xccb7780000000000,3,1
98,term_cut,post_sum_pack12,0x42658000,0,0xccb0000000000000,3,1
98,term_cut,signed_floor,0x42654000,0,0xcca8000000000000,3,1
99,post_sum_cut,fig3,0x42654000,0,0xcca8000000000000,3,1
99,post_sum_cut,tie_b,0x42654000,0,0xcca8000000000000,3,1
99,post_sum_cut,legacy7,0x42654000,0,0xcca8000000000000,3,1
99,post_sum_cut,input_anchor,0x42654000,0,0xcca8000000000000,3,1
99,post_sum_cut,exact_residual,0x42654000,0,0xcca8000000000000,3,1
99,post_sum_cut,guard1_pack12,0x42658000,0,0xccb0000000000000,3,1
99,post_sum_cut,guard12_pack12,0x42658000,0,0xccb0000000000000,3,1
99,post_sum_cut,source_uncut,0x4265bbc0,0,0xccb7780000000000,3,1
99,post_sum_cut,post_sum_pack12,0x42658000,0,0xccb0000000000000,3,1
99,post_sum_cut,signed_floor,0x42654000,0,0xcca8000000000000,3,1
100,term_cut,fig3,0x42680000,0,0xcd00000000000000,4,1
100,term_cut,tie_b,0x42680000,0,0xcd00000000000000,4,1
100,term_cut,legacy7,0x42680000,0,0xcd00000000000000,4,1
100,term_cut,input_anchor,0x42680000,0,0xcd00000000000000,4,1
100,term_cut,exact_residual,0x42680000,0,0xcd00000000000000,4,1
100,term_cut,guard1_pack12,0x42684000,0,0xcd08000000000000,4,1
100,term_cut,guard12_pack12,0x42688000,0,0xcd10000000000000,4,1
100,term_cut,source_uncut,0x4268bba0,0,0xcd17740000000000,4,1
100,term_cut,post_sum_pack12,0x42688000,0,0xcd10000000000000,4,1
100,term_cut,signed_floor,0x42680000,0,0xcd00000000000000,4,1
101,guard_depth,fig3,0x42680000,0,0xcd00000000000000,4,1
101,guard_depth,tie_b,0x42680000,0,0xcd00000000000000,4,1
101,guard_depth,legacy7,0x42680000,0,0xcd00000000000000,4,1
101,guard_depth,input_anchor,0x42680000,0,0xcd00000000000000,4,1
101,guard_depth,exact_residual,0x42680000,0,0xcd00000000000000,4,1
101,guard_depth,guard1_pack12,0x42684000,0,0xcd08000000000000,4,1
101,guard_depth,guard12_pack12,0x42688000,0,0xcd10000000000000,4,1
101,guard_depth,source_uncut,0x4268bba0,0,0xcd17740000000000,4,1
101,guard_depth,post_sum_pack12,0x42688000,0,0xcd10000000000000,4,1
101,guard_depth,signed_floor,0x42680000,0,0xcd00000000000000,4,1
102,post_sum_cut,fig3,0x42680000,0,0xcd00000000000000,4,1
102,post_sum_cut,tie_b,0x42680000,0,0xcd00000000000000,4,1
102,post_sum_cut,legacy7,0x42680000,0,0xcd00000000000000,4,1
102,post_sum_cut,input_anchor,0x42680000,0,0xcd00000000000000,4,1
102,post_sum_cut,exact_residual,0x42680000,0,0xcd00000000000000,4,1
102,post_sum_cut,guard1_pack12,0x42684000,0,0xcd08000000000000,4,1
102,post_sum_cut,guard12_pack12,0x42688000,0,0xcd10000000000000,4,1
102,post_sum_cut,source_uncut,0x4268bba0,0,0xcd17740000000000,4,1
102,post_sum_cut,post_sum_pack12,0x42688000,0,0xcd10000000000000,4,1
102,post_sum_cut,signed_floor,0x42680000,0,0xcd00000000000000,4,1
103,term_cut,fig3,0x42740000,0,0xce80000000000000,3,0
103,term_cut,tie_b,0x42774000,0,0xcee8000000000000,3,1
103,term_cut,legacy7,0x42740000,0,0xce80000000000000,3,0
103,term_cut,input_anchor,0x42740000,0,0xce80000000000000,3,0
103,term_cut,exact_residual,0x42740000,0,0xce80000000000000,3,0
103,term_cut,guard1_pack12,0x42740000,0,0xce80000000000000,3,0
103,term_cut,guard12_pack12,0x4273c000,0,0xce78000000000000,3,0
103,term_cut,source_uncut,0x4273fb28,0,0xce7f650000000000,3,0
103,term_cut,post_sum_pack12,0x4273c000,0,0xce78000000000000,3,0
103,term_cut,signed_floor,0x4273c000,0,0xce78000000000000,3,0
104,guard_depth,fig3,0x42740000,0,0xce80000000000000,3,0
104,guard_depth,tie_b,0x42774000,0,0xcee8000000000000,3,1
104,guard_depth,legacy7,0x42740000,0,0xce80000000000000,3,0
104,guard_depth,input_anchor,0x42740000,0,0xce80000000000000,3,0
104,guard_depth,exact_residual,0x42740000,0,0xce80000000000000,3,0
104,guard_depth,guard1_pack12,0x42740000,0,0xce80000000000000,3,0
104,guard_depth,guard12_pack12,0x4273c000,0,0xce78000000000000,3,0
104,guard_depth,source_uncut,0x4273fb28,0,0xce7f650000000000,3,0
104,guard_depth,post_sum_pack12,0x4273c000,0,0xce78000000000000,3,0
104,guard_depth,signed_floor,0x4273c000,0,0xce78000000000000,3,0
105,post_sum_cut,fig3,0x42740000,0,0xce80000000000000,3,0
105,post_sum_cut,tie_b,0x42774000,0,0xcee8000000000000,3,1
105,post_sum_cut,legacy7,0x42740000,0,0xce80000000000000,3,0
105,post_sum_cut,input_anchor,0x42740000,0,0xce80000000000000,3,0
105,post_sum_cut,exact_residual,0x42740000,0,0xce80000000000000,3,0
105,post_sum_cut,guard1_pack12,0x42740000,0,0xce80000000000000,3,0
105,post_sum_cut,guard12_pack12,0x4273c000,0,0xce78000000000000,3,0
105,post_sum_cut,source_uncut,0x4273fb28,0,0xce7f650000000000,3,0
105,post_sum_cut,post_sum_pack12,0x4273c000,0,0xce78000000000000,3,0
105,post_sum_cut,signed_floor,0x4273c000,0,0xce78000000000000,3,0
106,signed_cut,fig3,0x42740000,0,0xce80000000000000,3,0
106,signed_cut,tie_b,0x42774000,0,0xcee8000000000000,3,1
106,signed_cut,legacy7,0x42740000,0,0xce80000000000000,3,0
106,signed_cut,input_anchor,0x42740000,0,0xce80000000000000,3,0
106,signed_cut,exact_residual,0x42740000,0,0xce80000000000000,3,0
106,signed_cut,guard1_pack12,0x42740000,0,0xce80000000000000,3,0
106,signed_cut,guard12_pack12,0x4273c000,0,0xce78000000000000,3,0
106,signed_cut,source_uncut,0x4273fb28,0,0xce7f650000000000,3,0
106,signed_cut,post_sum_pack12,0x4273c000,0,0xce78000000000000,3,0
106,signed_cut,signed_floor,0x4273c000,0,0xce78000000000000,3,0
107,signed_cut,fig3,0x42740000,0,0xce80000000000000,4,0
107,signed_cut,tie_b,0x42748000,0,0xce90000000000000,4,1
107,signed_cut,legacy7,0x42740000,0,0xce80000000000000,4,0
107,signed_cut,input_anchor,0x42740000,0,0xce80000000000000,4,0
107,signed_cut,exact_residual,0x42740000,0,0xce80000000000000,3,0
107,signed_cut,guard1_pack12,0x42740000,0,0xce80000000000000,4,0
107,signed_cut,guard12_pack12,0x42740000,0,0xce80000000000000,4,0
107,signed_cut,source_uncut,0x42740c5c,0,0xce818b8000000000,4,0
107,signed_cut,post_sum_pack12,0x42740000,0,0xce80000000000000,4,0
107,signed_cut,signed_floor,0x4273c000,0,0xce78000000000000,4,0
108,signed_cut,fig3,0x427f8000,0,0xcff0000000000000,3,0
108,signed_cut,tie_b,0x427f8000,0,0xcff0000000000000,3,0
108,signed_cut,legacy7,0x427f8000,0,0xcff0000000000000,3,0
108,signed_cut,input_anchor,0x427f8000,0,0xcff0000000000000,3,0
108,signed_cut,exact_residual,0x427f8000,0,0xcff0000000000000,3,0
108,signed_cut,guard1_pack12,0x427f8000,0,0xcff0000000000000,3,0
108,signed_cut,guard12_pack12,0x427f8000,0,0xcff0000000000000,3,0
108,signed_cut,source_uncut,0x427f9aac,0,0xcff3558000000000,3,0
108,signed_cut,post_sum_pack12,0x427f8000,0,0xcff0000000000000,3,0
108,signed_cut,signed_floor,0x427f4000,0,0xcfe8000000000000,3,0
109,signed_cut,fig3,0x427f8000,0,0xcff0000000000000,4,0
109,signed_cut,tie_b,0x427f8000,0,0xcff0000000000000,4,0
109,signed_cut,legacy7,0x427f8000,0,0xcff0000000000000,4,0
109,signed_cut,input_anchor,0x427f8000,0,0xcff0000000000000,4,0
109,signed_cut,exact_residual,0x427f8000,0,0xcff0000000000000,3,0
109,signed_cut,guard1_pack12,0x427f8000,0,0xcff0000000000000,4,0
109,signed_cut,guard12_pack12,0x427f8000,0,0xcff0000000000000,4,0
109,signed_cut,source_uncut,0x427fac00,0,0xcff5800000000000,4,0
109,signed_cut,post_sum_pack12,0x427f8000,0,0xcff0000000000000,4,0
109,signed_cut,signed_floor,0x427f4000,0,0xcfe8000000000000,4,0
110,term_cut,fig3,0x428b4000,0,0xd168000000000000,3,0
110,term_cut,tie_b,0x428b4000,0,0xd168000000000000,3,0
110,term_cut,legacy7,0x428b4000,0,0xd168000000000000,3,0
110,term_cut,input_anchor,0x428b4000,0,0xd168000000000000,3,0
110,term_cut,exact_residual,0x428b4000,0,0xd168000000000000,3,0
110,term_cut,guard1_pack12,0x428b4000,0,0xd168000000000000,3,0
110,term_cut,guard12_pack12,0x428b0000,0,0xd160000000000000,3,0
110,term_cut,source_uncut,0x428b3a30,0,0xd167460000000000,3,0
110,term_cut,post_sum_pack12,0x428b0000,0,0xd160000000000000,3,0
110,term_cut,signed_floor,0x428b0000,0,0xd160000000000000,3,0
111,guard_depth,fig3,0x428b4000,0,0xd168000000000000,3,0
111,guard_depth,tie_b,0x428b4000,0,0xd168000000000000,3,0
111,guard_depth,legacy7,0x428b4000,0,0xd168000000000000,3,0
111,guard_depth,input_anchor,0x428b4000,0,0xd168000000000000,3,0
111,guard_depth,exact_residual,0x428b4000,0,0xd168000000000000,3,0
111,guard_depth,guard1_pack12,0x428b4000,0,0xd168000000000000,3,0
111,guard_depth,guard12_pack12,0x428b0000,0,0xd160000000000000,3,0
111,guard_depth,source_uncut,0x428b3a30,0,0xd167460000000000,3,0
111,guard_depth,post_sum_pack12,0x428b0000,0,0xd160000000000000,3,0
111,guard_depth,signed_floor,0x428b0000,0,0xd160000000000000,3,0
112,post_sum_cut,fig3,0x428b4000,0,0xd168000000000000,3,0
112,post_sum_cut,tie_b,0x428b4000,0,0xd168000000000000,3,0
112,post_sum_cut,legacy7,0x428b4000,0,0xd168000000000000,3,0
112,post_sum_cut,input_anchor,0x428b4000,0,0xd168000000000000,3,0
112,post_sum_cut,exact_residual,0x428b4000,0,0xd168000000000000,3,0
112,post_sum_cut,guard1_pack12,0x428b4000,0,0xd168000000000000,3,0
112,post_sum_cut,guard12_pack12,0x428b0000,0,0xd160000000000000,3,0
112,post_sum_cut,source_uncut,0x428b3a30,0,0xd167460000000000,3,0
112,post_sum_cut,post_sum_pack12,0x428b0000,0,0xd160000000000000,3,0
112,post_sum_cut,signed_floor,0x428b0000,0,0xd160000000000000,3,0
113,signed_cut,fig3,0x428b4000,0,0xd168000000000000,3,0
113,signed_cut,tie_b,0x428b4000,0,0xd168000000000000,3,0
113,signed_cut,legacy7,0x428b4000,0,0xd168000000000000,3,0
113,signed_cut,input_anchor,0x428b4000,0,0xd168000000000000,3,0
113,signed_cut,exact_residual,0x428b4000,0,0xd168000000000000,3,0
113,signed_cut,guard1_pack12,0x428b4000,0,0xd168000000000000,3,0
113,signed_cut,guard12_pack12,0x428b0000,0,0xd160000000000000,3,0
113,signed_cut,source_uncut,0x428b3a30,0,0xd167460000000000,3,0
113,signed_cut,post_sum_pack12,0x428b0000,0,0xd160000000000000,3,0
113,signed_cut,signed_floor,0x428b0000,0,0xd160000000000000,3,0
114,signed_cut,fig3,0x428b4000,0,0xd168000000000000,4,0
114,signed_cut,tie_b,0x428b4000,0,0xd168000000000000,4,0
114,signed_cut,legacy7,0x428b4000,0,0xd168000000000000,4,0
114,signed_cut,input_anchor,0x428b4000,0,0xd168000000000000,4,0
114,signed_cut,exact_residual,0x428b4000,0,0xd168000000000000,3,0
114,signed_cut,guard1_pack12,0x428b4000,0,0xd168000000000000,4,0
114,signed_cut,guard12_pack12,0x428b4000,0,0xd168000000000000,4,0
114,signed_cut,source_uncut,0x428b4ba4,0,0xd169748000000000,4,0
114,signed_cut,post_sum_pack12,0x428b4000,0,0xd168000000000000,4,0
114,signed_cut,signed_floor,0x428b0000,0,0xd160000000000000,4,0
115,signed_cut,fig3,0x4296c000,0,0xd2d8000000000000,3,0
115,signed_cut,tie_b,0x4296c000,0,0xd2d8000000000000,3,0
115,signed_cut,legacy7,0x4296c000,0,0xd2d8000000000000,3,0
115,signed_cut,input_anchor,0x4296c000,0,0xd2d8000000000000,3,0
115,signed_cut,exact_residual,0x4296c000,0,0xd2d8000000000000,3,0
115,signed_cut,guard1_pack12,0x4296c000,0,0xd2d8000000000000,3,0
115,signed_cut,guard12_pack12,0x4296c000,0,0xd2d8000000000000,3,0
115,signed_cut,source_uncut,0x4296d9b4,0,0xd2db368000000000,3,0
115,signed_cut,post_sum_pack12,0x4296c000,0,0xd2d8000000000000,3,0
115,signed_cut,signed_floor,0x42968000,0,0xd2d0000000000000,3,0
116,signed_cut,fig3,0x4296c000,0,0xd2d8000000000000,4,0
116,signed_cut,tie_b,0x4296c000,0,0xd2d8000000000000,4,0
116,signed_cut,legacy7,0x4296c000,0,0xd2d8000000000000,4,0
116,signed_cut,input_anchor,0x4296c000,0,0xd2d8000000000000,4,0
116,signed_cut,exact_residual,0x4296c000,0,0xd2d8000000000000,3,0
116,signed_cut,guard1_pack12,0x4296c000,0,0xd2d8000000000000,4,0
116,signed_cut,guard12_pack12,0x4296c000,0,0xd2d8000000000000,4,0
116,signed_cut,source_uncut,0x4296eb44,0,0xd2dd688000000000,4,0
116,signed_cut,post_sum_pack12,0x4296c000,0,0xd2d8000000000000,4,0
116,signed_cut,signed_floor,0x42968000,0,0xd2d0000000000000,4,0
117,term_cut,fig3,0x42a28000,0,0xd450000000000000,3,0
117,term_cut,tie_b,0x42a28000,0,0xd450000000000000,3,0
117,term_cut,legacy7,0x42a28000,0,0xd450000000000000,3,0
117,term_cut,input_anchor,0x42a28000,0,0xd450000000000000,3,0
117,term_cut,exact_residual,0x42a28000,0,0xd450000000000000,3,0
117,term_cut,guard1_pack12,0x42a28000,0,0xd450000000000000,3,0
117,term_cut,guard12_pack12,0x42a24000,0,0xd448000000000000,3,0
117,term_cut,source_uncut,0x42a27938,0,0xd44f270000000000,3,0
117,term_cut,post_sum_pack12,0x42a24000,0,0xd448000000000000,3,0
117,term_cut,signed_floor,0x42a24000,0,0xd448000000000000,3,0
118,guard_depth,fig3,0x42a28000,0,0xd450000000000000,3,0
118,guard_depth,tie_b,0x42a28000,0,0xd450000000000000,3,0
118,guard_depth,legacy7,0x42a28000,0,0xd450000000000000,3,0
118,guard_depth,input_anchor,0x42a28000,0,0xd450000000000000,3,0
118,guard_depth,exact_residual,0x42a28000,0,0xd450000000000000,3,0
118,guard_depth,guard1_pack12,0x42a28000,0,0xd450000000000000,3,0
118,guard_depth,guard12_pack12,0x42a24000,0,0xd448000000000000,3,0
118,guard_depth,source_uncut,0x42a27938,0,0xd44f270000000000,3,0
118,guard_depth,post_sum_pack12,0x42a24000,0,0xd448000000000000,3,0
118,guard_depth,signed_floor,0x42a24000,0,0xd448000000000000,3,0
119,post_sum_cut,fig3,0x42a28000,0,0xd450000000000000,3,0
119,post_sum_cut,tie_b,0x42a28000,0,0xd450000000000000,3,0
119,post_sum_cut,legacy7,0x42a28000,0,0xd450000000000000,3,0
119,post_sum_cut,input_anchor,0x42a28000,0,0xd450000000000000,3,0
119,post_sum_cut,exact_residual,0x42a28000,0,0xd450000000000000,3,0
119,post_sum_cut,guard1_pack12,0x42a28000,0,0xd450000000000000,3,0
119,post_sum_cut,guard12_pack12,0x42a24000,0,0xd448000000000000,3,0
119,post_sum_cut,source_uncut,0x42a27938,0,0xd44f270000000000,3,0
119,post_sum_cut,post_sum_pack12,0x42a24000,0,0xd448000000000000,3,0
119,post_sum_cut,signed_floor,0x42a24000,0,0xd448000000000000,3,0
120,signed_cut,fig3,0x42a28000,0,0xd450000000000000,3,0
120,signed_cut,tie_b,0x42a28000,0,0xd450000000000000,3,0
120,signed_cut,legacy7,0x42a28000,0,0xd450000000000000,3,0
120,signed_cut,input_anchor,0x42a28000,0,0xd450000000000000,3,0
120,signed_cut,exact_residual,0x42a28000,0,0xd450000000000000,3,0
120,signed_cut,guard1_pack12,0x42a28000,0,0xd450000000000000,3,0
120,signed_cut,guard12_pack12,0x42a24000,0,0xd448000000000000,3,0
120,signed_cut,source_uncut,0x42a27938,0,0xd44f270000000000,3,0
120,signed_cut,post_sum_pack12,0x42a24000,0,0xd448000000000000,3,0
120,signed_cut,signed_floor,0x42a24000,0,0xd448000000000000,3,0
121,signed_cut,fig3,0x42a28000,0,0xd450000000000000,4,0
121,signed_cut,tie_b,0x42a28000,0,0xd450000000000000,4,0
121,signed_cut,legacy7,0x42a28000,0,0xd450000000000000,4,0
121,signed_cut,input_anchor,0x42a28000,0,0xd450000000000000,4,0
121,signed_cut,exact_residual,0x42a28000,0,0xd450000000000000,3,0
121,signed_cut,guard1_pack12,0x42a28000,0,0xd450000000000000,4,0
121,signed_cut,guard12_pack12,0x42a28000,0,0xd450000000000000,4,0
121,signed_cut,source_uncut,0x42a28ae8,0,0xd4515d0000000000,4,0
121,signed_cut,post_sum_pack12,0x42a28000,0,0xd450000000000000,4,0
121,signed_cut,signed_floor,0x42a24000,0,0xd448000000000000,4,0
122,signed_cut,fig3,0x42ae0000,0,0xd5c0000000000000,3,0
122,signed_cut,tie_b,0x42ae0000,0,0xd5c0000000000000,3,0
122,signed_cut,legacy7,0x42ae0000,0,0xd5c0000000000000,3,0
122,signed_cut,input_anchor,0x42ae0000,0,0xd5c0000000000000,3,0
122,signed_cut,exact_residual,0x42ae0000,0,0xd5c0000000000000,3,0
122,signed_cut,guard1_pack12,0x42ae0000,0,0xd5c0000000000000,3,0
122,signed_cut,guard12_pack12,0x42ae0000,0,0xd5c0000000000000,3,0
122,signed_cut,source_uncut,0x42ae18bc,0,0xd5c3178000000000,3,0
122,signed_cut,post_sum_pack12,0x42ae0000,0,0xd5c0000000000000,3,0
122,signed_cut,signed_floor,0x42adc000,0,0xd5b8000000000000,3,0
123,signed_cut,fig3,0x42ae0000,0,0xd5c0000000000000,4,0
123,signed_cut,tie_b,0x42ae0000,0,0xd5c0000000000000,4,0
123,signed_cut,legacy7,0x42ae0000,0,0xd5c0000000000000,4,0
123,signed_cut,input_anchor,0x42ae0000,0,0xd5c0000000000000,4,0
123,signed_cut,exact_residual,0x42ae0000,0,0xd5c0000000000000,3,0
123,signed_cut,guard1_pack12,0x42ae0000,0,0xd5c0000000000000,4,0
123,signed_cut,guard12_pack12,0x42ae0000,0,0xd5c0000000000000,4,0
123,signed_cut,source_uncut,0x42ae2a8c,0,0xd5c5518000000000,4,0
123,signed_cut,post_sum_pack12,0x42ae0000,0,0xd5c0000000000000,4,0
123,signed_cut,signed_floor,0x42adc000,0,0xd5b8000000000000,4,0
124,term_cut,fig3,0x42b9c000,0,0xd738000000000000,3,0
124,term_cut,tie_b,0x42b9c000,0,0xd738000000000000,3,1
124,term_cut,legacy7,0x42b9c000,0,0xd738000000000000,3,0
124,term_cut,input_anchor,0x42b9c000,0,0xd738000000000000,3,0
124,term_cut,exact_residual,0x42b9c000,0,0xd738000000000000,3,0
124,term_cut,guard1_pack12,0x42b9c000,0,0xd738000000000000,3,0
124,term_cut,guard12_pack12,0x42b98000,0,0xd730000000000000,3,0
124,term_cut,source_uncut,0x42b9b840,0,0xd737080000000000,3,0
124,term_cut,post_sum_pack12,0x42b98000,0,0xd730000000000000,3,0
124,term_cut,signed_floor,0x42b98000,0,0xd730000000000000,3,0
125,guard_depth,fig3,0x42b9c000,0,0xd738000000000000,3,0
125,guard_depth,tie_b,0x42b9c000,0,0xd738000000000000,3,1
125,guard_depth,legacy7,0x42b9c000,0,0xd738000000000000,3,0
125,guard_depth,input_anchor,0x42b9c000,0,0xd738000000000000,3,0
125,guard_depth,exact_residual,0x42b9c000,0,0xd738000000000000,3,0
125,guard_depth,guard1_pack12,0x42b9c000,0,0xd738000000000000,3,0
125,guard_depth,guard12_pack12,0x42b98000,0,0xd730000000000000,3,0
125,guard_depth,source_uncut,0x42b9b840,0,0xd737080000000000,3,0
125,guard_depth,post_sum_pack12,0x42b98000,0,0xd730000000000000,3,0
125,guard_depth,signed_floor,0x42b98000,0,0xd730000000000000,3,0
126,post_sum_cut,fig3,0x42b9c000,0,0xd738000000000000,3,0
126,post_sum_cut,tie_b,0x42b9c000,0,0xd738000000000000,3,1
126,post_sum_cut,legacy7,0x42b9c000,0,0xd738000000000000,3,0
126,post_sum_cut,input_anchor,0x42b9c000,0,0xd738000000000000,3,0
126,post_sum_cut,exact_residual,0x42b9c000,0,0xd738000000000000,3,0
126,post_sum_cut,guard1_pack12,0x42b9c000,0,0xd738000000000000,3,0
126,post_sum_cut,guard12_pack12,0x42b98000,0,0xd730000000000000,3,0
126,post_sum_cut,source_uncut,0x42b9b840,0,0xd737080000000000,3,0
126,post_sum_cut,post_sum_pack12,0x42b98000,0,0xd730000000000000,3,0
126,post_sum_cut,signed_floor,0x42b98000,0,0xd730000000000000,3,0
127,signed_cut,fig3,0x42b9c000,0,0xd738000000000000,3,0
127,signed_cut,tie_b,0x42b9c000,0,0xd738000000000000,3,1
127,signed_cut,legacy7,0x42b9c000,0,0xd738000000000000,3,0
127,signed_cut,input_anchor,0x42b9c000,0,0xd738000000000000,3,0
127,signed_cut,exact_residual,0x42b9c000,0,0xd738000000000000,3,0
127,signed_cut,guard1_pack12,0x42b9c000,0,0xd738000000000000,3,0
127,signed_cut,guard12_pack12,0x42b98000,0,0xd730000000000000,3,0
127,signed_cut,source_uncut,0x42b9b840,0,0xd737080000000000,3,0
127,signed_cut,post_sum_pack12,0x42b98000,0,0xd730000000000000,3,0
127,signed_cut,signed_floor,0x42b98000,0,0xd730000000000000,3,0
128,signed_cut,fig3,0x42b9c000,0,0xd738000000000000,4,0
128,signed_cut,tie_b,0x42b9c000,0,0xd738000000000000,4,1
128,signed_cut,legacy7,0x42b9c000,0,0xd738000000000000,4,0
128,signed_cut,input_anchor,0x42b9c000,0,0xd738000000000000,4,0
128,signed_cut,exact_residual,0x42b9c000,0,0xd738000000000000,3,0
128,signed_cut,guard1_pack12,0x42b9c000,0,0xd738000000000000,4,0
128,signed_cut,guard12_pack12,0x42b9c000,0,0xd738000000000000,4,0
128,signed_cut,source_uncut,0x42b9ca30,0,0xd739460000000000,4,0
128,signed_cut,post_sum_pack12,0x42b9c000,0,0xd738000000000000,4,0
128,signed_cut,signed_floor,0x42b98000,0,0xd730000000000000,4,0
129,term_cut,fig3,0x42c54000,0,0xd8a8000000000000,3,1
129,term_cut,tie_b,0x42c54000,0,0xd8a8000000000000,3,1
129,term_cut,legacy7,0x42c54000,0,0xd8a8000000000000,3,1
129,term_cut,input_anchor,0x42c54000,0,0xd8a8000000000000,3,1
129,term_cut,exact_residual,0x42c54000,0,0xd8a8000000000000,3,1
129,term_cut,guard1_pack12,0x42c58000,0,0xd8b0000000000000,3,1
129,term_cut,guard12_pack12,0x42c58000,0,0xd8b0000000000000,3,1
129,term_cut,source_uncut,0x42c5b7c0,0,0xd8b6f80000000000,3,1
129,term_cut,post_sum_pack12,0x42c58000,0,0xd8b0000000000000,3,1
129,term_cut,signed_floor,0x42c54000,0,0xd8a8000000000000,3,1
130,post_sum_cut,fig3,0x42c54000,0,0xd8a8000000000000,3,1
130,post_sum_cut,tie_b,0x42c54000,0,0xd8a8000000000000,3,1
130,post_sum_cut,legacy7,0x42c54000,0,0xd8a8000000000000,3,1
130,post_sum_cut,input_anchor,0x42c54000,0,0xd8a8000000000000,3,1
130,post_sum_cut,exact_residual,0x42c54000,0,0xd8a8000000000000,3,1
130,post_sum_cut,guard1_pack12,0x42c58000,0,0xd8b0000000000000,3,1
130,post_sum_cut,guard12_pack12,0x42c58000,0,0xd8b0000000000000,3,1
130,post_sum_cut,source_uncut,0x42c5b7c0,0,0xd8b6f80000000000,3,1
130,post_sum_cut,post_sum_pack12,0x42c58000,0,0xd8b0000000000000,3,1
130,post_sum_cut,signed_floor,0x42c54000,0,0xd8a8000000000000,3,1
131,term_cut,fig3,0x42c50000,0,0xd8a0000000000000,4,1
131,term_cut,tie_b,0x42c50000,0,0xd8a0000000000000,4,1
131,term_cut,legacy7,0x42c50000,0,0xd8a0000000000000,4,1
131,term_cut,input_anchor,0x42c50000,0,0xd8a0000000000000,4,1
131,term_cut,exact_residual,0x42c50000,0,0xd8a0000000000000,4,1
131,term_cut,guard1_pack12,0x42c54000,0,0xd8a8000000000000,4,1
131,term_cut,guard12_pack12,0x42c54000,0,0xd8a8000000000000,4,1
131,term_cut,source_uncut,0x42c557c4,0,0xd8aaf88000000000,4,1
131,term_cut,post_sum_pack12,0x42c54000,0,0xd8a8000000000000,4,1
131,term_cut,signed_floor,0x42c4c000,0,0xd898000000000000,4,1
132,post_sum_cut,fig3,0x42c50000,0,0xd8a0000000000000,4,1
132,post_sum_cut,tie_b,0x42c50000,0,0xd8a0000000000000,4,1
132,post_sum_cut,legacy7,0x42c50000,0,0xd8a0000000000000,4,1
132,post_sum_cut,input_anchor,0x42c50000,0,0xd8a0000000000000,4,1
132,post_sum_cut,exact_residual,0x42c50000,0,0xd8a0000000000000,4,1
132,post_sum_cut,guard1_pack12,0x42c54000,0,0xd8a8000000000000,4,1
132,post_sum_cut,guard12_pack12,0x42c54000,0,0xd8a8000000000000,4,1
132,post_sum_cut,source_uncut,0x42c557c4,0,0xd8aaf88000000000,4,1
132,post_sum_cut,post_sum_pack12,0x42c54000,0,0xd8a8000000000000,4,1
132,post_sum_cut,signed_floor,0x42c4c000,0,0xd898000000000000,4,1
133,signed_cut,fig3,0x42c50000,0,0xd8a0000000000000,4,1
133,signed_cut,tie_b,0x42c50000,0,0xd8a0000000000000,4,1
133,signed_cut,legacy7,0x42c50000,0,0xd8a0000000000000,4,1
133,signed_cut,input_anchor,0x42c50000,0,0xd8a0000000000000,4,1
133,signed_cut,exact_residual,0x42c50000,0,0xd8a0000000000000,4,1
133,signed_cut,guard1_pack12,0x42c54000,0,0xd8a8000000000000,4,1
133,signed_cut,guard12_pack12,0x42c54000,0,0xd8a8000000000000,4,1
133,signed_cut,source_uncut,0x42c557c4,0,0xd8aaf88000000000,4,1
133,signed_cut,post_sum_pack12,0x42c54000,0,0xd8a8000000000000,4,1
133,signed_cut,signed_floor,0x42c4c000,0,0xd898000000000000,4,1
134,term_cut,fig3,0x42d10000,0,0xda20000000000000,3,0
134,term_cut,tie_b,0x42cb4000,0,0xd968000000000000,3,1
134,term_cut,legacy7,0x42d10000,0,0xda20000000000000,3,0
134,term_cut,input_anchor,0x42d10000,0,0xda20000000000000,3,0
134,term_cut,exact_residual,0x42d10000,0,0xda20000000000000,3,0
134,term_cut,guard1_pack12,0x42d10000,0,0xda20000000000000,3,0
134,term_cut,guard12_pack12,0x42d0c000,0,0xda18000000000000,3,0
134,term_cut,source_uncut,0x42d0f748,0,0xda1ee90000000000,3,0
134,term_cut,post_sum_pack12,0x42d0c000,0,0xda18000000000000,3,0
134,term_cut,signed_floor,0x42d0c000,0,0xda18000000000000,3,0
135,guard_depth,fig3,0x42d10000,0,0xda20000000000000,3,0
135,guard_depth,tie_b,0x42cb4000,0,0xd968000000000000,3,1
135,guard_depth,legacy7,0x42d10000,0,0xda20000000000000,3,0
135,guard_depth,input_anchor,0x42d10000,0,0xda20000000000000,3,0
135,guard_depth,exact_residual,0x42d10000,0,0xda20000000000000,3,0
135,guard_depth,guard1_pack12,0x42d10000,0,0xda20000000000000,3,0
135,guard_depth,guard12_pack12,0x42d0c000,0,0xda18000000000000,3,0
135,guard_depth,source_uncut,0x42d0f748,0,0xda1ee90000000000,3,0
135,guard_depth,post_sum_pack12,0x42d0c000,0,0xda18000000000000,3,0
135,guard_depth,signed_floor,0x42d0c000,0,0xda18000000000000,3,0
136,post_sum_cut,fig3,0x42d10000,0,0xda20000000000000,3,0
136,post_sum_cut,tie_b,0x42cb4000,0,0xd968000000000000,3,1
136,post_sum_cut,legacy7,0x42d10000,0,0xda20000000000000,3,0
136,post_sum_cut,input_anchor,0x42d10000,0,0xda20000000000000,3,0
136,post_sum_cut,exact_residual,0x42d10000,0,0xda20000000000000,3,0
136,post_sum_cut,guard1_pack12,0x42d10000,0,0xda20000000000000,3,0
136,post_sum_cut,guard12_pack12,0x42d0c000,0,0xda18000000000000,3,0
136,post_sum_cut,source_uncut,0x42d0f748,0,0xda1ee90000000000,3,0
136,post_sum_cut,post_sum_pack12,0x42d0c000,0,0xda18000000000000,3,0
136,post_sum_cut,signed_floor,0x42d0c000,0,0xda18000000000000,3,0
137,signed_cut,fig3,0x42d10000,0,0xda20000000000000,3,0
137,signed_cut,tie_b,0x42cb4000,0,0xd968000000000000,3,1
137,signed_cut,legacy7,0x42d10000,0,0xda20000000000000,3,0
137,signed_cut,input_anchor,0x42d10000,0,0xda20000000000000,3,0
137,signed_cut,exact_residual,0x42d10000,0,0xda20000000000000,3,0
137,signed_cut,guard1_pack12,0x42d10000,0,0xda20000000000000,3,0
137,signed_cut,guard12_pack12,0x42d0c000,0,0xda18000000000000,3,0
137,signed_cut,source_uncut,0x42d0f748,0,0xda1ee90000000000,3,0
137,signed_cut,post_sum_pack12,0x42d0c000,0,0xda18000000000000,3,0
137,signed_cut,signed_floor,0x42d0c000,0,0xda18000000000000,3,0
138,signed_cut,fig3,0x42d10000,0,0xda20000000000000,4,0
138,signed_cut,tie_b,0x42d10000,0,0xda20000000000000,4,1
138,signed_cut,legacy7,0x42d10000,0,0xda20000000000000,4,0
138,signed_cut,input_anchor,0x42d10000,0,0xda20000000000000,4,0
138,signed_cut,exact_residual,0x42d10000,0,0xda20000000000000,3,0
138,signed_cut,guard1_pack12,0x42d10000,0,0xda20000000000000,4,0
138,signed_cut,guard12_pack12,0x42d10000,0,0xda20000000000000,4,0
138,signed_cut,source_uncut,0x42d10974,0,0xda212e8000000000,4,0
138,signed_cut,post_sum_pack12,0x42d10000,0,0xda20000000000000,4,0
138,signed_cut,signed_floor,0x42d0c000,0,0xda18000000000000,4,0
139,signed_cut,fig3,0x42dc8000,0,0xdb90000000000000,3,0
139,signed_cut,tie_b,0x42dc8000,0,0xdb90000000000000,3,0
139,signed_cut,legacy7,0x42dc8000,0,0xdb90000000000000,3,0
139,signed_cut,input_anchor,0x42dc8000,0,0xdb90000000000000,3,0
139,signed_cut,exact_residual,0x42dc8000,0,0xdb90000000000000,3,0
139,signed_cut,guard1_pack12,0x42dc8000,0,0xdb90000000000000,3,0
139,signed_cut,guard12_pack12,0x42dc8000,0,0xdb90000000000000,3,0
139,signed_cut,source_uncut,0x42dc96cc,0,0xdb92d98000000000,3,0
139,signed_cut,post_sum_pack12,0x42dc8000,0,0xdb90000000000000,3,0
139,signed_cut,signed_floor,0x42dc4000,0,0xdb88000000000000,3,0
140,term_cut,fig3,0x42e84000,0,0xdd08000000000000,3,0
140,term_cut,tie_b,0x42e84000,0,0xdd08000000000000,3,0
140,term_cut,legacy7,0x42e84000,0,0xdd08000000000000,3,0
140,term_cut,input_anchor,0x42e84000,0,0xdd08000000000000,3,0
140,term_cut,exact_residual,0x42e84000,0,0xdd08000000000000,3,0
140,term_cut,guard1_pack12,0x42e84000,0,0xdd08000000000000,3,0
140,term_cut,guard12_pack12,0x42e80000,0,0xdd00000000000000,3,0
140,term_cut,source_uncut,0x42e83650,0,0xdd06ca0000000000,3,0
140,term_cut,post_sum_pack12,0x42e80000,0,0xdd00000000000000,3,0
140,term_cut,signed_floor,0x42e80000,0,0xdd00000000000000,3,0
141,guard_depth,fig3,0x42e84000,0,0xdd08000000000000,3,0
141,guard_depth,tie_b,0x42e84000,0,0xdd08000000000000,3,0
141,guard_depth,legacy7,0x42e84000,0,0xdd08000000000000,3,0
141,guard_depth,input_anchor,0x42e84000,0,0xdd08000000000000,3,0
141,guard_depth,exact_residual,0x42e84000,0,0xdd08000000000000,3,0
141,guard_depth,guard1_pack12,0x42e84000,0,0xdd08000000000000,3,0
141,guard_depth,guard12_pack12,0x42e80000,0,0xdd00000000000000,3,0
141,guard_depth,source_uncut,0x42e83650,0,0xdd06ca0000000000,3,0
141,guard_depth,post_sum_pack12,0x42e80000,0,0xdd00000000000000,3,0
141,guard_depth,signed_floor,0x42e80000,0,0xdd00000000000000,3,0
142,post_sum_cut,fig3,0x42e84000,0,0xdd08000000000000,3,0
142,post_sum_cut,tie_b,0x42e84000,0,0xdd08000000000000,3,0
142,post_sum_cut,legacy7,0x42e84000,0,0xdd08000000000000,3,0
142,post_sum_cut,input_anchor,0x42e84000,0,0xdd08000000000000,3,0
142,post_sum_cut,exact_residual,0x42e84000,0,0xdd08000000000000,3,0
142,post_sum_cut,guard1_pack12,0x42e84000,0,0xdd08000000000000,3,0
142,post_sum_cut,guard12_pack12,0x42e80000,0,0xdd00000000000000,3,0
142,post_sum_cut,source_uncut,0x42e83650,0,0xdd06ca0000000000,3,0
142,post_sum_cut,post_sum_pack12,0x42e80000,0,0xdd00000000000000,3,0
142,post_sum_cut,signed_floor,0x42e80000,0,0xdd00000000000000,3,0
143,term_cut,fig3,0x42ff8000,0,0xdff0000000000000,3,0
143,term_cut,tie_b,0x42ff8000,0,0xdff0000000000000,3,0
143,term_cut,legacy7,0x42ff8000,0,0xdff0000000000000,3,0
143,term_cut,input_anchor,0x42ff8000,0,0xdff0000000000000,3,0
143,term_cut,exact_residual,0x42ff8000,0,0xdff0000000000000,3,0
143,term_cut,guard1_pack12,0x42ff8000,0,0xdff0000000000000,3,0
143,term_cut,guard12_pack12,0x42ff4000,0,0xdfe8000000000000,3,0
143,term_cut,source_uncut,0x42ff7558,0,0xdfeeab0000000000,3,0
143,term_cut,post_sum_pack12,0x42ff4000,0,0xdfe8000000000000,3,0
143,term_cut,signed_floor,0x42ff4000,0,0xdfe8000000000000,3,0
144,guard_depth,fig3,0x42ff8000,0,0xdff0000000000000,3,0
144,guard_depth,tie_b,0x42ff8000,0,0xdff0000000000000,3,0
144,guard_depth,legacy7,0x42ff8000,0,0xdff0000000000000,3,0
144,guard_depth,input_anchor,0x42ff8000,0,0xdff0000000000000,3,0
144,guard_depth,exact_residual,0x42ff8000,0,0xdff0000000000000,3,0
144,guard_depth,guard1_pack12,0x42ff8000,0,0xdff0000000000000,3,0
144,guard_depth,guard12_pack12,0x42ff4000,0,0xdfe8000000000000,3,0
144,guard_depth,source_uncut,0x42ff7558,0,0xdfeeab0000000000,3,0
144,guard_depth,post_sum_pack12,0x42ff4000,0,0xdfe8000000000000,3,0
144,guard_depth,signed_floor,0x42ff4000,0,0xdfe8000000000000,3,0
145,post_sum_cut,fig3,0x42ff8000,0,0xdff0000000000000,3,0
145,post_sum_cut,tie_b,0x42ff8000,0,0xdff0000000000000,3,0
145,post_sum_cut,legacy7,0x42ff8000,0,0xdff0000000000000,3,0
145,post_sum_cut,input_anchor,0x42ff8000,0,0xdff0000000000000,3,0
145,post_sum_cut,exact_residual,0x42ff8000,0,0xdff0000000000000,3,0
145,post_sum_cut,guard1_pack12,0x42ff8000,0,0xdff0000000000000,3,0
145,post_sum_cut,guard12_pack12,0x42ff4000,0,0xdfe8000000000000,3,0
145,post_sum_cut,source_uncut,0x42ff7558,0,0xdfeeab0000000000,3,0
145,post_sum_cut,post_sum_pack12,0x42ff4000,0,0xdfe8000000000000,3,0
145,post_sum_cut,signed_floor,0x42ff4000,0,0xdfe8000000000000,3,0
146,term_cut,fig3,0x4316c000,0,0xe2d8000000000000,3,0
146,term_cut,tie_b,0x4316c000,0,0xe2d8000000000000,3,0
146,term_cut,legacy7,0x4316c000,0,0xe2d8000000000000,3,0
146,term_cut,input_anchor,0x4316c000,0,0xe2d8000000000000,3,0
146,term_cut,exact_residual,0x4316c000,0,0xe2d8000000000000,3,0
146,term_cut,guard1_pack12,0x4316c000,0,0xe2d8000000000000,3,0
146,term_cut,guard12_pack12,0x43168000,0,0xe2d0000000000000,3,0
146,term_cut,source_uncut,0x4316b460,0,0xe2d68c0000000000,3,0
146,term_cut,post_sum_pack12,0x43168000,0,0xe2d0000000000000,3,0
146,term_cut,signed_floor,0x43168000,0,0xe2d0000000000000,3,0
147,guard_depth,fig3,0x4316c000,0,0xe2d8000000000000,3,0
147,guard_depth,tie_b,0x4316c000,0,0xe2d8000000000000,3,0
147,guard_depth,legacy7,0x4316c000,0,0xe2d8000000000000,3,0
147,guard_depth,input_anchor,0x4316c000,0,0xe2d8000000000000,3,0
147,guard_depth,exact_residual,0x4316c000,0,0xe2d8000000000000,3,0
147,guard_depth,guard1_pack12,0x4316c000,0,0xe2d8000000000000,3,0
147,guard_depth,guard12_pack12,0x43168000,0,0xe2d0000000000000,3,0
147,guard_depth,source_uncut,0x4316b460,0,0xe2d68c0000000000,3,0
147,guard_depth,post_sum_pack12,0x43168000,0,0xe2d0000000000000,3,0
147,guard_depth,signed_floor,0x43168000,0,0xe2d0000000000000,3,0
148,post_sum_cut,fig3,0x4316c000,0,0xe2d8000000000000,3,0
148,post_sum_cut,tie_b,0x4316c000,0,0xe2d8000000000000,3,0
148,post_sum_cut,legacy7,0x4316c000,0,0xe2d8000000000000,3,0
148,post_sum_cut,input_anchor,0x4316c000,0,0xe2d8000000000000,3,0
148,post_sum_cut,exact_residual,0x4316c000,0,0xe2d8000000000000,3,0
148,post_sum_cut,guard1_pack12,0x4316c000,0,0xe2d8000000000000,3,0
148,post_sum_cut,guard12_pack12,0x43168000,0,0xe2d0000000000000,3,0
148,post_sum_cut,source_uncut,0x4316b460,0,0xe2d68c0000000000,3,0
148,post_sum_cut,post_sum_pack12,0x43168000,0,0xe2d0000000000000,3,0
148,post_sum_cut,signed_floor,0x43168000,0,0xe2d0000000000000,3,0
149,term_cut,fig3,0x432e0000,0,0xe5c0000000000000,3,0
149,term_cut,tie_b,0x432e0000,0,0xe5c0000000000000,3,0
149,term_cut,legacy7,0x432e0000,0,0xe5c0000000000000,3,0
149,term_cut,input_anchor,0x432e0000,0,0xe5c0000000000000,3,0
149,term_cut,exact_residual,0x432e0000,0,0xe5c0000000000000,3,0
149,term_cut,guard1_pack12,0x432e0000,0,0xe5c0000000000000,3,0
149,term_cut,guard12_pack12,0x432dc000,0,0xe5b8000000000000,3,0
149,term_cut,source_uncut,0x432df368,0,0xe5be6d0000000000,3,0
149,term_cut,post_sum_pack12,0x432dc000,0,0xe5b8000000000000,3,0
149,term_cut,signed_floor,0x432dc000,0,0xe5b8000000000000,3,0
150,guard_depth,fig3,0x432e0000,0,0xe5c0000000000000,3,0
150,guard_depth,tie_b,0x432e0000,0,0xe5c0000000000000,3,0
150,guard_depth,legacy7,0x432e0000,0,0xe5c0000000000000,3,0
150,guard_depth,input_anchor,0x432e0000,0,0xe5c0000000000000,3,0
150,guard_depth,exact_residual,0x432e0000,0,0xe5c0000000000000,3,0
150,guard_depth,guard1_pack12,0x432e0000,0,0xe5c0000000000000,3,0
150,guard_depth,guard12_pack12,0x432dc000,0,0xe5b8000000000000,3,0
150,guard_depth,source_uncut,0x432df368,0,0xe5be6d0000000000,3,0
150,guard_depth,post_sum_pack12,0x432dc000,0,0xe5b8000000000000,3,0
150,guard_depth,signed_floor,0x432dc000,0,0xe5b8000000000000,3,0
151,post_sum_cut,fig3,0x432e0000,0,0xe5c0000000000000,3,0
151,post_sum_cut,tie_b,0x432e0000,0,0xe5c0000000000000,3,0
151,post_sum_cut,legacy7,0x432e0000,0,0xe5c0000000000000,3,0
151,post_sum_cut,input_anchor,0x432e0000,0,0xe5c0000000000000,3,0
151,post_sum_cut,exact_residual,0x432e0000,0,0xe5c0000000000000,3,0
151,post_sum_cut,guard1_pack12,0x432e0000,0,0xe5c0000000000000,3,0
151,post_sum_cut,guard12_pack12,0x432dc000,0,0xe5b8000000000000,3,0
151,post_sum_cut,source_uncut,0x432df368,0,0xe5be6d0000000000,3,0
151,post_sum_cut,post_sum_pack12,0x432dc000,0,0xe5b8000000000000,3,0
151,post_sum_cut,signed_floor,0x432dc000,0,0xe5b8000000000000,3,0
152,term_cut,fig3,0x43454000,0,0xe8a8000000000000,3,0
152,term_cut,tie_b,0x43454000,0,0xe8a8000000000000,3,0
152,term_cut,legacy7,0x43454000,0,0xe8a8000000000000,3,0
152,term_cut,input_anchor,0x43454000,0,0xe8a8000000000000,3,0
152,term_cut,exact_residual,0x43454000,0,0xe8a8000000000000,3,0
152,term_cut,guard1_pack12,0x43454000,0,0xe8a8000000000000,3,0
152,term_cut,guard12_pack12,0x43450000,0,0xe8a0000000000000,3,0
152,term_cut,source_uncut,0x43453270,0,0xe8a64e0000000000,3,0
152,term_cut,post_sum_pack12,0x43450000,0,0xe8a0000000000000,3,0
152,term_cut,signed_floor,0x43450000,0,0xe8a0000000000000,3,0
153,guard_depth,fig3,0x43454000,0,0xe8a8000000000000,3,0
153,guard_depth,tie_b,0x43454000,0,0xe8a8000000000000,3,0
153,guard_depth,legacy7,0x43454000,0,0xe8a8000000000000,3,0
153,guard_depth,input_anchor,0x43454000,0,0xe8a8000000000000,3,0
153,guard_depth,exact_residual,0x43454000,0,0xe8a8000000000000,3,0
153,guard_depth,guard1_pack12,0x43454000,0,0xe8a8000000000000,3,0
153,guard_depth,guard12_pack12,0x43450000,0,0xe8a0000000000000,3,0
153,guard_depth,source_uncut,0x43453270,0,0xe8a64e0000000000,3,0
153,guard_depth,post_sum_pack12,0x43450000,0,0xe8a0000000000000,3,0
153,guard_depth,signed_floor,0x43450000,0,0xe8a0000000000000,3,0
154,post_sum_cut,fig3,0x43454000,0,0xe8a8000000000000,3,0
154,post_sum_cut,tie_b,0x43454000,0,0xe8a8000000000000,3,0
154,post_sum_cut,legacy7,0x43454000,0,0xe8a8000000000000,3,0
154,post_sum_cut,input_anchor,0x43454000,0,0xe8a8000000000000,3,0
154,post_sum_cut,exact_residual,0x43454000,0,0xe8a8000000000000,3,0
154,post_sum_cut,guard1_pack12,0x43454000,0,0xe8a8000000000000,3,0
154,post_sum_cut,guard12_pack12,0x43450000,0,0xe8a0000000000000,3,0
154,post_sum_cut,source_uncut,0x43453270,0,0xe8a64e0000000000,3,0
154,post_sum_cut,post_sum_pack12,0x43450000,0,0xe8a0000000000000,3,0
154,post_sum_cut,signed_floor,0x43450000,0,0xe8a0000000000000,3,0
155,term_cut,fig3,0x435c8000,0,0xeb90000000000000,3,0
155,term_cut,tie_b,0x435c8000,0,0xeb90000000000000,3,0
155,term_cut,legacy7,0x435c8000,0,0xeb90000000000000,3,0
155,term_cut,input_anchor,0x435c8000,0,0xeb90000000000000,3,0
155,term_cut,exact_residual,0x435c8000,0,0xeb90000000000000,3,0
155,term_cut,guard1_pack12,0x435c8000,0,0xeb90000000000000,3,0
155,term_cut,guard12_pack12,0x435c4000,0,0xeb88000000000000,3,0
155,term_cut,source_uncut,0x435c7178,0,0xeb8e2f0000000000,3,0
155,term_cut,post_sum_pack12,0x435c4000,0,0xeb88000000000000,3,0
155,term_cut,signed_floor,0x435c4000,0,0xeb88000000000000,3,0
156,guard_depth,fig3,0x435c8000,0,0xeb90000000000000,3,0
156,guard_depth,tie_b,0x435c8000,0,0xeb90000000000000,3,0
156,guard_depth,legacy7,0x435c8000,0,0xeb90000000000000,3,0
156,guard_depth,input_anchor,0x435c8000,0,0xeb90000000000000,3,0
156,guard_depth,exact_residual,0x435c8000,0,0xeb90000000000000,3,0
156,guard_depth,guard1_pack12,0x435c8000,0,0xeb90000000000000,3,0
156,guard_depth,guard12_pack12,0x435c4000,0,0xeb88000000000000,3,0
156,guard_depth,source_uncut,0x435c7178,0,0xeb8e2f0000000000,3,0
156,guard_depth,post_sum_pack12,0x435c4000,0,0xeb88000000000000,3,0
156,guard_depth,signed_floor,0x435c4000,0,0xeb88000000000000,3,0
157,post_sum_cut,fig3,0x435c8000,0,0xeb90000000000000,3,0
157,post_sum_cut,tie_b,0x435c8000,0,0xeb90000000000000,3,0
157,post_sum_cut,legacy7,0x435c8000,0,0xeb90000000000000,3,0
157,post_sum_cut,input_anchor,0x435c8000,0,0xeb90000000000000,3,0
157,post_sum_cut,exact_residual,0x435c8000,0,0xeb90000000000000,3,0
157,post_sum_cut,guard1_pack12,0x435c8000,0,0xeb90000000000000,3,0
157,post_sum_cut,guard12_pack12,0x435c4000,0,0xeb88000000000000,3,0
157,post_sum_cut,source_uncut,0x435c7178,0,0xeb8e2f0000000000,3,0
157,post_sum_cut,post_sum_pack12,0x435c4000,0,0xeb88000000000000,3,0
157,post_sum_cut,signed_floor,0x435c4000,0,0xeb88000000000000,3,0
158,term_cut,fig3,0x4373c000,0,0xee78000000000000,3,0
158,term_cut,tie_b,0x4373c000,0,0xee78000000000000,3,1
158,term_cut,legacy7,0x4373c000,0,0xee78000000000000,3,0
158,term_cut,input_anchor,0x4373c000,0,0xee78000000000000,3,0
158,term_cut,exact_residual,0x4373c000,0,0xee78000000000000,3,0
158,term_cut,guard1_pack12,0x4373c000,0,0xee78000000000000,3,0
158,term_cut,guard12_pack12,0x43738000,0,0xee70000000000000,3,0
158,term_cut,source_uncut,0x4373b080,0,0xee76100000000000,3,0
158,term_cut,post_sum_pack12,0x43738000,0,0xee70000000000000,3,0
158,term_cut,signed_floor,0x43738000,0,0xee70000000000000,3,0
159,guard_depth,fig3,0x4373c000,0,0xee78000000000000,3,0
159,guard_depth,tie_b,0x4373c000,0,0xee78000000000000,3,1
159,guard_depth,legacy7,0x4373c000,0,0xee78000000000000,3,0
159,guard_depth,input_anchor,0x4373c000,0,0xee78000000000000,3,0
159,guard_depth,exact_residual,0x4373c000,0,0xee78000000000000,3,0
159,guard_depth,guard1_pack12,0x4373c000,0,0xee78000000000000,3,0
159,guard_depth,guard12_pack12,0x43738000,0,0xee70000000000000,3,0
159,guard_depth,source_uncut,0x4373b080,0,0xee76100000000000,3,0
159,guard_depth,post_sum_pack12,0x43738000,0,0xee70000000000000,3,0
159,guard_depth,signed_floor,0x43738000,0,0xee70000000000000,3,0
160,post_sum_cut,fig3,0x4373c000,0,0xee78000000000000,3,0
160,post_sum_cut,tie_b,0x4373c000,0,0xee78000000000000,3,1
160,post_sum_cut,legacy7,0x4373c000,0,0xee78000000000000,3,0
160,post_sum_cut,input_anchor,0x4373c000,0,0xee78000000000000,3,0
160,post_sum_cut,exact_residual,0x4373c000,0,0xee78000000000000,3,0
160,post_sum_cut,guard1_pack12,0x4373c000,0,0xee78000000000000,3,0
160,post_sum_cut,guard12_pack12,0x43738000,0,0xee70000000000000,3,0
160,post_sum_cut,source_uncut,0x4373b080,0,0xee76100000000000,3,0
160,post_sum_cut,post_sum_pack12,0x43738000,0,0xee70000000000000,3,0
160,post_sum_cut,signed_floor,0x43738000,0,0xee70000000000000,3,0
161,term_cut,fig3,0x438b4000,0,0xf168000000000000,3,1
161,term_cut,tie_b,0x438b4000,0,0xf168000000000000,3,1
161,term_cut,legacy7,0x438b4000,0,0xf168000000000000,3,1
161,term_cut,input_anchor,0x438b4000,0,0xf168000000000000,3,1
161,term_cut,exact_residual,0x438b4000,0,0xf168000000000000,3,1
161,term_cut,guard1_pack12,0x438b8000,0,0xf170000000000000,3,1
161,term_cut,guard12_pack12,0x438b8000,0,0xf170000000000000,3,1
161,term_cut,source_uncut,0x438baf80,0,0xf175f00000000000,3,1
161,term_cut,post_sum_pack12,0x438b8000,0,0xf170000000000000,3,1
161,term_cut,signed_floor,0x438b4000,0,0xf168000000000000,3,1
162,post_sum_cut,fig3,0x438b4000,0,0xf168000000000000,3,1
162,post_sum_cut,tie_b,0x438b4000,0,0xf168000000000000,3,1
162,post_sum_cut,legacy7,0x438b4000,0,0xf168000000000000,3,1
162,post_sum_cut,input_anchor,0x438b4000,0,0xf168000000000000,3,1
162,post_sum_cut,exact_residual,0x438b4000,0,0xf168000000000000,3,1
162,post_sum_cut,guard1_pack12,0x438b8000,0,0xf170000000000000,3,1
162,post_sum_cut,guard12_pack12,0x438b8000,0,0xf170000000000000,3,1
162,post_sum_cut,source_uncut,0x438baf80,0,0xf175f00000000000,3,1
162,post_sum_cut,post_sum_pack12,0x438b8000,0,0xf170000000000000,3,1
162,post_sum_cut,signed_floor,0x438b4000,0,0xf168000000000000,3,1
163,term_cut,fig3,0x43a24000,0,0xf448000000000000,3,0
163,term_cut,tie_b,0x43a24000,0,0xf448000000000000,3,0
163,term_cut,legacy7,0x43a24000,0,0xf448000000000000,3,0
163,term_cut,input_anchor,0x43a24000,0,0xf448000000000000,3,0
163,term_cut,exact_residual,0x43a24000,0,0xf448000000000000,3,0
163,term_cut,guard1_pack12,0x43a24000,0,0xf448000000000000,3,0
163,term_cut,guard12_pack12,0x43a20000,0,0xf440000000000000,3,0
163,term_cut,source_uncut,0x43a22e90,0,0xf445d20000000000,3,0
163,term_cut,post_sum_pack12,0x43a20000,0,0xf440000000000000,3,0
163,term_cut,signed_floor,0x43a20000,0,0xf440000000000000,3,0
164,guard_depth,fig3,0x43a24000,0,0xf448000000000000,3,0
164,guard_depth,tie_b,0x43a24000,0,0xf448000000000000,3,0
164,guard_depth,legacy7,0x43a24000,0,0xf448000000000000,3,0
164,guard_depth,input_anchor,0x43a24000,0,0xf448000000000000,3,0
164,guard_depth,exact_residual,0x43a24000,0,0xf448000000000000,3,0
164,guard_depth,guard1_pack12,0x43a24000,0,0xf448000000000000,3,0
164,guard_depth,guard12_pack12,0x43a20000,0,0xf440000000000000,3,0
164,guard_depth,source_uncut,0x43a22e90,0,0xf445d20000000000,3,0
164,guard_depth,post_sum_pack12,0x43a20000,0,0xf440000000000000,3,0
164,guard_depth,signed_floor,0x43a20000,0,0xf440000000000000,3,0
165,post_sum_cut,fig3,0x43a24000,0,0xf448000000000000,3,0
165,post_sum_cut,tie_b,0x43a24000,0,0xf448000000000000,3,0
165,post_sum_cut,legacy7,0x43a24000,0,0xf448000000000000,3,0
165,post_sum_cut,input_anchor,0x43a24000,0,0xf448000000000000,3,0
165,post_sum_cut,exact_residual,0x43a24000,0,0xf448000000000000,3,0
165,post_sum_cut,guard1_pack12,0x43a24000,0,0xf448000000000000,3,0
165,post_sum_cut,guard12_pack12,0x43a20000,0,0xf440000000000000,3,0
165,post_sum_cut,source_uncut,0x43a22e90,0,0xf445d20000000000,3,0
165,post_sum_cut,post_sum_pack12,0x43a20000,0,0xf440000000000000,3,0
165,post_sum_cut,signed_floor,0x43a20000,0,0xf440000000000000,3,0
166,term_cut,fig3,0x43b98000,0,0xf730000000000000,3,0
166,term_cut,tie_b,0x43b98000,0,0xf730000000000000,3,0
166,term_cut,legacy7,0x43b98000,0,0xf730000000000000,3,0
166,term_cut,input_anchor,0x43b98000,0,0xf730000000000000,3,0
166,term_cut,exact_residual,0x43b98000,0,0xf730000000000000,3,0
166,term_cut,guard1_pack12,0x43b98000,0,0xf730000000000000,3,0
166,term_cut,guard12_pack12,0x43b94000,0,0xf728000000000000,3,0
166,term_cut,source_uncut,0x43b96d98,0,0xf72db30000000000,3,0
166,term_cut,post_sum_pack12,0x43b94000,0,0xf728000000000000,3,0
166,term_cut,signed_floor,0x43b94000,0,0xf728000000000000,3,0
167,guard_depth,fig3,0x43b98000,0,0xf730000000000000,3,0
167,guard_depth,tie_b,0x43b98000,0,0xf730000000000000,3,0
167,guard_depth,legacy7,0x43b98000,0,0xf730000000000000,3,0
167,guard_depth,input_anchor,0x43b98000,0,0xf730000000000000,3,0
167,guard_depth,exact_residual,0x43b98000,0,0xf730000000000000,3,0
167,guard_depth,guard1_pack12,0x43b98000,0,0xf730000000000000,3,0
167,guard_depth,guard12_pack12,0x43b94000,0,0xf728000000000000,3,0
167,guard_depth,source_uncut,0x43b96d98,0,0xf72db30000000000,3,0
167,guard_depth,post_sum_pack12,0x43b94000,0,0xf728000000000000,3,0
167,guard_depth,signed_floor,0x43b94000,0,0xf728000000000000,3,0
168,post_sum_cut,fig3,0x43b98000,0,0xf730000000000000,3,0
168,post_sum_cut,tie_b,0x43b98000,0,0xf730000000000000,3,0
168,post_sum_cut,legacy7,0x43b98000,0,0xf730000000000000,3,0
168,post_sum_cut,input_anchor,0x43b98000,0,0xf730000000000000,3,0
168,post_sum_cut,exact_residual,0x43b98000,0,0xf730000000000000,3,0
168,post_sum_cut,guard1_pack12,0x43b98000,0,0xf730000000000000,3,0
168,post_sum_cut,guard12_pack12,0x43b94000,0,0xf728000000000000,3,0
168,post_sum_cut,source_uncut,0x43b96d98,0,0xf72db30000000000,3,0
168,post_sum_cut,post_sum_pack12,0x43b94000,0,0xf728000000000000,3,0
168,post_sum_cut,signed_floor,0x43b94000,0,0xf728000000000000,3,0
169,term_cut,fig3,0x43d0c000,0,0xfa18000000000000,3,0
169,term_cut,tie_b,0x43d0c000,0,0xfa18000000000000,3,0
169,term_cut,legacy7,0x43d0c000,0,0xfa18000000000000,3,0
169,term_cut,input_anchor,0x43d0c000,0,0xfa18000000000000,3,0
169,term_cut,exact_residual,0x43d0c000,0,0xfa18000000000000,3,0
169,term_cut,guard1_pack12,0x43d0c000,0,0xfa18000000000000,3,0
169,term_cut,guard12_pack12,0x43d08000,0,0xfa10000000000000,3,0
169,term_cut,source_uncut,0x43d0aca0,0,0xfa15940000000000,3,0
169,term_cut,post_sum_pack12,0x43d08000,0,0xfa10000000000000,3,0
169,term_cut,signed_floor,0x43d08000,0,0xfa10000000000000,3,0
170,guard_depth,fig3,0x43d0c000,0,0xfa18000000000000,3,0
170,guard_depth,tie_b,0x43d0c000,0,0xfa18000000000000,3,0
170,guard_depth,legacy7,0x43d0c000,0,0xfa18000000000000,3,0
170,guard_depth,input_anchor,0x43d0c000,0,0xfa18000000000000,3,0
170,guard_depth,exact_residual,0x43d0c000,0,0xfa18000000000000,3,0
170,guard_depth,guard1_pack12,0x43d0c000,0,0xfa18000000000000,3,0
170,guard_depth,guard12_pack12,0x43d08000,0,0xfa10000000000000,3,0
170,guard_depth,source_uncut,0x43d0aca0,0,0xfa15940000000000,3,0
170,guard_depth,post_sum_pack12,0x43d08000,0,0xfa10000000000000,3,0
170,guard_depth,signed_floor,0x43d08000,0,0xfa10000000000000,3,0
171,post_sum_cut,fig3,0x43d0c000,0,0xfa18000000000000,3,0
171,post_sum_cut,tie_b,0x43d0c000,0,0xfa18000000000000,3,0
171,post_sum_cut,legacy7,0x43d0c000,0,0xfa18000000000000,3,0
171,post_sum_cut,input_anchor,0x43d0c000,0,0xfa18000000000000,3,0
171,post_sum_cut,exact_residual,0x43d0c000,0,0xfa18000000000000,3,0
171,post_sum_cut,guard1_pack12,0x43d0c000,0,0xfa18000000000000,3,0
171,post_sum_cut,guard12_pack12,0x43d08000,0,0xfa10000000000000,3,0
171,post_sum_cut,source_uncut,0x43d0aca0,0,0xfa15940000000000,3,0
171,post_sum_cut,post_sum_pack12,0x43d08000,0,0xfa10000000000000,3,0
171,post_sum_cut,signed_floor,0x43d08000,0,0xfa10000000000000,3,0
172,term_cut,fig3,0x43e80000,0,0xfd00000000000000,3,0
172,term_cut,tie_b,0x43e80000,0,0xfd00000000000000,3,0
172,term_cut,legacy7,0x43e80000,0,0xfd00000000000000,3,0
172,term_cut,input_anchor,0x43e80000,0,0xfd00000000000000,3,0
172,term_cut,exact_residual,0x43e80000,0,0xfd00000000000000,3,0
172,term_cut,guard1_pack12,0x43e80000,0,0xfd00000000000000,3,0
172,term_cut,guard12_pack12,0x43e7c000,0,0xfcf8000000000000,3,0
172,term_cut,source_uncut,0x43e7eba8,0,0xfcfd750000000000,3,0
172,term_cut,post_sum_pack12,0x43e7c000,0,0xfcf8000000000000,3,0
172,term_cut,signed_floor,0x43e7c000,0,0xfcf8000000000000,3,0
173,guard_depth,fig3,0x43e80000,0,0xfd00000000000000,3,0
173,guard_depth,tie_b,0x43e80000,0,0xfd00000000000000,3,0
173,guard_depth,legacy7,0x43e80000,0,0xfd00000000000000,3,0
173,guard_depth,input_anchor,0x43e80000,0,0xfd00000000000000,3,0
173,guard_depth,exact_residual,0x43e80000,0,0xfd00000000000000,3,0
173,guard_depth,guard1_pack12,0x43e80000,0,0xfd00000000000000,3,0
173,guard_depth,guard12_pack12,0x43e7c000,0,0xfcf8000000000000,3,0
173,guard_depth,source_uncut,0x43e7eba8,0,0xfcfd750000000000,3,0
173,guard_depth,post_sum_pack12,0x43e7c000,0,0xfcf8000000000000,3,0
173,guard_depth,signed_floor,0x43e7c000,0,0xfcf8000000000000,3,0
174,post_sum_cut,fig3,0x43e80000,0,0xfd00000000000000,3,0
174,post_sum_cut,tie_b,0x43e80000,0,0xfd00000000000000,3,0
174,post_sum_cut,legacy7,0x43e80000,0,0xfd00000000000000,3,0
174,post_sum_cut,input_anchor,0x43e80000,0,0xfd00000000000000,3,0
174,post_sum_cut,exact_residual,0x43e80000,0,0xfd00000000000000,3,0
174,post_sum_cut,guard1_pack12,0x43e80000,0,0xfd00000000000000,3,0
174,post_sum_cut,guard12_pack12,0x43e7c000,0,0xfcf8000000000000,3,0
174,post_sum_cut,source_uncut,0x43e7eba8,0,0xfcfd750000000000,3,0
174,post_sum_cut,post_sum_pack12,0x43e7c000,0,0xfcf8000000000000,3,0
174,post_sum_cut,signed_floor,0x43e7c000,0,0xfcf8000000000000,3,0
175,term_cut,fig3,0x43ff4000,0,0xffe8000000000000,3,0
175,term_cut,tie_b,0x43ff4000,0,0xffe8000000000000,3,0
175,term_cut,legacy7,0x43ff4000,0,0xffe8000000000000,3,0
175,term_cut,input_anchor,0x43ff4000,0,0xffe8000000000000,3,0
175,term_cut,exact_residual,0x43ff4000,0,0xffe8000000000000,3,0
175,term_cut,guard1_pack12,0x43ff4000,0,0xffe8000000000000,3,0
175,term_cut,guard12_pack12,0x43ff0000,0,0xffe0000000000000,3,0
175,term_cut,source_uncut,0x43ff2ab0,0,0xffe5560000000000,3,0
175,term_cut,post_sum_pack12,0x43ff0000,0,0xffe0000000000000,3,0
175,term_cut,signed_floor,0x43ff0000,0,0xffe0000000000000,3,0
176,guard_depth,fig3,0x43ff4000,0,0xffe8000000000000,3,0
176,guard_depth,tie_b,0x43ff4000,0,0xffe8000000000000,3,0
176,guard_depth,legacy7,0x43ff4000,0,0xffe8000000000000,3,0
176,guard_depth,input_anchor,0x43ff4000,0,0xffe8000000000000,3,0
176,guard_depth,exact_residual,0x43ff4000,0,0xffe8000000000000,3,0
176,guard_depth,guard1_pack12,0x43ff4000,0,0xffe8000000000000,3,0
176,guard_depth,guard12_pack12,0x43ff0000,0,0xffe0000000000000,3,0
176,guard_depth,source_uncut,0x43ff2ab0,0,0xffe5560000000000,3,0
176,guard_depth,post_sum_pack12,0x43ff0000,0,0xffe0000000000000,3,0
176,guard_depth,signed_floor,0x43ff0000,0,0xffe0000000000000,3,0
177,post_sum_cut,fig3,0x43ff4000,0,0xffe8000000000000,3,0
177,post_sum_cut,tie_b,0x43ff4000,0,0xffe8000000000000,3,0
177,post_sum_cut,legacy7,0x43ff4000,0,0xffe8000000000000,3,0
177,post_sum_cut,input_anchor,0x43ff4000,0,0xffe8000000000000,3,0
177,post_sum_cut,exact_residual,0x43ff4000,0,0xffe8000000000000,3,0
177,post_sum_cut,guard1_pack12,0x43ff4000,0,0xffe8000000000000,3,0
177,post_sum_cut,guard12_pack12,0x43ff0000,0,0xffe0000000000000,3,0
177,post_sum_cut,source_uncut,0x43ff2ab0,0,0xffe5560000000000,3,0
177,post_sum_cut,post_sum_pack12,0x43ff0000,0,0xffe0000000000000,3,0
177,post_sum_cut,signed_floor,0x43ff0000,0,0xffe0000000000000,3,0
178,term_cut,fig3,0x440b4000,1,0x8168000000000000,3,0
178,term_cut,tie_b,0x440b4000,1,0x8168000000000000,3,0
178,term_cut,legacy7,0x440b4000,1,0x8168000000000000,3,0
178,term_cut,input_anchor,0x440b4000,1,0x8168000000000000,3,0
178,term_cut,exact_residual,0x440b4000,1,0x8168000000000000,3,0
178,term_cut,guard1_pack12,0x440b4000,1,0x8168000000000000,3,0
178,term_cut,guard12_pack12,0x440b0000,1,0x8160000000000000,3,0
178,term_cut,source_uncut,0x440b34dc,1,0x81669b8000000000,3,0
178,term_cut,post_sum_pack12,0x440b0000,1,0x8160000000000000,3,0
178,term_cut,signed_floor,0x440b0000,1,0x8160000000000000,3,0
179,guard_depth,fig3,0x440b4000,1,0x8168000000000000,3,0
179,guard_depth,tie_b,0x440b4000,1,0x8168000000000000,3,0
179,guard_depth,legacy7,0x440b4000,1,0x8168000000000000,3,0
179,guard_depth,input_anchor,0x440b4000,1,0x8168000000000000,3,0
179,guard_depth,exact_residual,0x440b4000,1,0x8168000000000000,3,0
179,guard_depth,guard1_pack12,0x440b4000,1,0x8168000000000000,3,0
179,guard_depth,guard12_pack12,0x440b0000,1,0x8160000000000000,3,0
179,guard_depth,source_uncut,0x440b34dc,1,0x81669b8000000000,3,0
179,guard_depth,post_sum_pack12,0x440b0000,1,0x8160000000000000,3,0
179,guard_depth,signed_floor,0x440b0000,1,0x8160000000000000,3,0
180,post_sum_cut,fig3,0x440b4000,1,0x8168000000000000,3,0
180,post_sum_cut,tie_b,0x440b4000,1,0x8168000000000000,3,0
180,post_sum_cut,legacy7,0x440b4000,1,0x8168000000000000,3,0
180,post_sum_cut,input_anchor,0x440b4000,1,0x8168000000000000,3,0
180,post_sum_cut,exact_residual,0x440b4000,1,0x8168000000000000,3,0
180,post_sum_cut,guard1_pack12,0x440b4000,1,0x8168000000000000,3,0
180,post_sum_cut,guard12_pack12,0x440b0000,1,0x8160000000000000,3,0
180,post_sum_cut,source_uncut,0x440b34dc,1,0x81669b8000000000,3,0
180,post_sum_cut,post_sum_pack12,0x440b0000,1,0x8160000000000000,3,0
180,post_sum_cut,signed_floor,0x440b0000,1,0x8160000000000000,3,0
181,term_cut,fig3,0x440b4000,1,0x8168000000000000,4,0
181,term_cut,tie_b,0x440b4000,1,0x8168000000000000,4,0
181,term_cut,legacy7,0x440b4000,1,0x8168000000000000,4,0
181,term_cut,input_anchor,0x440b4000,1,0x8168000000000000,4,0
181,term_cut,exact_residual,0x440b4000,1,0x8168000000000000,3,0
181,term_cut,guard1_pack12,0x440b4000,1,0x8168000000000000,4,0
181,term_cut,guard12_pack12,0x440b0000,1,0x8160000000000000,4,0
181,term_cut,source_uncut,0x440b3fa4,1,0x8167f48000000000,4,0
181,term_cut,post_sum_pack12,0x440b0000,1,0x8160000000000000,4,0
181,term_cut,signed_floor,0x440b0000,1,0x8160000000000000,4,0
182,guard_depth,fig3,0x440b4000,1,0x8168000000000000,4,0
182,guard_depth,tie_b,0x440b4000,1,0x8168000000000000,4,0
182,guard_depth,legacy7,0x440b4000,1,0x8168000000000000,4,0
182,guard_depth,input_anchor,0x440b4000,1,0x8168000000000000,4,0
182,guard_depth,exact_residual,0x440b4000,1,0x8168000000000000,3,0
182,guard_depth,guard1_pack12,0x440b4000,1,0x8168000000000000,4,0
182,guard_depth,guard12_pack12,0x440b0000,1,0x8160000000000000,4,0
182,guard_depth,source_uncut,0x440b3fa4,1,0x8167f48000000000,4,0
182,guard_depth,post_sum_pack12,0x440b0000,1,0x8160000000000000,4,0
182,guard_depth,signed_floor,0x440b0000,1,0x8160000000000000,4,0
183,post_sum_cut,fig3,0x440b4000,1,0x8168000000000000,4,0
183,post_sum_cut,tie_b,0x440b4000,1,0x8168000000000000,4,0
183,post_sum_cut,legacy7,0x440b4000,1,0x8168000000000000,4,0
183,post_sum_cut,input_anchor,0x440b4000,1,0x8168000000000000,4,0
183,post_sum_cut,exact_residual,0x440b4000,1,0x8168000000000000,3,0
183,post_sum_cut,guard1_pack12,0x440b4000,1,0x8168000000000000,4,0
183,post_sum_cut,guard12_pack12,0x440b0000,1,0x8160000000000000,4,0
183,post_sum_cut,source_uncut,0x440b3fa4,1,0x8167f48000000000,4,0
183,post_sum_cut,post_sum_pack12,0x440b0000,1,0x8160000000000000,4,0
183,post_sum_cut,signed_floor,0x440b0000,1,0x8160000000000000,4,0
184,term_cut,fig3,0x44228000,1,0x8450000000000000,3,0
184,term_cut,tie_b,0x44228000,1,0x8450000000000000,3,0
184,term_cut,legacy7,0x44228000,1,0x8450000000000000,3,0
184,term_cut,input_anchor,0x44228000,1,0x8450000000000000,3,0
184,term_cut,exact_residual,0x44228000,1,0x8450000000000000,3,0
184,term_cut,guard1_pack12,0x44228000,1,0x8450000000000000,3,0
184,term_cut,guard12_pack12,0x44224000,1,0x8448000000000000,3,0
184,term_cut,source_uncut,0x442273e4,1,0x844e7c8000000000,3,0
184,term_cut,post_sum_pack12,0x44224000,1,0x8448000000000000,3,0
184,term_cut,signed_floor,0x44224000,1,0x8448000000000000,3,0
185,guard_depth,fig3,0x44228000,1,0x8450000000000000,3,0
185,guard_depth,tie_b,0x44228000,1,0x8450000000000000,3,0
185,guard_depth,legacy7,0x44228000,1,0x8450000000000000,3,0
185,guard_depth,input_anchor,0x44228000,1,0x8450000000000000,3,0
185,guard_depth,exact_residual,0x44228000,1,0x8450000000000000,3,0
185,guard_depth,guard1_pack12,0x44228000,1,0x8450000000000000,3,0
185,guard_depth,guard12_pack12,0x44224000,1,0x8448000000000000,3,0
185,guard_depth,source_uncut,0x442273e4,1,0x844e7c8000000000,3,0
185,guard_depth,post_sum_pack12,0x44224000,1,0x8448000000000000,3,0
185,guard_depth,signed_floor,0x44224000,1,0x8448000000000000,3,0
186,post_sum_cut,fig3,0x44228000,1,0x8450000000000000,3,0
186,post_sum_cut,tie_b,0x44228000,1,0x8450000000000000,3,0
186,post_sum_cut,legacy7,0x44228000,1,0x8450000000000000,3,0
186,post_sum_cut,input_anchor,0x44228000,1,0x8450000000000000,3,0
186,post_sum_cut,exact_residual,0x44228000,1,0x8450000000000000,3,0
186,post_sum_cut,guard1_pack12,0x44228000,1,0x8450000000000000,3,0
186,post_sum_cut,guard12_pack12,0x44224000,1,0x8448000000000000,3,0
186,post_sum_cut,source_uncut,0x442273e4,1,0x844e7c8000000000,3,0
186,post_sum_cut,post_sum_pack12,0x44224000,1,0x8448000000000000,3,0
186,post_sum_cut,signed_floor,0x44224000,1,0x8448000000000000,3,0
187,guard_depth,fig3,0x44228000,1,0x8450000000000000,4,0
187,guard_depth,tie_b,0x44228000,1,0x8450000000000000,4,0
187,guard_depth,legacy7,0x44228000,1,0x8450000000000000,4,0
187,guard_depth,input_anchor,0x44228000,1,0x8450000000000000,4,0
187,guard_depth,exact_residual,0x44228000,1,0x8450000000000000,3,0
187,guard_depth,guard1_pack12,0x44228000,1,0x8450000000000000,4,0
187,guard_depth,guard12_pack12,0x44224000,1,0x8448000000000000,4,0
187,guard_depth,source_uncut,0x44227ee8,1,0x844fdd0000000000,4,0
187,guard_depth,post_sum_pack12,0x44224000,1,0x8448000000000000,4,0
187,guard_depth,signed_floor,0x44224000,1,0x8448000000000000,4,0
188,guard_depth,fig3,0x4439c000,1,0x8738000000000000,3,0
188,guard_depth,tie_b,0x4439c000,1,0x8738000000000000,3,0
188,guard_depth,legacy7,0x4439c000,1,0x8738000000000000,3,0
188,guard_depth,input_anchor,0x4439c000,1,0x8738000000000000,3,0
188,guard_depth,exact_residual,0x4439c000,1,0x8738000000000000,3,0
188,guard_depth,guard1_pack12,0x4439c000,1,0x8738000000000000,3,0
188,guard_depth,guard12_pack12,0x44398000,1,0x8730000000000000,3,0
188,guard_depth,source_uncut,0x4439b2ec,1,0x87365d8000000000,3,0
188,guard_depth,post_sum_pack12,0x44398000,1,0x8730000000000000,3,0
188,guard_depth,signed_floor,0x44398000,1,0x8730000000000000,3,0
189,guard_depth,fig3,0x4439c000,1,0x8738000000000000,4,0
189,guard_depth,tie_b,0x4439c000,1,0x8738000000000000,4,0
189,guard_depth,legacy7,0x4439c000,1,0x8738000000000000,4,0
189,guard_depth,input_anchor,0x4439c000,1,0x8738000000000000,4,0
189,guard_depth,exact_residual,0x4439c000,1,0x8738000000000000,3,0
189,guard_depth,guard1_pack12,0x4439c000,1,0x8738000000000000,4,0
189,guard_depth,guard12_pack12,0x44398000,1,0x8730000000000000,4,0
189,guard_depth,source_uncut,0x4439be30,1,0x8737c60000000000,4,0
189,guard_depth,post_sum_pack12,0x44398000,1,0x8730000000000000,4,0
189,guard_depth,signed_floor,0x44398000,1,0x8730000000000000,4,0
190,guard_depth,fig3,0x44510000,1,0x8a20000000000000,3,0
190,guard_depth,tie_b,0x44510000,1,0x8a20000000000000,3,0
190,guard_depth,legacy7,0x44510000,1,0x8a20000000000000,3,0
190,guard_depth,input_anchor,0x44510000,1,0x8a20000000000000,3,0
190,guard_depth,exact_residual,0x44510000,1,0x8a20000000000000,3,0
190,guard_depth,guard1_pack12,0x44510000,1,0x8a20000000000000,3,0
190,guard_depth,guard12_pack12,0x4450c000,1,0x8a18000000000000,3,0
190,guard_depth,source_uncut,0x4450f1f4,1,0x8a1e3e8000000000,3,0
190,guard_depth,post_sum_pack12,0x4450c000,1,0x8a18000000000000,3,0
190,guard_depth,signed_floor,0x4450c000,1,0x8a18000000000000,3,0
191,guard_depth,fig3,0x44510000,1,0x8a20000000000000,4,0
191,guard_depth,tie_b,0x44510000,1,0x8a20000000000000,4,0
191,guard_depth,legacy7,0x44510000,1,0x8a20000000000000,4,0
191,guard_depth,input_anchor,0x44510000,1,0x8a20000000000000,4,0
191,guard_depth,exact_residual,0x44510000,1,0x8a20000000000000,3,0
191,guard_depth,guard1_pack12,0x44510000,1,0x8a20000000000000,4,0
191,guard_depth,guard12_pack12,0x4450c000,1,0x8a18000000000000,4,0
191,guard_depth,source_uncut,0x4450fd74,1,0x8a1fae8000000000,4,0
191,guard_depth,post_sum_pack12,0x4450c000,1,0x8a18000000000000,4,0
191,guard_depth,signed_floor,0x4450c000,1,0x8a18000000000000,4,0
192,guard_depth,fig3,0x44684000,1,0x8d08000000000000,3,0
192,guard_depth,tie_b,0x44684000,1,0x8d08000000000000,3,0
192,guard_depth,legacy7,0x44684000,1,0x8d08000000000000,3,0
192,guard_depth,input_anchor,0x44684000,1,0x8d08000000000000,3,0
192,guard_depth,exact_residual,0x44684000,1,0x8d08000000000000,3,0
192,guard_depth,guard1_pack12,0x44684000,1,0x8d08000000000000,3,0
192,guard_depth,guard12_pack12,0x44680000,1,0x8d00000000000000,3,0
192,guard_depth,source_uncut,0x446830fc,1,0x8d061f8000000000,3,0
192,guard_depth,post_sum_pack12,0x44680000,1,0x8d00000000000000,3,0
192,guard_depth,signed_floor,0x44680000,1,0x8d00000000000000,3,0
193,anchor_cut,fig3,0x44800000,1,0x9000000000000000,2,1
193,anchor_cut,tie_b,0x44800000,1,0x9000000000000000,2,1
193,anchor_cut,legacy7,0x44800000,1,0x9000000000000000,2,1
193,anchor_cut,input_anchor,0x447fc000,1,0x8ff8000000000000,2,1
193,anchor_cut,exact_residual,0x44800000,1,0x9000000000000000,2,1
193,anchor_cut,guard1_pack12,0x447fc000,1,0x8ff8000000000000,2,1
193,anchor_cut,guard12_pack12,0x447fc000,1,0x8ff8000000000000,2,1
193,anchor_cut,source_uncut,0x447fd000,1,0x8ffa000000000000,2,1
193,anchor_cut,post_sum_pack12,0x447fc000,1,0x8ff8000000000000,2,1
193,anchor_cut,signed_floor,0x447fc000,1,0x8ff8000000000000,2,1
194,rnd_boundary,fig3,0x44858000,1,0x90b0000000000000,4,1
194,rnd_boundary,tie_b,0x44858000,1,0x90b0000000000000,4,1
194,rnd_boundary,legacy7,0x44858000,1,0x90b0000000000000,4,1
194,rnd_boundary,input_anchor,0x44858000,1,0x90b0000000000000,4,1
194,rnd_boundary,exact_residual,0x44854000,1,0x90a8000000000000,4,1
194,rnd_boundary,guard1_pack12,0x44858000,1,0x90b0000000000000,4,1
194,rnd_boundary,guard12_pack12,0x44854000,1,0x90a8000000000000,4,1
194,rnd_boundary,source_uncut,0x44856fc4,1,0x90adf88000000000,4,1
194,rnd_boundary,post_sum_pack12,0x44854000,1,0x90a8000000000000,4,1
194,rnd_boundary,signed_floor,0x44850000,1,0x90a0000000000000,4,1
195,anchor_cut,fig3,0x45400000,1,0xa800000000000000,2,1
195,anchor_cut,tie_b,0x45400000,1,0xa800000000000000,2,1
195,anchor_cut,legacy7,0x45400000,1,0xa800000000000000,2,1
195,anchor_cut,input_anchor,0x453fc000,1,0xa7f8000000000000,2,1
195,anchor_cut,exact_residual,0x45400000,1,0xa800000000000000,2,1
195,anchor_cut,guard1_pack12,0x453fc000,1,0xa7f8000000000000,2,1
195,anchor_cut,guard12_pack12,0x453fc000,1,0xa7f8000000000000,2,1
195,anchor_cut,source_uncut,0x453fc800,1,0xa7f9000000000000,2,1
195,anchor_cut,post_sum_pack12,0x453fc000,1,0xa7f8000000000000,2,1
195,anchor_cut,signed_floor,0x453fc000,1,0xa7f8000000000000,2,1
196,anchor_cut,fig3,0x45454000,1,0xa8a8000000000000,4,1
196,anchor_cut,tie_b,0x45454000,1,0xa8a8000000000000,4,1
196,anchor_cut,legacy7,0x45454000,1,0xa8a8000000000000,4,1
196,anchor_cut,input_anchor,0x45450000,1,0xa8a0000000000000,4,1
196,anchor_cut,exact_residual,0x45454000,1,0xa8a8000000000000,4,1
196,anchor_cut,guard1_pack12,0x45450000,1,0xa8a0000000000000,4,1
196,anchor_cut,guard12_pack12,0x45450000,1,0xa8a0000000000000,4,1
196,anchor_cut,source_uncut,0x454507c8,1,0xa8a0f90000000000,4,1
196,anchor_cut,post_sum_pack12,0x45450000,1,0xa8a0000000000000,4,1
196,anchor_cut,signed_floor,0x4544c000,1,0xa898000000000000,4,1
197,anchor_cut,fig3,0x45a00000,1,0xb400000000000000,2,1
197,anchor_cut,tie_b,0x45a00000,1,0xb400000000000000,2,1
197,anchor_cut,legacy7,0x45a00000,1,0xb400000000000000,2,1
197,anchor_cut,input_anchor,0x459fc000,1,0xb3f8000000000000,2,1
197,anchor_cut,exact_residual,0x45a00000,1,0xb400000000000000,2,1
197,anchor_cut,guard1_pack12,0x459fc000,1,0xb3f8000000000000,2,1
197,anchor_cut,guard12_pack12,0x459fc000,1,0xb3f8000000000000,2,1
197,anchor_cut,source_uncut,0x459fc400,1,0xb3f8800000000000,2,1
197,anchor_cut,post_sum_pack12,0x459fc000,1,0xb3f8000000000000,2,1
197,anchor_cut,signed_floor,0x459fc000,1,0xb3f8000000000000,2,1
198,anchor_cut,fig3,0x45a24000,1,0xb448000000000000,4,1
198,anchor_cut,tie_b,0x45a24000,1,0xb448000000000000,4,1
198,anchor_cut,legacy7,0x45a24000,1,0xb448000000000000,4,1
198,anchor_cut,input_anchor,0x45a20000,1,0xb440000000000000,4,1
198,anchor_cut,exact_residual,0x45a24000,1,0xb448000000000000,4,1
198,anchor_cut,guard1_pack12,0x45a20000,1,0xb440000000000000,4,1
198,anchor_cut,guard12_pack12,0x45a20000,1,0xb440000000000000,4,1
198,anchor_cut,source_uncut,0x45a203e8,1,0xb4407d0000000000,4,1
198,anchor_cut,post_sum_pack12,0x45a20000,1,0xb440000000000000,4,1
198,anchor_cut,signed_floor,0x45a1c000,1,0xb438000000000000,4,1
199,anchor_cut,fig3,0x45d00000,1,0xba00000000000000,2,1
199,anchor_cut,tie_b,0x45d00000,1,0xba00000000000000,2,1
199,anchor_cut,legacy7,0x45d00000,1,0xba00000000000000,2,1
199,anchor_cut,input_anchor,0x45cfc000,1,0xb9f8000000000000,2,1
199,anchor_cut,exact_residual,0x45d00000,1,0xba00000000000000,2,1
199,anchor_cut,guard1_pack12,0x45cfc000,1,0xb9f8000000000000,2,1
199,anchor_cut,guard12_pack12,0x45cfc000,1,0xb9f8000000000000,2,1
199,anchor_cut,source_uncut,0x45cfc200,1,0xb9f8400000000000,2,1
199,anchor_cut,post_sum_pack12,0x45cfc000,1,0xb9f8000000000000,2,1
199,anchor_cut,signed_floor,0x45cfc000,1,0xb9f8000000000000,2,1
200,anchor_cut,fig3,0x45e80000,1,0xbd00000000000000,2,1
200,anchor_cut,tie_b,0x45e80000,1,0xbd00000000000000,2,1
200,anchor_cut,legacy7,0x45e80000,1,0xbd00000000000000,2,1
200,anchor_cut,input_anchor,0x45e7c000,1,0xbcf8000000000000,2,1
200,anchor_cut,exact_residual,0x45e80000,1,0xbd00000000000000,2,1
200,anchor_cut,guard1_pack12,0x45e7c000,1,0xbcf8000000000000,2,1
200,anchor_cut,guard12_pack12,0x45e7c000,1,0xbcf8000000000000,2,1
200,anchor_cut,source_uncut,0x45e7c100,1,0xbcf8200000000000,2,1
200,anchor_cut,post_sum_pack12,0x45e7c000,1,0xbcf8000000000000,2,1
200,anchor_cut,signed_floor,0x45e7c000,1,0xbcf8000000000000,2,1
201,anchor_cut,fig3,0x45e80000,1,0xbd00000000000000,2,1
201,anchor_cut,tie_b,0x45e80000,1,0xbd00000000000000,2,1
201,anchor_cut,legacy7,0x45e80000,1,0xbd00000000000000,2,1
201,anchor_cut,input_anchor,0x45e7c000,1,0xbcf8000000000000,2,1
201,anchor_cut,exact_residual,0x45e80000,1,0xbd00000000000000,2,1
201,anchor_cut,guard1_pack12,0x45e7c000,1,0xbcf8000000000000,2,1
201,anchor_cut,guard12_pack12,0x45e7c000,1,0xbcf8000000000000,2,1
201,anchor_cut,source_uncut,0x45e7c100,1,0xbcf8200000000000,2,1
201,anchor_cut,post_sum_pack12,0x45e7c000,1,0xbcf8000000000000,2,1
201,anchor_cut,signed_floor,0x45e7c000,1,0xbcf8000000000000,2,1
202,prefix126_127,fig3,0x45fa0000,1,0xbf40000000000000,2,1
202,prefix126_127,tie_b,0x45fa0000,1,0xbf40000000000000,2,1
202,prefix126_127,legacy7,0x45f94000,1,0xbf28000000000000,2,0
202,prefix126_127,input_anchor,0x45f9c000,1,0xbf38000000000000,2,1
202,prefix126_127,exact_residual,0x45fa0000,1,0xbf40000000000000,2,1
202,prefix126_127,guard1_pack12,0x45f9c000,1,0xbf38000000000000,2,1
202,prefix126_127,guard12_pack12,0x45f9c000,1,0xbf38000000000000,2,1
202,prefix126_127,source_uncut,0x45f9c040,1,0xbf38080000000000,2,1
202,prefix126_127,post_sum_pack12,0x45f9c000,1,0xbf38000000000000,2,1
202,prefix126_127,signed_floor,0x45f9c000,1,0xbf38000000000000,2,1
203,anchor_cut,fig3,0x45fa0000,1,0xbf40000000000000,2,1
203,anchor_cut,tie_b,0x45fa0000,1,0xbf40000000000000,2,1
203,anchor_cut,legacy7,0x45f94000,1,0xbf28000000000000,2,0
203,anchor_cut,input_anchor,0x45f9c000,1,0xbf38000000000000,2,1
203,anchor_cut,exact_residual,0x45fa0000,1,0xbf40000000000000,2,1
203,anchor_cut,guard1_pack12,0x45f9c000,1,0xbf38000000000000,2,1
203,anchor_cut,guard12_pack12,0x45f9c000,1,0xbf38000000000000,2,1
203,anchor_cut,source_uncut,0x45f9c040,1,0xbf38080000000000,2,1
203,anchor_cut,post_sum_pack12,0x45f9c000,1,0xbf38000000000000,2,1
203,anchor_cut,signed_floor,0x45f9c000,1,0xbf38000000000000,2,1
204,prefix126_127,fig3,0x45f9c000,1,0xbf38000000000000,3,1
204,prefix126_127,tie_b,0x45f9c000,1,0xbf38000000000000,3,1
204,prefix126_127,legacy7,0x45f94000,1,0xbf28000000000000,3,0
204,prefix126_127,input_anchor,0x45f98000,1,0xbf30000000000000,3,1
204,prefix126_127,exact_residual,0x45f98000,1,0xbf30000000000000,3,1
204,prefix126_127,guard1_pack12,0x45f98000,1,0xbf30000000000000,3,1
204,prefix126_127,guard12_pack12,0x45f94000,1,0xbf28000000000000,3,1
204,prefix126_127,source_uncut,0x45f96044,1,0xbf2c088000000000,3,1
204,prefix126_127,post_sum_pack12,0x45f94000,1,0xbf28000000000000,3,1
204,prefix126_127,signed_floor,0x45f94000,1,0xbf28000000000000,3,1
205,rnd_boundary,fig3,0x45f9c000,1,0xbf38000000000000,3,1
205,rnd_boundary,tie_b,0x45f9c000,1,0xbf38000000000000,3,1
205,rnd_boundary,legacy7,0x45f94000,1,0xbf28000000000000,3,0
205,rnd_boundary,input_anchor,0x45f98000,1,0xbf30000000000000,3,1
205,rnd_boundary,exact_residual,0x45f98000,1,0xbf30000000000000,3,1
205,rnd_boundary,guard1_pack12,0x45f98000,1,0xbf30000000000000,3,1
205,rnd_boundary,guard12_pack12,0x45f94000,1,0xbf28000000000000,3,1
205,rnd_boundary,source_uncut,0x45f96044,1,0xbf2c088000000000,3,1
205,rnd_boundary,post_sum_pack12,0x45f94000,1,0xbf28000000000000,3,1
205,rnd_boundary,signed_floor,0x45f94000,1,0xbf28000000000000,3,1
206,anchor_cut,fig3,0x45f9c000,1,0xbf38000000000000,3,1
206,anchor_cut,tie_b,0x45f9c000,1,0xbf38000000000000,3,1
206,anchor_cut,legacy7,0x45f94000,1,0xbf28000000000000,3,0
206,anchor_cut,input_anchor,0x45f98000,1,0xbf30000000000000,3,1
206,anchor_cut,exact_residual,0x45f98000,1,0xbf30000000000000,3,1
206,anchor_cut,guard1_pack12,0x45f98000,1,0xbf30000000000000,3,1
206,anchor_cut,guard12_pack12,0x45f94000,1,0xbf28000000000000,3,1
206,anchor_cut,source_uncut,0x45f96044,1,0xbf2c088000000000,3,1
206,anchor_cut,post_sum_pack12,0x45f94000,1,0xbf28000000000000,3,1
206,anchor_cut,signed_floor,0x45f94000,1,0xbf28000000000000,3,1
207,prefix126_127,fig3,0x45f9c000,1,0xbf38000000000000,3,1
207,prefix126_127,tie_b,0x45f9c000,1,0xbf38000000000000,3,1
207,prefix126_127,legacy7,0x45f94000,1,0xbf28000000000000,4,0
207,prefix126_127,input_anchor,0x45f98000,1,0xbf30000000000000,3,1
207,prefix126_127,exact_residual,0x45f98000,1,0xbf30000000000000,4,1
207,prefix126_127,guard1_pack12,0x45f98000,1,0xbf30000000000000,3,1
207,prefix126_127,guard12_pack12,0x45f94000,1,0xbf28000000000000,3,1
207,prefix126_127,source_uncut,0x45f96044,1,0xbf2c088000000000,3,1
207,prefix126_127,post_sum_pack12,0x45f94000,1,0xbf28000000000000,3,1
207,prefix126_127,signed_floor,0x45f94000,1,0xbf28000000000000,3,1
208,rnd_boundary,fig3,0x45f9c000,1,0xbf38000000000000,3,1
208,rnd_boundary,tie_b,0x45f9c000,1,0xbf38000000000000,3,1
208,rnd_boundary,legacy7,0x45f94000,1,0xbf28000000000000,4,0
208,rnd_boundary,input_anchor,0x45f98000,1,0xbf30000000000000,3,1
208,rnd_boundary,exact_residual,0x45f98000,1,0xbf30000000000000,4,1
208,rnd_boundary,guard1_pack12,0x45f98000,1,0xbf30000000000000,3,1
208,rnd_boundary,guard12_pack12,0x45f94000,1,0xbf28000000000000,3,1
208,rnd_boundary,source_uncut,0x45f96044,1,0xbf2c088000000000,3,1
208,rnd_boundary,post_sum_pack12,0x45f94000,1,0xbf28000000000000,3,1
208,rnd_boundary,signed_floor,0x45f94000,1,0xbf28000000000000,3,1
209,anchor_cut,fig3,0x45f9c000,1,0xbf38000000000000,3,1
209,anchor_cut,tie_b,0x45f9c000,1,0xbf38000000000000,3,1
209,anchor_cut,legacy7,0x45f94000,1,0xbf28000000000000,4,0
209,anchor_cut,input_anchor,0x45f98000,1,0xbf30000000000000,3,1
209,anchor_cut,exact_residual,0x45f98000,1,0xbf30000000000000,4,1
209,anchor_cut,guard1_pack12,0x45f98000,1,0xbf30000000000000,3,1
209,anchor_cut,guard12_pack12,0x45f94000,1,0xbf28000000000000,3,1
209,anchor_cut,source_uncut,0x45f96044,1,0xbf2c088000000000,3,1
209,anchor_cut,post_sum_pack12,0x45f94000,1,0xbf28000000000000,3,1
209,anchor_cut,signed_floor,0x45f94000,1,0xbf28000000000000,3,1
210,anchor_cut,fig3,0x45ff4000,1,0xbfe8000000000000,2,1
210,anchor_cut,tie_b,0x45ff4000,1,0xbfe8000000000000,2,1
210,anchor_cut,legacy7,0x45ff4000,1,0xbfe8000000000000,2,0
210,anchor_cut,input_anchor,0x45ff0000,1,0xbfe0000000000000,2,1
210,anchor_cut,exact_residual,0x45ff4000,1,0xbfe8000000000000,2,1
210,anchor_cut,guard1_pack12,0x45ff0000,1,0xbfe0000000000000,2,1
210,anchor_cut,guard12_pack12,0x45ff0000,1,0xbfe0000000000000,2,1
210,anchor_cut,source_uncut,0x45ff0008,1,0xbfe0010000000000,2,1
210,anchor_cut,post_sum_pack12,0x45ff0000,1,0xbfe0000000000000,2,1
210,anchor_cut,signed_floor,0x45ff0000,1,0xbfe0000000000000,2,1
211,prefix126_127,fig3,0x45ff4000,1,0xbfe8000000000000,3,1
211,prefix126_127,tie_b,0x45ff4000,1,0xbfe8000000000000,3,1
211,prefix126_127,legacy7,0x45ff0000,1,0xbfe0000000000000,3,0
211,prefix126_127,input_anchor,0x45ff4000,1,0xbfe8000000000000,3,1
211,prefix126_127,exact_residual,0x45ff4000,1,0xbfe8000000000000,2,1
211,prefix126_127,guard1_pack12,0x45ff4000,1,0xbfe8000000000000,3,1
211,prefix126_127,guard12_pack12,0x45ff0000,1,0xbfe0000000000000,3,1
211,prefix126_127,source_uncut,0x45ff3004,1,0xbfe6008000000000,3,1
211,prefix126_127,post_sum_pack12,0x45ff0000,1,0xbfe0000000000000,3,1
211,prefix126_127,signed_floor,0x45ff0000,1,0xbfe0000000000000,3,1
212,prefix126_127,fig3,0x45ff4000,1,0xbfe8000000000000,4,1
212,prefix126_127,tie_b,0x45ff4000,1,0xbfe8000000000000,4,1
212,prefix126_127,legacy7,0x45ff0000,1,0xbfe0000000000000,4,0
212,prefix126_127,input_anchor,0x45ff4000,1,0xbfe8000000000000,4,1
212,prefix126_127,exact_residual,0x45ff4000,1,0xbfe8000000000000,2,1
212,prefix126_127,guard1_pack12,0x45ff4000,1,0xbfe8000000000000,4,1
212,prefix126_127,guard12_pack12,0x45ff0000,1,0xbfe0000000000000,4,1
212,prefix126_127,source_uncut,0x45ff3000,1,0xbfe6000000000000,4,1
212,prefix126_127,post_sum_pack12,0x45ff0000,1,0xbfe0000000000000,4,1
212,prefix126_127,signed_floor,0x45fec000,1,0xbfd8000000000000,4,1
213,anchor_cut,fig3,0x42000000,0,0xc000000000000000,3,0
213,anchor_cut,tie_b,0x42000000,0,0xc000000000000000,1,1
213,anchor_cut,legacy7,0x42000000,0,0xc000000000000000,3,0
213,anchor_cut,input_anchor,0x42004000,0,0xc008000000000000,3,0
213,anchor_cut,exact_residual,0x42000000,0,0xc000000000000000,2,0
213,anchor_cut,guard1_pack12,0x42004000,0,0xc008000000000000,3,0
213,anchor_cut,guard12_pack12,0x42004000,0,0xc008000000000000,3,0
213,anchor_cut,source_uncut,0x42004000,0,0xc008000000000000,3,0
213,anchor_cut,post_sum_pack12,0x42000000,0,0xc000000000000000,3,0
213,anchor_cut,signed_floor,0x42000000,0,0xc000000000000000,3,0
214,anchor_cut,fig3,0x42000000,0,0xc000000000000000,4,0
214,anchor_cut,tie_b,0x42000000,0,0xc000000000000000,1,1
214,anchor_cut,legacy7,0x42000000,0,0xc000000000000000,4,0
214,anchor_cut,input_anchor,0x42004000,0,0xc008000000000000,4,0
214,anchor_cut,exact_residual,0x42000000,0,0xc000000000000000,2,0
214,anchor_cut,guard1_pack12,0x42004000,0,0xc008000000000000,4,0
214,anchor_cut,guard12_pack12,0x42000000,0,0xc000000000000000,4,0
214,anchor_cut,source_uncut,0x42003000,0,0xc006000000000000,4,0
214,anchor_cut,post_sum_pack12,0x42000000,0,0xc000000000000000,4,0
214,anchor_cut,signed_floor,0x41ff8000,0,0xbff0000000000000,4,0
215,anchor_cut,fig3,0x420c0000,0,0xc180000000000000,2,0
215,anchor_cut,tie_b,0x420c0000,0,0xc180000000000000,2,1
215,anchor_cut,legacy7,0x420c0000,0,0xc180000000000000,2,0
215,anchor_cut,input_anchor,0x420bc000,0,0xc178000000000000,2,0
215,anchor_cut,exact_residual,0x420c0000,0,0xc180000000000000,2,0
215,anchor_cut,guard1_pack12,0x420bc000,0,0xc178000000000000,2,0
215,anchor_cut,guard12_pack12,0x420b8000,0,0xc170000000000000,2,0
215,anchor_cut,source_uncut,0x420ba000,0,0xc174000000000000,2,0
215,anchor_cut,post_sum_pack12,0x420b8000,0,0xc170000000000000,2,0
215,anchor_cut,signed_floor,0x420b8000,0,0xc170000000000000,2,0
216,anchor_cut,fig3,0x42178000,0,0xc2f0000000000000,2,0
216,anchor_cut,tie_b,0x42180000,0,0xc300000000000000,2,1
216,anchor_cut,legacy7,0x42178000,0,0xc2f0000000000000,2,0
216,anchor_cut,input_anchor,0x42174000,0,0xc2e8000000000000,2,0
216,anchor_cut,exact_residual,0x42178000,0,0xc2f0000000000000,2,0
216,anchor_cut,guard1_pack12,0x42174000,0,0xc2e8000000000000,2,0
216,anchor_cut,guard12_pack12,0x42174000,0,0xc2e8000000000000,2,0
216,anchor_cut,source_uncut,0x42174000,0,0xc2e8000000000000,2,0
216,anchor_cut,post_sum_pack12,0x42170000,0,0xc2e0000000000000,2,0
216,anchor_cut,signed_floor,0x42170000,0,0xc2e0000000000000,2,0
217,anchor_cut,fig3,0x42230000,0,0xc460000000000000,3,0
217,anchor_cut,tie_b,0x42240000,0,0xc480000000000000,3,1
217,anchor_cut,legacy7,0x42230000,0,0xc460000000000000,3,0
217,anchor_cut,input_anchor,0x42234000,0,0xc468000000000000,3,0
217,anchor_cut,exact_residual,0x42230000,0,0xc460000000000000,2,0
217,anchor_cut,guard1_pack12,0x42234000,0,0xc468000000000000,3,0
217,anchor_cut,guard12_pack12,0x42230000,0,0xc460000000000000,3,0
217,anchor_cut,source_uncut,0x42232170,0,0xc4642e0000000000,3,0
217,anchor_cut,post_sum_pack12,0x42230000,0,0xc460000000000000,3,0
217,anchor_cut,signed_floor,0x42228000,0,0xc450000000000000,3,0
218,anchor_cut,fig3,0x42230000,0,0xc460000000000000,4,0
218,anchor_cut,tie_b,0x42234000,0,0xc468000000000000,4,1
218,anchor_cut,legacy7,0x42230000,0,0xc460000000000000,4,0
218,anchor_cut,input_anchor,0x42234000,0,0xc468000000000000,4,0
218,anchor_cut,exact_residual,0x42230000,0,0xc460000000000000,2,0
218,anchor_cut,guard1_pack12,0x42234000,0,0xc468000000000000,4,0
218,anchor_cut,guard12_pack12,0x42230000,0,0xc460000000000000,4,0
218,anchor_cut,source_uncut,0x42231118,0,0xc462230000000000,4,0
218,anchor_cut,post_sum_pack12,0x42230000,0,0xc460000000000000,4,0
218,anchor_cut,signed_floor,0x42220000,0,0xc440000000000000,4,0
219,anchor_cut,fig3,0x422e8000,0,0xc5d0000000000000,3,0
219,anchor_cut,tie_b,0x422e8000,0,0xc5d0000000000000,3,0
219,anchor_cut,legacy7,0x422e8000,0,0xc5d0000000000000,3,0
219,anchor_cut,input_anchor,0x422ec000,0,0xc5d8000000000000,3,0
219,anchor_cut,exact_residual,0x422e8000,0,0xc5d0000000000000,2,0
219,anchor_cut,guard1_pack12,0x422ec000,0,0xc5d8000000000000,3,0
219,anchor_cut,guard12_pack12,0x422ec000,0,0xc5d8000000000000,3,0
219,anchor_cut,source_uncut,0x422ec1f0,0,0xc5d83e0000000000,3,0
219,anchor_cut,post_sum_pack12,0x422e8000,0,0xc5d0000000000000,3,0
219,anchor_cut,signed_floor,0x422e8000,0,0xc5d0000000000000,3,0
220,anchor_cut,fig3,0x422e8000,0,0xc5d0000000000000,4,0
220,anchor_cut,tie_b,0x422e8000,0,0xc5d0000000000000,4,0
220,anchor_cut,legacy7,0x422e8000,0,0xc5d0000000000000,4,0
220,anchor_cut,input_anchor,0x422ec000,0,0xc5d8000000000000,4,0
220,anchor_cut,exact_residual,0x422e8000,0,0xc5d0000000000000,2,0
220,anchor_cut,guard1_pack12,0x422ec000,0,0xc5d8000000000000,4,0
220,anchor_cut,guard12_pack12,0x422e8000,0,0xc5d0000000000000,4,0
220,anchor_cut,source_uncut,0x422eb178,0,0xc5d62f0000000000,4,0
220,anchor_cut,post_sum_pack12,0x422e8000,0,0xc5d0000000000000,4,0
220,anchor_cut,signed_floor,0x422e0000,0,0xc5c0000000000000,4,0
221,anchor_cut,fig3,0x423a8000,0,0xc750000000000000,2,0
221,anchor_cut,tie_b,0x42300000,0,0xc600000000000000,2,1
221,anchor_cut,legacy7,0x423a8000,0,0xc750000000000000,2,0
221,anchor_cut,input_anchor,0x423a4000,0,0xc748000000000000,2,0
221,anchor_cut,exact_residual,0x423a8000,0,0xc750000000000000,2,0
221,anchor_cut,guard1_pack12,0x423a4000,0,0xc748000000000000,2,0
221,anchor_cut,guard12_pack12,0x423a0000,0,0xc740000000000000,2,0
221,anchor_cut,source_uncut,0x423a2000,0,0xc744000000000000,2,0
221,anchor_cut,post_sum_pack12,0x423a0000,0,0xc740000000000000,2,0
221,anchor_cut,signed_floor,0x423a0000,0,0xc740000000000000,2,0
222,anchor_cut,fig3,0x42460000,0,0xc8c0000000000000,2,0
222,anchor_cut,tie_b,0x42460000,0,0xc8c0000000000000,2,0
222,anchor_cut,legacy7,0x42460000,0,0xc8c0000000000000,2,0
222,anchor_cut,input_anchor,0x4245c000,0,0xc8b8000000000000,2,0
222,anchor_cut,exact_residual,0x42460000,0,0xc8c0000000000000,2,0
222,anchor_cut,guard1_pack12,0x4245c000,0,0xc8b8000000000000,2,0
222,anchor_cut,guard12_pack12,0x4245c000,0,0xc8b8000000000000,2,0
222,anchor_cut,source_uncut,0x4245c000,0,0xc8b8000000000000,2,0
222,anchor_cut,post_sum_pack12,0x42458000,0,0xc8b0000000000000,2,0
222,anchor_cut,signed_floor,0x42458000,0,0xc8b0000000000000,2,0
223,anchor_cut,fig3,0x42518000,0,0xca30000000000000,3,0
223,anchor_cut,tie_b,0x42518000,0,0xca30000000000000,3,0
223,anchor_cut,legacy7,0x42518000,0,0xca30000000000000,3,0
223,anchor_cut,input_anchor,0x4251c000,0,0xca38000000000000,3,0
223,anchor_cut,exact_residual,0x42518000,0,0xca30000000000000,2,0
223,anchor_cut,guard1_pack12,0x4251c000,0,0xca38000000000000,3,0
223,anchor_cut,guard12_pack12,0x42518000,0,0xca30000000000000,3,0
223,anchor_cut,source_uncut,0x4251a360,0,0xca346c0000000000,3,0
223,anchor_cut,post_sum_pack12,0x42518000,0,0xca30000000000000,3,0
223,anchor_cut,signed_floor,0x42510000,0,0xca20000000000000,3,0
224,anchor_cut,fig3,0x42518000,0,0xca30000000000000,4,0
224,anchor_cut,tie_b,0x42518000,0,0xca30000000000000,4,0
224,anchor_cut,legacy7,0x42518000,0,0xca30000000000000,4,0
224,anchor_cut,input_anchor,0x4251c000,0,0xca38000000000000,4,0
224,anchor_cut,exact_residual,0x42518000,0,0xca30000000000000,2,0
224,anchor_cut,guard1_pack12,0x4251c000,0,0xca38000000000000,4,0
224,anchor_cut,guard12_pack12,0x42518000,0,0xca30000000000000,4,0
224,anchor_cut,source_uncut,0x42519288,0,0xca32510000000000,4,0
224,anchor_cut,post_sum_pack12,0x42518000,0,0xca30000000000000,4,0
224,anchor_cut,signed_floor,0x42508000,0,0xca10000000000000,4,0
225,anchor_cut,fig3,0x425d0000,0,0xcba0000000000000,3,0
225,anchor_cut,tie_b,0x425d0000,0,0xcba0000000000000,3,0
225,anchor_cut,legacy7,0x425d0000,0,0xcba0000000000000,3,0
225,anchor_cut,input_anchor,0x425d4000,0,0xcba8000000000000,3,0
225,anchor_cut,exact_residual,0x425d0000,0,0xcba0000000000000,2,0
225,anchor_cut,guard1_pack12,0x425d4000,0,0xcba8000000000000,3,0
225,anchor_cut,guard12_pack12,0x425d4000,0,0xcba8000000000000,3,0
225,anchor_cut,source_uncut,0x425d43e0,0,0xcba87c0000000000,3,0
225,anchor_cut,post_sum_pack12,0x425d0000,0,0xcba0000000000000,3,0
225,anchor_cut,signed_floor,0x425d0000,0,0xcba0000000000000,3,0
226,anchor_cut,fig3,0x425d0000,0,0xcba0000000000000,4,0
226,anchor_cut,tie_b,0x425d0000,0,0xcba0000000000000,4,0
226,anchor_cut,legacy7,0x425d0000,0,0xcba0000000000000,4,0
226,anchor_cut,input_anchor,0x425d4000,0,0xcba8000000000000,4,0
226,anchor_cut,exact_residual,0x425d0000,0,0xcba0000000000000,2,0
226,anchor_cut,guard1_pack12,0x425d4000,0,0xcba8000000000000,4,0
226,anchor_cut,guard12_pack12,0x425d0000,0,0xcba0000000000000,4,0
226,anchor_cut,source_uncut,0x425d32e8,0,0xcba65d0000000000,4,0
226,anchor_cut,post_sum_pack12,0x425d0000,0,0xcba0000000000000,4,0
226,anchor_cut,signed_floor,0x425c8000,0,0xcb90000000000000,4,0
227,anchor_cut,fig3,0x42690000,0,0xcd20000000000000,2,0
227,anchor_cut,tie_b,0x42600000,0,0xcc00000000000000,2,1
227,anchor_cut,legacy7,0x42690000,0,0xcd20000000000000,2,0
227,anchor_cut,input_anchor,0x4268c000,0,0xcd18000000000000,2,0
227,anchor_cut,exact_residual,0x42690000,0,0xcd20000000000000,2,0
227,anchor_cut,guard1_pack12,0x4268c000,0,0xcd18000000000000,2,0
227,anchor_cut,guard12_pack12,0x42688000,0,0xcd10000000000000,2,0
227,anchor_cut,source_uncut,0x4268a000,0,0xcd14000000000000,2,0
227,anchor_cut,post_sum_pack12,0x42688000,0,0xcd10000000000000,2,0
227,anchor_cut,signed_floor,0x42688000,0,0xcd10000000000000,2,0
228,anchor_cut,fig3,0x42748000,0,0xce90000000000000,2,0
228,anchor_cut,tie_b,0x42748000,0,0xce90000000000000,2,0
228,anchor_cut,legacy7,0x42748000,0,0xce90000000000000,2,0
228,anchor_cut,input_anchor,0x42744000,0,0xce88000000000000,2,0
228,anchor_cut,exact_residual,0x42748000,0,0xce90000000000000,2,0
228,anchor_cut,guard1_pack12,0x42744000,0,0xce88000000000000,2,0
228,anchor_cut,guard12_pack12,0x42744000,0,0xce88000000000000,2,0
228,anchor_cut,source_uncut,0x42744000,0,0xce88000000000000,2,0
228,anchor_cut,post_sum_pack12,0x42740000,0,0xce80000000000000,2,0
228,anchor_cut,signed_floor,0x42740000,0,0xce80000000000000,2,0
229,anchor_cut,fig3,0x42800000,0,0xd000000000000000,3,0
229,anchor_cut,tie_b,0x42800000,0,0xd000000000000000,3,0
229,anchor_cut,legacy7,0x42800000,0,0xd000000000000000,3,0
229,anchor_cut,input_anchor,0x42804000,0,0xd008000000000000,3,0
229,anchor_cut,exact_residual,0x42800000,0,0xd000000000000000,2,0
229,anchor_cut,guard1_pack12,0x42804000,0,0xd008000000000000,3,0
229,anchor_cut,guard12_pack12,0x42800000,0,0xd000000000000000,3,0
229,anchor_cut,source_uncut,0x42802550,0,0xd004aa0000000000,3,0
229,anchor_cut,post_sum_pack12,0x42800000,0,0xd000000000000000,3,0
229,anchor_cut,signed_floor,0x427f8000,0,0xcff0000000000000,3,0
230,anchor_cut,fig3,0x42800000,0,0xd000000000000000,4,0
230,anchor_cut,tie_b,0x42800000,0,0xd000000000000000,4,0
230,anchor_cut,legacy7,0x42800000,0,0xd000000000000000,4,0
230,anchor_cut,input_anchor,0x42804000,0,0xd008000000000000,4,0
230,anchor_cut,exact_residual,0x42800000,0,0xd000000000000000,2,0
230,anchor_cut,guard1_pack12,0x42804000,0,0xd008000000000000,4,0
230,anchor_cut,guard12_pack12,0x42800000,0,0xd000000000000000,4,0
230,anchor_cut,source_uncut,0x42801400,0,0xd002800000000000,4,0
230,anchor_cut,post_sum_pack12,0x42800000,0,0xd000000000000000,4,0
230,anchor_cut,signed_floor,0x427f0000,0,0xcfe0000000000000,4,0
231,anchor_cut,fig3,0x428b8000,0,0xd170000000000000,3,0
231,anchor_cut,tie_b,0x428b8000,0,0xd170000000000000,3,0
231,anchor_cut,legacy7,0x428b8000,0,0xd170000000000000,3,0
231,anchor_cut,input_anchor,0x428bc000,0,0xd178000000000000,3,0
231,anchor_cut,exact_residual,0x428b8000,0,0xd170000000000000,2,0
231,anchor_cut,guard1_pack12,0x428bc000,0,0xd178000000000000,3,0
231,anchor_cut,guard12_pack12,0x428bc000,0,0xd178000000000000,3,0
231,anchor_cut,source_uncut,0x428bc5d0,0,0xd178ba0000000000,3,0
231,anchor_cut,post_sum_pack12,0x428b8000,0,0xd170000000000000,3,0
231,anchor_cut,signed_floor,0x428b8000,0,0xd170000000000000,3,0
232,anchor_cut,fig3,0x428b8000,0,0xd170000000000000,4,0
232,anchor_cut,tie_b,0x428b8000,0,0xd170000000000000,4,0
232,anchor_cut,legacy7,0x428b8000,0,0xd170000000000000,4,0
232,anchor_cut,input_anchor,0x428bc000,0,0xd178000000000000,4,0
232,anchor_cut,exact_residual,0x428b8000,0,0xd170000000000000,2,0
232,anchor_cut,guard1_pack12,0x428bc000,0,0xd178000000000000,4,0
232,anchor_cut,guard12_pack12,0x428b8000,0,0xd170000000000000,4,0
232,anchor_cut,source_uncut,0x428bb460,0,0xd1768c0000000000,4,0
232,anchor_cut,post_sum_pack12,0x428b8000,0,0xd170000000000000,4,0
232,anchor_cut,signed_floor,0x428b0000,0,0xd160000000000000,4,0
233,rnd_boundary,fig3,0x42008000,0,0xc010000000000000,3,0
233,rnd_boundary,tie_b,0x42004000,0,0xc008000000000000,1,1
233,rnd_boundary,legacy7,0x42008000,0,0xc010000000000000,3,0
233,rnd_boundary,input_anchor,0x42008000,0,0xc010000000000000,3,0
233,rnd_boundary,exact_residual,0x42000000,0,0xc000000000000000,3,0
233,rnd_boundary,guard1_pack12,0x42008000,0,0xc010000000000000,3,0
233,rnd_boundary,guard12_pack12,0x42008000,0,0xc010000000000000,3,0
233,rnd_boundary,source_uncut,0x42008000,0,0xc010000000000000,3,0
233,rnd_boundary,post_sum_pack12,0x42008000,0,0xc010000000000000,3,0
233,rnd_boundary,signed_floor,0x42008000,0,0xc010000000000000,3,0
234,rnd_boundary,fig3,0x42008000,0,0xc010000000000000,4,0
234,rnd_boundary,tie_b,0x42004000,0,0xc008000000000000,1,1
234,rnd_boundary,legacy7,0x42008000,0,0xc010000000000000,4,0
234,rnd_boundary,input_anchor,0x42008000,0,0xc010000000000000,4,0
234,rnd_boundary,exact_residual,0x42000000,0,0xc000000000000000,3,0
234,rnd_boundary,guard1_pack12,0x42008000,0,0xc010000000000000,4,0
234,rnd_boundary,guard12_pack12,0x42004000,0,0xc008000000000000,4,0
234,rnd_boundary,source_uncut,0x42007000,0,0xc00e000000000000,4,0
234,rnd_boundary,post_sum_pack12,0x42000000,0,0xc000000000000000,4,0
234,rnd_boundary,signed_floor,0x42000000,0,0xc000000000000000,4,0
235,rnd_boundary,fig3,0x420c8000,0,0xc190000000000000,3,0
235,rnd_boundary,tie_b,0x420c0000,0,0xc180000000000000,3,1
235,rnd_boundary,legacy7,0x420c8000,0,0xc190000000000000,3,0
235,rnd_boundary,input_anchor,0x420c4000,0,0xc188000000000000,3,0
235,rnd_boundary,exact_residual,0x420c0000,0,0xc180000000000000,3,0
235,rnd_boundary,guard1_pack12,0x420c4000,0,0xc188000000000000,3,0
235,rnd_boundary,guard12_pack12,0x420c0000,0,0xc180000000000000,3,0
235,rnd_boundary,source_uncut,0x420c20f8,0,0xc1841f0000000000,3,0
235,rnd_boundary,post_sum_pack12,0x420c0000,0,0xc180000000000000,3,0
235,rnd_boundary,signed_floor,0x420c0000,0,0xc180000000000000,3,0
236,rnd_boundary,fig3,0x420c8000,0,0xc190000000000000,4,0
236,rnd_boundary,tie_b,0x420c0000,0,0xc180000000000000,4,1
236,rnd_boundary,legacy7,0x420c8000,0,0xc190000000000000,4,0
236,rnd_boundary,input_anchor,0x420c4000,0,0xc188000000000000,4,0
236,rnd_boundary,exact_residual,0x420c0000,0,0xc180000000000000,3,0
236,rnd_boundary,guard1_pack12,0x420c4000,0,0xc188000000000000,4,0
236,rnd_boundary,guard12_pack12,0x420c0000,0,0xc180000000000000,4,0
236,rnd_boundary,source_uncut,0x420c10e0,0,0xc1821c0000000000,4,0
236,rnd_boundary,post_sum_pack12,0x420c0000,0,0xc180000000000000,4,0
236,rnd_boundary,signed_floor,0x420b8000,0,0xc170000000000000,4,0
237,rnd_boundary,fig3,0x42180000,0,0xc300000000000000,3,0
237,rnd_boundary,tie_b,0x42178000,0,0xc2f0000000000000,3,1
237,rnd_boundary,legacy7,0x42180000,0,0xc300000000000000,3,0
237,rnd_boundary,input_anchor,0x4217c000,0,0xc2f8000000000000,3,0
237,rnd_boundary,exact_residual,0x42178000,0,0xc2f0000000000000,3,0
237,rnd_boundary,guard1_pack12,0x4217c000,0,0xc2f8000000000000,3,0
237,rnd_boundary,guard12_pack12,0x4217c000,0,0xc2f8000000000000,3,0
237,rnd_boundary,source_uncut,0x4217c1f0,0,0xc2f83e0000000000,3,0
237,rnd_boundary,post_sum_pack12,0x42178000,0,0xc2f0000000000000,3,0
237,rnd_boundary,signed_floor,0x42178000,0,0xc2f0000000000000,3,0
238,rnd_boundary,fig3,0x42180000,0,0xc300000000000000,4,0
238,rnd_boundary,tie_b,0x42178000,0,0xc2f0000000000000,4,1
238,rnd_boundary,legacy7,0x42180000,0,0xc300000000000000,4,0
238,rnd_boundary,input_anchor,0x4217c000,0,0xc2f8000000000000,4,0
238,rnd_boundary,exact_residual,0x42178000,0,0xc2f0000000000000,3,0
238,rnd_boundary,guard1_pack12,0x4217c000,0,0xc2f8000000000000,4,0
238,rnd_boundary,guard12_pack12,0x42178000,0,0xc2f0000000000000,4,0
238,rnd_boundary,source_uncut,0x4217b1b8,0,0xc2f6370000000000,4,0
238,rnd_boundary,post_sum_pack12,0x42178000,0,0xc2f0000000000000,4,0
238,rnd_boundary,signed_floor,0x42170000,0,0xc2e0000000000000,4,0
239,rnd_boundary,fig3,0x42238000,0,0xc470000000000000,3,0
239,rnd_boundary,tie_b,0x42244000,0,0xc488000000000000,3,1
239,rnd_boundary,legacy7,0x42238000,0,0xc470000000000000,3,0
239,rnd_boundary,input_anchor,0x42238000,0,0xc470000000000000,3,0
239,rnd_boundary,exact_residual,0x42230000,0,0xc460000000000000,3,0
239,rnd_boundary,guard1_pack12,0x42238000,0,0xc470000000000000,3,0
239,rnd_boundary,guard12_pack12,0x42234000,0,0xc468000000000000,3,0
239,rnd_boundary,source_uncut,0x422362e8,0,0xc46c5d0000000000,3,0
239,rnd_boundary,post_sum_pack12,0x42230000,0,0xc460000000000000,3,0
239,rnd_boundary,signed_floor,0x42230000,0,0xc460000000000000,3,0
240,rnd_boundary,fig3,0x42238000,0,0xc470000000000000,4,0
240,rnd_boundary,tie_b,0x42238000,0,0xc470000000000000,4,1
240,rnd_boundary,legacy7,0x42238000,0,0xc470000000000000,4,0
240,rnd_boundary,input_anchor,0x42238000,0,0xc470000000000000,4,0
240,rnd_boundary,exact_residual,0x42230000,0,0xc460000000000000,3,0
240,rnd_boundary,guard1_pack12,0x42238000,0,0xc470000000000000,4,0
240,rnd_boundary,guard12_pack12,0x42234000,0,0xc468000000000000,4,0
240,rnd_boundary,source_uncut,0x42235290,0,0xc46a520000000000,4,0
240,rnd_boundary,post_sum_pack12,0x42230000,0,0xc460000000000000,4,0
240,rnd_boundary,signed_floor,0x42228000,0,0xc450000000000000,4,0
241,rnd_boundary,fig3,0x422f0000,0,0xc5e0000000000000,3,0
241,rnd_boundary,tie_b,0x422f0000,0,0xc5e0000000000000,3,0
241,rnd_boundary,legacy7,0x422f0000,0,0xc5e0000000000000,3,0
241,rnd_boundary,input_anchor,0x422f0000,0,0xc5e0000000000000,3,0
241,rnd_boundary,exact_residual,0x422e8000,0,0xc5d0000000000000,3,0
241,rnd_boundary,guard1_pack12,0x422f0000,0,0xc5e0000000000000,3,0
241,rnd_boundary,guard12_pack12,0x422f0000,0,0xc5e0000000000000,3,0
241,rnd_boundary,source_uncut,0x422f03e0,0,0xc5e07c0000000000,3,0
241,rnd_boundary,post_sum_pack12,0x422f0000,0,0xc5e0000000000000,3,0
241,rnd_boundary,signed_floor,0x422f0000,0,0xc5e0000000000000,3,0
242,rnd_boundary,fig3,0x422f0000,0,0xc5e0000000000000,4,0
242,rnd_boundary,tie_b,0x422f0000,0,0xc5e0000000000000,4,0
242,rnd_boundary,legacy7,0x422f0000,0,0xc5e0000000000000,4,0
242,rnd_boundary,input_anchor,0x422f0000,0,0xc5e0000000000000,4,0
242,rnd_boundary,exact_residual,0x422e8000,0,0xc5d0000000000000,3,0
242,rnd_boundary,guard1_pack12,0x422f0000,0,0xc5e0000000000000,4,0
242,rnd_boundary,guard12_pack12,0x422ec000,0,0xc5d8000000000000,4,0
242,rnd_boundary,source_uncut,0x422ef368,0,0xc5de6d0000000000,4,0
242,rnd_boundary,post_sum_pack12,0x422e8000,0,0xc5d0000000000000,4,0
242,rnd_boundary,signed_floor,0x422e8000,0,0xc5d0000000000000,4,0
243,rnd_boundary,fig3,0x423b0000,0,0xc760000000000000,3,0
243,rnd_boundary,tie_b,0x423c4000,0,0xc788000000000000,3,1
243,rnd_boundary,legacy7,0x423b0000,0,0xc760000000000000,3,0
243,rnd_boundary,input_anchor,0x423ac000,0,0xc758000000000000,3,0
243,rnd_boundary,exact_residual,0x423a8000,0,0xc750000000000000,3,0
243,rnd_boundary,guard1_pack12,0x423ac000,0,0xc758000000000000,3,0
243,rnd_boundary,guard12_pack12,0x423a8000,0,0xc750000000000000,3,0
243,rnd_boundary,source_uncut,0x423aa4d8,0,0xc7549b0000000000,3,0
243,rnd_boundary,post_sum_pack12,0x423a8000,0,0xc750000000000000,3,0
243,rnd_boundary,signed_floor,0x423a8000,0,0xc750000000000000,3,0
244,rnd_boundary,fig3,0x423b0000,0,0xc760000000000000,4,0
244,rnd_boundary,tie_b,0x423ac000,0,0xc758000000000000,4,1
244,rnd_boundary,legacy7,0x423b0000,0,0xc760000000000000,4,0
244,rnd_boundary,input_anchor,0x423ac000,0,0xc758000000000000,4,0
244,rnd_boundary,exact_residual,0x423a8000,0,0xc750000000000000,3,0
244,rnd_boundary,guard1_pack12,0x423ac000,0,0xc758000000000000,4,0
244,rnd_boundary,guard12_pack12,0x423a8000,0,0xc750000000000000,4,0
244,rnd_boundary,source_uncut,0x423a9440,0,0xc752880000000000,4,0
244,rnd_boundary,post_sum_pack12,0x423a8000,0,0xc750000000000000,4,0
244,rnd_boundary,signed_floor,0x423a0000,0,0xc740000000000000,4,0
245,rnd_boundary,fig3,0x42468000,0,0xc8d0000000000000,3,0
245,rnd_boundary,tie_b,0x42468000,0,0xc8d0000000000000,3,0
245,rnd_boundary,legacy7,0x42468000,0,0xc8d0000000000000,3,0
245,rnd_boundary,input_anchor,0x42464000,0,0xc8c8000000000000,3,0
245,rnd_boundary,exact_residual,0x42460000,0,0xc8c0000000000000,3,0
245,rnd_boundary,guard1_pack12,0x42464000,0,0xc8c8000000000000,3,0
245,rnd_boundary,guard12_pack12,0x42464000,0,0xc8c8000000000000,3,0
245,rnd_boundary,source_uncut,0x424645d0,0,0xc8c8ba0000000000,3,0
245,rnd_boundary,post_sum_pack12,0x42460000,0,0xc8c0000000000000,3,0
245,rnd_boundary,signed_floor,0x42460000,0,0xc8c0000000000000,3,0
246,rnd_boundary,fig3,0x42468000,0,0xc8d0000000000000,4,0
246,rnd_boundary,tie_b,0x42468000,0,0xc8d0000000000000,4,0
246,rnd_boundary,legacy7,0x42468000,0,0xc8d0000000000000,4,0
246,rnd_boundary,input_anchor,0x42464000,0,0xc8c8000000000000,4,0
246,rnd_boundary,exact_residual,0x42460000,0,0xc8c0000000000000,3,0
246,rnd_boundary,guard1_pack12,0x42464000,0,0xc8c8000000000000,4,0
246,rnd_boundary,guard12_pack12,0x42460000,0,0xc8c0000000000000,4,0
246,rnd_boundary,source_uncut,0x42463518,0,0xc8c6a30000000000,4,0
246,rnd_boundary,post_sum_pack12,0x42460000,0,0xc8c0000000000000,4,0
246,rnd_boundary,signed_floor,0x42458000,0,0xc8b0000000000000,4,0
247,rnd_boundary,fig3,0x42520000,0,0xca40000000000000,3,0
247,rnd_boundary,tie_b,0x42520000,0,0xca40000000000000,3,0
247,rnd_boundary,legacy7,0x42520000,0,0xca40000000000000,3,0
247,rnd_boundary,input_anchor,0x42520000,0,0xca40000000000000,3,0
247,rnd_boundary,exact_residual,0x42518000,0,0xca30000000000000,3,0
247,rnd_boundary,guard1_pack12,0x42520000,0,0xca40000000000000,3,0
247,rnd_boundary,guard12_pack12,0x4251c000,0,0xca38000000000000,3,0
247,rnd_boundary,source_uncut,0x4251e6c8,0,0xca3cd90000000000,3,0
247,rnd_boundary,post_sum_pack12,0x42518000,0,0xca30000000000000,3,0
247,rnd_boundary,signed_floor,0x42518000,0,0xca30000000000000,3,0
248,rnd_boundary,fig3,0x42520000,0,0xca40000000000000,4,0
248,rnd_boundary,tie_b,0x42520000,0,0xca40000000000000,4,0
248,rnd_boundary,legacy7,0x42520000,0,0xca40000000000000,4,0
248,rnd_boundary,input_anchor,0x42520000,0,0xca40000000000000,4,0
248,rnd_boundary,exact_residual,0x42518000,0,0xca30000000000000,3,0
248,rnd_boundary,guard1_pack12,0x42520000,0,0xca40000000000000,4,0
248,rnd_boundary,guard12_pack12,0x4251c000,0,0xca38000000000000,4,0
248,rnd_boundary,source_uncut,0x4251d5f0,0,0xca3abe0000000000,4,0
248,rnd_boundary,post_sum_pack12,0x42518000,0,0xca30000000000000,4,0
248,rnd_boundary,signed_floor,0x42510000,0,0xca20000000000000,4,0
249,rnd_boundary,fig3,0x425d8000,0,0xcbb0000000000000,3,0
249,rnd_boundary,tie_b,0x425d8000,0,0xcbb0000000000000,3,0
249,rnd_boundary,legacy7,0x425d8000,0,0xcbb0000000000000,3,0
249,rnd_boundary,input_anchor,0x425d8000,0,0xcbb0000000000000,3,0
249,rnd_boundary,exact_residual,0x425d0000,0,0xcba0000000000000,3,0
249,rnd_boundary,guard1_pack12,0x425d8000,0,0xcbb0000000000000,3,0
249,rnd_boundary,guard12_pack12,0x425d8000,0,0xcbb0000000000000,3,0
249,rnd_boundary,source_uncut,0x425d87c0,0,0xcbb0f80000000000,3,0
249,rnd_boundary,post_sum_pack12,0x425d8000,0,0xcbb0000000000000,3,0
249,rnd_boundary,signed_floor,0x425d8000,0,0xcbb0000000000000,3,0
250,rnd_boundary,fig3,0x425d8000,0,0xcbb0000000000000,4,0
250,rnd_boundary,tie_b,0x425d8000,0,0xcbb0000000000000,4,0
250,rnd_boundary,legacy7,0x425d8000,0,0xcbb0000000000000,4,0
250,rnd_boundary,input_anchor,0x425d8000,0,0xcbb0000000000000,4,0
250,rnd_boundary,exact_residual,0x425d0000,0,0xcba0000000000000,3,0
250,rnd_boundary,guard1_pack12,0x425d8000,0,0xcbb0000000000000,4,0
250,rnd_boundary,guard12_pack12,0x425d4000,0,0xcba8000000000000,4,0
250,rnd_boundary,source_uncut,0x425d76c8,0,0xcbaed90000000000,4,0
250,rnd_boundary,post_sum_pack12,0x425d0000,0,0xcba0000000000000,4,0
250,rnd_boundary,signed_floor,0x425d0000,0,0xcba0000000000000,4,0
251,rnd_boundary,fig3,0x42698000,0,0xcd30000000000000,3,0
251,rnd_boundary,tie_b,0x42664000,0,0xccc8000000000000,3,1
251,rnd_boundary,legacy7,0x42698000,0,0xcd30000000000000,3,0
251,rnd_boundary,input_anchor,0x42694000,0,0xcd28000000000000,3,0
251,rnd_boundary,exact_residual,0x42690000,0,0xcd20000000000000,3,0
251,rnd_boundary,guard1_pack12,0x42694000,0,0xcd28000000000000,3,0
251,rnd_boundary,guard12_pack12,0x42690000,0,0xcd20000000000000,3,0
251,rnd_boundary,source_uncut,0x426928b8,0,0xcd25170000000000,3,0
251,rnd_boundary,post_sum_pack12,0x42690000,0,0xcd20000000000000,3,0
251,rnd_boundary,signed_floor,0x42690000,0,0xcd20000000000000,3,0
252,rnd_boundary,fig3,0x42698000,0,0xcd30000000000000,4,0
252,rnd_boundary,tie_b,0x42694000,0,0xcd28000000000000,4,1
252,rnd_boundary,legacy7,0x42698000,0,0xcd30000000000000,4,0
252,rnd_boundary,input_anchor,0x42694000,0,0xcd28000000000000,4,0
252,rnd_boundary,exact_residual,0x42690000,0,0xcd20000000000000,3,0
252,rnd_boundary,guard1_pack12,0x42694000,0,0xcd28000000000000,4,0
252,rnd_boundary,guard12_pack12,0x42690000,0,0xcd20000000000000,4,0
252,rnd_boundary,source_uncut,0x426917a8,0,0xcd22f50000000000,4,0
252,rnd_boundary,post_sum_pack12,0x42690000,0,0xcd20000000000000,4,0
252,rnd_boundary,signed_floor,0x42688000,0,0xcd10000000000000,4,0
253,rnd_boundary,fig3,0x42750000,0,0xcea0000000000000,3,0
253,rnd_boundary,tie_b,0x42750000,0,0xcea0000000000000,3,0
253,rnd_boundary,legacy7,0x42750000,0,0xcea0000000000000,3,0
253,rnd_boundary,input_anchor,0x4274c000,0,0xce98000000000000,3,0
253,rnd_boundary,exact_residual,0x42748000,0,0xce90000000000000,3,0
253,rnd_boundary,guard1_pack12,0x4274c000,0,0xce98000000000000,3,0
253,rnd_boundary,guard12_pack12,0x4274c000,0,0xce98000000000000,3,0
253,rnd_boundary,source_uncut,0x4274c9b0,0,0xce99360000000000,3,0
253,rnd_boundary,post_sum_pack12,0x42748000,0,0xce90000000000000,3,0
253,rnd_boundary,signed_floor,0x42748000,0,0xce90000000000000,3,0
254,rnd_boundary,fig3,0x42750000,0,0xcea0000000000000,4,0
254,rnd_boundary,tie_b,0x42750000,0,0xcea0000000000000,4,0
254,rnd_boundary,legacy7,0x42750000,0,0xcea0000000000000,4,0
254,rnd_boundary,input_anchor,0x4274c000,0,0xce98000000000000,4,0
254,rnd_boundary,exact_residual,0x42748000,0,0xce90000000000000,3,0
254,rnd_boundary,guard1_pack12,0x4274c000,0,0xce98000000000000,4,0
254,rnd_boundary,guard12_pack12,0x42748000,0,0xce90000000000000,4,0
254,rnd_boundary,source_uncut,0x4274b880,0,0xce97100000000000,4,0
254,rnd_boundary,post_sum_pack12,0x42748000,0,0xce90000000000000,4,0
254,rnd_boundary,signed_floor,0x42740000,0,0xce80000000000000,4,0
255,rnd_boundary,fig3,0x42808000,0,0xd010000000000000,3,0
255,rnd_boundary,tie_b,0x42808000,0,0xd010000000000000,3,0
255,rnd_boundary,legacy7,0x42808000,0,0xd010000000000000,3,0
255,rnd_boundary,input_anchor,0x42808000,0,0xd010000000000000,3,0
255,rnd_boundary,exact_residual,0x42800000,0,0xd000000000000000,3,0
255,rnd_boundary,guard1_pack12,0x42808000,0,0xd010000000000000,3,0
255,rnd_boundary,guard12_pack12,0x42804000,0,0xd008000000000000,3,0
255,rnd_boundary,source_uncut,0x42806aa8,0,0xd00d550000000000,3,0
255,rnd_boundary,post_sum_pack12,0x42800000,0,0xd000000000000000,3,0
255,rnd_boundary,signed_floor,0x42800000,0,0xd000000000000000,3,0
256,rnd_boundary,fig3,0x42808000,0,0xd010000000000000,4,0
256,rnd_boundary,tie_b,0x42808000,0,0xd010000000000000,4,0
256,rnd_boundary,legacy7,0x42808000,0,0xd010000000000000,4,0
256,rnd_boundary,input_anchor,0x42808000,0,0xd010000000000000,4,0
256,rnd_boundary,exact_residual,0x42800000,0,0xd000000000000000,3,0
256,rnd_boundary,guard1_pack12,0x42808000,0,0xd010000000000000,4,0
256,rnd_boundary,guard12_pack12,0x42804000,0,0xd008000000000000,4,0
256,rnd_boundary,source_uncut,0x42805958,0,0xd00b2b0000000000,4,0
256,rnd_boundary,post_sum_pack12,0x42800000,0,0xd000000000000000,4,0
256,rnd_boundary,signed_floor,0x427f8000,0,0xcff0000000000000,4,0
257,rnd_boundary,fig3,0x428c0000,0,0xd180000000000000,3,0
257,rnd_boundary,tie_b,0x428c0000,0,0xd180000000000000,3,0
257,rnd_boundary,legacy7,0x428c0000,0,0xd180000000000000,3,0
257,rnd_boundary,input_anchor,0x428c0000,0,0xd180000000000000,3,0
257,rnd_boundary,exact_residual,0x428b8000,0,0xd170000000000000,3,0
257,rnd_boundary,guard1_pack12,0x428c0000,0,0xd180000000000000,3,0
257,rnd_boundary,guard12_pack12,0x428c0000,0,0xd180000000000000,3,0
257,rnd_boundary,source_uncut,0x428c0ba0,0,0xd181740000000000,3,0
257,rnd_boundary,post_sum_pack12,0x428c0000,0,0xd180000000000000,3,0
257,rnd_boundary,signed_floor,0x428c0000,0,0xd180000000000000,3,0
258,rnd_boundary,fig3,0x428c0000,0,0xd180000000000000,4,0
258,rnd_boundary,tie_b,0x428c0000,0,0xd180000000000000,4,0
258,rnd_boundary,legacy7,0x428c0000,0,0xd180000000000000,4,0
258,rnd_boundary,input_anchor,0x428c0000,0,0xd180000000000000,4,0
258,rnd_boundary,exact_residual,0x428b8000,0,0xd170000000000000,3,0
258,rnd_boundary,guard1_pack12,0x428c0000,0,0xd180000000000000,4,0
258,rnd_boundary,guard12_pack12,0x428bc000,0,0xd178000000000000,4,0
258,rnd_boundary,source_uncut,0x428bfa30,0,0xd17f460000000000,4,0
258,rnd_boundary,post_sum_pack12,0x428b8000,0,0xd170000000000000,4,0
258,rnd_boundary,signed_floor,0x428b8000,0,0xd170000000000000,4,0
259,rnd_boundary,fig3,0x42980000,0,0xd300000000000000,3,0
259,rnd_boundary,tie_b,0x42980000,0,0xd300000000000000,3,0
259,rnd_boundary,legacy7,0x42980000,0,0xd300000000000000,3,0
259,rnd_boundary,input_anchor,0x4297c000,0,0xd2f8000000000000,3,0
259,rnd_boundary,exact_residual,0x42978000,0,0xd2f0000000000000,3,0
259,rnd_boundary,guard1_pack12,0x4297c000,0,0xd2f8000000000000,3,0
259,rnd_boundary,guard12_pack12,0x42978000,0,0xd2f0000000000000,3,0
259,rnd_boundary,source_uncut,0x4297ac98,0,0xd2f5930000000000,3,0
259,rnd_boundary,post_sum_pack12,0x42978000,0,0xd2f0000000000000,3,0
259,rnd_boundary,signed_floor,0x42978000,0,0xd2f0000000000000,3,0
260,rnd_boundary,fig3,0x42980000,0,0xd300000000000000,4,0
260,rnd_boundary,tie_b,0x42980000,0,0xd300000000000000,4,0
260,rnd_boundary,legacy7,0x42980000,0,0xd300000000000000,4,0
260,rnd_boundary,input_anchor,0x4297c000,0,0xd2f8000000000000,4,0
260,rnd_boundary,exact_residual,0x42978000,0,0xd2f0000000000000,3,0
260,rnd_boundary,guard1_pack12,0x4297c000,0,0xd2f8000000000000,4,0
260,rnd_boundary,guard12_pack12,0x42978000,0,0xd2f0000000000000,4,0
260,rnd_boundary,source_uncut,0x42979b08,0,0xd2f3610000000000,4,0
260,rnd_boundary,post_sum_pack12,0x42978000,0,0xd2f0000000000000,4,0
260,rnd_boundary,signed_floor,0x42970000,0,0xd2e0000000000000,4,0
261,prefix126_127,fig3,0x43ff8000,0,0xfff0000000000000,2,0
261,prefix126_127,tie_b,0x43ffc000,0,0xfff8000000000000,2,1
261,prefix126_127,legacy7,0x43ffc000,0,0xfff8000000000000,2,1
261,prefix126_127,input_anchor,0x43ff8000,0,0xfff0000000000000,2,0
261,prefix126_127,exact_residual,0x43ff8000,0,0xfff0000000000000,2,0
261,prefix126_127,guard1_pack12,0x43ff8000,0,0xfff0000000000000,2,0
261,prefix126_127,guard12_pack12,0x43ff4000,0,0xffe8000000000000,2,0
261,prefix126_127,source_uncut,0x43ff6100,0,0xffec200000000000,2,0
261,prefix126_127,post_sum_pack12,0x43ff0000,0,0xffe0000000000000,2,0
261,prefix126_127,signed_floor,0x43ff0000,0,0xffe0000000000000,2,0
262,prefix126_127,fig3,0x44078000,1,0x80f0000000000000,2,0
262,prefix126_127,tie_b,0x4407c000,1,0x80f8000000000000,2,1
262,prefix126_127,legacy7,0x4407c000,1,0x80f8000000000000,2,1
262,prefix126_127,input_anchor,0x44078000,1,0x80f0000000000000,2,0
262,prefix126_127,exact_residual,0x44078000,1,0x80f0000000000000,2,0
262,prefix126_127,guard1_pack12,0x44078000,1,0x80f0000000000000,2,0
262,prefix126_127,guard12_pack12,0x44074000,1,0x80e8000000000000,2,0
262,prefix126_127,source_uncut,0x44076100,1,0x80ec200000000000,2,0
262,prefix126_127,post_sum_pack12,0x44074000,1,0x80e8000000000000,2,0
262,prefix126_127,signed_floor,0x44074000,1,0x80e8000000000000,2,0
263,prefix126_127,fig3,0x440f4000,1,0x81e8000000000000,2,0
263,prefix126_127,tie_b,0x4407c000,1,0x80f8000000000000,2,1
263,prefix126_127,legacy7,0x4407c000,1,0x80f8000000000000,2,1
263,prefix126_127,input_anchor,0x440f0000,1,0x81e0000000000000,2,0
263,prefix126_127,exact_residual,0x440f4000,1,0x81e8000000000000,2,0
263,prefix126_127,guard1_pack12,0x440f0000,1,0x81e0000000000000,2,0
263,prefix126_127,guard12_pack12,0x440f0000,1,0x81e0000000000000,2,0
263,prefix126_127,source_uncut,0x440f1180,1,0x81e2300000000000,2,0
263,prefix126_127,post_sum_pack12,0x440f0000,1,0x81e0000000000000,2,0
263,prefix126_127,signed_floor,0x440f0000,1,0x81e0000000000000,2,0
264,prefix126_127,fig3,0x440f4000,1,0x81e8000000000000,3,0
264,prefix126_127,tie_b,0x440fc000,1,0x81f8000000000000,3,1
264,prefix126_127,legacy7,0x440fc000,1,0x81f8000000000000,3,1
264,prefix126_127,input_anchor,0x440f4000,1,0x81e8000000000000,3,0
264,prefix126_127,exact_residual,0x440f4000,1,0x81e8000000000000,2,0
264,prefix126_127,guard1_pack12,0x440f4000,1,0x81e8000000000000,3,0
264,prefix126_127,guard12_pack12,0x440f0000,1,0x81e0000000000000,3,0
264,prefix126_127,source_uncut,0x440f3238,1,0x81e6470000000000,3,0
264,prefix126_127,post_sum_pack12,0x440f0000,1,0x81e0000000000000,3,0
264,prefix126_127,signed_floor,0x440f0000,1,0x81e0000000000000,3,0
265,prefix126_127,fig3,0x441e8000,1,0x83d0000000000000,2,0
265,prefix126_127,tie_b,0x4417c000,1,0x82f8000000000000,2,1
265,prefix126_127,legacy7,0x4417c000,1,0x82f8000000000000,2,1
265,prefix126_127,input_anchor,0x441e8000,1,0x83d0000000000000,2,0
265,prefix126_127,exact_residual,0x441e8000,1,0x83d0000000000000,2,0
265,prefix126_127,guard1_pack12,0x441e8000,1,0x83d0000000000000,2,0
265,prefix126_127,guard12_pack12,0x441e4000,1,0x83c8000000000000,2,0
265,prefix126_127,source_uncut,0x441e7280,1,0x83ce500000000000,2,0
265,prefix126_127,post_sum_pack12,0x441e4000,1,0x83c8000000000000,2,0
265,prefix126_127,signed_floor,0x441e4000,1,0x83c8000000000000,2,0
266,prefix126_127,fig3,0x441e8000,1,0x83d0000000000000,3,0
266,prefix126_127,tie_b,0x441f8000,1,0x83f0000000000000,3,1
266,prefix126_127,legacy7,0x441f8000,1,0x83f0000000000000,3,1
266,prefix126_127,input_anchor,0x441e8000,1,0x83d0000000000000,3,0
266,prefix126_127,exact_residual,0x441e8000,1,0x83d0000000000000,2,0
266,prefix126_127,guard1_pack12,0x441e8000,1,0x83d0000000000000,3,0
266,prefix126_127,guard12_pack12,0x441e8000,1,0x83d0000000000000,3,0
266,prefix126_127,source_uncut,0x441e93b4,1,0x83d2768000000000,3,0
266,prefix126_127,post_sum_pack12,0x441e8000,1,0x83d0000000000000,3,0
266,prefix126_127,signed_floor,0x441e4000,1,0x83c8000000000000,3,0
267,prefix126_127,fig3,0x441e8000,1,0x83d0000000000000,4,0
267,prefix126_127,tie_b,0x441ec000,1,0x83d8000000000000,4,1
267,prefix126_127,legacy7,0x441ec000,1,0x83d8000000000000,4,1
267,prefix126_127,input_anchor,0x441e8000,1,0x83d0000000000000,4,0
267,prefix126_127,exact_residual,0x441e8000,1,0x83d0000000000000,2,0
267,prefix126_127,guard1_pack12,0x441e8000,1,0x83d0000000000000,4,0
267,prefix126_127,guard12_pack12,0x441e8000,1,0x83d0000000000000,4,0
267,prefix126_127,source_uncut,0x441e9374,1,0x83d26e8000000000,4,0
267,prefix126_127,post_sum_pack12,0x441e8000,1,0x83d0000000000000,4,0
267,prefix126_127,signed_floor,0x441e0000,1,0x83c0000000000000,4,0
268,prefix126_127,fig3,0x443d4000,1,0x87a8000000000000,2,0
268,prefix126_127,tie_b,0x44378000,1,0x86f0000000000000,2,1
268,prefix126_127,legacy7,0x44378000,1,0x86f0000000000000,2,1
268,prefix126_127,input_anchor,0x443d4000,1,0x87a8000000000000,2,0
268,prefix126_127,exact_residual,0x443d4000,1,0x87a8000000000000,2,0
268,prefix126_127,guard1_pack12,0x443d4000,1,0x87a8000000000000,2,0
268,prefix126_127,guard12_pack12,0x443d0000,1,0x87a0000000000000,2,0
268,prefix126_127,source_uncut,0x443d3480,1,0x87a6900000000000,2,0
268,prefix126_127,post_sum_pack12,0x443d0000,1,0x87a0000000000000,2,0
268,prefix126_127,signed_floor,0x443d0000,1,0x87a0000000000000,2,0
269,prefix126_127,fig3,0x443d4000,1,0x87a8000000000000,3,0
269,prefix126_127,tie_b,0x443b4000,1,0x8768000000000000,3,1
269,prefix126_127,legacy7,0x443b4000,1,0x8768000000000000,3,1
269,prefix126_127,input_anchor,0x443d4000,1,0x87a8000000000000,3,0
269,prefix126_127,exact_residual,0x443d4000,1,0x87a8000000000000,2,0
269,prefix126_127,guard1_pack12,0x443d4000,1,0x87a8000000000000,3,0
269,prefix126_127,guard12_pack12,0x443d4000,1,0x87a8000000000000,3,0
269,prefix126_127,source_uncut,0x443d56ac,1,0x87aad58000000000,3,0
269,prefix126_127,post_sum_pack12,0x443d4000,1,0x87a8000000000000,3,0
269,prefix126_127,signed_floor,0x443d0000,1,0x87a0000000000000,3,0
270,prefix126_127,fig3,0x447ac000,1,0x8f58000000000000,2,0
270,prefix126_127,tie_b,0x44770000,1,0x8ee0000000000000,2,1
270,prefix126_127,legacy7,0x44770000,1,0x8ee0000000000000,2,1
270,prefix126_127,input_anchor,0x447ac000,1,0x8f58000000000000,2,0
270,prefix126_127,exact_residual,0x447ac000,1,0x8f58000000000000,2,0
270,prefix126_127,guard1_pack12,0x447ac000,1,0x8f58000000000000,2,0
270,prefix126_127,guard12_pack12,0x447a8000,1,0x8f50000000000000,2,0
270,prefix126_127,source_uncut,0x447ab880,1,0x8f57100000000000,2,0
270,prefix126_127,post_sum_pack12,0x447a8000,1,0x8f50000000000000,2,0
270,prefix126_127,signed_floor,0x447a8000,1,0x8f50000000000000,2,0
271,prefix126_127,fig3,0x44fd8000,1,0x9fb0000000000000,2,0
271,prefix126_127,tie_b,0x44f60000,1,0x9ec0000000000000,2,1
271,prefix126_127,legacy7,0x44f60000,1,0x9ec0000000000000,2,1
271,prefix126_127,input_anchor,0x44fd8000,1,0x9fb0000000000000,2,0
271,prefix126_127,exact_residual,0x44fd8000,1,0x9fb0000000000000,2,0
271,prefix126_127,guard1_pack12,0x44fd8000,1,0x9fb0000000000000,2,0
271,prefix126_127,guard12_pack12,0x44fd4000,1,0x9fa8000000000000,2,0
271,prefix126_127,source_uncut,0x44fd7100,1,0x9fae200000000000,2,0
271,prefix126_127,post_sum_pack12,0x44fd4000,1,0x9fa8000000000000,2,0
271,prefix126_127,signed_floor,0x44fd4000,1,0x9fa8000000000000,2,0
272,prefix126_127,fig3,0x44fd8000,1,0x9fb0000000000000,3,0
272,prefix126_127,tie_b,0x44fdc000,1,0x9fb8000000000000,3,1
272,prefix126_127,legacy7,0x44fdc000,1,0x9fb8000000000000,3,1
272,prefix126_127,input_anchor,0x44fd8000,1,0x9fb0000000000000,3,0
272,prefix126_127,exact_residual,0x44fd8000,1,0x9fb0000000000000,2,0
272,prefix126_127,guard1_pack12,0x44fd8000,1,0x9fb0000000000000,3,0
272,prefix126_127,guard12_pack12,0x44fd8000,1,0x9fb0000000000000,3,0
272,prefix126_127,source_uncut,0x44fd993c,1,0x9fb3278000000000,3,0
272,prefix126_127,post_sum_pack12,0x44fd8000,1,0x9fb0000000000000,3,0
272,prefix126_127,signed_floor,0x44fd4000,1,0x9fa8000000000000,3,0
273,prefix126_127,fig3,0x45fb4000,1,0xbf68000000000000,2,0
273,prefix126_127,tie_b,0x45f40000,1,0xbe80000000000000,2,1
273,prefix126_127,legacy7,0x45f40000,1,0xbe80000000000000,2,1
273,prefix126_127,input_anchor,0x45fb4000,1,0xbf68000000000000,2,0
273,prefix126_127,exact_residual,0x45fb4000,1,0xbf68000000000000,2,0
273,prefix126_127,guard1_pack12,0x45fb4000,1,0xbf68000000000000,2,0
273,prefix126_127,guard12_pack12,0x45fb0000,1,0xbf60000000000000,2,0
273,prefix126_127,source_uncut,0x45fb3180,1,0xbf66300000000000,2,0
273,prefix126_127,post_sum_pack12,0x45fb0000,1,0xbf60000000000000,2,0
273,prefix126_127,signed_floor,0x45fb0000,1,0xbf60000000000000,2,0
274,prefix126_127,fig3,0x45fb4000,1,0xbf68000000000000,3,0
274,prefix126_127,tie_b,0x45fbc000,1,0xbf78000000000000,3,1
274,prefix126_127,legacy7,0x45fbc000,1,0xbf78000000000000,3,1
274,prefix126_127,input_anchor,0x45fb4000,1,0xbf68000000000000,3,0
274,prefix126_127,exact_residual,0x45fb4000,1,0xbf68000000000000,2,0
274,prefix126_127,guard1_pack12,0x45fb4000,1,0xbf68000000000000,3,0
274,prefix126_127,guard12_pack12,0x45fb4000,1,0xbf68000000000000,3,0
274,prefix126_127,source_uncut,0x45fb61b8,1,0xbf6c370000000000,3,0
274,prefix126_127,post_sum_pack12,0x45fb4000,1,0xbf68000000000000,3,0
274,prefix126_127,signed_floor,0x45fb0000,1,0xbf60000000000000,3,0
275,prefix126_127,fig3,0x45fb4000,1,0xbf68000000000000,4,0
275,prefix126_127,tie_b,0x45fb8000,1,0xbf70000000000000,4,1
275,prefix126_127,legacy7,0x45fb8000,1,0xbf70000000000000,4,1
275,prefix126_127,input_anchor,0x45fb4000,1,0xbf68000000000000,4,0
275,prefix126_127,exact_residual,0x45fb4000,1,0xbf68000000000000,2,0
275,prefix126_127,guard1_pack12,0x45fb4000,1,0xbf68000000000000,4,0
275,prefix126_127,guard12_pack12,0x45fb4000,1,0xbf68000000000000,4,0
275,prefix126_127,source_uncut,0x45fb6158,1,0xbf6c2b0000000000,4,0
275,prefix126_127,post_sum_pack12,0x45fb4000,1,0xbf68000000000000,4,0
275,prefix126_127,signed_floor,0x45fac000,1,0xbf58000000000000,4,0
276,prefix126_127,fig3,0x46f90000,1,0xdf20000000000000,2,0
276,prefix126_127,tie_b,0x46f20000,1,0xde40000000000000,2,1
276,prefix126_127,legacy7,0x46f20000,1,0xde40000000000000,2,1
276,prefix126_127,input_anchor,0x46f90000,1,0xdf20000000000000,2,0
276,prefix126_127,exact_residual,0x46f90000,1,0xdf20000000000000,2,0
276,prefix126_127,guard1_pack12,0x46f90000,1,0xdf20000000000000,2,0
276,prefix126_127,guard12_pack12,0x46f8c000,1,0xdf18000000000000,2,0
276,prefix126_127,source_uncut,0x46f8f200,1,0xdf1e400000000000,2,0
276,prefix126_127,post_sum_pack12,0x46f8c000,1,0xdf18000000000000,2,0
276,prefix126_127,signed_floor,0x46f8c000,1,0xdf18000000000000,2,0
277,prefix126_127,fig3,0x46f90000,1,0xdf20000000000000,3,0
277,prefix126_127,tie_b,0x46f9c000,1,0xdf38000000000000,3,1
277,prefix126_127,legacy7,0x46f9c000,1,0xdf38000000000000,3,1
277,prefix126_127,input_anchor,0x46f90000,1,0xdf20000000000000,3,0
277,prefix126_127,exact_residual,0x46f90000,1,0xdf20000000000000,2,0
277,prefix126_127,guard1_pack12,0x46f90000,1,0xdf20000000000000,3,0
277,prefix126_127,guard12_pack12,0x46f90000,1,0xdf20000000000000,3,0
277,prefix126_127,source_uncut,0x46f92a38,1,0xdf25470000000000,3,0
277,prefix126_127,post_sum_pack12,0x46f90000,1,0xdf20000000000000,3,0
277,prefix126_127,signed_floor,0x46f8c000,1,0xdf18000000000000,3,0
278,prefix126_127,fig3,0x47740000,1,0xee80000000000000,2,0
278,prefix126_127,tie_b,0x47710000,1,0xee20000000000000,2,1
278,prefix126_127,legacy7,0x47710000,1,0xee20000000000000,2,1
278,prefix126_127,input_anchor,0x47740000,1,0xee80000000000000,2,0
278,prefix126_127,exact_residual,0x47740000,1,0xee80000000000000,2,0
278,prefix126_127,guard1_pack12,0x47740000,1,0xee80000000000000,2,0
278,prefix126_127,guard12_pack12,0x4773c000,1,0xee78000000000000,2,0
278,prefix126_127,source_uncut,0x4773fa00,1,0xee7f400000000000,2,0
278,prefix126_127,post_sum_pack12,0x4773c000,1,0xee78000000000000,2,0
278,prefix126_127,signed_floor,0x4773c000,1,0xee78000000000000,2,0
279,prefix126_127,fig3,0x47740000,1,0xee80000000000000,3,0
279,prefix126_127,tie_b,0x4774c000,1,0xee98000000000000,3,1
279,prefix126_127,legacy7,0x4774c000,1,0xee98000000000000,3,1
279,prefix126_127,input_anchor,0x47740000,1,0xee80000000000000,3,0
279,prefix126_127,exact_residual,0x47740000,1,0xee80000000000000,2,0
279,prefix126_127,guard1_pack12,0x47740000,1,0xee80000000000000,3,0
279,prefix126_127,guard12_pack12,0x47740000,1,0xee80000000000000,3,0
279,prefix126_127,source_uncut,0x47743618,1,0xee86c30000000000,3,0
279,prefix126_127,post_sum_pack12,0x47740000,1,0xee80000000000000,3,0
279,prefix126_127,signed_floor,0x4773c000,1,0xee78000000000000,3,0
280,prefix126_127,fig3,0x47b18000,1,0xf630000000000000,2,0
280,prefix126_127,tie_b,0x47b08000,1,0xf610000000000000,2,1
280,prefix126_127,legacy7,0x47b08000,1,0xf610000000000000,2,1
280,prefix126_127,input_anchor,0x47b18000,1,0xf630000000000000,2,0
280,prefix126_127,exact_residual,0x47b18000,1,0xf630000000000000,2,0
280,prefix126_127,guard1_pack12,0x47b18000,1,0xf630000000000000,2,0
280,prefix126_127,guard12_pack12,0x47b14000,1,0xf628000000000000,2,0
280,prefix126_127,source_uncut,0x47b17e00,1,0xf62fc00000000000,2,0
280,prefix126_127,post_sum_pack12,0x47b14000,1,0xf628000000000000,2,0
280,prefix126_127,signed_floor,0x47b14000,1,0xf628000000000000,2,0
281,prefix126_127,fig3,0x47b18000,1,0xf630000000000000,3,0
281,prefix126_127,tie_b,0x47b14000,1,0xf628000000000000,3,1
281,prefix126_127,legacy7,0x47b14000,1,0xf628000000000000,3,1
281,prefix126_127,input_anchor,0x47b18000,1,0xf630000000000000,3,0
281,prefix126_127,exact_residual,0x47b18000,1,0xf630000000000000,2,0
281,prefix126_127,guard1_pack12,0x47b18000,1,0xf630000000000000,3,0
281,prefix126_127,guard12_pack12,0x47b18000,1,0xf630000000000000,3,0
281,prefix126_127,source_uncut,0x47b1bc08,1,0xf637810000000000,3,0
281,prefix126_127,post_sum_pack12,0x47b18000,1,0xf630000000000000,3,0
281,prefix126_127,signed_floor,0x47b14000,1,0xf628000000000000,3,0
282,prefix126_127,fig3,0x47b18000,1,0xf630000000000000,4,0
282,prefix126_127,tie_b,0x47b14000,1,0xf628000000000000,4,1
282,prefix126_127,legacy7,0x47b14000,1,0xf628000000000000,4,1
282,prefix126_127,input_anchor,0x47b18000,1,0xf630000000000000,4,0
282,prefix126_127,exact_residual,0x47b18000,1,0xf630000000000000,2,0
282,prefix126_127,guard1_pack12,0x47b18000,1,0xf630000000000000,4,0
282,prefix126_127,guard12_pack12,0x47b18000,1,0xf630000000000000,4,0
282,prefix126_127,source_uncut,0x47b1bb8c,1,0xf637718000000000,4,0
282,prefix126_127,post_sum_pack12,0x47b18000,1,0xf630000000000000,4,0
282,prefix126_127,signed_floor,0x47b10000,1,0xf620000000000000,4,0
283,prefix126_127,fig3,0x47d80000,1,0xfb00000000000000,2,0
283,prefix126_127,tie_b,0x47d04000,1,0xfa08000000000000,2,1
283,prefix126_127,legacy7,0x47d04000,1,0xfa08000000000000,2,1
283,prefix126_127,input_anchor,0x47d80000,1,0xfb00000000000000,2,0
283,prefix126_127,exact_residual,0x47d80000,1,0xfb00000000000000,2,0
283,prefix126_127,guard1_pack12,0x47d80000,1,0xfb00000000000000,2,0
283,prefix126_127,guard12_pack12,0x47d7c000,1,0xfaf8000000000000,2,0
283,prefix126_127,source_uncut,0x47d7f080,1,0xfafe100000000000,2,0
283,prefix126_127,post_sum_pack12,0x47d7c000,1,0xfaf8000000000000,2,0
283,prefix126_127,signed_floor,0x47d7c000,1,0xfaf8000000000000,2,0
284,prefix126_127,fig3,0x43f80000,0,0xff00000000000000,2,0
284,prefix126_127,tie_b,0x43f7c000,0,0xfef8000000000000,1,1
284,prefix126_127,legacy7,0x43f7c000,0,0xfef8000000000000,1,1
284,prefix126_127,input_anchor,0x43f80000,0,0xff00000000000000,2,0
284,prefix126_127,exact_residual,0x43f80000,0,0xff00000000000000,2,0
284,prefix126_127,guard1_pack12,0x43f80000,0,0xff00000000000000,2,0
284,prefix126_127,guard12_pack12,0x43f80000,0,0xff00000000000000,2,0
284,prefix126_127,source_uncut,0x43f80000,0,0xff00000000000000,2,0
284,prefix126_127,post_sum_pack12,0x43f80000,0,0xff00000000000000,2,0
284,prefix126_127,signed_floor,0x43f80000,0,0xff00000000000000,2,0
285,prefix126_127,fig3,0x43f80000,0,0xff00000000000000,2,0
285,prefix126_127,tie_b,0x43f7c000,0,0xfef8000000000000,1,1
285,prefix126_127,legacy7,0x43f7c000,0,0xfef8000000000000,1,1
285,prefix126_127,input_anchor,0x43f80000,0,0xff00000000000000,2,0
285,prefix126_127,exact_residual,0x43f80000,0,0xff00000000000000,3,0
285,prefix126_127,guard1_pack12,0x43f80000,0,0xff00000000000000,2,0
285,prefix126_127,guard12_pack12,0x43f80000,0,0xff00000000000000,2,0
285,prefix126_127,source_uncut,0x43f80000,0,0xff00000000000000,2,0
285,prefix126_127,post_sum_pack12,0x43f80000,0,0xff00000000000000,2,0
285,prefix126_127,signed_floor,0x43f80000,0,0xff00000000000000,2,0
286,prefix126_127,fig3,0x43f80000,0,0xff00000000000000,2,0
286,prefix126_127,tie_b,0x43f7c000,0,0xfef8000000000000,1,1
286,prefix126_127,legacy7,0x43f7c000,0,0xfef8000000000000,1,1
286,prefix126_127,input_anchor,0x43f80000,0,0xff00000000000000,2,0
286,prefix126_127,exact_residual,0x43f80000,0,0xff00000000000000,3,0
286,prefix126_127,guard1_pack12,0x43f80000,0,0xff00000000000000,2,0
286,prefix126_127,guard12_pack12,0x43f80000,0,0xff00000000000000,2,0
286,prefix126_127,source_uncut,0x43f80000,0,0xff00000000000000,2,0
286,prefix126_127,post_sum_pack12,0x43f80000,0,0xff00000000000000,2,0
286,prefix126_127,signed_floor,0x43f80000,0,0xff00000000000000,2,0
287,prefix126_127,fig3,0x4403c000,1,0x8078000000000000,2,0
287,prefix126_127,tie_b,0x44038000,1,0x8070000000000000,3,1
287,prefix126_127,legacy7,0x44038000,1,0x8070000000000000,3,1
287,prefix126_127,input_anchor,0x4403c000,1,0x8078000000000000,2,0
287,prefix126_127,exact_residual,0x4403c000,1,0x8078000000000000,3,0
287,prefix126_127,guard1_pack12,0x4403c000,1,0x8078000000000000,2,0
287,prefix126_127,guard12_pack12,0x44038000,1,0x8070000000000000,2,0
287,prefix126_127,source_uncut,0x4403b840,1,0x8077080000000000,2,0
287,prefix126_127,post_sum_pack12,0x44038000,1,0x8070000000000000,2,0
287,prefix126_127,signed_floor,0x44038000,1,0x8070000000000000,2,0
288,published_fig4,fig3,0x1ae34000,-11,0xb8d0000000000000,3,0
288,published_fig4,tie_b,0x1ae34000,-11,0xb8d0000000000000,3,0
288,published_fig4,legacy7,0x1ae34000,-11,0xb8d0000000000000,3,0
288,published_fig4,input_anchor,0x1ae34000,-11,0xb8d0000000000000,3,0
288,published_fig4,exact_residual,0x1ae34000,-11,0xb8d0000000000000,3,0
288,published_fig4,guard1_pack12,0x1ae34000,-11,0xb8d0000000000000,3,0
288,published_fig4,guard12_pack12,0x1ae34000,-11,0xb8d0000000000000,3,0
288,published_fig4,source_uncut,0x1ae34800,-11,0xb8d2000000000000,3,0
288,published_fig4,post_sum_pack12,0x1ae34000,-11,0xb8d0000000000000,3,0
288,published_fig4,signed_floor,0x1ae34000,-11,0xb8d0000000000000,3,0
289,carry_required,fig3,0x45ff8000,1,0xbff0000000000000,3,0
289,carry_required,tie_b,0x45ff8000,1,0xbff0000000000000,3,0
289,carry_required,legacy7,0x45ff8000,1,0xbff0000000000000,3,0
289,carry_required,input_anchor,0x45ff8000,1,0xbff0000000000000,3,0
289,carry_required,exact_residual,0x45ff8000,1,0xbff0000000000000,3,0
289,carry_required,guard1_pack12,0x45ff8000,1,0xbff0000000000000,3,0
289,carry_required,guard12_pack12,0x45ff8000,1,0xbff0000000000000,3,0
289,carry_required,source_uncut,0x45ff9000,1,0xbff2000000000000,3,0
289,carry_required,post_sum_pack12,0x45ff8000,1,0xbff0000000000000,3,0
289,carry_required,signed_floor,0x45ff8000,1,0xbff0000000000000,3,0
290,negative_term_floor,fig3,0x42008000,0,0xc010000000000000,3,0
290,negative_term_floor,tie_b,0x42008000,0,0xc010000000000000,3,0
290,negative_term_floor,legacy7,0x42008000,0,0xc010000000000000,3,0
290,negative_term_floor,input_anchor,0x4200c000,0,0xc018000000000000,3,0
290,negative_term_floor,exact_residual,0x42008000,0,0xc010000000000000,2,0
290,negative_term_floor,guard1_pack12,0x4200c000,0,0xc018000000000000,3,0
290,negative_term_floor,guard12_pack12,0x42008000,0,0xc010000000000000,3,0
290,negative_term_floor,source_uncut,0x4200a000,0,0xc014000000000000,3,0
290,negative_term_floor,post_sum_pack12,0x42008000,0,0xc010000000000000,3,0
290,negative_term_floor,signed_floor,0x42000000,0,0xc000000000000000,3,0
291,shift_cut_edge,fig3,0x44000000,1,0x8000000000000000,2,0
291,shift_cut_edge,tie_b,0x44000000,1,0x8000000000000000,2,0
291,shift_cut_edge,legacy7,0x44000000,1,0x8000000000000000,2,0
291,shift_cut_edge,input_anchor,0x44000000,1,0x8000000000000000,2,0
291,shift_cut_edge,exact_residual,0x44000000,1,0x8000000000000000,2,0
291,shift_cut_edge,guard1_pack12,0x44000000,1,0x8000000000000000,2,0
291,shift_cut_edge,guard12_pack12,0x44000000,1,0x8000000000000000,2,0
291,shift_cut_edge,source_uncut,0x44001ffc,1,0x8003ff8000000000,2,0
291,shift_cut_edge,post_sum_pack12,0x44000000,1,0x8000000000000000,2,0
291,shift_cut_edge,signed_floor,0x44000000,1,0x8000000000000000,2,0
