TimeQuest Timing Analyzer report for packer
Wed Oct 07 00:21:55 2026
Quartus II 64-Bit Version 13.0.1 Build 232 06/12/2013 Service Pack 1 SJ Web Edition


---------------------
; Table of Contents ;
---------------------
  1. Legal Notice
  2. TimeQuest Timing Analyzer Summary
  3. Parallel Compilation
  4. SDC File List
  5. Clocks
  6. Slow 1200mV 85C Model Fmax Summary
  7. Timing Closure Recommendations
  8. Slow 1200mV 85C Model Setup Summary
  9. Slow 1200mV 85C Model Hold Summary
 10. Slow 1200mV 85C Model Recovery Summary
 11. Slow 1200mV 85C Model Removal Summary
 12. Slow 1200mV 85C Model Minimum Pulse Width Summary
 13. Slow 1200mV 85C Model Setup: 'clk'
 14. Slow 1200mV 85C Model Hold: 'clk'
 15. Slow 1200mV 85C Model Recovery: 'clk'
 16. Slow 1200mV 85C Model Removal: 'clk'
 17. Slow 1200mV 85C Model Minimum Pulse Width: 'clk'
 18. Setup Times
 19. Hold Times
 20. Clock to Output Times
 21. Minimum Clock to Output Times
 22. Slow 1200mV 85C Model Metastability Report
 23. Slow 1200mV 0C Model Fmax Summary
 24. Slow 1200mV 0C Model Setup Summary
 25. Slow 1200mV 0C Model Hold Summary
 26. Slow 1200mV 0C Model Recovery Summary
 27. Slow 1200mV 0C Model Removal Summary
 28. Slow 1200mV 0C Model Minimum Pulse Width Summary
 29. Slow 1200mV 0C Model Setup: 'clk'
 30. Slow 1200mV 0C Model Hold: 'clk'
 31. Slow 1200mV 0C Model Recovery: 'clk'
 32. Slow 1200mV 0C Model Removal: 'clk'
 33. Slow 1200mV 0C Model Minimum Pulse Width: 'clk'
 34. Setup Times
 35. Hold Times
 36. Clock to Output Times
 37. Minimum Clock to Output Times
 38. Slow 1200mV 0C Model Metastability Report
 39. Fast 1200mV 0C Model Setup Summary
 40. Fast 1200mV 0C Model Hold Summary
 41. Fast 1200mV 0C Model Recovery Summary
 42. Fast 1200mV 0C Model Removal Summary
 43. Fast 1200mV 0C Model Minimum Pulse Width Summary
 44. Fast 1200mV 0C Model Setup: 'clk'
 45. Fast 1200mV 0C Model Hold: 'clk'
 46. Fast 1200mV 0C Model Recovery: 'clk'
 47. Fast 1200mV 0C Model Removal: 'clk'
 48. Fast 1200mV 0C Model Minimum Pulse Width: 'clk'
 49. Setup Times
 50. Hold Times
 51. Clock to Output Times
 52. Minimum Clock to Output Times
 53. Fast 1200mV 0C Model Metastability Report
 54. Multicorner Timing Analysis Summary
 55. Setup Times
 56. Hold Times
 57. Clock to Output Times
 58. Minimum Clock to Output Times
 59. Board Trace Model Assignments
 60. Input Transition Times
 61. Signal Integrity Metrics (Slow 1200mv 0c Model)
 62. Signal Integrity Metrics (Slow 1200mv 85c Model)
 63. Signal Integrity Metrics (Fast 1200mv 0c Model)
 64. Setup Transfers
 65. Hold Transfers
 66. Recovery Transfers
 67. Removal Transfers
 68. Report TCCS
 69. Report RSKM
 70. Unconstrained Paths
 71. TimeQuest Timing Analyzer Messages



----------------
; Legal Notice ;
----------------
Copyright (C) 1991-2013 Altera Corporation
Your use of Altera Corporation's design tools, logic functions 
and other software and tools, and its AMPP partner logic 
functions, and any output files from any of the foregoing 
(including device programming or simulation files), and any 
associated documentation or information are expressly subject 
to the terms and conditions of the Altera Program License 
Subscription Agreement, Altera MegaCore Function License 
Agreement, or other applicable license agreement, including, 
without limitation, that your use is for the sole purpose of 
programming logic devices manufactured by Altera and sold by 
Altera or its authorized distributors.  Please refer to the 
applicable agreement for further details.



+----------------------------------------------------------------------------------------+
; TimeQuest Timing Analyzer Summary                                                      ;
+--------------------+-------------------------------------------------------------------+
; Quartus II Version ; Version 13.0.1 Build 232 06/12/2013 Service Pack 1 SJ Web Edition ;
; Revision Name      ; packer                                                            ;
; Device Family      ; Cyclone IV E                                                      ;
; Device Name        ; EP4CE22F17C6                                                      ;
; Timing Models      ; Final                                                             ;
; Delay Model        ; Combined                                                          ;
; Rise/Fall Delays   ; Enabled                                                           ;
+--------------------+-------------------------------------------------------------------+


Parallel compilation was disabled, but you have multiple processors available. Enable parallel compilation to reduce compilation time.
+-------------------------------------+
; Parallel Compilation                ;
+----------------------------+--------+
; Processors                 ; Number ;
+----------------------------+--------+
; Number detected on machine ; 12     ;
; Maximum allowed            ; 1      ;
+----------------------------+--------+


+---------------------------------------------------+
; SDC File List                                     ;
+---------------+--------+--------------------------+
; SDC File Path ; Status ; Read at                  ;
+---------------+--------+--------------------------+
; packer.sdc    ; OK     ; Wed Oct 07 00:21:53 2026 ;
+---------------+--------+--------------------------+


+--------------------------------------------------------------------------------------------------------------------------------------------------------------------------------+
; Clocks                                                                                                                                                                         ;
+------------+------+--------+-----------+-------+-------+------------+-----------+-------------+-------+--------+-----------+------------+----------+--------+--------+---------+
; Clock Name ; Type ; Period ; Frequency ; Rise  ; Fall  ; Duty Cycle ; Divide by ; Multiply by ; Phase ; Offset ; Edge List ; Edge Shift ; Inverted ; Master ; Source ; Targets ;
+------------+------+--------+-----------+-------+-------+------------+-----------+-------------+-------+--------+-----------+------------+----------+--------+--------+---------+
; clk        ; Base ; 10.000 ; 100.0 MHz ; 0.000 ; 5.000 ;            ;           ;             ;       ;        ;           ;            ;          ;        ;        ; { clk } ;
+------------+------+--------+-----------+-------+-------+------------+-----------+-------------+-------+--------+-----------+------------+----------+--------+--------+---------+


+-------------------------------------------------+
; Slow 1200mV 85C Model Fmax Summary              ;
+-----------+-----------------+------------+------+
; Fmax      ; Restricted Fmax ; Clock Name ; Note ;
+-----------+-----------------+------------+------+
; 98.08 MHz ; 98.08 MHz       ; clk        ;      ;
+-----------+-----------------+------------+------+
This panel reports FMAX for every clock in the design, regardless of the user-specified clock periods.  FMAX is only computed for paths where the source and destination registers or ports are driven by the same clock.  Paths of different clocks, including generated clocks, are ignored.  For paths between a clock and its inversion, FMAX is computed as if the rising and falling edges are scaled along with FMAX, such that the duty cycle (in terms of a percentage) is maintained. Altera recommends that you always use clock constraints and other slack reports for sign-off analysis.


----------------------------------
; Timing Closure Recommendations ;
----------------------------------
HTML report is unavailable in plain text report export.


+-------------------------------------+
; Slow 1200mV 85C Model Setup Summary ;
+-------+--------+--------------------+
; Clock ; Slack  ; End Point TNS      ;
+-------+--------+--------------------+
; clk   ; -0.196 ; -0.196             ;
+-------+--------+--------------------+


+------------------------------------+
; Slow 1200mV 85C Model Hold Summary ;
+-------+-------+--------------------+
; Clock ; Slack ; End Point TNS      ;
+-------+-------+--------------------+
; clk   ; 0.373 ; 0.000              ;
+-------+-------+--------------------+


+----------------------------------------+
; Slow 1200mV 85C Model Recovery Summary ;
+-------+-------+------------------------+
; Clock ; Slack ; End Point TNS          ;
+-------+-------+------------------------+
; clk   ; 7.088 ; 0.000                  ;
+-------+-------+------------------------+


+---------------------------------------+
; Slow 1200mV 85C Model Removal Summary ;
+-------+-------+-----------------------+
; Clock ; Slack ; End Point TNS         ;
+-------+-------+-----------------------+
; clk   ; 2.036 ; 0.000                 ;
+-------+-------+-----------------------+


+---------------------------------------------------+
; Slow 1200mV 85C Model Minimum Pulse Width Summary ;
+-------+-------+-----------------------------------+
; Clock ; Slack ; End Point TNS                     ;
+-------+-------+-----------------------------------+
; clk   ; 4.663 ; 0.000                             ;
+-------+-------+-----------------------------------+


+-----------------------------------------------------------------------------------------------------------------------------------------------------------------+
; Slow 1200mV 85C Model Setup: 'clk'                                                                                                                              ;
+--------+----------------------------------------------+-----------------------------------+--------------+-------------+--------------+------------+------------+
; Slack  ; From Node                                    ; To Node                           ; Launch Clock ; Latch Clock ; Relationship ; Clock Skew ; Data Delay ;
+--------+----------------------------------------------+-----------------------------------+--------------+-------------+--------------+------------+------------+
; -0.196 ; posit_pack:u_packer|g_rne.p1_mag_trunc_q[0]  ; posit_pack:u_packer|g_rne.d_q[31] ; clk          ; clk         ; 10.000       ; -0.085     ; 10.106     ;
; -0.179 ; posit_pack:u_packer|g_rne.p1_round_bit_q     ; posit_pack:u_packer|g_rne.d_q[31] ; clk          ; clk         ; 10.000       ; -0.085     ; 10.089     ;
; -0.066 ; posit_pack:u_packer|g_rne.p1_guard_bit_q     ; posit_pack:u_packer|g_rne.d_q[31] ; clk          ; clk         ; 10.000       ; -0.085     ; 9.976      ;
; 0.074  ; posit_pack:u_packer|g_rne.p1_sticky_bit_q    ; posit_pack:u_packer|g_rne.d_q[31] ; clk          ; clk         ; 10.000       ; -0.085     ; 9.836      ;
; 0.289  ; posit_pack:u_packer|g_rne.p1_mag_trunc_q[0]  ; posit_pack:u_packer|g_rne.d_q[30] ; clk          ; clk         ; 10.000       ; 0.239      ; 9.945      ;
; 0.306  ; posit_pack:u_packer|g_rne.p1_round_bit_q     ; posit_pack:u_packer|g_rne.d_q[30] ; clk          ; clk         ; 10.000       ; 0.239      ; 9.928      ;
; 0.419  ; posit_pack:u_packer|g_rne.p1_guard_bit_q     ; posit_pack:u_packer|g_rne.d_q[30] ; clk          ; clk         ; 10.000       ; 0.239      ; 9.815      ;
; 0.442  ; posit_pack:u_packer|g_rne.p1_mag_trunc_q[1]  ; posit_pack:u_packer|g_rne.d_q[31] ; clk          ; clk         ; 10.000       ; -0.085     ; 9.468      ;
; 0.516  ; posit_pack:u_packer|g_rne.p1_mag_trunc_q[0]  ; posit_pack:u_packer|g_rne.d_q[28] ; clk          ; clk         ; 10.000       ; 0.239      ; 9.718      ;
; 0.533  ; posit_pack:u_packer|g_rne.p1_round_bit_q     ; posit_pack:u_packer|g_rne.d_q[28] ; clk          ; clk         ; 10.000       ; 0.239      ; 9.701      ;
; 0.540  ; posit_pack:u_packer|g_rne.p1_mag_trunc_q[0]  ; posit_pack:u_packer|g_rne.d_q[29] ; clk          ; clk         ; 10.000       ; 0.238      ; 9.693      ;
; 0.556  ; posit_pack:u_packer|g_rne.p1_mag_trunc_q[3]  ; posit_pack:u_packer|g_rne.d_q[31] ; clk          ; clk         ; 10.000       ; -0.085     ; 9.354      ;
; 0.557  ; posit_pack:u_packer|g_rne.p1_round_bit_q     ; posit_pack:u_packer|g_rne.d_q[29] ; clk          ; clk         ; 10.000       ; 0.238      ; 9.676      ;
; 0.559  ; posit_pack:u_packer|g_rne.p1_sticky_bit_q    ; posit_pack:u_packer|g_rne.d_q[30] ; clk          ; clk         ; 10.000       ; 0.239      ; 9.675      ;
; 0.638  ; posit_pack:u_packer|g_rne.p1_mag_trunc_q[2]  ; posit_pack:u_packer|g_rne.d_q[31] ; clk          ; clk         ; 10.000       ; -0.085     ; 9.272      ;
; 0.646  ; posit_pack:u_packer|g_rne.p1_guard_bit_q     ; posit_pack:u_packer|g_rne.d_q[28] ; clk          ; clk         ; 10.000       ; 0.239      ; 9.588      ;
; 0.670  ; posit_pack:u_packer|g_rne.p1_guard_bit_q     ; posit_pack:u_packer|g_rne.d_q[29] ; clk          ; clk         ; 10.000       ; 0.238      ; 9.563      ;
; 0.671  ; posit_pack:u_packer|g_rne.p1_mag_trunc_q[5]  ; posit_pack:u_packer|g_rne.d_q[31] ; clk          ; clk         ; 10.000       ; -0.085     ; 9.239      ;
; 0.754  ; posit_pack:u_packer|g_rne.p1_mag_trunc_q[4]  ; posit_pack:u_packer|g_rne.d_q[31] ; clk          ; clk         ; 10.000       ; -0.085     ; 9.156      ;
; 0.786  ; posit_pack:u_packer|g_rne.p1_sticky_bit_q    ; posit_pack:u_packer|g_rne.d_q[28] ; clk          ; clk         ; 10.000       ; 0.239      ; 9.448      ;
; 0.787  ; posit_pack:u_packer|g_rne.p1_mag_trunc_q[7]  ; posit_pack:u_packer|g_rne.d_q[31] ; clk          ; clk         ; 10.000       ; -0.085     ; 9.123      ;
; 0.808  ; posit_pack:u_packer|g_rne.p1_mag_trunc_q[0]  ; posit_pack:u_packer|g_rne.d_q[27] ; clk          ; clk         ; 10.000       ; 0.238      ; 9.425      ;
; 0.810  ; posit_pack:u_packer|g_rne.p1_sticky_bit_q    ; posit_pack:u_packer|g_rne.d_q[29] ; clk          ; clk         ; 10.000       ; 0.238      ; 9.423      ;
; 0.816  ; posit_pack:u_packer|g_rne.p1_mag_trunc_q[0]  ; posit_pack:u_packer|g_rne.d_q[26] ; clk          ; clk         ; 10.000       ; 0.262      ; 9.441      ;
; 0.825  ; posit_pack:u_packer|g_rne.p1_round_bit_q     ; posit_pack:u_packer|g_rne.d_q[27] ; clk          ; clk         ; 10.000       ; 0.238      ; 9.408      ;
; 0.833  ; posit_pack:u_packer|g_rne.p1_round_bit_q     ; posit_pack:u_packer|g_rne.d_q[26] ; clk          ; clk         ; 10.000       ; 0.262      ; 9.424      ;
; 0.854  ; posit_pack:u_packer|g_rne.p1_mag_trunc_q[0]  ; posit_pack:u_packer|g_rne.d_q[18] ; clk          ; clk         ; 10.000       ; 0.300      ; 9.441      ;
; 0.869  ; posit_pack:u_packer|g_rne.p1_mag_trunc_q[6]  ; posit_pack:u_packer|g_rne.d_q[31] ; clk          ; clk         ; 10.000       ; -0.085     ; 9.041      ;
; 0.871  ; posit_pack:u_packer|g_rne.p1_round_bit_q     ; posit_pack:u_packer|g_rne.d_q[18] ; clk          ; clk         ; 10.000       ; 0.300      ; 9.424      ;
; 0.903  ; posit_pack:u_packer|g_rne.p1_mag_trunc_q[9]  ; posit_pack:u_packer|g_rne.d_q[31] ; clk          ; clk         ; 10.000       ; -0.085     ; 9.007      ;
; 0.927  ; posit_pack:u_packer|g_rne.p1_mag_trunc_q[1]  ; posit_pack:u_packer|g_rne.d_q[30] ; clk          ; clk         ; 10.000       ; 0.239      ; 9.307      ;
; 0.929  ; posit_pack:u_packer|g_rne.p1_mag_trunc_q[0]  ; posit_pack:u_packer|g_rne.d_q[25] ; clk          ; clk         ; 10.000       ; 0.238      ; 9.304      ;
; 0.938  ; posit_pack:u_packer|g_rne.p1_guard_bit_q     ; posit_pack:u_packer|g_rne.d_q[27] ; clk          ; clk         ; 10.000       ; 0.238      ; 9.295      ;
; 0.946  ; posit_pack:u_packer|g_rne.p1_guard_bit_q     ; posit_pack:u_packer|g_rne.d_q[26] ; clk          ; clk         ; 10.000       ; 0.262      ; 9.311      ;
; 0.946  ; posit_pack:u_packer|g_rne.p1_round_bit_q     ; posit_pack:u_packer|g_rne.d_q[25] ; clk          ; clk         ; 10.000       ; 0.238      ; 9.287      ;
; 0.980  ; posit_pack:u_packer|g_rne.p1_mag_trunc_q[0]  ; posit_pack:u_packer|g_rne.d_q[16] ; clk          ; clk         ; 10.000       ; 0.274      ; 9.289      ;
; 0.984  ; posit_pack:u_packer|g_rne.p1_guard_bit_q     ; posit_pack:u_packer|g_rne.d_q[18] ; clk          ; clk         ; 10.000       ; 0.300      ; 9.311      ;
; 0.986  ; posit_pack:u_packer|g_rne.p1_mag_trunc_q[8]  ; posit_pack:u_packer|g_rne.d_q[31] ; clk          ; clk         ; 10.000       ; -0.085     ; 8.924      ;
; 0.997  ; posit_pack:u_packer|g_rne.p1_round_bit_q     ; posit_pack:u_packer|g_rne.d_q[16] ; clk          ; clk         ; 10.000       ; 0.274      ; 9.272      ;
; 1.019  ; posit_pack:u_packer|g_rne.p1_mag_trunc_q[0]  ; posit_pack:u_packer|g_rne.d_q[22] ; clk          ; clk         ; 10.000       ; 0.262      ; 9.238      ;
; 1.021  ; posit_pack:u_packer|g_rne.p1_mag_trunc_q[11] ; posit_pack:u_packer|g_rne.d_q[31] ; clk          ; clk         ; 10.000       ; -0.085     ; 8.889      ;
; 1.036  ; posit_pack:u_packer|g_rne.p1_round_bit_q     ; posit_pack:u_packer|g_rne.d_q[22] ; clk          ; clk         ; 10.000       ; 0.262      ; 9.221      ;
; 1.039  ; posit_pack:u_packer|g_rne.p1_mag_trunc_q[0]  ; posit_pack:u_packer|g_rne.d_q[23] ; clk          ; clk         ; 10.000       ; 0.238      ; 9.194      ;
; 1.041  ; posit_pack:u_packer|g_rne.p1_mag_trunc_q[3]  ; posit_pack:u_packer|g_rne.d_q[30] ; clk          ; clk         ; 10.000       ; 0.239      ; 9.193      ;
; 1.056  ; posit_pack:u_packer|g_rne.p1_round_bit_q     ; posit_pack:u_packer|g_rne.d_q[23] ; clk          ; clk         ; 10.000       ; 0.238      ; 9.177      ;
; 1.059  ; posit_pack:u_packer|g_rne.p1_guard_bit_q     ; posit_pack:u_packer|g_rne.d_q[25] ; clk          ; clk         ; 10.000       ; 0.238      ; 9.174      ;
; 1.072  ; posit_pack:u_packer|g_rne.p1_mag_trunc_q[0]  ; posit_pack:u_packer|g_rne.d_q[24] ; clk          ; clk         ; 10.000       ; 0.262      ; 9.185      ;
; 1.078  ; posit_pack:u_packer|g_rne.p1_sticky_bit_q    ; posit_pack:u_packer|g_rne.d_q[27] ; clk          ; clk         ; 10.000       ; 0.238      ; 9.155      ;
; 1.086  ; posit_pack:u_packer|g_rne.p1_sticky_bit_q    ; posit_pack:u_packer|g_rne.d_q[26] ; clk          ; clk         ; 10.000       ; 0.262      ; 9.171      ;
; 1.089  ; posit_pack:u_packer|g_rne.p1_round_bit_q     ; posit_pack:u_packer|g_rne.d_q[24] ; clk          ; clk         ; 10.000       ; 0.262      ; 9.168      ;
; 1.102  ; posit_pack:u_packer|g_rne.p1_mag_trunc_q[10] ; posit_pack:u_packer|g_rne.d_q[31] ; clk          ; clk         ; 10.000       ; -0.085     ; 8.808      ;
; 1.110  ; posit_pack:u_packer|g_rne.p1_guard_bit_q     ; posit_pack:u_packer|g_rne.d_q[16] ; clk          ; clk         ; 10.000       ; 0.274      ; 9.159      ;
; 1.123  ; posit_pack:u_packer|g_rne.p1_mag_trunc_q[2]  ; posit_pack:u_packer|g_rne.d_q[30] ; clk          ; clk         ; 10.000       ; 0.239      ; 9.111      ;
; 1.124  ; posit_pack:u_packer|g_rne.p1_sticky_bit_q    ; posit_pack:u_packer|g_rne.d_q[18] ; clk          ; clk         ; 10.000       ; 0.300      ; 9.171      ;
; 1.132  ; posit_pack:u_packer|g_rne.p1_mag_trunc_q[0]  ; posit_pack:u_packer|g_rne.d_q[20] ; clk          ; clk         ; 10.000       ; 0.262      ; 9.125      ;
; 1.138  ; posit_pack:u_packer|g_rne.p1_mag_trunc_q[13] ; posit_pack:u_packer|g_rne.d_q[31] ; clk          ; clk         ; 10.000       ; -0.085     ; 8.772      ;
; 1.142  ; posit_pack:u_packer|g_rne.p1_mag_trunc_q[0]  ; posit_pack:u_packer|g_rne.d_q[21] ; clk          ; clk         ; 10.000       ; 0.238      ; 9.091      ;
; 1.149  ; posit_pack:u_packer|g_rne.p1_guard_bit_q     ; posit_pack:u_packer|g_rne.d_q[22] ; clk          ; clk         ; 10.000       ; 0.262      ; 9.108      ;
; 1.149  ; posit_pack:u_packer|g_rne.p1_round_bit_q     ; posit_pack:u_packer|g_rne.d_q[20] ; clk          ; clk         ; 10.000       ; 0.262      ; 9.108      ;
; 1.154  ; posit_pack:u_packer|g_rne.p1_mag_trunc_q[1]  ; posit_pack:u_packer|g_rne.d_q[28] ; clk          ; clk         ; 10.000       ; 0.239      ; 9.080      ;
; 1.156  ; posit_pack:u_packer|g_rne.p1_mag_trunc_q[5]  ; posit_pack:u_packer|g_rne.d_q[30] ; clk          ; clk         ; 10.000       ; 0.239      ; 9.078      ;
; 1.159  ; posit_pack:u_packer|g_rne.p1_round_bit_q     ; posit_pack:u_packer|g_rne.d_q[21] ; clk          ; clk         ; 10.000       ; 0.238      ; 9.074      ;
; 1.169  ; posit_pack:u_packer|g_rne.p1_guard_bit_q     ; posit_pack:u_packer|g_rne.d_q[23] ; clk          ; clk         ; 10.000       ; 0.238      ; 9.064      ;
; 1.175  ; posit_pack:u_packer|g_rne.p1_mag_trunc_q[0]  ; posit_pack:u_packer|g_rne.d_q[15] ; clk          ; clk         ; 10.000       ; 0.262      ; 9.082      ;
; 1.178  ; posit_pack:u_packer|g_rne.p1_mag_trunc_q[1]  ; posit_pack:u_packer|g_rne.d_q[29] ; clk          ; clk         ; 10.000       ; 0.238      ; 9.055      ;
; 1.192  ; posit_pack:u_packer|g_rne.p1_round_bit_q     ; posit_pack:u_packer|g_rne.d_q[15] ; clk          ; clk         ; 10.000       ; 0.262      ; 9.065      ;
; 1.199  ; posit_pack:u_packer|g_rne.p1_sticky_bit_q    ; posit_pack:u_packer|g_rne.d_q[25] ; clk          ; clk         ; 10.000       ; 0.238      ; 9.034      ;
; 1.202  ; posit_pack:u_packer|g_rne.p1_guard_bit_q     ; posit_pack:u_packer|g_rne.d_q[24] ; clk          ; clk         ; 10.000       ; 0.262      ; 9.055      ;
; 1.205  ; posit_pack:u_packer|g_rne.p1_mag_trunc_q[0]  ; posit_pack:u_packer|g_rne.d_q[12] ; clk          ; clk         ; 10.000       ; 0.274      ; 9.064      ;
; 1.218  ; posit_pack:u_packer|g_rne.p1_mag_trunc_q[12] ; posit_pack:u_packer|g_rne.d_q[31] ; clk          ; clk         ; 10.000       ; -0.085     ; 8.692      ;
; 1.222  ; posit_pack:u_packer|g_rne.p1_round_bit_q     ; posit_pack:u_packer|g_rne.d_q[12] ; clk          ; clk         ; 10.000       ; 0.274      ; 9.047      ;
; 1.226  ; posit_pack:u_packer|g_rne.p1_mag_trunc_q[0]  ; posit_pack:u_packer|g_rne.d_q[13] ; clk          ; clk         ; 10.000       ; 0.239      ; 9.008      ;
; 1.239  ; posit_pack:u_packer|g_rne.p1_mag_trunc_q[4]  ; posit_pack:u_packer|g_rne.d_q[30] ; clk          ; clk         ; 10.000       ; 0.239      ; 8.995      ;
; 1.243  ; posit_pack:u_packer|g_rne.p1_round_bit_q     ; posit_pack:u_packer|g_rne.d_q[13] ; clk          ; clk         ; 10.000       ; 0.239      ; 8.991      ;
; 1.250  ; posit_pack:u_packer|g_rne.p1_sticky_bit_q    ; posit_pack:u_packer|g_rne.d_q[16] ; clk          ; clk         ; 10.000       ; 0.274      ; 9.019      ;
; 1.257  ; posit_pack:u_packer|g_rne.p1_mag_trunc_q[15] ; posit_pack:u_packer|g_rne.d_q[31] ; clk          ; clk         ; 10.000       ; -0.085     ; 8.653      ;
; 1.262  ; posit_pack:u_packer|g_rne.p1_guard_bit_q     ; posit_pack:u_packer|g_rne.d_q[20] ; clk          ; clk         ; 10.000       ; 0.262      ; 8.995      ;
; 1.268  ; posit_pack:u_packer|g_rne.p1_mag_trunc_q[3]  ; posit_pack:u_packer|g_rne.d_q[28] ; clk          ; clk         ; 10.000       ; 0.239      ; 8.966      ;
; 1.272  ; posit_pack:u_packer|g_rne.p1_mag_trunc_q[7]  ; posit_pack:u_packer|g_rne.d_q[30] ; clk          ; clk         ; 10.000       ; 0.239      ; 8.962      ;
; 1.272  ; posit_pack:u_packer|g_rne.p1_guard_bit_q     ; posit_pack:u_packer|g_rne.d_q[21] ; clk          ; clk         ; 10.000       ; 0.238      ; 8.961      ;
; 1.278  ; posit_pack:u_packer|g_rne.p1_mag_trunc_q[0]  ; posit_pack:u_packer|g_rne.d_q[4]  ; clk          ; clk         ; 10.000       ; -0.076     ; 8.641      ;
; 1.289  ; posit_pack:u_packer|g_rne.p1_sticky_bit_q    ; posit_pack:u_packer|g_rne.d_q[22] ; clk          ; clk         ; 10.000       ; 0.262      ; 8.968      ;
; 1.292  ; posit_pack:u_packer|g_rne.p1_mag_trunc_q[0]  ; posit_pack:u_packer|g_rne.d_q[19] ; clk          ; clk         ; 10.000       ; 0.262      ; 8.965      ;
; 1.292  ; posit_pack:u_packer|g_rne.p1_mag_trunc_q[3]  ; posit_pack:u_packer|g_rne.d_q[29] ; clk          ; clk         ; 10.000       ; 0.238      ; 8.941      ;
; 1.295  ; posit_pack:u_packer|g_rne.p1_round_bit_q     ; posit_pack:u_packer|g_rne.d_q[4]  ; clk          ; clk         ; 10.000       ; -0.076     ; 8.624      ;
; 1.297  ; posit_pack:u_packer|g_rne.p1_mag_trunc_q[0]  ; posit_pack:u_packer|g_rne.d_q[6]  ; clk          ; clk         ; 10.000       ; -0.076     ; 8.622      ;
; 1.305  ; posit_pack:u_packer|g_rne.p1_guard_bit_q     ; posit_pack:u_packer|g_rne.d_q[15] ; clk          ; clk         ; 10.000       ; 0.262      ; 8.952      ;
; 1.309  ; posit_pack:u_packer|g_rne.p1_sticky_bit_q    ; posit_pack:u_packer|g_rne.d_q[23] ; clk          ; clk         ; 10.000       ; 0.238      ; 8.924      ;
; 1.309  ; posit_pack:u_packer|g_rne.p1_round_bit_q     ; posit_pack:u_packer|g_rne.d_q[19] ; clk          ; clk         ; 10.000       ; 0.262      ; 8.948      ;
; 1.314  ; posit_pack:u_packer|g_rne.p1_round_bit_q     ; posit_pack:u_packer|g_rne.d_q[6]  ; clk          ; clk         ; 10.000       ; -0.076     ; 8.605      ;
; 1.334  ; posit_pack:u_packer|g_rne.p1_mag_trunc_q[14] ; posit_pack:u_packer|g_rne.d_q[31] ; clk          ; clk         ; 10.000       ; -0.085     ; 8.576      ;
; 1.335  ; posit_pack:u_packer|g_rne.p1_guard_bit_q     ; posit_pack:u_packer|g_rne.d_q[12] ; clk          ; clk         ; 10.000       ; 0.274      ; 8.934      ;
; 1.342  ; posit_pack:u_packer|g_rne.p1_sticky_bit_q    ; posit_pack:u_packer|g_rne.d_q[24] ; clk          ; clk         ; 10.000       ; 0.262      ; 8.915      ;
; 1.343  ; posit_pack:u_packer|g_rne.p1_mag_trunc_q[0]  ; posit_pack:u_packer|g_rne.d_q[14] ; clk          ; clk         ; 10.000       ; 0.274      ; 8.926      ;
; 1.347  ; posit_pack:u_packer|g_rne.p1_mag_trunc_q[0]  ; posit_pack:u_packer|g_rne.d_q[11] ; clk          ; clk         ; 10.000       ; 0.239      ; 8.887      ;
; 1.350  ; posit_pack:u_packer|g_rne.p1_mag_trunc_q[2]  ; posit_pack:u_packer|g_rne.d_q[28] ; clk          ; clk         ; 10.000       ; 0.239      ; 8.884      ;
; 1.352  ; posit_pack:u_packer|g_rne.p1_mag_trunc_q[0]  ; posit_pack:u_packer|g_rne.d_q[8]  ; clk          ; clk         ; 10.000       ; -0.076     ; 8.567      ;
; 1.354  ; posit_pack:u_packer|g_rne.p1_mag_trunc_q[6]  ; posit_pack:u_packer|g_rne.d_q[30] ; clk          ; clk         ; 10.000       ; 0.239      ; 8.880      ;
; 1.356  ; posit_pack:u_packer|g_rne.p1_guard_bit_q     ; posit_pack:u_packer|g_rne.d_q[13] ; clk          ; clk         ; 10.000       ; 0.239      ; 8.878      ;
; 1.360  ; posit_pack:u_packer|g_rne.p1_round_bit_q     ; posit_pack:u_packer|g_rne.d_q[14] ; clk          ; clk         ; 10.000       ; 0.274      ; 8.909      ;
+--------+----------------------------------------------+-----------------------------------+--------------+-------------+--------------+------------+------------+


+-----------------------------------------------------------------------------------------------------------------------------------------------------------------------------+
; Slow 1200mV 85C Model Hold: 'clk'                                                                                                                                           ;
+-------+-----------------------------------------------+-----------------------------------------------+--------------+-------------+--------------+------------+------------+
; Slack ; From Node                                     ; To Node                                       ; Launch Clock ; Latch Clock ; Relationship ; Clock Skew ; Data Delay ;
+-------+-----------------------------------------------+-----------------------------------------------+--------------+-------------+--------------+------------+------------+
; 0.373 ; posit_pack:u_packer|g_rne.flags_q[4]          ; packer_ppa_boundary:u_boundary|flags[4]       ; clk          ; clk         ; 0.000        ; 0.061      ; 0.591      ;
; 0.374 ; posit_pack:u_packer|g_rne.p2_valid_q          ; packer_ppa_boundary:u_boundary|out_valid      ; clk          ; clk         ; 0.000        ; 0.061      ; 0.592      ;
; 0.374 ; packer_ppa_boundary:u_boundary|flags_in_q[0]  ; posit_pack:u_packer|g_rne.p1_flags_q[0]       ; clk          ; clk         ; 0.000        ; 0.061      ; 0.592      ;
; 0.374 ; posit_pack:u_packer|g_rne.flags_q[1]          ; packer_ppa_boundary:u_boundary|flags[1]       ; clk          ; clk         ; 0.000        ; 0.061      ; 0.592      ;
; 0.375 ; posit_pack:u_packer|g_rne.flags_q[2]          ; packer_ppa_boundary:u_boundary|flags[2]       ; clk          ; clk         ; 0.000        ; 0.061      ; 0.593      ;
; 0.375 ; posit_pack:u_packer|g_rne.p1_flags_q[3]       ; posit_pack:u_packer|g_rne.flags_q[3]          ; clk          ; clk         ; 0.000        ; 0.061      ; 0.593      ;
; 0.376 ; packer_ppa_boundary:u_boundary|meta_sync1     ; packer_ppa_boundary:u_boundary|meta_sync2     ; clk          ; clk         ; 0.000        ; 0.062      ; 0.595      ;
; 0.376 ; posit_pack:u_packer|g_rne.d_q[1]              ; packer_ppa_boundary:u_boundary|d[1]           ; clk          ; clk         ; 0.000        ; 0.061      ; 0.594      ;
; 0.400 ; posit_pack:u_packer|g_rne.p1_special_sel_q[0] ; posit_pack:u_packer|g_rne.flags_q[0]          ; clk          ; clk         ; 0.000        ; 0.061      ; 0.618      ;
; 0.409 ; packer_ppa_boundary:u_boundary|is_nar_q       ; posit_pack:u_packer|g_rne.p1_special_sel_q[2] ; clk          ; clk         ; 0.000        ; 0.061      ; 0.627      ;
; 0.479 ; packer_ppa_boundary:u_boundary|flags_in_q[1]  ; posit_pack:u_packer|g_rne.p1_flags_q[1]       ; clk          ; clk         ; 0.000        ; 0.062      ; 0.698      ;
; 0.503 ; posit_pack:u_packer|g_rne.p1_special_sel_q[1] ; posit_pack:u_packer|g_rne.flags_q[0]          ; clk          ; clk         ; 0.000        ; 0.061      ; 0.721      ;
; 0.504 ; posit_pack:u_packer|g_rne.p1_special_sel_q[1] ; posit_pack:u_packer|g_rne.flags_q[3]          ; clk          ; clk         ; 0.000        ; 0.061      ; 0.722      ;
; 0.511 ; packer_ppa_boundary:u_boundary|flags_in_q[4]  ; posit_pack:u_packer|g_rne.p1_special_sel_q[0] ; clk          ; clk         ; 0.000        ; 0.061      ; 0.729      ;
; 0.517 ; packer_ppa_boundary:u_boundary|flags_in_q[4]  ; posit_pack:u_packer|g_rne.p1_special_sel_q[1] ; clk          ; clk         ; 0.000        ; 0.061      ; 0.735      ;
; 0.517 ; posit_pack:u_packer|g_rne.d_q[3]              ; packer_ppa_boundary:u_boundary|d[3]           ; clk          ; clk         ; 0.000        ; 0.061      ; 0.735      ;
; 0.517 ; posit_pack:u_packer|g_rne.d_q[31]             ; packer_ppa_boundary:u_boundary|d[31]          ; clk          ; clk         ; 0.000        ; 0.061      ; 0.735      ;
; 0.518 ; packer_ppa_boundary:u_boundary|flags_in_q[4]  ; posit_pack:u_packer|g_rne.p1_flags_q[0]       ; clk          ; clk         ; 0.000        ; 0.061      ; 0.736      ;
; 0.524 ; packer_ppa_boundary:u_boundary|flags_in_q[2]  ; posit_pack:u_packer|g_rne.p1_flags_q[2]       ; clk          ; clk         ; 0.000        ; 0.062      ; 0.743      ;
; 0.532 ; posit_pack:u_packer|g_rne.d_q[8]              ; packer_ppa_boundary:u_boundary|d[8]           ; clk          ; clk         ; 0.000        ; 0.061      ; 0.750      ;
; 0.535 ; posit_pack:u_packer|g_rne.d_q[0]              ; packer_ppa_boundary:u_boundary|d[0]           ; clk          ; clk         ; 0.000        ; 0.061      ; 0.753      ;
; 0.535 ; posit_pack:u_packer|g_rne.flags_q[0]          ; packer_ppa_boundary:u_boundary|flags[0]       ; clk          ; clk         ; 0.000        ; 0.060      ; 0.752      ;
; 0.562 ; posit_pack:u_packer|g_rne.p1_special_sel_q[0] ; posit_pack:u_packer|g_rne.d_q[13]             ; clk          ; clk         ; 0.000        ; 0.399      ; 1.118      ;
; 0.563 ; posit_pack:u_packer|g_rne.p1_special_sel_q[0] ; posit_pack:u_packer|g_rne.d_q[11]             ; clk          ; clk         ; 0.000        ; 0.399      ; 1.119      ;
; 0.564 ; posit_pack:u_packer|g_rne.p1_special_sel_q[0] ; posit_pack:u_packer|g_rne.d_q[7]              ; clk          ; clk         ; 0.000        ; 0.399      ; 1.120      ;
; 0.567 ; posit_pack:u_packer|g_rne.p1_flags_q[0]       ; posit_pack:u_packer|g_rne.flags_q[0]          ; clk          ; clk         ; 0.000        ; 0.061      ; 0.785      ;
; 0.580 ; posit_pack:u_packer|g_rne.p1_special_sel_q[1] ; posit_pack:u_packer|g_rne.d_q[18]             ; clk          ; clk         ; 0.000        ; 0.462      ; 1.199      ;
; 0.586 ; posit_pack:u_packer|g_rne.p1_special_sel_q[1] ; posit_pack:u_packer|g_rne.flags_q[1]          ; clk          ; clk         ; 0.000        ; 0.061      ; 0.804      ;
; 0.593 ; packer_ppa_boundary:u_boundary|is_nar_q       ; posit_pack:u_packer|g_rne.p1_special_sel_q[1] ; clk          ; clk         ; 0.000        ; 0.061      ; 0.811      ;
; 0.595 ; posit_pack:u_packer|g_rne.p1_special_sel_q[0] ; posit_pack:u_packer|g_rne.flags_q[3]          ; clk          ; clk         ; 0.000        ; 0.061      ; 0.813      ;
; 0.617 ; posit_pack:u_packer|g_rne.p1_special_sel_q[2] ; posit_pack:u_packer|g_rne.flags_q[3]          ; clk          ; clk         ; 0.000        ; 0.061      ; 0.835      ;
; 0.619 ; packer_ppa_boundary:u_boundary|is_nar_q       ; posit_pack:u_packer|g_rne.p1_flags_q[0]       ; clk          ; clk         ; 0.000        ; 0.061      ; 0.837      ;
; 0.620 ; posit_pack:u_packer|g_rne.p1_special_sel_q[2] ; posit_pack:u_packer|g_rne.flags_q[0]          ; clk          ; clk         ; 0.000        ; 0.061      ; 0.838      ;
; 0.631 ; packer_ppa_boundary:u_boundary|is_nar_q       ; posit_pack:u_packer|g_rne.p1_special_sel_q[0] ; clk          ; clk         ; 0.000        ; 0.061      ; 0.849      ;
; 0.636 ; posit_pack:u_packer|g_rne.p1_special_sel_q[2] ; posit_pack:u_packer|g_rne.d_q[7]              ; clk          ; clk         ; 0.000        ; 0.399      ; 1.192      ;
; 0.637 ; posit_pack:u_packer|g_rne.p1_special_sel_q[2] ; posit_pack:u_packer|g_rne.d_q[11]             ; clk          ; clk         ; 0.000        ; 0.399      ; 1.193      ;
; 0.639 ; posit_pack:u_packer|g_rne.p1_special_sel_q[2] ; posit_pack:u_packer|g_rne.d_q[13]             ; clk          ; clk         ; 0.000        ; 0.399      ; 1.195      ;
; 0.667 ; posit_pack:u_packer|g_rne.p1_special_sel_q[0] ; posit_pack:u_packer|g_rne.d_q[10]             ; clk          ; clk         ; 0.000        ; 0.435      ; 1.259      ;
; 0.673 ; posit_pack:u_packer|g_rne.p1_special_sel_q[1] ; posit_pack:u_packer|g_rne.d_q[11]             ; clk          ; clk         ; 0.000        ; 0.399      ; 1.229      ;
; 0.673 ; posit_pack:u_packer|g_rne.p1_special_sel_q[1] ; posit_pack:u_packer|g_rne.d_q[7]              ; clk          ; clk         ; 0.000        ; 0.399      ; 1.229      ;
; 0.674 ; posit_pack:u_packer|g_rne.p1_special_sel_q[1] ; posit_pack:u_packer|g_rne.d_q[13]             ; clk          ; clk         ; 0.000        ; 0.399      ; 1.230      ;
; 0.679 ; posit_pack:u_packer|g_rne.p1_special_sel_q[0] ; posit_pack:u_packer|g_rne.d_q[0]              ; clk          ; clk         ; 0.000        ; 0.061      ; 0.897      ;
; 0.681 ; posit_pack:u_packer|g_rne.p1_special_sel_q[0] ; posit_pack:u_packer|g_rne.d_q[3]              ; clk          ; clk         ; 0.000        ; 0.061      ; 0.899      ;
; 0.684 ; posit_pack:u_packer|g_rne.d_q[5]              ; packer_ppa_boundary:u_boundary|d[5]           ; clk          ; clk         ; 0.000        ; 0.061      ; 0.902      ;
; 0.684 ; posit_pack:u_packer|g_rne.p1_special_sel_q[2] ; posit_pack:u_packer|g_rne.d_q[31]             ; clk          ; clk         ; 0.000        ; 0.061      ; 0.902      ;
; 0.687 ; packer_ppa_boundary:u_boundary|flags_in_q[4]  ; posit_pack:u_packer|g_rne.p1_special_sel_q[2] ; clk          ; clk         ; 0.000        ; 0.061      ; 0.905      ;
; 0.698 ; posit_pack:u_packer|g_rne.d_q[13]             ; packer_ppa_boundary:u_boundary|d[13]          ; clk          ; clk         ; 0.000        ; -0.261     ; 0.594      ;
; 0.698 ; posit_pack:u_packer|g_rne.d_q[29]             ; packer_ppa_boundary:u_boundary|d[29]          ; clk          ; clk         ; 0.000        ; -0.262     ; 0.593      ;
; 0.700 ; posit_pack:u_packer|g_rne.p1_special_sel_q[1] ; posit_pack:u_packer|g_rne.d_q[20]             ; clk          ; clk         ; 0.000        ; 0.422      ; 1.279      ;
; 0.700 ; posit_pack:u_packer|g_rne.d_q[23]             ; packer_ppa_boundary:u_boundary|d[23]          ; clk          ; clk         ; 0.000        ; -0.262     ; 0.595      ;
; 0.700 ; posit_pack:u_packer|g_rne.p1_special_sel_q[1] ; posit_pack:u_packer|g_rne.d_q[24]             ; clk          ; clk         ; 0.000        ; 0.422      ; 1.279      ;
; 0.701 ; posit_pack:u_packer|g_rne.p1_special_sel_q[1] ; posit_pack:u_packer|g_rne.d_q[26]             ; clk          ; clk         ; 0.000        ; 0.422      ; 1.280      ;
; 0.702 ; posit_pack:u_packer|g_rne.p1_special_sel_q[1] ; posit_pack:u_packer|g_rne.d_q[22]             ; clk          ; clk         ; 0.000        ; 0.422      ; 1.281      ;
; 0.705 ; posit_pack:u_packer|g_rne.p1_special_sel_q[1] ; posit_pack:u_packer|g_rne.d_q[17]             ; clk          ; clk         ; 0.000        ; 0.422      ; 1.284      ;
; 0.706 ; posit_pack:u_packer|g_rne.p1_special_sel_q[1] ; posit_pack:u_packer|g_rne.d_q[15]             ; clk          ; clk         ; 0.000        ; 0.422      ; 1.285      ;
; 0.706 ; posit_pack:u_packer|g_rne.p1_special_sel_q[1] ; posit_pack:u_packer|g_rne.d_q[19]             ; clk          ; clk         ; 0.000        ; 0.422      ; 1.285      ;
; 0.713 ; packer_ppa_boundary:u_boundary|flags_in_q[3]  ; posit_pack:u_packer|g_rne.p1_flags_q[3]       ; clk          ; clk         ; 0.000        ; 0.061      ; 0.931      ;
; 0.722 ; posit_pack:u_packer|g_rne.d_q[26]             ; packer_ppa_boundary:u_boundary|d[26]          ; clk          ; clk         ; 0.000        ; -0.287     ; 0.592      ;
; 0.723 ; posit_pack:u_packer|g_rne.d_q[14]             ; packer_ppa_boundary:u_boundary|d[14]          ; clk          ; clk         ; 0.000        ; -0.286     ; 0.594      ;
; 0.723 ; posit_pack:u_packer|g_rne.d_q[22]             ; packer_ppa_boundary:u_boundary|d[22]          ; clk          ; clk         ; 0.000        ; -0.287     ; 0.593      ;
; 0.740 ; packer_ppa_boundary:u_boundary|is_nar_q       ; posit_pack:u_packer|g_rne.p1_flags_q[4]       ; clk          ; clk         ; 0.000        ; 0.061      ; 0.958      ;
; 0.773 ; posit_pack:u_packer|g_rne.p1_special_sel_q[2] ; posit_pack:u_packer|g_rne.d_q[3]              ; clk          ; clk         ; 0.000        ; 0.061      ; 0.991      ;
; 0.775 ; posit_pack:u_packer|g_rne.p1_special_sel_q[0] ; posit_pack:u_packer|g_rne.flags_q[1]          ; clk          ; clk         ; 0.000        ; 0.061      ; 0.993      ;
; 0.776 ; posit_pack:u_packer|g_rne.p1_special_sel_q[2] ; posit_pack:u_packer|g_rne.d_q[0]              ; clk          ; clk         ; 0.000        ; 0.061      ; 0.994      ;
; 0.783 ; posit_pack:u_packer|g_rne.p1_special_sel_q[1] ; posit_pack:u_packer|g_rne.d_q[3]              ; clk          ; clk         ; 0.000        ; 0.061      ; 1.001      ;
; 0.784 ; posit_pack:u_packer|g_rne.p1_special_sel_q[1] ; posit_pack:u_packer|g_rne.d_q[0]              ; clk          ; clk         ; 0.000        ; 0.061      ; 1.002      ;
; 0.792 ; posit_pack:u_packer|g_rne.p1_special_sel_q[0] ; posit_pack:u_packer|g_rne.d_q[22]             ; clk          ; clk         ; 0.000        ; 0.422      ; 1.371      ;
; 0.792 ; posit_pack:u_packer|g_rne.p1_special_sel_q[0] ; posit_pack:u_packer|g_rne.d_q[19]             ; clk          ; clk         ; 0.000        ; 0.422      ; 1.371      ;
; 0.792 ; posit_pack:u_packer|g_rne.p1_special_sel_q[0] ; posit_pack:u_packer|g_rne.d_q[15]             ; clk          ; clk         ; 0.000        ; 0.422      ; 1.371      ;
; 0.794 ; posit_pack:u_packer|g_rne.flags_q[3]          ; packer_ppa_boundary:u_boundary|flags[3]       ; clk          ; clk         ; 0.000        ; 0.070      ; 1.021      ;
; 0.794 ; posit_pack:u_packer|g_rne.p1_special_sel_q[0] ; posit_pack:u_packer|g_rne.d_q[17]             ; clk          ; clk         ; 0.000        ; 0.422      ; 1.373      ;
; 0.797 ; posit_pack:u_packer|g_rne.p1_special_sel_q[0] ; posit_pack:u_packer|g_rne.d_q[24]             ; clk          ; clk         ; 0.000        ; 0.422      ; 1.376      ;
; 0.798 ; posit_pack:u_packer|g_rne.p1_special_sel_q[0] ; posit_pack:u_packer|g_rne.d_q[20]             ; clk          ; clk         ; 0.000        ; 0.422      ; 1.377      ;
; 0.798 ; posit_pack:u_packer|g_rne.p1_special_sel_q[0] ; posit_pack:u_packer|g_rne.d_q[26]             ; clk          ; clk         ; 0.000        ; 0.422      ; 1.377      ;
; 0.810 ; posit_pack:u_packer|g_rne.p1_special_sel_q[2] ; posit_pack:u_packer|g_rne.flags_q[1]          ; clk          ; clk         ; 0.000        ; 0.061      ; 1.028      ;
; 0.829 ; posit_pack:u_packer|g_rne.p1_valid_q          ; posit_pack:u_packer|g_rne.p2_valid_q          ; clk          ; clk         ; 0.000        ; 0.070      ; 1.056      ;
; 0.831 ; posit_pack:u_packer|g_rne.d_q[11]             ; packer_ppa_boundary:u_boundary|d[11]          ; clk          ; clk         ; 0.000        ; -0.260     ; 0.728      ;
; 0.839 ; posit_pack:u_packer|g_rne.d_q[28]             ; packer_ppa_boundary:u_boundary|d[28]          ; clk          ; clk         ; 0.000        ; -0.261     ; 0.735      ;
; 0.840 ; posit_pack:u_packer|g_rne.d_q[21]             ; packer_ppa_boundary:u_boundary|d[21]          ; clk          ; clk         ; 0.000        ; -0.262     ; 0.735      ;
; 0.843 ; posit_pack:u_packer|g_rne.d_q[27]             ; packer_ppa_boundary:u_boundary|d[27]          ; clk          ; clk         ; 0.000        ; -0.262     ; 0.738      ;
; 0.848 ; packer_ppa_boundary:u_boundary|flags_in_q[4]  ; posit_pack:u_packer|g_rne.p1_flags_q[4]       ; clk          ; clk         ; 0.000        ; 0.061      ; 1.066      ;
; 0.853 ; posit_pack:u_packer|g_rne.p1_special_sel_q[2] ; posit_pack:u_packer|g_rne.d_q[1]              ; clk          ; clk         ; 0.000        ; 0.062      ; 1.072      ;
; 0.860 ; posit_pack:u_packer|g_rne.d_q[30]             ; packer_ppa_boundary:u_boundary|d[30]          ; clk          ; clk         ; 0.000        ; -0.262     ; 0.755      ;
; 0.870 ; posit_pack:u_packer|g_rne.p1_special_sel_q[1] ; posit_pack:u_packer|g_rne.d_q[12]             ; clk          ; clk         ; 0.000        ; 0.435      ; 1.462      ;
; 0.871 ; posit_pack:u_packer|g_rne.p1_special_sel_q[1] ; posit_pack:u_packer|g_rne.d_q[2]              ; clk          ; clk         ; 0.000        ; 0.435      ; 1.463      ;
; 0.871 ; posit_pack:u_packer|g_rne.p1_special_sel_q[1] ; posit_pack:u_packer|g_rne.d_q[14]             ; clk          ; clk         ; 0.000        ; 0.435      ; 1.463      ;
; 0.871 ; posit_pack:u_packer|g_rne.p1_flags_q[1]       ; posit_pack:u_packer|g_rne.flags_q[1]          ; clk          ; clk         ; 0.000        ; 0.069      ; 1.097      ;
; 0.872 ; posit_pack:u_packer|g_rne.p1_special_sel_q[1] ; posit_pack:u_packer|g_rne.d_q[16]             ; clk          ; clk         ; 0.000        ; 0.435      ; 1.464      ;
; 0.877 ; posit_pack:u_packer|g_rne.p1_special_sel_q[0] ; posit_pack:u_packer|g_rne.d_q[12]             ; clk          ; clk         ; 0.000        ; 0.435      ; 1.469      ;
; 0.878 ; posit_pack:u_packer|g_rne.p1_special_sel_q[1] ; posit_pack:u_packer|g_rne.d_q[31]             ; clk          ; clk         ; 0.000        ; 0.061      ; 1.096      ;
; 0.881 ; posit_pack:u_packer|g_rne.p1_special_sel_q[0] ; posit_pack:u_packer|g_rne.d_q[2]              ; clk          ; clk         ; 0.000        ; 0.435      ; 1.473      ;
; 0.881 ; posit_pack:u_packer|g_rne.p1_special_sel_q[0] ; posit_pack:u_packer|g_rne.d_q[14]             ; clk          ; clk         ; 0.000        ; 0.435      ; 1.473      ;
; 0.882 ; posit_pack:u_packer|g_rne.p1_special_sel_q[0] ; posit_pack:u_packer|g_rne.d_q[16]             ; clk          ; clk         ; 0.000        ; 0.435      ; 1.474      ;
; 0.882 ; posit_pack:u_packer|g_rne.p1_sign_q           ; posit_pack:u_packer|g_rne.d_q[31]             ; clk          ; clk         ; 0.000        ; 0.061      ; 1.100      ;
; 0.885 ; posit_pack:u_packer|g_rne.p1_special_sel_q[1] ; posit_pack:u_packer|g_rne.d_q[10]             ; clk          ; clk         ; 0.000        ; 0.435      ; 1.477      ;
; 0.888 ; posit_pack:u_packer|g_rne.d_q[19]             ; packer_ppa_boundary:u_boundary|d[19]          ; clk          ; clk         ; 0.000        ; -0.288     ; 0.757      ;
; 0.908 ; posit_pack:u_packer|g_rne.p1_special_sel_q[1] ; posit_pack:u_packer|g_rne.d_q[1]              ; clk          ; clk         ; 0.000        ; 0.062      ; 1.127      ;
; 0.915 ; posit_pack:u_packer|g_rne.p1_special_sel_q[2] ; posit_pack:u_packer|g_rne.d_q[24]             ; clk          ; clk         ; 0.000        ; 0.422      ; 1.494      ;
; 0.915 ; posit_pack:u_packer|g_rne.p1_special_sel_q[2] ; posit_pack:u_packer|g_rne.d_q[26]             ; clk          ; clk         ; 0.000        ; 0.422      ; 1.494      ;
; 0.915 ; posit_pack:u_packer|g_rne.p1_special_sel_q[2] ; posit_pack:u_packer|g_rne.d_q[22]             ; clk          ; clk         ; 0.000        ; 0.422      ; 1.494      ;
+-------+-----------------------------------------------+-----------------------------------------------+--------------+-------------+--------------+------------+------------+


+------------------------------------------------------------------------------------------------------------------------------------------------------------------------+
; Slow 1200mV 85C Model Recovery: 'clk'                                                                                                                                  ;
+-------+-------------------------------------------+----------------------------------------------+--------------+-------------+--------------+------------+------------+
; Slack ; From Node                                 ; To Node                                      ; Launch Clock ; Latch Clock ; Relationship ; Clock Skew ; Data Delay ;
+-------+-------------------------------------------+----------------------------------------------+--------------+-------------+--------------+------------+------------+
; 7.088 ; packer_ppa_boundary:u_boundary|meta_sync2 ; packer_ppa_boundary:u_boundary|sf_q[9]       ; clk          ; clk         ; 10.000       ; -0.085     ; 2.822      ;
; 7.088 ; packer_ppa_boundary:u_boundary|meta_sync2 ; packer_ppa_boundary:u_boundary|frac_q[45]    ; clk          ; clk         ; 10.000       ; -0.083     ; 2.824      ;
; 7.088 ; packer_ppa_boundary:u_boundary|meta_sync2 ; packer_ppa_boundary:u_boundary|sf_q[2]       ; clk          ; clk         ; 10.000       ; -0.085     ; 2.822      ;
; 7.088 ; packer_ppa_boundary:u_boundary|meta_sync2 ; packer_ppa_boundary:u_boundary|frac_q[46]    ; clk          ; clk         ; 10.000       ; -0.083     ; 2.824      ;
; 7.088 ; packer_ppa_boundary:u_boundary|meta_sync2 ; packer_ppa_boundary:u_boundary|frac_q[43]    ; clk          ; clk         ; 10.000       ; -0.083     ; 2.824      ;
; 7.088 ; packer_ppa_boundary:u_boundary|meta_sync2 ; packer_ppa_boundary:u_boundary|frac_q[44]    ; clk          ; clk         ; 10.000       ; -0.083     ; 2.824      ;
; 7.088 ; packer_ppa_boundary:u_boundary|meta_sync2 ; packer_ppa_boundary:u_boundary|frac_q[27]    ; clk          ; clk         ; 10.000       ; -0.085     ; 2.822      ;
; 7.088 ; packer_ppa_boundary:u_boundary|meta_sync2 ; packer_ppa_boundary:u_boundary|frac_q[28]    ; clk          ; clk         ; 10.000       ; -0.085     ; 2.822      ;
; 7.088 ; packer_ppa_boundary:u_boundary|meta_sync2 ; packer_ppa_boundary:u_boundary|frac_q[29]    ; clk          ; clk         ; 10.000       ; -0.085     ; 2.822      ;
; 7.088 ; packer_ppa_boundary:u_boundary|meta_sync2 ; packer_ppa_boundary:u_boundary|frac_q[30]    ; clk          ; clk         ; 10.000       ; -0.085     ; 2.822      ;
; 7.088 ; packer_ppa_boundary:u_boundary|meta_sync2 ; packer_ppa_boundary:u_boundary|frac_q[34]    ; clk          ; clk         ; 10.000       ; -0.085     ; 2.822      ;
; 7.088 ; packer_ppa_boundary:u_boundary|meta_sync2 ; packer_ppa_boundary:u_boundary|frac_q[33]    ; clk          ; clk         ; 10.000       ; -0.085     ; 2.822      ;
; 7.088 ; packer_ppa_boundary:u_boundary|meta_sync2 ; packer_ppa_boundary:u_boundary|frac_q[31]    ; clk          ; clk         ; 10.000       ; -0.085     ; 2.822      ;
; 7.088 ; packer_ppa_boundary:u_boundary|meta_sync2 ; packer_ppa_boundary:u_boundary|frac_q[32]    ; clk          ; clk         ; 10.000       ; -0.085     ; 2.822      ;
; 7.088 ; packer_ppa_boundary:u_boundary|meta_sync2 ; packer_ppa_boundary:u_boundary|frac_q[38]    ; clk          ; clk         ; 10.000       ; -0.083     ; 2.824      ;
; 7.088 ; packer_ppa_boundary:u_boundary|meta_sync2 ; packer_ppa_boundary:u_boundary|frac_q[37]    ; clk          ; clk         ; 10.000       ; -0.083     ; 2.824      ;
; 7.088 ; packer_ppa_boundary:u_boundary|meta_sync2 ; packer_ppa_boundary:u_boundary|frac_q[35]    ; clk          ; clk         ; 10.000       ; -0.085     ; 2.822      ;
; 7.088 ; packer_ppa_boundary:u_boundary|meta_sync2 ; packer_ppa_boundary:u_boundary|frac_q[36]    ; clk          ; clk         ; 10.000       ; -0.083     ; 2.824      ;
; 7.088 ; packer_ppa_boundary:u_boundary|meta_sync2 ; packer_ppa_boundary:u_boundary|frac_q[42]    ; clk          ; clk         ; 10.000       ; -0.083     ; 2.824      ;
; 7.088 ; packer_ppa_boundary:u_boundary|meta_sync2 ; packer_ppa_boundary:u_boundary|frac_q[41]    ; clk          ; clk         ; 10.000       ; -0.083     ; 2.824      ;
; 7.088 ; packer_ppa_boundary:u_boundary|meta_sync2 ; packer_ppa_boundary:u_boundary|frac_q[39]    ; clk          ; clk         ; 10.000       ; -0.083     ; 2.824      ;
; 7.088 ; packer_ppa_boundary:u_boundary|meta_sync2 ; packer_ppa_boundary:u_boundary|frac_q[40]    ; clk          ; clk         ; 10.000       ; -0.084     ; 2.823      ;
; 7.088 ; packer_ppa_boundary:u_boundary|meta_sync2 ; packer_ppa_boundary:u_boundary|frac_q[26]    ; clk          ; clk         ; 10.000       ; -0.085     ; 2.822      ;
; 7.088 ; packer_ppa_boundary:u_boundary|meta_sync2 ; packer_ppa_boundary:u_boundary|frac_q[9]     ; clk          ; clk         ; 10.000       ; -0.079     ; 2.828      ;
; 7.088 ; packer_ppa_boundary:u_boundary|meta_sync2 ; packer_ppa_boundary:u_boundary|frac_q[11]    ; clk          ; clk         ; 10.000       ; -0.079     ; 2.828      ;
; 7.088 ; packer_ppa_boundary:u_boundary|meta_sync2 ; packer_ppa_boundary:u_boundary|frac_q[13]    ; clk          ; clk         ; 10.000       ; -0.079     ; 2.828      ;
; 7.088 ; packer_ppa_boundary:u_boundary|meta_sync2 ; packer_ppa_boundary:u_boundary|frac_q[10]    ; clk          ; clk         ; 10.000       ; -0.079     ; 2.828      ;
; 7.088 ; packer_ppa_boundary:u_boundary|meta_sync2 ; packer_ppa_boundary:u_boundary|frac_q[14]    ; clk          ; clk         ; 10.000       ; -0.079     ; 2.828      ;
; 7.088 ; packer_ppa_boundary:u_boundary|meta_sync2 ; packer_ppa_boundary:u_boundary|frac_q[15]    ; clk          ; clk         ; 10.000       ; -0.079     ; 2.828      ;
; 7.088 ; packer_ppa_boundary:u_boundary|meta_sync2 ; packer_ppa_boundary:u_boundary|frac_q[12]    ; clk          ; clk         ; 10.000       ; -0.079     ; 2.828      ;
; 7.088 ; packer_ppa_boundary:u_boundary|meta_sync2 ; packer_ppa_boundary:u_boundary|frac_q[25]    ; clk          ; clk         ; 10.000       ; -0.084     ; 2.823      ;
; 7.088 ; packer_ppa_boundary:u_boundary|meta_sync2 ; packer_ppa_boundary:u_boundary|frac_q[22]    ; clk          ; clk         ; 10.000       ; -0.084     ; 2.823      ;
; 7.088 ; packer_ppa_boundary:u_boundary|meta_sync2 ; packer_ppa_boundary:u_boundary|frac_q[23]    ; clk          ; clk         ; 10.000       ; -0.084     ; 2.823      ;
; 7.088 ; packer_ppa_boundary:u_boundary|meta_sync2 ; packer_ppa_boundary:u_boundary|frac_q[20]    ; clk          ; clk         ; 10.000       ; -0.084     ; 2.823      ;
; 7.088 ; packer_ppa_boundary:u_boundary|meta_sync2 ; packer_ppa_boundary:u_boundary|frac_q[21]    ; clk          ; clk         ; 10.000       ; -0.084     ; 2.823      ;
; 7.088 ; packer_ppa_boundary:u_boundary|meta_sync2 ; posit_pack:u_packer|g_rne.p1_mag_trunc_q[1]  ; clk          ; clk         ; 10.000       ; -0.084     ; 2.823      ;
; 7.088 ; packer_ppa_boundary:u_boundary|meta_sync2 ; posit_pack:u_packer|g_rne.p1_mag_trunc_q[2]  ; clk          ; clk         ; 10.000       ; -0.084     ; 2.823      ;
; 7.088 ; packer_ppa_boundary:u_boundary|meta_sync2 ; posit_pack:u_packer|g_rne.p1_mag_trunc_q[3]  ; clk          ; clk         ; 10.000       ; -0.084     ; 2.823      ;
; 7.088 ; packer_ppa_boundary:u_boundary|meta_sync2 ; posit_pack:u_packer|g_rne.p1_mag_trunc_q[4]  ; clk          ; clk         ; 10.000       ; -0.084     ; 2.823      ;
; 7.088 ; packer_ppa_boundary:u_boundary|meta_sync2 ; posit_pack:u_packer|g_rne.p1_mag_trunc_q[5]  ; clk          ; clk         ; 10.000       ; -0.084     ; 2.823      ;
; 7.088 ; packer_ppa_boundary:u_boundary|meta_sync2 ; posit_pack:u_packer|g_rne.p1_mag_trunc_q[6]  ; clk          ; clk         ; 10.000       ; -0.084     ; 2.823      ;
; 7.088 ; packer_ppa_boundary:u_boundary|meta_sync2 ; posit_pack:u_packer|g_rne.p1_mag_trunc_q[7]  ; clk          ; clk         ; 10.000       ; -0.084     ; 2.823      ;
; 7.088 ; packer_ppa_boundary:u_boundary|meta_sync2 ; posit_pack:u_packer|g_rne.p1_mag_trunc_q[8]  ; clk          ; clk         ; 10.000       ; -0.084     ; 2.823      ;
; 7.088 ; packer_ppa_boundary:u_boundary|meta_sync2 ; posit_pack:u_packer|g_rne.p1_mag_trunc_q[9]  ; clk          ; clk         ; 10.000       ; -0.084     ; 2.823      ;
; 7.088 ; packer_ppa_boundary:u_boundary|meta_sync2 ; posit_pack:u_packer|g_rne.p1_mag_trunc_q[10] ; clk          ; clk         ; 10.000       ; -0.084     ; 2.823      ;
; 7.088 ; packer_ppa_boundary:u_boundary|meta_sync2 ; posit_pack:u_packer|g_rne.p1_mag_trunc_q[11] ; clk          ; clk         ; 10.000       ; -0.084     ; 2.823      ;
; 7.088 ; packer_ppa_boundary:u_boundary|meta_sync2 ; posit_pack:u_packer|g_rne.p1_mag_trunc_q[12] ; clk          ; clk         ; 10.000       ; -0.084     ; 2.823      ;
; 7.088 ; packer_ppa_boundary:u_boundary|meta_sync2 ; posit_pack:u_packer|g_rne.p1_mag_trunc_q[13] ; clk          ; clk         ; 10.000       ; -0.084     ; 2.823      ;
; 7.088 ; packer_ppa_boundary:u_boundary|meta_sync2 ; posit_pack:u_packer|g_rne.p1_mag_trunc_q[14] ; clk          ; clk         ; 10.000       ; -0.084     ; 2.823      ;
; 7.088 ; packer_ppa_boundary:u_boundary|meta_sync2 ; posit_pack:u_packer|g_rne.p1_mag_trunc_q[15] ; clk          ; clk         ; 10.000       ; -0.084     ; 2.823      ;
; 7.088 ; packer_ppa_boundary:u_boundary|meta_sync2 ; packer_ppa_boundary:u_boundary|flags_in_q[1] ; clk          ; clk         ; 10.000       ; -0.083     ; 2.824      ;
; 7.088 ; packer_ppa_boundary:u_boundary|meta_sync2 ; posit_pack:u_packer|g_rne.p1_flags_q[1]      ; clk          ; clk         ; 10.000       ; -0.083     ; 2.824      ;
; 7.089 ; packer_ppa_boundary:u_boundary|meta_sync2 ; packer_ppa_boundary:u_boundary|sf_q[6]       ; clk          ; clk         ; 10.000       ; -0.081     ; 2.825      ;
; 7.089 ; packer_ppa_boundary:u_boundary|meta_sync2 ; packer_ppa_boundary:u_boundary|sf_q[3]       ; clk          ; clk         ; 10.000       ; -0.083     ; 2.823      ;
; 7.089 ; packer_ppa_boundary:u_boundary|meta_sync2 ; packer_ppa_boundary:u_boundary|sf_q[5]       ; clk          ; clk         ; 10.000       ; -0.081     ; 2.825      ;
; 7.089 ; packer_ppa_boundary:u_boundary|meta_sync2 ; packer_ppa_boundary:u_boundary|sf_q[4]       ; clk          ; clk         ; 10.000       ; -0.081     ; 2.825      ;
; 7.089 ; packer_ppa_boundary:u_boundary|meta_sync2 ; packer_ppa_boundary:u_boundary|frac_q[47]    ; clk          ; clk         ; 10.000       ; -0.081     ; 2.825      ;
; 7.089 ; packer_ppa_boundary:u_boundary|meta_sync2 ; packer_ppa_boundary:u_boundary|frac_q[48]    ; clk          ; clk         ; 10.000       ; -0.081     ; 2.825      ;
; 7.089 ; packer_ppa_boundary:u_boundary|meta_sync2 ; packer_ppa_boundary:u_boundary|frac_q[50]    ; clk          ; clk         ; 10.000       ; -0.081     ; 2.825      ;
; 7.089 ; packer_ppa_boundary:u_boundary|meta_sync2 ; packer_ppa_boundary:u_boundary|frac_q[49]    ; clk          ; clk         ; 10.000       ; -0.081     ; 2.825      ;
; 7.089 ; packer_ppa_boundary:u_boundary|meta_sync2 ; packer_ppa_boundary:u_boundary|sf_q[1]       ; clk          ; clk         ; 10.000       ; -0.082     ; 2.824      ;
; 7.089 ; packer_ppa_boundary:u_boundary|meta_sync2 ; packer_ppa_boundary:u_boundary|sf_q[0]       ; clk          ; clk         ; 10.000       ; -0.082     ; 2.824      ;
; 7.089 ; packer_ppa_boundary:u_boundary|meta_sync2 ; packer_ppa_boundary:u_boundary|frac_q[52]    ; clk          ; clk         ; 10.000       ; -0.081     ; 2.825      ;
; 7.089 ; packer_ppa_boundary:u_boundary|meta_sync2 ; packer_ppa_boundary:u_boundary|frac_q[51]    ; clk          ; clk         ; 10.000       ; -0.081     ; 2.825      ;
; 7.089 ; packer_ppa_boundary:u_boundary|meta_sync2 ; packer_ppa_boundary:u_boundary|frac_q[53]    ; clk          ; clk         ; 10.000       ; -0.081     ; 2.825      ;
; 7.089 ; packer_ppa_boundary:u_boundary|meta_sync2 ; packer_ppa_boundary:u_boundary|frac_q[54]    ; clk          ; clk         ; 10.000       ; -0.082     ; 2.824      ;
; 7.089 ; packer_ppa_boundary:u_boundary|meta_sync2 ; posit_pack:u_packer|g_rne.p1_guard_bit_q     ; clk          ; clk         ; 10.000       ; -0.083     ; 2.823      ;
; 7.089 ; packer_ppa_boundary:u_boundary|meta_sync2 ; posit_pack:u_packer|g_rne.p1_round_bit_q     ; clk          ; clk         ; 10.000       ; -0.083     ; 2.823      ;
; 7.089 ; packer_ppa_boundary:u_boundary|meta_sync2 ; packer_ppa_boundary:u_boundary|frac_q[7]     ; clk          ; clk         ; 10.000       ; -0.078     ; 2.828      ;
; 7.089 ; packer_ppa_boundary:u_boundary|meta_sync2 ; packer_ppa_boundary:u_boundary|frac_q[2]     ; clk          ; clk         ; 10.000       ; -0.078     ; 2.828      ;
; 7.089 ; packer_ppa_boundary:u_boundary|meta_sync2 ; packer_ppa_boundary:u_boundary|sticky_q      ; clk          ; clk         ; 10.000       ; -0.078     ; 2.828      ;
; 7.089 ; packer_ppa_boundary:u_boundary|meta_sync2 ; packer_ppa_boundary:u_boundary|frac_q[1]     ; clk          ; clk         ; 10.000       ; -0.078     ; 2.828      ;
; 7.089 ; packer_ppa_boundary:u_boundary|meta_sync2 ; packer_ppa_boundary:u_boundary|frac_q[8]     ; clk          ; clk         ; 10.000       ; -0.078     ; 2.828      ;
; 7.089 ; packer_ppa_boundary:u_boundary|meta_sync2 ; packer_ppa_boundary:u_boundary|frac_q[16]    ; clk          ; clk         ; 10.000       ; -0.078     ; 2.828      ;
; 7.089 ; packer_ppa_boundary:u_boundary|meta_sync2 ; packer_ppa_boundary:u_boundary|frac_q[17]    ; clk          ; clk         ; 10.000       ; -0.078     ; 2.828      ;
; 7.089 ; packer_ppa_boundary:u_boundary|meta_sync2 ; packer_ppa_boundary:u_boundary|frac_q[18]    ; clk          ; clk         ; 10.000       ; -0.078     ; 2.828      ;
; 7.089 ; packer_ppa_boundary:u_boundary|meta_sync2 ; packer_ppa_boundary:u_boundary|frac_q[19]    ; clk          ; clk         ; 10.000       ; -0.078     ; 2.828      ;
; 7.089 ; packer_ppa_boundary:u_boundary|meta_sync2 ; packer_ppa_boundary:u_boundary|frac_q[4]     ; clk          ; clk         ; 10.000       ; -0.078     ; 2.828      ;
; 7.089 ; packer_ppa_boundary:u_boundary|meta_sync2 ; packer_ppa_boundary:u_boundary|frac_q[5]     ; clk          ; clk         ; 10.000       ; -0.078     ; 2.828      ;
; 7.089 ; packer_ppa_boundary:u_boundary|meta_sync2 ; packer_ppa_boundary:u_boundary|frac_q[6]     ; clk          ; clk         ; 10.000       ; -0.078     ; 2.828      ;
; 7.089 ; packer_ppa_boundary:u_boundary|meta_sync2 ; packer_ppa_boundary:u_boundary|frac_q[24]    ; clk          ; clk         ; 10.000       ; -0.083     ; 2.823      ;
; 7.089 ; packer_ppa_boundary:u_boundary|meta_sync2 ; packer_ppa_boundary:u_boundary|frac_q[3]     ; clk          ; clk         ; 10.000       ; -0.078     ; 2.828      ;
; 7.089 ; packer_ppa_boundary:u_boundary|meta_sync2 ; packer_ppa_boundary:u_boundary|frac_q[0]     ; clk          ; clk         ; 10.000       ; -0.078     ; 2.828      ;
; 7.089 ; packer_ppa_boundary:u_boundary|meta_sync2 ; posit_pack:u_packer|g_rne.p1_sticky_bit_q    ; clk          ; clk         ; 10.000       ; -0.083     ; 2.823      ;
; 7.089 ; packer_ppa_boundary:u_boundary|meta_sync2 ; posit_pack:u_packer|g_rne.p1_mag_trunc_q[0]  ; clk          ; clk         ; 10.000       ; -0.083     ; 2.823      ;
; 7.089 ; packer_ppa_boundary:u_boundary|meta_sync2 ; packer_ppa_boundary:u_boundary|sign_q        ; clk          ; clk         ; 10.000       ; -0.081     ; 2.825      ;
; 7.094 ; packer_ppa_boundary:u_boundary|meta_sync2 ; posit_pack:u_packer|g_rne.d_q[4]             ; clk          ; clk         ; 10.000       ; -0.066     ; 2.835      ;
; 7.094 ; packer_ppa_boundary:u_boundary|meta_sync2 ; posit_pack:u_packer|g_rne.d_q[5]             ; clk          ; clk         ; 10.000       ; -0.066     ; 2.835      ;
; 7.094 ; packer_ppa_boundary:u_boundary|meta_sync2 ; posit_pack:u_packer|g_rne.d_q[6]             ; clk          ; clk         ; 10.000       ; -0.066     ; 2.835      ;
; 7.094 ; packer_ppa_boundary:u_boundary|meta_sync2 ; posit_pack:u_packer|g_rne.d_q[8]             ; clk          ; clk         ; 10.000       ; -0.066     ; 2.835      ;
; 7.094 ; packer_ppa_boundary:u_boundary|meta_sync2 ; posit_pack:u_packer|g_rne.d_q[9]             ; clk          ; clk         ; 10.000       ; -0.066     ; 2.835      ;
; 7.095 ; packer_ppa_boundary:u_boundary|meta_sync2 ; posit_pack:u_packer|g_rne.p2_valid_q         ; clk          ; clk         ; 10.000       ; -0.066     ; 2.834      ;
; 7.095 ; packer_ppa_boundary:u_boundary|meta_sync2 ; packer_ppa_boundary:u_boundary|out_valid     ; clk          ; clk         ; 10.000       ; -0.066     ; 2.834      ;
; 7.095 ; packer_ppa_boundary:u_boundary|meta_sync2 ; packer_ppa_boundary:u_boundary|d[2]          ; clk          ; clk         ; 10.000       ; -0.066     ; 2.834      ;
; 7.095 ; packer_ppa_boundary:u_boundary|meta_sync2 ; packer_ppa_boundary:u_boundary|d[4]          ; clk          ; clk         ; 10.000       ; -0.049     ; 2.851      ;
; 7.095 ; packer_ppa_boundary:u_boundary|meta_sync2 ; packer_ppa_boundary:u_boundary|d[5]          ; clk          ; clk         ; 10.000       ; -0.066     ; 2.834      ;
; 7.095 ; packer_ppa_boundary:u_boundary|meta_sync2 ; packer_ppa_boundary:u_boundary|d[6]          ; clk          ; clk         ; 10.000       ; -0.049     ; 2.851      ;
; 7.095 ; packer_ppa_boundary:u_boundary|meta_sync2 ; packer_ppa_boundary:u_boundary|d[8]          ; clk          ; clk         ; 10.000       ; -0.066     ; 2.834      ;
; 7.095 ; packer_ppa_boundary:u_boundary|meta_sync2 ; packer_ppa_boundary:u_boundary|d[12]         ; clk          ; clk         ; 10.000       ; -0.049     ; 2.851      ;
; 7.095 ; packer_ppa_boundary:u_boundary|meta_sync2 ; packer_ppa_boundary:u_boundary|d[14]         ; clk          ; clk         ; 10.000       ; -0.064     ; 2.836      ;
+-------+-------------------------------------------+----------------------------------------------+--------------+-------------+--------------+------------+------------+


+------------------------------------------------------------------------------------------------------------------------------------------------------------------------+
; Slow 1200mV 85C Model Removal: 'clk'                                                                                                                                   ;
+-------+-------------------------------------------+----------------------------------------------+--------------+-------------+--------------+------------+------------+
; Slack ; From Node                                 ; To Node                                      ; Launch Clock ; Latch Clock ; Relationship ; Clock Skew ; Data Delay ;
+-------+-------------------------------------------+----------------------------------------------+--------------+-------------+--------------+------------+------------+
; 2.036 ; packer_ppa_boundary:u_boundary|meta_sync2 ; posit_pack:u_packer|g_rne.d_q[18]            ; clk          ; clk         ; 0.000        ; 0.449      ; 2.642      ;
; 2.065 ; packer_ppa_boundary:u_boundary|meta_sync2 ; posit_pack:u_packer|g_rne.d_q[2]             ; clk          ; clk         ; 0.000        ; 0.422      ; 2.644      ;
; 2.065 ; packer_ppa_boundary:u_boundary|meta_sync2 ; posit_pack:u_packer|g_rne.d_q[10]            ; clk          ; clk         ; 0.000        ; 0.422      ; 2.644      ;
; 2.065 ; packer_ppa_boundary:u_boundary|meta_sync2 ; posit_pack:u_packer|g_rne.d_q[12]            ; clk          ; clk         ; 0.000        ; 0.422      ; 2.644      ;
; 2.065 ; packer_ppa_boundary:u_boundary|meta_sync2 ; posit_pack:u_packer|g_rne.d_q[14]            ; clk          ; clk         ; 0.000        ; 0.422      ; 2.644      ;
; 2.065 ; packer_ppa_boundary:u_boundary|meta_sync2 ; posit_pack:u_packer|g_rne.d_q[16]            ; clk          ; clk         ; 0.000        ; 0.422      ; 2.644      ;
; 2.066 ; packer_ppa_boundary:u_boundary|meta_sync2 ; posit_pack:u_packer|g_rne.d_q[15]            ; clk          ; clk         ; 0.000        ; 0.409      ; 2.632      ;
; 2.066 ; packer_ppa_boundary:u_boundary|meta_sync2 ; posit_pack:u_packer|g_rne.d_q[17]            ; clk          ; clk         ; 0.000        ; 0.409      ; 2.632      ;
; 2.066 ; packer_ppa_boundary:u_boundary|meta_sync2 ; posit_pack:u_packer|g_rne.d_q[19]            ; clk          ; clk         ; 0.000        ; 0.409      ; 2.632      ;
; 2.066 ; packer_ppa_boundary:u_boundary|meta_sync2 ; posit_pack:u_packer|g_rne.d_q[20]            ; clk          ; clk         ; 0.000        ; 0.409      ; 2.632      ;
; 2.066 ; packer_ppa_boundary:u_boundary|meta_sync2 ; posit_pack:u_packer|g_rne.d_q[22]            ; clk          ; clk         ; 0.000        ; 0.409      ; 2.632      ;
; 2.066 ; packer_ppa_boundary:u_boundary|meta_sync2 ; posit_pack:u_packer|g_rne.d_q[24]            ; clk          ; clk         ; 0.000        ; 0.409      ; 2.632      ;
; 2.066 ; packer_ppa_boundary:u_boundary|meta_sync2 ; posit_pack:u_packer|g_rne.d_q[26]            ; clk          ; clk         ; 0.000        ; 0.409      ; 2.632      ;
; 2.092 ; packer_ppa_boundary:u_boundary|meta_sync2 ; posit_pack:u_packer|g_rne.d_q[7]             ; clk          ; clk         ; 0.000        ; 0.386      ; 2.635      ;
; 2.092 ; packer_ppa_boundary:u_boundary|meta_sync2 ; posit_pack:u_packer|g_rne.d_q[11]            ; clk          ; clk         ; 0.000        ; 0.386      ; 2.635      ;
; 2.092 ; packer_ppa_boundary:u_boundary|meta_sync2 ; posit_pack:u_packer|g_rne.d_q[13]            ; clk          ; clk         ; 0.000        ; 0.386      ; 2.635      ;
; 2.092 ; packer_ppa_boundary:u_boundary|meta_sync2 ; posit_pack:u_packer|g_rne.d_q[28]            ; clk          ; clk         ; 0.000        ; 0.386      ; 2.635      ;
; 2.092 ; packer_ppa_boundary:u_boundary|meta_sync2 ; posit_pack:u_packer|g_rne.d_q[30]            ; clk          ; clk         ; 0.000        ; 0.386      ; 2.635      ;
; 2.093 ; packer_ppa_boundary:u_boundary|meta_sync2 ; posit_pack:u_packer|g_rne.d_q[21]            ; clk          ; clk         ; 0.000        ; 0.384      ; 2.634      ;
; 2.093 ; packer_ppa_boundary:u_boundary|meta_sync2 ; posit_pack:u_packer|g_rne.d_q[23]            ; clk          ; clk         ; 0.000        ; 0.384      ; 2.634      ;
; 2.093 ; packer_ppa_boundary:u_boundary|meta_sync2 ; posit_pack:u_packer|g_rne.d_q[25]            ; clk          ; clk         ; 0.000        ; 0.384      ; 2.634      ;
; 2.093 ; packer_ppa_boundary:u_boundary|meta_sync2 ; posit_pack:u_packer|g_rne.d_q[27]            ; clk          ; clk         ; 0.000        ; 0.384      ; 2.634      ;
; 2.093 ; packer_ppa_boundary:u_boundary|meta_sync2 ; posit_pack:u_packer|g_rne.d_q[29]            ; clk          ; clk         ; 0.000        ; 0.384      ; 2.634      ;
; 2.404 ; packer_ppa_boundary:u_boundary|meta_sync2 ; packer_ppa_boundary:u_boundary|sf_q[9]       ; clk          ; clk         ; 0.000        ; 0.071      ; 2.632      ;
; 2.404 ; packer_ppa_boundary:u_boundary|meta_sync2 ; packer_ppa_boundary:u_boundary|sf_q[6]       ; clk          ; clk         ; 0.000        ; 0.075      ; 2.636      ;
; 2.404 ; packer_ppa_boundary:u_boundary|meta_sync2 ; packer_ppa_boundary:u_boundary|sf_q[5]       ; clk          ; clk         ; 0.000        ; 0.075      ; 2.636      ;
; 2.404 ; packer_ppa_boundary:u_boundary|meta_sync2 ; packer_ppa_boundary:u_boundary|sf_q[4]       ; clk          ; clk         ; 0.000        ; 0.075      ; 2.636      ;
; 2.404 ; packer_ppa_boundary:u_boundary|meta_sync2 ; packer_ppa_boundary:u_boundary|frac_q[45]    ; clk          ; clk         ; 0.000        ; 0.073      ; 2.634      ;
; 2.404 ; packer_ppa_boundary:u_boundary|meta_sync2 ; packer_ppa_boundary:u_boundary|sf_q[2]       ; clk          ; clk         ; 0.000        ; 0.071      ; 2.632      ;
; 2.404 ; packer_ppa_boundary:u_boundary|meta_sync2 ; packer_ppa_boundary:u_boundary|frac_q[46]    ; clk          ; clk         ; 0.000        ; 0.073      ; 2.634      ;
; 2.404 ; packer_ppa_boundary:u_boundary|meta_sync2 ; packer_ppa_boundary:u_boundary|frac_q[43]    ; clk          ; clk         ; 0.000        ; 0.073      ; 2.634      ;
; 2.404 ; packer_ppa_boundary:u_boundary|meta_sync2 ; packer_ppa_boundary:u_boundary|frac_q[44]    ; clk          ; clk         ; 0.000        ; 0.073      ; 2.634      ;
; 2.404 ; packer_ppa_boundary:u_boundary|meta_sync2 ; packer_ppa_boundary:u_boundary|frac_q[27]    ; clk          ; clk         ; 0.000        ; 0.071      ; 2.632      ;
; 2.404 ; packer_ppa_boundary:u_boundary|meta_sync2 ; packer_ppa_boundary:u_boundary|frac_q[28]    ; clk          ; clk         ; 0.000        ; 0.071      ; 2.632      ;
; 2.404 ; packer_ppa_boundary:u_boundary|meta_sync2 ; packer_ppa_boundary:u_boundary|frac_q[29]    ; clk          ; clk         ; 0.000        ; 0.071      ; 2.632      ;
; 2.404 ; packer_ppa_boundary:u_boundary|meta_sync2 ; packer_ppa_boundary:u_boundary|frac_q[30]    ; clk          ; clk         ; 0.000        ; 0.071      ; 2.632      ;
; 2.404 ; packer_ppa_boundary:u_boundary|meta_sync2 ; packer_ppa_boundary:u_boundary|frac_q[34]    ; clk          ; clk         ; 0.000        ; 0.071      ; 2.632      ;
; 2.404 ; packer_ppa_boundary:u_boundary|meta_sync2 ; packer_ppa_boundary:u_boundary|frac_q[33]    ; clk          ; clk         ; 0.000        ; 0.071      ; 2.632      ;
; 2.404 ; packer_ppa_boundary:u_boundary|meta_sync2 ; packer_ppa_boundary:u_boundary|frac_q[31]    ; clk          ; clk         ; 0.000        ; 0.071      ; 2.632      ;
; 2.404 ; packer_ppa_boundary:u_boundary|meta_sync2 ; packer_ppa_boundary:u_boundary|frac_q[32]    ; clk          ; clk         ; 0.000        ; 0.071      ; 2.632      ;
; 2.404 ; packer_ppa_boundary:u_boundary|meta_sync2 ; packer_ppa_boundary:u_boundary|frac_q[38]    ; clk          ; clk         ; 0.000        ; 0.073      ; 2.634      ;
; 2.404 ; packer_ppa_boundary:u_boundary|meta_sync2 ; packer_ppa_boundary:u_boundary|frac_q[37]    ; clk          ; clk         ; 0.000        ; 0.073      ; 2.634      ;
; 2.404 ; packer_ppa_boundary:u_boundary|meta_sync2 ; packer_ppa_boundary:u_boundary|frac_q[35]    ; clk          ; clk         ; 0.000        ; 0.071      ; 2.632      ;
; 2.404 ; packer_ppa_boundary:u_boundary|meta_sync2 ; packer_ppa_boundary:u_boundary|frac_q[36]    ; clk          ; clk         ; 0.000        ; 0.073      ; 2.634      ;
; 2.404 ; packer_ppa_boundary:u_boundary|meta_sync2 ; packer_ppa_boundary:u_boundary|frac_q[42]    ; clk          ; clk         ; 0.000        ; 0.073      ; 2.634      ;
; 2.404 ; packer_ppa_boundary:u_boundary|meta_sync2 ; packer_ppa_boundary:u_boundary|frac_q[41]    ; clk          ; clk         ; 0.000        ; 0.073      ; 2.634      ;
; 2.404 ; packer_ppa_boundary:u_boundary|meta_sync2 ; packer_ppa_boundary:u_boundary|frac_q[39]    ; clk          ; clk         ; 0.000        ; 0.073      ; 2.634      ;
; 2.404 ; packer_ppa_boundary:u_boundary|meta_sync2 ; packer_ppa_boundary:u_boundary|frac_q[40]    ; clk          ; clk         ; 0.000        ; 0.072      ; 2.633      ;
; 2.404 ; packer_ppa_boundary:u_boundary|meta_sync2 ; packer_ppa_boundary:u_boundary|frac_q[26]    ; clk          ; clk         ; 0.000        ; 0.071      ; 2.632      ;
; 2.404 ; packer_ppa_boundary:u_boundary|meta_sync2 ; packer_ppa_boundary:u_boundary|frac_q[9]     ; clk          ; clk         ; 0.000        ; 0.077      ; 2.638      ;
; 2.404 ; packer_ppa_boundary:u_boundary|meta_sync2 ; packer_ppa_boundary:u_boundary|frac_q[11]    ; clk          ; clk         ; 0.000        ; 0.077      ; 2.638      ;
; 2.404 ; packer_ppa_boundary:u_boundary|meta_sync2 ; packer_ppa_boundary:u_boundary|frac_q[13]    ; clk          ; clk         ; 0.000        ; 0.077      ; 2.638      ;
; 2.404 ; packer_ppa_boundary:u_boundary|meta_sync2 ; packer_ppa_boundary:u_boundary|frac_q[10]    ; clk          ; clk         ; 0.000        ; 0.077      ; 2.638      ;
; 2.404 ; packer_ppa_boundary:u_boundary|meta_sync2 ; packer_ppa_boundary:u_boundary|frac_q[14]    ; clk          ; clk         ; 0.000        ; 0.077      ; 2.638      ;
; 2.404 ; packer_ppa_boundary:u_boundary|meta_sync2 ; packer_ppa_boundary:u_boundary|frac_q[15]    ; clk          ; clk         ; 0.000        ; 0.077      ; 2.638      ;
; 2.404 ; packer_ppa_boundary:u_boundary|meta_sync2 ; packer_ppa_boundary:u_boundary|frac_q[12]    ; clk          ; clk         ; 0.000        ; 0.077      ; 2.638      ;
; 2.404 ; packer_ppa_boundary:u_boundary|meta_sync2 ; posit_pack:u_packer|g_rne.p1_mag_trunc_q[1]  ; clk          ; clk         ; 0.000        ; 0.072      ; 2.633      ;
; 2.404 ; packer_ppa_boundary:u_boundary|meta_sync2 ; posit_pack:u_packer|g_rne.p1_mag_trunc_q[2]  ; clk          ; clk         ; 0.000        ; 0.072      ; 2.633      ;
; 2.404 ; packer_ppa_boundary:u_boundary|meta_sync2 ; posit_pack:u_packer|g_rne.p1_mag_trunc_q[3]  ; clk          ; clk         ; 0.000        ; 0.072      ; 2.633      ;
; 2.404 ; packer_ppa_boundary:u_boundary|meta_sync2 ; posit_pack:u_packer|g_rne.p1_mag_trunc_q[4]  ; clk          ; clk         ; 0.000        ; 0.072      ; 2.633      ;
; 2.404 ; packer_ppa_boundary:u_boundary|meta_sync2 ; posit_pack:u_packer|g_rne.p1_mag_trunc_q[5]  ; clk          ; clk         ; 0.000        ; 0.072      ; 2.633      ;
; 2.404 ; packer_ppa_boundary:u_boundary|meta_sync2 ; posit_pack:u_packer|g_rne.p1_mag_trunc_q[6]  ; clk          ; clk         ; 0.000        ; 0.072      ; 2.633      ;
; 2.404 ; packer_ppa_boundary:u_boundary|meta_sync2 ; posit_pack:u_packer|g_rne.p1_mag_trunc_q[7]  ; clk          ; clk         ; 0.000        ; 0.072      ; 2.633      ;
; 2.404 ; packer_ppa_boundary:u_boundary|meta_sync2 ; posit_pack:u_packer|g_rne.p1_mag_trunc_q[8]  ; clk          ; clk         ; 0.000        ; 0.072      ; 2.633      ;
; 2.404 ; packer_ppa_boundary:u_boundary|meta_sync2 ; posit_pack:u_packer|g_rne.p1_mag_trunc_q[9]  ; clk          ; clk         ; 0.000        ; 0.072      ; 2.633      ;
; 2.404 ; packer_ppa_boundary:u_boundary|meta_sync2 ; posit_pack:u_packer|g_rne.p1_mag_trunc_q[10] ; clk          ; clk         ; 0.000        ; 0.072      ; 2.633      ;
; 2.404 ; packer_ppa_boundary:u_boundary|meta_sync2 ; posit_pack:u_packer|g_rne.p1_mag_trunc_q[11] ; clk          ; clk         ; 0.000        ; 0.072      ; 2.633      ;
; 2.404 ; packer_ppa_boundary:u_boundary|meta_sync2 ; posit_pack:u_packer|g_rne.p1_mag_trunc_q[12] ; clk          ; clk         ; 0.000        ; 0.072      ; 2.633      ;
; 2.404 ; packer_ppa_boundary:u_boundary|meta_sync2 ; posit_pack:u_packer|g_rne.p1_mag_trunc_q[13] ; clk          ; clk         ; 0.000        ; 0.072      ; 2.633      ;
; 2.404 ; packer_ppa_boundary:u_boundary|meta_sync2 ; posit_pack:u_packer|g_rne.p1_mag_trunc_q[14] ; clk          ; clk         ; 0.000        ; 0.072      ; 2.633      ;
; 2.404 ; packer_ppa_boundary:u_boundary|meta_sync2 ; posit_pack:u_packer|g_rne.p1_mag_trunc_q[15] ; clk          ; clk         ; 0.000        ; 0.072      ; 2.633      ;
; 2.404 ; packer_ppa_boundary:u_boundary|meta_sync2 ; packer_ppa_boundary:u_boundary|sign_q        ; clk          ; clk         ; 0.000        ; 0.075      ; 2.636      ;
; 2.405 ; packer_ppa_boundary:u_boundary|meta_sync2 ; packer_ppa_boundary:u_boundary|sf_q[3]       ; clk          ; clk         ; 0.000        ; 0.072      ; 2.634      ;
; 2.405 ; packer_ppa_boundary:u_boundary|meta_sync2 ; packer_ppa_boundary:u_boundary|frac_q[47]    ; clk          ; clk         ; 0.000        ; 0.074      ; 2.636      ;
; 2.405 ; packer_ppa_boundary:u_boundary|meta_sync2 ; packer_ppa_boundary:u_boundary|frac_q[48]    ; clk          ; clk         ; 0.000        ; 0.074      ; 2.636      ;
; 2.405 ; packer_ppa_boundary:u_boundary|meta_sync2 ; packer_ppa_boundary:u_boundary|frac_q[50]    ; clk          ; clk         ; 0.000        ; 0.074      ; 2.636      ;
; 2.405 ; packer_ppa_boundary:u_boundary|meta_sync2 ; packer_ppa_boundary:u_boundary|frac_q[49]    ; clk          ; clk         ; 0.000        ; 0.074      ; 2.636      ;
; 2.405 ; packer_ppa_boundary:u_boundary|meta_sync2 ; packer_ppa_boundary:u_boundary|sf_q[1]       ; clk          ; clk         ; 0.000        ; 0.073      ; 2.635      ;
; 2.405 ; packer_ppa_boundary:u_boundary|meta_sync2 ; packer_ppa_boundary:u_boundary|sf_q[0]       ; clk          ; clk         ; 0.000        ; 0.073      ; 2.635      ;
; 2.405 ; packer_ppa_boundary:u_boundary|meta_sync2 ; packer_ppa_boundary:u_boundary|frac_q[52]    ; clk          ; clk         ; 0.000        ; 0.074      ; 2.636      ;
; 2.405 ; packer_ppa_boundary:u_boundary|meta_sync2 ; packer_ppa_boundary:u_boundary|frac_q[51]    ; clk          ; clk         ; 0.000        ; 0.074      ; 2.636      ;
; 2.405 ; packer_ppa_boundary:u_boundary|meta_sync2 ; packer_ppa_boundary:u_boundary|frac_q[53]    ; clk          ; clk         ; 0.000        ; 0.074      ; 2.636      ;
; 2.405 ; packer_ppa_boundary:u_boundary|meta_sync2 ; packer_ppa_boundary:u_boundary|frac_q[54]    ; clk          ; clk         ; 0.000        ; 0.073      ; 2.635      ;
; 2.405 ; packer_ppa_boundary:u_boundary|meta_sync2 ; posit_pack:u_packer|g_rne.p1_guard_bit_q     ; clk          ; clk         ; 0.000        ; 0.072      ; 2.634      ;
; 2.405 ; packer_ppa_boundary:u_boundary|meta_sync2 ; posit_pack:u_packer|g_rne.p1_round_bit_q     ; clk          ; clk         ; 0.000        ; 0.072      ; 2.634      ;
; 2.405 ; packer_ppa_boundary:u_boundary|meta_sync2 ; packer_ppa_boundary:u_boundary|frac_q[7]     ; clk          ; clk         ; 0.000        ; 0.077      ; 2.639      ;
; 2.405 ; packer_ppa_boundary:u_boundary|meta_sync2 ; packer_ppa_boundary:u_boundary|frac_q[2]     ; clk          ; clk         ; 0.000        ; 0.077      ; 2.639      ;
; 2.405 ; packer_ppa_boundary:u_boundary|meta_sync2 ; packer_ppa_boundary:u_boundary|sticky_q      ; clk          ; clk         ; 0.000        ; 0.077      ; 2.639      ;
; 2.405 ; packer_ppa_boundary:u_boundary|meta_sync2 ; packer_ppa_boundary:u_boundary|frac_q[1]     ; clk          ; clk         ; 0.000        ; 0.077      ; 2.639      ;
; 2.405 ; packer_ppa_boundary:u_boundary|meta_sync2 ; packer_ppa_boundary:u_boundary|frac_q[8]     ; clk          ; clk         ; 0.000        ; 0.077      ; 2.639      ;
; 2.405 ; packer_ppa_boundary:u_boundary|meta_sync2 ; packer_ppa_boundary:u_boundary|frac_q[16]    ; clk          ; clk         ; 0.000        ; 0.077      ; 2.639      ;
; 2.405 ; packer_ppa_boundary:u_boundary|meta_sync2 ; packer_ppa_boundary:u_boundary|frac_q[17]    ; clk          ; clk         ; 0.000        ; 0.077      ; 2.639      ;
; 2.405 ; packer_ppa_boundary:u_boundary|meta_sync2 ; packer_ppa_boundary:u_boundary|frac_q[18]    ; clk          ; clk         ; 0.000        ; 0.077      ; 2.639      ;
; 2.405 ; packer_ppa_boundary:u_boundary|meta_sync2 ; packer_ppa_boundary:u_boundary|frac_q[19]    ; clk          ; clk         ; 0.000        ; 0.077      ; 2.639      ;
; 2.405 ; packer_ppa_boundary:u_boundary|meta_sync2 ; packer_ppa_boundary:u_boundary|frac_q[4]     ; clk          ; clk         ; 0.000        ; 0.077      ; 2.639      ;
; 2.405 ; packer_ppa_boundary:u_boundary|meta_sync2 ; packer_ppa_boundary:u_boundary|frac_q[5]     ; clk          ; clk         ; 0.000        ; 0.077      ; 2.639      ;
; 2.405 ; packer_ppa_boundary:u_boundary|meta_sync2 ; packer_ppa_boundary:u_boundary|frac_q[6]     ; clk          ; clk         ; 0.000        ; 0.077      ; 2.639      ;
; 2.405 ; packer_ppa_boundary:u_boundary|meta_sync2 ; packer_ppa_boundary:u_boundary|frac_q[24]    ; clk          ; clk         ; 0.000        ; 0.072      ; 2.634      ;
; 2.405 ; packer_ppa_boundary:u_boundary|meta_sync2 ; packer_ppa_boundary:u_boundary|frac_q[25]    ; clk          ; clk         ; 0.000        ; 0.072      ; 2.634      ;
; 2.405 ; packer_ppa_boundary:u_boundary|meta_sync2 ; packer_ppa_boundary:u_boundary|frac_q[22]    ; clk          ; clk         ; 0.000        ; 0.072      ; 2.634      ;
+-------+-------------------------------------------+----------------------------------------------+--------------+-------------+--------------+------------+------------+


+-----------------------------------------------------------------------------------------------------------------------------+
; Slow 1200mV 85C Model Minimum Pulse Width: 'clk'                                                                            ;
+-------+--------------+----------------+-----------------+-------+------------+----------------------------------------------+
; Slack ; Actual Width ; Required Width ; Type            ; Clock ; Clock Edge ; Target                                       ;
+-------+--------------+----------------+-----------------+-------+------------+----------------------------------------------+
; 4.663 ; 4.847        ; 0.184          ; Low Pulse Width ; clk   ; Rise       ; posit_pack:u_packer|g_rne.d_q[18]            ;
; 4.672 ; 4.856        ; 0.184          ; Low Pulse Width ; clk   ; Rise       ; posit_pack:u_packer|g_rne.d_q[10]            ;
; 4.672 ; 4.856        ; 0.184          ; Low Pulse Width ; clk   ; Rise       ; posit_pack:u_packer|g_rne.d_q[12]            ;
; 4.672 ; 4.856        ; 0.184          ; Low Pulse Width ; clk   ; Rise       ; posit_pack:u_packer|g_rne.d_q[14]            ;
; 4.672 ; 4.856        ; 0.184          ; Low Pulse Width ; clk   ; Rise       ; posit_pack:u_packer|g_rne.d_q[16]            ;
; 4.672 ; 4.856        ; 0.184          ; Low Pulse Width ; clk   ; Rise       ; posit_pack:u_packer|g_rne.d_q[2]             ;
; 4.674 ; 4.858        ; 0.184          ; Low Pulse Width ; clk   ; Rise       ; posit_pack:u_packer|g_rne.d_q[15]            ;
; 4.674 ; 4.858        ; 0.184          ; Low Pulse Width ; clk   ; Rise       ; posit_pack:u_packer|g_rne.d_q[17]            ;
; 4.674 ; 4.858        ; 0.184          ; Low Pulse Width ; clk   ; Rise       ; posit_pack:u_packer|g_rne.d_q[19]            ;
; 4.674 ; 4.858        ; 0.184          ; Low Pulse Width ; clk   ; Rise       ; posit_pack:u_packer|g_rne.d_q[20]            ;
; 4.674 ; 4.858        ; 0.184          ; Low Pulse Width ; clk   ; Rise       ; posit_pack:u_packer|g_rne.d_q[22]            ;
; 4.674 ; 4.858        ; 0.184          ; Low Pulse Width ; clk   ; Rise       ; posit_pack:u_packer|g_rne.d_q[24]            ;
; 4.674 ; 4.858        ; 0.184          ; Low Pulse Width ; clk   ; Rise       ; posit_pack:u_packer|g_rne.d_q[26]            ;
; 4.676 ; 4.860        ; 0.184          ; Low Pulse Width ; clk   ; Rise       ; packer_ppa_boundary:u_boundary|d[24]         ;
; 4.676 ; 4.860        ; 0.184          ; Low Pulse Width ; clk   ; Rise       ; packer_ppa_boundary:u_boundary|d[2]          ;
; 4.676 ; 4.860        ; 0.184          ; Low Pulse Width ; clk   ; Rise       ; packer_ppa_boundary:u_boundary|d[5]          ;
; 4.676 ; 4.860        ; 0.184          ; Low Pulse Width ; clk   ; Rise       ; packer_ppa_boundary:u_boundary|d[8]          ;
; 4.676 ; 4.860        ; 0.184          ; Low Pulse Width ; clk   ; Rise       ; packer_ppa_boundary:u_boundary|flags[2]      ;
; 4.676 ; 4.860        ; 0.184          ; Low Pulse Width ; clk   ; Rise       ; packer_ppa_boundary:u_boundary|flags[3]      ;
; 4.676 ; 4.860        ; 0.184          ; Low Pulse Width ; clk   ; Rise       ; packer_ppa_boundary:u_boundary|flags[4]      ;
; 4.676 ; 4.860        ; 0.184          ; Low Pulse Width ; clk   ; Rise       ; packer_ppa_boundary:u_boundary|out_valid     ;
; 4.676 ; 4.860        ; 0.184          ; Low Pulse Width ; clk   ; Rise       ; posit_pack:u_packer|g_rne.d_q[4]             ;
; 4.676 ; 4.860        ; 0.184          ; Low Pulse Width ; clk   ; Rise       ; posit_pack:u_packer|g_rne.d_q[5]             ;
; 4.676 ; 4.860        ; 0.184          ; Low Pulse Width ; clk   ; Rise       ; posit_pack:u_packer|g_rne.d_q[6]             ;
; 4.676 ; 4.860        ; 0.184          ; Low Pulse Width ; clk   ; Rise       ; posit_pack:u_packer|g_rne.d_q[8]             ;
; 4.676 ; 4.860        ; 0.184          ; Low Pulse Width ; clk   ; Rise       ; posit_pack:u_packer|g_rne.d_q[9]             ;
; 4.676 ; 4.860        ; 0.184          ; Low Pulse Width ; clk   ; Rise       ; posit_pack:u_packer|g_rne.flags_q[2]         ;
; 4.676 ; 4.860        ; 0.184          ; Low Pulse Width ; clk   ; Rise       ; posit_pack:u_packer|g_rne.flags_q[4]         ;
; 4.676 ; 4.860        ; 0.184          ; Low Pulse Width ; clk   ; Rise       ; posit_pack:u_packer|g_rne.p2_valid_q         ;
; 4.677 ; 4.861        ; 0.184          ; Low Pulse Width ; clk   ; Rise       ; packer_ppa_boundary:u_boundary|d[12]         ;
; 4.677 ; 4.861        ; 0.184          ; Low Pulse Width ; clk   ; Rise       ; packer_ppa_boundary:u_boundary|d[14]         ;
; 4.677 ; 4.861        ; 0.184          ; Low Pulse Width ; clk   ; Rise       ; packer_ppa_boundary:u_boundary|d[18]         ;
; 4.677 ; 4.861        ; 0.184          ; Low Pulse Width ; clk   ; Rise       ; packer_ppa_boundary:u_boundary|d[4]          ;
; 4.677 ; 4.861        ; 0.184          ; Low Pulse Width ; clk   ; Rise       ; packer_ppa_boundary:u_boundary|d[6]          ;
; 4.680 ; 4.864        ; 0.184          ; Low Pulse Width ; clk   ; Rise       ; packer_ppa_boundary:u_boundary|d[13]         ;
; 4.680 ; 4.864        ; 0.184          ; Low Pulse Width ; clk   ; Rise       ; packer_ppa_boundary:u_boundary|d[15]         ;
; 4.680 ; 4.864        ; 0.184          ; Low Pulse Width ; clk   ; Rise       ; packer_ppa_boundary:u_boundary|d[16]         ;
; 4.680 ; 4.864        ; 0.184          ; Low Pulse Width ; clk   ; Rise       ; packer_ppa_boundary:u_boundary|d[17]         ;
; 4.680 ; 4.864        ; 0.184          ; Low Pulse Width ; clk   ; Rise       ; packer_ppa_boundary:u_boundary|d[19]         ;
; 4.680 ; 4.864        ; 0.184          ; Low Pulse Width ; clk   ; Rise       ; packer_ppa_boundary:u_boundary|d[20]         ;
; 4.680 ; 4.864        ; 0.184          ; Low Pulse Width ; clk   ; Rise       ; packer_ppa_boundary:u_boundary|d[21]         ;
; 4.680 ; 4.864        ; 0.184          ; Low Pulse Width ; clk   ; Rise       ; packer_ppa_boundary:u_boundary|d[22]         ;
; 4.680 ; 4.864        ; 0.184          ; Low Pulse Width ; clk   ; Rise       ; packer_ppa_boundary:u_boundary|d[23]         ;
; 4.680 ; 4.864        ; 0.184          ; Low Pulse Width ; clk   ; Rise       ; packer_ppa_boundary:u_boundary|d[25]         ;
; 4.680 ; 4.864        ; 0.184          ; Low Pulse Width ; clk   ; Rise       ; packer_ppa_boundary:u_boundary|d[26]         ;
; 4.680 ; 4.864        ; 0.184          ; Low Pulse Width ; clk   ; Rise       ; packer_ppa_boundary:u_boundary|d[27]         ;
; 4.680 ; 4.864        ; 0.184          ; Low Pulse Width ; clk   ; Rise       ; packer_ppa_boundary:u_boundary|d[28]         ;
; 4.680 ; 4.864        ; 0.184          ; Low Pulse Width ; clk   ; Rise       ; packer_ppa_boundary:u_boundary|d[29]         ;
; 4.680 ; 4.864        ; 0.184          ; Low Pulse Width ; clk   ; Rise       ; packer_ppa_boundary:u_boundary|d[31]         ;
; 4.680 ; 4.864        ; 0.184          ; Low Pulse Width ; clk   ; Rise       ; packer_ppa_boundary:u_boundary|d[3]          ;
; 4.680 ; 4.864        ; 0.184          ; Low Pulse Width ; clk   ; Rise       ; packer_ppa_boundary:u_boundary|d[7]          ;
; 4.680 ; 4.864        ; 0.184          ; Low Pulse Width ; clk   ; Rise       ; packer_ppa_boundary:u_boundary|d[9]          ;
; 4.680 ; 4.864        ; 0.184          ; Low Pulse Width ; clk   ; Rise       ; packer_ppa_boundary:u_boundary|flags[0]      ;
; 4.680 ; 4.864        ; 0.184          ; Low Pulse Width ; clk   ; Rise       ; packer_ppa_boundary:u_boundary|flags[1]      ;
; 4.680 ; 4.864        ; 0.184          ; Low Pulse Width ; clk   ; Rise       ; packer_ppa_boundary:u_boundary|flags_in_q[2] ;
; 4.680 ; 4.864        ; 0.184          ; Low Pulse Width ; clk   ; Rise       ; packer_ppa_boundary:u_boundary|frac_q[1]     ;
; 4.680 ; 4.864        ; 0.184          ; Low Pulse Width ; clk   ; Rise       ; packer_ppa_boundary:u_boundary|frac_q[24]    ;
; 4.680 ; 4.864        ; 0.184          ; Low Pulse Width ; clk   ; Rise       ; packer_ppa_boundary:u_boundary|frac_q[2]     ;
; 4.680 ; 4.864        ; 0.184          ; Low Pulse Width ; clk   ; Rise       ; packer_ppa_boundary:u_boundary|frac_q[3]     ;
; 4.680 ; 4.864        ; 0.184          ; Low Pulse Width ; clk   ; Rise       ; packer_ppa_boundary:u_boundary|frac_q[47]    ;
; 4.680 ; 4.864        ; 0.184          ; Low Pulse Width ; clk   ; Rise       ; packer_ppa_boundary:u_boundary|frac_q[48]    ;
; 4.680 ; 4.864        ; 0.184          ; Low Pulse Width ; clk   ; Rise       ; packer_ppa_boundary:u_boundary|frac_q[49]    ;
; 4.680 ; 4.864        ; 0.184          ; Low Pulse Width ; clk   ; Rise       ; packer_ppa_boundary:u_boundary|frac_q[4]     ;
; 4.680 ; 4.864        ; 0.184          ; Low Pulse Width ; clk   ; Rise       ; packer_ppa_boundary:u_boundary|frac_q[50]    ;
; 4.680 ; 4.864        ; 0.184          ; Low Pulse Width ; clk   ; Rise       ; packer_ppa_boundary:u_boundary|frac_q[51]    ;
; 4.680 ; 4.864        ; 0.184          ; Low Pulse Width ; clk   ; Rise       ; packer_ppa_boundary:u_boundary|frac_q[52]    ;
; 4.680 ; 4.864        ; 0.184          ; Low Pulse Width ; clk   ; Rise       ; packer_ppa_boundary:u_boundary|frac_q[53]    ;
; 4.680 ; 4.864        ; 0.184          ; Low Pulse Width ; clk   ; Rise       ; packer_ppa_boundary:u_boundary|frac_q[54]    ;
; 4.680 ; 4.864        ; 0.184          ; Low Pulse Width ; clk   ; Rise       ; packer_ppa_boundary:u_boundary|frac_q[5]     ;
; 4.680 ; 4.864        ; 0.184          ; Low Pulse Width ; clk   ; Rise       ; packer_ppa_boundary:u_boundary|frac_q[6]     ;
; 4.680 ; 4.864        ; 0.184          ; Low Pulse Width ; clk   ; Rise       ; packer_ppa_boundary:u_boundary|frac_q[7]     ;
; 4.680 ; 4.864        ; 0.184          ; Low Pulse Width ; clk   ; Rise       ; packer_ppa_boundary:u_boundary|frac_q[8]     ;
; 4.680 ; 4.864        ; 0.184          ; Low Pulse Width ; clk   ; Rise       ; packer_ppa_boundary:u_boundary|sf_q[0]       ;
; 4.680 ; 4.864        ; 0.184          ; Low Pulse Width ; clk   ; Rise       ; packer_ppa_boundary:u_boundary|sf_q[1]       ;
; 4.680 ; 4.864        ; 0.184          ; Low Pulse Width ; clk   ; Rise       ; packer_ppa_boundary:u_boundary|sf_q[3]       ;
; 4.680 ; 4.864        ; 0.184          ; Low Pulse Width ; clk   ; Rise       ; packer_ppa_boundary:u_boundary|sticky_q      ;
; 4.680 ; 4.864        ; 0.184          ; Low Pulse Width ; clk   ; Rise       ; posit_pack:u_packer|g_rne.d_q[0]             ;
; 4.680 ; 4.864        ; 0.184          ; Low Pulse Width ; clk   ; Rise       ; posit_pack:u_packer|g_rne.d_q[31]            ;
; 4.680 ; 4.864        ; 0.184          ; Low Pulse Width ; clk   ; Rise       ; posit_pack:u_packer|g_rne.d_q[3]             ;
; 4.680 ; 4.864        ; 0.184          ; Low Pulse Width ; clk   ; Rise       ; posit_pack:u_packer|g_rne.flags_q[1]         ;
; 4.680 ; 4.864        ; 0.184          ; Low Pulse Width ; clk   ; Rise       ; posit_pack:u_packer|g_rne.p1_guard_bit_q     ;
; 4.680 ; 4.864        ; 0.184          ; Low Pulse Width ; clk   ; Rise       ; posit_pack:u_packer|g_rne.p1_mag_trunc_q[0]  ;
; 4.680 ; 4.864        ; 0.184          ; Low Pulse Width ; clk   ; Rise       ; posit_pack:u_packer|g_rne.p1_mag_trunc_q[25] ;
; 4.680 ; 4.864        ; 0.184          ; Low Pulse Width ; clk   ; Rise       ; posit_pack:u_packer|g_rne.p1_mag_trunc_q[26] ;
; 4.680 ; 4.864        ; 0.184          ; Low Pulse Width ; clk   ; Rise       ; posit_pack:u_packer|g_rne.p1_mag_trunc_q[27] ;
; 4.680 ; 4.864        ; 0.184          ; Low Pulse Width ; clk   ; Rise       ; posit_pack:u_packer|g_rne.p1_round_bit_q     ;
; 4.680 ; 4.864        ; 0.184          ; Low Pulse Width ; clk   ; Rise       ; posit_pack:u_packer|g_rne.p1_sign_q          ;
; 4.680 ; 4.864        ; 0.184          ; Low Pulse Width ; clk   ; Rise       ; posit_pack:u_packer|g_rne.p1_sticky_bit_q    ;
; 4.680 ; 4.864        ; 0.184          ; Low Pulse Width ; clk   ; Rise       ; posit_pack:u_packer|g_rne.p1_valid_q         ;
; 4.681 ; 4.865        ; 0.184          ; Low Pulse Width ; clk   ; Rise       ; packer_ppa_boundary:u_boundary|d[0]          ;
; 4.681 ; 4.865        ; 0.184          ; Low Pulse Width ; clk   ; Rise       ; packer_ppa_boundary:u_boundary|d[10]         ;
; 4.681 ; 4.865        ; 0.184          ; Low Pulse Width ; clk   ; Rise       ; packer_ppa_boundary:u_boundary|d[11]         ;
; 4.681 ; 4.865        ; 0.184          ; Low Pulse Width ; clk   ; Rise       ; packer_ppa_boundary:u_boundary|d[1]          ;
; 4.681 ; 4.865        ; 0.184          ; Low Pulse Width ; clk   ; Rise       ; packer_ppa_boundary:u_boundary|d[30]         ;
; 4.681 ; 4.865        ; 0.184          ; Low Pulse Width ; clk   ; Rise       ; packer_ppa_boundary:u_boundary|flags_in_q[0] ;
; 4.681 ; 4.865        ; 0.184          ; Low Pulse Width ; clk   ; Rise       ; packer_ppa_boundary:u_boundary|flags_in_q[1] ;
; 4.681 ; 4.865        ; 0.184          ; Low Pulse Width ; clk   ; Rise       ; packer_ppa_boundary:u_boundary|flags_in_q[3] ;
; 4.681 ; 4.865        ; 0.184          ; Low Pulse Width ; clk   ; Rise       ; packer_ppa_boundary:u_boundary|flags_in_q[4] ;
; 4.681 ; 4.865        ; 0.184          ; Low Pulse Width ; clk   ; Rise       ; packer_ppa_boundary:u_boundary|frac_q[0]     ;
; 4.681 ; 4.865        ; 0.184          ; Low Pulse Width ; clk   ; Rise       ; packer_ppa_boundary:u_boundary|frac_q[10]    ;
+-------+--------------+----------------+-----------------+-------+------------+----------------------------------------------+


+----------------------------------------------------------------------------+
; Setup Times                                                                ;
+--------------+------------+--------+--------+------------+-----------------+
; Data Port    ; Clock Port ; Rise   ; Fall   ; Clock Edge ; Clock Reference ;
+--------------+------------+--------+--------+------------+-----------------+
; flags_in[*]  ; clk        ; 2.188  ; 2.707  ; Rise       ; clk             ;
;  flags_in[0] ; clk        ; 2.188  ; 2.707  ; Rise       ; clk             ;
;  flags_in[1] ; clk        ; 2.045  ; 2.500  ; Rise       ; clk             ;
;  flags_in[2] ; clk        ; 2.185  ; 2.704  ; Rise       ; clk             ;
;  flags_in[3] ; clk        ; 2.167  ; 2.693  ; Rise       ; clk             ;
;  flags_in[4] ; clk        ; 2.183  ; 2.703  ; Rise       ; clk             ;
; frac[*]      ; clk        ; 2.674  ; 3.214  ; Rise       ; clk             ;
;  frac[0]     ; clk        ; 2.482  ; 3.014  ; Rise       ; clk             ;
;  frac[1]     ; clk        ; 2.327  ; 2.914  ; Rise       ; clk             ;
;  frac[2]     ; clk        ; 2.403  ; 2.925  ; Rise       ; clk             ;
;  frac[3]     ; clk        ; 2.421  ; 2.911  ; Rise       ; clk             ;
;  frac[4]     ; clk        ; 0.091  ; 0.186  ; Rise       ; clk             ;
;  frac[5]     ; clk        ; 2.243  ; 2.714  ; Rise       ; clk             ;
;  frac[6]     ; clk        ; 2.106  ; 2.602  ; Rise       ; clk             ;
;  frac[7]     ; clk        ; 2.083  ; 2.620  ; Rise       ; clk             ;
;  frac[8]     ; clk        ; 2.283  ; 2.738  ; Rise       ; clk             ;
;  frac[9]     ; clk        ; 2.372  ; 2.920  ; Rise       ; clk             ;
;  frac[10]    ; clk        ; 2.460  ; 2.983  ; Rise       ; clk             ;
;  frac[11]    ; clk        ; 2.468  ; 3.048  ; Rise       ; clk             ;
;  frac[12]    ; clk        ; 2.302  ; 2.825  ; Rise       ; clk             ;
;  frac[13]    ; clk        ; 2.254  ; 2.736  ; Rise       ; clk             ;
;  frac[14]    ; clk        ; 2.219  ; 2.685  ; Rise       ; clk             ;
;  frac[15]    ; clk        ; 2.435  ; 2.999  ; Rise       ; clk             ;
;  frac[16]    ; clk        ; 2.189  ; 2.746  ; Rise       ; clk             ;
;  frac[17]    ; clk        ; 2.188  ; 2.746  ; Rise       ; clk             ;
;  frac[18]    ; clk        ; 2.081  ; 2.574  ; Rise       ; clk             ;
;  frac[19]    ; clk        ; 2.453  ; 3.000  ; Rise       ; clk             ;
;  frac[20]    ; clk        ; 2.367  ; 2.889  ; Rise       ; clk             ;
;  frac[21]    ; clk        ; 2.032  ; 2.517  ; Rise       ; clk             ;
;  frac[22]    ; clk        ; 2.145  ; 2.671  ; Rise       ; clk             ;
;  frac[23]    ; clk        ; -0.257 ; -0.133 ; Rise       ; clk             ;
;  frac[24]    ; clk        ; 1.990  ; 2.445  ; Rise       ; clk             ;
;  frac[25]    ; clk        ; 0.005  ; 0.125  ; Rise       ; clk             ;
;  frac[26]    ; clk        ; 2.346  ; 2.810  ; Rise       ; clk             ;
;  frac[27]    ; clk        ; 2.054  ; 2.484  ; Rise       ; clk             ;
;  frac[28]    ; clk        ; 2.296  ; 2.805  ; Rise       ; clk             ;
;  frac[29]    ; clk        ; 1.818  ; 2.307  ; Rise       ; clk             ;
;  frac[30]    ; clk        ; 2.076  ; 2.575  ; Rise       ; clk             ;
;  frac[31]    ; clk        ; 1.981  ; 2.398  ; Rise       ; clk             ;
;  frac[32]    ; clk        ; 2.100  ; 2.629  ; Rise       ; clk             ;
;  frac[33]    ; clk        ; 1.777  ; 2.241  ; Rise       ; clk             ;
;  frac[34]    ; clk        ; 2.280  ; 2.752  ; Rise       ; clk             ;
;  frac[35]    ; clk        ; 0.377  ; 0.442  ; Rise       ; clk             ;
;  frac[36]    ; clk        ; 0.313  ; 0.373  ; Rise       ; clk             ;
;  frac[37]    ; clk        ; 0.379  ; 0.447  ; Rise       ; clk             ;
;  frac[38]    ; clk        ; 2.065  ; 2.522  ; Rise       ; clk             ;
;  frac[39]    ; clk        ; 2.011  ; 2.455  ; Rise       ; clk             ;
;  frac[40]    ; clk        ; 0.226  ; 0.325  ; Rise       ; clk             ;
;  frac[41]    ; clk        ; 2.140  ; 2.612  ; Rise       ; clk             ;
;  frac[42]    ; clk        ; 1.754  ; 2.247  ; Rise       ; clk             ;
;  frac[43]    ; clk        ; 1.760  ; 2.246  ; Rise       ; clk             ;
;  frac[44]    ; clk        ; 1.709  ; 2.192  ; Rise       ; clk             ;
;  frac[45]    ; clk        ; 2.431  ; 2.957  ; Rise       ; clk             ;
;  frac[46]    ; clk        ; 2.157  ; 2.637  ; Rise       ; clk             ;
;  frac[47]    ; clk        ; 2.436  ; 2.998  ; Rise       ; clk             ;
;  frac[48]    ; clk        ; 2.090  ; 2.544  ; Rise       ; clk             ;
;  frac[49]    ; clk        ; 2.450  ; 2.991  ; Rise       ; clk             ;
;  frac[50]    ; clk        ; 2.473  ; 2.975  ; Rise       ; clk             ;
;  frac[51]    ; clk        ; 2.154  ; 2.699  ; Rise       ; clk             ;
;  frac[52]    ; clk        ; 2.674  ; 3.214  ; Rise       ; clk             ;
;  frac[53]    ; clk        ; 2.072  ; 2.524  ; Rise       ; clk             ;
;  frac[54]    ; clk        ; 2.298  ; 2.805  ; Rise       ; clk             ;
; is_nar       ; clk        ; 1.783  ; 2.262  ; Rise       ; clk             ;
; is_zero      ; clk        ; 2.343  ; 2.885  ; Rise       ; clk             ;
; sf[*]        ; clk        ; 2.324  ; 2.843  ; Rise       ; clk             ;
;  sf[0]       ; clk        ; 2.208  ; 2.741  ; Rise       ; clk             ;
;  sf[1]       ; clk        ; 1.810  ; 2.289  ; Rise       ; clk             ;
;  sf[2]       ; clk        ; 2.041  ; 2.458  ; Rise       ; clk             ;
;  sf[3]       ; clk        ; 1.765  ; 2.212  ; Rise       ; clk             ;
;  sf[4]       ; clk        ; 2.117  ; 2.651  ; Rise       ; clk             ;
;  sf[5]       ; clk        ; 2.324  ; 2.843  ; Rise       ; clk             ;
;  sf[6]       ; clk        ; 2.135  ; 2.620  ; Rise       ; clk             ;
;  sf[7]       ; clk        ; 2.053  ; 2.527  ; Rise       ; clk             ;
;  sf[8]       ; clk        ; 2.258  ; 2.807  ; Rise       ; clk             ;
;  sf[9]       ; clk        ; 1.740  ; 2.203  ; Rise       ; clk             ;
; sign         ; clk        ; 2.455  ; 3.001  ; Rise       ; clk             ;
; sticky       ; clk        ; 2.147  ; 2.620  ; Rise       ; clk             ;
+--------------+------------+--------+--------+------------+-----------------+


+----------------------------------------------------------------------------+
; Hold Times                                                                 ;
+--------------+------------+--------+--------+------------+-----------------+
; Data Port    ; Clock Port ; Rise   ; Fall   ; Clock Edge ; Clock Reference ;
+--------------+------------+--------+--------+------------+-----------------+
; flags_in[*]  ; clk        ; -1.662 ; -2.106 ; Rise       ; clk             ;
;  flags_in[0] ; clk        ; -1.790 ; -2.285 ; Rise       ; clk             ;
;  flags_in[1] ; clk        ; -1.662 ; -2.106 ; Rise       ; clk             ;
;  flags_in[2] ; clk        ; -1.798 ; -2.304 ; Rise       ; clk             ;
;  flags_in[3] ; clk        ; -1.781 ; -2.293 ; Rise       ; clk             ;
;  flags_in[4] ; clk        ; -1.785 ; -2.281 ; Rise       ; clk             ;
; frac[*]      ; clk        ; 0.539  ; 0.413  ; Rise       ; clk             ;
;  frac[0]     ; clk        ; -2.086 ; -2.602 ; Rise       ; clk             ;
;  frac[1]     ; clk        ; -1.934 ; -2.505 ; Rise       ; clk             ;
;  frac[2]     ; clk        ; -2.007 ; -2.515 ; Rise       ; clk             ;
;  frac[3]     ; clk        ; -2.028 ; -2.504 ; Rise       ; clk             ;
;  frac[4]     ; clk        ; 0.204  ; 0.106  ; Rise       ; clk             ;
;  frac[5]     ; clk        ; -1.853 ; -2.313 ; Rise       ; clk             ;
;  frac[6]     ; clk        ; -1.725 ; -2.207 ; Rise       ; clk             ;
;  frac[7]     ; clk        ; -1.700 ; -2.223 ; Rise       ; clk             ;
;  frac[8]     ; clk        ; -1.895 ; -2.337 ; Rise       ; clk             ;
;  frac[9]     ; clk        ; -1.976 ; -2.510 ; Rise       ; clk             ;
;  frac[10]    ; clk        ; -2.064 ; -2.571 ; Rise       ; clk             ;
;  frac[11]    ; clk        ; -2.068 ; -2.633 ; Rise       ; clk             ;
;  frac[12]    ; clk        ; -1.909 ; -2.419 ; Rise       ; clk             ;
;  frac[13]    ; clk        ; -1.863 ; -2.334 ; Rise       ; clk             ;
;  frac[14]    ; clk        ; -1.829 ; -2.284 ; Rise       ; clk             ;
;  frac[15]    ; clk        ; -2.037 ; -2.586 ; Rise       ; clk             ;
;  frac[16]    ; clk        ; -1.801 ; -2.344 ; Rise       ; clk             ;
;  frac[17]    ; clk        ; -1.800 ; -2.344 ; Rise       ; clk             ;
;  frac[18]    ; clk        ; -1.701 ; -2.180 ; Rise       ; clk             ;
;  frac[19]    ; clk        ; -2.055 ; -2.588 ; Rise       ; clk             ;
;  frac[20]    ; clk        ; -1.971 ; -2.481 ; Rise       ; clk             ;
;  frac[21]    ; clk        ; -1.650 ; -2.123 ; Rise       ; clk             ;
;  frac[22]    ; clk        ; -1.758 ; -2.271 ; Rise       ; clk             ;
;  frac[23]    ; clk        ; 0.539  ; 0.413  ; Rise       ; clk             ;
;  frac[24]    ; clk        ; -1.611 ; -2.055 ; Rise       ; clk             ;
;  frac[25]    ; clk        ; 0.287  ; 0.165  ; Rise       ; clk             ;
;  frac[26]    ; clk        ; -1.955 ; -2.405 ; Rise       ; clk             ;
;  frac[27]    ; clk        ; -1.675 ; -2.092 ; Rise       ; clk             ;
;  frac[28]    ; clk        ; -1.903 ; -2.399 ; Rise       ; clk             ;
;  frac[29]    ; clk        ; -1.444 ; -1.922 ; Rise       ; clk             ;
;  frac[30]    ; clk        ; -1.692 ; -2.179 ; Rise       ; clk             ;
;  frac[31]    ; clk        ; -1.605 ; -2.010 ; Rise       ; clk             ;
;  frac[32]    ; clk        ; -1.716 ; -2.231 ; Rise       ; clk             ;
;  frac[33]    ; clk        ; -1.405 ; -1.858 ; Rise       ; clk             ;
;  frac[34]    ; clk        ; -1.888 ; -2.349 ; Rise       ; clk             ;
;  frac[35]    ; clk        ; -0.070 ; -0.138 ; Rise       ; clk             ;
;  frac[36]    ; clk        ; -0.009 ; -0.073 ; Rise       ; clk             ;
;  frac[37]    ; clk        ; -0.072 ; -0.143 ; Rise       ; clk             ;
;  frac[38]    ; clk        ; -1.685 ; -2.129 ; Rise       ; clk             ;
;  frac[39]    ; clk        ; -1.633 ; -2.064 ; Rise       ; clk             ;
;  frac[40]    ; clk        ; 0.075  ; -0.027 ; Rise       ; clk             ;
;  frac[41]    ; clk        ; -1.757 ; -2.215 ; Rise       ; clk             ;
;  frac[42]    ; clk        ; -1.383 ; -1.864 ; Rise       ; clk             ;
;  frac[43]    ; clk        ; -1.389 ; -1.862 ; Rise       ; clk             ;
;  frac[44]    ; clk        ; -1.340 ; -1.811 ; Rise       ; clk             ;
;  frac[45]    ; clk        ; -2.033 ; -2.546 ; Rise       ; clk             ;
;  frac[46]    ; clk        ; -1.773 ; -2.239 ; Rise       ; clk             ;
;  frac[47]    ; clk        ; -2.038 ; -2.585 ; Rise       ; clk             ;
;  frac[48]    ; clk        ; -1.710 ; -2.151 ; Rise       ; clk             ;
;  frac[49]    ; clk        ; -2.052 ; -2.579 ; Rise       ; clk             ;
;  frac[50]    ; clk        ; -2.077 ; -2.565 ; Rise       ; clk             ;
;  frac[51]    ; clk        ; -1.768 ; -2.298 ; Rise       ; clk             ;
;  frac[52]    ; clk        ; -2.267 ; -2.793 ; Rise       ; clk             ;
;  frac[53]    ; clk        ; -1.693 ; -2.132 ; Rise       ; clk             ;
;  frac[54]    ; clk        ; -1.907 ; -2.400 ; Rise       ; clk             ;
; is_nar       ; clk        ; -1.412 ; -1.879 ; Rise       ; clk             ;
; is_zero      ; clk        ; -1.949 ; -2.477 ; Rise       ; clk             ;
; sf[*]        ; clk        ; -1.369 ; -1.822 ; Rise       ; clk             ;
;  sf[0]       ; clk        ; -1.820 ; -2.339 ; Rise       ; clk             ;
;  sf[1]       ; clk        ; -1.437 ; -1.905 ; Rise       ; clk             ;
;  sf[2]       ; clk        ; -1.662 ; -2.068 ; Rise       ; clk             ;
;  sf[3]       ; clk        ; -1.398 ; -1.832 ; Rise       ; clk             ;
;  sf[4]       ; clk        ; -1.732 ; -2.252 ; Rise       ; clk             ;
;  sf[5]       ; clk        ; -1.922 ; -2.415 ; Rise       ; clk             ;
;  sf[6]       ; clk        ; -1.752 ; -2.223 ; Rise       ; clk             ;
;  sf[7]       ; clk        ; -1.671 ; -2.134 ; Rise       ; clk             ;
;  sf[8]       ; clk        ; -1.868 ; -2.403 ; Rise       ; clk             ;
;  sf[9]       ; clk        ; -1.369 ; -1.822 ; Rise       ; clk             ;
; sign         ; clk        ; -2.056 ; -2.587 ; Rise       ; clk             ;
; sticky       ; clk        ; -1.764 ; -2.223 ; Rise       ; clk             ;
+--------------+------------+--------+--------+------------+-----------------+


+-----------------------------------------------------------------------+
; Clock to Output Times                                                 ;
+-----------+------------+-------+-------+------------+-----------------+
; Data Port ; Clock Port ; Rise  ; Fall  ; Clock Edge ; Clock Reference ;
+-----------+------------+-------+-------+------------+-----------------+
; d[*]      ; clk        ; 7.960 ; 8.081 ; Rise       ; clk             ;
;  d[0]     ; clk        ; 5.871 ; 5.901 ; Rise       ; clk             ;
;  d[1]     ; clk        ; 5.898 ; 5.956 ; Rise       ; clk             ;
;  d[2]     ; clk        ; 6.375 ; 6.425 ; Rise       ; clk             ;
;  d[3]     ; clk        ; 6.593 ; 6.616 ; Rise       ; clk             ;
;  d[4]     ; clk        ; 6.168 ; 6.212 ; Rise       ; clk             ;
;  d[5]     ; clk        ; 6.646 ; 6.722 ; Rise       ; clk             ;
;  d[6]     ; clk        ; 7.328 ; 7.432 ; Rise       ; clk             ;
;  d[7]     ; clk        ; 6.497 ; 6.588 ; Rise       ; clk             ;
;  d[8]     ; clk        ; 6.369 ; 6.444 ; Rise       ; clk             ;
;  d[9]     ; clk        ; 7.892 ; 7.938 ; Rise       ; clk             ;
;  d[10]    ; clk        ; 7.495 ; 7.587 ; Rise       ; clk             ;
;  d[11]    ; clk        ; 7.292 ; 7.279 ; Rise       ; clk             ;
;  d[12]    ; clk        ; 6.087 ; 6.129 ; Rise       ; clk             ;
;  d[13]    ; clk        ; 6.409 ; 6.457 ; Rise       ; clk             ;
;  d[14]    ; clk        ; 5.896 ; 5.956 ; Rise       ; clk             ;
;  d[15]    ; clk        ; 6.316 ; 6.305 ; Rise       ; clk             ;
;  d[16]    ; clk        ; 6.920 ; 7.014 ; Rise       ; clk             ;
;  d[17]    ; clk        ; 6.222 ; 6.230 ; Rise       ; clk             ;
;  d[18]    ; clk        ; 5.901 ; 5.937 ; Rise       ; clk             ;
;  d[19]    ; clk        ; 6.533 ; 6.558 ; Rise       ; clk             ;
;  d[20]    ; clk        ; 6.492 ; 6.534 ; Rise       ; clk             ;
;  d[21]    ; clk        ; 7.425 ; 7.498 ; Rise       ; clk             ;
;  d[22]    ; clk        ; 6.572 ; 6.642 ; Rise       ; clk             ;
;  d[23]    ; clk        ; 7.960 ; 8.081 ; Rise       ; clk             ;
;  d[24]    ; clk        ; 6.618 ; 6.659 ; Rise       ; clk             ;
;  d[25]    ; clk        ; 6.271 ; 6.342 ; Rise       ; clk             ;
;  d[26]    ; clk        ; 7.621 ; 7.720 ; Rise       ; clk             ;
;  d[27]    ; clk        ; 7.183 ; 7.249 ; Rise       ; clk             ;
;  d[28]    ; clk        ; 6.722 ; 6.804 ; Rise       ; clk             ;
;  d[29]    ; clk        ; 6.179 ; 6.245 ; Rise       ; clk             ;
;  d[30]    ; clk        ; 6.393 ; 6.458 ; Rise       ; clk             ;
;  d[31]    ; clk        ; 6.615 ; 6.610 ; Rise       ; clk             ;
; flags[*]  ; clk        ; 6.891 ; 6.961 ; Rise       ; clk             ;
;  flags[0] ; clk        ; 6.891 ; 6.961 ; Rise       ; clk             ;
;  flags[1] ; clk        ; 6.022 ; 6.034 ; Rise       ; clk             ;
;  flags[2] ; clk        ; 6.643 ; 6.723 ; Rise       ; clk             ;
;  flags[3] ; clk        ; 6.667 ; 6.698 ; Rise       ; clk             ;
;  flags[4] ; clk        ; 6.888 ; 6.961 ; Rise       ; clk             ;
; out_valid ; clk        ; 6.300 ; 6.299 ; Rise       ; clk             ;
+-----------+------------+-------+-------+------------+-----------------+


+-----------------------------------------------------------------------+
; Minimum Clock to Output Times                                         ;
+-----------+------------+-------+-------+------------+-----------------+
; Data Port ; Clock Port ; Rise  ; Fall  ; Clock Edge ; Clock Reference ;
+-----------+------------+-------+-------+------------+-----------------+
; d[*]      ; clk        ; 5.681 ; 5.708 ; Rise       ; clk             ;
;  d[0]     ; clk        ; 5.681 ; 5.708 ; Rise       ; clk             ;
;  d[1]     ; clk        ; 5.704 ; 5.759 ; Rise       ; clk             ;
;  d[2]     ; clk        ; 6.163 ; 6.209 ; Rise       ; clk             ;
;  d[3]     ; clk        ; 6.372 ; 6.393 ; Rise       ; clk             ;
;  d[4]     ; clk        ; 5.965 ; 6.007 ; Rise       ; clk             ;
;  d[5]     ; clk        ; 6.423 ; 6.494 ; Rise       ; clk             ;
;  d[6]     ; clk        ; 7.127 ; 7.229 ; Rise       ; clk             ;
;  d[7]     ; clk        ; 6.281 ; 6.367 ; Rise       ; clk             ;
;  d[8]     ; clk        ; 6.155 ; 6.226 ; Rise       ; clk             ;
;  d[9]     ; clk        ; 7.619 ; 7.662 ; Rise       ; clk             ;
;  d[10]    ; clk        ; 7.236 ; 7.324 ; Rise       ; clk             ;
;  d[11]    ; clk        ; 7.043 ; 7.030 ; Rise       ; clk             ;
;  d[12]    ; clk        ; 5.888 ; 5.927 ; Rise       ; clk             ;
;  d[13]    ; clk        ; 6.197 ; 6.242 ; Rise       ; clk             ;
;  d[14]    ; clk        ; 5.702 ; 5.759 ; Rise       ; clk             ;
;  d[15]    ; clk        ; 6.105 ; 6.094 ; Rise       ; clk             ;
;  d[16]    ; clk        ; 6.686 ; 6.774 ; Rise       ; clk             ;
;  d[17]    ; clk        ; 6.018 ; 6.024 ; Rise       ; clk             ;
;  d[18]    ; clk        ; 5.708 ; 5.740 ; Rise       ; clk             ;
;  d[19]    ; clk        ; 6.314 ; 6.337 ; Rise       ; clk             ;
;  d[20]    ; clk        ; 6.277 ; 6.315 ; Rise       ; clk             ;
;  d[21]    ; clk        ; 7.170 ; 7.239 ; Rise       ; clk             ;
;  d[22]    ; clk        ; 6.351 ; 6.417 ; Rise       ; clk             ;
;  d[23]    ; clk        ; 7.736 ; 7.853 ; Rise       ; clk             ;
;  d[24]    ; clk        ; 6.397 ; 6.436 ; Rise       ; clk             ;
;  d[25]    ; clk        ; 6.060 ; 6.128 ; Rise       ; clk             ;
;  d[26]    ; clk        ; 7.410 ; 7.507 ; Rise       ; clk             ;
;  d[27]    ; clk        ; 6.938 ; 7.000 ; Rise       ; clk             ;
;  d[28]    ; clk        ; 6.496 ; 6.573 ; Rise       ; clk             ;
;  d[29]    ; clk        ; 5.975 ; 6.038 ; Rise       ; clk             ;
;  d[30]    ; clk        ; 6.180 ; 6.241 ; Rise       ; clk             ;
;  d[31]    ; clk        ; 6.394 ; 6.388 ; Rise       ; clk             ;
; flags[*]  ; clk        ; 5.825 ; 5.836 ; Rise       ; clk             ;
;  flags[0] ; clk        ; 6.658 ; 6.723 ; Rise       ; clk             ;
;  flags[1] ; clk        ; 5.825 ; 5.836 ; Rise       ; clk             ;
;  flags[2] ; clk        ; 6.420 ; 6.496 ; Rise       ; clk             ;
;  flags[3] ; clk        ; 6.443 ; 6.471 ; Rise       ; clk             ;
;  flags[4] ; clk        ; 6.657 ; 6.726 ; Rise       ; clk             ;
; out_valid ; clk        ; 6.091 ; 6.088 ; Rise       ; clk             ;
+-----------+------------+-------+-------+------------+-----------------+


----------------------------------------------
; Slow 1200mV 85C Model Metastability Report ;
----------------------------------------------
No synchronizer chains to report.


+--------------------------------------------------+
; Slow 1200mV 0C Model Fmax Summary                ;
+------------+-----------------+------------+------+
; Fmax       ; Restricted Fmax ; Clock Name ; Note ;
+------------+-----------------+------------+------+
; 111.19 MHz ; 111.19 MHz      ; clk        ;      ;
+------------+-----------------+------------+------+
This panel reports FMAX for every clock in the design, regardless of the user-specified clock periods.  FMAX is only computed for paths where the source and destination registers or ports are driven by the same clock.  Paths of different clocks, including generated clocks, are ignored.  For paths between a clock and its inversion, FMAX is computed as if the rising and falling edges are scaled along with FMAX, such that the duty cycle (in terms of a percentage) is maintained. Altera recommends that you always use clock constraints and other slack reports for sign-off analysis.


+------------------------------------+
; Slow 1200mV 0C Model Setup Summary ;
+-------+-------+--------------------+
; Clock ; Slack ; End Point TNS      ;
+-------+-------+--------------------+
; clk   ; 1.006 ; 0.000              ;
+-------+-------+--------------------+


+-----------------------------------+
; Slow 1200mV 0C Model Hold Summary ;
+-------+-------+-------------------+
; Clock ; Slack ; End Point TNS     ;
+-------+-------+-------------------+
; clk   ; 0.339 ; 0.000             ;
+-------+-------+-------------------+


+---------------------------------------+
; Slow 1200mV 0C Model Recovery Summary ;
+-------+-------+-----------------------+
; Clock ; Slack ; End Point TNS         ;
+-------+-------+-----------------------+
; clk   ; 7.421 ; 0.000                 ;
+-------+-------+-----------------------+


+--------------------------------------+
; Slow 1200mV 0C Model Removal Summary ;
+-------+-------+----------------------+
; Clock ; Slack ; End Point TNS        ;
+-------+-------+----------------------+
; clk   ; 1.819 ; 0.000                ;
+-------+-------+----------------------+


+--------------------------------------------------+
; Slow 1200mV 0C Model Minimum Pulse Width Summary ;
+-------+-------+----------------------------------+
; Clock ; Slack ; End Point TNS                    ;
+-------+-------+----------------------------------+
; clk   ; 4.696 ; 0.000                            ;
+-------+-------+----------------------------------+


+----------------------------------------------------------------------------------------------------------------------------------------------------------------+
; Slow 1200mV 0C Model Setup: 'clk'                                                                                                                              ;
+-------+----------------------------------------------+-----------------------------------+--------------+-------------+--------------+------------+------------+
; Slack ; From Node                                    ; To Node                           ; Launch Clock ; Latch Clock ; Relationship ; Clock Skew ; Data Delay ;
+-------+----------------------------------------------+-----------------------------------+--------------+-------------+--------------+------------+------------+
; 1.006 ; posit_pack:u_packer|g_rne.p1_mag_trunc_q[0]  ; posit_pack:u_packer|g_rne.d_q[31] ; clk          ; clk         ; 10.000       ; -0.077     ; 8.912      ;
; 1.024 ; posit_pack:u_packer|g_rne.p1_round_bit_q     ; posit_pack:u_packer|g_rne.d_q[31] ; clk          ; clk         ; 10.000       ; -0.077     ; 8.894      ;
; 1.118 ; posit_pack:u_packer|g_rne.p1_guard_bit_q     ; posit_pack:u_packer|g_rne.d_q[31] ; clk          ; clk         ; 10.000       ; -0.077     ; 8.800      ;
; 1.248 ; posit_pack:u_packer|g_rne.p1_sticky_bit_q    ; posit_pack:u_packer|g_rne.d_q[31] ; clk          ; clk         ; 10.000       ; -0.077     ; 8.670      ;
; 1.406 ; posit_pack:u_packer|g_rne.p1_mag_trunc_q[0]  ; posit_pack:u_packer|g_rne.d_q[30] ; clk          ; clk         ; 10.000       ; 0.211      ; 8.800      ;
; 1.424 ; posit_pack:u_packer|g_rne.p1_round_bit_q     ; posit_pack:u_packer|g_rne.d_q[30] ; clk          ; clk         ; 10.000       ; 0.211      ; 8.782      ;
; 1.518 ; posit_pack:u_packer|g_rne.p1_guard_bit_q     ; posit_pack:u_packer|g_rne.d_q[30] ; clk          ; clk         ; 10.000       ; 0.211      ; 8.688      ;
; 1.574 ; posit_pack:u_packer|g_rne.p1_mag_trunc_q[1]  ; posit_pack:u_packer|g_rne.d_q[31] ; clk          ; clk         ; 10.000       ; -0.077     ; 8.344      ;
; 1.599 ; posit_pack:u_packer|g_rne.p1_mag_trunc_q[0]  ; posit_pack:u_packer|g_rne.d_q[28] ; clk          ; clk         ; 10.000       ; 0.211      ; 8.607      ;
; 1.617 ; posit_pack:u_packer|g_rne.p1_round_bit_q     ; posit_pack:u_packer|g_rne.d_q[28] ; clk          ; clk         ; 10.000       ; 0.211      ; 8.589      ;
; 1.648 ; posit_pack:u_packer|g_rne.p1_sticky_bit_q    ; posit_pack:u_packer|g_rne.d_q[30] ; clk          ; clk         ; 10.000       ; 0.211      ; 8.558      ;
; 1.656 ; posit_pack:u_packer|g_rne.p1_mag_trunc_q[0]  ; posit_pack:u_packer|g_rne.d_q[29] ; clk          ; clk         ; 10.000       ; 0.211      ; 8.550      ;
; 1.672 ; posit_pack:u_packer|g_rne.p1_mag_trunc_q[3]  ; posit_pack:u_packer|g_rne.d_q[31] ; clk          ; clk         ; 10.000       ; -0.077     ; 8.246      ;
; 1.674 ; posit_pack:u_packer|g_rne.p1_round_bit_q     ; posit_pack:u_packer|g_rne.d_q[29] ; clk          ; clk         ; 10.000       ; 0.211      ; 8.532      ;
; 1.711 ; posit_pack:u_packer|g_rne.p1_guard_bit_q     ; posit_pack:u_packer|g_rne.d_q[28] ; clk          ; clk         ; 10.000       ; 0.211      ; 8.495      ;
; 1.739 ; posit_pack:u_packer|g_rne.p1_mag_trunc_q[2]  ; posit_pack:u_packer|g_rne.d_q[31] ; clk          ; clk         ; 10.000       ; -0.077     ; 8.179      ;
; 1.768 ; posit_pack:u_packer|g_rne.p1_guard_bit_q     ; posit_pack:u_packer|g_rne.d_q[29] ; clk          ; clk         ; 10.000       ; 0.211      ; 8.438      ;
; 1.771 ; posit_pack:u_packer|g_rne.p1_mag_trunc_q[5]  ; posit_pack:u_packer|g_rne.d_q[31] ; clk          ; clk         ; 10.000       ; -0.077     ; 8.147      ;
; 1.838 ; posit_pack:u_packer|g_rne.p1_mag_trunc_q[4]  ; posit_pack:u_packer|g_rne.d_q[31] ; clk          ; clk         ; 10.000       ; -0.077     ; 8.080      ;
; 1.841 ; posit_pack:u_packer|g_rne.p1_sticky_bit_q    ; posit_pack:u_packer|g_rne.d_q[28] ; clk          ; clk         ; 10.000       ; 0.211      ; 8.365      ;
; 1.871 ; posit_pack:u_packer|g_rne.p1_mag_trunc_q[7]  ; posit_pack:u_packer|g_rne.d_q[31] ; clk          ; clk         ; 10.000       ; -0.077     ; 8.047      ;
; 1.877 ; posit_pack:u_packer|g_rne.p1_mag_trunc_q[0]  ; posit_pack:u_packer|g_rne.d_q[18] ; clk          ; clk         ; 10.000       ; 0.271      ; 8.389      ;
; 1.877 ; posit_pack:u_packer|g_rne.p1_mag_trunc_q[0]  ; posit_pack:u_packer|g_rne.d_q[27] ; clk          ; clk         ; 10.000       ; 0.211      ; 8.329      ;
; 1.887 ; posit_pack:u_packer|g_rne.p1_mag_trunc_q[0]  ; posit_pack:u_packer|g_rne.d_q[26] ; clk          ; clk         ; 10.000       ; 0.234      ; 8.342      ;
; 1.895 ; posit_pack:u_packer|g_rne.p1_round_bit_q     ; posit_pack:u_packer|g_rne.d_q[18] ; clk          ; clk         ; 10.000       ; 0.271      ; 8.371      ;
; 1.895 ; posit_pack:u_packer|g_rne.p1_round_bit_q     ; posit_pack:u_packer|g_rne.d_q[27] ; clk          ; clk         ; 10.000       ; 0.211      ; 8.311      ;
; 1.898 ; posit_pack:u_packer|g_rne.p1_sticky_bit_q    ; posit_pack:u_packer|g_rne.d_q[29] ; clk          ; clk         ; 10.000       ; 0.211      ; 8.308      ;
; 1.905 ; posit_pack:u_packer|g_rne.p1_round_bit_q     ; posit_pack:u_packer|g_rne.d_q[26] ; clk          ; clk         ; 10.000       ; 0.234      ; 8.324      ;
; 1.940 ; posit_pack:u_packer|g_rne.p1_mag_trunc_q[6]  ; posit_pack:u_packer|g_rne.d_q[31] ; clk          ; clk         ; 10.000       ; -0.077     ; 7.978      ;
; 1.970 ; posit_pack:u_packer|g_rne.p1_mag_trunc_q[9]  ; posit_pack:u_packer|g_rne.d_q[31] ; clk          ; clk         ; 10.000       ; -0.077     ; 7.948      ;
; 1.974 ; posit_pack:u_packer|g_rne.p1_mag_trunc_q[1]  ; posit_pack:u_packer|g_rne.d_q[30] ; clk          ; clk         ; 10.000       ; 0.211      ; 8.232      ;
; 1.978 ; posit_pack:u_packer|g_rne.p1_mag_trunc_q[0]  ; posit_pack:u_packer|g_rne.d_q[16] ; clk          ; clk         ; 10.000       ; 0.246      ; 8.263      ;
; 1.981 ; posit_pack:u_packer|g_rne.p1_mag_trunc_q[0]  ; posit_pack:u_packer|g_rne.d_q[25] ; clk          ; clk         ; 10.000       ; 0.211      ; 8.225      ;
; 1.989 ; posit_pack:u_packer|g_rne.p1_guard_bit_q     ; posit_pack:u_packer|g_rne.d_q[18] ; clk          ; clk         ; 10.000       ; 0.271      ; 8.277      ;
; 1.989 ; posit_pack:u_packer|g_rne.p1_guard_bit_q     ; posit_pack:u_packer|g_rne.d_q[27] ; clk          ; clk         ; 10.000       ; 0.211      ; 8.217      ;
; 1.996 ; posit_pack:u_packer|g_rne.p1_round_bit_q     ; posit_pack:u_packer|g_rne.d_q[16] ; clk          ; clk         ; 10.000       ; 0.246      ; 8.245      ;
; 1.999 ; posit_pack:u_packer|g_rne.p1_guard_bit_q     ; posit_pack:u_packer|g_rne.d_q[26] ; clk          ; clk         ; 10.000       ; 0.234      ; 8.230      ;
; 1.999 ; posit_pack:u_packer|g_rne.p1_round_bit_q     ; posit_pack:u_packer|g_rne.d_q[25] ; clk          ; clk         ; 10.000       ; 0.211      ; 8.207      ;
; 2.041 ; posit_pack:u_packer|g_rne.p1_mag_trunc_q[8]  ; posit_pack:u_packer|g_rne.d_q[31] ; clk          ; clk         ; 10.000       ; -0.077     ; 7.877      ;
; 2.058 ; posit_pack:u_packer|g_rne.p1_mag_trunc_q[0]  ; posit_pack:u_packer|g_rne.d_q[22] ; clk          ; clk         ; 10.000       ; 0.234      ; 8.171      ;
; 2.071 ; posit_pack:u_packer|g_rne.p1_mag_trunc_q[0]  ; posit_pack:u_packer|g_rne.d_q[23] ; clk          ; clk         ; 10.000       ; 0.211      ; 8.135      ;
; 2.072 ; posit_pack:u_packer|g_rne.p1_mag_trunc_q[11] ; posit_pack:u_packer|g_rne.d_q[31] ; clk          ; clk         ; 10.000       ; -0.077     ; 7.846      ;
; 2.072 ; posit_pack:u_packer|g_rne.p1_mag_trunc_q[3]  ; posit_pack:u_packer|g_rne.d_q[30] ; clk          ; clk         ; 10.000       ; 0.211      ; 8.134      ;
; 2.076 ; posit_pack:u_packer|g_rne.p1_round_bit_q     ; posit_pack:u_packer|g_rne.d_q[22] ; clk          ; clk         ; 10.000       ; 0.234      ; 8.153      ;
; 2.088 ; posit_pack:u_packer|g_rne.p1_mag_trunc_q[0]  ; posit_pack:u_packer|g_rne.d_q[24] ; clk          ; clk         ; 10.000       ; 0.234      ; 8.141      ;
; 2.089 ; posit_pack:u_packer|g_rne.p1_round_bit_q     ; posit_pack:u_packer|g_rne.d_q[23] ; clk          ; clk         ; 10.000       ; 0.211      ; 8.117      ;
; 2.090 ; posit_pack:u_packer|g_rne.p1_guard_bit_q     ; posit_pack:u_packer|g_rne.d_q[16] ; clk          ; clk         ; 10.000       ; 0.246      ; 8.151      ;
; 2.093 ; posit_pack:u_packer|g_rne.p1_guard_bit_q     ; posit_pack:u_packer|g_rne.d_q[25] ; clk          ; clk         ; 10.000       ; 0.211      ; 8.113      ;
; 2.106 ; posit_pack:u_packer|g_rne.p1_round_bit_q     ; posit_pack:u_packer|g_rne.d_q[24] ; clk          ; clk         ; 10.000       ; 0.234      ; 8.123      ;
; 2.119 ; posit_pack:u_packer|g_rne.p1_sticky_bit_q    ; posit_pack:u_packer|g_rne.d_q[18] ; clk          ; clk         ; 10.000       ; 0.271      ; 8.147      ;
; 2.119 ; posit_pack:u_packer|g_rne.p1_sticky_bit_q    ; posit_pack:u_packer|g_rne.d_q[27] ; clk          ; clk         ; 10.000       ; 0.211      ; 8.087      ;
; 2.129 ; posit_pack:u_packer|g_rne.p1_sticky_bit_q    ; posit_pack:u_packer|g_rne.d_q[26] ; clk          ; clk         ; 10.000       ; 0.234      ; 8.100      ;
; 2.139 ; posit_pack:u_packer|g_rne.p1_mag_trunc_q[2]  ; posit_pack:u_packer|g_rne.d_q[30] ; clk          ; clk         ; 10.000       ; 0.211      ; 8.067      ;
; 2.141 ; posit_pack:u_packer|g_rne.p1_mag_trunc_q[10] ; posit_pack:u_packer|g_rne.d_q[31] ; clk          ; clk         ; 10.000       ; -0.077     ; 7.777      ;
; 2.157 ; posit_pack:u_packer|g_rne.p1_mag_trunc_q[0]  ; posit_pack:u_packer|g_rne.d_q[20] ; clk          ; clk         ; 10.000       ; 0.234      ; 8.072      ;
; 2.166 ; posit_pack:u_packer|g_rne.p1_mag_trunc_q[0]  ; posit_pack:u_packer|g_rne.d_q[21] ; clk          ; clk         ; 10.000       ; 0.211      ; 8.040      ;
; 2.167 ; posit_pack:u_packer|g_rne.p1_mag_trunc_q[1]  ; posit_pack:u_packer|g_rne.d_q[28] ; clk          ; clk         ; 10.000       ; 0.211      ; 8.039      ;
; 2.170 ; posit_pack:u_packer|g_rne.p1_guard_bit_q     ; posit_pack:u_packer|g_rne.d_q[22] ; clk          ; clk         ; 10.000       ; 0.234      ; 8.059      ;
; 2.171 ; posit_pack:u_packer|g_rne.p1_mag_trunc_q[5]  ; posit_pack:u_packer|g_rne.d_q[30] ; clk          ; clk         ; 10.000       ; 0.211      ; 8.035      ;
; 2.174 ; posit_pack:u_packer|g_rne.p1_mag_trunc_q[13] ; posit_pack:u_packer|g_rne.d_q[31] ; clk          ; clk         ; 10.000       ; -0.077     ; 7.744      ;
; 2.175 ; posit_pack:u_packer|g_rne.p1_round_bit_q     ; posit_pack:u_packer|g_rne.d_q[20] ; clk          ; clk         ; 10.000       ; 0.234      ; 8.054      ;
; 2.179 ; posit_pack:u_packer|g_rne.p1_mag_trunc_q[0]  ; posit_pack:u_packer|g_rne.d_q[15] ; clk          ; clk         ; 10.000       ; 0.234      ; 8.050      ;
; 2.183 ; posit_pack:u_packer|g_rne.p1_mag_trunc_q[0]  ; posit_pack:u_packer|g_rne.d_q[12] ; clk          ; clk         ; 10.000       ; 0.246      ; 8.058      ;
; 2.183 ; posit_pack:u_packer|g_rne.p1_guard_bit_q     ; posit_pack:u_packer|g_rne.d_q[23] ; clk          ; clk         ; 10.000       ; 0.211      ; 8.023      ;
; 2.184 ; posit_pack:u_packer|g_rne.p1_round_bit_q     ; posit_pack:u_packer|g_rne.d_q[21] ; clk          ; clk         ; 10.000       ; 0.211      ; 8.022      ;
; 2.197 ; posit_pack:u_packer|g_rne.p1_round_bit_q     ; posit_pack:u_packer|g_rne.d_q[15] ; clk          ; clk         ; 10.000       ; 0.234      ; 8.032      ;
; 2.200 ; posit_pack:u_packer|g_rne.p1_guard_bit_q     ; posit_pack:u_packer|g_rne.d_q[24] ; clk          ; clk         ; 10.000       ; 0.234      ; 8.029      ;
; 2.201 ; posit_pack:u_packer|g_rne.p1_round_bit_q     ; posit_pack:u_packer|g_rne.d_q[12] ; clk          ; clk         ; 10.000       ; 0.246      ; 8.040      ;
; 2.220 ; posit_pack:u_packer|g_rne.p1_sticky_bit_q    ; posit_pack:u_packer|g_rne.d_q[16] ; clk          ; clk         ; 10.000       ; 0.246      ; 8.021      ;
; 2.223 ; posit_pack:u_packer|g_rne.p1_sticky_bit_q    ; posit_pack:u_packer|g_rne.d_q[25] ; clk          ; clk         ; 10.000       ; 0.211      ; 7.983      ;
; 2.224 ; posit_pack:u_packer|g_rne.p1_mag_trunc_q[1]  ; posit_pack:u_packer|g_rne.d_q[29] ; clk          ; clk         ; 10.000       ; 0.211      ; 7.982      ;
; 2.227 ; posit_pack:u_packer|g_rne.p1_mag_trunc_q[0]  ; posit_pack:u_packer|g_rne.d_q[13] ; clk          ; clk         ; 10.000       ; 0.211      ; 7.979      ;
; 2.238 ; posit_pack:u_packer|g_rne.p1_mag_trunc_q[12] ; posit_pack:u_packer|g_rne.d_q[31] ; clk          ; clk         ; 10.000       ; -0.077     ; 7.680      ;
; 2.238 ; posit_pack:u_packer|g_rne.p1_mag_trunc_q[4]  ; posit_pack:u_packer|g_rne.d_q[30] ; clk          ; clk         ; 10.000       ; 0.211      ; 7.968      ;
; 2.245 ; posit_pack:u_packer|g_rne.p1_round_bit_q     ; posit_pack:u_packer|g_rne.d_q[13] ; clk          ; clk         ; 10.000       ; 0.211      ; 7.961      ;
; 2.256 ; posit_pack:u_packer|g_rne.p1_mag_trunc_q[0]  ; posit_pack:u_packer|g_rne.d_q[4]  ; clk          ; clk         ; 10.000       ; -0.066     ; 7.673      ;
; 2.265 ; posit_pack:u_packer|g_rne.p1_mag_trunc_q[3]  ; posit_pack:u_packer|g_rne.d_q[28] ; clk          ; clk         ; 10.000       ; 0.211      ; 7.941      ;
; 2.269 ; posit_pack:u_packer|g_rne.p1_guard_bit_q     ; posit_pack:u_packer|g_rne.d_q[20] ; clk          ; clk         ; 10.000       ; 0.234      ; 7.960      ;
; 2.271 ; posit_pack:u_packer|g_rne.p1_mag_trunc_q[7]  ; posit_pack:u_packer|g_rne.d_q[30] ; clk          ; clk         ; 10.000       ; 0.211      ; 7.935      ;
; 2.274 ; posit_pack:u_packer|g_rne.p1_round_bit_q     ; posit_pack:u_packer|g_rne.d_q[4]  ; clk          ; clk         ; 10.000       ; -0.066     ; 7.655      ;
; 2.276 ; posit_pack:u_packer|g_rne.p1_mag_trunc_q[0]  ; posit_pack:u_packer|g_rne.d_q[6]  ; clk          ; clk         ; 10.000       ; -0.066     ; 7.653      ;
; 2.276 ; posit_pack:u_packer|g_rne.p1_mag_trunc_q[15] ; posit_pack:u_packer|g_rne.d_q[31] ; clk          ; clk         ; 10.000       ; -0.077     ; 7.642      ;
; 2.278 ; posit_pack:u_packer|g_rne.p1_guard_bit_q     ; posit_pack:u_packer|g_rne.d_q[21] ; clk          ; clk         ; 10.000       ; 0.211      ; 7.928      ;
; 2.291 ; posit_pack:u_packer|g_rne.p1_guard_bit_q     ; posit_pack:u_packer|g_rne.d_q[15] ; clk          ; clk         ; 10.000       ; 0.234      ; 7.938      ;
; 2.294 ; posit_pack:u_packer|g_rne.p1_mag_trunc_q[0]  ; posit_pack:u_packer|g_rne.d_q[19] ; clk          ; clk         ; 10.000       ; 0.234      ; 7.935      ;
; 2.294 ; posit_pack:u_packer|g_rne.p1_round_bit_q     ; posit_pack:u_packer|g_rne.d_q[6]  ; clk          ; clk         ; 10.000       ; -0.066     ; 7.635      ;
; 2.295 ; posit_pack:u_packer|g_rne.p1_guard_bit_q     ; posit_pack:u_packer|g_rne.d_q[12] ; clk          ; clk         ; 10.000       ; 0.246      ; 7.946      ;
; 2.300 ; posit_pack:u_packer|g_rne.p1_sticky_bit_q    ; posit_pack:u_packer|g_rne.d_q[22] ; clk          ; clk         ; 10.000       ; 0.234      ; 7.929      ;
; 2.309 ; posit_pack:u_packer|g_rne.p1_mag_trunc_q[0]  ; posit_pack:u_packer|g_rne.d_q[8]  ; clk          ; clk         ; 10.000       ; -0.066     ; 7.620      ;
; 2.312 ; posit_pack:u_packer|g_rne.p1_round_bit_q     ; posit_pack:u_packer|g_rne.d_q[19] ; clk          ; clk         ; 10.000       ; 0.234      ; 7.917      ;
; 2.313 ; posit_pack:u_packer|g_rne.p1_sticky_bit_q    ; posit_pack:u_packer|g_rne.d_q[23] ; clk          ; clk         ; 10.000       ; 0.211      ; 7.893      ;
; 2.315 ; posit_pack:u_packer|g_rne.p1_mag_trunc_q[0]  ; posit_pack:u_packer|g_rne.d_q[14] ; clk          ; clk         ; 10.000       ; 0.246      ; 7.926      ;
; 2.322 ; posit_pack:u_packer|g_rne.p1_mag_trunc_q[3]  ; posit_pack:u_packer|g_rne.d_q[29] ; clk          ; clk         ; 10.000       ; 0.211      ; 7.884      ;
; 2.327 ; posit_pack:u_packer|g_rne.p1_round_bit_q     ; posit_pack:u_packer|g_rne.d_q[8]  ; clk          ; clk         ; 10.000       ; -0.066     ; 7.602      ;
; 2.330 ; posit_pack:u_packer|g_rne.p1_sticky_bit_q    ; posit_pack:u_packer|g_rne.d_q[24] ; clk          ; clk         ; 10.000       ; 0.234      ; 7.899      ;
; 2.331 ; posit_pack:u_packer|g_rne.p1_mag_trunc_q[0]  ; posit_pack:u_packer|g_rne.d_q[11] ; clk          ; clk         ; 10.000       ; 0.211      ; 7.875      ;
; 2.332 ; posit_pack:u_packer|g_rne.p1_mag_trunc_q[2]  ; posit_pack:u_packer|g_rne.d_q[28] ; clk          ; clk         ; 10.000       ; 0.211      ; 7.874      ;
; 2.333 ; posit_pack:u_packer|g_rne.p1_round_bit_q     ; posit_pack:u_packer|g_rne.d_q[14] ; clk          ; clk         ; 10.000       ; 0.246      ; 7.908      ;
; 2.338 ; posit_pack:u_packer|g_rne.p1_mag_trunc_q[14] ; posit_pack:u_packer|g_rne.d_q[31] ; clk          ; clk         ; 10.000       ; -0.077     ; 7.580      ;
; 2.339 ; posit_pack:u_packer|g_rne.p1_guard_bit_q     ; posit_pack:u_packer|g_rne.d_q[13] ; clk          ; clk         ; 10.000       ; 0.211      ; 7.867      ;
+-------+----------------------------------------------+-----------------------------------+--------------+-------------+--------------+------------+------------+


+-----------------------------------------------------------------------------------------------------------------------------------------------------------------------------+
; Slow 1200mV 0C Model Hold: 'clk'                                                                                                                                            ;
+-------+-----------------------------------------------+-----------------------------------------------+--------------+-------------+--------------+------------+------------+
; Slack ; From Node                                     ; To Node                                       ; Launch Clock ; Latch Clock ; Relationship ; Clock Skew ; Data Delay ;
+-------+-----------------------------------------------+-----------------------------------------------+--------------+-------------+--------------+------------+------------+
; 0.339 ; posit_pack:u_packer|g_rne.p2_valid_q          ; packer_ppa_boundary:u_boundary|out_valid      ; clk          ; clk         ; 0.000        ; 0.054      ; 0.537      ;
; 0.339 ; posit_pack:u_packer|g_rne.flags_q[1]          ; packer_ppa_boundary:u_boundary|flags[1]       ; clk          ; clk         ; 0.000        ; 0.055      ; 0.538      ;
; 0.339 ; posit_pack:u_packer|g_rne.flags_q[4]          ; packer_ppa_boundary:u_boundary|flags[4]       ; clk          ; clk         ; 0.000        ; 0.054      ; 0.537      ;
; 0.340 ; packer_ppa_boundary:u_boundary|flags_in_q[0]  ; posit_pack:u_packer|g_rne.p1_flags_q[0]       ; clk          ; clk         ; 0.000        ; 0.054      ; 0.538      ;
; 0.341 ; packer_ppa_boundary:u_boundary|meta_sync1     ; packer_ppa_boundary:u_boundary|meta_sync2     ; clk          ; clk         ; 0.000        ; 0.055      ; 0.540      ;
; 0.341 ; posit_pack:u_packer|g_rne.flags_q[2]          ; packer_ppa_boundary:u_boundary|flags[2]       ; clk          ; clk         ; 0.000        ; 0.054      ; 0.539      ;
; 0.341 ; posit_pack:u_packer|g_rne.p1_flags_q[3]       ; posit_pack:u_packer|g_rne.flags_q[3]          ; clk          ; clk         ; 0.000        ; 0.054      ; 0.539      ;
; 0.342 ; posit_pack:u_packer|g_rne.d_q[1]              ; packer_ppa_boundary:u_boundary|d[1]           ; clk          ; clk         ; 0.000        ; 0.054      ; 0.540      ;
; 0.355 ; posit_pack:u_packer|g_rne.p1_special_sel_q[0] ; posit_pack:u_packer|g_rne.flags_q[0]          ; clk          ; clk         ; 0.000        ; 0.054      ; 0.553      ;
; 0.361 ; packer_ppa_boundary:u_boundary|is_nar_q       ; posit_pack:u_packer|g_rne.p1_special_sel_q[2] ; clk          ; clk         ; 0.000        ; 0.054      ; 0.559      ;
; 0.434 ; packer_ppa_boundary:u_boundary|flags_in_q[1]  ; posit_pack:u_packer|g_rne.p1_flags_q[1]       ; clk          ; clk         ; 0.000        ; 0.054      ; 0.632      ;
; 0.446 ; posit_pack:u_packer|g_rne.p1_special_sel_q[1] ; posit_pack:u_packer|g_rne.flags_q[0]          ; clk          ; clk         ; 0.000        ; 0.054      ; 0.644      ;
; 0.447 ; posit_pack:u_packer|g_rne.p1_special_sel_q[1] ; posit_pack:u_packer|g_rne.flags_q[3]          ; clk          ; clk         ; 0.000        ; 0.054      ; 0.645      ;
; 0.451 ; packer_ppa_boundary:u_boundary|flags_in_q[4]  ; posit_pack:u_packer|g_rne.p1_special_sel_q[0] ; clk          ; clk         ; 0.000        ; 0.054      ; 0.649      ;
; 0.457 ; packer_ppa_boundary:u_boundary|flags_in_q[4]  ; posit_pack:u_packer|g_rne.p1_flags_q[0]       ; clk          ; clk         ; 0.000        ; 0.054      ; 0.655      ;
; 0.463 ; packer_ppa_boundary:u_boundary|flags_in_q[4]  ; posit_pack:u_packer|g_rne.p1_special_sel_q[1] ; clk          ; clk         ; 0.000        ; 0.054      ; 0.661      ;
; 0.465 ; posit_pack:u_packer|g_rne.d_q[3]              ; packer_ppa_boundary:u_boundary|d[3]           ; clk          ; clk         ; 0.000        ; 0.055      ; 0.664      ;
; 0.465 ; posit_pack:u_packer|g_rne.d_q[31]             ; packer_ppa_boundary:u_boundary|d[31]          ; clk          ; clk         ; 0.000        ; 0.055      ; 0.664      ;
; 0.481 ; packer_ppa_boundary:u_boundary|flags_in_q[2]  ; posit_pack:u_packer|g_rne.p1_flags_q[2]       ; clk          ; clk         ; 0.000        ; 0.055      ; 0.680      ;
; 0.489 ; posit_pack:u_packer|g_rne.d_q[8]              ; packer_ppa_boundary:u_boundary|d[8]           ; clk          ; clk         ; 0.000        ; 0.054      ; 0.687      ;
; 0.492 ; posit_pack:u_packer|g_rne.d_q[0]              ; packer_ppa_boundary:u_boundary|d[0]           ; clk          ; clk         ; 0.000        ; 0.054      ; 0.690      ;
; 0.493 ; posit_pack:u_packer|g_rne.flags_q[0]          ; packer_ppa_boundary:u_boundary|flags[0]       ; clk          ; clk         ; 0.000        ; 0.053      ; 0.690      ;
; 0.512 ; posit_pack:u_packer|g_rne.p1_flags_q[0]       ; posit_pack:u_packer|g_rne.flags_q[0]          ; clk          ; clk         ; 0.000        ; 0.054      ; 0.710      ;
; 0.516 ; posit_pack:u_packer|g_rne.p1_special_sel_q[0] ; posit_pack:u_packer|g_rne.d_q[13]             ; clk          ; clk         ; 0.000        ; 0.354      ; 1.014      ;
; 0.517 ; posit_pack:u_packer|g_rne.p1_special_sel_q[0] ; posit_pack:u_packer|g_rne.d_q[11]             ; clk          ; clk         ; 0.000        ; 0.354      ; 1.015      ;
; 0.519 ; posit_pack:u_packer|g_rne.p1_special_sel_q[0] ; posit_pack:u_packer|g_rne.d_q[7]              ; clk          ; clk         ; 0.000        ; 0.354      ; 1.017      ;
; 0.526 ; posit_pack:u_packer|g_rne.p1_special_sel_q[1] ; posit_pack:u_packer|g_rne.d_q[18]             ; clk          ; clk         ; 0.000        ; 0.417      ; 1.087      ;
; 0.531 ; packer_ppa_boundary:u_boundary|is_nar_q       ; posit_pack:u_packer|g_rne.p1_special_sel_q[1] ; clk          ; clk         ; 0.000        ; 0.054      ; 0.729      ;
; 0.534 ; posit_pack:u_packer|g_rne.p1_special_sel_q[1] ; posit_pack:u_packer|g_rne.flags_q[1]          ; clk          ; clk         ; 0.000        ; 0.055      ; 0.733      ;
; 0.537 ; posit_pack:u_packer|g_rne.p1_special_sel_q[0] ; posit_pack:u_packer|g_rne.flags_q[3]          ; clk          ; clk         ; 0.000        ; 0.054      ; 0.735      ;
; 0.547 ; posit_pack:u_packer|g_rne.p1_special_sel_q[2] ; posit_pack:u_packer|g_rne.flags_q[3]          ; clk          ; clk         ; 0.000        ; 0.054      ; 0.745      ;
; 0.550 ; posit_pack:u_packer|g_rne.p1_special_sel_q[2] ; posit_pack:u_packer|g_rne.flags_q[0]          ; clk          ; clk         ; 0.000        ; 0.054      ; 0.748      ;
; 0.550 ; packer_ppa_boundary:u_boundary|is_nar_q       ; posit_pack:u_packer|g_rne.p1_flags_q[0]       ; clk          ; clk         ; 0.000        ; 0.054      ; 0.748      ;
; 0.558 ; packer_ppa_boundary:u_boundary|is_nar_q       ; posit_pack:u_packer|g_rne.p1_special_sel_q[0] ; clk          ; clk         ; 0.000        ; 0.054      ; 0.756      ;
; 0.597 ; posit_pack:u_packer|g_rne.p1_special_sel_q[2] ; posit_pack:u_packer|g_rne.d_q[7]              ; clk          ; clk         ; 0.000        ; 0.354      ; 1.095      ;
; 0.598 ; posit_pack:u_packer|g_rne.p1_special_sel_q[2] ; posit_pack:u_packer|g_rne.d_q[11]             ; clk          ; clk         ; 0.000        ; 0.354      ; 1.096      ;
; 0.599 ; posit_pack:u_packer|g_rne.p1_special_sel_q[2] ; posit_pack:u_packer|g_rne.d_q[13]             ; clk          ; clk         ; 0.000        ; 0.354      ; 1.097      ;
; 0.606 ; packer_ppa_boundary:u_boundary|flags_in_q[4]  ; posit_pack:u_packer|g_rne.p1_special_sel_q[2] ; clk          ; clk         ; 0.000        ; 0.054      ; 0.804      ;
; 0.612 ; posit_pack:u_packer|g_rne.p1_special_sel_q[2] ; posit_pack:u_packer|g_rne.d_q[31]             ; clk          ; clk         ; 0.000        ; 0.055      ; 0.811      ;
; 0.614 ; posit_pack:u_packer|g_rne.p1_special_sel_q[0] ; posit_pack:u_packer|g_rne.d_q[3]              ; clk          ; clk         ; 0.000        ; 0.055      ; 0.813      ;
; 0.615 ; posit_pack:u_packer|g_rne.p1_special_sel_q[0] ; posit_pack:u_packer|g_rne.d_q[0]              ; clk          ; clk         ; 0.000        ; 0.055      ; 0.814      ;
; 0.619 ; posit_pack:u_packer|g_rne.p1_special_sel_q[1] ; posit_pack:u_packer|g_rne.d_q[11]             ; clk          ; clk         ; 0.000        ; 0.354      ; 1.117      ;
; 0.619 ; posit_pack:u_packer|g_rne.p1_special_sel_q[1] ; posit_pack:u_packer|g_rne.d_q[7]              ; clk          ; clk         ; 0.000        ; 0.354      ; 1.117      ;
; 0.620 ; posit_pack:u_packer|g_rne.p1_special_sel_q[0] ; posit_pack:u_packer|g_rne.d_q[10]             ; clk          ; clk         ; 0.000        ; 0.391      ; 1.155      ;
; 0.620 ; posit_pack:u_packer|g_rne.p1_special_sel_q[1] ; posit_pack:u_packer|g_rne.d_q[13]             ; clk          ; clk         ; 0.000        ; 0.354      ; 1.118      ;
; 0.626 ; posit_pack:u_packer|g_rne.d_q[29]             ; packer_ppa_boundary:u_boundary|d[29]          ; clk          ; clk         ; 0.000        ; -0.231     ; 0.539      ;
; 0.627 ; posit_pack:u_packer|g_rne.d_q[13]             ; packer_ppa_boundary:u_boundary|d[13]          ; clk          ; clk         ; 0.000        ; -0.232     ; 0.539      ;
; 0.627 ; posit_pack:u_packer|g_rne.d_q[23]             ; packer_ppa_boundary:u_boundary|d[23]          ; clk          ; clk         ; 0.000        ; -0.231     ; 0.540      ;
; 0.628 ; posit_pack:u_packer|g_rne.d_q[5]              ; packer_ppa_boundary:u_boundary|d[5]           ; clk          ; clk         ; 0.000        ; 0.054      ; 0.826      ;
; 0.647 ; posit_pack:u_packer|g_rne.p1_special_sel_q[1] ; posit_pack:u_packer|g_rne.d_q[20]             ; clk          ; clk         ; 0.000        ; 0.378      ; 1.169      ;
; 0.647 ; posit_pack:u_packer|g_rne.p1_special_sel_q[1] ; posit_pack:u_packer|g_rne.d_q[24]             ; clk          ; clk         ; 0.000        ; 0.378      ; 1.169      ;
; 0.647 ; posit_pack:u_packer|g_rne.p1_special_sel_q[1] ; posit_pack:u_packer|g_rne.d_q[26]             ; clk          ; clk         ; 0.000        ; 0.378      ; 1.169      ;
; 0.649 ; posit_pack:u_packer|g_rne.p1_special_sel_q[1] ; posit_pack:u_packer|g_rne.d_q[17]             ; clk          ; clk         ; 0.000        ; 0.378      ; 1.171      ;
; 0.649 ; posit_pack:u_packer|g_rne.p1_special_sel_q[1] ; posit_pack:u_packer|g_rne.d_q[22]             ; clk          ; clk         ; 0.000        ; 0.378      ; 1.171      ;
; 0.649 ; posit_pack:u_packer|g_rne.d_q[26]             ; packer_ppa_boundary:u_boundary|d[26]          ; clk          ; clk         ; 0.000        ; -0.256     ; 0.537      ;
; 0.651 ; posit_pack:u_packer|g_rne.d_q[14]             ; packer_ppa_boundary:u_boundary|d[14]          ; clk          ; clk         ; 0.000        ; -0.255     ; 0.540      ;
; 0.651 ; posit_pack:u_packer|g_rne.p1_special_sel_q[1] ; posit_pack:u_packer|g_rne.d_q[19]             ; clk          ; clk         ; 0.000        ; 0.378      ; 1.173      ;
; 0.651 ; posit_pack:u_packer|g_rne.d_q[22]             ; packer_ppa_boundary:u_boundary|d[22]          ; clk          ; clk         ; 0.000        ; -0.256     ; 0.539      ;
; 0.651 ; packer_ppa_boundary:u_boundary|flags_in_q[3]  ; posit_pack:u_packer|g_rne.p1_flags_q[3]       ; clk          ; clk         ; 0.000        ; 0.054      ; 0.849      ;
; 0.652 ; posit_pack:u_packer|g_rne.p1_special_sel_q[1] ; posit_pack:u_packer|g_rne.d_q[15]             ; clk          ; clk         ; 0.000        ; 0.378      ; 1.174      ;
; 0.669 ; packer_ppa_boundary:u_boundary|is_nar_q       ; posit_pack:u_packer|g_rne.p1_flags_q[4]       ; clk          ; clk         ; 0.000        ; 0.054      ; 0.867      ;
; 0.700 ; posit_pack:u_packer|g_rne.p1_special_sel_q[2] ; posit_pack:u_packer|g_rne.d_q[3]              ; clk          ; clk         ; 0.000        ; 0.055      ; 0.899      ;
; 0.702 ; posit_pack:u_packer|g_rne.p1_special_sel_q[2] ; posit_pack:u_packer|g_rne.d_q[0]              ; clk          ; clk         ; 0.000        ; 0.055      ; 0.901      ;
; 0.705 ; posit_pack:u_packer|g_rne.p1_special_sel_q[0] ; posit_pack:u_packer|g_rne.flags_q[1]          ; clk          ; clk         ; 0.000        ; 0.055      ; 0.904      ;
; 0.715 ; posit_pack:u_packer|g_rne.p1_special_sel_q[1] ; posit_pack:u_packer|g_rne.d_q[3]              ; clk          ; clk         ; 0.000        ; 0.055      ; 0.914      ;
; 0.717 ; posit_pack:u_packer|g_rne.p1_special_sel_q[1] ; posit_pack:u_packer|g_rne.d_q[0]              ; clk          ; clk         ; 0.000        ; 0.055      ; 0.916      ;
; 0.717 ; posit_pack:u_packer|g_rne.p1_special_sel_q[0] ; posit_pack:u_packer|g_rne.d_q[19]             ; clk          ; clk         ; 0.000        ; 0.378      ; 1.239      ;
; 0.717 ; posit_pack:u_packer|g_rne.p1_special_sel_q[0] ; posit_pack:u_packer|g_rne.d_q[15]             ; clk          ; clk         ; 0.000        ; 0.378      ; 1.239      ;
; 0.718 ; posit_pack:u_packer|g_rne.p1_special_sel_q[0] ; posit_pack:u_packer|g_rne.d_q[22]             ; clk          ; clk         ; 0.000        ; 0.378      ; 1.240      ;
; 0.719 ; posit_pack:u_packer|g_rne.p1_special_sel_q[0] ; posit_pack:u_packer|g_rne.d_q[17]             ; clk          ; clk         ; 0.000        ; 0.378      ; 1.241      ;
; 0.720 ; posit_pack:u_packer|g_rne.flags_q[3]          ; packer_ppa_boundary:u_boundary|flags[3]       ; clk          ; clk         ; 0.000        ; 0.065      ; 0.929      ;
; 0.722 ; posit_pack:u_packer|g_rne.p1_special_sel_q[0] ; posit_pack:u_packer|g_rne.d_q[24]             ; clk          ; clk         ; 0.000        ; 0.378      ; 1.244      ;
; 0.723 ; posit_pack:u_packer|g_rne.p1_special_sel_q[0] ; posit_pack:u_packer|g_rne.d_q[20]             ; clk          ; clk         ; 0.000        ; 0.378      ; 1.245      ;
; 0.723 ; posit_pack:u_packer|g_rne.p1_special_sel_q[0] ; posit_pack:u_packer|g_rne.d_q[26]             ; clk          ; clk         ; 0.000        ; 0.378      ; 1.245      ;
; 0.726 ; posit_pack:u_packer|g_rne.p1_special_sel_q[2] ; posit_pack:u_packer|g_rne.flags_q[1]          ; clk          ; clk         ; 0.000        ; 0.055      ; 0.925      ;
; 0.752 ; posit_pack:u_packer|g_rne.d_q[21]             ; packer_ppa_boundary:u_boundary|d[21]          ; clk          ; clk         ; 0.000        ; -0.231     ; 0.665      ;
; 0.752 ; posit_pack:u_packer|g_rne.d_q[28]             ; packer_ppa_boundary:u_boundary|d[28]          ; clk          ; clk         ; 0.000        ; -0.232     ; 0.664      ;
; 0.754 ; posit_pack:u_packer|g_rne.d_q[27]             ; packer_ppa_boundary:u_boundary|d[27]          ; clk          ; clk         ; 0.000        ; -0.231     ; 0.667      ;
; 0.760 ; posit_pack:u_packer|g_rne.p1_valid_q          ; posit_pack:u_packer|g_rne.p2_valid_q          ; clk          ; clk         ; 0.000        ; 0.065      ; 0.969      ;
; 0.760 ; posit_pack:u_packer|g_rne.d_q[11]             ; packer_ppa_boundary:u_boundary|d[11]          ; clk          ; clk         ; 0.000        ; -0.231     ; 0.673      ;
; 0.766 ; packer_ppa_boundary:u_boundary|flags_in_q[4]  ; posit_pack:u_packer|g_rne.p1_flags_q[4]       ; clk          ; clk         ; 0.000        ; 0.054      ; 0.964      ;
; 0.781 ; posit_pack:u_packer|g_rne.d_q[30]             ; packer_ppa_boundary:u_boundary|d[30]          ; clk          ; clk         ; 0.000        ; -0.233     ; 0.692      ;
; 0.791 ; posit_pack:u_packer|g_rne.p1_special_sel_q[2] ; posit_pack:u_packer|g_rne.d_q[1]              ; clk          ; clk         ; 0.000        ; 0.055      ; 0.990      ;
; 0.797 ; posit_pack:u_packer|g_rne.p1_sign_q           ; posit_pack:u_packer|g_rne.d_q[31]             ; clk          ; clk         ; 0.000        ; 0.055      ; 0.996      ;
; 0.801 ; posit_pack:u_packer|g_rne.p1_special_sel_q[1] ; posit_pack:u_packer|g_rne.d_q[12]             ; clk          ; clk         ; 0.000        ; 0.391      ; 1.336      ;
; 0.802 ; posit_pack:u_packer|g_rne.p1_special_sel_q[1] ; posit_pack:u_packer|g_rne.d_q[2]              ; clk          ; clk         ; 0.000        ; 0.391      ; 1.337      ;
; 0.802 ; posit_pack:u_packer|g_rne.p1_special_sel_q[1] ; posit_pack:u_packer|g_rne.d_q[14]             ; clk          ; clk         ; 0.000        ; 0.391      ; 1.337      ;
; 0.803 ; posit_pack:u_packer|g_rne.p1_special_sel_q[1] ; posit_pack:u_packer|g_rne.d_q[16]             ; clk          ; clk         ; 0.000        ; 0.391      ; 1.338      ;
; 0.803 ; posit_pack:u_packer|g_rne.p1_flags_q[1]       ; posit_pack:u_packer|g_rne.flags_q[1]          ; clk          ; clk         ; 0.000        ; 0.059      ; 1.006      ;
; 0.807 ; posit_pack:u_packer|g_rne.d_q[19]             ; packer_ppa_boundary:u_boundary|d[19]          ; clk          ; clk         ; 0.000        ; -0.257     ; 0.694      ;
; 0.807 ; posit_pack:u_packer|g_rne.p1_special_sel_q[1] ; posit_pack:u_packer|g_rne.d_q[31]             ; clk          ; clk         ; 0.000        ; 0.055      ; 1.006      ;
; 0.809 ; posit_pack:u_packer|g_rne.p1_special_sel_q[0] ; posit_pack:u_packer|g_rne.d_q[12]             ; clk          ; clk         ; 0.000        ; 0.391      ; 1.344      ;
; 0.812 ; posit_pack:u_packer|g_rne.p1_special_sel_q[0] ; posit_pack:u_packer|g_rne.d_q[2]              ; clk          ; clk         ; 0.000        ; 0.391      ; 1.347      ;
; 0.813 ; posit_pack:u_packer|g_rne.p1_special_sel_q[0] ; posit_pack:u_packer|g_rne.d_q[14]             ; clk          ; clk         ; 0.000        ; 0.391      ; 1.348      ;
; 0.813 ; posit_pack:u_packer|g_rne.p1_special_sel_q[0] ; posit_pack:u_packer|g_rne.d_q[16]             ; clk          ; clk         ; 0.000        ; 0.391      ; 1.348      ;
; 0.817 ; posit_pack:u_packer|g_rne.p1_special_sel_q[1] ; posit_pack:u_packer|g_rne.d_q[10]             ; clk          ; clk         ; 0.000        ; 0.391      ; 1.352      ;
; 0.835 ; posit_pack:u_packer|g_rne.p1_special_sel_q[1] ; posit_pack:u_packer|g_rne.d_q[1]              ; clk          ; clk         ; 0.000        ; 0.055      ; 1.034      ;
; 0.841 ; posit_pack:u_packer|g_rne.d_q[4]              ; packer_ppa_boundary:u_boundary|d[4]           ; clk          ; clk         ; 0.000        ; 0.071      ; 1.056      ;
; 0.841 ; posit_pack:u_packer|g_rne.p1_special_sel_q[2] ; posit_pack:u_packer|g_rne.d_q[24]             ; clk          ; clk         ; 0.000        ; 0.378      ; 1.363      ;
; 0.841 ; posit_pack:u_packer|g_rne.p1_special_sel_q[2] ; posit_pack:u_packer|g_rne.d_q[26]             ; clk          ; clk         ; 0.000        ; 0.378      ; 1.363      ;
+-------+-----------------------------------------------+-----------------------------------------------+--------------+-------------+--------------+------------+------------+


+------------------------------------------------------------------------------------------------------------------------------------------------------------------------+
; Slow 1200mV 0C Model Recovery: 'clk'                                                                                                                                   ;
+-------+-------------------------------------------+----------------------------------------------+--------------+-------------+--------------+------------+------------+
; Slack ; From Node                                 ; To Node                                      ; Launch Clock ; Latch Clock ; Relationship ; Clock Skew ; Data Delay ;
+-------+-------------------------------------------+----------------------------------------------+--------------+-------------+--------------+------------+------------+
; 7.421 ; packer_ppa_boundary:u_boundary|meta_sync2 ; packer_ppa_boundary:u_boundary|sf_q[9]       ; clk          ; clk         ; 10.000       ; -0.076     ; 2.498      ;
; 7.421 ; packer_ppa_boundary:u_boundary|meta_sync2 ; packer_ppa_boundary:u_boundary|sf_q[6]       ; clk          ; clk         ; 10.000       ; -0.072     ; 2.502      ;
; 7.421 ; packer_ppa_boundary:u_boundary|meta_sync2 ; packer_ppa_boundary:u_boundary|sf_q[3]       ; clk          ; clk         ; 10.000       ; -0.074     ; 2.500      ;
; 7.421 ; packer_ppa_boundary:u_boundary|meta_sync2 ; packer_ppa_boundary:u_boundary|sf_q[5]       ; clk          ; clk         ; 10.000       ; -0.072     ; 2.502      ;
; 7.421 ; packer_ppa_boundary:u_boundary|meta_sync2 ; packer_ppa_boundary:u_boundary|sf_q[4]       ; clk          ; clk         ; 10.000       ; -0.072     ; 2.502      ;
; 7.421 ; packer_ppa_boundary:u_boundary|meta_sync2 ; packer_ppa_boundary:u_boundary|sf_q[2]       ; clk          ; clk         ; 10.000       ; -0.076     ; 2.498      ;
; 7.421 ; packer_ppa_boundary:u_boundary|meta_sync2 ; packer_ppa_boundary:u_boundary|frac_q[27]    ; clk          ; clk         ; 10.000       ; -0.076     ; 2.498      ;
; 7.421 ; packer_ppa_boundary:u_boundary|meta_sync2 ; packer_ppa_boundary:u_boundary|frac_q[28]    ; clk          ; clk         ; 10.000       ; -0.076     ; 2.498      ;
; 7.421 ; packer_ppa_boundary:u_boundary|meta_sync2 ; packer_ppa_boundary:u_boundary|frac_q[29]    ; clk          ; clk         ; 10.000       ; -0.076     ; 2.498      ;
; 7.421 ; packer_ppa_boundary:u_boundary|meta_sync2 ; packer_ppa_boundary:u_boundary|frac_q[30]    ; clk          ; clk         ; 10.000       ; -0.076     ; 2.498      ;
; 7.421 ; packer_ppa_boundary:u_boundary|meta_sync2 ; packer_ppa_boundary:u_boundary|frac_q[34]    ; clk          ; clk         ; 10.000       ; -0.076     ; 2.498      ;
; 7.421 ; packer_ppa_boundary:u_boundary|meta_sync2 ; packer_ppa_boundary:u_boundary|frac_q[33]    ; clk          ; clk         ; 10.000       ; -0.076     ; 2.498      ;
; 7.421 ; packer_ppa_boundary:u_boundary|meta_sync2 ; packer_ppa_boundary:u_boundary|frac_q[31]    ; clk          ; clk         ; 10.000       ; -0.076     ; 2.498      ;
; 7.421 ; packer_ppa_boundary:u_boundary|meta_sync2 ; packer_ppa_boundary:u_boundary|frac_q[32]    ; clk          ; clk         ; 10.000       ; -0.076     ; 2.498      ;
; 7.421 ; packer_ppa_boundary:u_boundary|meta_sync2 ; packer_ppa_boundary:u_boundary|frac_q[35]    ; clk          ; clk         ; 10.000       ; -0.076     ; 2.498      ;
; 7.421 ; packer_ppa_boundary:u_boundary|meta_sync2 ; packer_ppa_boundary:u_boundary|frac_q[26]    ; clk          ; clk         ; 10.000       ; -0.076     ; 2.498      ;
; 7.421 ; packer_ppa_boundary:u_boundary|meta_sync2 ; packer_ppa_boundary:u_boundary|frac_q[9]     ; clk          ; clk         ; 10.000       ; -0.070     ; 2.504      ;
; 7.421 ; packer_ppa_boundary:u_boundary|meta_sync2 ; packer_ppa_boundary:u_boundary|frac_q[11]    ; clk          ; clk         ; 10.000       ; -0.070     ; 2.504      ;
; 7.421 ; packer_ppa_boundary:u_boundary|meta_sync2 ; packer_ppa_boundary:u_boundary|frac_q[13]    ; clk          ; clk         ; 10.000       ; -0.070     ; 2.504      ;
; 7.421 ; packer_ppa_boundary:u_boundary|meta_sync2 ; packer_ppa_boundary:u_boundary|frac_q[10]    ; clk          ; clk         ; 10.000       ; -0.070     ; 2.504      ;
; 7.421 ; packer_ppa_boundary:u_boundary|meta_sync2 ; packer_ppa_boundary:u_boundary|frac_q[14]    ; clk          ; clk         ; 10.000       ; -0.070     ; 2.504      ;
; 7.421 ; packer_ppa_boundary:u_boundary|meta_sync2 ; packer_ppa_boundary:u_boundary|frac_q[15]    ; clk          ; clk         ; 10.000       ; -0.070     ; 2.504      ;
; 7.421 ; packer_ppa_boundary:u_boundary|meta_sync2 ; packer_ppa_boundary:u_boundary|frac_q[12]    ; clk          ; clk         ; 10.000       ; -0.070     ; 2.504      ;
; 7.421 ; packer_ppa_boundary:u_boundary|meta_sync2 ; packer_ppa_boundary:u_boundary|frac_q[24]    ; clk          ; clk         ; 10.000       ; -0.074     ; 2.500      ;
; 7.421 ; packer_ppa_boundary:u_boundary|meta_sync2 ; posit_pack:u_packer|g_rne.p1_mag_trunc_q[1]  ; clk          ; clk         ; 10.000       ; -0.075     ; 2.499      ;
; 7.421 ; packer_ppa_boundary:u_boundary|meta_sync2 ; posit_pack:u_packer|g_rne.p1_mag_trunc_q[2]  ; clk          ; clk         ; 10.000       ; -0.075     ; 2.499      ;
; 7.421 ; packer_ppa_boundary:u_boundary|meta_sync2 ; posit_pack:u_packer|g_rne.p1_mag_trunc_q[3]  ; clk          ; clk         ; 10.000       ; -0.075     ; 2.499      ;
; 7.421 ; packer_ppa_boundary:u_boundary|meta_sync2 ; posit_pack:u_packer|g_rne.p1_mag_trunc_q[4]  ; clk          ; clk         ; 10.000       ; -0.075     ; 2.499      ;
; 7.421 ; packer_ppa_boundary:u_boundary|meta_sync2 ; posit_pack:u_packer|g_rne.p1_mag_trunc_q[5]  ; clk          ; clk         ; 10.000       ; -0.075     ; 2.499      ;
; 7.421 ; packer_ppa_boundary:u_boundary|meta_sync2 ; posit_pack:u_packer|g_rne.p1_mag_trunc_q[6]  ; clk          ; clk         ; 10.000       ; -0.075     ; 2.499      ;
; 7.421 ; packer_ppa_boundary:u_boundary|meta_sync2 ; posit_pack:u_packer|g_rne.p1_mag_trunc_q[7]  ; clk          ; clk         ; 10.000       ; -0.075     ; 2.499      ;
; 7.421 ; packer_ppa_boundary:u_boundary|meta_sync2 ; posit_pack:u_packer|g_rne.p1_mag_trunc_q[8]  ; clk          ; clk         ; 10.000       ; -0.075     ; 2.499      ;
; 7.421 ; packer_ppa_boundary:u_boundary|meta_sync2 ; posit_pack:u_packer|g_rne.p1_mag_trunc_q[9]  ; clk          ; clk         ; 10.000       ; -0.075     ; 2.499      ;
; 7.421 ; packer_ppa_boundary:u_boundary|meta_sync2 ; posit_pack:u_packer|g_rne.p1_mag_trunc_q[10] ; clk          ; clk         ; 10.000       ; -0.075     ; 2.499      ;
; 7.421 ; packer_ppa_boundary:u_boundary|meta_sync2 ; posit_pack:u_packer|g_rne.p1_mag_trunc_q[11] ; clk          ; clk         ; 10.000       ; -0.075     ; 2.499      ;
; 7.421 ; packer_ppa_boundary:u_boundary|meta_sync2 ; posit_pack:u_packer|g_rne.p1_mag_trunc_q[12] ; clk          ; clk         ; 10.000       ; -0.075     ; 2.499      ;
; 7.421 ; packer_ppa_boundary:u_boundary|meta_sync2 ; posit_pack:u_packer|g_rne.p1_mag_trunc_q[13] ; clk          ; clk         ; 10.000       ; -0.075     ; 2.499      ;
; 7.421 ; packer_ppa_boundary:u_boundary|meta_sync2 ; posit_pack:u_packer|g_rne.p1_mag_trunc_q[14] ; clk          ; clk         ; 10.000       ; -0.075     ; 2.499      ;
; 7.421 ; packer_ppa_boundary:u_boundary|meta_sync2 ; posit_pack:u_packer|g_rne.p1_mag_trunc_q[15] ; clk          ; clk         ; 10.000       ; -0.075     ; 2.499      ;
; 7.421 ; packer_ppa_boundary:u_boundary|meta_sync2 ; packer_ppa_boundary:u_boundary|sign_q        ; clk          ; clk         ; 10.000       ; -0.072     ; 2.502      ;
; 7.422 ; packer_ppa_boundary:u_boundary|meta_sync2 ; packer_ppa_boundary:u_boundary|frac_q[45]    ; clk          ; clk         ; 10.000       ; -0.073     ; 2.500      ;
; 7.422 ; packer_ppa_boundary:u_boundary|meta_sync2 ; packer_ppa_boundary:u_boundary|frac_q[46]    ; clk          ; clk         ; 10.000       ; -0.073     ; 2.500      ;
; 7.422 ; packer_ppa_boundary:u_boundary|meta_sync2 ; packer_ppa_boundary:u_boundary|frac_q[43]    ; clk          ; clk         ; 10.000       ; -0.073     ; 2.500      ;
; 7.422 ; packer_ppa_boundary:u_boundary|meta_sync2 ; packer_ppa_boundary:u_boundary|frac_q[44]    ; clk          ; clk         ; 10.000       ; -0.073     ; 2.500      ;
; 7.422 ; packer_ppa_boundary:u_boundary|meta_sync2 ; packer_ppa_boundary:u_boundary|frac_q[47]    ; clk          ; clk         ; 10.000       ; -0.072     ; 2.501      ;
; 7.422 ; packer_ppa_boundary:u_boundary|meta_sync2 ; packer_ppa_boundary:u_boundary|frac_q[48]    ; clk          ; clk         ; 10.000       ; -0.072     ; 2.501      ;
; 7.422 ; packer_ppa_boundary:u_boundary|meta_sync2 ; packer_ppa_boundary:u_boundary|frac_q[50]    ; clk          ; clk         ; 10.000       ; -0.072     ; 2.501      ;
; 7.422 ; packer_ppa_boundary:u_boundary|meta_sync2 ; packer_ppa_boundary:u_boundary|frac_q[49]    ; clk          ; clk         ; 10.000       ; -0.072     ; 2.501      ;
; 7.422 ; packer_ppa_boundary:u_boundary|meta_sync2 ; packer_ppa_boundary:u_boundary|sf_q[1]       ; clk          ; clk         ; 10.000       ; -0.072     ; 2.501      ;
; 7.422 ; packer_ppa_boundary:u_boundary|meta_sync2 ; packer_ppa_boundary:u_boundary|sf_q[0]       ; clk          ; clk         ; 10.000       ; -0.072     ; 2.501      ;
; 7.422 ; packer_ppa_boundary:u_boundary|meta_sync2 ; packer_ppa_boundary:u_boundary|frac_q[52]    ; clk          ; clk         ; 10.000       ; -0.072     ; 2.501      ;
; 7.422 ; packer_ppa_boundary:u_boundary|meta_sync2 ; packer_ppa_boundary:u_boundary|frac_q[51]    ; clk          ; clk         ; 10.000       ; -0.072     ; 2.501      ;
; 7.422 ; packer_ppa_boundary:u_boundary|meta_sync2 ; packer_ppa_boundary:u_boundary|frac_q[53]    ; clk          ; clk         ; 10.000       ; -0.072     ; 2.501      ;
; 7.422 ; packer_ppa_boundary:u_boundary|meta_sync2 ; packer_ppa_boundary:u_boundary|frac_q[54]    ; clk          ; clk         ; 10.000       ; -0.072     ; 2.501      ;
; 7.422 ; packer_ppa_boundary:u_boundary|meta_sync2 ; packer_ppa_boundary:u_boundary|frac_q[38]    ; clk          ; clk         ; 10.000       ; -0.073     ; 2.500      ;
; 7.422 ; packer_ppa_boundary:u_boundary|meta_sync2 ; packer_ppa_boundary:u_boundary|frac_q[37]    ; clk          ; clk         ; 10.000       ; -0.073     ; 2.500      ;
; 7.422 ; packer_ppa_boundary:u_boundary|meta_sync2 ; packer_ppa_boundary:u_boundary|frac_q[36]    ; clk          ; clk         ; 10.000       ; -0.073     ; 2.500      ;
; 7.422 ; packer_ppa_boundary:u_boundary|meta_sync2 ; packer_ppa_boundary:u_boundary|frac_q[42]    ; clk          ; clk         ; 10.000       ; -0.073     ; 2.500      ;
; 7.422 ; packer_ppa_boundary:u_boundary|meta_sync2 ; packer_ppa_boundary:u_boundary|frac_q[41]    ; clk          ; clk         ; 10.000       ; -0.073     ; 2.500      ;
; 7.422 ; packer_ppa_boundary:u_boundary|meta_sync2 ; packer_ppa_boundary:u_boundary|frac_q[39]    ; clk          ; clk         ; 10.000       ; -0.073     ; 2.500      ;
; 7.422 ; packer_ppa_boundary:u_boundary|meta_sync2 ; packer_ppa_boundary:u_boundary|frac_q[40]    ; clk          ; clk         ; 10.000       ; -0.074     ; 2.499      ;
; 7.422 ; packer_ppa_boundary:u_boundary|meta_sync2 ; posit_pack:u_packer|g_rne.p1_guard_bit_q     ; clk          ; clk         ; 10.000       ; -0.074     ; 2.499      ;
; 7.422 ; packer_ppa_boundary:u_boundary|meta_sync2 ; posit_pack:u_packer|g_rne.p1_round_bit_q     ; clk          ; clk         ; 10.000       ; -0.074     ; 2.499      ;
; 7.422 ; packer_ppa_boundary:u_boundary|meta_sync2 ; packer_ppa_boundary:u_boundary|frac_q[7]     ; clk          ; clk         ; 10.000       ; -0.069     ; 2.504      ;
; 7.422 ; packer_ppa_boundary:u_boundary|meta_sync2 ; packer_ppa_boundary:u_boundary|frac_q[2]     ; clk          ; clk         ; 10.000       ; -0.069     ; 2.504      ;
; 7.422 ; packer_ppa_boundary:u_boundary|meta_sync2 ; packer_ppa_boundary:u_boundary|sticky_q      ; clk          ; clk         ; 10.000       ; -0.069     ; 2.504      ;
; 7.422 ; packer_ppa_boundary:u_boundary|meta_sync2 ; packer_ppa_boundary:u_boundary|frac_q[1]     ; clk          ; clk         ; 10.000       ; -0.069     ; 2.504      ;
; 7.422 ; packer_ppa_boundary:u_boundary|meta_sync2 ; packer_ppa_boundary:u_boundary|frac_q[8]     ; clk          ; clk         ; 10.000       ; -0.069     ; 2.504      ;
; 7.422 ; packer_ppa_boundary:u_boundary|meta_sync2 ; packer_ppa_boundary:u_boundary|frac_q[16]    ; clk          ; clk         ; 10.000       ; -0.069     ; 2.504      ;
; 7.422 ; packer_ppa_boundary:u_boundary|meta_sync2 ; packer_ppa_boundary:u_boundary|frac_q[17]    ; clk          ; clk         ; 10.000       ; -0.069     ; 2.504      ;
; 7.422 ; packer_ppa_boundary:u_boundary|meta_sync2 ; packer_ppa_boundary:u_boundary|frac_q[18]    ; clk          ; clk         ; 10.000       ; -0.069     ; 2.504      ;
; 7.422 ; packer_ppa_boundary:u_boundary|meta_sync2 ; packer_ppa_boundary:u_boundary|frac_q[19]    ; clk          ; clk         ; 10.000       ; -0.069     ; 2.504      ;
; 7.422 ; packer_ppa_boundary:u_boundary|meta_sync2 ; packer_ppa_boundary:u_boundary|frac_q[4]     ; clk          ; clk         ; 10.000       ; -0.069     ; 2.504      ;
; 7.422 ; packer_ppa_boundary:u_boundary|meta_sync2 ; packer_ppa_boundary:u_boundary|frac_q[5]     ; clk          ; clk         ; 10.000       ; -0.069     ; 2.504      ;
; 7.422 ; packer_ppa_boundary:u_boundary|meta_sync2 ; packer_ppa_boundary:u_boundary|frac_q[6]     ; clk          ; clk         ; 10.000       ; -0.069     ; 2.504      ;
; 7.422 ; packer_ppa_boundary:u_boundary|meta_sync2 ; packer_ppa_boundary:u_boundary|frac_q[25]    ; clk          ; clk         ; 10.000       ; -0.074     ; 2.499      ;
; 7.422 ; packer_ppa_boundary:u_boundary|meta_sync2 ; packer_ppa_boundary:u_boundary|frac_q[22]    ; clk          ; clk         ; 10.000       ; -0.074     ; 2.499      ;
; 7.422 ; packer_ppa_boundary:u_boundary|meta_sync2 ; packer_ppa_boundary:u_boundary|frac_q[23]    ; clk          ; clk         ; 10.000       ; -0.074     ; 2.499      ;
; 7.422 ; packer_ppa_boundary:u_boundary|meta_sync2 ; packer_ppa_boundary:u_boundary|frac_q[20]    ; clk          ; clk         ; 10.000       ; -0.074     ; 2.499      ;
; 7.422 ; packer_ppa_boundary:u_boundary|meta_sync2 ; packer_ppa_boundary:u_boundary|frac_q[21]    ; clk          ; clk         ; 10.000       ; -0.074     ; 2.499      ;
; 7.422 ; packer_ppa_boundary:u_boundary|meta_sync2 ; packer_ppa_boundary:u_boundary|frac_q[3]     ; clk          ; clk         ; 10.000       ; -0.069     ; 2.504      ;
; 7.422 ; packer_ppa_boundary:u_boundary|meta_sync2 ; packer_ppa_boundary:u_boundary|frac_q[0]     ; clk          ; clk         ; 10.000       ; -0.069     ; 2.504      ;
; 7.422 ; packer_ppa_boundary:u_boundary|meta_sync2 ; posit_pack:u_packer|g_rne.p1_sticky_bit_q    ; clk          ; clk         ; 10.000       ; -0.074     ; 2.499      ;
; 7.422 ; packer_ppa_boundary:u_boundary|meta_sync2 ; posit_pack:u_packer|g_rne.p1_mag_trunc_q[0]  ; clk          ; clk         ; 10.000       ; -0.074     ; 2.499      ;
; 7.422 ; packer_ppa_boundary:u_boundary|meta_sync2 ; packer_ppa_boundary:u_boundary|flags_in_q[1] ; clk          ; clk         ; 10.000       ; -0.073     ; 2.500      ;
; 7.422 ; packer_ppa_boundary:u_boundary|meta_sync2 ; posit_pack:u_packer|g_rne.p1_flags_q[1]      ; clk          ; clk         ; 10.000       ; -0.073     ; 2.500      ;
; 7.423 ; packer_ppa_boundary:u_boundary|meta_sync2 ; posit_pack:u_packer|g_rne.p2_valid_q         ; clk          ; clk         ; 10.000       ; -0.058     ; 2.514      ;
; 7.423 ; packer_ppa_boundary:u_boundary|meta_sync2 ; packer_ppa_boundary:u_boundary|out_valid     ; clk          ; clk         ; 10.000       ; -0.058     ; 2.514      ;
; 7.423 ; packer_ppa_boundary:u_boundary|meta_sync2 ; packer_ppa_boundary:u_boundary|d[2]          ; clk          ; clk         ; 10.000       ; -0.058     ; 2.514      ;
; 7.423 ; packer_ppa_boundary:u_boundary|meta_sync2 ; posit_pack:u_packer|g_rne.d_q[4]             ; clk          ; clk         ; 10.000       ; -0.058     ; 2.514      ;
; 7.423 ; packer_ppa_boundary:u_boundary|meta_sync2 ; packer_ppa_boundary:u_boundary|d[4]          ; clk          ; clk         ; 10.000       ; -0.042     ; 2.530      ;
; 7.423 ; packer_ppa_boundary:u_boundary|meta_sync2 ; posit_pack:u_packer|g_rne.d_q[5]             ; clk          ; clk         ; 10.000       ; -0.058     ; 2.514      ;
; 7.423 ; packer_ppa_boundary:u_boundary|meta_sync2 ; packer_ppa_boundary:u_boundary|d[5]          ; clk          ; clk         ; 10.000       ; -0.058     ; 2.514      ;
; 7.423 ; packer_ppa_boundary:u_boundary|meta_sync2 ; posit_pack:u_packer|g_rne.d_q[6]             ; clk          ; clk         ; 10.000       ; -0.058     ; 2.514      ;
; 7.423 ; packer_ppa_boundary:u_boundary|meta_sync2 ; packer_ppa_boundary:u_boundary|d[6]          ; clk          ; clk         ; 10.000       ; -0.042     ; 2.530      ;
; 7.423 ; packer_ppa_boundary:u_boundary|meta_sync2 ; posit_pack:u_packer|g_rne.d_q[8]             ; clk          ; clk         ; 10.000       ; -0.058     ; 2.514      ;
; 7.423 ; packer_ppa_boundary:u_boundary|meta_sync2 ; packer_ppa_boundary:u_boundary|d[8]          ; clk          ; clk         ; 10.000       ; -0.058     ; 2.514      ;
; 7.423 ; packer_ppa_boundary:u_boundary|meta_sync2 ; posit_pack:u_packer|g_rne.d_q[9]             ; clk          ; clk         ; 10.000       ; -0.058     ; 2.514      ;
; 7.423 ; packer_ppa_boundary:u_boundary|meta_sync2 ; packer_ppa_boundary:u_boundary|d[12]         ; clk          ; clk         ; 10.000       ; -0.042     ; 2.530      ;
; 7.423 ; packer_ppa_boundary:u_boundary|meta_sync2 ; packer_ppa_boundary:u_boundary|d[14]         ; clk          ; clk         ; 10.000       ; -0.056     ; 2.516      ;
+-------+-------------------------------------------+----------------------------------------------+--------------+-------------+--------------+------------+------------+


+------------------------------------------------------------------------------------------------------------------------------------------------------------------------+
; Slow 1200mV 0C Model Removal: 'clk'                                                                                                                                    ;
+-------+-------------------------------------------+----------------------------------------------+--------------+-------------+--------------+------------+------------+
; Slack ; From Node                                 ; To Node                                      ; Launch Clock ; Latch Clock ; Relationship ; Clock Skew ; Data Delay ;
+-------+-------------------------------------------+----------------------------------------------+--------------+-------------+--------------+------------+------------+
; 1.819 ; packer_ppa_boundary:u_boundary|meta_sync2 ; posit_pack:u_packer|g_rne.d_q[18]            ; clk          ; clk         ; 0.000        ; 0.403      ; 2.366      ;
; 1.846 ; packer_ppa_boundary:u_boundary|meta_sync2 ; posit_pack:u_packer|g_rne.d_q[2]             ; clk          ; clk         ; 0.000        ; 0.377      ; 2.367      ;
; 1.846 ; packer_ppa_boundary:u_boundary|meta_sync2 ; posit_pack:u_packer|g_rne.d_q[10]            ; clk          ; clk         ; 0.000        ; 0.377      ; 2.367      ;
; 1.846 ; packer_ppa_boundary:u_boundary|meta_sync2 ; posit_pack:u_packer|g_rne.d_q[12]            ; clk          ; clk         ; 0.000        ; 0.377      ; 2.367      ;
; 1.846 ; packer_ppa_boundary:u_boundary|meta_sync2 ; posit_pack:u_packer|g_rne.d_q[14]            ; clk          ; clk         ; 0.000        ; 0.377      ; 2.367      ;
; 1.846 ; packer_ppa_boundary:u_boundary|meta_sync2 ; posit_pack:u_packer|g_rne.d_q[16]            ; clk          ; clk         ; 0.000        ; 0.377      ; 2.367      ;
; 1.848 ; packer_ppa_boundary:u_boundary|meta_sync2 ; posit_pack:u_packer|g_rne.d_q[15]            ; clk          ; clk         ; 0.000        ; 0.364      ; 2.356      ;
; 1.848 ; packer_ppa_boundary:u_boundary|meta_sync2 ; posit_pack:u_packer|g_rne.d_q[17]            ; clk          ; clk         ; 0.000        ; 0.364      ; 2.356      ;
; 1.848 ; packer_ppa_boundary:u_boundary|meta_sync2 ; posit_pack:u_packer|g_rne.d_q[19]            ; clk          ; clk         ; 0.000        ; 0.364      ; 2.356      ;
; 1.848 ; packer_ppa_boundary:u_boundary|meta_sync2 ; posit_pack:u_packer|g_rne.d_q[20]            ; clk          ; clk         ; 0.000        ; 0.364      ; 2.356      ;
; 1.848 ; packer_ppa_boundary:u_boundary|meta_sync2 ; posit_pack:u_packer|g_rne.d_q[22]            ; clk          ; clk         ; 0.000        ; 0.364      ; 2.356      ;
; 1.848 ; packer_ppa_boundary:u_boundary|meta_sync2 ; posit_pack:u_packer|g_rne.d_q[24]            ; clk          ; clk         ; 0.000        ; 0.364      ; 2.356      ;
; 1.848 ; packer_ppa_boundary:u_boundary|meta_sync2 ; posit_pack:u_packer|g_rne.d_q[26]            ; clk          ; clk         ; 0.000        ; 0.364      ; 2.356      ;
; 1.874 ; packer_ppa_boundary:u_boundary|meta_sync2 ; posit_pack:u_packer|g_rne.d_q[21]            ; clk          ; clk         ; 0.000        ; 0.340      ; 2.358      ;
; 1.874 ; packer_ppa_boundary:u_boundary|meta_sync2 ; posit_pack:u_packer|g_rne.d_q[23]            ; clk          ; clk         ; 0.000        ; 0.340      ; 2.358      ;
; 1.874 ; packer_ppa_boundary:u_boundary|meta_sync2 ; posit_pack:u_packer|g_rne.d_q[25]            ; clk          ; clk         ; 0.000        ; 0.340      ; 2.358      ;
; 1.874 ; packer_ppa_boundary:u_boundary|meta_sync2 ; posit_pack:u_packer|g_rne.d_q[27]            ; clk          ; clk         ; 0.000        ; 0.340      ; 2.358      ;
; 1.874 ; packer_ppa_boundary:u_boundary|meta_sync2 ; posit_pack:u_packer|g_rne.d_q[29]            ; clk          ; clk         ; 0.000        ; 0.340      ; 2.358      ;
; 1.875 ; packer_ppa_boundary:u_boundary|meta_sync2 ; posit_pack:u_packer|g_rne.d_q[7]             ; clk          ; clk         ; 0.000        ; 0.340      ; 2.359      ;
; 1.875 ; packer_ppa_boundary:u_boundary|meta_sync2 ; posit_pack:u_packer|g_rne.d_q[11]            ; clk          ; clk         ; 0.000        ; 0.340      ; 2.359      ;
; 1.875 ; packer_ppa_boundary:u_boundary|meta_sync2 ; posit_pack:u_packer|g_rne.d_q[13]            ; clk          ; clk         ; 0.000        ; 0.340      ; 2.359      ;
; 1.875 ; packer_ppa_boundary:u_boundary|meta_sync2 ; posit_pack:u_packer|g_rne.d_q[28]            ; clk          ; clk         ; 0.000        ; 0.340      ; 2.359      ;
; 1.875 ; packer_ppa_boundary:u_boundary|meta_sync2 ; posit_pack:u_packer|g_rne.d_q[30]            ; clk          ; clk         ; 0.000        ; 0.340      ; 2.359      ;
; 2.149 ; packer_ppa_boundary:u_boundary|meta_sync2 ; packer_ppa_boundary:u_boundary|sf_q[9]       ; clk          ; clk         ; 0.000        ; 0.062      ; 2.355      ;
; 2.149 ; packer_ppa_boundary:u_boundary|meta_sync2 ; packer_ppa_boundary:u_boundary|sf_q[6]       ; clk          ; clk         ; 0.000        ; 0.066      ; 2.359      ;
; 2.149 ; packer_ppa_boundary:u_boundary|meta_sync2 ; packer_ppa_boundary:u_boundary|sf_q[3]       ; clk          ; clk         ; 0.000        ; 0.064      ; 2.357      ;
; 2.149 ; packer_ppa_boundary:u_boundary|meta_sync2 ; packer_ppa_boundary:u_boundary|sf_q[5]       ; clk          ; clk         ; 0.000        ; 0.066      ; 2.359      ;
; 2.149 ; packer_ppa_boundary:u_boundary|meta_sync2 ; packer_ppa_boundary:u_boundary|sf_q[4]       ; clk          ; clk         ; 0.000        ; 0.066      ; 2.359      ;
; 2.149 ; packer_ppa_boundary:u_boundary|meta_sync2 ; packer_ppa_boundary:u_boundary|sf_q[2]       ; clk          ; clk         ; 0.000        ; 0.062      ; 2.355      ;
; 2.149 ; packer_ppa_boundary:u_boundary|meta_sync2 ; packer_ppa_boundary:u_boundary|sf_q[1]       ; clk          ; clk         ; 0.000        ; 0.065      ; 2.358      ;
; 2.149 ; packer_ppa_boundary:u_boundary|meta_sync2 ; packer_ppa_boundary:u_boundary|sf_q[0]       ; clk          ; clk         ; 0.000        ; 0.065      ; 2.358      ;
; 2.149 ; packer_ppa_boundary:u_boundary|meta_sync2 ; packer_ppa_boundary:u_boundary|frac_q[54]    ; clk          ; clk         ; 0.000        ; 0.065      ; 2.358      ;
; 2.149 ; packer_ppa_boundary:u_boundary|meta_sync2 ; packer_ppa_boundary:u_boundary|frac_q[27]    ; clk          ; clk         ; 0.000        ; 0.062      ; 2.355      ;
; 2.149 ; packer_ppa_boundary:u_boundary|meta_sync2 ; packer_ppa_boundary:u_boundary|frac_q[28]    ; clk          ; clk         ; 0.000        ; 0.062      ; 2.355      ;
; 2.149 ; packer_ppa_boundary:u_boundary|meta_sync2 ; packer_ppa_boundary:u_boundary|frac_q[29]    ; clk          ; clk         ; 0.000        ; 0.062      ; 2.355      ;
; 2.149 ; packer_ppa_boundary:u_boundary|meta_sync2 ; packer_ppa_boundary:u_boundary|frac_q[30]    ; clk          ; clk         ; 0.000        ; 0.062      ; 2.355      ;
; 2.149 ; packer_ppa_boundary:u_boundary|meta_sync2 ; packer_ppa_boundary:u_boundary|frac_q[34]    ; clk          ; clk         ; 0.000        ; 0.062      ; 2.355      ;
; 2.149 ; packer_ppa_boundary:u_boundary|meta_sync2 ; packer_ppa_boundary:u_boundary|frac_q[33]    ; clk          ; clk         ; 0.000        ; 0.062      ; 2.355      ;
; 2.149 ; packer_ppa_boundary:u_boundary|meta_sync2 ; packer_ppa_boundary:u_boundary|frac_q[31]    ; clk          ; clk         ; 0.000        ; 0.062      ; 2.355      ;
; 2.149 ; packer_ppa_boundary:u_boundary|meta_sync2 ; packer_ppa_boundary:u_boundary|frac_q[32]    ; clk          ; clk         ; 0.000        ; 0.062      ; 2.355      ;
; 2.149 ; packer_ppa_boundary:u_boundary|meta_sync2 ; packer_ppa_boundary:u_boundary|frac_q[35]    ; clk          ; clk         ; 0.000        ; 0.062      ; 2.355      ;
; 2.149 ; packer_ppa_boundary:u_boundary|meta_sync2 ; packer_ppa_boundary:u_boundary|frac_q[40]    ; clk          ; clk         ; 0.000        ; 0.063      ; 2.356      ;
; 2.149 ; packer_ppa_boundary:u_boundary|meta_sync2 ; packer_ppa_boundary:u_boundary|frac_q[26]    ; clk          ; clk         ; 0.000        ; 0.062      ; 2.355      ;
; 2.149 ; packer_ppa_boundary:u_boundary|meta_sync2 ; packer_ppa_boundary:u_boundary|frac_q[9]     ; clk          ; clk         ; 0.000        ; 0.068      ; 2.361      ;
; 2.149 ; packer_ppa_boundary:u_boundary|meta_sync2 ; packer_ppa_boundary:u_boundary|frac_q[11]    ; clk          ; clk         ; 0.000        ; 0.068      ; 2.361      ;
; 2.149 ; packer_ppa_boundary:u_boundary|meta_sync2 ; packer_ppa_boundary:u_boundary|frac_q[13]    ; clk          ; clk         ; 0.000        ; 0.068      ; 2.361      ;
; 2.149 ; packer_ppa_boundary:u_boundary|meta_sync2 ; packer_ppa_boundary:u_boundary|frac_q[10]    ; clk          ; clk         ; 0.000        ; 0.068      ; 2.361      ;
; 2.149 ; packer_ppa_boundary:u_boundary|meta_sync2 ; packer_ppa_boundary:u_boundary|frac_q[14]    ; clk          ; clk         ; 0.000        ; 0.068      ; 2.361      ;
; 2.149 ; packer_ppa_boundary:u_boundary|meta_sync2 ; packer_ppa_boundary:u_boundary|frac_q[15]    ; clk          ; clk         ; 0.000        ; 0.068      ; 2.361      ;
; 2.149 ; packer_ppa_boundary:u_boundary|meta_sync2 ; packer_ppa_boundary:u_boundary|frac_q[12]    ; clk          ; clk         ; 0.000        ; 0.068      ; 2.361      ;
; 2.149 ; packer_ppa_boundary:u_boundary|meta_sync2 ; packer_ppa_boundary:u_boundary|frac_q[24]    ; clk          ; clk         ; 0.000        ; 0.064      ; 2.357      ;
; 2.149 ; packer_ppa_boundary:u_boundary|meta_sync2 ; posit_pack:u_packer|g_rne.p1_mag_trunc_q[1]  ; clk          ; clk         ; 0.000        ; 0.063      ; 2.356      ;
; 2.149 ; packer_ppa_boundary:u_boundary|meta_sync2 ; posit_pack:u_packer|g_rne.p1_mag_trunc_q[2]  ; clk          ; clk         ; 0.000        ; 0.063      ; 2.356      ;
; 2.149 ; packer_ppa_boundary:u_boundary|meta_sync2 ; posit_pack:u_packer|g_rne.p1_mag_trunc_q[3]  ; clk          ; clk         ; 0.000        ; 0.063      ; 2.356      ;
; 2.149 ; packer_ppa_boundary:u_boundary|meta_sync2 ; posit_pack:u_packer|g_rne.p1_mag_trunc_q[4]  ; clk          ; clk         ; 0.000        ; 0.063      ; 2.356      ;
; 2.149 ; packer_ppa_boundary:u_boundary|meta_sync2 ; posit_pack:u_packer|g_rne.p1_mag_trunc_q[5]  ; clk          ; clk         ; 0.000        ; 0.063      ; 2.356      ;
; 2.149 ; packer_ppa_boundary:u_boundary|meta_sync2 ; posit_pack:u_packer|g_rne.p1_mag_trunc_q[6]  ; clk          ; clk         ; 0.000        ; 0.063      ; 2.356      ;
; 2.149 ; packer_ppa_boundary:u_boundary|meta_sync2 ; posit_pack:u_packer|g_rne.p1_mag_trunc_q[7]  ; clk          ; clk         ; 0.000        ; 0.063      ; 2.356      ;
; 2.149 ; packer_ppa_boundary:u_boundary|meta_sync2 ; posit_pack:u_packer|g_rne.p1_mag_trunc_q[8]  ; clk          ; clk         ; 0.000        ; 0.063      ; 2.356      ;
; 2.149 ; packer_ppa_boundary:u_boundary|meta_sync2 ; posit_pack:u_packer|g_rne.p1_mag_trunc_q[9]  ; clk          ; clk         ; 0.000        ; 0.063      ; 2.356      ;
; 2.149 ; packer_ppa_boundary:u_boundary|meta_sync2 ; posit_pack:u_packer|g_rne.p1_mag_trunc_q[10] ; clk          ; clk         ; 0.000        ; 0.063      ; 2.356      ;
; 2.149 ; packer_ppa_boundary:u_boundary|meta_sync2 ; posit_pack:u_packer|g_rne.p1_mag_trunc_q[11] ; clk          ; clk         ; 0.000        ; 0.063      ; 2.356      ;
; 2.149 ; packer_ppa_boundary:u_boundary|meta_sync2 ; posit_pack:u_packer|g_rne.p1_mag_trunc_q[12] ; clk          ; clk         ; 0.000        ; 0.063      ; 2.356      ;
; 2.149 ; packer_ppa_boundary:u_boundary|meta_sync2 ; posit_pack:u_packer|g_rne.p1_mag_trunc_q[13] ; clk          ; clk         ; 0.000        ; 0.063      ; 2.356      ;
; 2.149 ; packer_ppa_boundary:u_boundary|meta_sync2 ; posit_pack:u_packer|g_rne.p1_mag_trunc_q[14] ; clk          ; clk         ; 0.000        ; 0.063      ; 2.356      ;
; 2.149 ; packer_ppa_boundary:u_boundary|meta_sync2 ; posit_pack:u_packer|g_rne.p1_mag_trunc_q[15] ; clk          ; clk         ; 0.000        ; 0.063      ; 2.356      ;
; 2.149 ; packer_ppa_boundary:u_boundary|meta_sync2 ; packer_ppa_boundary:u_boundary|sign_q        ; clk          ; clk         ; 0.000        ; 0.066      ; 2.359      ;
; 2.150 ; packer_ppa_boundary:u_boundary|meta_sync2 ; packer_ppa_boundary:u_boundary|frac_q[45]    ; clk          ; clk         ; 0.000        ; 0.064      ; 2.358      ;
; 2.150 ; packer_ppa_boundary:u_boundary|meta_sync2 ; packer_ppa_boundary:u_boundary|frac_q[46]    ; clk          ; clk         ; 0.000        ; 0.064      ; 2.358      ;
; 2.150 ; packer_ppa_boundary:u_boundary|meta_sync2 ; packer_ppa_boundary:u_boundary|frac_q[43]    ; clk          ; clk         ; 0.000        ; 0.064      ; 2.358      ;
; 2.150 ; packer_ppa_boundary:u_boundary|meta_sync2 ; packer_ppa_boundary:u_boundary|frac_q[44]    ; clk          ; clk         ; 0.000        ; 0.064      ; 2.358      ;
; 2.150 ; packer_ppa_boundary:u_boundary|meta_sync2 ; packer_ppa_boundary:u_boundary|frac_q[47]    ; clk          ; clk         ; 0.000        ; 0.065      ; 2.359      ;
; 2.150 ; packer_ppa_boundary:u_boundary|meta_sync2 ; packer_ppa_boundary:u_boundary|frac_q[48]    ; clk          ; clk         ; 0.000        ; 0.065      ; 2.359      ;
; 2.150 ; packer_ppa_boundary:u_boundary|meta_sync2 ; packer_ppa_boundary:u_boundary|frac_q[50]    ; clk          ; clk         ; 0.000        ; 0.065      ; 2.359      ;
; 2.150 ; packer_ppa_boundary:u_boundary|meta_sync2 ; packer_ppa_boundary:u_boundary|frac_q[49]    ; clk          ; clk         ; 0.000        ; 0.065      ; 2.359      ;
; 2.150 ; packer_ppa_boundary:u_boundary|meta_sync2 ; packer_ppa_boundary:u_boundary|frac_q[52]    ; clk          ; clk         ; 0.000        ; 0.065      ; 2.359      ;
; 2.150 ; packer_ppa_boundary:u_boundary|meta_sync2 ; packer_ppa_boundary:u_boundary|frac_q[51]    ; clk          ; clk         ; 0.000        ; 0.065      ; 2.359      ;
; 2.150 ; packer_ppa_boundary:u_boundary|meta_sync2 ; packer_ppa_boundary:u_boundary|frac_q[53]    ; clk          ; clk         ; 0.000        ; 0.065      ; 2.359      ;
; 2.150 ; packer_ppa_boundary:u_boundary|meta_sync2 ; packer_ppa_boundary:u_boundary|frac_q[38]    ; clk          ; clk         ; 0.000        ; 0.064      ; 2.358      ;
; 2.150 ; packer_ppa_boundary:u_boundary|meta_sync2 ; packer_ppa_boundary:u_boundary|frac_q[37]    ; clk          ; clk         ; 0.000        ; 0.064      ; 2.358      ;
; 2.150 ; packer_ppa_boundary:u_boundary|meta_sync2 ; packer_ppa_boundary:u_boundary|frac_q[36]    ; clk          ; clk         ; 0.000        ; 0.064      ; 2.358      ;
; 2.150 ; packer_ppa_boundary:u_boundary|meta_sync2 ; packer_ppa_boundary:u_boundary|frac_q[42]    ; clk          ; clk         ; 0.000        ; 0.064      ; 2.358      ;
; 2.150 ; packer_ppa_boundary:u_boundary|meta_sync2 ; packer_ppa_boundary:u_boundary|frac_q[41]    ; clk          ; clk         ; 0.000        ; 0.064      ; 2.358      ;
; 2.150 ; packer_ppa_boundary:u_boundary|meta_sync2 ; packer_ppa_boundary:u_boundary|frac_q[39]    ; clk          ; clk         ; 0.000        ; 0.064      ; 2.358      ;
; 2.150 ; packer_ppa_boundary:u_boundary|meta_sync2 ; posit_pack:u_packer|g_rne.p1_guard_bit_q     ; clk          ; clk         ; 0.000        ; 0.063      ; 2.357      ;
; 2.150 ; packer_ppa_boundary:u_boundary|meta_sync2 ; posit_pack:u_packer|g_rne.p1_round_bit_q     ; clk          ; clk         ; 0.000        ; 0.063      ; 2.357      ;
; 2.150 ; packer_ppa_boundary:u_boundary|meta_sync2 ; packer_ppa_boundary:u_boundary|frac_q[7]     ; clk          ; clk         ; 0.000        ; 0.068      ; 2.362      ;
; 2.150 ; packer_ppa_boundary:u_boundary|meta_sync2 ; packer_ppa_boundary:u_boundary|frac_q[2]     ; clk          ; clk         ; 0.000        ; 0.068      ; 2.362      ;
; 2.150 ; packer_ppa_boundary:u_boundary|meta_sync2 ; packer_ppa_boundary:u_boundary|sticky_q      ; clk          ; clk         ; 0.000        ; 0.068      ; 2.362      ;
; 2.150 ; packer_ppa_boundary:u_boundary|meta_sync2 ; packer_ppa_boundary:u_boundary|frac_q[1]     ; clk          ; clk         ; 0.000        ; 0.068      ; 2.362      ;
; 2.150 ; packer_ppa_boundary:u_boundary|meta_sync2 ; packer_ppa_boundary:u_boundary|frac_q[8]     ; clk          ; clk         ; 0.000        ; 0.068      ; 2.362      ;
; 2.150 ; packer_ppa_boundary:u_boundary|meta_sync2 ; packer_ppa_boundary:u_boundary|frac_q[16]    ; clk          ; clk         ; 0.000        ; 0.068      ; 2.362      ;
; 2.150 ; packer_ppa_boundary:u_boundary|meta_sync2 ; packer_ppa_boundary:u_boundary|frac_q[17]    ; clk          ; clk         ; 0.000        ; 0.068      ; 2.362      ;
; 2.150 ; packer_ppa_boundary:u_boundary|meta_sync2 ; packer_ppa_boundary:u_boundary|frac_q[18]    ; clk          ; clk         ; 0.000        ; 0.068      ; 2.362      ;
; 2.150 ; packer_ppa_boundary:u_boundary|meta_sync2 ; packer_ppa_boundary:u_boundary|frac_q[19]    ; clk          ; clk         ; 0.000        ; 0.068      ; 2.362      ;
; 2.150 ; packer_ppa_boundary:u_boundary|meta_sync2 ; packer_ppa_boundary:u_boundary|frac_q[4]     ; clk          ; clk         ; 0.000        ; 0.068      ; 2.362      ;
; 2.150 ; packer_ppa_boundary:u_boundary|meta_sync2 ; packer_ppa_boundary:u_boundary|frac_q[5]     ; clk          ; clk         ; 0.000        ; 0.068      ; 2.362      ;
; 2.150 ; packer_ppa_boundary:u_boundary|meta_sync2 ; packer_ppa_boundary:u_boundary|frac_q[6]     ; clk          ; clk         ; 0.000        ; 0.068      ; 2.362      ;
; 2.150 ; packer_ppa_boundary:u_boundary|meta_sync2 ; packer_ppa_boundary:u_boundary|frac_q[25]    ; clk          ; clk         ; 0.000        ; 0.063      ; 2.357      ;
; 2.150 ; packer_ppa_boundary:u_boundary|meta_sync2 ; packer_ppa_boundary:u_boundary|frac_q[22]    ; clk          ; clk         ; 0.000        ; 0.063      ; 2.357      ;
+-------+-------------------------------------------+----------------------------------------------+--------------+-------------+--------------+------------+------------+


+------------------------------------------------------------------------------------------------------------------------------+
; Slow 1200mV 0C Model Minimum Pulse Width: 'clk'                                                                              ;
+-------+--------------+----------------+-----------------+-------+------------+-----------------------------------------------+
; Slack ; Actual Width ; Required Width ; Type            ; Clock ; Clock Edge ; Target                                        ;
+-------+--------------+----------------+-----------------+-------+------------+-----------------------------------------------+
; 4.696 ; 4.880        ; 0.184          ; Low Pulse Width ; clk   ; Rise       ; posit_pack:u_packer|g_rne.d_q[18]             ;
; 4.699 ; 4.883        ; 0.184          ; Low Pulse Width ; clk   ; Rise       ; packer_ppa_boundary:u_boundary|d[24]          ;
; 4.700 ; 4.884        ; 0.184          ; Low Pulse Width ; clk   ; Rise       ; packer_ppa_boundary:u_boundary|d[14]          ;
; 4.700 ; 4.884        ; 0.184          ; Low Pulse Width ; clk   ; Rise       ; packer_ppa_boundary:u_boundary|d[2]           ;
; 4.700 ; 4.884        ; 0.184          ; Low Pulse Width ; clk   ; Rise       ; packer_ppa_boundary:u_boundary|d[5]           ;
; 4.700 ; 4.884        ; 0.184          ; Low Pulse Width ; clk   ; Rise       ; packer_ppa_boundary:u_boundary|d[8]           ;
; 4.700 ; 4.884        ; 0.184          ; Low Pulse Width ; clk   ; Rise       ; packer_ppa_boundary:u_boundary|flags[2]       ;
; 4.700 ; 4.884        ; 0.184          ; Low Pulse Width ; clk   ; Rise       ; packer_ppa_boundary:u_boundary|flags[3]       ;
; 4.700 ; 4.884        ; 0.184          ; Low Pulse Width ; clk   ; Rise       ; packer_ppa_boundary:u_boundary|flags[4]       ;
; 4.700 ; 4.884        ; 0.184          ; Low Pulse Width ; clk   ; Rise       ; packer_ppa_boundary:u_boundary|out_valid      ;
; 4.700 ; 4.884        ; 0.184          ; Low Pulse Width ; clk   ; Rise       ; posit_pack:u_packer|g_rne.d_q[10]             ;
; 4.700 ; 4.884        ; 0.184          ; Low Pulse Width ; clk   ; Rise       ; posit_pack:u_packer|g_rne.d_q[12]             ;
; 4.700 ; 4.884        ; 0.184          ; Low Pulse Width ; clk   ; Rise       ; posit_pack:u_packer|g_rne.d_q[14]             ;
; 4.700 ; 4.884        ; 0.184          ; Low Pulse Width ; clk   ; Rise       ; posit_pack:u_packer|g_rne.d_q[16]             ;
; 4.700 ; 4.884        ; 0.184          ; Low Pulse Width ; clk   ; Rise       ; posit_pack:u_packer|g_rne.d_q[2]              ;
; 4.700 ; 4.884        ; 0.184          ; Low Pulse Width ; clk   ; Rise       ; posit_pack:u_packer|g_rne.d_q[4]              ;
; 4.700 ; 4.884        ; 0.184          ; Low Pulse Width ; clk   ; Rise       ; posit_pack:u_packer|g_rne.d_q[5]              ;
; 4.700 ; 4.884        ; 0.184          ; Low Pulse Width ; clk   ; Rise       ; posit_pack:u_packer|g_rne.d_q[6]              ;
; 4.700 ; 4.884        ; 0.184          ; Low Pulse Width ; clk   ; Rise       ; posit_pack:u_packer|g_rne.d_q[8]              ;
; 4.700 ; 4.884        ; 0.184          ; Low Pulse Width ; clk   ; Rise       ; posit_pack:u_packer|g_rne.d_q[9]              ;
; 4.700 ; 4.884        ; 0.184          ; Low Pulse Width ; clk   ; Rise       ; posit_pack:u_packer|g_rne.flags_q[2]          ;
; 4.700 ; 4.884        ; 0.184          ; Low Pulse Width ; clk   ; Rise       ; posit_pack:u_packer|g_rne.flags_q[4]          ;
; 4.700 ; 4.884        ; 0.184          ; Low Pulse Width ; clk   ; Rise       ; posit_pack:u_packer|g_rne.p2_valid_q          ;
; 4.701 ; 4.885        ; 0.184          ; Low Pulse Width ; clk   ; Rise       ; packer_ppa_boundary:u_boundary|d[0]           ;
; 4.701 ; 4.885        ; 0.184          ; Low Pulse Width ; clk   ; Rise       ; packer_ppa_boundary:u_boundary|d[10]          ;
; 4.701 ; 4.885        ; 0.184          ; Low Pulse Width ; clk   ; Rise       ; packer_ppa_boundary:u_boundary|d[11]          ;
; 4.701 ; 4.885        ; 0.184          ; Low Pulse Width ; clk   ; Rise       ; packer_ppa_boundary:u_boundary|d[12]          ;
; 4.701 ; 4.885        ; 0.184          ; Low Pulse Width ; clk   ; Rise       ; packer_ppa_boundary:u_boundary|d[13]          ;
; 4.701 ; 4.885        ; 0.184          ; Low Pulse Width ; clk   ; Rise       ; packer_ppa_boundary:u_boundary|d[18]          ;
; 4.701 ; 4.885        ; 0.184          ; Low Pulse Width ; clk   ; Rise       ; packer_ppa_boundary:u_boundary|d[1]           ;
; 4.701 ; 4.885        ; 0.184          ; Low Pulse Width ; clk   ; Rise       ; packer_ppa_boundary:u_boundary|d[28]          ;
; 4.701 ; 4.885        ; 0.184          ; Low Pulse Width ; clk   ; Rise       ; packer_ppa_boundary:u_boundary|d[30]          ;
; 4.701 ; 4.885        ; 0.184          ; Low Pulse Width ; clk   ; Rise       ; packer_ppa_boundary:u_boundary|d[31]          ;
; 4.701 ; 4.885        ; 0.184          ; Low Pulse Width ; clk   ; Rise       ; packer_ppa_boundary:u_boundary|d[3]           ;
; 4.701 ; 4.885        ; 0.184          ; Low Pulse Width ; clk   ; Rise       ; packer_ppa_boundary:u_boundary|d[4]           ;
; 4.701 ; 4.885        ; 0.184          ; Low Pulse Width ; clk   ; Rise       ; packer_ppa_boundary:u_boundary|d[6]           ;
; 4.701 ; 4.885        ; 0.184          ; Low Pulse Width ; clk   ; Rise       ; packer_ppa_boundary:u_boundary|d[7]           ;
; 4.701 ; 4.885        ; 0.184          ; Low Pulse Width ; clk   ; Rise       ; packer_ppa_boundary:u_boundary|flags[0]       ;
; 4.701 ; 4.885        ; 0.184          ; Low Pulse Width ; clk   ; Rise       ; packer_ppa_boundary:u_boundary|flags[1]       ;
; 4.701 ; 4.885        ; 0.184          ; Low Pulse Width ; clk   ; Rise       ; packer_ppa_boundary:u_boundary|flags_in_q[0]  ;
; 4.701 ; 4.885        ; 0.184          ; Low Pulse Width ; clk   ; Rise       ; packer_ppa_boundary:u_boundary|flags_in_q[2]  ;
; 4.701 ; 4.885        ; 0.184          ; Low Pulse Width ; clk   ; Rise       ; packer_ppa_boundary:u_boundary|flags_in_q[3]  ;
; 4.701 ; 4.885        ; 0.184          ; Low Pulse Width ; clk   ; Rise       ; packer_ppa_boundary:u_boundary|flags_in_q[4]  ;
; 4.701 ; 4.885        ; 0.184          ; Low Pulse Width ; clk   ; Rise       ; packer_ppa_boundary:u_boundary|is_nar_q       ;
; 4.701 ; 4.885        ; 0.184          ; Low Pulse Width ; clk   ; Rise       ; packer_ppa_boundary:u_boundary|is_zero_q      ;
; 4.701 ; 4.885        ; 0.184          ; Low Pulse Width ; clk   ; Rise       ; packer_ppa_boundary:u_boundary|sf_q[7]        ;
; 4.701 ; 4.885        ; 0.184          ; Low Pulse Width ; clk   ; Rise       ; packer_ppa_boundary:u_boundary|sf_q[8]        ;
; 4.701 ; 4.885        ; 0.184          ; Low Pulse Width ; clk   ; Rise       ; posit_pack:u_packer|g_rne.d_q[0]              ;
; 4.701 ; 4.885        ; 0.184          ; Low Pulse Width ; clk   ; Rise       ; posit_pack:u_packer|g_rne.d_q[1]              ;
; 4.701 ; 4.885        ; 0.184          ; Low Pulse Width ; clk   ; Rise       ; posit_pack:u_packer|g_rne.d_q[31]             ;
; 4.701 ; 4.885        ; 0.184          ; Low Pulse Width ; clk   ; Rise       ; posit_pack:u_packer|g_rne.d_q[3]              ;
; 4.701 ; 4.885        ; 0.184          ; Low Pulse Width ; clk   ; Rise       ; posit_pack:u_packer|g_rne.flags_q[0]          ;
; 4.701 ; 4.885        ; 0.184          ; Low Pulse Width ; clk   ; Rise       ; posit_pack:u_packer|g_rne.flags_q[1]          ;
; 4.701 ; 4.885        ; 0.184          ; Low Pulse Width ; clk   ; Rise       ; posit_pack:u_packer|g_rne.flags_q[3]          ;
; 4.701 ; 4.885        ; 0.184          ; Low Pulse Width ; clk   ; Rise       ; posit_pack:u_packer|g_rne.p1_flags_q[0]       ;
; 4.701 ; 4.885        ; 0.184          ; Low Pulse Width ; clk   ; Rise       ; posit_pack:u_packer|g_rne.p1_flags_q[2]       ;
; 4.701 ; 4.885        ; 0.184          ; Low Pulse Width ; clk   ; Rise       ; posit_pack:u_packer|g_rne.p1_flags_q[3]       ;
; 4.701 ; 4.885        ; 0.184          ; Low Pulse Width ; clk   ; Rise       ; posit_pack:u_packer|g_rne.p1_flags_q[4]       ;
; 4.701 ; 4.885        ; 0.184          ; Low Pulse Width ; clk   ; Rise       ; posit_pack:u_packer|g_rne.p1_mag_trunc_q[16]  ;
; 4.701 ; 4.885        ; 0.184          ; Low Pulse Width ; clk   ; Rise       ; posit_pack:u_packer|g_rne.p1_mag_trunc_q[17]  ;
; 4.701 ; 4.885        ; 0.184          ; Low Pulse Width ; clk   ; Rise       ; posit_pack:u_packer|g_rne.p1_mag_trunc_q[18]  ;
; 4.701 ; 4.885        ; 0.184          ; Low Pulse Width ; clk   ; Rise       ; posit_pack:u_packer|g_rne.p1_mag_trunc_q[19]  ;
; 4.701 ; 4.885        ; 0.184          ; Low Pulse Width ; clk   ; Rise       ; posit_pack:u_packer|g_rne.p1_mag_trunc_q[20]  ;
; 4.701 ; 4.885        ; 0.184          ; Low Pulse Width ; clk   ; Rise       ; posit_pack:u_packer|g_rne.p1_mag_trunc_q[21]  ;
; 4.701 ; 4.885        ; 0.184          ; Low Pulse Width ; clk   ; Rise       ; posit_pack:u_packer|g_rne.p1_mag_trunc_q[22]  ;
; 4.701 ; 4.885        ; 0.184          ; Low Pulse Width ; clk   ; Rise       ; posit_pack:u_packer|g_rne.p1_mag_trunc_q[23]  ;
; 4.701 ; 4.885        ; 0.184          ; Low Pulse Width ; clk   ; Rise       ; posit_pack:u_packer|g_rne.p1_mag_trunc_q[24]  ;
; 4.701 ; 4.885        ; 0.184          ; Low Pulse Width ; clk   ; Rise       ; posit_pack:u_packer|g_rne.p1_mag_trunc_q[25]  ;
; 4.701 ; 4.885        ; 0.184          ; Low Pulse Width ; clk   ; Rise       ; posit_pack:u_packer|g_rne.p1_mag_trunc_q[26]  ;
; 4.701 ; 4.885        ; 0.184          ; Low Pulse Width ; clk   ; Rise       ; posit_pack:u_packer|g_rne.p1_mag_trunc_q[27]  ;
; 4.701 ; 4.885        ; 0.184          ; Low Pulse Width ; clk   ; Rise       ; posit_pack:u_packer|g_rne.p1_mag_trunc_q[28]  ;
; 4.701 ; 4.885        ; 0.184          ; Low Pulse Width ; clk   ; Rise       ; posit_pack:u_packer|g_rne.p1_mag_trunc_q[29]  ;
; 4.701 ; 4.885        ; 0.184          ; Low Pulse Width ; clk   ; Rise       ; posit_pack:u_packer|g_rne.p1_mag_trunc_q[30]  ;
; 4.701 ; 4.885        ; 0.184          ; Low Pulse Width ; clk   ; Rise       ; posit_pack:u_packer|g_rne.p1_sign_q           ;
; 4.701 ; 4.885        ; 0.184          ; Low Pulse Width ; clk   ; Rise       ; posit_pack:u_packer|g_rne.p1_special_sel_q[0] ;
; 4.701 ; 4.885        ; 0.184          ; Low Pulse Width ; clk   ; Rise       ; posit_pack:u_packer|g_rne.p1_special_sel_q[1] ;
; 4.701 ; 4.885        ; 0.184          ; Low Pulse Width ; clk   ; Rise       ; posit_pack:u_packer|g_rne.p1_special_sel_q[2] ;
; 4.701 ; 4.885        ; 0.184          ; Low Pulse Width ; clk   ; Rise       ; posit_pack:u_packer|g_rne.p1_valid_q          ;
; 4.702 ; 4.886        ; 0.184          ; Low Pulse Width ; clk   ; Rise       ; packer_ppa_boundary:u_boundary|d[15]          ;
; 4.702 ; 4.886        ; 0.184          ; Low Pulse Width ; clk   ; Rise       ; packer_ppa_boundary:u_boundary|d[16]          ;
; 4.702 ; 4.886        ; 0.184          ; Low Pulse Width ; clk   ; Rise       ; packer_ppa_boundary:u_boundary|d[17]          ;
; 4.702 ; 4.886        ; 0.184          ; Low Pulse Width ; clk   ; Rise       ; packer_ppa_boundary:u_boundary|d[19]          ;
; 4.702 ; 4.886        ; 0.184          ; Low Pulse Width ; clk   ; Rise       ; packer_ppa_boundary:u_boundary|d[20]          ;
; 4.702 ; 4.886        ; 0.184          ; Low Pulse Width ; clk   ; Rise       ; packer_ppa_boundary:u_boundary|d[21]          ;
; 4.702 ; 4.886        ; 0.184          ; Low Pulse Width ; clk   ; Rise       ; packer_ppa_boundary:u_boundary|d[23]          ;
; 4.702 ; 4.886        ; 0.184          ; Low Pulse Width ; clk   ; Rise       ; packer_ppa_boundary:u_boundary|d[25]          ;
; 4.702 ; 4.886        ; 0.184          ; Low Pulse Width ; clk   ; Rise       ; packer_ppa_boundary:u_boundary|d[27]          ;
; 4.702 ; 4.886        ; 0.184          ; Low Pulse Width ; clk   ; Rise       ; packer_ppa_boundary:u_boundary|d[29]          ;
; 4.702 ; 4.886        ; 0.184          ; Low Pulse Width ; clk   ; Rise       ; packer_ppa_boundary:u_boundary|d[9]           ;
; 4.702 ; 4.886        ; 0.184          ; Low Pulse Width ; clk   ; Rise       ; packer_ppa_boundary:u_boundary|flags_in_q[1]  ;
; 4.702 ; 4.886        ; 0.184          ; Low Pulse Width ; clk   ; Rise       ; packer_ppa_boundary:u_boundary|frac_q[0]      ;
; 4.702 ; 4.886        ; 0.184          ; Low Pulse Width ; clk   ; Rise       ; packer_ppa_boundary:u_boundary|frac_q[10]     ;
; 4.702 ; 4.886        ; 0.184          ; Low Pulse Width ; clk   ; Rise       ; packer_ppa_boundary:u_boundary|frac_q[11]     ;
; 4.702 ; 4.886        ; 0.184          ; Low Pulse Width ; clk   ; Rise       ; packer_ppa_boundary:u_boundary|frac_q[12]     ;
; 4.702 ; 4.886        ; 0.184          ; Low Pulse Width ; clk   ; Rise       ; packer_ppa_boundary:u_boundary|frac_q[13]     ;
; 4.702 ; 4.886        ; 0.184          ; Low Pulse Width ; clk   ; Rise       ; packer_ppa_boundary:u_boundary|frac_q[14]     ;
; 4.702 ; 4.886        ; 0.184          ; Low Pulse Width ; clk   ; Rise       ; packer_ppa_boundary:u_boundary|frac_q[15]     ;
; 4.702 ; 4.886        ; 0.184          ; Low Pulse Width ; clk   ; Rise       ; packer_ppa_boundary:u_boundary|frac_q[16]     ;
; 4.702 ; 4.886        ; 0.184          ; Low Pulse Width ; clk   ; Rise       ; packer_ppa_boundary:u_boundary|frac_q[17]     ;
; 4.702 ; 4.886        ; 0.184          ; Low Pulse Width ; clk   ; Rise       ; packer_ppa_boundary:u_boundary|frac_q[18]     ;
+-------+--------------+----------------+-----------------+-------+------------+-----------------------------------------------+


+----------------------------------------------------------------------------+
; Setup Times                                                                ;
+--------------+------------+--------+--------+------------+-----------------+
; Data Port    ; Clock Port ; Rise   ; Fall   ; Clock Edge ; Clock Reference ;
+--------------+------------+--------+--------+------------+-----------------+
; flags_in[*]  ; clk        ; 1.907  ; 2.318  ; Rise       ; clk             ;
;  flags_in[0] ; clk        ; 1.905  ; 2.293  ; Rise       ; clk             ;
;  flags_in[1] ; clk        ; 1.763  ; 2.139  ; Rise       ; clk             ;
;  flags_in[2] ; clk        ; 1.899  ; 2.318  ; Rise       ; clk             ;
;  flags_in[3] ; clk        ; 1.888  ; 2.289  ; Rise       ; clk             ;
;  flags_in[4] ; clk        ; 1.907  ; 2.294  ; Rise       ; clk             ;
; frac[*]      ; clk        ; 2.366  ; 2.760  ; Rise       ; clk             ;
;  frac[0]     ; clk        ; 2.172  ; 2.553  ; Rise       ; clk             ;
;  frac[1]     ; clk        ; 2.035  ; 2.498  ; Rise       ; clk             ;
;  frac[2]     ; clk        ; 2.101  ; 2.506  ; Rise       ; clk             ;
;  frac[3]     ; clk        ; 2.122  ; 2.483  ; Rise       ; clk             ;
;  frac[4]     ; clk        ; 0.097  ; 0.221  ; Rise       ; clk             ;
;  frac[5]     ; clk        ; 1.961  ; 2.316  ; Rise       ; clk             ;
;  frac[6]     ; clk        ; 1.825  ; 2.204  ; Rise       ; clk             ;
;  frac[7]     ; clk        ; 1.806  ; 2.225  ; Rise       ; clk             ;
;  frac[8]     ; clk        ; 2.002  ; 2.318  ; Rise       ; clk             ;
;  frac[9]     ; clk        ; 2.075  ; 2.487  ; Rise       ; clk             ;
;  frac[10]    ; clk        ; 2.152  ; 2.543  ; Rise       ; clk             ;
;  frac[11]    ; clk        ; 2.164  ; 2.600  ; Rise       ; clk             ;
;  frac[12]    ; clk        ; 2.015  ; 2.402  ; Rise       ; clk             ;
;  frac[13]    ; clk        ; 1.968  ; 2.346  ; Rise       ; clk             ;
;  frac[14]    ; clk        ; 1.938  ; 2.294  ; Rise       ; clk             ;
;  frac[15]    ; clk        ; 2.140  ; 2.550  ; Rise       ; clk             ;
;  frac[16]    ; clk        ; 1.905  ; 2.340  ; Rise       ; clk             ;
;  frac[17]    ; clk        ; 1.907  ; 2.337  ; Rise       ; clk             ;
;  frac[18]    ; clk        ; 1.808  ; 2.176  ; Rise       ; clk             ;
;  frac[19]    ; clk        ; 2.147  ; 2.565  ; Rise       ; clk             ;
;  frac[20]    ; clk        ; 2.068  ; 2.457  ; Rise       ; clk             ;
;  frac[21]    ; clk        ; 1.756  ; 2.145  ; Rise       ; clk             ;
;  frac[22]    ; clk        ; 1.854  ; 2.271  ; Rise       ; clk             ;
;  frac[23]    ; clk        ; -0.216 ; -0.081 ; Rise       ; clk             ;
;  frac[24]    ; clk        ; 1.723  ; 2.063  ; Rise       ; clk             ;
;  frac[25]    ; clk        ; 0.031  ; 0.167  ; Rise       ; clk             ;
;  frac[26]    ; clk        ; 2.046  ; 2.387  ; Rise       ; clk             ;
;  frac[27]    ; clk        ; 1.776  ; 2.121  ; Rise       ; clk             ;
;  frac[28]    ; clk        ; 2.005  ; 2.387  ; Rise       ; clk             ;
;  frac[29]    ; clk        ; 1.559  ; 1.967  ; Rise       ; clk             ;
;  frac[30]    ; clk        ; 1.791  ; 2.209  ; Rise       ; clk             ;
;  frac[31]    ; clk        ; 1.715  ; 2.038  ; Rise       ; clk             ;
;  frac[32]    ; clk        ; 1.828  ; 2.239  ; Rise       ; clk             ;
;  frac[33]    ; clk        ; 1.521  ; 1.901  ; Rise       ; clk             ;
;  frac[34]    ; clk        ; 1.981  ; 2.352  ; Rise       ; clk             ;
;  frac[35]    ; clk        ; 0.353  ; 0.455  ; Rise       ; clk             ;
;  frac[36]    ; clk        ; 0.297  ; 0.399  ; Rise       ; clk             ;
;  frac[37]    ; clk        ; 0.367  ; 0.463  ; Rise       ; clk             ;
;  frac[38]    ; clk        ; 1.788  ; 2.135  ; Rise       ; clk             ;
;  frac[39]    ; clk        ; 1.737  ; 2.066  ; Rise       ; clk             ;
;  frac[40]    ; clk        ; 0.224  ; 0.352  ; Rise       ; clk             ;
;  frac[41]    ; clk        ; 1.855  ; 2.205  ; Rise       ; clk             ;
;  frac[42]    ; clk        ; 1.501  ; 1.885  ; Rise       ; clk             ;
;  frac[43]    ; clk        ; 1.508  ; 1.880  ; Rise       ; clk             ;
;  frac[44]    ; clk        ; 1.454  ; 1.843  ; Rise       ; clk             ;
;  frac[45]    ; clk        ; 2.134  ; 2.523  ; Rise       ; clk             ;
;  frac[46]    ; clk        ; 1.878  ; 2.240  ; Rise       ; clk             ;
;  frac[47]    ; clk        ; 2.136  ; 2.583  ; Rise       ; clk             ;
;  frac[48]    ; clk        ; 1.806  ; 2.156  ; Rise       ; clk             ;
;  frac[49]    ; clk        ; 2.149  ; 2.563  ; Rise       ; clk             ;
;  frac[50]    ; clk        ; 2.161  ; 2.534  ; Rise       ; clk             ;
;  frac[51]    ; clk        ; 1.874  ; 2.295  ; Rise       ; clk             ;
;  frac[52]    ; clk        ; 2.366  ; 2.760  ; Rise       ; clk             ;
;  frac[53]    ; clk        ; 1.790  ; 2.132  ; Rise       ; clk             ;
;  frac[54]    ; clk        ; 2.013  ; 2.385  ; Rise       ; clk             ;
; is_nar       ; clk        ; 1.523  ; 1.902  ; Rise       ; clk             ;
; is_zero      ; clk        ; 2.053  ; 2.461  ; Rise       ; clk             ;
; sf[*]        ; clk        ; 2.034  ; 2.410  ; Rise       ; clk             ;
;  sf[0]       ; clk        ; 1.917  ; 2.340  ; Rise       ; clk             ;
;  sf[1]       ; clk        ; 1.554  ; 1.935  ; Rise       ; clk             ;
;  sf[2]       ; clk        ; 1.770  ; 2.094  ; Rise       ; clk             ;
;  sf[3]       ; clk        ; 1.509  ; 1.851  ; Rise       ; clk             ;
;  sf[4]       ; clk        ; 1.842  ; 2.255  ; Rise       ; clk             ;
;  sf[5]       ; clk        ; 2.034  ; 2.406  ; Rise       ; clk             ;
;  sf[6]       ; clk        ; 1.851  ; 2.221  ; Rise       ; clk             ;
;  sf[7]       ; clk        ; 1.789  ; 2.144  ; Rise       ; clk             ;
;  sf[8]       ; clk        ; 1.974  ; 2.410  ; Rise       ; clk             ;
;  sf[9]       ; clk        ; 1.492  ; 1.865  ; Rise       ; clk             ;
; sign         ; clk        ; 2.145  ; 2.584  ; Rise       ; clk             ;
; sticky       ; clk        ; 1.860  ; 2.221  ; Rise       ; clk             ;
+--------------+------------+--------+--------+------------+-----------------+


+----------------------------------------------------------------------------+
; Hold Times                                                                 ;
+--------------+------------+--------+--------+------------+-----------------+
; Data Port    ; Clock Port ; Rise   ; Fall   ; Clock Edge ; Clock Reference ;
+--------------+------------+--------+--------+------------+-----------------+
; flags_in[*]  ; clk        ; -1.427 ; -1.792 ; Rise       ; clk             ;
;  flags_in[0] ; clk        ; -1.553 ; -1.925 ; Rise       ; clk             ;
;  flags_in[1] ; clk        ; -1.427 ; -1.792 ; Rise       ; clk             ;
;  flags_in[2] ; clk        ; -1.558 ; -1.965 ; Rise       ; clk             ;
;  flags_in[3] ; clk        ; -1.547 ; -1.937 ; Rise       ; clk             ;
;  flags_in[4] ; clk        ; -1.555 ; -1.926 ; Rise       ; clk             ;
; frac[*]      ; clk        ; 0.468  ; 0.334  ; Rise       ; clk             ;
;  frac[0]     ; clk        ; -1.822 ; -2.191 ; Rise       ; clk             ;
;  frac[1]     ; clk        ; -1.688 ; -2.137 ; Rise       ; clk             ;
;  frac[2]     ; clk        ; -1.751 ; -2.145 ; Rise       ; clk             ;
;  frac[3]     ; clk        ; -1.774 ; -2.124 ; Rise       ; clk             ;
;  frac[4]     ; clk        ; 0.168  ; 0.043  ; Rise       ; clk             ;
;  frac[5]     ; clk        ; -1.617 ; -1.962 ; Rise       ; clk             ;
;  frac[6]     ; clk        ; -1.489 ; -1.856 ; Rise       ; clk             ;
;  frac[7]     ; clk        ; -1.468 ; -1.876 ; Rise       ; clk             ;
;  frac[8]     ; clk        ; -1.659 ; -1.966 ; Rise       ; clk             ;
;  frac[9]     ; clk        ; -1.725 ; -2.126 ; Rise       ; clk             ;
;  frac[10]    ; clk        ; -1.802 ; -2.181 ; Rise       ; clk             ;
;  frac[11]    ; clk        ; -1.810 ; -2.235 ; Rise       ; clk             ;
;  frac[12]    ; clk        ; -1.668 ; -2.044 ; Rise       ; clk             ;
;  frac[13]    ; clk        ; -1.623 ; -1.991 ; Rise       ; clk             ;
;  frac[14]    ; clk        ; -1.593 ; -1.941 ; Rise       ; clk             ;
;  frac[15]    ; clk        ; -1.787 ; -2.186 ; Rise       ; clk             ;
;  frac[16]    ; clk        ; -1.563 ; -1.986 ; Rise       ; clk             ;
;  frac[17]    ; clk        ; -1.564 ; -1.982 ; Rise       ; clk             ;
;  frac[18]    ; clk        ; -1.473 ; -1.830 ; Rise       ; clk             ;
;  frac[19]    ; clk        ; -1.795 ; -2.201 ; Rise       ; clk             ;
;  frac[20]    ; clk        ; -1.720 ; -2.098 ; Rise       ; clk             ;
;  frac[21]    ; clk        ; -1.420 ; -1.799 ; Rise       ; clk             ;
;  frac[22]    ; clk        ; -1.515 ; -1.919 ; Rise       ; clk             ;
;  frac[23]    ; clk        ; 0.468  ; 0.334  ; Rise       ; clk             ;
;  frac[24]    ; clk        ; -1.388 ; -1.718 ; Rise       ; clk             ;
;  frac[25]    ; clk        ; 0.231  ; 0.095  ; Rise       ; clk             ;
;  frac[26]    ; clk        ; -1.700 ; -2.031 ; Rise       ; clk             ;
;  frac[27]    ; clk        ; -1.441 ; -1.776 ; Rise       ; clk             ;
;  frac[28]    ; clk        ; -1.658 ; -2.030 ; Rise       ; clk             ;
;  frac[29]    ; clk        ; -1.230 ; -1.627 ; Rise       ; clk             ;
;  frac[30]    ; clk        ; -1.452 ; -1.859 ; Rise       ; clk             ;
;  frac[31]    ; clk        ; -1.382 ; -1.696 ; Rise       ; clk             ;
;  frac[32]    ; clk        ; -1.488 ; -1.888 ; Rise       ; clk             ;
;  frac[33]    ; clk        ; -1.194 ; -1.564 ; Rise       ; clk             ;
;  frac[34]    ; clk        ; -1.635 ; -1.997 ; Rise       ; clk             ;
;  frac[35]    ; clk        ; -0.077 ; -0.181 ; Rise       ; clk             ;
;  frac[36]    ; clk        ; -0.024 ; -0.127 ; Rise       ; clk             ;
;  frac[37]    ; clk        ; -0.091 ; -0.189 ; Rise       ; clk             ;
;  frac[38]    ; clk        ; -1.453 ; -1.790 ; Rise       ; clk             ;
;  frac[39]    ; clk        ; -1.404 ; -1.723 ; Rise       ; clk             ;
;  frac[40]    ; clk        ; 0.046  ; -0.083 ; Rise       ; clk             ;
;  frac[41]    ; clk        ; -1.517 ; -1.857 ; Rise       ; clk             ;
;  frac[42]    ; clk        ; -1.175 ; -1.549 ; Rise       ; clk             ;
;  frac[43]    ; clk        ; -1.182 ; -1.544 ; Rise       ; clk             ;
;  frac[44]    ; clk        ; -1.130 ; -1.508 ; Rise       ; clk             ;
;  frac[45]    ; clk        ; -1.783 ; -2.161 ; Rise       ; clk             ;
;  frac[46]    ; clk        ; -1.540 ; -1.891 ; Rise       ; clk             ;
;  frac[47]    ; clk        ; -1.785 ; -2.219 ; Rise       ; clk             ;
;  frac[48]    ; clk        ; -1.470 ; -1.810 ; Rise       ; clk             ;
;  frac[49]    ; clk        ; -1.797 ; -2.200 ; Rise       ; clk             ;
;  frac[50]    ; clk        ; -1.812 ; -2.173 ; Rise       ; clk             ;
;  frac[51]    ; clk        ; -1.533 ; -1.943 ; Rise       ; clk             ;
;  frac[52]    ; clk        ; -2.005 ; -2.389 ; Rise       ; clk             ;
;  frac[53]    ; clk        ; -1.455 ; -1.787 ; Rise       ; clk             ;
;  frac[54]    ; clk        ; -1.667 ; -2.028 ; Rise       ; clk             ;
; is_nar       ; clk        ; -1.197 ; -1.566 ; Rise       ; clk             ;
; is_zero      ; clk        ; -1.705 ; -2.103 ; Rise       ; clk             ;
; sf[*]        ; clk        ; -1.166 ; -1.517 ; Rise       ; clk             ;
;  sf[0]       ; clk        ; -1.575 ; -1.986 ; Rise       ; clk             ;
;  sf[1]       ; clk        ; -1.226 ; -1.597 ; Rise       ; clk             ;
;  sf[2]       ; clk        ; -1.435 ; -1.750 ; Rise       ; clk             ;
;  sf[3]       ; clk        ; -1.184 ; -1.517 ; Rise       ; clk             ;
;  sf[4]       ; clk        ; -1.502 ; -1.903 ; Rise       ; clk             ;
;  sf[5]       ; clk        ; -1.678 ; -2.033 ; Rise       ; clk             ;
;  sf[6]       ; clk        ; -1.513 ; -1.871 ; Rise       ; clk             ;
;  sf[7]       ; clk        ; -1.452 ; -1.798 ; Rise       ; clk             ;
;  sf[8]       ; clk        ; -1.630 ; -2.053 ; Rise       ; clk             ;
;  sf[9]       ; clk        ; -1.166 ; -1.529 ; Rise       ; clk             ;
; sign         ; clk        ; -1.793 ; -2.219 ; Rise       ; clk             ;
; sticky       ; clk        ; -1.522 ; -1.872 ; Rise       ; clk             ;
+--------------+------------+--------+--------+------------+-----------------+


+-----------------------------------------------------------------------+
; Clock to Output Times                                                 ;
+-----------+------------+-------+-------+------------+-----------------+
; Data Port ; Clock Port ; Rise  ; Fall  ; Clock Edge ; Clock Reference ;
+-----------+------------+-------+-------+------------+-----------------+
; d[*]      ; clk        ; 7.142 ; 7.161 ; Rise       ; clk             ;
;  d[0]     ; clk        ; 5.280 ; 5.263 ; Rise       ; clk             ;
;  d[1]     ; clk        ; 5.282 ; 5.302 ; Rise       ; clk             ;
;  d[2]     ; clk        ; 5.736 ; 5.748 ; Rise       ; clk             ;
;  d[3]     ; clk        ; 5.921 ; 5.956 ; Rise       ; clk             ;
;  d[4]     ; clk        ; 5.554 ; 5.543 ; Rise       ; clk             ;
;  d[5]     ; clk        ; 5.979 ; 5.993 ; Rise       ; clk             ;
;  d[6]     ; clk        ; 6.572 ; 6.596 ; Rise       ; clk             ;
;  d[7]     ; clk        ; 5.851 ; 5.873 ; Rise       ; clk             ;
;  d[8]     ; clk        ; 5.718 ; 5.743 ; Rise       ; clk             ;
;  d[9]     ; clk        ; 7.121 ; 7.092 ; Rise       ; clk             ;
;  d[10]    ; clk        ; 6.752 ; 6.787 ; Rise       ; clk             ;
;  d[11]    ; clk        ; 6.595 ; 6.513 ; Rise       ; clk             ;
;  d[12]    ; clk        ; 5.486 ; 5.469 ; Rise       ; clk             ;
;  d[13]    ; clk        ; 5.778 ; 5.759 ; Rise       ; clk             ;
;  d[14]    ; clk        ; 5.287 ; 5.321 ; Rise       ; clk             ;
;  d[15]    ; clk        ; 5.679 ; 5.633 ; Rise       ; clk             ;
;  d[16]    ; clk        ; 6.235 ; 6.267 ; Rise       ; clk             ;
;  d[17]    ; clk        ; 5.619 ; 5.564 ; Rise       ; clk             ;
;  d[18]    ; clk        ; 5.294 ; 5.295 ; Rise       ; clk             ;
;  d[19]    ; clk        ; 5.880 ; 5.863 ; Rise       ; clk             ;
;  d[20]    ; clk        ; 5.865 ; 5.828 ; Rise       ; clk             ;
;  d[21]    ; clk        ; 6.692 ; 6.679 ; Rise       ; clk             ;
;  d[22]    ; clk        ; 5.913 ; 5.935 ; Rise       ; clk             ;
;  d[23]    ; clk        ; 7.142 ; 7.161 ; Rise       ; clk             ;
;  d[24]    ; clk        ; 5.975 ; 5.927 ; Rise       ; clk             ;
;  d[25]    ; clk        ; 5.635 ; 5.675 ; Rise       ; clk             ;
;  d[26]    ; clk        ; 6.848 ; 6.866 ; Rise       ; clk             ;
;  d[27]    ; clk        ; 6.479 ; 6.515 ; Rise       ; clk             ;
;  d[28]    ; clk        ; 6.050 ; 6.058 ; Rise       ; clk             ;
;  d[29]    ; clk        ; 5.572 ; 5.573 ; Rise       ; clk             ;
;  d[30]    ; clk        ; 5.732 ; 5.754 ; Rise       ; clk             ;
;  d[31]    ; clk        ; 5.970 ; 5.915 ; Rise       ; clk             ;
; flags[*]  ; clk        ; 6.223 ; 6.206 ; Rise       ; clk             ;
;  flags[0] ; clk        ; 6.205 ; 6.202 ; Rise       ; clk             ;
;  flags[1] ; clk        ; 5.430 ; 5.397 ; Rise       ; clk             ;
;  flags[2] ; clk        ; 5.965 ; 5.994 ; Rise       ; clk             ;
;  flags[3] ; clk        ; 6.001 ; 5.981 ; Rise       ; clk             ;
;  flags[4] ; clk        ; 6.223 ; 6.206 ; Rise       ; clk             ;
; out_valid ; clk        ; 5.652 ; 5.671 ; Rise       ; clk             ;
+-----------+------------+-------+-------+------------+-----------------+


+-----------------------------------------------------------------------+
; Minimum Clock to Output Times                                         ;
+-----------+------------+-------+-------+------------+-----------------+
; Data Port ; Clock Port ; Rise  ; Fall  ; Clock Edge ; Clock Reference ;
+-----------+------------+-------+-------+------------+-----------------+
; d[*]      ; clk        ; 5.098 ; 5.081 ; Rise       ; clk             ;
;  d[0]     ; clk        ; 5.098 ; 5.081 ; Rise       ; clk             ;
;  d[1]     ; clk        ; 5.098 ; 5.116 ; Rise       ; clk             ;
;  d[2]     ; clk        ; 5.533 ; 5.545 ; Rise       ; clk             ;
;  d[3]     ; clk        ; 5.710 ; 5.742 ; Rise       ; clk             ;
;  d[4]     ; clk        ; 5.360 ; 5.350 ; Rise       ; clk             ;
;  d[5]     ; clk        ; 5.767 ; 5.780 ; Rise       ; clk             ;
;  d[6]     ; clk        ; 6.380 ; 6.404 ; Rise       ; clk             ;
;  d[7]     ; clk        ; 5.646 ; 5.666 ; Rise       ; clk             ;
;  d[8]     ; clk        ; 5.514 ; 5.538 ; Rise       ; clk             ;
;  d[9]     ; clk        ; 6.863 ; 6.834 ; Rise       ; clk             ;
;  d[10]    ; clk        ; 6.508 ; 6.542 ; Rise       ; clk             ;
;  d[11]    ; clk        ; 6.360 ; 6.280 ; Rise       ; clk             ;
;  d[12]    ; clk        ; 5.296 ; 5.279 ; Rise       ; clk             ;
;  d[13]    ; clk        ; 5.576 ; 5.557 ; Rise       ; clk             ;
;  d[14]    ; clk        ; 5.101 ; 5.134 ; Rise       ; clk             ;
;  d[15]    ; clk        ; 5.477 ; 5.433 ; Rise       ; clk             ;
;  d[16]    ; clk        ; 6.012 ; 6.042 ; Rise       ; clk             ;
;  d[17]    ; clk        ; 5.422 ; 5.368 ; Rise       ; clk             ;
;  d[18]    ; clk        ; 5.109 ; 5.110 ; Rise       ; clk             ;
;  d[19]    ; clk        ; 5.672 ; 5.655 ; Rise       ; clk             ;
;  d[20]    ; clk        ; 5.659 ; 5.621 ; Rise       ; clk             ;
;  d[21]    ; clk        ; 6.450 ; 6.437 ; Rise       ; clk             ;
;  d[22]    ; clk        ; 5.703 ; 5.723 ; Rise       ; clk             ;
;  d[23]    ; clk        ; 6.928 ; 6.946 ; Rise       ; clk             ;
;  d[24]    ; clk        ; 5.765 ; 5.718 ; Rise       ; clk             ;
;  d[25]    ; clk        ; 5.435 ; 5.473 ; Rise       ; clk             ;
;  d[26]    ; clk        ; 6.647 ; 6.664 ; Rise       ; clk             ;
;  d[27]    ; clk        ; 6.245 ; 6.279 ; Rise       ; clk             ;
;  d[28]    ; clk        ; 5.834 ; 5.842 ; Rise       ; clk             ;
;  d[29]    ; clk        ; 5.377 ; 5.377 ; Rise       ; clk             ;
;  d[30]    ; clk        ; 5.530 ; 5.550 ; Rise       ; clk             ;
;  d[31]    ; clk        ; 5.759 ; 5.705 ; Rise       ; clk             ;
; flags[*]  ; clk        ; 5.241 ; 5.208 ; Rise       ; clk             ;
;  flags[0] ; clk        ; 5.983 ; 5.980 ; Rise       ; clk             ;
;  flags[1] ; clk        ; 5.241 ; 5.208 ; Rise       ; clk             ;
;  flags[2] ; clk        ; 5.753 ; 5.781 ; Rise       ; clk             ;
;  flags[3] ; clk        ; 5.788 ; 5.768 ; Rise       ; clk             ;
;  flags[4] ; clk        ; 6.004 ; 5.986 ; Rise       ; clk             ;
; out_valid ; clk        ; 5.453 ; 5.470 ; Rise       ; clk             ;
+-----------+------------+-------+-------+------------+-----------------+


---------------------------------------------
; Slow 1200mV 0C Model Metastability Report ;
---------------------------------------------
No synchronizer chains to report.


+------------------------------------+
; Fast 1200mV 0C Model Setup Summary ;
+-------+-------+--------------------+
; Clock ; Slack ; End Point TNS      ;
+-------+-------+--------------------+
; clk   ; 4.138 ; 0.000              ;
+-------+-------+--------------------+


+-----------------------------------+
; Fast 1200mV 0C Model Hold Summary ;
+-------+-------+-------------------+
; Clock ; Slack ; End Point TNS     ;
+-------+-------+-------------------+
; clk   ; 0.193 ; 0.000             ;
+-------+-------+-------------------+


+---------------------------------------+
; Fast 1200mV 0C Model Recovery Summary ;
+-------+-------+-----------------------+
; Clock ; Slack ; End Point TNS         ;
+-------+-------+-----------------------+
; clk   ; 8.268 ; 0.000                 ;
+-------+-------+-----------------------+


+--------------------------------------+
; Fast 1200mV 0C Model Removal Summary ;
+-------+-------+----------------------+
; Clock ; Slack ; End Point TNS        ;
+-------+-------+----------------------+
; clk   ; 1.198 ; 0.000                ;
+-------+-------+----------------------+


+--------------------------------------------------+
; Fast 1200mV 0C Model Minimum Pulse Width Summary ;
+-------+-------+----------------------------------+
; Clock ; Slack ; End Point TNS                    ;
+-------+-------+----------------------------------+
; clk   ; 4.412 ; 0.000                            ;
+-------+-------+----------------------------------+


+----------------------------------------------------------------------------------------------------------------------------------------------------------------+
; Fast 1200mV 0C Model Setup: 'clk'                                                                                                                              ;
+-------+----------------------------------------------+-----------------------------------+--------------+-------------+--------------+------------+------------+
; Slack ; From Node                                    ; To Node                           ; Launch Clock ; Latch Clock ; Relationship ; Clock Skew ; Data Delay ;
+-------+----------------------------------------------+-----------------------------------+--------------+-------------+--------------+------------+------------+
; 4.138 ; posit_pack:u_packer|g_rne.p1_mag_trunc_q[0]  ; posit_pack:u_packer|g_rne.d_q[31] ; clk          ; clk         ; 10.000       ; -0.052     ; 5.797      ;
; 4.149 ; posit_pack:u_packer|g_rne.p1_round_bit_q     ; posit_pack:u_packer|g_rne.d_q[31] ; clk          ; clk         ; 10.000       ; -0.052     ; 5.786      ;
; 4.215 ; posit_pack:u_packer|g_rne.p1_guard_bit_q     ; posit_pack:u_packer|g_rne.d_q[31] ; clk          ; clk         ; 10.000       ; -0.052     ; 5.720      ;
; 4.291 ; posit_pack:u_packer|g_rne.p1_sticky_bit_q    ; posit_pack:u_packer|g_rne.d_q[31] ; clk          ; clk         ; 10.000       ; -0.052     ; 5.644      ;
; 4.404 ; posit_pack:u_packer|g_rne.p1_mag_trunc_q[0]  ; posit_pack:u_packer|g_rne.d_q[30] ; clk          ; clk         ; 10.000       ; 0.124      ; 5.707      ;
; 4.415 ; posit_pack:u_packer|g_rne.p1_round_bit_q     ; posit_pack:u_packer|g_rne.d_q[30] ; clk          ; clk         ; 10.000       ; 0.124      ; 5.696      ;
; 4.481 ; posit_pack:u_packer|g_rne.p1_guard_bit_q     ; posit_pack:u_packer|g_rne.d_q[30] ; clk          ; clk         ; 10.000       ; 0.124      ; 5.630      ;
; 4.502 ; posit_pack:u_packer|g_rne.p1_mag_trunc_q[1]  ; posit_pack:u_packer|g_rne.d_q[31] ; clk          ; clk         ; 10.000       ; -0.051     ; 5.434      ;
; 4.532 ; posit_pack:u_packer|g_rne.p1_mag_trunc_q[0]  ; posit_pack:u_packer|g_rne.d_q[28] ; clk          ; clk         ; 10.000       ; 0.124      ; 5.579      ;
; 4.543 ; posit_pack:u_packer|g_rne.p1_round_bit_q     ; posit_pack:u_packer|g_rne.d_q[28] ; clk          ; clk         ; 10.000       ; 0.124      ; 5.568      ;
; 4.557 ; posit_pack:u_packer|g_rne.p1_sticky_bit_q    ; posit_pack:u_packer|g_rne.d_q[30] ; clk          ; clk         ; 10.000       ; 0.124      ; 5.554      ;
; 4.568 ; posit_pack:u_packer|g_rne.p1_mag_trunc_q[3]  ; posit_pack:u_packer|g_rne.d_q[31] ; clk          ; clk         ; 10.000       ; -0.051     ; 5.368      ;
; 4.583 ; posit_pack:u_packer|g_rne.p1_mag_trunc_q[0]  ; posit_pack:u_packer|g_rne.d_q[29] ; clk          ; clk         ; 10.000       ; 0.123      ; 5.527      ;
; 4.594 ; posit_pack:u_packer|g_rne.p1_round_bit_q     ; posit_pack:u_packer|g_rne.d_q[29] ; clk          ; clk         ; 10.000       ; 0.123      ; 5.516      ;
; 4.609 ; posit_pack:u_packer|g_rne.p1_guard_bit_q     ; posit_pack:u_packer|g_rne.d_q[28] ; clk          ; clk         ; 10.000       ; 0.124      ; 5.502      ;
; 4.618 ; posit_pack:u_packer|g_rne.p1_mag_trunc_q[2]  ; posit_pack:u_packer|g_rne.d_q[31] ; clk          ; clk         ; 10.000       ; -0.051     ; 5.318      ;
; 4.637 ; posit_pack:u_packer|g_rne.p1_mag_trunc_q[5]  ; posit_pack:u_packer|g_rne.d_q[31] ; clk          ; clk         ; 10.000       ; -0.051     ; 5.299      ;
; 4.660 ; posit_pack:u_packer|g_rne.p1_guard_bit_q     ; posit_pack:u_packer|g_rne.d_q[29] ; clk          ; clk         ; 10.000       ; 0.123      ; 5.450      ;
; 4.685 ; posit_pack:u_packer|g_rne.p1_sticky_bit_q    ; posit_pack:u_packer|g_rne.d_q[28] ; clk          ; clk         ; 10.000       ; 0.124      ; 5.426      ;
; 4.686 ; posit_pack:u_packer|g_rne.p1_mag_trunc_q[4]  ; posit_pack:u_packer|g_rne.d_q[31] ; clk          ; clk         ; 10.000       ; -0.051     ; 5.250      ;
; 4.703 ; posit_pack:u_packer|g_rne.p1_mag_trunc_q[7]  ; posit_pack:u_packer|g_rne.d_q[31] ; clk          ; clk         ; 10.000       ; -0.051     ; 5.233      ;
; 4.731 ; posit_pack:u_packer|g_rne.p1_mag_trunc_q[0]  ; posit_pack:u_packer|g_rne.d_q[26] ; clk          ; clk         ; 10.000       ; 0.134      ; 5.390      ;
; 4.733 ; posit_pack:u_packer|g_rne.p1_mag_trunc_q[0]  ; posit_pack:u_packer|g_rne.d_q[27] ; clk          ; clk         ; 10.000       ; 0.123      ; 5.377      ;
; 4.736 ; posit_pack:u_packer|g_rne.p1_sticky_bit_q    ; posit_pack:u_packer|g_rne.d_q[29] ; clk          ; clk         ; 10.000       ; 0.123      ; 5.374      ;
; 4.742 ; posit_pack:u_packer|g_rne.p1_round_bit_q     ; posit_pack:u_packer|g_rne.d_q[26] ; clk          ; clk         ; 10.000       ; 0.134      ; 5.379      ;
; 4.743 ; posit_pack:u_packer|g_rne.p1_mag_trunc_q[0]  ; posit_pack:u_packer|g_rne.d_q[18] ; clk          ; clk         ; 10.000       ; 0.154      ; 5.398      ;
; 4.744 ; posit_pack:u_packer|g_rne.p1_round_bit_q     ; posit_pack:u_packer|g_rne.d_q[27] ; clk          ; clk         ; 10.000       ; 0.123      ; 5.366      ;
; 4.751 ; posit_pack:u_packer|g_rne.p1_mag_trunc_q[6]  ; posit_pack:u_packer|g_rne.d_q[31] ; clk          ; clk         ; 10.000       ; -0.051     ; 5.185      ;
; 4.754 ; posit_pack:u_packer|g_rne.p1_round_bit_q     ; posit_pack:u_packer|g_rne.d_q[18] ; clk          ; clk         ; 10.000       ; 0.154      ; 5.387      ;
; 4.768 ; posit_pack:u_packer|g_rne.p1_mag_trunc_q[1]  ; posit_pack:u_packer|g_rne.d_q[30] ; clk          ; clk         ; 10.000       ; 0.125      ; 5.344      ;
; 4.773 ; posit_pack:u_packer|g_rne.p1_mag_trunc_q[9]  ; posit_pack:u_packer|g_rne.d_q[31] ; clk          ; clk         ; 10.000       ; -0.051     ; 5.163      ;
; 4.803 ; posit_pack:u_packer|g_rne.p1_mag_trunc_q[0]  ; posit_pack:u_packer|g_rne.d_q[25] ; clk          ; clk         ; 10.000       ; 0.123      ; 5.307      ;
; 4.808 ; posit_pack:u_packer|g_rne.p1_guard_bit_q     ; posit_pack:u_packer|g_rne.d_q[26] ; clk          ; clk         ; 10.000       ; 0.134      ; 5.313      ;
; 4.810 ; posit_pack:u_packer|g_rne.p1_guard_bit_q     ; posit_pack:u_packer|g_rne.d_q[27] ; clk          ; clk         ; 10.000       ; 0.123      ; 5.300      ;
; 4.814 ; posit_pack:u_packer|g_rne.p1_round_bit_q     ; posit_pack:u_packer|g_rne.d_q[25] ; clk          ; clk         ; 10.000       ; 0.123      ; 5.296      ;
; 4.820 ; posit_pack:u_packer|g_rne.p1_guard_bit_q     ; posit_pack:u_packer|g_rne.d_q[18] ; clk          ; clk         ; 10.000       ; 0.154      ; 5.321      ;
; 4.821 ; posit_pack:u_packer|g_rne.p1_mag_trunc_q[8]  ; posit_pack:u_packer|g_rne.d_q[31] ; clk          ; clk         ; 10.000       ; -0.051     ; 5.115      ;
; 4.827 ; posit_pack:u_packer|g_rne.p1_mag_trunc_q[0]  ; posit_pack:u_packer|g_rne.d_q[16] ; clk          ; clk         ; 10.000       ; 0.142      ; 5.302      ;
; 4.834 ; posit_pack:u_packer|g_rne.p1_mag_trunc_q[3]  ; posit_pack:u_packer|g_rne.d_q[30] ; clk          ; clk         ; 10.000       ; 0.125      ; 5.278      ;
; 4.838 ; posit_pack:u_packer|g_rne.p1_round_bit_q     ; posit_pack:u_packer|g_rne.d_q[16] ; clk          ; clk         ; 10.000       ; 0.142      ; 5.291      ;
; 4.841 ; posit_pack:u_packer|g_rne.p1_mag_trunc_q[11] ; posit_pack:u_packer|g_rne.d_q[31] ; clk          ; clk         ; 10.000       ; -0.051     ; 5.095      ;
; 4.853 ; posit_pack:u_packer|g_rne.p1_mag_trunc_q[0]  ; posit_pack:u_packer|g_rne.d_q[22] ; clk          ; clk         ; 10.000       ; 0.134      ; 5.268      ;
; 4.864 ; posit_pack:u_packer|g_rne.p1_round_bit_q     ; posit_pack:u_packer|g_rne.d_q[22] ; clk          ; clk         ; 10.000       ; 0.134      ; 5.257      ;
; 4.873 ; posit_pack:u_packer|g_rne.p1_mag_trunc_q[0]  ; posit_pack:u_packer|g_rne.d_q[23] ; clk          ; clk         ; 10.000       ; 0.123      ; 5.237      ;
; 4.875 ; posit_pack:u_packer|g_rne.p1_mag_trunc_q[0]  ; posit_pack:u_packer|g_rne.d_q[24] ; clk          ; clk         ; 10.000       ; 0.134      ; 5.246      ;
; 4.880 ; posit_pack:u_packer|g_rne.p1_guard_bit_q     ; posit_pack:u_packer|g_rne.d_q[25] ; clk          ; clk         ; 10.000       ; 0.123      ; 5.230      ;
; 4.884 ; posit_pack:u_packer|g_rne.p1_mag_trunc_q[2]  ; posit_pack:u_packer|g_rne.d_q[30] ; clk          ; clk         ; 10.000       ; 0.125      ; 5.228      ;
; 4.884 ; posit_pack:u_packer|g_rne.p1_sticky_bit_q    ; posit_pack:u_packer|g_rne.d_q[26] ; clk          ; clk         ; 10.000       ; 0.134      ; 5.237      ;
; 4.884 ; posit_pack:u_packer|g_rne.p1_round_bit_q     ; posit_pack:u_packer|g_rne.d_q[23] ; clk          ; clk         ; 10.000       ; 0.123      ; 5.226      ;
; 4.886 ; posit_pack:u_packer|g_rne.p1_sticky_bit_q    ; posit_pack:u_packer|g_rne.d_q[27] ; clk          ; clk         ; 10.000       ; 0.123      ; 5.224      ;
; 4.886 ; posit_pack:u_packer|g_rne.p1_round_bit_q     ; posit_pack:u_packer|g_rne.d_q[24] ; clk          ; clk         ; 10.000       ; 0.134      ; 5.235      ;
; 4.890 ; posit_pack:u_packer|g_rne.p1_mag_trunc_q[10] ; posit_pack:u_packer|g_rne.d_q[31] ; clk          ; clk         ; 10.000       ; -0.051     ; 5.046      ;
; 4.896 ; posit_pack:u_packer|g_rne.p1_mag_trunc_q[1]  ; posit_pack:u_packer|g_rne.d_q[28] ; clk          ; clk         ; 10.000       ; 0.125      ; 5.216      ;
; 4.896 ; posit_pack:u_packer|g_rne.p1_sticky_bit_q    ; posit_pack:u_packer|g_rne.d_q[18] ; clk          ; clk         ; 10.000       ; 0.154      ; 5.245      ;
; 4.903 ; posit_pack:u_packer|g_rne.p1_mag_trunc_q[5]  ; posit_pack:u_packer|g_rne.d_q[30] ; clk          ; clk         ; 10.000       ; 0.125      ; 5.209      ;
; 4.904 ; posit_pack:u_packer|g_rne.p1_guard_bit_q     ; posit_pack:u_packer|g_rne.d_q[16] ; clk          ; clk         ; 10.000       ; 0.142      ; 5.225      ;
; 4.911 ; posit_pack:u_packer|g_rne.p1_mag_trunc_q[13] ; posit_pack:u_packer|g_rne.d_q[31] ; clk          ; clk         ; 10.000       ; -0.051     ; 5.025      ;
; 4.919 ; posit_pack:u_packer|g_rne.p1_mag_trunc_q[0]  ; posit_pack:u_packer|g_rne.d_q[20] ; clk          ; clk         ; 10.000       ; 0.134      ; 5.202      ;
; 4.930 ; posit_pack:u_packer|g_rne.p1_mag_trunc_q[0]  ; posit_pack:u_packer|g_rne.d_q[21] ; clk          ; clk         ; 10.000       ; 0.123      ; 5.180      ;
; 4.930 ; posit_pack:u_packer|g_rne.p1_guard_bit_q     ; posit_pack:u_packer|g_rne.d_q[22] ; clk          ; clk         ; 10.000       ; 0.134      ; 5.191      ;
; 4.930 ; posit_pack:u_packer|g_rne.p1_round_bit_q     ; posit_pack:u_packer|g_rne.d_q[20] ; clk          ; clk         ; 10.000       ; 0.134      ; 5.191      ;
; 4.941 ; posit_pack:u_packer|g_rne.p1_round_bit_q     ; posit_pack:u_packer|g_rne.d_q[21] ; clk          ; clk         ; 10.000       ; 0.123      ; 5.169      ;
; 4.947 ; posit_pack:u_packer|g_rne.p1_mag_trunc_q[1]  ; posit_pack:u_packer|g_rne.d_q[29] ; clk          ; clk         ; 10.000       ; 0.124      ; 5.164      ;
; 4.948 ; posit_pack:u_packer|g_rne.p1_mag_trunc_q[0]  ; posit_pack:u_packer|g_rne.d_q[15] ; clk          ; clk         ; 10.000       ; 0.134      ; 5.173      ;
; 4.950 ; posit_pack:u_packer|g_rne.p1_guard_bit_q     ; posit_pack:u_packer|g_rne.d_q[23] ; clk          ; clk         ; 10.000       ; 0.123      ; 5.160      ;
; 4.952 ; posit_pack:u_packer|g_rne.p1_mag_trunc_q[4]  ; posit_pack:u_packer|g_rne.d_q[30] ; clk          ; clk         ; 10.000       ; 0.125      ; 5.160      ;
; 4.952 ; posit_pack:u_packer|g_rne.p1_guard_bit_q     ; posit_pack:u_packer|g_rne.d_q[24] ; clk          ; clk         ; 10.000       ; 0.134      ; 5.169      ;
; 4.956 ; posit_pack:u_packer|g_rne.p1_sticky_bit_q    ; posit_pack:u_packer|g_rne.d_q[25] ; clk          ; clk         ; 10.000       ; 0.123      ; 5.154      ;
; 4.957 ; posit_pack:u_packer|g_rne.p1_mag_trunc_q[12] ; posit_pack:u_packer|g_rne.d_q[31] ; clk          ; clk         ; 10.000       ; -0.051     ; 4.979      ;
; 4.959 ; posit_pack:u_packer|g_rne.p1_round_bit_q     ; posit_pack:u_packer|g_rne.d_q[15] ; clk          ; clk         ; 10.000       ; 0.134      ; 5.162      ;
; 4.962 ; posit_pack:u_packer|g_rne.p1_mag_trunc_q[3]  ; posit_pack:u_packer|g_rne.d_q[28] ; clk          ; clk         ; 10.000       ; 0.125      ; 5.150      ;
; 4.967 ; posit_pack:u_packer|g_rne.p1_mag_trunc_q[0]  ; posit_pack:u_packer|g_rne.d_q[13] ; clk          ; clk         ; 10.000       ; 0.124      ; 5.144      ;
; 4.969 ; posit_pack:u_packer|g_rne.p1_mag_trunc_q[7]  ; posit_pack:u_packer|g_rne.d_q[30] ; clk          ; clk         ; 10.000       ; 0.125      ; 5.143      ;
; 4.974 ; posit_pack:u_packer|g_rne.p1_mag_trunc_q[0]  ; posit_pack:u_packer|g_rne.d_q[12] ; clk          ; clk         ; 10.000       ; 0.142      ; 5.155      ;
; 4.978 ; posit_pack:u_packer|g_rne.p1_round_bit_q     ; posit_pack:u_packer|g_rne.d_q[13] ; clk          ; clk         ; 10.000       ; 0.124      ; 5.133      ;
; 4.980 ; posit_pack:u_packer|g_rne.p1_sticky_bit_q    ; posit_pack:u_packer|g_rne.d_q[16] ; clk          ; clk         ; 10.000       ; 0.142      ; 5.149      ;
; 4.981 ; posit_pack:u_packer|g_rne.p1_mag_trunc_q[15] ; posit_pack:u_packer|g_rne.d_q[31] ; clk          ; clk         ; 10.000       ; -0.051     ; 4.955      ;
; 4.985 ; posit_pack:u_packer|g_rne.p1_round_bit_q     ; posit_pack:u_packer|g_rne.d_q[12] ; clk          ; clk         ; 10.000       ; 0.142      ; 5.144      ;
; 4.996 ; posit_pack:u_packer|g_rne.p1_guard_bit_q     ; posit_pack:u_packer|g_rne.d_q[20] ; clk          ; clk         ; 10.000       ; 0.134      ; 5.125      ;
; 5.006 ; posit_pack:u_packer|g_rne.p1_sticky_bit_q    ; posit_pack:u_packer|g_rne.d_q[22] ; clk          ; clk         ; 10.000       ; 0.134      ; 5.115      ;
; 5.007 ; posit_pack:u_packer|g_rne.p1_guard_bit_q     ; posit_pack:u_packer|g_rne.d_q[21] ; clk          ; clk         ; 10.000       ; 0.123      ; 5.103      ;
; 5.012 ; posit_pack:u_packer|g_rne.p1_mag_trunc_q[0]  ; posit_pack:u_packer|g_rne.d_q[19] ; clk          ; clk         ; 10.000       ; 0.134      ; 5.109      ;
; 5.012 ; posit_pack:u_packer|g_rne.p1_mag_trunc_q[2]  ; posit_pack:u_packer|g_rne.d_q[28] ; clk          ; clk         ; 10.000       ; 0.125      ; 5.100      ;
; 5.013 ; posit_pack:u_packer|g_rne.p1_mag_trunc_q[3]  ; posit_pack:u_packer|g_rne.d_q[29] ; clk          ; clk         ; 10.000       ; 0.124      ; 5.098      ;
; 5.017 ; posit_pack:u_packer|g_rne.p1_mag_trunc_q[6]  ; posit_pack:u_packer|g_rne.d_q[30] ; clk          ; clk         ; 10.000       ; 0.125      ; 5.095      ;
; 5.023 ; posit_pack:u_packer|g_rne.p1_round_bit_q     ; posit_pack:u_packer|g_rne.d_q[19] ; clk          ; clk         ; 10.000       ; 0.134      ; 5.098      ;
; 5.025 ; posit_pack:u_packer|g_rne.p1_guard_bit_q     ; posit_pack:u_packer|g_rne.d_q[15] ; clk          ; clk         ; 10.000       ; 0.134      ; 5.096      ;
; 5.026 ; posit_pack:u_packer|g_rne.p1_mag_trunc_q[14] ; posit_pack:u_packer|g_rne.d_q[31] ; clk          ; clk         ; 10.000       ; -0.051     ; 4.910      ;
; 5.026 ; posit_pack:u_packer|g_rne.p1_sticky_bit_q    ; posit_pack:u_packer|g_rne.d_q[23] ; clk          ; clk         ; 10.000       ; 0.123      ; 5.084      ;
; 5.028 ; posit_pack:u_packer|g_rne.p1_sticky_bit_q    ; posit_pack:u_packer|g_rne.d_q[24] ; clk          ; clk         ; 10.000       ; 0.134      ; 5.093      ;
; 5.031 ; posit_pack:u_packer|g_rne.p1_mag_trunc_q[5]  ; posit_pack:u_packer|g_rne.d_q[28] ; clk          ; clk         ; 10.000       ; 0.125      ; 5.081      ;
; 5.037 ; posit_pack:u_packer|g_rne.p1_mag_trunc_q[0]  ; posit_pack:u_packer|g_rne.d_q[4]  ; clk          ; clk         ; 10.000       ; -0.046     ; 4.904      ;
; 5.038 ; posit_pack:u_packer|g_rne.p1_mag_trunc_q[0]  ; posit_pack:u_packer|g_rne.d_q[11] ; clk          ; clk         ; 10.000       ; 0.124      ; 5.073      ;
; 5.039 ; posit_pack:u_packer|g_rne.p1_mag_trunc_q[9]  ; posit_pack:u_packer|g_rne.d_q[30] ; clk          ; clk         ; 10.000       ; 0.125      ; 5.073      ;
; 5.041 ; posit_pack:u_packer|g_rne.p1_mag_trunc_q[0]  ; posit_pack:u_packer|g_rne.d_q[6]  ; clk          ; clk         ; 10.000       ; -0.046     ; 4.900      ;
; 5.044 ; posit_pack:u_packer|g_rne.p1_guard_bit_q     ; posit_pack:u_packer|g_rne.d_q[13] ; clk          ; clk         ; 10.000       ; 0.124      ; 5.067      ;
; 5.048 ; posit_pack:u_packer|g_rne.p1_mag_trunc_q[0]  ; posit_pack:u_packer|g_rne.d_q[14] ; clk          ; clk         ; 10.000       ; 0.142      ; 5.081      ;
; 5.048 ; posit_pack:u_packer|g_rne.p1_round_bit_q     ; posit_pack:u_packer|g_rne.d_q[4]  ; clk          ; clk         ; 10.000       ; -0.046     ; 4.893      ;
; 5.049 ; posit_pack:u_packer|g_rne.p1_round_bit_q     ; posit_pack:u_packer|g_rne.d_q[11] ; clk          ; clk         ; 10.000       ; 0.124      ; 5.062      ;
; 5.051 ; posit_pack:u_packer|g_rne.p1_guard_bit_q     ; posit_pack:u_packer|g_rne.d_q[12] ; clk          ; clk         ; 10.000       ; 0.142      ; 5.078      ;
+-------+----------------------------------------------+-----------------------------------+--------------+-------------+--------------+------------+------------+


+-----------------------------------------------------------------------------------------------------------------------------------------------------------------------------+
; Fast 1200mV 0C Model Hold: 'clk'                                                                                                                                            ;
+-------+-----------------------------------------------+-----------------------------------------------+--------------+-------------+--------------+------------+------------+
; Slack ; From Node                                     ; To Node                                       ; Launch Clock ; Latch Clock ; Relationship ; Clock Skew ; Data Delay ;
+-------+-----------------------------------------------+-----------------------------------------------+--------------+-------------+--------------+------------+------------+
; 0.193 ; posit_pack:u_packer|g_rne.flags_q[4]          ; packer_ppa_boundary:u_boundary|flags[4]       ; clk          ; clk         ; 0.000        ; 0.036      ; 0.313      ;
; 0.194 ; posit_pack:u_packer|g_rne.p2_valid_q          ; packer_ppa_boundary:u_boundary|out_valid      ; clk          ; clk         ; 0.000        ; 0.036      ; 0.314      ;
; 0.194 ; posit_pack:u_packer|g_rne.flags_q[1]          ; packer_ppa_boundary:u_boundary|flags[1]       ; clk          ; clk         ; 0.000        ; 0.036      ; 0.314      ;
; 0.194 ; posit_pack:u_packer|g_rne.flags_q[2]          ; packer_ppa_boundary:u_boundary|flags[2]       ; clk          ; clk         ; 0.000        ; 0.036      ; 0.314      ;
; 0.195 ; packer_ppa_boundary:u_boundary|flags_in_q[0]  ; posit_pack:u_packer|g_rne.p1_flags_q[0]       ; clk          ; clk         ; 0.000        ; 0.035      ; 0.314      ;
; 0.196 ; posit_pack:u_packer|g_rne.d_q[1]              ; packer_ppa_boundary:u_boundary|d[1]           ; clk          ; clk         ; 0.000        ; 0.036      ; 0.316      ;
; 0.197 ; packer_ppa_boundary:u_boundary|meta_sync1     ; packer_ppa_boundary:u_boundary|meta_sync2     ; clk          ; clk         ; 0.000        ; 0.036      ; 0.317      ;
; 0.197 ; posit_pack:u_packer|g_rne.p1_flags_q[3]       ; posit_pack:u_packer|g_rne.flags_q[3]          ; clk          ; clk         ; 0.000        ; 0.035      ; 0.316      ;
; 0.210 ; posit_pack:u_packer|g_rne.p1_special_sel_q[0] ; posit_pack:u_packer|g_rne.flags_q[0]          ; clk          ; clk         ; 0.000        ; 0.035      ; 0.329      ;
; 0.222 ; packer_ppa_boundary:u_boundary|is_nar_q       ; posit_pack:u_packer|g_rne.p1_special_sel_q[2] ; clk          ; clk         ; 0.000        ; 0.035      ; 0.341      ;
; 0.254 ; packer_ppa_boundary:u_boundary|flags_in_q[1]  ; posit_pack:u_packer|g_rne.p1_flags_q[1]       ; clk          ; clk         ; 0.000        ; 0.036      ; 0.374      ;
; 0.267 ; posit_pack:u_packer|g_rne.d_q[3]              ; packer_ppa_boundary:u_boundary|d[3]           ; clk          ; clk         ; 0.000        ; 0.036      ; 0.387      ;
; 0.267 ; posit_pack:u_packer|g_rne.d_q[31]             ; packer_ppa_boundary:u_boundary|d[31]          ; clk          ; clk         ; 0.000        ; 0.036      ; 0.387      ;
; 0.267 ; packer_ppa_boundary:u_boundary|flags_in_q[2]  ; posit_pack:u_packer|g_rne.p1_flags_q[2]       ; clk          ; clk         ; 0.000        ; 0.036      ; 0.387      ;
; 0.269 ; posit_pack:u_packer|g_rne.p1_special_sel_q[1] ; posit_pack:u_packer|g_rne.flags_q[0]          ; clk          ; clk         ; 0.000        ; 0.035      ; 0.388      ;
; 0.270 ; posit_pack:u_packer|g_rne.p1_special_sel_q[1] ; posit_pack:u_packer|g_rne.flags_q[3]          ; clk          ; clk         ; 0.000        ; 0.035      ; 0.389      ;
; 0.273 ; posit_pack:u_packer|g_rne.d_q[8]              ; packer_ppa_boundary:u_boundary|d[8]           ; clk          ; clk         ; 0.000        ; 0.035      ; 0.392      ;
; 0.274 ; posit_pack:u_packer|g_rne.d_q[0]              ; packer_ppa_boundary:u_boundary|d[0]           ; clk          ; clk         ; 0.000        ; 0.035      ; 0.393      ;
; 0.274 ; posit_pack:u_packer|g_rne.flags_q[0]          ; packer_ppa_boundary:u_boundary|flags[0]       ; clk          ; clk         ; 0.000        ; 0.034      ; 0.392      ;
; 0.276 ; packer_ppa_boundary:u_boundary|flags_in_q[4]  ; posit_pack:u_packer|g_rne.p1_special_sel_q[0] ; clk          ; clk         ; 0.000        ; 0.035      ; 0.395      ;
; 0.279 ; packer_ppa_boundary:u_boundary|flags_in_q[4]  ; posit_pack:u_packer|g_rne.p1_special_sel_q[1] ; clk          ; clk         ; 0.000        ; 0.035      ; 0.398      ;
; 0.280 ; packer_ppa_boundary:u_boundary|flags_in_q[4]  ; posit_pack:u_packer|g_rne.p1_flags_q[0]       ; clk          ; clk         ; 0.000        ; 0.035      ; 0.399      ;
; 0.290 ; posit_pack:u_packer|g_rne.p1_special_sel_q[0] ; posit_pack:u_packer|g_rne.d_q[13]             ; clk          ; clk         ; 0.000        ; 0.219      ; 0.593      ;
; 0.292 ; posit_pack:u_packer|g_rne.p1_special_sel_q[0] ; posit_pack:u_packer|g_rne.d_q[11]             ; clk          ; clk         ; 0.000        ; 0.219      ; 0.595      ;
; 0.293 ; posit_pack:u_packer|g_rne.p1_special_sel_q[0] ; posit_pack:u_packer|g_rne.d_q[7]              ; clk          ; clk         ; 0.000        ; 0.219      ; 0.596      ;
; 0.303 ; posit_pack:u_packer|g_rne.p1_flags_q[0]       ; posit_pack:u_packer|g_rne.flags_q[0]          ; clk          ; clk         ; 0.000        ; 0.035      ; 0.422      ;
; 0.312 ; posit_pack:u_packer|g_rne.p1_special_sel_q[1] ; posit_pack:u_packer|g_rne.flags_q[1]          ; clk          ; clk         ; 0.000        ; 0.036      ; 0.432      ;
; 0.314 ; posit_pack:u_packer|g_rne.p1_special_sel_q[1] ; posit_pack:u_packer|g_rne.d_q[18]             ; clk          ; clk         ; 0.000        ; 0.250      ; 0.648      ;
; 0.318 ; packer_ppa_boundary:u_boundary|is_nar_q       ; posit_pack:u_packer|g_rne.p1_special_sel_q[1] ; clk          ; clk         ; 0.000        ; 0.035      ; 0.437      ;
; 0.320 ; posit_pack:u_packer|g_rne.p1_special_sel_q[0] ; posit_pack:u_packer|g_rne.flags_q[3]          ; clk          ; clk         ; 0.000        ; 0.035      ; 0.439      ;
; 0.331 ; packer_ppa_boundary:u_boundary|is_nar_q       ; posit_pack:u_packer|g_rne.p1_flags_q[0]       ; clk          ; clk         ; 0.000        ; 0.035      ; 0.450      ;
; 0.332 ; posit_pack:u_packer|g_rne.p1_special_sel_q[2] ; posit_pack:u_packer|g_rne.flags_q[3]          ; clk          ; clk         ; 0.000        ; 0.035      ; 0.451      ;
; 0.333 ; posit_pack:u_packer|g_rne.p1_special_sel_q[2] ; posit_pack:u_packer|g_rne.d_q[7]              ; clk          ; clk         ; 0.000        ; 0.219      ; 0.636      ;
; 0.334 ; posit_pack:u_packer|g_rne.p1_special_sel_q[2] ; posit_pack:u_packer|g_rne.d_q[11]             ; clk          ; clk         ; 0.000        ; 0.219      ; 0.637      ;
; 0.334 ; posit_pack:u_packer|g_rne.p1_special_sel_q[2] ; posit_pack:u_packer|g_rne.flags_q[0]          ; clk          ; clk         ; 0.000        ; 0.035      ; 0.453      ;
; 0.336 ; posit_pack:u_packer|g_rne.p1_special_sel_q[2] ; posit_pack:u_packer|g_rne.d_q[13]             ; clk          ; clk         ; 0.000        ; 0.219      ; 0.639      ;
; 0.338 ; packer_ppa_boundary:u_boundary|is_nar_q       ; posit_pack:u_packer|g_rne.p1_special_sel_q[0] ; clk          ; clk         ; 0.000        ; 0.035      ; 0.457      ;
; 0.344 ; posit_pack:u_packer|g_rne.p1_special_sel_q[1] ; posit_pack:u_packer|g_rne.d_q[7]              ; clk          ; clk         ; 0.000        ; 0.219      ; 0.647      ;
; 0.345 ; posit_pack:u_packer|g_rne.p1_special_sel_q[1] ; posit_pack:u_packer|g_rne.d_q[11]             ; clk          ; clk         ; 0.000        ; 0.219      ; 0.648      ;
; 0.346 ; posit_pack:u_packer|g_rne.p1_special_sel_q[1] ; posit_pack:u_packer|g_rne.d_q[13]             ; clk          ; clk         ; 0.000        ; 0.219      ; 0.649      ;
; 0.349 ; posit_pack:u_packer|g_rne.d_q[5]              ; packer_ppa_boundary:u_boundary|d[5]           ; clk          ; clk         ; 0.000        ; 0.035      ; 0.468      ;
; 0.358 ; posit_pack:u_packer|g_rne.p1_special_sel_q[0] ; posit_pack:u_packer|g_rne.d_q[0]              ; clk          ; clk         ; 0.000        ; 0.036      ; 0.478      ;
; 0.360 ; posit_pack:u_packer|g_rne.p1_special_sel_q[0] ; posit_pack:u_packer|g_rne.d_q[3]              ; clk          ; clk         ; 0.000        ; 0.036      ; 0.480      ;
; 0.361 ; posit_pack:u_packer|g_rne.p1_special_sel_q[0] ; posit_pack:u_packer|g_rne.d_q[10]             ; clk          ; clk         ; 0.000        ; 0.237      ; 0.682      ;
; 0.361 ; posit_pack:u_packer|g_rne.p1_special_sel_q[2] ; posit_pack:u_packer|g_rne.d_q[31]             ; clk          ; clk         ; 0.000        ; 0.036      ; 0.481      ;
; 0.369 ; posit_pack:u_packer|g_rne.d_q[29]             ; packer_ppa_boundary:u_boundary|d[29]          ; clk          ; clk         ; 0.000        ; -0.139     ; 0.314      ;
; 0.370 ; posit_pack:u_packer|g_rne.d_q[13]             ; packer_ppa_boundary:u_boundary|d[13]          ; clk          ; clk         ; 0.000        ; -0.139     ; 0.315      ;
; 0.372 ; posit_pack:u_packer|g_rne.d_q[23]             ; packer_ppa_boundary:u_boundary|d[23]          ; clk          ; clk         ; 0.000        ; -0.139     ; 0.317      ;
; 0.375 ; packer_ppa_boundary:u_boundary|flags_in_q[3]  ; posit_pack:u_packer|g_rne.p1_flags_q[3]       ; clk          ; clk         ; 0.000        ; 0.035      ; 0.494      ;
; 0.375 ; packer_ppa_boundary:u_boundary|flags_in_q[4]  ; posit_pack:u_packer|g_rne.p1_special_sel_q[2] ; clk          ; clk         ; 0.000        ; 0.035      ; 0.494      ;
; 0.381 ; posit_pack:u_packer|g_rne.d_q[22]             ; packer_ppa_boundary:u_boundary|d[22]          ; clk          ; clk         ; 0.000        ; -0.151     ; 0.314      ;
; 0.381 ; posit_pack:u_packer|g_rne.d_q[26]             ; packer_ppa_boundary:u_boundary|d[26]          ; clk          ; clk         ; 0.000        ; -0.151     ; 0.314      ;
; 0.383 ; posit_pack:u_packer|g_rne.d_q[14]             ; packer_ppa_boundary:u_boundary|d[14]          ; clk          ; clk         ; 0.000        ; -0.151     ; 0.316      ;
; 0.391 ; posit_pack:u_packer|g_rne.p1_special_sel_q[1] ; posit_pack:u_packer|g_rne.d_q[20]             ; clk          ; clk         ; 0.000        ; 0.229      ; 0.704      ;
; 0.391 ; packer_ppa_boundary:u_boundary|is_nar_q       ; posit_pack:u_packer|g_rne.p1_flags_q[4]       ; clk          ; clk         ; 0.000        ; 0.035      ; 0.510      ;
; 0.392 ; posit_pack:u_packer|g_rne.p1_special_sel_q[1] ; posit_pack:u_packer|g_rne.d_q[24]             ; clk          ; clk         ; 0.000        ; 0.229      ; 0.705      ;
; 0.392 ; posit_pack:u_packer|g_rne.p1_special_sel_q[1] ; posit_pack:u_packer|g_rne.d_q[26]             ; clk          ; clk         ; 0.000        ; 0.229      ; 0.705      ;
; 0.394 ; posit_pack:u_packer|g_rne.p1_special_sel_q[1] ; posit_pack:u_packer|g_rne.d_q[22]             ; clk          ; clk         ; 0.000        ; 0.229      ; 0.707      ;
; 0.395 ; posit_pack:u_packer|g_rne.p1_special_sel_q[1] ; posit_pack:u_packer|g_rne.d_q[17]             ; clk          ; clk         ; 0.000        ; 0.229      ; 0.708      ;
; 0.397 ; posit_pack:u_packer|g_rne.p1_special_sel_q[1] ; posit_pack:u_packer|g_rne.d_q[19]             ; clk          ; clk         ; 0.000        ; 0.229      ; 0.710      ;
; 0.398 ; posit_pack:u_packer|g_rne.p1_special_sel_q[1] ; posit_pack:u_packer|g_rne.d_q[15]             ; clk          ; clk         ; 0.000        ; 0.229      ; 0.711      ;
; 0.407 ; posit_pack:u_packer|g_rne.p1_special_sel_q[2] ; posit_pack:u_packer|g_rne.d_q[3]              ; clk          ; clk         ; 0.000        ; 0.036      ; 0.527      ;
; 0.411 ; posit_pack:u_packer|g_rne.p1_special_sel_q[2] ; posit_pack:u_packer|g_rne.d_q[0]              ; clk          ; clk         ; 0.000        ; 0.036      ; 0.531      ;
; 0.411 ; posit_pack:u_packer|g_rne.p1_special_sel_q[0] ; posit_pack:u_packer|g_rne.flags_q[1]          ; clk          ; clk         ; 0.000        ; 0.036      ; 0.531      ;
; 0.413 ; posit_pack:u_packer|g_rne.flags_q[3]          ; packer_ppa_boundary:u_boundary|flags[3]       ; clk          ; clk         ; 0.000        ; 0.041      ; 0.538      ;
; 0.417 ; posit_pack:u_packer|g_rne.p1_special_sel_q[1] ; posit_pack:u_packer|g_rne.d_q[3]              ; clk          ; clk         ; 0.000        ; 0.036      ; 0.537      ;
; 0.418 ; posit_pack:u_packer|g_rne.p1_special_sel_q[1] ; posit_pack:u_packer|g_rne.d_q[0]              ; clk          ; clk         ; 0.000        ; 0.036      ; 0.538      ;
; 0.424 ; posit_pack:u_packer|g_rne.p1_special_sel_q[0] ; posit_pack:u_packer|g_rne.d_q[15]             ; clk          ; clk         ; 0.000        ; 0.229      ; 0.737      ;
; 0.425 ; posit_pack:u_packer|g_rne.p1_special_sel_q[0] ; posit_pack:u_packer|g_rne.d_q[19]             ; clk          ; clk         ; 0.000        ; 0.229      ; 0.738      ;
; 0.428 ; posit_pack:u_packer|g_rne.p1_special_sel_q[0] ; posit_pack:u_packer|g_rne.d_q[17]             ; clk          ; clk         ; 0.000        ; 0.229      ; 0.741      ;
; 0.429 ; posit_pack:u_packer|g_rne.p1_special_sel_q[0] ; posit_pack:u_packer|g_rne.d_q[22]             ; clk          ; clk         ; 0.000        ; 0.229      ; 0.742      ;
; 0.429 ; posit_pack:u_packer|g_rne.p1_special_sel_q[2] ; posit_pack:u_packer|g_rne.flags_q[1]          ; clk          ; clk         ; 0.000        ; 0.036      ; 0.549      ;
; 0.431 ; posit_pack:u_packer|g_rne.p1_special_sel_q[0] ; posit_pack:u_packer|g_rne.d_q[24]             ; clk          ; clk         ; 0.000        ; 0.229      ; 0.744      ;
; 0.431 ; posit_pack:u_packer|g_rne.p1_special_sel_q[0] ; posit_pack:u_packer|g_rne.d_q[26]             ; clk          ; clk         ; 0.000        ; 0.229      ; 0.744      ;
; 0.433 ; posit_pack:u_packer|g_rne.p1_special_sel_q[0] ; posit_pack:u_packer|g_rne.d_q[20]             ; clk          ; clk         ; 0.000        ; 0.229      ; 0.746      ;
; 0.435 ; posit_pack:u_packer|g_rne.d_q[11]             ; packer_ppa_boundary:u_boundary|d[11]          ; clk          ; clk         ; 0.000        ; -0.138     ; 0.381      ;
; 0.440 ; posit_pack:u_packer|g_rne.p1_valid_q          ; posit_pack:u_packer|g_rne.p2_valid_q          ; clk          ; clk         ; 0.000        ; 0.041      ; 0.565      ;
; 0.442 ; posit_pack:u_packer|g_rne.d_q[21]             ; packer_ppa_boundary:u_boundary|d[21]          ; clk          ; clk         ; 0.000        ; -0.139     ; 0.387      ;
; 0.442 ; posit_pack:u_packer|g_rne.d_q[28]             ; packer_ppa_boundary:u_boundary|d[28]          ; clk          ; clk         ; 0.000        ; -0.139     ; 0.387      ;
; 0.445 ; posit_pack:u_packer|g_rne.p1_special_sel_q[2] ; posit_pack:u_packer|g_rne.d_q[1]              ; clk          ; clk         ; 0.000        ; 0.037      ; 0.566      ;
; 0.445 ; posit_pack:u_packer|g_rne.d_q[27]             ; packer_ppa_boundary:u_boundary|d[27]          ; clk          ; clk         ; 0.000        ; -0.139     ; 0.390      ;
; 0.448 ; posit_pack:u_packer|g_rne.d_q[30]             ; packer_ppa_boundary:u_boundary|d[30]          ; clk          ; clk         ; 0.000        ; -0.139     ; 0.393      ;
; 0.453 ; packer_ppa_boundary:u_boundary|flags_in_q[4]  ; posit_pack:u_packer|g_rne.p1_flags_q[4]       ; clk          ; clk         ; 0.000        ; 0.035      ; 0.572      ;
; 0.461 ; posit_pack:u_packer|g_rne.p1_special_sel_q[1] ; posit_pack:u_packer|g_rne.d_q[31]             ; clk          ; clk         ; 0.000        ; 0.036      ; 0.581      ;
; 0.463 ; posit_pack:u_packer|g_rne.d_q[19]             ; packer_ppa_boundary:u_boundary|d[19]          ; clk          ; clk         ; 0.000        ; -0.152     ; 0.395      ;
; 0.467 ; posit_pack:u_packer|g_rne.p1_sign_q           ; posit_pack:u_packer|g_rne.d_q[31]             ; clk          ; clk         ; 0.000        ; 0.036      ; 0.587      ;
; 0.470 ; posit_pack:u_packer|g_rne.p1_special_sel_q[1] ; posit_pack:u_packer|g_rne.d_q[2]              ; clk          ; clk         ; 0.000        ; 0.237      ; 0.791      ;
; 0.470 ; posit_pack:u_packer|g_rne.p1_special_sel_q[1] ; posit_pack:u_packer|g_rne.d_q[12]             ; clk          ; clk         ; 0.000        ; 0.237      ; 0.791      ;
; 0.470 ; posit_pack:u_packer|g_rne.p1_special_sel_q[1] ; posit_pack:u_packer|g_rne.d_q[14]             ; clk          ; clk         ; 0.000        ; 0.237      ; 0.791      ;
; 0.470 ; posit_pack:u_packer|g_rne.p1_special_sel_q[1] ; posit_pack:u_packer|g_rne.d_q[16]             ; clk          ; clk         ; 0.000        ; 0.237      ; 0.791      ;
; 0.473 ; posit_pack:u_packer|g_rne.p1_special_sel_q[0] ; posit_pack:u_packer|g_rne.d_q[12]             ; clk          ; clk         ; 0.000        ; 0.237      ; 0.794      ;
; 0.477 ; posit_pack:u_packer|g_rne.p1_special_sel_q[0] ; posit_pack:u_packer|g_rne.d_q[2]              ; clk          ; clk         ; 0.000        ; 0.237      ; 0.798      ;
; 0.477 ; posit_pack:u_packer|g_rne.p1_special_sel_q[0] ; posit_pack:u_packer|g_rne.d_q[14]             ; clk          ; clk         ; 0.000        ; 0.237      ; 0.798      ;
; 0.477 ; posit_pack:u_packer|g_rne.p1_special_sel_q[1] ; posit_pack:u_packer|g_rne.d_q[10]             ; clk          ; clk         ; 0.000        ; 0.237      ; 0.798      ;
; 0.478 ; posit_pack:u_packer|g_rne.p1_special_sel_q[0] ; posit_pack:u_packer|g_rne.d_q[16]             ; clk          ; clk         ; 0.000        ; 0.237      ; 0.799      ;
; 0.478 ; posit_pack:u_packer|g_rne.p1_flags_q[1]       ; posit_pack:u_packer|g_rne.flags_q[1]          ; clk          ; clk         ; 0.000        ; 0.039      ; 0.601      ;
; 0.480 ; posit_pack:u_packer|g_rne.p1_special_sel_q[1] ; posit_pack:u_packer|g_rne.d_q[1]              ; clk          ; clk         ; 0.000        ; 0.037      ; 0.601      ;
; 0.483 ; posit_pack:u_packer|g_rne.d_q[4]              ; packer_ppa_boundary:u_boundary|d[4]           ; clk          ; clk         ; 0.000        ; 0.047      ; 0.614      ;
; 0.487 ; posit_pack:u_packer|g_rne.d_q[9]              ; packer_ppa_boundary:u_boundary|d[9]           ; clk          ; clk         ; 0.000        ; 0.030      ; 0.601      ;
; 0.497 ; posit_pack:u_packer|g_rne.d_q[6]              ; packer_ppa_boundary:u_boundary|d[6]           ; clk          ; clk         ; 0.000        ; 0.047      ; 0.628      ;
+-------+-----------------------------------------------+-----------------------------------------------+--------------+-------------+--------------+------------+------------+


+------------------------------------------------------------------------------------------------------------------------------------------------------------------------+
; Fast 1200mV 0C Model Recovery: 'clk'                                                                                                                                   ;
+-------+-------------------------------------------+----------------------------------------------+--------------+-------------+--------------+------------+------------+
; Slack ; From Node                                 ; To Node                                      ; Launch Clock ; Latch Clock ; Relationship ; Clock Skew ; Data Delay ;
+-------+-------------------------------------------+----------------------------------------------+--------------+-------------+--------------+------------+------------+
; 8.268 ; packer_ppa_boundary:u_boundary|meta_sync2 ; packer_ppa_boundary:u_boundary|d[4]          ; clk          ; clk         ; 10.000       ; -0.032     ; 1.687      ;
; 8.268 ; packer_ppa_boundary:u_boundary|meta_sync2 ; packer_ppa_boundary:u_boundary|d[6]          ; clk          ; clk         ; 10.000       ; -0.032     ; 1.687      ;
; 8.268 ; packer_ppa_boundary:u_boundary|meta_sync2 ; packer_ppa_boundary:u_boundary|d[12]         ; clk          ; clk         ; 10.000       ; -0.032     ; 1.687      ;
; 8.268 ; packer_ppa_boundary:u_boundary|meta_sync2 ; packer_ppa_boundary:u_boundary|d[18]         ; clk          ; clk         ; 10.000       ; -0.032     ; 1.687      ;
; 8.268 ; packer_ppa_boundary:u_boundary|meta_sync2 ; packer_ppa_boundary:u_boundary|sf_q[9]       ; clk          ; clk         ; 10.000       ; -0.054     ; 1.665      ;
; 8.268 ; packer_ppa_boundary:u_boundary|meta_sync2 ; packer_ppa_boundary:u_boundary|sf_q[2]       ; clk          ; clk         ; 10.000       ; -0.054     ; 1.665      ;
; 8.268 ; packer_ppa_boundary:u_boundary|meta_sync2 ; packer_ppa_boundary:u_boundary|frac_q[27]    ; clk          ; clk         ; 10.000       ; -0.054     ; 1.665      ;
; 8.268 ; packer_ppa_boundary:u_boundary|meta_sync2 ; packer_ppa_boundary:u_boundary|frac_q[28]    ; clk          ; clk         ; 10.000       ; -0.054     ; 1.665      ;
; 8.268 ; packer_ppa_boundary:u_boundary|meta_sync2 ; packer_ppa_boundary:u_boundary|frac_q[29]    ; clk          ; clk         ; 10.000       ; -0.054     ; 1.665      ;
; 8.268 ; packer_ppa_boundary:u_boundary|meta_sync2 ; packer_ppa_boundary:u_boundary|frac_q[30]    ; clk          ; clk         ; 10.000       ; -0.054     ; 1.665      ;
; 8.268 ; packer_ppa_boundary:u_boundary|meta_sync2 ; packer_ppa_boundary:u_boundary|frac_q[34]    ; clk          ; clk         ; 10.000       ; -0.054     ; 1.665      ;
; 8.268 ; packer_ppa_boundary:u_boundary|meta_sync2 ; packer_ppa_boundary:u_boundary|frac_q[33]    ; clk          ; clk         ; 10.000       ; -0.054     ; 1.665      ;
; 8.268 ; packer_ppa_boundary:u_boundary|meta_sync2 ; packer_ppa_boundary:u_boundary|frac_q[31]    ; clk          ; clk         ; 10.000       ; -0.054     ; 1.665      ;
; 8.268 ; packer_ppa_boundary:u_boundary|meta_sync2 ; packer_ppa_boundary:u_boundary|frac_q[32]    ; clk          ; clk         ; 10.000       ; -0.054     ; 1.665      ;
; 8.268 ; packer_ppa_boundary:u_boundary|meta_sync2 ; packer_ppa_boundary:u_boundary|frac_q[35]    ; clk          ; clk         ; 10.000       ; -0.054     ; 1.665      ;
; 8.268 ; packer_ppa_boundary:u_boundary|meta_sync2 ; packer_ppa_boundary:u_boundary|frac_q[26]    ; clk          ; clk         ; 10.000       ; -0.054     ; 1.665      ;
; 8.269 ; packer_ppa_boundary:u_boundary|meta_sync2 ; posit_pack:u_packer|g_rne.p2_valid_q         ; clk          ; clk         ; 10.000       ; -0.043     ; 1.675      ;
; 8.269 ; packer_ppa_boundary:u_boundary|meta_sync2 ; packer_ppa_boundary:u_boundary|out_valid     ; clk          ; clk         ; 10.000       ; -0.043     ; 1.675      ;
; 8.269 ; packer_ppa_boundary:u_boundary|meta_sync2 ; packer_ppa_boundary:u_boundary|d[2]          ; clk          ; clk         ; 10.000       ; -0.043     ; 1.675      ;
; 8.269 ; packer_ppa_boundary:u_boundary|meta_sync2 ; posit_pack:u_packer|g_rne.d_q[4]             ; clk          ; clk         ; 10.000       ; -0.042     ; 1.676      ;
; 8.269 ; packer_ppa_boundary:u_boundary|meta_sync2 ; posit_pack:u_packer|g_rne.d_q[5]             ; clk          ; clk         ; 10.000       ; -0.042     ; 1.676      ;
; 8.269 ; packer_ppa_boundary:u_boundary|meta_sync2 ; packer_ppa_boundary:u_boundary|d[5]          ; clk          ; clk         ; 10.000       ; -0.043     ; 1.675      ;
; 8.269 ; packer_ppa_boundary:u_boundary|meta_sync2 ; posit_pack:u_packer|g_rne.d_q[6]             ; clk          ; clk         ; 10.000       ; -0.042     ; 1.676      ;
; 8.269 ; packer_ppa_boundary:u_boundary|meta_sync2 ; posit_pack:u_packer|g_rne.d_q[8]             ; clk          ; clk         ; 10.000       ; -0.042     ; 1.676      ;
; 8.269 ; packer_ppa_boundary:u_boundary|meta_sync2 ; packer_ppa_boundary:u_boundary|d[8]          ; clk          ; clk         ; 10.000       ; -0.043     ; 1.675      ;
; 8.269 ; packer_ppa_boundary:u_boundary|meta_sync2 ; posit_pack:u_packer|g_rne.d_q[9]             ; clk          ; clk         ; 10.000       ; -0.042     ; 1.676      ;
; 8.269 ; packer_ppa_boundary:u_boundary|meta_sync2 ; packer_ppa_boundary:u_boundary|d[14]         ; clk          ; clk         ; 10.000       ; -0.041     ; 1.677      ;
; 8.269 ; packer_ppa_boundary:u_boundary|meta_sync2 ; posit_pack:u_packer|g_rne.flags_q[2]         ; clk          ; clk         ; 10.000       ; -0.043     ; 1.675      ;
; 8.269 ; packer_ppa_boundary:u_boundary|meta_sync2 ; packer_ppa_boundary:u_boundary|flags[2]      ; clk          ; clk         ; 10.000       ; -0.043     ; 1.675      ;
; 8.269 ; packer_ppa_boundary:u_boundary|meta_sync2 ; packer_ppa_boundary:u_boundary|flags[3]      ; clk          ; clk         ; 10.000       ; -0.043     ; 1.675      ;
; 8.269 ; packer_ppa_boundary:u_boundary|meta_sync2 ; posit_pack:u_packer|g_rne.flags_q[4]         ; clk          ; clk         ; 10.000       ; -0.043     ; 1.675      ;
; 8.269 ; packer_ppa_boundary:u_boundary|meta_sync2 ; packer_ppa_boundary:u_boundary|flags[4]      ; clk          ; clk         ; 10.000       ; -0.043     ; 1.675      ;
; 8.269 ; packer_ppa_boundary:u_boundary|meta_sync2 ; packer_ppa_boundary:u_boundary|sf_q[6]       ; clk          ; clk         ; 10.000       ; -0.050     ; 1.668      ;
; 8.269 ; packer_ppa_boundary:u_boundary|meta_sync2 ; packer_ppa_boundary:u_boundary|sf_q[3]       ; clk          ; clk         ; 10.000       ; -0.052     ; 1.666      ;
; 8.269 ; packer_ppa_boundary:u_boundary|meta_sync2 ; packer_ppa_boundary:u_boundary|sf_q[5]       ; clk          ; clk         ; 10.000       ; -0.050     ; 1.668      ;
; 8.269 ; packer_ppa_boundary:u_boundary|meta_sync2 ; packer_ppa_boundary:u_boundary|sf_q[4]       ; clk          ; clk         ; 10.000       ; -0.050     ; 1.668      ;
; 8.269 ; packer_ppa_boundary:u_boundary|meta_sync2 ; packer_ppa_boundary:u_boundary|frac_q[45]    ; clk          ; clk         ; 10.000       ; -0.052     ; 1.666      ;
; 8.269 ; packer_ppa_boundary:u_boundary|meta_sync2 ; packer_ppa_boundary:u_boundary|frac_q[46]    ; clk          ; clk         ; 10.000       ; -0.052     ; 1.666      ;
; 8.269 ; packer_ppa_boundary:u_boundary|meta_sync2 ; packer_ppa_boundary:u_boundary|frac_q[43]    ; clk          ; clk         ; 10.000       ; -0.052     ; 1.666      ;
; 8.269 ; packer_ppa_boundary:u_boundary|meta_sync2 ; packer_ppa_boundary:u_boundary|frac_q[44]    ; clk          ; clk         ; 10.000       ; -0.052     ; 1.666      ;
; 8.269 ; packer_ppa_boundary:u_boundary|meta_sync2 ; packer_ppa_boundary:u_boundary|frac_q[47]    ; clk          ; clk         ; 10.000       ; -0.051     ; 1.667      ;
; 8.269 ; packer_ppa_boundary:u_boundary|meta_sync2 ; packer_ppa_boundary:u_boundary|frac_q[48]    ; clk          ; clk         ; 10.000       ; -0.051     ; 1.667      ;
; 8.269 ; packer_ppa_boundary:u_boundary|meta_sync2 ; packer_ppa_boundary:u_boundary|frac_q[50]    ; clk          ; clk         ; 10.000       ; -0.051     ; 1.667      ;
; 8.269 ; packer_ppa_boundary:u_boundary|meta_sync2 ; packer_ppa_boundary:u_boundary|frac_q[49]    ; clk          ; clk         ; 10.000       ; -0.051     ; 1.667      ;
; 8.269 ; packer_ppa_boundary:u_boundary|meta_sync2 ; packer_ppa_boundary:u_boundary|frac_q[52]    ; clk          ; clk         ; 10.000       ; -0.051     ; 1.667      ;
; 8.269 ; packer_ppa_boundary:u_boundary|meta_sync2 ; packer_ppa_boundary:u_boundary|frac_q[51]    ; clk          ; clk         ; 10.000       ; -0.051     ; 1.667      ;
; 8.269 ; packer_ppa_boundary:u_boundary|meta_sync2 ; packer_ppa_boundary:u_boundary|frac_q[53]    ; clk          ; clk         ; 10.000       ; -0.051     ; 1.667      ;
; 8.269 ; packer_ppa_boundary:u_boundary|meta_sync2 ; packer_ppa_boundary:u_boundary|frac_q[38]    ; clk          ; clk         ; 10.000       ; -0.052     ; 1.666      ;
; 8.269 ; packer_ppa_boundary:u_boundary|meta_sync2 ; packer_ppa_boundary:u_boundary|frac_q[37]    ; clk          ; clk         ; 10.000       ; -0.052     ; 1.666      ;
; 8.269 ; packer_ppa_boundary:u_boundary|meta_sync2 ; packer_ppa_boundary:u_boundary|frac_q[36]    ; clk          ; clk         ; 10.000       ; -0.052     ; 1.666      ;
; 8.269 ; packer_ppa_boundary:u_boundary|meta_sync2 ; packer_ppa_boundary:u_boundary|frac_q[42]    ; clk          ; clk         ; 10.000       ; -0.052     ; 1.666      ;
; 8.269 ; packer_ppa_boundary:u_boundary|meta_sync2 ; packer_ppa_boundary:u_boundary|frac_q[41]    ; clk          ; clk         ; 10.000       ; -0.052     ; 1.666      ;
; 8.269 ; packer_ppa_boundary:u_boundary|meta_sync2 ; packer_ppa_boundary:u_boundary|frac_q[39]    ; clk          ; clk         ; 10.000       ; -0.052     ; 1.666      ;
; 8.269 ; packer_ppa_boundary:u_boundary|meta_sync2 ; posit_pack:u_packer|g_rne.p1_guard_bit_q     ; clk          ; clk         ; 10.000       ; -0.052     ; 1.666      ;
; 8.269 ; packer_ppa_boundary:u_boundary|meta_sync2 ; posit_pack:u_packer|g_rne.p1_round_bit_q     ; clk          ; clk         ; 10.000       ; -0.052     ; 1.666      ;
; 8.269 ; packer_ppa_boundary:u_boundary|meta_sync2 ; packer_ppa_boundary:u_boundary|frac_q[9]     ; clk          ; clk         ; 10.000       ; -0.048     ; 1.670      ;
; 8.269 ; packer_ppa_boundary:u_boundary|meta_sync2 ; packer_ppa_boundary:u_boundary|frac_q[7]     ; clk          ; clk         ; 10.000       ; -0.048     ; 1.670      ;
; 8.269 ; packer_ppa_boundary:u_boundary|meta_sync2 ; packer_ppa_boundary:u_boundary|frac_q[11]    ; clk          ; clk         ; 10.000       ; -0.048     ; 1.670      ;
; 8.269 ; packer_ppa_boundary:u_boundary|meta_sync2 ; packer_ppa_boundary:u_boundary|frac_q[13]    ; clk          ; clk         ; 10.000       ; -0.048     ; 1.670      ;
; 8.269 ; packer_ppa_boundary:u_boundary|meta_sync2 ; packer_ppa_boundary:u_boundary|frac_q[2]     ; clk          ; clk         ; 10.000       ; -0.048     ; 1.670      ;
; 8.269 ; packer_ppa_boundary:u_boundary|meta_sync2 ; packer_ppa_boundary:u_boundary|sticky_q      ; clk          ; clk         ; 10.000       ; -0.048     ; 1.670      ;
; 8.269 ; packer_ppa_boundary:u_boundary|meta_sync2 ; packer_ppa_boundary:u_boundary|frac_q[1]     ; clk          ; clk         ; 10.000       ; -0.048     ; 1.670      ;
; 8.269 ; packer_ppa_boundary:u_boundary|meta_sync2 ; packer_ppa_boundary:u_boundary|frac_q[10]    ; clk          ; clk         ; 10.000       ; -0.048     ; 1.670      ;
; 8.269 ; packer_ppa_boundary:u_boundary|meta_sync2 ; packer_ppa_boundary:u_boundary|frac_q[8]     ; clk          ; clk         ; 10.000       ; -0.048     ; 1.670      ;
; 8.269 ; packer_ppa_boundary:u_boundary|meta_sync2 ; packer_ppa_boundary:u_boundary|frac_q[14]    ; clk          ; clk         ; 10.000       ; -0.048     ; 1.670      ;
; 8.269 ; packer_ppa_boundary:u_boundary|meta_sync2 ; packer_ppa_boundary:u_boundary|frac_q[15]    ; clk          ; clk         ; 10.000       ; -0.048     ; 1.670      ;
; 8.269 ; packer_ppa_boundary:u_boundary|meta_sync2 ; packer_ppa_boundary:u_boundary|frac_q[12]    ; clk          ; clk         ; 10.000       ; -0.048     ; 1.670      ;
; 8.269 ; packer_ppa_boundary:u_boundary|meta_sync2 ; packer_ppa_boundary:u_boundary|frac_q[4]     ; clk          ; clk         ; 10.000       ; -0.048     ; 1.670      ;
; 8.269 ; packer_ppa_boundary:u_boundary|meta_sync2 ; packer_ppa_boundary:u_boundary|frac_q[5]     ; clk          ; clk         ; 10.000       ; -0.048     ; 1.670      ;
; 8.269 ; packer_ppa_boundary:u_boundary|meta_sync2 ; packer_ppa_boundary:u_boundary|frac_q[6]     ; clk          ; clk         ; 10.000       ; -0.048     ; 1.670      ;
; 8.269 ; packer_ppa_boundary:u_boundary|meta_sync2 ; packer_ppa_boundary:u_boundary|frac_q[24]    ; clk          ; clk         ; 10.000       ; -0.052     ; 1.666      ;
; 8.269 ; packer_ppa_boundary:u_boundary|meta_sync2 ; packer_ppa_boundary:u_boundary|frac_q[25]    ; clk          ; clk         ; 10.000       ; -0.052     ; 1.666      ;
; 8.269 ; packer_ppa_boundary:u_boundary|meta_sync2 ; packer_ppa_boundary:u_boundary|frac_q[22]    ; clk          ; clk         ; 10.000       ; -0.052     ; 1.666      ;
; 8.269 ; packer_ppa_boundary:u_boundary|meta_sync2 ; packer_ppa_boundary:u_boundary|frac_q[23]    ; clk          ; clk         ; 10.000       ; -0.052     ; 1.666      ;
; 8.269 ; packer_ppa_boundary:u_boundary|meta_sync2 ; packer_ppa_boundary:u_boundary|frac_q[20]    ; clk          ; clk         ; 10.000       ; -0.052     ; 1.666      ;
; 8.269 ; packer_ppa_boundary:u_boundary|meta_sync2 ; packer_ppa_boundary:u_boundary|frac_q[21]    ; clk          ; clk         ; 10.000       ; -0.052     ; 1.666      ;
; 8.269 ; packer_ppa_boundary:u_boundary|meta_sync2 ; packer_ppa_boundary:u_boundary|frac_q[3]     ; clk          ; clk         ; 10.000       ; -0.048     ; 1.670      ;
; 8.269 ; packer_ppa_boundary:u_boundary|meta_sync2 ; posit_pack:u_packer|g_rne.p1_sticky_bit_q    ; clk          ; clk         ; 10.000       ; -0.052     ; 1.666      ;
; 8.269 ; packer_ppa_boundary:u_boundary|meta_sync2 ; posit_pack:u_packer|g_rne.p1_mag_trunc_q[0]  ; clk          ; clk         ; 10.000       ; -0.052     ; 1.666      ;
; 8.269 ; packer_ppa_boundary:u_boundary|meta_sync2 ; posit_pack:u_packer|g_rne.p1_mag_trunc_q[1]  ; clk          ; clk         ; 10.000       ; -0.053     ; 1.665      ;
; 8.269 ; packer_ppa_boundary:u_boundary|meta_sync2 ; posit_pack:u_packer|g_rne.p1_mag_trunc_q[2]  ; clk          ; clk         ; 10.000       ; -0.053     ; 1.665      ;
; 8.269 ; packer_ppa_boundary:u_boundary|meta_sync2 ; posit_pack:u_packer|g_rne.p1_mag_trunc_q[3]  ; clk          ; clk         ; 10.000       ; -0.053     ; 1.665      ;
; 8.269 ; packer_ppa_boundary:u_boundary|meta_sync2 ; posit_pack:u_packer|g_rne.p1_mag_trunc_q[4]  ; clk          ; clk         ; 10.000       ; -0.053     ; 1.665      ;
; 8.269 ; packer_ppa_boundary:u_boundary|meta_sync2 ; posit_pack:u_packer|g_rne.p1_mag_trunc_q[5]  ; clk          ; clk         ; 10.000       ; -0.053     ; 1.665      ;
; 8.269 ; packer_ppa_boundary:u_boundary|meta_sync2 ; posit_pack:u_packer|g_rne.p1_mag_trunc_q[6]  ; clk          ; clk         ; 10.000       ; -0.053     ; 1.665      ;
; 8.269 ; packer_ppa_boundary:u_boundary|meta_sync2 ; posit_pack:u_packer|g_rne.p1_mag_trunc_q[7]  ; clk          ; clk         ; 10.000       ; -0.053     ; 1.665      ;
; 8.269 ; packer_ppa_boundary:u_boundary|meta_sync2 ; posit_pack:u_packer|g_rne.p1_mag_trunc_q[8]  ; clk          ; clk         ; 10.000       ; -0.053     ; 1.665      ;
; 8.269 ; packer_ppa_boundary:u_boundary|meta_sync2 ; posit_pack:u_packer|g_rne.p1_mag_trunc_q[9]  ; clk          ; clk         ; 10.000       ; -0.053     ; 1.665      ;
; 8.269 ; packer_ppa_boundary:u_boundary|meta_sync2 ; posit_pack:u_packer|g_rne.p1_mag_trunc_q[10] ; clk          ; clk         ; 10.000       ; -0.053     ; 1.665      ;
; 8.269 ; packer_ppa_boundary:u_boundary|meta_sync2 ; posit_pack:u_packer|g_rne.p1_mag_trunc_q[11] ; clk          ; clk         ; 10.000       ; -0.053     ; 1.665      ;
; 8.269 ; packer_ppa_boundary:u_boundary|meta_sync2 ; posit_pack:u_packer|g_rne.p1_mag_trunc_q[12] ; clk          ; clk         ; 10.000       ; -0.053     ; 1.665      ;
; 8.269 ; packer_ppa_boundary:u_boundary|meta_sync2 ; posit_pack:u_packer|g_rne.p1_mag_trunc_q[13] ; clk          ; clk         ; 10.000       ; -0.053     ; 1.665      ;
; 8.269 ; packer_ppa_boundary:u_boundary|meta_sync2 ; posit_pack:u_packer|g_rne.p1_mag_trunc_q[14] ; clk          ; clk         ; 10.000       ; -0.053     ; 1.665      ;
; 8.269 ; packer_ppa_boundary:u_boundary|meta_sync2 ; posit_pack:u_packer|g_rne.p1_mag_trunc_q[15] ; clk          ; clk         ; 10.000       ; -0.053     ; 1.665      ;
; 8.269 ; packer_ppa_boundary:u_boundary|meta_sync2 ; packer_ppa_boundary:u_boundary|sign_q        ; clk          ; clk         ; 10.000       ; -0.050     ; 1.668      ;
; 8.269 ; packer_ppa_boundary:u_boundary|meta_sync2 ; packer_ppa_boundary:u_boundary|flags_in_q[1] ; clk          ; clk         ; 10.000       ; -0.051     ; 1.667      ;
; 8.269 ; packer_ppa_boundary:u_boundary|meta_sync2 ; posit_pack:u_packer|g_rne.p1_flags_q[1]      ; clk          ; clk         ; 10.000       ; -0.051     ; 1.667      ;
; 8.270 ; packer_ppa_boundary:u_boundary|meta_sync2 ; packer_ppa_boundary:u_boundary|d[24]         ; clk          ; clk         ; 10.000       ; -0.041     ; 1.676      ;
; 8.270 ; packer_ppa_boundary:u_boundary|meta_sync2 ; packer_ppa_boundary:u_boundary|sf_q[1]       ; clk          ; clk         ; 10.000       ; -0.051     ; 1.666      ;
; 8.270 ; packer_ppa_boundary:u_boundary|meta_sync2 ; packer_ppa_boundary:u_boundary|sf_q[0]       ; clk          ; clk         ; 10.000       ; -0.051     ; 1.666      ;
+-------+-------------------------------------------+----------------------------------------------+--------------+-------------+--------------+------------+------------+


+------------------------------------------------------------------------------------------------------------------------------------------------------------------------+
; Fast 1200mV 0C Model Removal: 'clk'                                                                                                                                    ;
+-------+-------------------------------------------+----------------------------------------------+--------------+-------------+--------------+------------+------------+
; Slack ; From Node                                 ; To Node                                      ; Launch Clock ; Latch Clock ; Relationship ; Clock Skew ; Data Delay ;
+-------+-------------------------------------------+----------------------------------------------+--------------+-------------+--------------+------------+------------+
; 1.198 ; packer_ppa_boundary:u_boundary|meta_sync2 ; posit_pack:u_packer|g_rne.d_q[18]            ; clk          ; clk         ; 0.000        ; 0.238      ; 1.520      ;
; 1.212 ; packer_ppa_boundary:u_boundary|meta_sync2 ; posit_pack:u_packer|g_rne.d_q[2]             ; clk          ; clk         ; 0.000        ; 0.225      ; 1.521      ;
; 1.212 ; packer_ppa_boundary:u_boundary|meta_sync2 ; posit_pack:u_packer|g_rne.d_q[10]            ; clk          ; clk         ; 0.000        ; 0.225      ; 1.521      ;
; 1.212 ; packer_ppa_boundary:u_boundary|meta_sync2 ; posit_pack:u_packer|g_rne.d_q[12]            ; clk          ; clk         ; 0.000        ; 0.225      ; 1.521      ;
; 1.212 ; packer_ppa_boundary:u_boundary|meta_sync2 ; posit_pack:u_packer|g_rne.d_q[14]            ; clk          ; clk         ; 0.000        ; 0.225      ; 1.521      ;
; 1.212 ; packer_ppa_boundary:u_boundary|meta_sync2 ; posit_pack:u_packer|g_rne.d_q[15]            ; clk          ; clk         ; 0.000        ; 0.217      ; 1.513      ;
; 1.212 ; packer_ppa_boundary:u_boundary|meta_sync2 ; posit_pack:u_packer|g_rne.d_q[16]            ; clk          ; clk         ; 0.000        ; 0.225      ; 1.521      ;
; 1.212 ; packer_ppa_boundary:u_boundary|meta_sync2 ; posit_pack:u_packer|g_rne.d_q[17]            ; clk          ; clk         ; 0.000        ; 0.217      ; 1.513      ;
; 1.212 ; packer_ppa_boundary:u_boundary|meta_sync2 ; posit_pack:u_packer|g_rne.d_q[19]            ; clk          ; clk         ; 0.000        ; 0.217      ; 1.513      ;
; 1.212 ; packer_ppa_boundary:u_boundary|meta_sync2 ; posit_pack:u_packer|g_rne.d_q[20]            ; clk          ; clk         ; 0.000        ; 0.217      ; 1.513      ;
; 1.212 ; packer_ppa_boundary:u_boundary|meta_sync2 ; posit_pack:u_packer|g_rne.d_q[22]            ; clk          ; clk         ; 0.000        ; 0.217      ; 1.513      ;
; 1.212 ; packer_ppa_boundary:u_boundary|meta_sync2 ; posit_pack:u_packer|g_rne.d_q[24]            ; clk          ; clk         ; 0.000        ; 0.217      ; 1.513      ;
; 1.212 ; packer_ppa_boundary:u_boundary|meta_sync2 ; posit_pack:u_packer|g_rne.d_q[26]            ; clk          ; clk         ; 0.000        ; 0.217      ; 1.513      ;
; 1.224 ; packer_ppa_boundary:u_boundary|meta_sync2 ; posit_pack:u_packer|g_rne.d_q[7]             ; clk          ; clk         ; 0.000        ; 0.207      ; 1.515      ;
; 1.224 ; packer_ppa_boundary:u_boundary|meta_sync2 ; posit_pack:u_packer|g_rne.d_q[11]            ; clk          ; clk         ; 0.000        ; 0.207      ; 1.515      ;
; 1.224 ; packer_ppa_boundary:u_boundary|meta_sync2 ; posit_pack:u_packer|g_rne.d_q[13]            ; clk          ; clk         ; 0.000        ; 0.207      ; 1.515      ;
; 1.224 ; packer_ppa_boundary:u_boundary|meta_sync2 ; posit_pack:u_packer|g_rne.d_q[21]            ; clk          ; clk         ; 0.000        ; 0.206      ; 1.514      ;
; 1.224 ; packer_ppa_boundary:u_boundary|meta_sync2 ; posit_pack:u_packer|g_rne.d_q[23]            ; clk          ; clk         ; 0.000        ; 0.206      ; 1.514      ;
; 1.224 ; packer_ppa_boundary:u_boundary|meta_sync2 ; posit_pack:u_packer|g_rne.d_q[25]            ; clk          ; clk         ; 0.000        ; 0.206      ; 1.514      ;
; 1.224 ; packer_ppa_boundary:u_boundary|meta_sync2 ; posit_pack:u_packer|g_rne.d_q[27]            ; clk          ; clk         ; 0.000        ; 0.206      ; 1.514      ;
; 1.224 ; packer_ppa_boundary:u_boundary|meta_sync2 ; posit_pack:u_packer|g_rne.d_q[28]            ; clk          ; clk         ; 0.000        ; 0.207      ; 1.515      ;
; 1.224 ; packer_ppa_boundary:u_boundary|meta_sync2 ; posit_pack:u_packer|g_rne.d_q[29]            ; clk          ; clk         ; 0.000        ; 0.206      ; 1.514      ;
; 1.224 ; packer_ppa_boundary:u_boundary|meta_sync2 ; posit_pack:u_packer|g_rne.d_q[30]            ; clk          ; clk         ; 0.000        ; 0.207      ; 1.515      ;
; 1.389 ; packer_ppa_boundary:u_boundary|meta_sync2 ; packer_ppa_boundary:u_boundary|sf_q[6]       ; clk          ; clk         ; 0.000        ; 0.042      ; 1.515      ;
; 1.389 ; packer_ppa_boundary:u_boundary|meta_sync2 ; packer_ppa_boundary:u_boundary|sf_q[3]       ; clk          ; clk         ; 0.000        ; 0.040      ; 1.513      ;
; 1.389 ; packer_ppa_boundary:u_boundary|meta_sync2 ; packer_ppa_boundary:u_boundary|sf_q[5]       ; clk          ; clk         ; 0.000        ; 0.042      ; 1.515      ;
; 1.389 ; packer_ppa_boundary:u_boundary|meta_sync2 ; packer_ppa_boundary:u_boundary|sf_q[4]       ; clk          ; clk         ; 0.000        ; 0.042      ; 1.515      ;
; 1.389 ; packer_ppa_boundary:u_boundary|meta_sync2 ; packer_ppa_boundary:u_boundary|frac_q[45]    ; clk          ; clk         ; 0.000        ; 0.040      ; 1.513      ;
; 1.389 ; packer_ppa_boundary:u_boundary|meta_sync2 ; packer_ppa_boundary:u_boundary|frac_q[46]    ; clk          ; clk         ; 0.000        ; 0.040      ; 1.513      ;
; 1.389 ; packer_ppa_boundary:u_boundary|meta_sync2 ; packer_ppa_boundary:u_boundary|frac_q[43]    ; clk          ; clk         ; 0.000        ; 0.040      ; 1.513      ;
; 1.389 ; packer_ppa_boundary:u_boundary|meta_sync2 ; packer_ppa_boundary:u_boundary|frac_q[44]    ; clk          ; clk         ; 0.000        ; 0.040      ; 1.513      ;
; 1.389 ; packer_ppa_boundary:u_boundary|meta_sync2 ; packer_ppa_boundary:u_boundary|sf_q[1]       ; clk          ; clk         ; 0.000        ; 0.041      ; 1.514      ;
; 1.389 ; packer_ppa_boundary:u_boundary|meta_sync2 ; packer_ppa_boundary:u_boundary|sf_q[0]       ; clk          ; clk         ; 0.000        ; 0.041      ; 1.514      ;
; 1.389 ; packer_ppa_boundary:u_boundary|meta_sync2 ; packer_ppa_boundary:u_boundary|frac_q[54]    ; clk          ; clk         ; 0.000        ; 0.041      ; 1.514      ;
; 1.389 ; packer_ppa_boundary:u_boundary|meta_sync2 ; packer_ppa_boundary:u_boundary|frac_q[38]    ; clk          ; clk         ; 0.000        ; 0.040      ; 1.513      ;
; 1.389 ; packer_ppa_boundary:u_boundary|meta_sync2 ; packer_ppa_boundary:u_boundary|frac_q[37]    ; clk          ; clk         ; 0.000        ; 0.040      ; 1.513      ;
; 1.389 ; packer_ppa_boundary:u_boundary|meta_sync2 ; packer_ppa_boundary:u_boundary|frac_q[36]    ; clk          ; clk         ; 0.000        ; 0.040      ; 1.513      ;
; 1.389 ; packer_ppa_boundary:u_boundary|meta_sync2 ; packer_ppa_boundary:u_boundary|frac_q[42]    ; clk          ; clk         ; 0.000        ; 0.040      ; 1.513      ;
; 1.389 ; packer_ppa_boundary:u_boundary|meta_sync2 ; packer_ppa_boundary:u_boundary|frac_q[41]    ; clk          ; clk         ; 0.000        ; 0.040      ; 1.513      ;
; 1.389 ; packer_ppa_boundary:u_boundary|meta_sync2 ; packer_ppa_boundary:u_boundary|frac_q[39]    ; clk          ; clk         ; 0.000        ; 0.040      ; 1.513      ;
; 1.389 ; packer_ppa_boundary:u_boundary|meta_sync2 ; posit_pack:u_packer|g_rne.p1_guard_bit_q     ; clk          ; clk         ; 0.000        ; 0.040      ; 1.513      ;
; 1.389 ; packer_ppa_boundary:u_boundary|meta_sync2 ; posit_pack:u_packer|g_rne.p1_round_bit_q     ; clk          ; clk         ; 0.000        ; 0.040      ; 1.513      ;
; 1.389 ; packer_ppa_boundary:u_boundary|meta_sync2 ; packer_ppa_boundary:u_boundary|frac_q[7]     ; clk          ; clk         ; 0.000        ; 0.045      ; 1.518      ;
; 1.389 ; packer_ppa_boundary:u_boundary|meta_sync2 ; packer_ppa_boundary:u_boundary|frac_q[2]     ; clk          ; clk         ; 0.000        ; 0.045      ; 1.518      ;
; 1.389 ; packer_ppa_boundary:u_boundary|meta_sync2 ; packer_ppa_boundary:u_boundary|sticky_q      ; clk          ; clk         ; 0.000        ; 0.045      ; 1.518      ;
; 1.389 ; packer_ppa_boundary:u_boundary|meta_sync2 ; packer_ppa_boundary:u_boundary|frac_q[1]     ; clk          ; clk         ; 0.000        ; 0.045      ; 1.518      ;
; 1.389 ; packer_ppa_boundary:u_boundary|meta_sync2 ; packer_ppa_boundary:u_boundary|frac_q[8]     ; clk          ; clk         ; 0.000        ; 0.045      ; 1.518      ;
; 1.389 ; packer_ppa_boundary:u_boundary|meta_sync2 ; packer_ppa_boundary:u_boundary|frac_q[15]    ; clk          ; clk         ; 0.000        ; 0.044      ; 1.517      ;
; 1.389 ; packer_ppa_boundary:u_boundary|meta_sync2 ; packer_ppa_boundary:u_boundary|frac_q[16]    ; clk          ; clk         ; 0.000        ; 0.045      ; 1.518      ;
; 1.389 ; packer_ppa_boundary:u_boundary|meta_sync2 ; packer_ppa_boundary:u_boundary|frac_q[17]    ; clk          ; clk         ; 0.000        ; 0.045      ; 1.518      ;
; 1.389 ; packer_ppa_boundary:u_boundary|meta_sync2 ; packer_ppa_boundary:u_boundary|frac_q[18]    ; clk          ; clk         ; 0.000        ; 0.045      ; 1.518      ;
; 1.389 ; packer_ppa_boundary:u_boundary|meta_sync2 ; packer_ppa_boundary:u_boundary|frac_q[19]    ; clk          ; clk         ; 0.000        ; 0.045      ; 1.518      ;
; 1.389 ; packer_ppa_boundary:u_boundary|meta_sync2 ; packer_ppa_boundary:u_boundary|frac_q[4]     ; clk          ; clk         ; 0.000        ; 0.045      ; 1.518      ;
; 1.389 ; packer_ppa_boundary:u_boundary|meta_sync2 ; packer_ppa_boundary:u_boundary|frac_q[5]     ; clk          ; clk         ; 0.000        ; 0.045      ; 1.518      ;
; 1.389 ; packer_ppa_boundary:u_boundary|meta_sync2 ; packer_ppa_boundary:u_boundary|frac_q[6]     ; clk          ; clk         ; 0.000        ; 0.045      ; 1.518      ;
; 1.389 ; packer_ppa_boundary:u_boundary|meta_sync2 ; packer_ppa_boundary:u_boundary|frac_q[24]    ; clk          ; clk         ; 0.000        ; 0.040      ; 1.513      ;
; 1.389 ; packer_ppa_boundary:u_boundary|meta_sync2 ; packer_ppa_boundary:u_boundary|frac_q[25]    ; clk          ; clk         ; 0.000        ; 0.040      ; 1.513      ;
; 1.389 ; packer_ppa_boundary:u_boundary|meta_sync2 ; packer_ppa_boundary:u_boundary|frac_q[22]    ; clk          ; clk         ; 0.000        ; 0.040      ; 1.513      ;
; 1.389 ; packer_ppa_boundary:u_boundary|meta_sync2 ; packer_ppa_boundary:u_boundary|frac_q[23]    ; clk          ; clk         ; 0.000        ; 0.040      ; 1.513      ;
; 1.389 ; packer_ppa_boundary:u_boundary|meta_sync2 ; packer_ppa_boundary:u_boundary|frac_q[20]    ; clk          ; clk         ; 0.000        ; 0.040      ; 1.513      ;
; 1.389 ; packer_ppa_boundary:u_boundary|meta_sync2 ; packer_ppa_boundary:u_boundary|frac_q[21]    ; clk          ; clk         ; 0.000        ; 0.040      ; 1.513      ;
; 1.389 ; packer_ppa_boundary:u_boundary|meta_sync2 ; packer_ppa_boundary:u_boundary|frac_q[3]     ; clk          ; clk         ; 0.000        ; 0.045      ; 1.518      ;
; 1.389 ; packer_ppa_boundary:u_boundary|meta_sync2 ; packer_ppa_boundary:u_boundary|frac_q[0]     ; clk          ; clk         ; 0.000        ; 0.045      ; 1.518      ;
; 1.389 ; packer_ppa_boundary:u_boundary|meta_sync2 ; posit_pack:u_packer|g_rne.p1_sticky_bit_q    ; clk          ; clk         ; 0.000        ; 0.040      ; 1.513      ;
; 1.389 ; packer_ppa_boundary:u_boundary|meta_sync2 ; posit_pack:u_packer|g_rne.p1_mag_trunc_q[0]  ; clk          ; clk         ; 0.000        ; 0.040      ; 1.513      ;
; 1.389 ; packer_ppa_boundary:u_boundary|meta_sync2 ; packer_ppa_boundary:u_boundary|sign_q        ; clk          ; clk         ; 0.000        ; 0.042      ; 1.515      ;
; 1.389 ; packer_ppa_boundary:u_boundary|meta_sync2 ; packer_ppa_boundary:u_boundary|flags_in_q[1] ; clk          ; clk         ; 0.000        ; 0.041      ; 1.514      ;
; 1.389 ; packer_ppa_boundary:u_boundary|meta_sync2 ; posit_pack:u_packer|g_rne.p1_flags_q[1]      ; clk          ; clk         ; 0.000        ; 0.041      ; 1.514      ;
; 1.390 ; packer_ppa_boundary:u_boundary|meta_sync2 ; packer_ppa_boundary:u_boundary|sf_q[9]       ; clk          ; clk         ; 0.000        ; 0.038      ; 1.512      ;
; 1.390 ; packer_ppa_boundary:u_boundary|meta_sync2 ; packer_ppa_boundary:u_boundary|sf_q[2]       ; clk          ; clk         ; 0.000        ; 0.038      ; 1.512      ;
; 1.390 ; packer_ppa_boundary:u_boundary|meta_sync2 ; packer_ppa_boundary:u_boundary|frac_q[47]    ; clk          ; clk         ; 0.000        ; 0.041      ; 1.515      ;
; 1.390 ; packer_ppa_boundary:u_boundary|meta_sync2 ; packer_ppa_boundary:u_boundary|frac_q[48]    ; clk          ; clk         ; 0.000        ; 0.041      ; 1.515      ;
; 1.390 ; packer_ppa_boundary:u_boundary|meta_sync2 ; packer_ppa_boundary:u_boundary|frac_q[50]    ; clk          ; clk         ; 0.000        ; 0.041      ; 1.515      ;
; 1.390 ; packer_ppa_boundary:u_boundary|meta_sync2 ; packer_ppa_boundary:u_boundary|frac_q[49]    ; clk          ; clk         ; 0.000        ; 0.041      ; 1.515      ;
; 1.390 ; packer_ppa_boundary:u_boundary|meta_sync2 ; packer_ppa_boundary:u_boundary|frac_q[52]    ; clk          ; clk         ; 0.000        ; 0.041      ; 1.515      ;
; 1.390 ; packer_ppa_boundary:u_boundary|meta_sync2 ; packer_ppa_boundary:u_boundary|frac_q[51]    ; clk          ; clk         ; 0.000        ; 0.041      ; 1.515      ;
; 1.390 ; packer_ppa_boundary:u_boundary|meta_sync2 ; packer_ppa_boundary:u_boundary|frac_q[53]    ; clk          ; clk         ; 0.000        ; 0.041      ; 1.515      ;
; 1.390 ; packer_ppa_boundary:u_boundary|meta_sync2 ; packer_ppa_boundary:u_boundary|frac_q[27]    ; clk          ; clk         ; 0.000        ; 0.038      ; 1.512      ;
; 1.390 ; packer_ppa_boundary:u_boundary|meta_sync2 ; packer_ppa_boundary:u_boundary|frac_q[28]    ; clk          ; clk         ; 0.000        ; 0.038      ; 1.512      ;
; 1.390 ; packer_ppa_boundary:u_boundary|meta_sync2 ; packer_ppa_boundary:u_boundary|frac_q[29]    ; clk          ; clk         ; 0.000        ; 0.038      ; 1.512      ;
; 1.390 ; packer_ppa_boundary:u_boundary|meta_sync2 ; packer_ppa_boundary:u_boundary|frac_q[30]    ; clk          ; clk         ; 0.000        ; 0.038      ; 1.512      ;
; 1.390 ; packer_ppa_boundary:u_boundary|meta_sync2 ; packer_ppa_boundary:u_boundary|frac_q[34]    ; clk          ; clk         ; 0.000        ; 0.038      ; 1.512      ;
; 1.390 ; packer_ppa_boundary:u_boundary|meta_sync2 ; packer_ppa_boundary:u_boundary|frac_q[33]    ; clk          ; clk         ; 0.000        ; 0.038      ; 1.512      ;
; 1.390 ; packer_ppa_boundary:u_boundary|meta_sync2 ; packer_ppa_boundary:u_boundary|frac_q[31]    ; clk          ; clk         ; 0.000        ; 0.038      ; 1.512      ;
; 1.390 ; packer_ppa_boundary:u_boundary|meta_sync2 ; packer_ppa_boundary:u_boundary|frac_q[32]    ; clk          ; clk         ; 0.000        ; 0.038      ; 1.512      ;
; 1.390 ; packer_ppa_boundary:u_boundary|meta_sync2 ; packer_ppa_boundary:u_boundary|frac_q[35]    ; clk          ; clk         ; 0.000        ; 0.038      ; 1.512      ;
; 1.390 ; packer_ppa_boundary:u_boundary|meta_sync2 ; packer_ppa_boundary:u_boundary|frac_q[40]    ; clk          ; clk         ; 0.000        ; 0.039      ; 1.513      ;
; 1.390 ; packer_ppa_boundary:u_boundary|meta_sync2 ; packer_ppa_boundary:u_boundary|frac_q[26]    ; clk          ; clk         ; 0.000        ; 0.038      ; 1.512      ;
; 1.390 ; packer_ppa_boundary:u_boundary|meta_sync2 ; packer_ppa_boundary:u_boundary|frac_q[9]     ; clk          ; clk         ; 0.000        ; 0.044      ; 1.518      ;
; 1.390 ; packer_ppa_boundary:u_boundary|meta_sync2 ; packer_ppa_boundary:u_boundary|frac_q[11]    ; clk          ; clk         ; 0.000        ; 0.044      ; 1.518      ;
; 1.390 ; packer_ppa_boundary:u_boundary|meta_sync2 ; packer_ppa_boundary:u_boundary|frac_q[13]    ; clk          ; clk         ; 0.000        ; 0.044      ; 1.518      ;
; 1.390 ; packer_ppa_boundary:u_boundary|meta_sync2 ; packer_ppa_boundary:u_boundary|frac_q[10]    ; clk          ; clk         ; 0.000        ; 0.044      ; 1.518      ;
; 1.390 ; packer_ppa_boundary:u_boundary|meta_sync2 ; packer_ppa_boundary:u_boundary|frac_q[14]    ; clk          ; clk         ; 0.000        ; 0.044      ; 1.518      ;
; 1.390 ; packer_ppa_boundary:u_boundary|meta_sync2 ; packer_ppa_boundary:u_boundary|frac_q[12]    ; clk          ; clk         ; 0.000        ; 0.044      ; 1.518      ;
; 1.390 ; packer_ppa_boundary:u_boundary|meta_sync2 ; posit_pack:u_packer|g_rne.p1_mag_trunc_q[1]  ; clk          ; clk         ; 0.000        ; 0.039      ; 1.513      ;
; 1.390 ; packer_ppa_boundary:u_boundary|meta_sync2 ; posit_pack:u_packer|g_rne.p1_mag_trunc_q[2]  ; clk          ; clk         ; 0.000        ; 0.039      ; 1.513      ;
; 1.390 ; packer_ppa_boundary:u_boundary|meta_sync2 ; posit_pack:u_packer|g_rne.p1_mag_trunc_q[3]  ; clk          ; clk         ; 0.000        ; 0.039      ; 1.513      ;
; 1.390 ; packer_ppa_boundary:u_boundary|meta_sync2 ; posit_pack:u_packer|g_rne.p1_mag_trunc_q[4]  ; clk          ; clk         ; 0.000        ; 0.039      ; 1.513      ;
; 1.390 ; packer_ppa_boundary:u_boundary|meta_sync2 ; posit_pack:u_packer|g_rne.p1_mag_trunc_q[5]  ; clk          ; clk         ; 0.000        ; 0.039      ; 1.513      ;
; 1.390 ; packer_ppa_boundary:u_boundary|meta_sync2 ; posit_pack:u_packer|g_rne.p1_mag_trunc_q[6]  ; clk          ; clk         ; 0.000        ; 0.039      ; 1.513      ;
+-------+-------------------------------------------+----------------------------------------------+--------------+-------------+--------------+------------+------------+


+-----------------------------------------------------------------------------------------------------------------------------+
; Fast 1200mV 0C Model Minimum Pulse Width: 'clk'                                                                             ;
+-------+--------------+----------------+-----------------+-------+------------+----------------------------------------------+
; Slack ; Actual Width ; Required Width ; Type            ; Clock ; Clock Edge ; Target                                       ;
+-------+--------------+----------------+-----------------+-------+------------+----------------------------------------------+
; 4.412 ; 4.596        ; 0.184          ; Low Pulse Width ; clk   ; Rise       ; posit_pack:u_packer|g_rne.d_q[18]            ;
; 4.419 ; 4.603        ; 0.184          ; Low Pulse Width ; clk   ; Rise       ; posit_pack:u_packer|g_rne.d_q[10]            ;
; 4.419 ; 4.603        ; 0.184          ; Low Pulse Width ; clk   ; Rise       ; posit_pack:u_packer|g_rne.d_q[12]            ;
; 4.419 ; 4.603        ; 0.184          ; Low Pulse Width ; clk   ; Rise       ; posit_pack:u_packer|g_rne.d_q[14]            ;
; 4.419 ; 4.603        ; 0.184          ; Low Pulse Width ; clk   ; Rise       ; posit_pack:u_packer|g_rne.d_q[16]            ;
; 4.419 ; 4.603        ; 0.184          ; Low Pulse Width ; clk   ; Rise       ; posit_pack:u_packer|g_rne.d_q[2]             ;
; 4.422 ; 4.606        ; 0.184          ; Low Pulse Width ; clk   ; Rise       ; posit_pack:u_packer|g_rne.d_q[15]            ;
; 4.422 ; 4.606        ; 0.184          ; Low Pulse Width ; clk   ; Rise       ; posit_pack:u_packer|g_rne.d_q[17]            ;
; 4.422 ; 4.606        ; 0.184          ; Low Pulse Width ; clk   ; Rise       ; posit_pack:u_packer|g_rne.d_q[19]            ;
; 4.422 ; 4.606        ; 0.184          ; Low Pulse Width ; clk   ; Rise       ; posit_pack:u_packer|g_rne.d_q[20]            ;
; 4.422 ; 4.606        ; 0.184          ; Low Pulse Width ; clk   ; Rise       ; posit_pack:u_packer|g_rne.d_q[22]            ;
; 4.422 ; 4.606        ; 0.184          ; Low Pulse Width ; clk   ; Rise       ; posit_pack:u_packer|g_rne.d_q[24]            ;
; 4.422 ; 4.606        ; 0.184          ; Low Pulse Width ; clk   ; Rise       ; posit_pack:u_packer|g_rne.d_q[26]            ;
; 4.429 ; 4.613        ; 0.184          ; Low Pulse Width ; clk   ; Rise       ; posit_pack:u_packer|g_rne.d_q[21]            ;
; 4.429 ; 4.613        ; 0.184          ; Low Pulse Width ; clk   ; Rise       ; posit_pack:u_packer|g_rne.d_q[23]            ;
; 4.429 ; 4.613        ; 0.184          ; Low Pulse Width ; clk   ; Rise       ; posit_pack:u_packer|g_rne.d_q[25]            ;
; 4.429 ; 4.613        ; 0.184          ; Low Pulse Width ; clk   ; Rise       ; posit_pack:u_packer|g_rne.d_q[27]            ;
; 4.429 ; 4.613        ; 0.184          ; Low Pulse Width ; clk   ; Rise       ; posit_pack:u_packer|g_rne.d_q[29]            ;
; 4.430 ; 4.614        ; 0.184          ; Low Pulse Width ; clk   ; Rise       ; posit_pack:u_packer|g_rne.d_q[11]            ;
; 4.430 ; 4.614        ; 0.184          ; Low Pulse Width ; clk   ; Rise       ; posit_pack:u_packer|g_rne.d_q[13]            ;
; 4.430 ; 4.614        ; 0.184          ; Low Pulse Width ; clk   ; Rise       ; posit_pack:u_packer|g_rne.d_q[28]            ;
; 4.430 ; 4.614        ; 0.184          ; Low Pulse Width ; clk   ; Rise       ; posit_pack:u_packer|g_rne.d_q[30]            ;
; 4.430 ; 4.614        ; 0.184          ; Low Pulse Width ; clk   ; Rise       ; posit_pack:u_packer|g_rne.d_q[7]             ;
; 4.440 ; 4.624        ; 0.184          ; Low Pulse Width ; clk   ; Rise       ; packer_ppa_boundary:u_boundary|d[12]         ;
; 4.440 ; 4.624        ; 0.184          ; Low Pulse Width ; clk   ; Rise       ; packer_ppa_boundary:u_boundary|d[14]         ;
; 4.440 ; 4.624        ; 0.184          ; Low Pulse Width ; clk   ; Rise       ; packer_ppa_boundary:u_boundary|d[18]         ;
; 4.440 ; 4.624        ; 0.184          ; Low Pulse Width ; clk   ; Rise       ; packer_ppa_boundary:u_boundary|d[24]         ;
; 4.440 ; 4.624        ; 0.184          ; Low Pulse Width ; clk   ; Rise       ; packer_ppa_boundary:u_boundary|d[4]          ;
; 4.440 ; 4.624        ; 0.184          ; Low Pulse Width ; clk   ; Rise       ; packer_ppa_boundary:u_boundary|d[6]          ;
; 4.441 ; 4.625        ; 0.184          ; Low Pulse Width ; clk   ; Rise       ; packer_ppa_boundary:u_boundary|d[2]          ;
; 4.441 ; 4.625        ; 0.184          ; Low Pulse Width ; clk   ; Rise       ; packer_ppa_boundary:u_boundary|d[5]          ;
; 4.441 ; 4.625        ; 0.184          ; Low Pulse Width ; clk   ; Rise       ; packer_ppa_boundary:u_boundary|d[8]          ;
; 4.441 ; 4.625        ; 0.184          ; Low Pulse Width ; clk   ; Rise       ; packer_ppa_boundary:u_boundary|flags[2]      ;
; 4.441 ; 4.625        ; 0.184          ; Low Pulse Width ; clk   ; Rise       ; packer_ppa_boundary:u_boundary|flags[3]      ;
; 4.441 ; 4.625        ; 0.184          ; Low Pulse Width ; clk   ; Rise       ; packer_ppa_boundary:u_boundary|flags[4]      ;
; 4.441 ; 4.625        ; 0.184          ; Low Pulse Width ; clk   ; Rise       ; packer_ppa_boundary:u_boundary|out_valid     ;
; 4.441 ; 4.625        ; 0.184          ; Low Pulse Width ; clk   ; Rise       ; posit_pack:u_packer|g_rne.d_q[4]             ;
; 4.441 ; 4.625        ; 0.184          ; Low Pulse Width ; clk   ; Rise       ; posit_pack:u_packer|g_rne.d_q[5]             ;
; 4.441 ; 4.625        ; 0.184          ; Low Pulse Width ; clk   ; Rise       ; posit_pack:u_packer|g_rne.d_q[6]             ;
; 4.441 ; 4.625        ; 0.184          ; Low Pulse Width ; clk   ; Rise       ; posit_pack:u_packer|g_rne.d_q[8]             ;
; 4.441 ; 4.625        ; 0.184          ; Low Pulse Width ; clk   ; Rise       ; posit_pack:u_packer|g_rne.d_q[9]             ;
; 4.441 ; 4.625        ; 0.184          ; Low Pulse Width ; clk   ; Rise       ; posit_pack:u_packer|g_rne.flags_q[2]         ;
; 4.441 ; 4.625        ; 0.184          ; Low Pulse Width ; clk   ; Rise       ; posit_pack:u_packer|g_rne.flags_q[4]         ;
; 4.441 ; 4.625        ; 0.184          ; Low Pulse Width ; clk   ; Rise       ; posit_pack:u_packer|g_rne.p2_valid_q         ;
; 4.442 ; 4.626        ; 0.184          ; Low Pulse Width ; clk   ; Rise       ; packer_ppa_boundary:u_boundary|d[21]         ;
; 4.442 ; 4.626        ; 0.184          ; Low Pulse Width ; clk   ; Rise       ; packer_ppa_boundary:u_boundary|d[23]         ;
; 4.442 ; 4.626        ; 0.184          ; Low Pulse Width ; clk   ; Rise       ; packer_ppa_boundary:u_boundary|d[27]         ;
; 4.442 ; 4.626        ; 0.184          ; Low Pulse Width ; clk   ; Rise       ; packer_ppa_boundary:u_boundary|d[29]         ;
; 4.443 ; 4.627        ; 0.184          ; Low Pulse Width ; clk   ; Rise       ; packer_ppa_boundary:u_boundary|d[0]          ;
; 4.443 ; 4.627        ; 0.184          ; Low Pulse Width ; clk   ; Rise       ; packer_ppa_boundary:u_boundary|d[10]         ;
; 4.443 ; 4.627        ; 0.184          ; Low Pulse Width ; clk   ; Rise       ; packer_ppa_boundary:u_boundary|d[11]         ;
; 4.443 ; 4.627        ; 0.184          ; Low Pulse Width ; clk   ; Rise       ; packer_ppa_boundary:u_boundary|d[13]         ;
; 4.443 ; 4.627        ; 0.184          ; Low Pulse Width ; clk   ; Rise       ; packer_ppa_boundary:u_boundary|d[15]         ;
; 4.443 ; 4.627        ; 0.184          ; Low Pulse Width ; clk   ; Rise       ; packer_ppa_boundary:u_boundary|d[16]         ;
; 4.443 ; 4.627        ; 0.184          ; Low Pulse Width ; clk   ; Rise       ; packer_ppa_boundary:u_boundary|d[17]         ;
; 4.443 ; 4.627        ; 0.184          ; Low Pulse Width ; clk   ; Rise       ; packer_ppa_boundary:u_boundary|d[19]         ;
; 4.443 ; 4.627        ; 0.184          ; Low Pulse Width ; clk   ; Rise       ; packer_ppa_boundary:u_boundary|d[1]          ;
; 4.443 ; 4.627        ; 0.184          ; Low Pulse Width ; clk   ; Rise       ; packer_ppa_boundary:u_boundary|d[20]         ;
; 4.443 ; 4.627        ; 0.184          ; Low Pulse Width ; clk   ; Rise       ; packer_ppa_boundary:u_boundary|d[22]         ;
; 4.443 ; 4.627        ; 0.184          ; Low Pulse Width ; clk   ; Rise       ; packer_ppa_boundary:u_boundary|d[25]         ;
; 4.443 ; 4.627        ; 0.184          ; Low Pulse Width ; clk   ; Rise       ; packer_ppa_boundary:u_boundary|d[26]         ;
; 4.443 ; 4.627        ; 0.184          ; Low Pulse Width ; clk   ; Rise       ; packer_ppa_boundary:u_boundary|d[28]         ;
; 4.443 ; 4.627        ; 0.184          ; Low Pulse Width ; clk   ; Rise       ; packer_ppa_boundary:u_boundary|d[30]         ;
; 4.443 ; 4.627        ; 0.184          ; Low Pulse Width ; clk   ; Rise       ; packer_ppa_boundary:u_boundary|d[31]         ;
; 4.443 ; 4.627        ; 0.184          ; Low Pulse Width ; clk   ; Rise       ; packer_ppa_boundary:u_boundary|d[3]          ;
; 4.443 ; 4.627        ; 0.184          ; Low Pulse Width ; clk   ; Rise       ; packer_ppa_boundary:u_boundary|d[7]          ;
; 4.443 ; 4.627        ; 0.184          ; Low Pulse Width ; clk   ; Rise       ; packer_ppa_boundary:u_boundary|d[9]          ;
; 4.443 ; 4.627        ; 0.184          ; Low Pulse Width ; clk   ; Rise       ; packer_ppa_boundary:u_boundary|flags[0]      ;
; 4.443 ; 4.627        ; 0.184          ; Low Pulse Width ; clk   ; Rise       ; packer_ppa_boundary:u_boundary|flags[1]      ;
; 4.443 ; 4.627        ; 0.184          ; Low Pulse Width ; clk   ; Rise       ; packer_ppa_boundary:u_boundary|flags_in_q[0] ;
; 4.443 ; 4.627        ; 0.184          ; Low Pulse Width ; clk   ; Rise       ; packer_ppa_boundary:u_boundary|flags_in_q[2] ;
; 4.443 ; 4.627        ; 0.184          ; Low Pulse Width ; clk   ; Rise       ; packer_ppa_boundary:u_boundary|flags_in_q[3] ;
; 4.443 ; 4.627        ; 0.184          ; Low Pulse Width ; clk   ; Rise       ; packer_ppa_boundary:u_boundary|flags_in_q[4] ;
; 4.443 ; 4.627        ; 0.184          ; Low Pulse Width ; clk   ; Rise       ; packer_ppa_boundary:u_boundary|frac_q[10]    ;
; 4.443 ; 4.627        ; 0.184          ; Low Pulse Width ; clk   ; Rise       ; packer_ppa_boundary:u_boundary|frac_q[11]    ;
; 4.443 ; 4.627        ; 0.184          ; Low Pulse Width ; clk   ; Rise       ; packer_ppa_boundary:u_boundary|frac_q[12]    ;
; 4.443 ; 4.627        ; 0.184          ; Low Pulse Width ; clk   ; Rise       ; packer_ppa_boundary:u_boundary|frac_q[13]    ;
; 4.443 ; 4.627        ; 0.184          ; Low Pulse Width ; clk   ; Rise       ; packer_ppa_boundary:u_boundary|frac_q[14]    ;
; 4.443 ; 4.627        ; 0.184          ; Low Pulse Width ; clk   ; Rise       ; packer_ppa_boundary:u_boundary|frac_q[15]    ;
; 4.443 ; 4.627        ; 0.184          ; Low Pulse Width ; clk   ; Rise       ; packer_ppa_boundary:u_boundary|frac_q[24]    ;
; 4.443 ; 4.627        ; 0.184          ; Low Pulse Width ; clk   ; Rise       ; packer_ppa_boundary:u_boundary|frac_q[26]    ;
; 4.443 ; 4.627        ; 0.184          ; Low Pulse Width ; clk   ; Rise       ; packer_ppa_boundary:u_boundary|frac_q[27]    ;
; 4.443 ; 4.627        ; 0.184          ; Low Pulse Width ; clk   ; Rise       ; packer_ppa_boundary:u_boundary|frac_q[28]    ;
; 4.443 ; 4.627        ; 0.184          ; Low Pulse Width ; clk   ; Rise       ; packer_ppa_boundary:u_boundary|frac_q[29]    ;
; 4.443 ; 4.627        ; 0.184          ; Low Pulse Width ; clk   ; Rise       ; packer_ppa_boundary:u_boundary|frac_q[30]    ;
; 4.443 ; 4.627        ; 0.184          ; Low Pulse Width ; clk   ; Rise       ; packer_ppa_boundary:u_boundary|frac_q[31]    ;
; 4.443 ; 4.627        ; 0.184          ; Low Pulse Width ; clk   ; Rise       ; packer_ppa_boundary:u_boundary|frac_q[32]    ;
; 4.443 ; 4.627        ; 0.184          ; Low Pulse Width ; clk   ; Rise       ; packer_ppa_boundary:u_boundary|frac_q[33]    ;
; 4.443 ; 4.627        ; 0.184          ; Low Pulse Width ; clk   ; Rise       ; packer_ppa_boundary:u_boundary|frac_q[34]    ;
; 4.443 ; 4.627        ; 0.184          ; Low Pulse Width ; clk   ; Rise       ; packer_ppa_boundary:u_boundary|frac_q[35]    ;
; 4.443 ; 4.627        ; 0.184          ; Low Pulse Width ; clk   ; Rise       ; packer_ppa_boundary:u_boundary|frac_q[36]    ;
; 4.443 ; 4.627        ; 0.184          ; Low Pulse Width ; clk   ; Rise       ; packer_ppa_boundary:u_boundary|frac_q[37]    ;
; 4.443 ; 4.627        ; 0.184          ; Low Pulse Width ; clk   ; Rise       ; packer_ppa_boundary:u_boundary|frac_q[38]    ;
; 4.443 ; 4.627        ; 0.184          ; Low Pulse Width ; clk   ; Rise       ; packer_ppa_boundary:u_boundary|frac_q[39]    ;
; 4.443 ; 4.627        ; 0.184          ; Low Pulse Width ; clk   ; Rise       ; packer_ppa_boundary:u_boundary|frac_q[40]    ;
; 4.443 ; 4.627        ; 0.184          ; Low Pulse Width ; clk   ; Rise       ; packer_ppa_boundary:u_boundary|frac_q[41]    ;
; 4.443 ; 4.627        ; 0.184          ; Low Pulse Width ; clk   ; Rise       ; packer_ppa_boundary:u_boundary|frac_q[42]    ;
; 4.443 ; 4.627        ; 0.184          ; Low Pulse Width ; clk   ; Rise       ; packer_ppa_boundary:u_boundary|frac_q[43]    ;
; 4.443 ; 4.627        ; 0.184          ; Low Pulse Width ; clk   ; Rise       ; packer_ppa_boundary:u_boundary|frac_q[44]    ;
; 4.443 ; 4.627        ; 0.184          ; Low Pulse Width ; clk   ; Rise       ; packer_ppa_boundary:u_boundary|frac_q[45]    ;
+-------+--------------+----------------+-----------------+-------+------------+----------------------------------------------+


+---------------------------------------------------------------------------+
; Setup Times                                                               ;
+--------------+------------+--------+-------+------------+-----------------+
; Data Port    ; Clock Port ; Rise   ; Fall  ; Clock Edge ; Clock Reference ;
+--------------+------------+--------+-------+------------+-----------------+
; flags_in[*]  ; clk        ; 1.242  ; 1.917 ; Rise       ; clk             ;
;  flags_in[0] ; clk        ; 1.229  ; 1.903 ; Rise       ; clk             ;
;  flags_in[1] ; clk        ; 1.149  ; 1.784 ; Rise       ; clk             ;
;  flags_in[2] ; clk        ; 1.242  ; 1.909 ; Rise       ; clk             ;
;  flags_in[3] ; clk        ; 1.235  ; 1.900 ; Rise       ; clk             ;
;  flags_in[4] ; clk        ; 1.240  ; 1.917 ; Rise       ; clk             ;
; frac[*]      ; clk        ; 1.528  ; 2.222 ; Rise       ; clk             ;
;  frac[0]     ; clk        ; 1.413  ; 2.079 ; Rise       ; clk             ;
;  frac[1]     ; clk        ; 1.366  ; 2.070 ; Rise       ; clk             ;
;  frac[2]     ; clk        ; 1.355  ; 2.037 ; Rise       ; clk             ;
;  frac[3]     ; clk        ; 1.369  ; 2.027 ; Rise       ; clk             ;
;  frac[4]     ; clk        ; 0.066  ; 0.332 ; Rise       ; clk             ;
;  frac[5]     ; clk        ; 1.260  ; 1.911 ; Rise       ; clk             ;
;  frac[6]     ; clk        ; 1.187  ; 1.823 ; Rise       ; clk             ;
;  frac[7]     ; clk        ; 1.185  ; 1.842 ; Rise       ; clk             ;
;  frac[8]     ; clk        ; 1.273  ; 1.912 ; Rise       ; clk             ;
;  frac[9]     ; clk        ; 1.342  ; 2.014 ; Rise       ; clk             ;
;  frac[10]    ; clk        ; 1.371  ; 2.045 ; Rise       ; clk             ;
;  frac[11]    ; clk        ; 1.413  ; 2.100 ; Rise       ; clk             ;
;  frac[12]    ; clk        ; 1.295  ; 1.963 ; Rise       ; clk             ;
;  frac[13]    ; clk        ; 1.257  ; 1.906 ; Rise       ; clk             ;
;  frac[14]    ; clk        ; 1.251  ; 1.896 ; Rise       ; clk             ;
;  frac[15]    ; clk        ; 1.389  ; 2.071 ; Rise       ; clk             ;
;  frac[16]    ; clk        ; 1.268  ; 1.942 ; Rise       ; clk             ;
;  frac[17]    ; clk        ; 1.259  ; 1.930 ; Rise       ; clk             ;
;  frac[18]    ; clk        ; 1.177  ; 1.808 ; Rise       ; clk             ;
;  frac[19]    ; clk        ; 1.398  ; 2.083 ; Rise       ; clk             ;
;  frac[20]    ; clk        ; 1.333  ; 2.004 ; Rise       ; clk             ;
;  frac[21]    ; clk        ; 1.169  ; 1.801 ; Rise       ; clk             ;
;  frac[22]    ; clk        ; 1.214  ; 1.867 ; Rise       ; clk             ;
;  frac[23]    ; clk        ; -0.150 ; 0.147 ; Rise       ; clk             ;
;  frac[24]    ; clk        ; 1.110  ; 1.729 ; Rise       ; clk             ;
;  frac[25]    ; clk        ; 0.024  ; 0.297 ; Rise       ; clk             ;
;  frac[26]    ; clk        ; 1.311  ; 1.956 ; Rise       ; clk             ;
;  frac[27]    ; clk        ; 1.141  ; 1.755 ; Rise       ; clk             ;
;  frac[28]    ; clk        ; 1.295  ; 1.949 ; Rise       ; clk             ;
;  frac[29]    ; clk        ; 1.037  ; 1.674 ; Rise       ; clk             ;
;  frac[30]    ; clk        ; 1.180  ; 1.829 ; Rise       ; clk             ;
;  frac[31]    ; clk        ; 1.096  ; 1.688 ; Rise       ; clk             ;
;  frac[32]    ; clk        ; 1.197  ; 1.855 ; Rise       ; clk             ;
;  frac[33]    ; clk        ; 1.014  ; 1.627 ; Rise       ; clk             ;
;  frac[34]    ; clk        ; 1.285  ; 1.936 ; Rise       ; clk             ;
;  frac[35]    ; clk        ; 0.252  ; 0.479 ; Rise       ; clk             ;
;  frac[36]    ; clk        ; 0.219  ; 0.446 ; Rise       ; clk             ;
;  frac[37]    ; clk        ; 0.258  ; 0.471 ; Rise       ; clk             ;
;  frac[38]    ; clk        ; 1.144  ; 1.769 ; Rise       ; clk             ;
;  frac[39]    ; clk        ; 1.123  ; 1.728 ; Rise       ; clk             ;
;  frac[40]    ; clk        ; 0.158  ; 0.402 ; Rise       ; clk             ;
;  frac[41]    ; clk        ; 1.206  ; 1.832 ; Rise       ; clk             ;
;  frac[42]    ; clk        ; 0.995  ; 1.604 ; Rise       ; clk             ;
;  frac[43]    ; clk        ; 0.991  ; 1.596 ; Rise       ; clk             ;
;  frac[44]    ; clk        ; 0.956  ; 1.572 ; Rise       ; clk             ;
;  frac[45]    ; clk        ; 1.388  ; 2.067 ; Rise       ; clk             ;
;  frac[46]    ; clk        ; 1.211  ; 1.855 ; Rise       ; clk             ;
;  frac[47]    ; clk        ; 1.397  ; 2.084 ; Rise       ; clk             ;
;  frac[48]    ; clk        ; 1.158  ; 1.772 ; Rise       ; clk             ;
;  frac[49]    ; clk        ; 1.391  ; 2.087 ; Rise       ; clk             ;
;  frac[50]    ; clk        ; 1.385  ; 2.041 ; Rise       ; clk             ;
;  frac[51]    ; clk        ; 1.246  ; 1.902 ; Rise       ; clk             ;
;  frac[52]    ; clk        ; 1.528  ; 2.222 ; Rise       ; clk             ;
;  frac[53]    ; clk        ; 1.167  ; 1.770 ; Rise       ; clk             ;
;  frac[54]    ; clk        ; 1.297  ; 1.942 ; Rise       ; clk             ;
; is_nar       ; clk        ; 1.007  ; 1.609 ; Rise       ; clk             ;
; is_zero      ; clk        ; 1.349  ; 2.018 ; Rise       ; clk             ;
; sf[*]        ; clk        ; 1.320  ; 2.000 ; Rise       ; clk             ;
;  sf[0]       ; clk        ; 1.270  ; 1.945 ; Rise       ; clk             ;
;  sf[1]       ; clk        ; 1.024  ; 1.652 ; Rise       ; clk             ;
;  sf[2]       ; clk        ; 1.128  ; 1.735 ; Rise       ; clk             ;
;  sf[3]       ; clk        ; 0.993  ; 1.579 ; Rise       ; clk             ;
;  sf[4]       ; clk        ; 1.204  ; 1.867 ; Rise       ; clk             ;
;  sf[5]       ; clk        ; 1.320  ; 1.996 ; Rise       ; clk             ;
;  sf[6]       ; clk        ; 1.210  ; 1.841 ; Rise       ; clk             ;
;  sf[7]       ; clk        ; 1.146  ; 1.786 ; Rise       ; clk             ;
;  sf[8]       ; clk        ; 1.317  ; 2.000 ; Rise       ; clk             ;
;  sf[9]       ; clk        ; 0.985  ; 1.585 ; Rise       ; clk             ;
; sign         ; clk        ; 1.425  ; 2.114 ; Rise       ; clk             ;
; sticky       ; clk        ; 1.210  ; 1.844 ; Rise       ; clk             ;
+--------------+------------+--------+-------+------------+-----------------+


+----------------------------------------------------------------------------+
; Hold Times                                                                 ;
+--------------+------------+--------+--------+------------+-----------------+
; Data Port    ; Clock Port ; Rise   ; Fall   ; Clock Edge ; Clock Reference ;
+--------------+------------+--------+--------+------------+-----------------+
; flags_in[*]  ; clk        ; -0.934 ; -1.558 ; Rise       ; clk             ;
;  flags_in[0] ; clk        ; -1.006 ; -1.662 ; Rise       ; clk             ;
;  flags_in[1] ; clk        ; -0.934 ; -1.558 ; Rise       ; clk             ;
;  flags_in[2] ; clk        ; -1.024 ; -1.679 ; Rise       ; clk             ;
;  flags_in[3] ; clk        ; -1.017 ; -1.671 ; Rise       ; clk             ;
;  flags_in[4] ; clk        ; -1.017 ; -1.675 ; Rise       ; clk             ;
; frac[*]      ; clk        ; 0.311  ; 0.011  ; Rise       ; clk             ;
;  frac[0]     ; clk        ; -1.185 ; -1.840 ; Rise       ; clk             ;
;  frac[1]     ; clk        ; -1.140 ; -1.831 ; Rise       ; clk             ;
;  frac[2]     ; clk        ; -1.130 ; -1.799 ; Rise       ; clk             ;
;  frac[3]     ; clk        ; -1.141 ; -1.790 ; Rise       ; clk             ;
;  frac[4]     ; clk        ; 0.105  ; -0.166 ; Rise       ; clk             ;
;  frac[5]     ; clk        ; -1.038 ; -1.678 ; Rise       ; clk             ;
;  frac[6]     ; clk        ; -0.967 ; -1.594 ; Rise       ; clk             ;
;  frac[7]     ; clk        ; -0.966 ; -1.612 ; Rise       ; clk             ;
;  frac[8]     ; clk        ; -1.050 ; -1.679 ; Rise       ; clk             ;
;  frac[9]     ; clk        ; -1.118 ; -1.779 ; Rise       ; clk             ;
;  frac[10]    ; clk        ; -1.144 ; -1.808 ; Rise       ; clk             ;
;  frac[11]    ; clk        ; -1.187 ; -1.861 ; Rise       ; clk             ;
;  frac[12]    ; clk        ; -1.073 ; -1.729 ; Rise       ; clk             ;
;  frac[13]    ; clk        ; -1.036 ; -1.675 ; Rise       ; clk             ;
;  frac[14]    ; clk        ; -1.031 ; -1.665 ; Rise       ; clk             ;
;  frac[15]    ; clk        ; -1.163 ; -1.833 ; Rise       ; clk             ;
;  frac[16]    ; clk        ; -1.047 ; -1.709 ; Rise       ; clk             ;
;  frac[17]    ; clk        ; -1.039 ; -1.698 ; Rise       ; clk             ;
;  frac[18]    ; clk        ; -0.958 ; -1.580 ; Rise       ; clk             ;
;  frac[19]    ; clk        ; -1.172 ; -1.845 ; Rise       ; clk             ;
;  frac[20]    ; clk        ; -1.110 ; -1.769 ; Rise       ; clk             ;
;  frac[21]    ; clk        ; -0.953 ; -1.574 ; Rise       ; clk             ;
;  frac[22]    ; clk        ; -0.995 ; -1.637 ; Rise       ; clk             ;
;  frac[23]    ; clk        ; 0.311  ; 0.011  ; Rise       ; clk             ;
;  frac[24]    ; clk        ; -0.896 ; -1.505 ; Rise       ; clk             ;
;  frac[25]    ; clk        ; 0.143  ; -0.134 ; Rise       ; clk             ;
;  frac[26]    ; clk        ; -1.087 ; -1.723 ; Rise       ; clk             ;
;  frac[27]    ; clk        ; -0.924 ; -1.530 ; Rise       ; clk             ;
;  frac[28]    ; clk        ; -1.073 ; -1.716 ; Rise       ; clk             ;
;  frac[29]    ; clk        ; -0.826 ; -1.452 ; Rise       ; clk             ;
;  frac[30]    ; clk        ; -0.963 ; -1.601 ; Rise       ; clk             ;
;  frac[31]    ; clk        ; -0.880 ; -1.466 ; Rise       ; clk             ;
;  frac[32]    ; clk        ; -0.980 ; -1.626 ; Rise       ; clk             ;
;  frac[33]    ; clk        ; -0.803 ; -1.407 ; Rise       ; clk             ;
;  frac[34]    ; clk        ; -1.064 ; -1.704 ; Rise       ; clk             ;
;  frac[35]    ; clk        ; -0.076 ; -0.309 ; Rise       ; clk             ;
;  frac[36]    ; clk        ; -0.043 ; -0.277 ; Rise       ; clk             ;
;  frac[37]    ; clk        ; -0.081 ; -0.301 ; Rise       ; clk             ;
;  frac[38]    ; clk        ; -0.927 ; -1.543 ; Rise       ; clk             ;
;  frac[39]    ; clk        ; -0.906 ; -1.504 ; Rise       ; clk             ;
;  frac[40]    ; clk        ; 0.013  ; -0.235 ; Rise       ; clk             ;
;  frac[41]    ; clk        ; -0.986 ; -1.604 ; Rise       ; clk             ;
;  frac[42]    ; clk        ; -0.786 ; -1.385 ; Rise       ; clk             ;
;  frac[43]    ; clk        ; -0.781 ; -1.377 ; Rise       ; clk             ;
;  frac[44]    ; clk        ; -0.748 ; -1.354 ; Rise       ; clk             ;
;  frac[45]    ; clk        ; -1.162 ; -1.829 ; Rise       ; clk             ;
;  frac[46]    ; clk        ; -0.991 ; -1.626 ; Rise       ; clk             ;
;  frac[47]    ; clk        ; -1.172 ; -1.845 ; Rise       ; clk             ;
;  frac[48]    ; clk        ; -0.940 ; -1.546 ; Rise       ; clk             ;
;  frac[49]    ; clk        ; -1.165 ; -1.849 ; Rise       ; clk             ;
;  frac[50]    ; clk        ; -1.158 ; -1.805 ; Rise       ; clk             ;
;  frac[51]    ; clk        ; -1.026 ; -1.671 ; Rise       ; clk             ;
;  frac[52]    ; clk        ; -1.297 ; -1.978 ; Rise       ; clk             ;
;  frac[53]    ; clk        ; -0.949 ; -1.544 ; Rise       ; clk             ;
;  frac[54]    ; clk        ; -1.075 ; -1.709 ; Rise       ; clk             ;
; is_nar       ; clk        ; -0.798 ; -1.391 ; Rise       ; clk             ;
; is_zero      ; clk        ; -1.125 ; -1.782 ; Rise       ; clk             ;
; sf[*]        ; clk        ; -0.776 ; -1.361 ; Rise       ; clk             ;
;  sf[0]       ; clk        ; -1.049 ; -1.712 ; Rise       ; clk             ;
;  sf[1]       ; clk        ; -0.814 ; -1.431 ; Rise       ; clk             ;
;  sf[2]       ; clk        ; -0.911 ; -1.510 ; Rise       ; clk             ;
;  sf[3]       ; clk        ; -0.781 ; -1.361 ; Rise       ; clk             ;
;  sf[4]       ; clk        ; -0.986 ; -1.637 ; Rise       ; clk             ;
;  sf[5]       ; clk        ; -1.090 ; -1.749 ; Rise       ; clk             ;
;  sf[6]       ; clk        ; -0.989 ; -1.612 ; Rise       ; clk             ;
;  sf[7]       ; clk        ; -0.930 ; -1.559 ; Rise       ; clk             ;
;  sf[8]       ; clk        ; -1.095 ; -1.765 ; Rise       ; clk             ;
;  sf[9]       ; clk        ; -0.776 ; -1.367 ; Rise       ; clk             ;
; sign         ; clk        ; -1.198 ; -1.874 ; Rise       ; clk             ;
; sticky       ; clk        ; -0.988 ; -1.614 ; Rise       ; clk             ;
+--------------+------------+--------+--------+------------+-----------------+


+-----------------------------------------------------------------------+
; Clock to Output Times                                                 ;
+-----------+------------+-------+-------+------------+-----------------+
; Data Port ; Clock Port ; Rise  ; Fall  ; Clock Edge ; Clock Reference ;
+-----------+------------+-------+-------+------------+-----------------+
; d[*]      ; clk        ; 4.803 ; 5.000 ; Rise       ; clk             ;
;  d[0]     ; clk        ; 3.416 ; 3.517 ; Rise       ; clk             ;
;  d[1]     ; clk        ; 3.449 ; 3.540 ; Rise       ; clk             ;
;  d[2]     ; clk        ; 3.717 ; 3.835 ; Rise       ; clk             ;
;  d[3]     ; clk        ; 3.866 ; 3.996 ; Rise       ; clk             ;
;  d[4]     ; clk        ; 3.600 ; 3.722 ; Rise       ; clk             ;
;  d[5]     ; clk        ; 3.856 ; 4.002 ; Rise       ; clk             ;
;  d[6]     ; clk        ; 4.436 ; 4.589 ; Rise       ; clk             ;
;  d[7]     ; clk        ; 3.793 ; 3.950 ; Rise       ; clk             ;
;  d[8]     ; clk        ; 3.699 ; 3.833 ; Rise       ; clk             ;
;  d[9]     ; clk        ; 4.585 ; 4.796 ; Rise       ; clk             ;
;  d[10]    ; clk        ; 4.373 ; 4.573 ; Rise       ; clk             ;
;  d[11]    ; clk        ; 4.212 ; 4.390 ; Rise       ; clk             ;
;  d[12]    ; clk        ; 3.548 ; 3.657 ; Rise       ; clk             ;
;  d[13]    ; clk        ; 3.729 ; 3.872 ; Rise       ; clk             ;
;  d[14]    ; clk        ; 3.452 ; 3.541 ; Rise       ; clk             ;
;  d[15]    ; clk        ; 3.647 ; 3.754 ; Rise       ; clk             ;
;  d[16]    ; clk        ; 4.049 ; 4.218 ; Rise       ; clk             ;
;  d[17]    ; clk        ; 3.600 ; 3.714 ; Rise       ; clk             ;
;  d[18]    ; clk        ; 3.438 ; 3.523 ; Rise       ; clk             ;
;  d[19]    ; clk        ; 3.787 ; 3.910 ; Rise       ; clk             ;
;  d[20]    ; clk        ; 3.764 ; 3.907 ; Rise       ; clk             ;
;  d[21]    ; clk        ; 4.328 ; 4.523 ; Rise       ; clk             ;
;  d[22]    ; clk        ; 3.826 ; 3.963 ; Rise       ; clk             ;
;  d[23]    ; clk        ; 4.803 ; 5.000 ; Rise       ; clk             ;
;  d[24]    ; clk        ; 3.848 ; 3.992 ; Rise       ; clk             ;
;  d[25]    ; clk        ; 3.664 ; 3.786 ; Rise       ; clk             ;
;  d[26]    ; clk        ; 4.619 ; 4.789 ; Rise       ; clk             ;
;  d[27]    ; clk        ; 4.206 ; 4.399 ; Rise       ; clk             ;
;  d[28]    ; clk        ; 3.932 ; 4.077 ; Rise       ; clk             ;
;  d[29]    ; clk        ; 3.607 ; 3.729 ; Rise       ; clk             ;
;  d[30]    ; clk        ; 3.750 ; 3.862 ; Rise       ; clk             ;
;  d[31]    ; clk        ; 3.817 ; 3.967 ; Rise       ; clk             ;
; flags[*]  ; clk        ; 4.019 ; 4.197 ; Rise       ; clk             ;
;  flags[0] ; clk        ; 4.008 ; 4.170 ; Rise       ; clk             ;
;  flags[1] ; clk        ; 3.495 ; 3.603 ; Rise       ; clk             ;
;  flags[2] ; clk        ; 3.904 ; 4.039 ; Rise       ; clk             ;
;  flags[3] ; clk        ; 3.863 ; 4.010 ; Rise       ; clk             ;
;  flags[4] ; clk        ; 4.019 ; 4.197 ; Rise       ; clk             ;
; out_valid ; clk        ; 3.684 ; 3.790 ; Rise       ; clk             ;
+-----------+------------+-------+-------+------------+-----------------+


+-----------------------------------------------------------------------+
; Minimum Clock to Output Times                                         ;
+-----------+------------+-------+-------+------------+-----------------+
; Data Port ; Clock Port ; Rise  ; Fall  ; Clock Edge ; Clock Reference ;
+-----------+------------+-------+-------+------------+-----------------+
; d[*]      ; clk        ; 3.305 ; 3.403 ; Rise       ; clk             ;
;  d[0]     ; clk        ; 3.305 ; 3.403 ; Rise       ; clk             ;
;  d[1]     ; clk        ; 3.332 ; 3.420 ; Rise       ; clk             ;
;  d[2]     ; clk        ; 3.590 ; 3.704 ; Rise       ; clk             ;
;  d[3]     ; clk        ; 3.733 ; 3.858 ; Rise       ; clk             ;
;  d[4]     ; clk        ; 3.480 ; 3.599 ; Rise       ; clk             ;
;  d[5]     ; clk        ; 3.723 ; 3.864 ; Rise       ; clk             ;
;  d[6]     ; clk        ; 4.318 ; 4.468 ; Rise       ; clk             ;
;  d[7]     ; clk        ; 3.667 ; 3.819 ; Rise       ; clk             ;
;  d[8]     ; clk        ; 3.574 ; 3.703 ; Rise       ; clk             ;
;  d[9]     ; clk        ; 4.423 ; 4.626 ; Rise       ; clk             ;
;  d[10]    ; clk        ; 4.220 ; 4.412 ; Rise       ; clk             ;
;  d[11]    ; clk        ; 4.069 ; 4.240 ; Rise       ; clk             ;
;  d[12]    ; clk        ; 3.431 ; 3.536 ; Rise       ; clk             ;
;  d[13]    ; clk        ; 3.606 ; 3.744 ; Rise       ; clk             ;
;  d[14]    ; clk        ; 3.336 ; 3.422 ; Rise       ; clk             ;
;  d[15]    ; clk        ; 3.523 ; 3.627 ; Rise       ; clk             ;
;  d[16]    ; clk        ; 3.909 ; 4.072 ; Rise       ; clk             ;
;  d[17]    ; clk        ; 3.481 ; 3.592 ; Rise       ; clk             ;
;  d[18]    ; clk        ; 3.322 ; 3.404 ; Rise       ; clk             ;
;  d[19]    ; clk        ; 3.658 ; 3.776 ; Rise       ; clk             ;
;  d[20]    ; clk        ; 3.639 ; 3.778 ; Rise       ; clk             ;
;  d[21]    ; clk        ; 4.178 ; 4.365 ; Rise       ; clk             ;
;  d[22]    ; clk        ; 3.695 ; 3.826 ; Rise       ; clk             ;
;  d[23]    ; clk        ; 4.670 ; 4.862 ; Rise       ; clk             ;
;  d[24]    ; clk        ; 3.720 ; 3.860 ; Rise       ; clk             ;
;  d[25]    ; clk        ; 3.540 ; 3.658 ; Rise       ; clk             ;
;  d[26]    ; clk        ; 4.493 ; 4.659 ; Rise       ; clk             ;
;  d[27]    ; clk        ; 4.061 ; 4.246 ; Rise       ; clk             ;
;  d[28]    ; clk        ; 3.798 ; 3.936 ; Rise       ; clk             ;
;  d[29]    ; clk        ; 3.488 ; 3.607 ; Rise       ; clk             ;
;  d[30]    ; clk        ; 3.621 ; 3.730 ; Rise       ; clk             ;
;  d[31]    ; clk        ; 3.689 ; 3.834 ; Rise       ; clk             ;
; flags[*]  ; clk        ; 3.380 ; 3.485 ; Rise       ; clk             ;
;  flags[0] ; clk        ; 3.870 ; 4.026 ; Rise       ; clk             ;
;  flags[1] ; clk        ; 3.380 ; 3.485 ; Rise       ; clk             ;
;  flags[2] ; clk        ; 3.770 ; 3.899 ; Rise       ; clk             ;
;  flags[3] ; clk        ; 3.730 ; 3.872 ; Rise       ; clk             ;
;  flags[4] ; clk        ; 3.884 ; 4.056 ; Rise       ; clk             ;
; out_valid ; clk        ; 3.559 ; 3.661 ; Rise       ; clk             ;
+-----------+------------+-------+-------+------------+-----------------+


---------------------------------------------
; Fast 1200mV 0C Model Metastability Report ;
---------------------------------------------
No synchronizer chains to report.


+------------------------------------------------------------------------------+
; Multicorner Timing Analysis Summary                                          ;
+------------------+--------+-------+----------+---------+---------------------+
; Clock            ; Setup  ; Hold  ; Recovery ; Removal ; Minimum Pulse Width ;
+------------------+--------+-------+----------+---------+---------------------+
; Worst-case Slack ; -0.196 ; 0.193 ; 7.088    ; 1.198   ; 4.412               ;
;  clk             ; -0.196 ; 0.193 ; 7.088    ; 1.198   ; 4.412               ;
; Design-wide TNS  ; -0.196 ; 0.0   ; 0.0      ; 0.0     ; 0.0                 ;
;  clk             ; -0.196 ; 0.000 ; 0.000    ; 0.000   ; 0.000               ;
+------------------+--------+-------+----------+---------+---------------------+


+---------------------------------------------------------------------------+
; Setup Times                                                               ;
+--------------+------------+--------+-------+------------+-----------------+
; Data Port    ; Clock Port ; Rise   ; Fall  ; Clock Edge ; Clock Reference ;
+--------------+------------+--------+-------+------------+-----------------+
; flags_in[*]  ; clk        ; 2.188  ; 2.707 ; Rise       ; clk             ;
;  flags_in[0] ; clk        ; 2.188  ; 2.707 ; Rise       ; clk             ;
;  flags_in[1] ; clk        ; 2.045  ; 2.500 ; Rise       ; clk             ;
;  flags_in[2] ; clk        ; 2.185  ; 2.704 ; Rise       ; clk             ;
;  flags_in[3] ; clk        ; 2.167  ; 2.693 ; Rise       ; clk             ;
;  flags_in[4] ; clk        ; 2.183  ; 2.703 ; Rise       ; clk             ;
; frac[*]      ; clk        ; 2.674  ; 3.214 ; Rise       ; clk             ;
;  frac[0]     ; clk        ; 2.482  ; 3.014 ; Rise       ; clk             ;
;  frac[1]     ; clk        ; 2.327  ; 2.914 ; Rise       ; clk             ;
;  frac[2]     ; clk        ; 2.403  ; 2.925 ; Rise       ; clk             ;
;  frac[3]     ; clk        ; 2.421  ; 2.911 ; Rise       ; clk             ;
;  frac[4]     ; clk        ; 0.097  ; 0.332 ; Rise       ; clk             ;
;  frac[5]     ; clk        ; 2.243  ; 2.714 ; Rise       ; clk             ;
;  frac[6]     ; clk        ; 2.106  ; 2.602 ; Rise       ; clk             ;
;  frac[7]     ; clk        ; 2.083  ; 2.620 ; Rise       ; clk             ;
;  frac[8]     ; clk        ; 2.283  ; 2.738 ; Rise       ; clk             ;
;  frac[9]     ; clk        ; 2.372  ; 2.920 ; Rise       ; clk             ;
;  frac[10]    ; clk        ; 2.460  ; 2.983 ; Rise       ; clk             ;
;  frac[11]    ; clk        ; 2.468  ; 3.048 ; Rise       ; clk             ;
;  frac[12]    ; clk        ; 2.302  ; 2.825 ; Rise       ; clk             ;
;  frac[13]    ; clk        ; 2.254  ; 2.736 ; Rise       ; clk             ;
;  frac[14]    ; clk        ; 2.219  ; 2.685 ; Rise       ; clk             ;
;  frac[15]    ; clk        ; 2.435  ; 2.999 ; Rise       ; clk             ;
;  frac[16]    ; clk        ; 2.189  ; 2.746 ; Rise       ; clk             ;
;  frac[17]    ; clk        ; 2.188  ; 2.746 ; Rise       ; clk             ;
;  frac[18]    ; clk        ; 2.081  ; 2.574 ; Rise       ; clk             ;
;  frac[19]    ; clk        ; 2.453  ; 3.000 ; Rise       ; clk             ;
;  frac[20]    ; clk        ; 2.367  ; 2.889 ; Rise       ; clk             ;
;  frac[21]    ; clk        ; 2.032  ; 2.517 ; Rise       ; clk             ;
;  frac[22]    ; clk        ; 2.145  ; 2.671 ; Rise       ; clk             ;
;  frac[23]    ; clk        ; -0.150 ; 0.147 ; Rise       ; clk             ;
;  frac[24]    ; clk        ; 1.990  ; 2.445 ; Rise       ; clk             ;
;  frac[25]    ; clk        ; 0.031  ; 0.297 ; Rise       ; clk             ;
;  frac[26]    ; clk        ; 2.346  ; 2.810 ; Rise       ; clk             ;
;  frac[27]    ; clk        ; 2.054  ; 2.484 ; Rise       ; clk             ;
;  frac[28]    ; clk        ; 2.296  ; 2.805 ; Rise       ; clk             ;
;  frac[29]    ; clk        ; 1.818  ; 2.307 ; Rise       ; clk             ;
;  frac[30]    ; clk        ; 2.076  ; 2.575 ; Rise       ; clk             ;
;  frac[31]    ; clk        ; 1.981  ; 2.398 ; Rise       ; clk             ;
;  frac[32]    ; clk        ; 2.100  ; 2.629 ; Rise       ; clk             ;
;  frac[33]    ; clk        ; 1.777  ; 2.241 ; Rise       ; clk             ;
;  frac[34]    ; clk        ; 2.280  ; 2.752 ; Rise       ; clk             ;
;  frac[35]    ; clk        ; 0.377  ; 0.479 ; Rise       ; clk             ;
;  frac[36]    ; clk        ; 0.313  ; 0.446 ; Rise       ; clk             ;
;  frac[37]    ; clk        ; 0.379  ; 0.471 ; Rise       ; clk             ;
;  frac[38]    ; clk        ; 2.065  ; 2.522 ; Rise       ; clk             ;
;  frac[39]    ; clk        ; 2.011  ; 2.455 ; Rise       ; clk             ;
;  frac[40]    ; clk        ; 0.226  ; 0.402 ; Rise       ; clk             ;
;  frac[41]    ; clk        ; 2.140  ; 2.612 ; Rise       ; clk             ;
;  frac[42]    ; clk        ; 1.754  ; 2.247 ; Rise       ; clk             ;
;  frac[43]    ; clk        ; 1.760  ; 2.246 ; Rise       ; clk             ;
;  frac[44]    ; clk        ; 1.709  ; 2.192 ; Rise       ; clk             ;
;  frac[45]    ; clk        ; 2.431  ; 2.957 ; Rise       ; clk             ;
;  frac[46]    ; clk        ; 2.157  ; 2.637 ; Rise       ; clk             ;
;  frac[47]    ; clk        ; 2.436  ; 2.998 ; Rise       ; clk             ;
;  frac[48]    ; clk        ; 2.090  ; 2.544 ; Rise       ; clk             ;
;  frac[49]    ; clk        ; 2.450  ; 2.991 ; Rise       ; clk             ;
;  frac[50]    ; clk        ; 2.473  ; 2.975 ; Rise       ; clk             ;
;  frac[51]    ; clk        ; 2.154  ; 2.699 ; Rise       ; clk             ;
;  frac[52]    ; clk        ; 2.674  ; 3.214 ; Rise       ; clk             ;
;  frac[53]    ; clk        ; 2.072  ; 2.524 ; Rise       ; clk             ;
;  frac[54]    ; clk        ; 2.298  ; 2.805 ; Rise       ; clk             ;
; is_nar       ; clk        ; 1.783  ; 2.262 ; Rise       ; clk             ;
; is_zero      ; clk        ; 2.343  ; 2.885 ; Rise       ; clk             ;
; sf[*]        ; clk        ; 2.324  ; 2.843 ; Rise       ; clk             ;
;  sf[0]       ; clk        ; 2.208  ; 2.741 ; Rise       ; clk             ;
;  sf[1]       ; clk        ; 1.810  ; 2.289 ; Rise       ; clk             ;
;  sf[2]       ; clk        ; 2.041  ; 2.458 ; Rise       ; clk             ;
;  sf[3]       ; clk        ; 1.765  ; 2.212 ; Rise       ; clk             ;
;  sf[4]       ; clk        ; 2.117  ; 2.651 ; Rise       ; clk             ;
;  sf[5]       ; clk        ; 2.324  ; 2.843 ; Rise       ; clk             ;
;  sf[6]       ; clk        ; 2.135  ; 2.620 ; Rise       ; clk             ;
;  sf[7]       ; clk        ; 2.053  ; 2.527 ; Rise       ; clk             ;
;  sf[8]       ; clk        ; 2.258  ; 2.807 ; Rise       ; clk             ;
;  sf[9]       ; clk        ; 1.740  ; 2.203 ; Rise       ; clk             ;
; sign         ; clk        ; 2.455  ; 3.001 ; Rise       ; clk             ;
; sticky       ; clk        ; 2.147  ; 2.620 ; Rise       ; clk             ;
+--------------+------------+--------+-------+------------+-----------------+


+----------------------------------------------------------------------------+
; Hold Times                                                                 ;
+--------------+------------+--------+--------+------------+-----------------+
; Data Port    ; Clock Port ; Rise   ; Fall   ; Clock Edge ; Clock Reference ;
+--------------+------------+--------+--------+------------+-----------------+
; flags_in[*]  ; clk        ; -0.934 ; -1.558 ; Rise       ; clk             ;
;  flags_in[0] ; clk        ; -1.006 ; -1.662 ; Rise       ; clk             ;
;  flags_in[1] ; clk        ; -0.934 ; -1.558 ; Rise       ; clk             ;
;  flags_in[2] ; clk        ; -1.024 ; -1.679 ; Rise       ; clk             ;
;  flags_in[3] ; clk        ; -1.017 ; -1.671 ; Rise       ; clk             ;
;  flags_in[4] ; clk        ; -1.017 ; -1.675 ; Rise       ; clk             ;
; frac[*]      ; clk        ; 0.539  ; 0.413  ; Rise       ; clk             ;
;  frac[0]     ; clk        ; -1.185 ; -1.840 ; Rise       ; clk             ;
;  frac[1]     ; clk        ; -1.140 ; -1.831 ; Rise       ; clk             ;
;  frac[2]     ; clk        ; -1.130 ; -1.799 ; Rise       ; clk             ;
;  frac[3]     ; clk        ; -1.141 ; -1.790 ; Rise       ; clk             ;
;  frac[4]     ; clk        ; 0.204  ; 0.106  ; Rise       ; clk             ;
;  frac[5]     ; clk        ; -1.038 ; -1.678 ; Rise       ; clk             ;
;  frac[6]     ; clk        ; -0.967 ; -1.594 ; Rise       ; clk             ;
;  frac[7]     ; clk        ; -0.966 ; -1.612 ; Rise       ; clk             ;
;  frac[8]     ; clk        ; -1.050 ; -1.679 ; Rise       ; clk             ;
;  frac[9]     ; clk        ; -1.118 ; -1.779 ; Rise       ; clk             ;
;  frac[10]    ; clk        ; -1.144 ; -1.808 ; Rise       ; clk             ;
;  frac[11]    ; clk        ; -1.187 ; -1.861 ; Rise       ; clk             ;
;  frac[12]    ; clk        ; -1.073 ; -1.729 ; Rise       ; clk             ;
;  frac[13]    ; clk        ; -1.036 ; -1.675 ; Rise       ; clk             ;
;  frac[14]    ; clk        ; -1.031 ; -1.665 ; Rise       ; clk             ;
;  frac[15]    ; clk        ; -1.163 ; -1.833 ; Rise       ; clk             ;
;  frac[16]    ; clk        ; -1.047 ; -1.709 ; Rise       ; clk             ;
;  frac[17]    ; clk        ; -1.039 ; -1.698 ; Rise       ; clk             ;
;  frac[18]    ; clk        ; -0.958 ; -1.580 ; Rise       ; clk             ;
;  frac[19]    ; clk        ; -1.172 ; -1.845 ; Rise       ; clk             ;
;  frac[20]    ; clk        ; -1.110 ; -1.769 ; Rise       ; clk             ;
;  frac[21]    ; clk        ; -0.953 ; -1.574 ; Rise       ; clk             ;
;  frac[22]    ; clk        ; -0.995 ; -1.637 ; Rise       ; clk             ;
;  frac[23]    ; clk        ; 0.539  ; 0.413  ; Rise       ; clk             ;
;  frac[24]    ; clk        ; -0.896 ; -1.505 ; Rise       ; clk             ;
;  frac[25]    ; clk        ; 0.287  ; 0.165  ; Rise       ; clk             ;
;  frac[26]    ; clk        ; -1.087 ; -1.723 ; Rise       ; clk             ;
;  frac[27]    ; clk        ; -0.924 ; -1.530 ; Rise       ; clk             ;
;  frac[28]    ; clk        ; -1.073 ; -1.716 ; Rise       ; clk             ;
;  frac[29]    ; clk        ; -0.826 ; -1.452 ; Rise       ; clk             ;
;  frac[30]    ; clk        ; -0.963 ; -1.601 ; Rise       ; clk             ;
;  frac[31]    ; clk        ; -0.880 ; -1.466 ; Rise       ; clk             ;
;  frac[32]    ; clk        ; -0.980 ; -1.626 ; Rise       ; clk             ;
;  frac[33]    ; clk        ; -0.803 ; -1.407 ; Rise       ; clk             ;
;  frac[34]    ; clk        ; -1.064 ; -1.704 ; Rise       ; clk             ;
;  frac[35]    ; clk        ; -0.070 ; -0.138 ; Rise       ; clk             ;
;  frac[36]    ; clk        ; -0.009 ; -0.073 ; Rise       ; clk             ;
;  frac[37]    ; clk        ; -0.072 ; -0.143 ; Rise       ; clk             ;
;  frac[38]    ; clk        ; -0.927 ; -1.543 ; Rise       ; clk             ;
;  frac[39]    ; clk        ; -0.906 ; -1.504 ; Rise       ; clk             ;
;  frac[40]    ; clk        ; 0.075  ; -0.027 ; Rise       ; clk             ;
;  frac[41]    ; clk        ; -0.986 ; -1.604 ; Rise       ; clk             ;
;  frac[42]    ; clk        ; -0.786 ; -1.385 ; Rise       ; clk             ;
;  frac[43]    ; clk        ; -0.781 ; -1.377 ; Rise       ; clk             ;
;  frac[44]    ; clk        ; -0.748 ; -1.354 ; Rise       ; clk             ;
;  frac[45]    ; clk        ; -1.162 ; -1.829 ; Rise       ; clk             ;
;  frac[46]    ; clk        ; -0.991 ; -1.626 ; Rise       ; clk             ;
;  frac[47]    ; clk        ; -1.172 ; -1.845 ; Rise       ; clk             ;
;  frac[48]    ; clk        ; -0.940 ; -1.546 ; Rise       ; clk             ;
;  frac[49]    ; clk        ; -1.165 ; -1.849 ; Rise       ; clk             ;
;  frac[50]    ; clk        ; -1.158 ; -1.805 ; Rise       ; clk             ;
;  frac[51]    ; clk        ; -1.026 ; -1.671 ; Rise       ; clk             ;
;  frac[52]    ; clk        ; -1.297 ; -1.978 ; Rise       ; clk             ;
;  frac[53]    ; clk        ; -0.949 ; -1.544 ; Rise       ; clk             ;
;  frac[54]    ; clk        ; -1.075 ; -1.709 ; Rise       ; clk             ;
; is_nar       ; clk        ; -0.798 ; -1.391 ; Rise       ; clk             ;
; is_zero      ; clk        ; -1.125 ; -1.782 ; Rise       ; clk             ;
; sf[*]        ; clk        ; -0.776 ; -1.361 ; Rise       ; clk             ;
;  sf[0]       ; clk        ; -1.049 ; -1.712 ; Rise       ; clk             ;
;  sf[1]       ; clk        ; -0.814 ; -1.431 ; Rise       ; clk             ;
;  sf[2]       ; clk        ; -0.911 ; -1.510 ; Rise       ; clk             ;
;  sf[3]       ; clk        ; -0.781 ; -1.361 ; Rise       ; clk             ;
;  sf[4]       ; clk        ; -0.986 ; -1.637 ; Rise       ; clk             ;
;  sf[5]       ; clk        ; -1.090 ; -1.749 ; Rise       ; clk             ;
;  sf[6]       ; clk        ; -0.989 ; -1.612 ; Rise       ; clk             ;
;  sf[7]       ; clk        ; -0.930 ; -1.559 ; Rise       ; clk             ;
;  sf[8]       ; clk        ; -1.095 ; -1.765 ; Rise       ; clk             ;
;  sf[9]       ; clk        ; -0.776 ; -1.367 ; Rise       ; clk             ;
; sign         ; clk        ; -1.198 ; -1.874 ; Rise       ; clk             ;
; sticky       ; clk        ; -0.988 ; -1.614 ; Rise       ; clk             ;
+--------------+------------+--------+--------+------------+-----------------+


+-----------------------------------------------------------------------+
; Clock to Output Times                                                 ;
+-----------+------------+-------+-------+------------+-----------------+
; Data Port ; Clock Port ; Rise  ; Fall  ; Clock Edge ; Clock Reference ;
+-----------+------------+-------+-------+------------+-----------------+
; d[*]      ; clk        ; 7.960 ; 8.081 ; Rise       ; clk             ;
;  d[0]     ; clk        ; 5.871 ; 5.901 ; Rise       ; clk             ;
;  d[1]     ; clk        ; 5.898 ; 5.956 ; Rise       ; clk             ;
;  d[2]     ; clk        ; 6.375 ; 6.425 ; Rise       ; clk             ;
;  d[3]     ; clk        ; 6.593 ; 6.616 ; Rise       ; clk             ;
;  d[4]     ; clk        ; 6.168 ; 6.212 ; Rise       ; clk             ;
;  d[5]     ; clk        ; 6.646 ; 6.722 ; Rise       ; clk             ;
;  d[6]     ; clk        ; 7.328 ; 7.432 ; Rise       ; clk             ;
;  d[7]     ; clk        ; 6.497 ; 6.588 ; Rise       ; clk             ;
;  d[8]     ; clk        ; 6.369 ; 6.444 ; Rise       ; clk             ;
;  d[9]     ; clk        ; 7.892 ; 7.938 ; Rise       ; clk             ;
;  d[10]    ; clk        ; 7.495 ; 7.587 ; Rise       ; clk             ;
;  d[11]    ; clk        ; 7.292 ; 7.279 ; Rise       ; clk             ;
;  d[12]    ; clk        ; 6.087 ; 6.129 ; Rise       ; clk             ;
;  d[13]    ; clk        ; 6.409 ; 6.457 ; Rise       ; clk             ;
;  d[14]    ; clk        ; 5.896 ; 5.956 ; Rise       ; clk             ;
;  d[15]    ; clk        ; 6.316 ; 6.305 ; Rise       ; clk             ;
;  d[16]    ; clk        ; 6.920 ; 7.014 ; Rise       ; clk             ;
;  d[17]    ; clk        ; 6.222 ; 6.230 ; Rise       ; clk             ;
;  d[18]    ; clk        ; 5.901 ; 5.937 ; Rise       ; clk             ;
;  d[19]    ; clk        ; 6.533 ; 6.558 ; Rise       ; clk             ;
;  d[20]    ; clk        ; 6.492 ; 6.534 ; Rise       ; clk             ;
;  d[21]    ; clk        ; 7.425 ; 7.498 ; Rise       ; clk             ;
;  d[22]    ; clk        ; 6.572 ; 6.642 ; Rise       ; clk             ;
;  d[23]    ; clk        ; 7.960 ; 8.081 ; Rise       ; clk             ;
;  d[24]    ; clk        ; 6.618 ; 6.659 ; Rise       ; clk             ;
;  d[25]    ; clk        ; 6.271 ; 6.342 ; Rise       ; clk             ;
;  d[26]    ; clk        ; 7.621 ; 7.720 ; Rise       ; clk             ;
;  d[27]    ; clk        ; 7.183 ; 7.249 ; Rise       ; clk             ;
;  d[28]    ; clk        ; 6.722 ; 6.804 ; Rise       ; clk             ;
;  d[29]    ; clk        ; 6.179 ; 6.245 ; Rise       ; clk             ;
;  d[30]    ; clk        ; 6.393 ; 6.458 ; Rise       ; clk             ;
;  d[31]    ; clk        ; 6.615 ; 6.610 ; Rise       ; clk             ;
; flags[*]  ; clk        ; 6.891 ; 6.961 ; Rise       ; clk             ;
;  flags[0] ; clk        ; 6.891 ; 6.961 ; Rise       ; clk             ;
;  flags[1] ; clk        ; 6.022 ; 6.034 ; Rise       ; clk             ;
;  flags[2] ; clk        ; 6.643 ; 6.723 ; Rise       ; clk             ;
;  flags[3] ; clk        ; 6.667 ; 6.698 ; Rise       ; clk             ;
;  flags[4] ; clk        ; 6.888 ; 6.961 ; Rise       ; clk             ;
; out_valid ; clk        ; 6.300 ; 6.299 ; Rise       ; clk             ;
+-----------+------------+-------+-------+------------+-----------------+


+-----------------------------------------------------------------------+
; Minimum Clock to Output Times                                         ;
+-----------+------------+-------+-------+------------+-----------------+
; Data Port ; Clock Port ; Rise  ; Fall  ; Clock Edge ; Clock Reference ;
+-----------+------------+-------+-------+------------+-----------------+
; d[*]      ; clk        ; 3.305 ; 3.403 ; Rise       ; clk             ;
;  d[0]     ; clk        ; 3.305 ; 3.403 ; Rise       ; clk             ;
;  d[1]     ; clk        ; 3.332 ; 3.420 ; Rise       ; clk             ;
;  d[2]     ; clk        ; 3.590 ; 3.704 ; Rise       ; clk             ;
;  d[3]     ; clk        ; 3.733 ; 3.858 ; Rise       ; clk             ;
;  d[4]     ; clk        ; 3.480 ; 3.599 ; Rise       ; clk             ;
;  d[5]     ; clk        ; 3.723 ; 3.864 ; Rise       ; clk             ;
;  d[6]     ; clk        ; 4.318 ; 4.468 ; Rise       ; clk             ;
;  d[7]     ; clk        ; 3.667 ; 3.819 ; Rise       ; clk             ;
;  d[8]     ; clk        ; 3.574 ; 3.703 ; Rise       ; clk             ;
;  d[9]     ; clk        ; 4.423 ; 4.626 ; Rise       ; clk             ;
;  d[10]    ; clk        ; 4.220 ; 4.412 ; Rise       ; clk             ;
;  d[11]    ; clk        ; 4.069 ; 4.240 ; Rise       ; clk             ;
;  d[12]    ; clk        ; 3.431 ; 3.536 ; Rise       ; clk             ;
;  d[13]    ; clk        ; 3.606 ; 3.744 ; Rise       ; clk             ;
;  d[14]    ; clk        ; 3.336 ; 3.422 ; Rise       ; clk             ;
;  d[15]    ; clk        ; 3.523 ; 3.627 ; Rise       ; clk             ;
;  d[16]    ; clk        ; 3.909 ; 4.072 ; Rise       ; clk             ;
;  d[17]    ; clk        ; 3.481 ; 3.592 ; Rise       ; clk             ;
;  d[18]    ; clk        ; 3.322 ; 3.404 ; Rise       ; clk             ;
;  d[19]    ; clk        ; 3.658 ; 3.776 ; Rise       ; clk             ;
;  d[20]    ; clk        ; 3.639 ; 3.778 ; Rise       ; clk             ;
;  d[21]    ; clk        ; 4.178 ; 4.365 ; Rise       ; clk             ;
;  d[22]    ; clk        ; 3.695 ; 3.826 ; Rise       ; clk             ;
;  d[23]    ; clk        ; 4.670 ; 4.862 ; Rise       ; clk             ;
;  d[24]    ; clk        ; 3.720 ; 3.860 ; Rise       ; clk             ;
;  d[25]    ; clk        ; 3.540 ; 3.658 ; Rise       ; clk             ;
;  d[26]    ; clk        ; 4.493 ; 4.659 ; Rise       ; clk             ;
;  d[27]    ; clk        ; 4.061 ; 4.246 ; Rise       ; clk             ;
;  d[28]    ; clk        ; 3.798 ; 3.936 ; Rise       ; clk             ;
;  d[29]    ; clk        ; 3.488 ; 3.607 ; Rise       ; clk             ;
;  d[30]    ; clk        ; 3.621 ; 3.730 ; Rise       ; clk             ;
;  d[31]    ; clk        ; 3.689 ; 3.834 ; Rise       ; clk             ;
; flags[*]  ; clk        ; 3.380 ; 3.485 ; Rise       ; clk             ;
;  flags[0] ; clk        ; 3.870 ; 4.026 ; Rise       ; clk             ;
;  flags[1] ; clk        ; 3.380 ; 3.485 ; Rise       ; clk             ;
;  flags[2] ; clk        ; 3.770 ; 3.899 ; Rise       ; clk             ;
;  flags[3] ; clk        ; 3.730 ; 3.872 ; Rise       ; clk             ;
;  flags[4] ; clk        ; 3.884 ; 4.056 ; Rise       ; clk             ;
; out_valid ; clk        ; 3.559 ; 3.661 ; Rise       ; clk             ;
+-----------+------------+-------+-------+------------+-----------------+


+------------------------------------------------------------------------------------------------------------------------------------------------------------------------------------------------------------------------------------------------------------------------------------------------------------------------------------------------------------------------------------------------------------------+
; Board Trace Model Assignments                                                                                                                                                                                                                                                                                                                                                                                    ;
+---------------+--------------+-------------------+-------------------------+-------------------------+---------------+---------------------+----------------+------------------+--------+------------------+------------------------+------------------------+--------------+---------------+-----------------+-------+---------------------+--------------------+---------------+-----------------+-------------+
; Pin           ; I/O Standard ; Near Tline Length ; Near Tline L per Length ; Near Tline C per Length ; Near Series R ; Near Differential R ; Near Pull-up R ; Near Pull-down R ; Near C ; Far Tline Length ; Far Tline L per Length ; Far Tline C per Length ; Far Series R ; Far Pull-up R ; Far Pull-down R ; Far C ; Termination Voltage ; Far Differential R ; EBD File Name ; EBD Signal Name ; EBD Far-end ;
+---------------+--------------+-------------------+-------------------------+-------------------------+---------------+---------------------+----------------+------------------+--------+------------------+------------------------+------------------------+--------------+---------------+-----------------+-------+---------------------+--------------------+---------------+-----------------+-------------+
; out_valid     ; 2.5 V        ; 0 in              ; 0 H/in                  ; 0 F/in                  ; short         ; -                   ; open           ; open             ; open   ; 0 in             ; 0 H/in                 ; 0 F/in                 ; short        ; open          ; open            ; open  ; 0 V                 ; -                  ; n/a           ; n/a             ; n/a         ;
; d[0]          ; 2.5 V        ; 0 in              ; 0 H/in                  ; 0 F/in                  ; short         ; -                   ; open           ; open             ; open   ; 0 in             ; 0 H/in                 ; 0 F/in                 ; short        ; open          ; open            ; open  ; 0 V                 ; -                  ; n/a           ; n/a             ; n/a         ;
; d[1]          ; 2.5 V        ; 0 in              ; 0 H/in                  ; 0 F/in                  ; short         ; -                   ; open           ; open             ; open   ; 0 in             ; 0 H/in                 ; 0 F/in                 ; short        ; open          ; open            ; open  ; 0 V                 ; -                  ; n/a           ; n/a             ; n/a         ;
; d[2]          ; 2.5 V        ; 0 in              ; 0 H/in                  ; 0 F/in                  ; short         ; -                   ; open           ; open             ; open   ; 0 in             ; 0 H/in                 ; 0 F/in                 ; short        ; open          ; open            ; open  ; 0 V                 ; -                  ; n/a           ; n/a             ; n/a         ;
; d[3]          ; 2.5 V        ; 0 in              ; 0 H/in                  ; 0 F/in                  ; short         ; -                   ; open           ; open             ; open   ; 0 in             ; 0 H/in                 ; 0 F/in                 ; short        ; open          ; open            ; open  ; 0 V                 ; -                  ; n/a           ; n/a             ; n/a         ;
; d[4]          ; 2.5 V        ; 0 in              ; 0 H/in                  ; 0 F/in                  ; short         ; -                   ; open           ; open             ; open   ; 0 in             ; 0 H/in                 ; 0 F/in                 ; short        ; open          ; open            ; open  ; 0 V                 ; -                  ; n/a           ; n/a             ; n/a         ;
; d[5]          ; 2.5 V        ; 0 in              ; 0 H/in                  ; 0 F/in                  ; short         ; -                   ; open           ; open             ; open   ; 0 in             ; 0 H/in                 ; 0 F/in                 ; short        ; open          ; open            ; open  ; 0 V                 ; -                  ; n/a           ; n/a             ; n/a         ;
; d[6]          ; 2.5 V        ; 0 in              ; 0 H/in                  ; 0 F/in                  ; short         ; -                   ; open           ; open             ; open   ; 0 in             ; 0 H/in                 ; 0 F/in                 ; short        ; open          ; open            ; open  ; 0 V                 ; -                  ; n/a           ; n/a             ; n/a         ;
; d[7]          ; 2.5 V        ; 0 in              ; 0 H/in                  ; 0 F/in                  ; short         ; -                   ; open           ; open             ; open   ; 0 in             ; 0 H/in                 ; 0 F/in                 ; short        ; open          ; open            ; open  ; 0 V                 ; -                  ; n/a           ; n/a             ; n/a         ;
; d[8]          ; 2.5 V        ; 0 in              ; 0 H/in                  ; 0 F/in                  ; short         ; -                   ; open           ; open             ; open   ; 0 in             ; 0 H/in                 ; 0 F/in                 ; short        ; open          ; open            ; open  ; 0 V                 ; -                  ; n/a           ; n/a             ; n/a         ;
; d[9]          ; 2.5 V        ; 0 in              ; 0 H/in                  ; 0 F/in                  ; short         ; -                   ; open           ; open             ; open   ; 0 in             ; 0 H/in                 ; 0 F/in                 ; short        ; open          ; open            ; open  ; 0 V                 ; -                  ; n/a           ; n/a             ; n/a         ;
; d[10]         ; 2.5 V        ; 0 in              ; 0 H/in                  ; 0 F/in                  ; short         ; -                   ; open           ; open             ; open   ; 0 in             ; 0 H/in                 ; 0 F/in                 ; short        ; open          ; open            ; open  ; 0 V                 ; -                  ; n/a           ; n/a             ; n/a         ;
; d[11]         ; 2.5 V        ; 0 in              ; 0 H/in                  ; 0 F/in                  ; short         ; -                   ; open           ; open             ; open   ; 0 in             ; 0 H/in                 ; 0 F/in                 ; short        ; open          ; open            ; open  ; 0 V                 ; -                  ; n/a           ; n/a             ; n/a         ;
; d[12]         ; 2.5 V        ; 0 in              ; 0 H/in                  ; 0 F/in                  ; short         ; -                   ; open           ; open             ; open   ; 0 in             ; 0 H/in                 ; 0 F/in                 ; short        ; open          ; open            ; open  ; 0 V                 ; -                  ; n/a           ; n/a             ; n/a         ;
; d[13]         ; 2.5 V        ; 0 in              ; 0 H/in                  ; 0 F/in                  ; short         ; -                   ; open           ; open             ; open   ; 0 in             ; 0 H/in                 ; 0 F/in                 ; short        ; open          ; open            ; open  ; 0 V                 ; -                  ; n/a           ; n/a             ; n/a         ;
; d[14]         ; 2.5 V        ; 0 in              ; 0 H/in                  ; 0 F/in                  ; short         ; -                   ; open           ; open             ; open   ; 0 in             ; 0 H/in                 ; 0 F/in                 ; short        ; open          ; open            ; open  ; 0 V                 ; -                  ; n/a           ; n/a             ; n/a         ;
; d[15]         ; 2.5 V        ; 0 in              ; 0 H/in                  ; 0 F/in                  ; short         ; -                   ; open           ; open             ; open   ; 0 in             ; 0 H/in                 ; 0 F/in                 ; short        ; open          ; open            ; open  ; 0 V                 ; -                  ; n/a           ; n/a             ; n/a         ;
; d[16]         ; 2.5 V        ; 0 in              ; 0 H/in                  ; 0 F/in                  ; short         ; -                   ; open           ; open             ; open   ; 0 in             ; 0 H/in                 ; 0 F/in                 ; short        ; open          ; open            ; open  ; 0 V                 ; -                  ; n/a           ; n/a             ; n/a         ;
; d[17]         ; 2.5 V        ; 0 in              ; 0 H/in                  ; 0 F/in                  ; short         ; -                   ; open           ; open             ; open   ; 0 in             ; 0 H/in                 ; 0 F/in                 ; short        ; open          ; open            ; open  ; 0 V                 ; -                  ; n/a           ; n/a             ; n/a         ;
; d[18]         ; 2.5 V        ; 0 in              ; 0 H/in                  ; 0 F/in                  ; short         ; -                   ; open           ; open             ; open   ; 0 in             ; 0 H/in                 ; 0 F/in                 ; short        ; open          ; open            ; open  ; 0 V                 ; -                  ; n/a           ; n/a             ; n/a         ;
; d[19]         ; 2.5 V        ; 0 in              ; 0 H/in                  ; 0 F/in                  ; short         ; -                   ; open           ; open             ; open   ; 0 in             ; 0 H/in                 ; 0 F/in                 ; short        ; open          ; open            ; open  ; 0 V                 ; -                  ; n/a           ; n/a             ; n/a         ;
; d[20]         ; 2.5 V        ; 0 in              ; 0 H/in                  ; 0 F/in                  ; short         ; -                   ; open           ; open             ; open   ; 0 in             ; 0 H/in                 ; 0 F/in                 ; short        ; open          ; open            ; open  ; 0 V                 ; -                  ; n/a           ; n/a             ; n/a         ;
; d[21]         ; 2.5 V        ; 0 in              ; 0 H/in                  ; 0 F/in                  ; short         ; -                   ; open           ; open             ; open   ; 0 in             ; 0 H/in                 ; 0 F/in                 ; short        ; open          ; open            ; open  ; 0 V                 ; -                  ; n/a           ; n/a             ; n/a         ;
; d[22]         ; 2.5 V        ; 0 in              ; 0 H/in                  ; 0 F/in                  ; short         ; -                   ; open           ; open             ; open   ; 0 in             ; 0 H/in                 ; 0 F/in                 ; short        ; open          ; open            ; open  ; 0 V                 ; -                  ; n/a           ; n/a             ; n/a         ;
; d[23]         ; 2.5 V        ; 0 in              ; 0 H/in                  ; 0 F/in                  ; short         ; -                   ; open           ; open             ; open   ; 0 in             ; 0 H/in                 ; 0 F/in                 ; short        ; open          ; open            ; open  ; 0 V                 ; -                  ; n/a           ; n/a             ; n/a         ;
; d[24]         ; 2.5 V        ; 0 in              ; 0 H/in                  ; 0 F/in                  ; short         ; -                   ; open           ; open             ; open   ; 0 in             ; 0 H/in                 ; 0 F/in                 ; short        ; open          ; open            ; open  ; 0 V                 ; -                  ; n/a           ; n/a             ; n/a         ;
; d[25]         ; 2.5 V        ; 0 in              ; 0 H/in                  ; 0 F/in                  ; short         ; -                   ; open           ; open             ; open   ; 0 in             ; 0 H/in                 ; 0 F/in                 ; short        ; open          ; open            ; open  ; 0 V                 ; -                  ; n/a           ; n/a             ; n/a         ;
; d[26]         ; 2.5 V        ; 0 in              ; 0 H/in                  ; 0 F/in                  ; short         ; -                   ; open           ; open             ; open   ; 0 in             ; 0 H/in                 ; 0 F/in                 ; short        ; open          ; open            ; open  ; 0 V                 ; -                  ; n/a           ; n/a             ; n/a         ;
; d[27]         ; 2.5 V        ; 0 in              ; 0 H/in                  ; 0 F/in                  ; short         ; -                   ; open           ; open             ; open   ; 0 in             ; 0 H/in                 ; 0 F/in                 ; short        ; open          ; open            ; open  ; 0 V                 ; -                  ; n/a           ; n/a             ; n/a         ;
; d[28]         ; 2.5 V        ; 0 in              ; 0 H/in                  ; 0 F/in                  ; short         ; -                   ; open           ; open             ; open   ; 0 in             ; 0 H/in                 ; 0 F/in                 ; short        ; open          ; open            ; open  ; 0 V                 ; -                  ; n/a           ; n/a             ; n/a         ;
; d[29]         ; 2.5 V        ; 0 in              ; 0 H/in                  ; 0 F/in                  ; short         ; -                   ; open           ; open             ; open   ; 0 in             ; 0 H/in                 ; 0 F/in                 ; short        ; open          ; open            ; open  ; 0 V                 ; -                  ; n/a           ; n/a             ; n/a         ;
; d[30]         ; 2.5 V        ; 0 in              ; 0 H/in                  ; 0 F/in                  ; short         ; -                   ; open           ; open             ; open   ; 0 in             ; 0 H/in                 ; 0 F/in                 ; short        ; open          ; open            ; open  ; 0 V                 ; -                  ; n/a           ; n/a             ; n/a         ;
; d[31]         ; 2.5 V        ; 0 in              ; 0 H/in                  ; 0 F/in                  ; short         ; -                   ; open           ; open             ; open   ; 0 in             ; 0 H/in                 ; 0 F/in                 ; short        ; open          ; open            ; open  ; 0 V                 ; -                  ; n/a           ; n/a             ; n/a         ;
; flags[0]      ; 2.5 V        ; 0 in              ; 0 H/in                  ; 0 F/in                  ; short         ; -                   ; open           ; open             ; open   ; 0 in             ; 0 H/in                 ; 0 F/in                 ; short        ; open          ; open            ; open  ; 0 V                 ; -                  ; n/a           ; n/a             ; n/a         ;
; flags[1]      ; 2.5 V        ; 0 in              ; 0 H/in                  ; 0 F/in                  ; short         ; -                   ; open           ; open             ; open   ; 0 in             ; 0 H/in                 ; 0 F/in                 ; short        ; open          ; open            ; open  ; 0 V                 ; -                  ; n/a           ; n/a             ; n/a         ;
; flags[2]      ; 2.5 V        ; 0 in              ; 0 H/in                  ; 0 F/in                  ; short         ; -                   ; open           ; open             ; open   ; 0 in             ; 0 H/in                 ; 0 F/in                 ; short        ; open          ; open            ; open  ; 0 V                 ; -                  ; n/a           ; n/a             ; n/a         ;
; flags[3]      ; 2.5 V        ; 0 in              ; 0 H/in                  ; 0 F/in                  ; short         ; -                   ; open           ; open             ; open   ; 0 in             ; 0 H/in                 ; 0 F/in                 ; short        ; open          ; open            ; open  ; 0 V                 ; -                  ; n/a           ; n/a             ; n/a         ;
; flags[4]      ; 2.5 V        ; 0 in              ; 0 H/in                  ; 0 F/in                  ; short         ; -                   ; open           ; open             ; open   ; 0 in             ; 0 H/in                 ; 0 F/in                 ; short        ; open          ; open            ; open  ; 0 V                 ; -                  ; n/a           ; n/a             ; n/a         ;
; ~ALTERA_DCLK~ ; 2.5 V        ; 0 in              ; 0 H/in                  ; 0 F/in                  ; short         ; -                   ; open           ; open             ; open   ; 0 in             ; 0 H/in                 ; 0 F/in                 ; short        ; open          ; open            ; open  ; 0 V                 ; -                  ; n/a           ; n/a             ; n/a         ;
; ~ALTERA_nCEO~ ; 2.5 V        ; 0 in              ; 0 H/in                  ; 0 F/in                  ; short         ; -                   ; open           ; open             ; open   ; 0 in             ; 0 H/in                 ; 0 F/in                 ; short        ; open          ; open            ; open  ; 0 V                 ; -                  ; n/a           ; n/a             ; n/a         ;
+---------------+--------------+-------------------+-------------------------+-------------------------+---------------+---------------------+----------------+------------------+--------+------------------+------------------------+------------------------+--------------+---------------+-----------------+-------+---------------------+--------------------+---------------+-----------------+-------------+


+----------------------------------------------------------------------------+
; Input Transition Times                                                     ;
+-------------------------+--------------+-----------------+-----------------+
; Pin                     ; I/O Standard ; 10-90 Rise Time ; 90-10 Fall Time ;
+-------------------------+--------------+-----------------+-----------------+
; clk                     ; 2.5 V        ; 2000 ps         ; 2000 ps         ;
; reset_n                 ; 2.5 V        ; 2000 ps         ; 2000 ps         ;
; is_zero                 ; 2.5 V        ; 2000 ps         ; 2000 ps         ;
; is_nar                  ; 2.5 V        ; 2000 ps         ; 2000 ps         ;
; flags_in[4]             ; 2.5 V        ; 2000 ps         ; 2000 ps         ;
; sf[9]                   ; 2.5 V        ; 2000 ps         ; 2000 ps         ;
; sf[8]                   ; 2.5 V        ; 2000 ps         ; 2000 ps         ;
; sf[7]                   ; 2.5 V        ; 2000 ps         ; 2000 ps         ;
; sf[6]                   ; 2.5 V        ; 2000 ps         ; 2000 ps         ;
; sf[5]                   ; 2.5 V        ; 2000 ps         ; 2000 ps         ;
; sf[4]                   ; 2.5 V        ; 2000 ps         ; 2000 ps         ;
; sf[3]                   ; 2.5 V        ; 2000 ps         ; 2000 ps         ;
; frac[33]                ; 2.5 V        ; 2000 ps         ; 2000 ps         ;
; frac[34]                ; 2.5 V        ; 2000 ps         ; 2000 ps         ;
; sf[2]                   ; 2.5 V        ; 2000 ps         ; 2000 ps         ;
; frac[31]                ; 2.5 V        ; 2000 ps         ; 2000 ps         ;
; frac[32]                ; 2.5 V        ; 2000 ps         ; 2000 ps         ;
; frac[29]                ; 2.5 V        ; 2000 ps         ; 2000 ps         ;
; frac[30]                ; 2.5 V        ; 2000 ps         ; 2000 ps         ;
; frac[27]                ; 2.5 V        ; 2000 ps         ; 2000 ps         ;
; frac[28]                ; 2.5 V        ; 2000 ps         ; 2000 ps         ;
; frac[41]                ; 2.5 V        ; 2000 ps         ; 2000 ps         ;
; frac[42]                ; 2.5 V        ; 2000 ps         ; 2000 ps         ;
; frac[39]                ; 2.5 V        ; 2000 ps         ; 2000 ps         ;
; frac[40]                ; 2.5 V        ; 2000 ps         ; 2000 ps         ;
; frac[37]                ; 2.5 V        ; 2000 ps         ; 2000 ps         ;
; frac[38]                ; 2.5 V        ; 2000 ps         ; 2000 ps         ;
; frac[35]                ; 2.5 V        ; 2000 ps         ; 2000 ps         ;
; frac[36]                ; 2.5 V        ; 2000 ps         ; 2000 ps         ;
; sf[0]                   ; 2.5 V        ; 2000 ps         ; 2000 ps         ;
; sf[1]                   ; 2.5 V        ; 2000 ps         ; 2000 ps         ;
; frac[53]                ; 2.5 V        ; 2000 ps         ; 2000 ps         ;
; frac[54]                ; 2.5 V        ; 2000 ps         ; 2000 ps         ;
; frac[51]                ; 2.5 V        ; 2000 ps         ; 2000 ps         ;
; frac[52]                ; 2.5 V        ; 2000 ps         ; 2000 ps         ;
; frac[49]                ; 2.5 V        ; 2000 ps         ; 2000 ps         ;
; frac[50]                ; 2.5 V        ; 2000 ps         ; 2000 ps         ;
; frac[47]                ; 2.5 V        ; 2000 ps         ; 2000 ps         ;
; frac[48]                ; 2.5 V        ; 2000 ps         ; 2000 ps         ;
; frac[45]                ; 2.5 V        ; 2000 ps         ; 2000 ps         ;
; frac[46]                ; 2.5 V        ; 2000 ps         ; 2000 ps         ;
; frac[43]                ; 2.5 V        ; 2000 ps         ; 2000 ps         ;
; frac[44]                ; 2.5 V        ; 2000 ps         ; 2000 ps         ;
; frac[9]                 ; 2.5 V        ; 2000 ps         ; 2000 ps         ;
; frac[7]                 ; 2.5 V        ; 2000 ps         ; 2000 ps         ;
; frac[11]                ; 2.5 V        ; 2000 ps         ; 2000 ps         ;
; frac[13]                ; 2.5 V        ; 2000 ps         ; 2000 ps         ;
; frac[6]                 ; 2.5 V        ; 2000 ps         ; 2000 ps         ;
; frac[2]                 ; 2.5 V        ; 2000 ps         ; 2000 ps         ;
; frac[10]                ; 2.5 V        ; 2000 ps         ; 2000 ps         ;
; frac[0]                 ; 2.5 V        ; 2000 ps         ; 2000 ps         ;
; frac[3]                 ; 2.5 V        ; 2000 ps         ; 2000 ps         ;
; frac[1]                 ; 2.5 V        ; 2000 ps         ; 2000 ps         ;
; sticky                  ; 2.5 V        ; 2000 ps         ; 2000 ps         ;
; frac[8]                 ; 2.5 V        ; 2000 ps         ; 2000 ps         ;
; frac[17]                ; 2.5 V        ; 2000 ps         ; 2000 ps         ;
; frac[18]                ; 2.5 V        ; 2000 ps         ; 2000 ps         ;
; frac[15]                ; 2.5 V        ; 2000 ps         ; 2000 ps         ;
; frac[16]                ; 2.5 V        ; 2000 ps         ; 2000 ps         ;
; frac[14]                ; 2.5 V        ; 2000 ps         ; 2000 ps         ;
; frac[12]                ; 2.5 V        ; 2000 ps         ; 2000 ps         ;
; frac[5]                 ; 2.5 V        ; 2000 ps         ; 2000 ps         ;
; frac[4]                 ; 2.5 V        ; 2000 ps         ; 2000 ps         ;
; frac[25]                ; 2.5 V        ; 2000 ps         ; 2000 ps         ;
; frac[26]                ; 2.5 V        ; 2000 ps         ; 2000 ps         ;
; frac[23]                ; 2.5 V        ; 2000 ps         ; 2000 ps         ;
; frac[24]                ; 2.5 V        ; 2000 ps         ; 2000 ps         ;
; frac[21]                ; 2.5 V        ; 2000 ps         ; 2000 ps         ;
; frac[22]                ; 2.5 V        ; 2000 ps         ; 2000 ps         ;
; frac[19]                ; 2.5 V        ; 2000 ps         ; 2000 ps         ;
; frac[20]                ; 2.5 V        ; 2000 ps         ; 2000 ps         ;
; sign                    ; 2.5 V        ; 2000 ps         ; 2000 ps         ;
; flags_in[0]             ; 2.5 V        ; 2000 ps         ; 2000 ps         ;
; flags_in[1]             ; 2.5 V        ; 2000 ps         ; 2000 ps         ;
; flags_in[2]             ; 2.5 V        ; 2000 ps         ; 2000 ps         ;
; flags_in[3]             ; 2.5 V        ; 2000 ps         ; 2000 ps         ;
; ~ALTERA_ASDO_DATA1~     ; 2.5 V        ; 2000 ps         ; 2000 ps         ;
; ~ALTERA_FLASH_nCE_nCSO~ ; 2.5 V        ; 2000 ps         ; 2000 ps         ;
; ~ALTERA_DATA0~          ; 2.5 V        ; 2000 ps         ; 2000 ps         ;
+-------------------------+--------------+-----------------+-----------------+


+--------------------------------------------------------------------------------------------------------------------------------------------------------------------------------------------------------------------------------------------------------------------------------------------------------------------------------------------------------------------------------------------------------------------------------------------------------------------------------------------------------------------------------------------------------------------------------------------------------------------------------------------------------------------------------------------+
; Signal Integrity Metrics (Slow 1200mv 0c Model)                                                                                                                                                                                                                                                                                                                                                                                                                                                                                                                                                                                                                                            ;
+---------------+--------------+---------------------+---------------------+------------------------------+------------------------------+---------------------+---------------------+--------------------------------------+--------------------------------------+-----------------------------+-----------------------------+----------------------------+----------------------------+-----------------------------+-----------------------------+--------------------+--------------------+-------------------------------------+-------------------------------------+----------------------------+----------------------------+---------------------------+---------------------------+
; Pin           ; I/O Standard ; Board Delay on Rise ; Board Delay on Fall ; Steady State Voh at FPGA Pin ; Steady State Vol at FPGA Pin ; Voh Max at FPGA Pin ; Vol Min at FPGA Pin ; Ringback Voltage on Rise at FPGA Pin ; Ringback Voltage on Fall at FPGA Pin ; 10-90 Rise Time at FPGA Pin ; 90-10 Fall Time at FPGA Pin ; Monotonic Rise at FPGA Pin ; Monotonic Fall at FPGA Pin ; Steady State Voh at Far-end ; Steady State Vol at Far-end ; Voh Max at Far-end ; Vol Min at Far-end ; Ringback Voltage on Rise at Far-end ; Ringback Voltage on Fall at Far-end ; 10-90 Rise Time at Far-end ; 90-10 Fall Time at Far-end ; Monotonic Rise at Far-end ; Monotonic Fall at Far-end ;
+---------------+--------------+---------------------+---------------------+------------------------------+------------------------------+---------------------+---------------------+--------------------------------------+--------------------------------------+-----------------------------+-----------------------------+----------------------------+----------------------------+-----------------------------+-----------------------------+--------------------+--------------------+-------------------------------------+-------------------------------------+----------------------------+----------------------------+---------------------------+---------------------------+
; out_valid     ; 2.5 V        ; 0 s                 ; 0 s                 ; 2.32 V                       ; 5.95e-09 V                   ; 2.38 V              ; -0.016 V            ; 0.22 V                               ; 0.025 V                              ; 3.06e-10 s                  ; 3.3e-10 s                   ; Yes                        ; Yes                        ; 2.32 V                      ; 5.95e-09 V                  ; 2.38 V             ; -0.016 V           ; 0.22 V                              ; 0.025 V                             ; 3.06e-10 s                 ; 3.3e-10 s                  ; Yes                       ; Yes                       ;
; d[0]          ; 2.5 V        ; 0 s                 ; 0 s                 ; 2.32 V                       ; 4.44e-09 V                   ; 2.38 V              ; -0.0145 V           ; 0.169 V                              ; 0.026 V                              ; 4.83e-10 s                  ; 4.71e-10 s                  ; Yes                        ; Yes                        ; 2.32 V                      ; 4.44e-09 V                  ; 2.38 V             ; -0.0145 V          ; 0.169 V                             ; 0.026 V                             ; 4.83e-10 s                 ; 4.71e-10 s                 ; Yes                       ; Yes                       ;
; d[1]          ; 2.5 V        ; 0 s                 ; 0 s                 ; 2.32 V                       ; 5.95e-09 V                   ; 2.38 V              ; -0.016 V            ; 0.22 V                               ; 0.025 V                              ; 3.06e-10 s                  ; 3.3e-10 s                   ; Yes                        ; Yes                        ; 2.32 V                      ; 5.95e-09 V                  ; 2.38 V             ; -0.016 V           ; 0.22 V                              ; 0.025 V                             ; 3.06e-10 s                 ; 3.3e-10 s                  ; Yes                       ; Yes                       ;
; d[2]          ; 2.5 V        ; 0 s                 ; 0 s                 ; 2.32 V                       ; 5.95e-09 V                   ; 2.38 V              ; -0.016 V            ; 0.22 V                               ; 0.025 V                              ; 3.06e-10 s                  ; 3.3e-10 s                   ; Yes                        ; Yes                        ; 2.32 V                      ; 5.95e-09 V                  ; 2.38 V             ; -0.016 V           ; 0.22 V                              ; 0.025 V                             ; 3.06e-10 s                 ; 3.3e-10 s                  ; Yes                       ; Yes                       ;
; d[3]          ; 2.5 V        ; 0 s                 ; 0 s                 ; 2.32 V                       ; 5.95e-09 V                   ; 2.38 V              ; -0.016 V            ; 0.22 V                               ; 0.025 V                              ; 3.06e-10 s                  ; 3.3e-10 s                   ; Yes                        ; Yes                        ; 2.32 V                      ; 5.95e-09 V                  ; 2.38 V             ; -0.016 V           ; 0.22 V                              ; 0.025 V                             ; 3.06e-10 s                 ; 3.3e-10 s                  ; Yes                       ; Yes                       ;
; d[4]          ; 2.5 V        ; 0 s                 ; 0 s                 ; 2.32 V                       ; 4.44e-09 V                   ; 2.38 V              ; -0.0145 V           ; 0.169 V                              ; 0.026 V                              ; 4.83e-10 s                  ; 4.71e-10 s                  ; Yes                        ; Yes                        ; 2.32 V                      ; 4.44e-09 V                  ; 2.38 V             ; -0.0145 V          ; 0.169 V                             ; 0.026 V                             ; 4.83e-10 s                 ; 4.71e-10 s                 ; Yes                       ; Yes                       ;
; d[5]          ; 2.5 V        ; 0 s                 ; 0 s                 ; 2.32 V                       ; 5.95e-09 V                   ; 2.38 V              ; -0.016 V            ; 0.22 V                               ; 0.025 V                              ; 3.06e-10 s                  ; 3.3e-10 s                   ; Yes                        ; Yes                        ; 2.32 V                      ; 5.95e-09 V                  ; 2.38 V             ; -0.016 V           ; 0.22 V                              ; 0.025 V                             ; 3.06e-10 s                 ; 3.3e-10 s                  ; Yes                       ; Yes                       ;
; d[6]          ; 2.5 V        ; 0 s                 ; 0 s                 ; 2.32 V                       ; 4.44e-09 V                   ; 2.33 V              ; -0.00624 V          ; 0.185 V                              ; 0.097 V                              ; 2.82e-09 s                  ; 2.56e-09 s                  ; No                         ; Yes                        ; 2.32 V                      ; 4.44e-09 V                  ; 2.33 V             ; -0.00624 V         ; 0.185 V                             ; 0.097 V                             ; 2.82e-09 s                 ; 2.56e-09 s                 ; No                        ; Yes                       ;
; d[7]          ; 2.5 V        ; 0 s                 ; 0 s                 ; 2.32 V                       ; 4.44e-09 V                   ; 2.38 V              ; -0.0145 V           ; 0.169 V                              ; 0.026 V                              ; 4.83e-10 s                  ; 4.71e-10 s                  ; Yes                        ; Yes                        ; 2.32 V                      ; 4.44e-09 V                  ; 2.38 V             ; -0.0145 V          ; 0.169 V                             ; 0.026 V                             ; 4.83e-10 s                 ; 4.71e-10 s                 ; Yes                       ; Yes                       ;
; d[8]          ; 2.5 V        ; 0 s                 ; 0 s                 ; 2.32 V                       ; 4.44e-09 V                   ; 2.39 V              ; -0.0265 V           ; 0.2 V                                ; 0.033 V                              ; 2.94e-10 s                  ; 3.12e-10 s                  ; Yes                        ; Yes                        ; 2.32 V                      ; 4.44e-09 V                  ; 2.39 V             ; -0.0265 V          ; 0.2 V                               ; 0.033 V                             ; 2.94e-10 s                 ; 3.12e-10 s                 ; Yes                       ; Yes                       ;
; d[9]          ; 2.5 V        ; 0 s                 ; 0 s                 ; 2.32 V                       ; 5.95e-09 V                   ; 2.38 V              ; -0.016 V            ; 0.22 V                               ; 0.025 V                              ; 3.06e-10 s                  ; 3.3e-10 s                   ; Yes                        ; Yes                        ; 2.32 V                      ; 5.95e-09 V                  ; 2.38 V             ; -0.016 V           ; 0.22 V                              ; 0.025 V                             ; 3.06e-10 s                 ; 3.3e-10 s                  ; Yes                       ; Yes                       ;
; d[10]         ; 2.5 V        ; 0 s                 ; 0 s                 ; 2.32 V                       ; 5.95e-09 V                   ; 2.38 V              ; -0.016 V            ; 0.22 V                               ; 0.025 V                              ; 3.06e-10 s                  ; 3.3e-10 s                   ; Yes                        ; Yes                        ; 2.32 V                      ; 5.95e-09 V                  ; 2.38 V             ; -0.016 V           ; 0.22 V                              ; 0.025 V                             ; 3.06e-10 s                 ; 3.3e-10 s                  ; Yes                       ; Yes                       ;
; d[11]         ; 2.5 V        ; 0 s                 ; 0 s                 ; 2.32 V                       ; 4.44e-09 V                   ; 2.38 V              ; -0.0145 V           ; 0.169 V                              ; 0.026 V                              ; 4.83e-10 s                  ; 4.71e-10 s                  ; Yes                        ; Yes                        ; 2.32 V                      ; 4.44e-09 V                  ; 2.38 V             ; -0.0145 V          ; 0.169 V                             ; 0.026 V                             ; 4.83e-10 s                 ; 4.71e-10 s                 ; Yes                       ; Yes                       ;
; d[12]         ; 2.5 V        ; 0 s                 ; 0 s                 ; 2.32 V                       ; 4.44e-09 V                   ; 2.38 V              ; -0.0145 V           ; 0.169 V                              ; 0.026 V                              ; 4.83e-10 s                  ; 4.71e-10 s                  ; Yes                        ; Yes                        ; 2.32 V                      ; 4.44e-09 V                  ; 2.38 V             ; -0.0145 V          ; 0.169 V                             ; 0.026 V                             ; 4.83e-10 s                 ; 4.71e-10 s                 ; Yes                       ; Yes                       ;
; d[13]         ; 2.5 V        ; 0 s                 ; 0 s                 ; 2.32 V                       ; 4.44e-09 V                   ; 2.38 V              ; -0.0145 V           ; 0.169 V                              ; 0.026 V                              ; 4.83e-10 s                  ; 4.71e-10 s                  ; Yes                        ; Yes                        ; 2.32 V                      ; 4.44e-09 V                  ; 2.38 V             ; -0.0145 V          ; 0.169 V                             ; 0.026 V                             ; 4.83e-10 s                 ; 4.71e-10 s                 ; Yes                       ; Yes                       ;
; d[14]         ; 2.5 V        ; 0 s                 ; 0 s                 ; 2.32 V                       ; 5.95e-09 V                   ; 2.38 V              ; -0.016 V            ; 0.22 V                               ; 0.025 V                              ; 3.06e-10 s                  ; 3.3e-10 s                   ; Yes                        ; Yes                        ; 2.32 V                      ; 5.95e-09 V                  ; 2.38 V             ; -0.016 V           ; 0.22 V                              ; 0.025 V                             ; 3.06e-10 s                 ; 3.3e-10 s                  ; Yes                       ; Yes                       ;
; d[15]         ; 2.5 V        ; 0 s                 ; 0 s                 ; 2.32 V                       ; 5.95e-09 V                   ; 2.38 V              ; -0.016 V            ; 0.22 V                               ; 0.025 V                              ; 3.06e-10 s                  ; 3.3e-10 s                   ; Yes                        ; Yes                        ; 2.32 V                      ; 5.95e-09 V                  ; 2.38 V             ; -0.016 V           ; 0.22 V                              ; 0.025 V                             ; 3.06e-10 s                 ; 3.3e-10 s                  ; Yes                       ; Yes                       ;
; d[16]         ; 2.5 V        ; 0 s                 ; 0 s                 ; 2.32 V                       ; 5.95e-09 V                   ; 2.38 V              ; -0.016 V            ; 0.22 V                               ; 0.025 V                              ; 3.06e-10 s                  ; 3.3e-10 s                   ; Yes                        ; Yes                        ; 2.32 V                      ; 5.95e-09 V                  ; 2.38 V             ; -0.016 V           ; 0.22 V                              ; 0.025 V                             ; 3.06e-10 s                 ; 3.3e-10 s                  ; Yes                       ; Yes                       ;
; d[17]         ; 2.5 V        ; 0 s                 ; 0 s                 ; 2.32 V                       ; 4.44e-09 V                   ; 2.38 V              ; -0.0145 V           ; 0.169 V                              ; 0.026 V                              ; 4.83e-10 s                  ; 4.71e-10 s                  ; Yes                        ; Yes                        ; 2.32 V                      ; 4.44e-09 V                  ; 2.38 V             ; -0.0145 V          ; 0.169 V                             ; 0.026 V                             ; 4.83e-10 s                 ; 4.71e-10 s                 ; Yes                       ; Yes                       ;
; d[18]         ; 2.5 V        ; 0 s                 ; 0 s                 ; 2.32 V                       ; 5.95e-09 V                   ; 2.38 V              ; -0.016 V            ; 0.22 V                               ; 0.025 V                              ; 3.06e-10 s                  ; 3.3e-10 s                   ; Yes                        ; Yes                        ; 2.32 V                      ; 5.95e-09 V                  ; 2.38 V             ; -0.016 V           ; 0.22 V                              ; 0.025 V                             ; 3.06e-10 s                 ; 3.3e-10 s                  ; Yes                       ; Yes                       ;
; d[19]         ; 2.5 V        ; 0 s                 ; 0 s                 ; 2.32 V                       ; 5.95e-09 V                   ; 2.38 V              ; -0.016 V            ; 0.22 V                               ; 0.025 V                              ; 3.06e-10 s                  ; 3.3e-10 s                   ; Yes                        ; Yes                        ; 2.32 V                      ; 5.95e-09 V                  ; 2.38 V             ; -0.016 V           ; 0.22 V                              ; 0.025 V                             ; 3.06e-10 s                 ; 3.3e-10 s                  ; Yes                       ; Yes                       ;
; d[20]         ; 2.5 V        ; 0 s                 ; 0 s                 ; 2.32 V                       ; 4.44e-09 V                   ; 2.38 V              ; -0.0145 V           ; 0.169 V                              ; 0.026 V                              ; 4.83e-10 s                  ; 4.71e-10 s                  ; Yes                        ; Yes                        ; 2.32 V                      ; 4.44e-09 V                  ; 2.38 V             ; -0.0145 V          ; 0.169 V                             ; 0.026 V                             ; 4.83e-10 s                 ; 4.71e-10 s                 ; Yes                       ; Yes                       ;
; d[21]         ; 2.5 V        ; 0 s                 ; 0 s                 ; 2.32 V                       ; 5.95e-09 V                   ; 2.38 V              ; -0.016 V            ; 0.22 V                               ; 0.025 V                              ; 3.06e-10 s                  ; 3.3e-10 s                   ; Yes                        ; Yes                        ; 2.32 V                      ; 5.95e-09 V                  ; 2.38 V             ; -0.016 V           ; 0.22 V                              ; 0.025 V                             ; 3.06e-10 s                 ; 3.3e-10 s                  ; Yes                       ; Yes                       ;
; d[22]         ; 2.5 V        ; 0 s                 ; 0 s                 ; 2.32 V                       ; 5.95e-09 V                   ; 2.38 V              ; -0.016 V            ; 0.22 V                               ; 0.025 V                              ; 3.06e-10 s                  ; 3.3e-10 s                   ; Yes                        ; Yes                        ; 2.32 V                      ; 5.95e-09 V                  ; 2.38 V             ; -0.016 V           ; 0.22 V                              ; 0.025 V                             ; 3.06e-10 s                 ; 3.3e-10 s                  ; Yes                       ; Yes                       ;
; d[23]         ; 2.5 V        ; 0 s                 ; 0 s                 ; 2.32 V                       ; 5.95e-09 V                   ; 2.33 V              ; -0.00616 V          ; 0.191 V                              ; 0.099 V                              ; 2.83e-09 s                  ; 2.56e-09 s                  ; No                         ; Yes                        ; 2.32 V                      ; 5.95e-09 V                  ; 2.33 V             ; -0.00616 V         ; 0.191 V                             ; 0.099 V                             ; 2.83e-09 s                 ; 2.56e-09 s                 ; No                        ; Yes                       ;
; d[24]         ; 2.5 V        ; 0 s                 ; 0 s                 ; 2.32 V                       ; 4.44e-09 V                   ; 2.38 V              ; -0.0145 V           ; 0.169 V                              ; 0.026 V                              ; 4.83e-10 s                  ; 4.71e-10 s                  ; Yes                        ; Yes                        ; 2.32 V                      ; 4.44e-09 V                  ; 2.38 V             ; -0.0145 V          ; 0.169 V                             ; 0.026 V                             ; 4.83e-10 s                 ; 4.71e-10 s                 ; Yes                       ; Yes                       ;
; d[25]         ; 2.5 V        ; 0 s                 ; 0 s                 ; 2.32 V                       ; 4.44e-09 V                   ; 2.39 V              ; -0.0265 V           ; 0.2 V                                ; 0.033 V                              ; 2.94e-10 s                  ; 3.12e-10 s                  ; Yes                        ; Yes                        ; 2.32 V                      ; 4.44e-09 V                  ; 2.39 V             ; -0.0265 V          ; 0.2 V                               ; 0.033 V                             ; 2.94e-10 s                 ; 3.12e-10 s                 ; Yes                       ; Yes                       ;
; d[26]         ; 2.5 V        ; 0 s                 ; 0 s                 ; 2.32 V                       ; 5.95e-09 V                   ; 2.33 V              ; -0.00616 V          ; 0.191 V                              ; 0.099 V                              ; 2.83e-09 s                  ; 2.56e-09 s                  ; No                         ; Yes                        ; 2.32 V                      ; 5.95e-09 V                  ; 2.33 V             ; -0.00616 V         ; 0.191 V                             ; 0.099 V                             ; 2.83e-09 s                 ; 2.56e-09 s                 ; No                        ; Yes                       ;
; d[27]         ; 2.5 V        ; 0 s                 ; 0 s                 ; 2.32 V                       ; 5.95e-09 V                   ; 2.38 V              ; -0.016 V            ; 0.22 V                               ; 0.025 V                              ; 3.06e-10 s                  ; 3.3e-10 s                   ; Yes                        ; Yes                        ; 2.32 V                      ; 5.95e-09 V                  ; 2.38 V             ; -0.016 V           ; 0.22 V                              ; 0.025 V                             ; 3.06e-10 s                 ; 3.3e-10 s                  ; Yes                       ; Yes                       ;
; d[28]         ; 2.5 V        ; 0 s                 ; 0 s                 ; 2.32 V                       ; 5.95e-09 V                   ; 2.38 V              ; -0.016 V            ; 0.22 V                               ; 0.025 V                              ; 3.06e-10 s                  ; 3.3e-10 s                   ; Yes                        ; Yes                        ; 2.32 V                      ; 5.95e-09 V                  ; 2.38 V             ; -0.016 V           ; 0.22 V                              ; 0.025 V                             ; 3.06e-10 s                 ; 3.3e-10 s                  ; Yes                       ; Yes                       ;
; d[29]         ; 2.5 V        ; 0 s                 ; 0 s                 ; 2.32 V                       ; 4.44e-09 V                   ; 2.38 V              ; -0.0145 V           ; 0.169 V                              ; 0.026 V                              ; 4.83e-10 s                  ; 4.71e-10 s                  ; Yes                        ; Yes                        ; 2.32 V                      ; 4.44e-09 V                  ; 2.38 V             ; -0.0145 V          ; 0.169 V                             ; 0.026 V                             ; 4.83e-10 s                 ; 4.71e-10 s                 ; Yes                       ; Yes                       ;
; d[30]         ; 2.5 V        ; 0 s                 ; 0 s                 ; 2.32 V                       ; 5.95e-09 V                   ; 2.38 V              ; -0.016 V            ; 0.22 V                               ; 0.025 V                              ; 3.06e-10 s                  ; 3.3e-10 s                   ; Yes                        ; Yes                        ; 2.32 V                      ; 5.95e-09 V                  ; 2.38 V             ; -0.016 V           ; 0.22 V                              ; 0.025 V                             ; 3.06e-10 s                 ; 3.3e-10 s                  ; Yes                       ; Yes                       ;
; d[31]         ; 2.5 V        ; 0 s                 ; 0 s                 ; 2.32 V                       ; 4.44e-09 V                   ; 2.38 V              ; -0.0145 V           ; 0.169 V                              ; 0.026 V                              ; 4.83e-10 s                  ; 4.71e-10 s                  ; Yes                        ; Yes                        ; 2.32 V                      ; 4.44e-09 V                  ; 2.38 V             ; -0.0145 V          ; 0.169 V                             ; 0.026 V                             ; 4.83e-10 s                 ; 4.71e-10 s                 ; Yes                       ; Yes                       ;
; flags[0]      ; 2.5 V        ; 0 s                 ; 0 s                 ; 2.32 V                       ; 5.95e-09 V                   ; 2.38 V              ; -0.016 V            ; 0.22 V                               ; 0.025 V                              ; 3.06e-10 s                  ; 3.3e-10 s                   ; Yes                        ; Yes                        ; 2.32 V                      ; 5.95e-09 V                  ; 2.38 V             ; -0.016 V           ; 0.22 V                              ; 0.025 V                             ; 3.06e-10 s                 ; 3.3e-10 s                  ; Yes                       ; Yes                       ;
; flags[1]      ; 2.5 V        ; 0 s                 ; 0 s                 ; 2.32 V                       ; 4.44e-09 V                   ; 2.38 V              ; -0.0145 V           ; 0.169 V                              ; 0.026 V                              ; 4.83e-10 s                  ; 4.71e-10 s                  ; Yes                        ; Yes                        ; 2.32 V                      ; 4.44e-09 V                  ; 2.38 V             ; -0.0145 V          ; 0.169 V                             ; 0.026 V                             ; 4.83e-10 s                 ; 4.71e-10 s                 ; Yes                       ; Yes                       ;
; flags[2]      ; 2.5 V        ; 0 s                 ; 0 s                 ; 2.32 V                       ; 5.95e-09 V                   ; 2.38 V              ; -0.016 V            ; 0.22 V                               ; 0.025 V                              ; 3.06e-10 s                  ; 3.3e-10 s                   ; Yes                        ; Yes                        ; 2.32 V                      ; 5.95e-09 V                  ; 2.38 V             ; -0.016 V           ; 0.22 V                              ; 0.025 V                             ; 3.06e-10 s                 ; 3.3e-10 s                  ; Yes                       ; Yes                       ;
; flags[3]      ; 2.5 V        ; 0 s                 ; 0 s                 ; 2.32 V                       ; 5.95e-09 V                   ; 2.38 V              ; -0.016 V            ; 0.22 V                               ; 0.025 V                              ; 3.06e-10 s                  ; 3.3e-10 s                   ; Yes                        ; Yes                        ; 2.32 V                      ; 5.95e-09 V                  ; 2.38 V             ; -0.016 V           ; 0.22 V                              ; 0.025 V                             ; 3.06e-10 s                 ; 3.3e-10 s                  ; Yes                       ; Yes                       ;
; flags[4]      ; 2.5 V        ; 0 s                 ; 0 s                 ; 2.32 V                       ; 4.44e-09 V                   ; 2.38 V              ; -0.0145 V           ; 0.169 V                              ; 0.026 V                              ; 4.83e-10 s                  ; 4.71e-10 s                  ; Yes                        ; Yes                        ; 2.32 V                      ; 4.44e-09 V                  ; 2.38 V             ; -0.0145 V          ; 0.169 V                             ; 0.026 V                             ; 4.83e-10 s                 ; 4.71e-10 s                 ; Yes                       ; Yes                       ;
; ~ALTERA_DCLK~ ; 2.5 V        ; 0 s                 ; 0 s                 ; 2.32 V                       ; 3.45e-09 V                   ; 2.38 V              ; -0.0609 V           ; 0.148 V                              ; 0.095 V                              ; 2.82e-10 s                  ; 2.59e-10 s                  ; Yes                        ; Yes                        ; 2.32 V                      ; 3.45e-09 V                  ; 2.38 V             ; -0.0609 V          ; 0.148 V                             ; 0.095 V                             ; 2.82e-10 s                 ; 2.59e-10 s                 ; Yes                       ; Yes                       ;
; ~ALTERA_nCEO~ ; 2.5 V        ; 0 s                 ; 0 s                 ; 2.32 V                       ; 5.61e-09 V                   ; 2.38 V              ; -0.00274 V          ; 0.141 V                              ; 0.006 V                              ; 4.7e-10 s                   ; 6.02e-10 s                  ; Yes                        ; Yes                        ; 2.32 V                      ; 5.61e-09 V                  ; 2.38 V             ; -0.00274 V         ; 0.141 V                             ; 0.006 V                             ; 4.7e-10 s                  ; 6.02e-10 s                 ; Yes                       ; Yes                       ;
+---------------+--------------+---------------------+---------------------+------------------------------+------------------------------+---------------------+---------------------+--------------------------------------+--------------------------------------+-----------------------------+-----------------------------+----------------------------+----------------------------+-----------------------------+-----------------------------+--------------------+--------------------+-------------------------------------+-------------------------------------+----------------------------+----------------------------+---------------------------+---------------------------+


+--------------------------------------------------------------------------------------------------------------------------------------------------------------------------------------------------------------------------------------------------------------------------------------------------------------------------------------------------------------------------------------------------------------------------------------------------------------------------------------------------------------------------------------------------------------------------------------------------------------------------------------------------------------------------------------------+
; Signal Integrity Metrics (Slow 1200mv 85c Model)                                                                                                                                                                                                                                                                                                                                                                                                                                                                                                                                                                                                                                           ;
+---------------+--------------+---------------------+---------------------+------------------------------+------------------------------+---------------------+---------------------+--------------------------------------+--------------------------------------+-----------------------------+-----------------------------+----------------------------+----------------------------+-----------------------------+-----------------------------+--------------------+--------------------+-------------------------------------+-------------------------------------+----------------------------+----------------------------+---------------------------+---------------------------+
; Pin           ; I/O Standard ; Board Delay on Rise ; Board Delay on Fall ; Steady State Voh at FPGA Pin ; Steady State Vol at FPGA Pin ; Voh Max at FPGA Pin ; Vol Min at FPGA Pin ; Ringback Voltage on Rise at FPGA Pin ; Ringback Voltage on Fall at FPGA Pin ; 10-90 Rise Time at FPGA Pin ; 90-10 Fall Time at FPGA Pin ; Monotonic Rise at FPGA Pin ; Monotonic Fall at FPGA Pin ; Steady State Voh at Far-end ; Steady State Vol at Far-end ; Voh Max at Far-end ; Vol Min at Far-end ; Ringback Voltage on Rise at Far-end ; Ringback Voltage on Fall at Far-end ; 10-90 Rise Time at Far-end ; 90-10 Fall Time at Far-end ; Monotonic Rise at Far-end ; Monotonic Fall at Far-end ;
+---------------+--------------+---------------------+---------------------+------------------------------+------------------------------+---------------------+---------------------+--------------------------------------+--------------------------------------+-----------------------------+-----------------------------+----------------------------+----------------------------+-----------------------------+-----------------------------+--------------------+--------------------+-------------------------------------+-------------------------------------+----------------------------+----------------------------+---------------------------+---------------------------+
; out_valid     ; 2.5 V        ; 0 s                 ; 0 s                 ; 2.32 V                       ; 1.06e-06 V                   ; 2.36 V              ; -0.00724 V          ; 0.107 V                              ; 0.02 V                               ; 4.5e-10 s                   ; 4.25e-10 s                  ; Yes                        ; Yes                        ; 2.32 V                      ; 1.06e-06 V                  ; 2.36 V             ; -0.00724 V         ; 0.107 V                             ; 0.02 V                              ; 4.5e-10 s                  ; 4.25e-10 s                 ; Yes                       ; Yes                       ;
; d[0]          ; 2.5 V        ; 0 s                 ; 0 s                 ; 2.32 V                       ; 7.16e-07 V                   ; 2.35 V              ; -0.00832 V          ; 0.101 V                              ; 0.024 V                              ; 6.39e-10 s                  ; 6e-10 s                     ; Yes                        ; Yes                        ; 2.32 V                      ; 7.16e-07 V                  ; 2.35 V             ; -0.00832 V         ; 0.101 V                             ; 0.024 V                             ; 6.39e-10 s                 ; 6e-10 s                    ; Yes                       ; Yes                       ;
; d[1]          ; 2.5 V        ; 0 s                 ; 0 s                 ; 2.32 V                       ; 1.06e-06 V                   ; 2.36 V              ; -0.00724 V          ; 0.107 V                              ; 0.02 V                               ; 4.5e-10 s                   ; 4.25e-10 s                  ; Yes                        ; Yes                        ; 2.32 V                      ; 1.06e-06 V                  ; 2.36 V             ; -0.00724 V         ; 0.107 V                             ; 0.02 V                              ; 4.5e-10 s                  ; 4.25e-10 s                 ; Yes                       ; Yes                       ;
; d[2]          ; 2.5 V        ; 0 s                 ; 0 s                 ; 2.32 V                       ; 1.06e-06 V                   ; 2.36 V              ; -0.00724 V          ; 0.107 V                              ; 0.02 V                               ; 4.5e-10 s                   ; 4.25e-10 s                  ; Yes                        ; Yes                        ; 2.32 V                      ; 1.06e-06 V                  ; 2.36 V             ; -0.00724 V         ; 0.107 V                             ; 0.02 V                              ; 4.5e-10 s                  ; 4.25e-10 s                 ; Yes                       ; Yes                       ;
; d[3]          ; 2.5 V        ; 0 s                 ; 0 s                 ; 2.32 V                       ; 1.06e-06 V                   ; 2.36 V              ; -0.00724 V          ; 0.107 V                              ; 0.02 V                               ; 4.5e-10 s                   ; 4.25e-10 s                  ; Yes                        ; Yes                        ; 2.32 V                      ; 1.06e-06 V                  ; 2.36 V             ; -0.00724 V         ; 0.107 V                             ; 0.02 V                              ; 4.5e-10 s                  ; 4.25e-10 s                 ; Yes                       ; Yes                       ;
; d[4]          ; 2.5 V        ; 0 s                 ; 0 s                 ; 2.32 V                       ; 7.16e-07 V                   ; 2.35 V              ; -0.00832 V          ; 0.101 V                              ; 0.024 V                              ; 6.39e-10 s                  ; 6e-10 s                     ; Yes                        ; Yes                        ; 2.32 V                      ; 7.16e-07 V                  ; 2.35 V             ; -0.00832 V         ; 0.101 V                             ; 0.024 V                             ; 6.39e-10 s                 ; 6e-10 s                    ; Yes                       ; Yes                       ;
; d[5]          ; 2.5 V        ; 0 s                 ; 0 s                 ; 2.32 V                       ; 1.06e-06 V                   ; 2.36 V              ; -0.00724 V          ; 0.107 V                              ; 0.02 V                               ; 4.5e-10 s                   ; 4.25e-10 s                  ; Yes                        ; Yes                        ; 2.32 V                      ; 1.06e-06 V                  ; 2.36 V             ; -0.00724 V         ; 0.107 V                             ; 0.02 V                              ; 4.5e-10 s                  ; 4.25e-10 s                 ; Yes                       ; Yes                       ;
; d[6]          ; 2.5 V        ; 0 s                 ; 0 s                 ; 2.32 V                       ; 7.16e-07 V                   ; 2.33 V              ; -0.00349 V          ; 0.163 V                              ; 0.074 V                              ; 3.33e-09 s                  ; 3.14e-09 s                  ; Yes                        ; Yes                        ; 2.32 V                      ; 7.16e-07 V                  ; 2.33 V             ; -0.00349 V         ; 0.163 V                             ; 0.074 V                             ; 3.33e-09 s                 ; 3.14e-09 s                 ; Yes                       ; Yes                       ;
; d[7]          ; 2.5 V        ; 0 s                 ; 0 s                 ; 2.32 V                       ; 7.16e-07 V                   ; 2.35 V              ; -0.00832 V          ; 0.101 V                              ; 0.024 V                              ; 6.39e-10 s                  ; 6e-10 s                     ; Yes                        ; Yes                        ; 2.32 V                      ; 7.16e-07 V                  ; 2.35 V             ; -0.00832 V         ; 0.101 V                             ; 0.024 V                             ; 6.39e-10 s                 ; 6e-10 s                    ; Yes                       ; Yes                       ;
; d[8]          ; 2.5 V        ; 0 s                 ; 0 s                 ; 2.32 V                       ; 7.16e-07 V                   ; 2.36 V              ; -0.00476 V          ; 0.096 V                              ; 0.013 V                              ; 4.39e-10 s                  ; 4.15e-10 s                  ; Yes                        ; Yes                        ; 2.32 V                      ; 7.16e-07 V                  ; 2.36 V             ; -0.00476 V         ; 0.096 V                             ; 0.013 V                             ; 4.39e-10 s                 ; 4.15e-10 s                 ; Yes                       ; Yes                       ;
; d[9]          ; 2.5 V        ; 0 s                 ; 0 s                 ; 2.32 V                       ; 1.06e-06 V                   ; 2.36 V              ; -0.00724 V          ; 0.107 V                              ; 0.02 V                               ; 4.5e-10 s                   ; 4.25e-10 s                  ; Yes                        ; Yes                        ; 2.32 V                      ; 1.06e-06 V                  ; 2.36 V             ; -0.00724 V         ; 0.107 V                             ; 0.02 V                              ; 4.5e-10 s                  ; 4.25e-10 s                 ; Yes                       ; Yes                       ;
; d[10]         ; 2.5 V        ; 0 s                 ; 0 s                 ; 2.32 V                       ; 1.06e-06 V                   ; 2.36 V              ; -0.00724 V          ; 0.107 V                              ; 0.02 V                               ; 4.5e-10 s                   ; 4.25e-10 s                  ; Yes                        ; Yes                        ; 2.32 V                      ; 1.06e-06 V                  ; 2.36 V             ; -0.00724 V         ; 0.107 V                             ; 0.02 V                              ; 4.5e-10 s                  ; 4.25e-10 s                 ; Yes                       ; Yes                       ;
; d[11]         ; 2.5 V        ; 0 s                 ; 0 s                 ; 2.32 V                       ; 7.16e-07 V                   ; 2.35 V              ; -0.00832 V          ; 0.101 V                              ; 0.024 V                              ; 6.39e-10 s                  ; 6e-10 s                     ; Yes                        ; Yes                        ; 2.32 V                      ; 7.16e-07 V                  ; 2.35 V             ; -0.00832 V         ; 0.101 V                             ; 0.024 V                             ; 6.39e-10 s                 ; 6e-10 s                    ; Yes                       ; Yes                       ;
; d[12]         ; 2.5 V        ; 0 s                 ; 0 s                 ; 2.32 V                       ; 7.16e-07 V                   ; 2.35 V              ; -0.00832 V          ; 0.101 V                              ; 0.024 V                              ; 6.39e-10 s                  ; 6e-10 s                     ; Yes                        ; Yes                        ; 2.32 V                      ; 7.16e-07 V                  ; 2.35 V             ; -0.00832 V         ; 0.101 V                             ; 0.024 V                             ; 6.39e-10 s                 ; 6e-10 s                    ; Yes                       ; Yes                       ;
; d[13]         ; 2.5 V        ; 0 s                 ; 0 s                 ; 2.32 V                       ; 7.16e-07 V                   ; 2.35 V              ; -0.00832 V          ; 0.101 V                              ; 0.024 V                              ; 6.39e-10 s                  ; 6e-10 s                     ; Yes                        ; Yes                        ; 2.32 V                      ; 7.16e-07 V                  ; 2.35 V             ; -0.00832 V         ; 0.101 V                             ; 0.024 V                             ; 6.39e-10 s                 ; 6e-10 s                    ; Yes                       ; Yes                       ;
; d[14]         ; 2.5 V        ; 0 s                 ; 0 s                 ; 2.32 V                       ; 1.06e-06 V                   ; 2.36 V              ; -0.00724 V          ; 0.107 V                              ; 0.02 V                               ; 4.5e-10 s                   ; 4.25e-10 s                  ; Yes                        ; Yes                        ; 2.32 V                      ; 1.06e-06 V                  ; 2.36 V             ; -0.00724 V         ; 0.107 V                             ; 0.02 V                              ; 4.5e-10 s                  ; 4.25e-10 s                 ; Yes                       ; Yes                       ;
; d[15]         ; 2.5 V        ; 0 s                 ; 0 s                 ; 2.32 V                       ; 1.06e-06 V                   ; 2.36 V              ; -0.00724 V          ; 0.107 V                              ; 0.02 V                               ; 4.5e-10 s                   ; 4.25e-10 s                  ; Yes                        ; Yes                        ; 2.32 V                      ; 1.06e-06 V                  ; 2.36 V             ; -0.00724 V         ; 0.107 V                             ; 0.02 V                              ; 4.5e-10 s                  ; 4.25e-10 s                 ; Yes                       ; Yes                       ;
; d[16]         ; 2.5 V        ; 0 s                 ; 0 s                 ; 2.32 V                       ; 1.06e-06 V                   ; 2.36 V              ; -0.00724 V          ; 0.107 V                              ; 0.02 V                               ; 4.5e-10 s                   ; 4.25e-10 s                  ; Yes                        ; Yes                        ; 2.32 V                      ; 1.06e-06 V                  ; 2.36 V             ; -0.00724 V         ; 0.107 V                             ; 0.02 V                              ; 4.5e-10 s                  ; 4.25e-10 s                 ; Yes                       ; Yes                       ;
; d[17]         ; 2.5 V        ; 0 s                 ; 0 s                 ; 2.32 V                       ; 7.16e-07 V                   ; 2.35 V              ; -0.00832 V          ; 0.101 V                              ; 0.024 V                              ; 6.39e-10 s                  ; 6e-10 s                     ; Yes                        ; Yes                        ; 2.32 V                      ; 7.16e-07 V                  ; 2.35 V             ; -0.00832 V         ; 0.101 V                             ; 0.024 V                             ; 6.39e-10 s                 ; 6e-10 s                    ; Yes                       ; Yes                       ;
; d[18]         ; 2.5 V        ; 0 s                 ; 0 s                 ; 2.32 V                       ; 1.06e-06 V                   ; 2.36 V              ; -0.00724 V          ; 0.107 V                              ; 0.02 V                               ; 4.5e-10 s                   ; 4.25e-10 s                  ; Yes                        ; Yes                        ; 2.32 V                      ; 1.06e-06 V                  ; 2.36 V             ; -0.00724 V         ; 0.107 V                             ; 0.02 V                              ; 4.5e-10 s                  ; 4.25e-10 s                 ; Yes                       ; Yes                       ;
; d[19]         ; 2.5 V        ; 0 s                 ; 0 s                 ; 2.32 V                       ; 1.06e-06 V                   ; 2.36 V              ; -0.00724 V          ; 0.107 V                              ; 0.02 V                               ; 4.5e-10 s                   ; 4.25e-10 s                  ; Yes                        ; Yes                        ; 2.32 V                      ; 1.06e-06 V                  ; 2.36 V             ; -0.00724 V         ; 0.107 V                             ; 0.02 V                              ; 4.5e-10 s                  ; 4.25e-10 s                 ; Yes                       ; Yes                       ;
; d[20]         ; 2.5 V        ; 0 s                 ; 0 s                 ; 2.32 V                       ; 7.16e-07 V                   ; 2.35 V              ; -0.00832 V          ; 0.101 V                              ; 0.024 V                              ; 6.39e-10 s                  ; 6e-10 s                     ; Yes                        ; Yes                        ; 2.32 V                      ; 7.16e-07 V                  ; 2.35 V             ; -0.00832 V         ; 0.101 V                             ; 0.024 V                             ; 6.39e-10 s                 ; 6e-10 s                    ; Yes                       ; Yes                       ;
; d[21]         ; 2.5 V        ; 0 s                 ; 0 s                 ; 2.32 V                       ; 1.06e-06 V                   ; 2.36 V              ; -0.00724 V          ; 0.107 V                              ; 0.02 V                               ; 4.5e-10 s                   ; 4.25e-10 s                  ; Yes                        ; Yes                        ; 2.32 V                      ; 1.06e-06 V                  ; 2.36 V             ; -0.00724 V         ; 0.107 V                             ; 0.02 V                              ; 4.5e-10 s                  ; 4.25e-10 s                 ; Yes                       ; Yes                       ;
; d[22]         ; 2.5 V        ; 0 s                 ; 0 s                 ; 2.32 V                       ; 1.06e-06 V                   ; 2.36 V              ; -0.00724 V          ; 0.107 V                              ; 0.02 V                               ; 4.5e-10 s                   ; 4.25e-10 s                  ; Yes                        ; Yes                        ; 2.32 V                      ; 1.06e-06 V                  ; 2.36 V             ; -0.00724 V         ; 0.107 V                             ; 0.02 V                              ; 4.5e-10 s                  ; 4.25e-10 s                 ; Yes                       ; Yes                       ;
; d[23]         ; 2.5 V        ; 0 s                 ; 0 s                 ; 2.32 V                       ; 1.06e-06 V                   ; 2.33 V              ; -0.00344 V          ; 0.134 V                              ; 0.075 V                              ; 3.33e-09 s                  ; 3.16e-09 s                  ; Yes                        ; Yes                        ; 2.32 V                      ; 1.06e-06 V                  ; 2.33 V             ; -0.00344 V         ; 0.134 V                             ; 0.075 V                             ; 3.33e-09 s                 ; 3.16e-09 s                 ; Yes                       ; Yes                       ;
; d[24]         ; 2.5 V        ; 0 s                 ; 0 s                 ; 2.32 V                       ; 7.16e-07 V                   ; 2.35 V              ; -0.00832 V          ; 0.101 V                              ; 0.024 V                              ; 6.39e-10 s                  ; 6e-10 s                     ; Yes                        ; Yes                        ; 2.32 V                      ; 7.16e-07 V                  ; 2.35 V             ; -0.00832 V         ; 0.101 V                             ; 0.024 V                             ; 6.39e-10 s                 ; 6e-10 s                    ; Yes                       ; Yes                       ;
; d[25]         ; 2.5 V        ; 0 s                 ; 0 s                 ; 2.32 V                       ; 7.16e-07 V                   ; 2.36 V              ; -0.00476 V          ; 0.096 V                              ; 0.013 V                              ; 4.39e-10 s                  ; 4.15e-10 s                  ; Yes                        ; Yes                        ; 2.32 V                      ; 7.16e-07 V                  ; 2.36 V             ; -0.00476 V         ; 0.096 V                             ; 0.013 V                             ; 4.39e-10 s                 ; 4.15e-10 s                 ; Yes                       ; Yes                       ;
; d[26]         ; 2.5 V        ; 0 s                 ; 0 s                 ; 2.32 V                       ; 1.06e-06 V                   ; 2.33 V              ; -0.00344 V          ; 0.134 V                              ; 0.075 V                              ; 3.33e-09 s                  ; 3.16e-09 s                  ; Yes                        ; Yes                        ; 2.32 V                      ; 1.06e-06 V                  ; 2.33 V             ; -0.00344 V         ; 0.134 V                             ; 0.075 V                             ; 3.33e-09 s                 ; 3.16e-09 s                 ; Yes                       ; Yes                       ;
; d[27]         ; 2.5 V        ; 0 s                 ; 0 s                 ; 2.32 V                       ; 1.06e-06 V                   ; 2.36 V              ; -0.00724 V          ; 0.107 V                              ; 0.02 V                               ; 4.5e-10 s                   ; 4.25e-10 s                  ; Yes                        ; Yes                        ; 2.32 V                      ; 1.06e-06 V                  ; 2.36 V             ; -0.00724 V         ; 0.107 V                             ; 0.02 V                              ; 4.5e-10 s                  ; 4.25e-10 s                 ; Yes                       ; Yes                       ;
; d[28]         ; 2.5 V        ; 0 s                 ; 0 s                 ; 2.32 V                       ; 1.06e-06 V                   ; 2.36 V              ; -0.00724 V          ; 0.107 V                              ; 0.02 V                               ; 4.5e-10 s                   ; 4.25e-10 s                  ; Yes                        ; Yes                        ; 2.32 V                      ; 1.06e-06 V                  ; 2.36 V             ; -0.00724 V         ; 0.107 V                             ; 0.02 V                              ; 4.5e-10 s                  ; 4.25e-10 s                 ; Yes                       ; Yes                       ;
; d[29]         ; 2.5 V        ; 0 s                 ; 0 s                 ; 2.32 V                       ; 7.16e-07 V                   ; 2.35 V              ; -0.00832 V          ; 0.101 V                              ; 0.024 V                              ; 6.39e-10 s                  ; 6e-10 s                     ; Yes                        ; Yes                        ; 2.32 V                      ; 7.16e-07 V                  ; 2.35 V             ; -0.00832 V         ; 0.101 V                             ; 0.024 V                             ; 6.39e-10 s                 ; 6e-10 s                    ; Yes                       ; Yes                       ;
; d[30]         ; 2.5 V        ; 0 s                 ; 0 s                 ; 2.32 V                       ; 1.06e-06 V                   ; 2.36 V              ; -0.00724 V          ; 0.107 V                              ; 0.02 V                               ; 4.5e-10 s                   ; 4.25e-10 s                  ; Yes                        ; Yes                        ; 2.32 V                      ; 1.06e-06 V                  ; 2.36 V             ; -0.00724 V         ; 0.107 V                             ; 0.02 V                              ; 4.5e-10 s                  ; 4.25e-10 s                 ; Yes                       ; Yes                       ;
; d[31]         ; 2.5 V        ; 0 s                 ; 0 s                 ; 2.32 V                       ; 7.16e-07 V                   ; 2.35 V              ; -0.00832 V          ; 0.101 V                              ; 0.024 V                              ; 6.39e-10 s                  ; 6e-10 s                     ; Yes                        ; Yes                        ; 2.32 V                      ; 7.16e-07 V                  ; 2.35 V             ; -0.00832 V         ; 0.101 V                             ; 0.024 V                             ; 6.39e-10 s                 ; 6e-10 s                    ; Yes                       ; Yes                       ;
; flags[0]      ; 2.5 V        ; 0 s                 ; 0 s                 ; 2.32 V                       ; 1.06e-06 V                   ; 2.36 V              ; -0.00724 V          ; 0.107 V                              ; 0.02 V                               ; 4.5e-10 s                   ; 4.25e-10 s                  ; Yes                        ; Yes                        ; 2.32 V                      ; 1.06e-06 V                  ; 2.36 V             ; -0.00724 V         ; 0.107 V                             ; 0.02 V                              ; 4.5e-10 s                  ; 4.25e-10 s                 ; Yes                       ; Yes                       ;
; flags[1]      ; 2.5 V        ; 0 s                 ; 0 s                 ; 2.32 V                       ; 7.16e-07 V                   ; 2.35 V              ; -0.00832 V          ; 0.101 V                              ; 0.024 V                              ; 6.39e-10 s                  ; 6e-10 s                     ; Yes                        ; Yes                        ; 2.32 V                      ; 7.16e-07 V                  ; 2.35 V             ; -0.00832 V         ; 0.101 V                             ; 0.024 V                             ; 6.39e-10 s                 ; 6e-10 s                    ; Yes                       ; Yes                       ;
; flags[2]      ; 2.5 V        ; 0 s                 ; 0 s                 ; 2.32 V                       ; 1.06e-06 V                   ; 2.36 V              ; -0.00724 V          ; 0.107 V                              ; 0.02 V                               ; 4.5e-10 s                   ; 4.25e-10 s                  ; Yes                        ; Yes                        ; 2.32 V                      ; 1.06e-06 V                  ; 2.36 V             ; -0.00724 V         ; 0.107 V                             ; 0.02 V                              ; 4.5e-10 s                  ; 4.25e-10 s                 ; Yes                       ; Yes                       ;
; flags[3]      ; 2.5 V        ; 0 s                 ; 0 s                 ; 2.32 V                       ; 1.06e-06 V                   ; 2.36 V              ; -0.00724 V          ; 0.107 V                              ; 0.02 V                               ; 4.5e-10 s                   ; 4.25e-10 s                  ; Yes                        ; Yes                        ; 2.32 V                      ; 1.06e-06 V                  ; 2.36 V             ; -0.00724 V         ; 0.107 V                             ; 0.02 V                              ; 4.5e-10 s                  ; 4.25e-10 s                 ; Yes                       ; Yes                       ;
; flags[4]      ; 2.5 V        ; 0 s                 ; 0 s                 ; 2.32 V                       ; 7.16e-07 V                   ; 2.35 V              ; -0.00832 V          ; 0.101 V                              ; 0.024 V                              ; 6.39e-10 s                  ; 6e-10 s                     ; Yes                        ; Yes                        ; 2.32 V                      ; 7.16e-07 V                  ; 2.35 V             ; -0.00832 V         ; 0.101 V                             ; 0.024 V                             ; 6.39e-10 s                 ; 6e-10 s                    ; Yes                       ; Yes                       ;
; ~ALTERA_DCLK~ ; 2.5 V        ; 0 s                 ; 0 s                 ; 2.32 V                       ; 5.74e-07 V                   ; 2.36 V              ; -0.0201 V           ; 0.072 V                              ; 0.033 V                              ; 4.04e-10 s                  ; 3.29e-10 s                  ; Yes                        ; Yes                        ; 2.32 V                      ; 5.74e-07 V                  ; 2.36 V             ; -0.0201 V          ; 0.072 V                             ; 0.033 V                             ; 4.04e-10 s                 ; 3.29e-10 s                 ; Yes                       ; Yes                       ;
; ~ALTERA_nCEO~ ; 2.5 V        ; 0 s                 ; 0 s                 ; 2.32 V                       ; 9.45e-07 V                   ; 2.35 V              ; -0.00643 V          ; 0.081 V                              ; 0.031 V                              ; 5.31e-10 s                  ; 7.59e-10 s                  ; Yes                        ; Yes                        ; 2.32 V                      ; 9.45e-07 V                  ; 2.35 V             ; -0.00643 V         ; 0.081 V                             ; 0.031 V                             ; 5.31e-10 s                 ; 7.59e-10 s                 ; Yes                       ; Yes                       ;
+---------------+--------------+---------------------+---------------------+------------------------------+------------------------------+---------------------+---------------------+--------------------------------------+--------------------------------------+-----------------------------+-----------------------------+----------------------------+----------------------------+-----------------------------+-----------------------------+--------------------+--------------------+-------------------------------------+-------------------------------------+----------------------------+----------------------------+---------------------------+---------------------------+


+--------------------------------------------------------------------------------------------------------------------------------------------------------------------------------------------------------------------------------------------------------------------------------------------------------------------------------------------------------------------------------------------------------------------------------------------------------------------------------------------------------------------------------------------------------------------------------------------------------------------------------------------------------------------------------------------+
; Signal Integrity Metrics (Fast 1200mv 0c Model)                                                                                                                                                                                                                                                                                                                                                                                                                                                                                                                                                                                                                                            ;
+---------------+--------------+---------------------+---------------------+------------------------------+------------------------------+---------------------+---------------------+--------------------------------------+--------------------------------------+-----------------------------+-----------------------------+----------------------------+----------------------------+-----------------------------+-----------------------------+--------------------+--------------------+-------------------------------------+-------------------------------------+----------------------------+----------------------------+---------------------------+---------------------------+
; Pin           ; I/O Standard ; Board Delay on Rise ; Board Delay on Fall ; Steady State Voh at FPGA Pin ; Steady State Vol at FPGA Pin ; Voh Max at FPGA Pin ; Vol Min at FPGA Pin ; Ringback Voltage on Rise at FPGA Pin ; Ringback Voltage on Fall at FPGA Pin ; 10-90 Rise Time at FPGA Pin ; 90-10 Fall Time at FPGA Pin ; Monotonic Rise at FPGA Pin ; Monotonic Fall at FPGA Pin ; Steady State Voh at Far-end ; Steady State Vol at Far-end ; Voh Max at Far-end ; Vol Min at Far-end ; Ringback Voltage on Rise at Far-end ; Ringback Voltage on Fall at Far-end ; 10-90 Rise Time at Far-end ; 90-10 Fall Time at Far-end ; Monotonic Rise at Far-end ; Monotonic Fall at Far-end ;
+---------------+--------------+---------------------+---------------------+------------------------------+------------------------------+---------------------+---------------------+--------------------------------------+--------------------------------------+-----------------------------+-----------------------------+----------------------------+----------------------------+-----------------------------+-----------------------------+--------------------+--------------------+-------------------------------------+-------------------------------------+----------------------------+----------------------------+---------------------------+---------------------------+
; out_valid     ; 2.5 V        ; 0 s                 ; 0 s                 ; 2.62 V                       ; 4.05e-08 V                   ; 2.72 V              ; -0.0349 V           ; 0.173 V                              ; 0.1 V                                ; 2.72e-10 s                  ; 2.69e-10 s                  ; Yes                        ; Yes                        ; 2.62 V                      ; 4.05e-08 V                  ; 2.72 V             ; -0.0349 V          ; 0.173 V                             ; 0.1 V                               ; 2.72e-10 s                 ; 2.69e-10 s                 ; Yes                       ; Yes                       ;
; d[0]          ; 2.5 V        ; 0 s                 ; 0 s                 ; 2.62 V                       ; 2.74e-08 V                   ; 2.71 V              ; -0.0317 V           ; 0.148 V                              ; 0.064 V                              ; 4.51e-10 s                  ; 4.15e-10 s                  ; No                         ; Yes                        ; 2.62 V                      ; 2.74e-08 V                  ; 2.71 V             ; -0.0317 V          ; 0.148 V                             ; 0.064 V                             ; 4.51e-10 s                 ; 4.15e-10 s                 ; No                        ; Yes                       ;
; d[1]          ; 2.5 V        ; 0 s                 ; 0 s                 ; 2.62 V                       ; 4.05e-08 V                   ; 2.72 V              ; -0.0349 V           ; 0.173 V                              ; 0.1 V                                ; 2.72e-10 s                  ; 2.69e-10 s                  ; Yes                        ; Yes                        ; 2.62 V                      ; 4.05e-08 V                  ; 2.72 V             ; -0.0349 V          ; 0.173 V                             ; 0.1 V                               ; 2.72e-10 s                 ; 2.69e-10 s                 ; Yes                       ; Yes                       ;
; d[2]          ; 2.5 V        ; 0 s                 ; 0 s                 ; 2.62 V                       ; 4.05e-08 V                   ; 2.72 V              ; -0.0349 V           ; 0.173 V                              ; 0.1 V                                ; 2.72e-10 s                  ; 2.69e-10 s                  ; Yes                        ; Yes                        ; 2.62 V                      ; 4.05e-08 V                  ; 2.72 V             ; -0.0349 V          ; 0.173 V                             ; 0.1 V                               ; 2.72e-10 s                 ; 2.69e-10 s                 ; Yes                       ; Yes                       ;
; d[3]          ; 2.5 V        ; 0 s                 ; 0 s                 ; 2.62 V                       ; 4.05e-08 V                   ; 2.72 V              ; -0.0349 V           ; 0.173 V                              ; 0.1 V                                ; 2.72e-10 s                  ; 2.69e-10 s                  ; Yes                        ; Yes                        ; 2.62 V                      ; 4.05e-08 V                  ; 2.72 V             ; -0.0349 V          ; 0.173 V                             ; 0.1 V                               ; 2.72e-10 s                 ; 2.69e-10 s                 ; Yes                       ; Yes                       ;
; d[4]          ; 2.5 V        ; 0 s                 ; 0 s                 ; 2.62 V                       ; 2.74e-08 V                   ; 2.71 V              ; -0.0317 V           ; 0.148 V                              ; 0.064 V                              ; 4.51e-10 s                  ; 4.15e-10 s                  ; No                         ; Yes                        ; 2.62 V                      ; 2.74e-08 V                  ; 2.71 V             ; -0.0317 V          ; 0.148 V                             ; 0.064 V                             ; 4.51e-10 s                 ; 4.15e-10 s                 ; No                        ; Yes                       ;
; d[5]          ; 2.5 V        ; 0 s                 ; 0 s                 ; 2.62 V                       ; 4.05e-08 V                   ; 2.72 V              ; -0.0349 V           ; 0.173 V                              ; 0.1 V                                ; 2.72e-10 s                  ; 2.69e-10 s                  ; Yes                        ; Yes                        ; 2.62 V                      ; 4.05e-08 V                  ; 2.72 V             ; -0.0349 V          ; 0.173 V                             ; 0.1 V                               ; 2.72e-10 s                 ; 2.69e-10 s                 ; Yes                       ; Yes                       ;
; d[6]          ; 2.5 V        ; 0 s                 ; 0 s                 ; 2.62 V                       ; 2.74e-08 V                   ; 2.64 V              ; -0.0117 V           ; 0.202 V                              ; 0.176 V                              ; 2.38e-09 s                  ; 2.22e-09 s                  ; No                         ; Yes                        ; 2.62 V                      ; 2.74e-08 V                  ; 2.64 V             ; -0.0117 V          ; 0.202 V                             ; 0.176 V                             ; 2.38e-09 s                 ; 2.22e-09 s                 ; No                        ; Yes                       ;
; d[7]          ; 2.5 V        ; 0 s                 ; 0 s                 ; 2.62 V                       ; 2.74e-08 V                   ; 2.71 V              ; -0.0317 V           ; 0.148 V                              ; 0.064 V                              ; 4.51e-10 s                  ; 4.15e-10 s                  ; No                         ; Yes                        ; 2.62 V                      ; 2.74e-08 V                  ; 2.71 V             ; -0.0317 V          ; 0.148 V                             ; 0.064 V                             ; 4.51e-10 s                 ; 4.15e-10 s                 ; No                        ; Yes                       ;
; d[8]          ; 2.5 V        ; 0 s                 ; 0 s                 ; 2.62 V                       ; 2.74e-08 V                   ; 2.73 V              ; -0.0384 V           ; 0.169 V                              ; 0.089 V                              ; 2.7e-10 s                   ; 2.62e-10 s                  ; Yes                        ; Yes                        ; 2.62 V                      ; 2.74e-08 V                  ; 2.73 V             ; -0.0384 V          ; 0.169 V                             ; 0.089 V                             ; 2.7e-10 s                  ; 2.62e-10 s                 ; Yes                       ; Yes                       ;
; d[9]          ; 2.5 V        ; 0 s                 ; 0 s                 ; 2.62 V                       ; 4.05e-08 V                   ; 2.72 V              ; -0.0349 V           ; 0.173 V                              ; 0.1 V                                ; 2.72e-10 s                  ; 2.69e-10 s                  ; Yes                        ; Yes                        ; 2.62 V                      ; 4.05e-08 V                  ; 2.72 V             ; -0.0349 V          ; 0.173 V                             ; 0.1 V                               ; 2.72e-10 s                 ; 2.69e-10 s                 ; Yes                       ; Yes                       ;
; d[10]         ; 2.5 V        ; 0 s                 ; 0 s                 ; 2.62 V                       ; 4.05e-08 V                   ; 2.72 V              ; -0.0349 V           ; 0.173 V                              ; 0.1 V                                ; 2.72e-10 s                  ; 2.69e-10 s                  ; Yes                        ; Yes                        ; 2.62 V                      ; 4.05e-08 V                  ; 2.72 V             ; -0.0349 V          ; 0.173 V                             ; 0.1 V                               ; 2.72e-10 s                 ; 2.69e-10 s                 ; Yes                       ; Yes                       ;
; d[11]         ; 2.5 V        ; 0 s                 ; 0 s                 ; 2.62 V                       ; 2.74e-08 V                   ; 2.71 V              ; -0.0317 V           ; 0.148 V                              ; 0.064 V                              ; 4.51e-10 s                  ; 4.15e-10 s                  ; No                         ; Yes                        ; 2.62 V                      ; 2.74e-08 V                  ; 2.71 V             ; -0.0317 V          ; 0.148 V                             ; 0.064 V                             ; 4.51e-10 s                 ; 4.15e-10 s                 ; No                        ; Yes                       ;
; d[12]         ; 2.5 V        ; 0 s                 ; 0 s                 ; 2.62 V                       ; 2.74e-08 V                   ; 2.71 V              ; -0.0317 V           ; 0.148 V                              ; 0.064 V                              ; 4.51e-10 s                  ; 4.15e-10 s                  ; No                         ; Yes                        ; 2.62 V                      ; 2.74e-08 V                  ; 2.71 V             ; -0.0317 V          ; 0.148 V                             ; 0.064 V                             ; 4.51e-10 s                 ; 4.15e-10 s                 ; No                        ; Yes                       ;
; d[13]         ; 2.5 V        ; 0 s                 ; 0 s                 ; 2.62 V                       ; 2.74e-08 V                   ; 2.71 V              ; -0.0317 V           ; 0.148 V                              ; 0.064 V                              ; 4.51e-10 s                  ; 4.15e-10 s                  ; No                         ; Yes                        ; 2.62 V                      ; 2.74e-08 V                  ; 2.71 V             ; -0.0317 V          ; 0.148 V                             ; 0.064 V                             ; 4.51e-10 s                 ; 4.15e-10 s                 ; No                        ; Yes                       ;
; d[14]         ; 2.5 V        ; 0 s                 ; 0 s                 ; 2.62 V                       ; 4.05e-08 V                   ; 2.72 V              ; -0.0349 V           ; 0.173 V                              ; 0.1 V                                ; 2.72e-10 s                  ; 2.69e-10 s                  ; Yes                        ; Yes                        ; 2.62 V                      ; 4.05e-08 V                  ; 2.72 V             ; -0.0349 V          ; 0.173 V                             ; 0.1 V                               ; 2.72e-10 s                 ; 2.69e-10 s                 ; Yes                       ; Yes                       ;
; d[15]         ; 2.5 V        ; 0 s                 ; 0 s                 ; 2.62 V                       ; 4.05e-08 V                   ; 2.72 V              ; -0.0349 V           ; 0.173 V                              ; 0.1 V                                ; 2.72e-10 s                  ; 2.69e-10 s                  ; Yes                        ; Yes                        ; 2.62 V                      ; 4.05e-08 V                  ; 2.72 V             ; -0.0349 V          ; 0.173 V                             ; 0.1 V                               ; 2.72e-10 s                 ; 2.69e-10 s                 ; Yes                       ; Yes                       ;
; d[16]         ; 2.5 V        ; 0 s                 ; 0 s                 ; 2.62 V                       ; 4.05e-08 V                   ; 2.72 V              ; -0.0349 V           ; 0.173 V                              ; 0.1 V                                ; 2.72e-10 s                  ; 2.69e-10 s                  ; Yes                        ; Yes                        ; 2.62 V                      ; 4.05e-08 V                  ; 2.72 V             ; -0.0349 V          ; 0.173 V                             ; 0.1 V                               ; 2.72e-10 s                 ; 2.69e-10 s                 ; Yes                       ; Yes                       ;
; d[17]         ; 2.5 V        ; 0 s                 ; 0 s                 ; 2.62 V                       ; 2.74e-08 V                   ; 2.71 V              ; -0.0317 V           ; 0.148 V                              ; 0.064 V                              ; 4.51e-10 s                  ; 4.15e-10 s                  ; No                         ; Yes                        ; 2.62 V                      ; 2.74e-08 V                  ; 2.71 V             ; -0.0317 V          ; 0.148 V                             ; 0.064 V                             ; 4.51e-10 s                 ; 4.15e-10 s                 ; No                        ; Yes                       ;
; d[18]         ; 2.5 V        ; 0 s                 ; 0 s                 ; 2.62 V                       ; 4.05e-08 V                   ; 2.72 V              ; -0.0349 V           ; 0.173 V                              ; 0.1 V                                ; 2.72e-10 s                  ; 2.69e-10 s                  ; Yes                        ; Yes                        ; 2.62 V                      ; 4.05e-08 V                  ; 2.72 V             ; -0.0349 V          ; 0.173 V                             ; 0.1 V                               ; 2.72e-10 s                 ; 2.69e-10 s                 ; Yes                       ; Yes                       ;
; d[19]         ; 2.5 V        ; 0 s                 ; 0 s                 ; 2.62 V                       ; 4.05e-08 V                   ; 2.72 V              ; -0.0349 V           ; 0.173 V                              ; 0.1 V                                ; 2.72e-10 s                  ; 2.69e-10 s                  ; Yes                        ; Yes                        ; 2.62 V                      ; 4.05e-08 V                  ; 2.72 V             ; -0.0349 V          ; 0.173 V                             ; 0.1 V                               ; 2.72e-10 s                 ; 2.69e-10 s                 ; Yes                       ; Yes                       ;
; d[20]         ; 2.5 V        ; 0 s                 ; 0 s                 ; 2.62 V                       ; 2.74e-08 V                   ; 2.71 V              ; -0.0317 V           ; 0.148 V                              ; 0.064 V                              ; 4.51e-10 s                  ; 4.15e-10 s                  ; No                         ; Yes                        ; 2.62 V                      ; 2.74e-08 V                  ; 2.71 V             ; -0.0317 V          ; 0.148 V                             ; 0.064 V                             ; 4.51e-10 s                 ; 4.15e-10 s                 ; No                        ; Yes                       ;
; d[21]         ; 2.5 V        ; 0 s                 ; 0 s                 ; 2.62 V                       ; 4.05e-08 V                   ; 2.72 V              ; -0.0349 V           ; 0.173 V                              ; 0.1 V                                ; 2.72e-10 s                  ; 2.69e-10 s                  ; Yes                        ; Yes                        ; 2.62 V                      ; 4.05e-08 V                  ; 2.72 V             ; -0.0349 V          ; 0.173 V                             ; 0.1 V                               ; 2.72e-10 s                 ; 2.69e-10 s                 ; Yes                       ; Yes                       ;
; d[22]         ; 2.5 V        ; 0 s                 ; 0 s                 ; 2.62 V                       ; 4.05e-08 V                   ; 2.72 V              ; -0.0349 V           ; 0.173 V                              ; 0.1 V                                ; 2.72e-10 s                  ; 2.69e-10 s                  ; Yes                        ; Yes                        ; 2.62 V                      ; 4.05e-08 V                  ; 2.72 V             ; -0.0349 V          ; 0.173 V                             ; 0.1 V                               ; 2.72e-10 s                 ; 2.69e-10 s                 ; Yes                       ; Yes                       ;
; d[23]         ; 2.5 V        ; 0 s                 ; 0 s                 ; 2.62 V                       ; 4.05e-08 V                   ; 2.64 V              ; -0.0113 V           ; 0.208 V                              ; 0.179 V                              ; 2.38e-09 s                  ; 2.23e-09 s                  ; No                         ; Yes                        ; 2.62 V                      ; 4.05e-08 V                  ; 2.64 V             ; -0.0113 V          ; 0.208 V                             ; 0.179 V                             ; 2.38e-09 s                 ; 2.23e-09 s                 ; No                        ; Yes                       ;
; d[24]         ; 2.5 V        ; 0 s                 ; 0 s                 ; 2.62 V                       ; 2.74e-08 V                   ; 2.71 V              ; -0.0317 V           ; 0.148 V                              ; 0.064 V                              ; 4.51e-10 s                  ; 4.15e-10 s                  ; No                         ; Yes                        ; 2.62 V                      ; 2.74e-08 V                  ; 2.71 V             ; -0.0317 V          ; 0.148 V                             ; 0.064 V                             ; 4.51e-10 s                 ; 4.15e-10 s                 ; No                        ; Yes                       ;
; d[25]         ; 2.5 V        ; 0 s                 ; 0 s                 ; 2.62 V                       ; 2.74e-08 V                   ; 2.73 V              ; -0.0384 V           ; 0.169 V                              ; 0.089 V                              ; 2.7e-10 s                   ; 2.62e-10 s                  ; Yes                        ; Yes                        ; 2.62 V                      ; 2.74e-08 V                  ; 2.73 V             ; -0.0384 V          ; 0.169 V                             ; 0.089 V                             ; 2.7e-10 s                  ; 2.62e-10 s                 ; Yes                       ; Yes                       ;
; d[26]         ; 2.5 V        ; 0 s                 ; 0 s                 ; 2.62 V                       ; 4.05e-08 V                   ; 2.64 V              ; -0.0113 V           ; 0.208 V                              ; 0.179 V                              ; 2.38e-09 s                  ; 2.23e-09 s                  ; No                         ; Yes                        ; 2.62 V                      ; 4.05e-08 V                  ; 2.64 V             ; -0.0113 V          ; 0.208 V                             ; 0.179 V                             ; 2.38e-09 s                 ; 2.23e-09 s                 ; No                        ; Yes                       ;
; d[27]         ; 2.5 V        ; 0 s                 ; 0 s                 ; 2.62 V                       ; 4.05e-08 V                   ; 2.72 V              ; -0.0349 V           ; 0.173 V                              ; 0.1 V                                ; 2.72e-10 s                  ; 2.69e-10 s                  ; Yes                        ; Yes                        ; 2.62 V                      ; 4.05e-08 V                  ; 2.72 V             ; -0.0349 V          ; 0.173 V                             ; 0.1 V                               ; 2.72e-10 s                 ; 2.69e-10 s                 ; Yes                       ; Yes                       ;
; d[28]         ; 2.5 V        ; 0 s                 ; 0 s                 ; 2.62 V                       ; 4.05e-08 V                   ; 2.72 V              ; -0.0349 V           ; 0.173 V                              ; 0.1 V                                ; 2.72e-10 s                  ; 2.69e-10 s                  ; Yes                        ; Yes                        ; 2.62 V                      ; 4.05e-08 V                  ; 2.72 V             ; -0.0349 V          ; 0.173 V                             ; 0.1 V                               ; 2.72e-10 s                 ; 2.69e-10 s                 ; Yes                       ; Yes                       ;
; d[29]         ; 2.5 V        ; 0 s                 ; 0 s                 ; 2.62 V                       ; 2.74e-08 V                   ; 2.71 V              ; -0.0317 V           ; 0.148 V                              ; 0.064 V                              ; 4.51e-10 s                  ; 4.15e-10 s                  ; No                         ; Yes                        ; 2.62 V                      ; 2.74e-08 V                  ; 2.71 V             ; -0.0317 V          ; 0.148 V                             ; 0.064 V                             ; 4.51e-10 s                 ; 4.15e-10 s                 ; No                        ; Yes                       ;
; d[30]         ; 2.5 V        ; 0 s                 ; 0 s                 ; 2.62 V                       ; 4.05e-08 V                   ; 2.72 V              ; -0.0349 V           ; 0.173 V                              ; 0.1 V                                ; 2.72e-10 s                  ; 2.69e-10 s                  ; Yes                        ; Yes                        ; 2.62 V                      ; 4.05e-08 V                  ; 2.72 V             ; -0.0349 V          ; 0.173 V                             ; 0.1 V                               ; 2.72e-10 s                 ; 2.69e-10 s                 ; Yes                       ; Yes                       ;
; d[31]         ; 2.5 V        ; 0 s                 ; 0 s                 ; 2.62 V                       ; 2.74e-08 V                   ; 2.71 V              ; -0.0317 V           ; 0.148 V                              ; 0.064 V                              ; 4.51e-10 s                  ; 4.15e-10 s                  ; No                         ; Yes                        ; 2.62 V                      ; 2.74e-08 V                  ; 2.71 V             ; -0.0317 V          ; 0.148 V                             ; 0.064 V                             ; 4.51e-10 s                 ; 4.15e-10 s                 ; No                        ; Yes                       ;
; flags[0]      ; 2.5 V        ; 0 s                 ; 0 s                 ; 2.62 V                       ; 4.05e-08 V                   ; 2.72 V              ; -0.0349 V           ; 0.173 V                              ; 0.1 V                                ; 2.72e-10 s                  ; 2.69e-10 s                  ; Yes                        ; Yes                        ; 2.62 V                      ; 4.05e-08 V                  ; 2.72 V             ; -0.0349 V          ; 0.173 V                             ; 0.1 V                               ; 2.72e-10 s                 ; 2.69e-10 s                 ; Yes                       ; Yes                       ;
; flags[1]      ; 2.5 V        ; 0 s                 ; 0 s                 ; 2.62 V                       ; 2.74e-08 V                   ; 2.71 V              ; -0.0317 V           ; 0.148 V                              ; 0.064 V                              ; 4.51e-10 s                  ; 4.15e-10 s                  ; No                         ; Yes                        ; 2.62 V                      ; 2.74e-08 V                  ; 2.71 V             ; -0.0317 V          ; 0.148 V                             ; 0.064 V                             ; 4.51e-10 s                 ; 4.15e-10 s                 ; No                        ; Yes                       ;
; flags[2]      ; 2.5 V        ; 0 s                 ; 0 s                 ; 2.62 V                       ; 4.05e-08 V                   ; 2.72 V              ; -0.0349 V           ; 0.173 V                              ; 0.1 V                                ; 2.72e-10 s                  ; 2.69e-10 s                  ; Yes                        ; Yes                        ; 2.62 V                      ; 4.05e-08 V                  ; 2.72 V             ; -0.0349 V          ; 0.173 V                             ; 0.1 V                               ; 2.72e-10 s                 ; 2.69e-10 s                 ; Yes                       ; Yes                       ;
; flags[3]      ; 2.5 V        ; 0 s                 ; 0 s                 ; 2.62 V                       ; 4.05e-08 V                   ; 2.72 V              ; -0.0349 V           ; 0.173 V                              ; 0.1 V                                ; 2.72e-10 s                  ; 2.69e-10 s                  ; Yes                        ; Yes                        ; 2.62 V                      ; 4.05e-08 V                  ; 2.72 V             ; -0.0349 V          ; 0.173 V                             ; 0.1 V                               ; 2.72e-10 s                 ; 2.69e-10 s                 ; Yes                       ; Yes                       ;
; flags[4]      ; 2.5 V        ; 0 s                 ; 0 s                 ; 2.62 V                       ; 2.74e-08 V                   ; 2.71 V              ; -0.0317 V           ; 0.148 V                              ; 0.064 V                              ; 4.51e-10 s                  ; 4.15e-10 s                  ; No                         ; Yes                        ; 2.62 V                      ; 2.74e-08 V                  ; 2.71 V             ; -0.0317 V          ; 0.148 V                             ; 0.064 V                             ; 4.51e-10 s                 ; 4.15e-10 s                 ; No                        ; Yes                       ;
; ~ALTERA_DCLK~ ; 2.5 V        ; 0 s                 ; 0 s                 ; 2.62 V                       ; 2.22e-08 V                   ; 2.74 V              ; -0.06 V             ; 0.158 V                              ; 0.08 V                               ; 2.68e-10 s                  ; 2.19e-10 s                  ; Yes                        ; Yes                        ; 2.62 V                      ; 2.22e-08 V                  ; 2.74 V             ; -0.06 V            ; 0.158 V                             ; 0.08 V                              ; 2.68e-10 s                 ; 2.19e-10 s                 ; Yes                       ; Yes                       ;
; ~ALTERA_nCEO~ ; 2.5 V        ; 0 s                 ; 0 s                 ; 2.62 V                       ; 3.54e-08 V                   ; 2.7 V               ; -0.00943 V          ; 0.276 V                              ; 0.035 V                              ; 3.19e-10 s                  ; 4.99e-10 s                  ; No                         ; Yes                        ; 2.62 V                      ; 3.54e-08 V                  ; 2.7 V              ; -0.00943 V         ; 0.276 V                             ; 0.035 V                             ; 3.19e-10 s                 ; 4.99e-10 s                 ; No                        ; Yes                       ;
+---------------+--------------+---------------------+---------------------+------------------------------+------------------------------+---------------------+---------------------+--------------------------------------+--------------------------------------+-----------------------------+-----------------------------+----------------------------+----------------------------+-----------------------------+-----------------------------+--------------------+--------------------+-------------------------------------+-------------------------------------+----------------------------+----------------------------+---------------------------+---------------------------+


+-------------------------------------------------------------------+
; Setup Transfers                                                   ;
+------------+----------+----------+----------+----------+----------+
; From Clock ; To Clock ; RR Paths ; FR Paths ; RF Paths ; FF Paths ;
+------------+----------+----------+----------+----------+----------+
; clk        ; clk      ; 382647   ; 0        ; 0        ; 0        ;
+------------+----------+----------+----------+----------+----------+
Entries labeled "false path" only account for clock-to-clock false paths and not path-based false paths. As a result, actual path counts may be lower than reported.


+-------------------------------------------------------------------+
; Hold Transfers                                                    ;
+------------+----------+----------+----------+----------+----------+
; From Clock ; To Clock ; RR Paths ; FR Paths ; RF Paths ; FF Paths ;
+------------+----------+----------+----------+----------+----------+
; clk        ; clk      ; 382647   ; 0        ; 0        ; 0        ;
+------------+----------+----------+----------+----------+----------+
Entries labeled "false path" only account for clock-to-clock false paths and not path-based false paths. As a result, actual path counts may be lower than reported.


+-------------------------------------------------------------------+
; Recovery Transfers                                                ;
+------------+----------+----------+----------+----------+----------+
; From Clock ; To Clock ; RR Paths ; FR Paths ; RF Paths ; FF Paths ;
+------------+----------+----------+----------+----------+----------+
; clk        ; clk      ; 194      ; 0        ; 0        ; 0        ;
+------------+----------+----------+----------+----------+----------+
Entries labeled "false path" only account for clock-to-clock false paths and not path-based false paths. As a result, actual path counts may be lower than reported.


+-------------------------------------------------------------------+
; Removal Transfers                                                 ;
+------------+----------+----------+----------+----------+----------+
; From Clock ; To Clock ; RR Paths ; FR Paths ; RF Paths ; FF Paths ;
+------------+----------+----------+----------+----------+----------+
; clk        ; clk      ; 194      ; 0        ; 0        ; 0        ;
+------------+----------+----------+----------+----------+----------+
Entries labeled "false path" only account for clock-to-clock false paths and not path-based false paths. As a result, actual path counts may be lower than reported.


---------------
; Report TCCS ;
---------------
No dedicated SERDES Transmitter circuitry present in device or used in design


---------------
; Report RSKM ;
---------------
No dedicated SERDES Receiver circuitry present in device or used in design


+------------------------------------------------+
; Unconstrained Paths                            ;
+---------------------------------+-------+------+
; Property                        ; Setup ; Hold ;
+---------------------------------+-------+------+
; Illegal Clocks                  ; 0     ; 0    ;
; Unconstrained Clocks            ; 0     ; 0    ;
; Unconstrained Input Ports       ; 75    ; 75   ;
; Unconstrained Input Port Paths  ; 76    ; 76   ;
; Unconstrained Output Ports      ; 38    ; 38   ;
; Unconstrained Output Port Paths ; 38    ; 38   ;
+---------------------------------+-------+------+


+------------------------------------+
; TimeQuest Timing Analyzer Messages ;
+------------------------------------+
Info: *******************************************************************
Info: Running Quartus II 64-Bit TimeQuest Timing Analyzer
    Info: Version 13.0.1 Build 232 06/12/2013 Service Pack 1 SJ Web Edition
    Info: Processing started: Wed Oct 07 00:21:51 2026
Info: Command: quartus_sta packer -c packer
Info: qsta_default_script.tcl version: #1
Warning (20028): Parallel compilation is not licensed and has been disabled
Info (21076): High junction temperature operating condition is not set. Assuming a default value of '85'.
Info (21076): Low junction temperature operating condition is not set. Assuming a default value of '0'.
Info (332104): Reading SDC File: 'packer.sdc'
Info (332151): Clock uncertainty is not calculated until you update the timing netlist.
Info (332123): Deriving Clock Uncertainty. Please refer to report_sdc in TimeQuest to see clock uncertainties.
Info: Found TIMEQUEST_REPORT_SCRIPT_INCLUDE_DEFAULT_ANALYSIS = ON
Info: Analyzing Slow 1200mV 85C Model
Critical Warning (332148): Timing requirements not met
    Info (11105): For recommendations on closing timing, run Report Timing Closure Recommendations in the TimeQuest Timing Analyzer.
Info (332146): Worst-case setup slack is -0.196
    Info (332119):     Slack End Point TNS Clock 
    Info (332119): ========= ============= =====================
    Info (332119):    -0.196        -0.196 clk 
Info (332146): Worst-case hold slack is 0.373
    Info (332119):     Slack End Point TNS Clock 
    Info (332119): ========= ============= =====================
    Info (332119):     0.373         0.000 clk 
Info (332146): Worst-case recovery slack is 7.088
    Info (332119):     Slack End Point TNS Clock 
    Info (332119): ========= ============= =====================
    Info (332119):     7.088         0.000 clk 
Info (332146): Worst-case removal slack is 2.036
    Info (332119):     Slack End Point TNS Clock 
    Info (332119): ========= ============= =====================
    Info (332119):     2.036         0.000 clk 
Info (332146): Worst-case minimum pulse width slack is 4.663
    Info (332119):     Slack End Point TNS Clock 
    Info (332119): ========= ============= =====================
    Info (332119):     4.663         0.000 clk 
Info: Analyzing Slow 1200mV 0C Model
Info (334003): Started post-fitting delay annotation
Info (334004): Delay annotation completed successfully
Info (332123): Deriving Clock Uncertainty. Please refer to report_sdc in TimeQuest to see clock uncertainties.
Info (332146): Worst-case setup slack is 1.006
    Info (332119):     Slack End Point TNS Clock 
    Info (332119): ========= ============= =====================
    Info (332119):     1.006         0.000 clk 
Info (332146): Worst-case hold slack is 0.339
    Info (332119):     Slack End Point TNS Clock 
    Info (332119): ========= ============= =====================
    Info (332119):     0.339         0.000 clk 
Info (332146): Worst-case recovery slack is 7.421
    Info (332119):     Slack End Point TNS Clock 
    Info (332119): ========= ============= =====================
    Info (332119):     7.421         0.000 clk 
Info (332146): Worst-case removal slack is 1.819
    Info (332119):     Slack End Point TNS Clock 
    Info (332119): ========= ============= =====================
    Info (332119):     1.819         0.000 clk 
Info (332146): Worst-case minimum pulse width slack is 4.696
    Info (332119):     Slack End Point TNS Clock 
    Info (332119): ========= ============= =====================
    Info (332119):     4.696         0.000 clk 
Info: Analyzing Fast 1200mV 0C Model
Info (332123): Deriving Clock Uncertainty. Please refer to report_sdc in TimeQuest to see clock uncertainties.
Info (332146): Worst-case setup slack is 4.138
    Info (332119):     Slack End Point TNS Clock 
    Info (332119): ========= ============= =====================
    Info (332119):     4.138         0.000 clk 
Info (332146): Worst-case hold slack is 0.193
    Info (332119):     Slack End Point TNS Clock 
    Info (332119): ========= ============= =====================
    Info (332119):     0.193         0.000 clk 
Info (332146): Worst-case recovery slack is 8.268
    Info (332119):     Slack End Point TNS Clock 
    Info (332119): ========= ============= =====================
    Info (332119):     8.268         0.000 clk 
Info (332146): Worst-case removal slack is 1.198
    Info (332119):     Slack End Point TNS Clock 
    Info (332119): ========= ============= =====================
    Info (332119):     1.198         0.000 clk 
Info (332146): Worst-case minimum pulse width slack is 4.412
    Info (332119):     Slack End Point TNS Clock 
    Info (332119): ========= ============= =====================
    Info (332119):     4.412         0.000 clk 
Info (332102): Design is not fully constrained for setup requirements
Info (332102): Design is not fully constrained for hold requirements
Info: Quartus II 64-Bit TimeQuest Timing Analyzer was successful. 0 errors, 2 warnings
    Info: Peak virtual memory: 4624 megabytes
    Info: Processing ended: Wed Oct 07 00:21:55 2026
    Info: Elapsed time: 00:00:04
    Info: Total CPU time (on all processors): 00:00:04


