TimeQuest Timing Analyzer report for packer
Wed Oct 07 00:23:00 2026
Quartus II 64-Bit Version 13.0.1 Build 232 06/12/2013 Service Pack 1 SJ Web Edition


---------------------
; Table of Contents ;
---------------------
  1. Legal Notice
  2. TimeQuest Timing Analyzer Summary
  3. Parallel Compilation
  4. SDC File List
  5. Clocks
  6. Slow 1200mV 85C Model Fmax Summary
  7. Timing Closure Recommendations
  8. Slow 1200mV 85C Model Setup Summary
  9. Slow 1200mV 85C Model Hold Summary
 10. Slow 1200mV 85C Model Recovery Summary
 11. Slow 1200mV 85C Model Removal Summary
 12. Slow 1200mV 85C Model Minimum Pulse Width Summary
 13. Slow 1200mV 85C Model Setup: 'clk'
 14. Slow 1200mV 85C Model Hold: 'clk'
 15. Slow 1200mV 85C Model Recovery: 'clk'
 16. Slow 1200mV 85C Model Removal: 'clk'
 17. Slow 1200mV 85C Model Minimum Pulse Width: 'clk'
 18. Setup Times
 19. Hold Times
 20. Clock to Output Times
 21. Minimum Clock to Output Times
 22. Slow 1200mV 85C Model Metastability Report
 23. Slow 1200mV 0C Model Fmax Summary
 24. Slow 1200mV 0C Model Setup Summary
 25. Slow 1200mV 0C Model Hold Summary
 26. Slow 1200mV 0C Model Recovery Summary
 27. Slow 1200mV 0C Model Removal Summary
 28. Slow 1200mV 0C Model Minimum Pulse Width Summary
 29. Slow 1200mV 0C Model Setup: 'clk'
 30. Slow 1200mV 0C Model Hold: 'clk'
 31. Slow 1200mV 0C Model Recovery: 'clk'
 32. Slow 1200mV 0C Model Removal: 'clk'
 33. Slow 1200mV 0C Model Minimum Pulse Width: 'clk'
 34. Setup Times
 35. Hold Times
 36. Clock to Output Times
 37. Minimum Clock to Output Times
 38. Slow 1200mV 0C Model Metastability Report
 39. Fast 1200mV 0C Model Setup Summary
 40. Fast 1200mV 0C Model Hold Summary
 41. Fast 1200mV 0C Model Recovery Summary
 42. Fast 1200mV 0C Model Removal Summary
 43. Fast 1200mV 0C Model Minimum Pulse Width Summary
 44. Fast 1200mV 0C Model Setup: 'clk'
 45. Fast 1200mV 0C Model Hold: 'clk'
 46. Fast 1200mV 0C Model Recovery: 'clk'
 47. Fast 1200mV 0C Model Removal: 'clk'
 48. Fast 1200mV 0C Model Minimum Pulse Width: 'clk'
 49. Setup Times
 50. Hold Times
 51. Clock to Output Times
 52. Minimum Clock to Output Times
 53. Fast 1200mV 0C Model Metastability Report
 54. Multicorner Timing Analysis Summary
 55. Setup Times
 56. Hold Times
 57. Clock to Output Times
 58. Minimum Clock to Output Times
 59. Board Trace Model Assignments
 60. Input Transition Times
 61. Signal Integrity Metrics (Slow 1200mv 0c Model)
 62. Signal Integrity Metrics (Slow 1200mv 85c Model)
 63. Signal Integrity Metrics (Fast 1200mv 0c Model)
 64. Setup Transfers
 65. Hold Transfers
 66. Recovery Transfers
 67. Removal Transfers
 68. Report TCCS
 69. Report RSKM
 70. Unconstrained Paths
 71. TimeQuest Timing Analyzer Messages



----------------
; Legal Notice ;
----------------
Copyright (C) 1991-2013 Altera Corporation
Your use of Altera Corporation's design tools, logic functions 
and other software and tools, and its AMPP partner logic 
functions, and any output files from any of the foregoing 
(including device programming or simulation files), and any 
associated documentation or information are expressly subject 
to the terms and conditions of the Altera Program License 
Subscription Agreement, Altera MegaCore Function License 
Agreement, or other applicable license agreement, including, 
without limitation, that your use is for the sole purpose of 
programming logic devices manufactured by Altera and sold by 
Altera or its authorized distributors.  Please refer to the 
applicable agreement for further details.



+----------------------------------------------------------------------------------------+
; TimeQuest Timing Analyzer Summary                                                      ;
+--------------------+-------------------------------------------------------------------+
; Quartus II Version ; Version 13.0.1 Build 232 06/12/2013 Service Pack 1 SJ Web Edition ;
; Revision Name      ; packer                                                            ;
; Device Family      ; Cyclone IV E                                                      ;
; Device Name        ; EP4CE22F17C6                                                      ;
; Timing Models      ; Final                                                             ;
; Delay Model        ; Combined                                                          ;
; Rise/Fall Delays   ; Enabled                                                           ;
+--------------------+-------------------------------------------------------------------+


Parallel compilation was disabled, but you have multiple processors available. Enable parallel compilation to reduce compilation time.
+-------------------------------------+
; Parallel Compilation                ;
+----------------------------+--------+
; Processors                 ; Number ;
+----------------------------+--------+
; Number detected on machine ; 12     ;
; Maximum allowed            ; 1      ;
+----------------------------+--------+


+---------------------------------------------------+
; SDC File List                                     ;
+---------------+--------+--------------------------+
; SDC File Path ; Status ; Read at                  ;
+---------------+--------+--------------------------+
; packer.sdc    ; OK     ; Wed Oct 07 00:22:58 2026 ;
+---------------+--------+--------------------------+


+--------------------------------------------------------------------------------------------------------------------------------------------------------------------------------+
; Clocks                                                                                                                                                                         ;
+------------+------+--------+-----------+-------+-------+------------+-----------+-------------+-------+--------+-----------+------------+----------+--------+--------+---------+
; Clock Name ; Type ; Period ; Frequency ; Rise  ; Fall  ; Duty Cycle ; Divide by ; Multiply by ; Phase ; Offset ; Edge List ; Edge Shift ; Inverted ; Master ; Source ; Targets ;
+------------+------+--------+-----------+-------+-------+------------+-----------+-------------+-------+--------+-----------+------------+----------+--------+--------+---------+
; clk        ; Base ; 10.000 ; 100.0 MHz ; 0.000 ; 5.000 ;            ;           ;             ;       ;        ;           ;            ;          ;        ;        ; { clk } ;
+------------+------+--------+-----------+-------+-------+------------+-----------+-------------+-------+--------+-----------+------------+----------+--------+--------+---------+


+--------------------------------------------------+
; Slow 1200mV 85C Model Fmax Summary               ;
+------------+-----------------+------------+------+
; Fmax       ; Restricted Fmax ; Clock Name ; Note ;
+------------+-----------------+------------+------+
; 103.22 MHz ; 103.22 MHz      ; clk        ;      ;
+------------+-----------------+------------+------+
This panel reports FMAX for every clock in the design, regardless of the user-specified clock periods.  FMAX is only computed for paths where the source and destination registers or ports are driven by the same clock.  Paths of different clocks, including generated clocks, are ignored.  For paths between a clock and its inversion, FMAX is computed as if the rising and falling edges are scaled along with FMAX, such that the duty cycle (in terms of a percentage) is maintained. Altera recommends that you always use clock constraints and other slack reports for sign-off analysis.


----------------------------------
; Timing Closure Recommendations ;
----------------------------------
HTML report is unavailable in plain text report export.


+-------------------------------------+
; Slow 1200mV 85C Model Setup Summary ;
+-------+-------+---------------------+
; Clock ; Slack ; End Point TNS       ;
+-------+-------+---------------------+
; clk   ; 0.312 ; 0.000               ;
+-------+-------+---------------------+


+------------------------------------+
; Slow 1200mV 85C Model Hold Summary ;
+-------+-------+--------------------+
; Clock ; Slack ; End Point TNS      ;
+-------+-------+--------------------+
; clk   ; 0.373 ; 0.000              ;
+-------+-------+--------------------+


+----------------------------------------+
; Slow 1200mV 85C Model Recovery Summary ;
+-------+-------+------------------------+
; Clock ; Slack ; End Point TNS          ;
+-------+-------+------------------------+
; clk   ; 7.165 ; 0.000                  ;
+-------+-------+------------------------+


+---------------------------------------+
; Slow 1200mV 85C Model Removal Summary ;
+-------+-------+-----------------------+
; Clock ; Slack ; End Point TNS         ;
+-------+-------+-----------------------+
; clk   ; 1.943 ; 0.000                 ;
+-------+-------+-----------------------+


+---------------------------------------------------+
; Slow 1200mV 85C Model Minimum Pulse Width Summary ;
+-------+-------+-----------------------------------+
; Clock ; Slack ; End Point TNS                     ;
+-------+-------+-----------------------------------+
; clk   ; 4.667 ; 0.000                             ;
+-------+-------+-----------------------------------+


+------------------------------------------------------------------------------------------------------------------------------------------------------------------+
; Slow 1200mV 85C Model Setup: 'clk'                                                                                                                               ;
+-------+----------------------------------------------+-------------------------------------+--------------+-------------+--------------+------------+------------+
; Slack ; From Node                                    ; To Node                             ; Launch Clock ; Latch Clock ; Relationship ; Clock Skew ; Data Delay ;
+-------+----------------------------------------------+-------------------------------------+--------------+-------------+--------------+------------+------------+
; 0.312 ; packer_ppa_boundary:u_boundary|sf_q[9]       ; posit_pack:u_packer|g_trunc.d_q[27] ; clk          ; clk         ; 10.000       ; 0.287      ; 9.970      ;
; 0.344 ; packer_ppa_boundary:u_boundary|sf_q[9]       ; posit_pack:u_packer|g_trunc.d_q[25] ; clk          ; clk         ; 10.000       ; 0.284      ; 9.935      ;
; 0.367 ; packer_ppa_boundary:u_boundary|flags_in_q[4] ; posit_pack:u_packer|g_trunc.d_q[27] ; clk          ; clk         ; 10.000       ; 0.290      ; 9.918      ;
; 0.399 ; packer_ppa_boundary:u_boundary|flags_in_q[4] ; posit_pack:u_packer|g_trunc.d_q[25] ; clk          ; clk         ; 10.000       ; 0.287      ; 9.883      ;
; 0.405 ; packer_ppa_boundary:u_boundary|sf_q[9]       ; posit_pack:u_packer|g_trunc.d_q[30] ; clk          ; clk         ; 10.000       ; 0.287      ; 9.877      ;
; 0.406 ; packer_ppa_boundary:u_boundary|sf_q[4]       ; posit_pack:u_packer|g_trunc.d_q[27] ; clk          ; clk         ; 10.000       ; 0.287      ; 9.876      ;
; 0.428 ; packer_ppa_boundary:u_boundary|sf_q[2]       ; posit_pack:u_packer|g_trunc.d_q[27] ; clk          ; clk         ; 10.000       ; 0.287      ; 9.854      ;
; 0.438 ; packer_ppa_boundary:u_boundary|sf_q[4]       ; posit_pack:u_packer|g_trunc.d_q[25] ; clk          ; clk         ; 10.000       ; 0.284      ; 9.841      ;
; 0.446 ; packer_ppa_boundary:u_boundary|sf_q[3]       ; posit_pack:u_packer|g_trunc.d_q[27] ; clk          ; clk         ; 10.000       ; 0.292      ; 9.841      ;
; 0.460 ; packer_ppa_boundary:u_boundary|sf_q[2]       ; posit_pack:u_packer|g_trunc.d_q[25] ; clk          ; clk         ; 10.000       ; 0.284      ; 9.819      ;
; 0.465 ; packer_ppa_boundary:u_boundary|sf_q[9]       ; posit_pack:u_packer|g_trunc.d_q[21] ; clk          ; clk         ; 10.000       ; 0.284      ; 9.814      ;
; 0.478 ; packer_ppa_boundary:u_boundary|sf_q[3]       ; posit_pack:u_packer|g_trunc.d_q[25] ; clk          ; clk         ; 10.000       ; 0.289      ; 9.806      ;
; 0.512 ; packer_ppa_boundary:u_boundary|flags_in_q[4] ; posit_pack:u_packer|g_trunc.d_q[30] ; clk          ; clk         ; 10.000       ; 0.290      ; 9.773      ;
; 0.520 ; packer_ppa_boundary:u_boundary|flags_in_q[4] ; posit_pack:u_packer|g_trunc.d_q[21] ; clk          ; clk         ; 10.000       ; 0.287      ; 9.762      ;
; 0.551 ; packer_ppa_boundary:u_boundary|sf_q[4]       ; posit_pack:u_packer|g_trunc.d_q[30] ; clk          ; clk         ; 10.000       ; 0.287      ; 9.731      ;
; 0.559 ; packer_ppa_boundary:u_boundary|sf_q[4]       ; posit_pack:u_packer|g_trunc.d_q[21] ; clk          ; clk         ; 10.000       ; 0.284      ; 9.720      ;
; 0.561 ; packer_ppa_boundary:u_boundary|sf_q[2]       ; posit_pack:u_packer|g_trunc.d_q[30] ; clk          ; clk         ; 10.000       ; 0.287      ; 9.721      ;
; 0.571 ; packer_ppa_boundary:u_boundary|sf_q[1]       ; posit_pack:u_packer|g_trunc.d_q[27] ; clk          ; clk         ; 10.000       ; 0.287      ; 9.711      ;
; 0.576 ; packer_ppa_boundary:u_boundary|sf_q[3]       ; posit_pack:u_packer|g_trunc.d_q[30] ; clk          ; clk         ; 10.000       ; 0.292      ; 9.711      ;
; 0.581 ; packer_ppa_boundary:u_boundary|sf_q[2]       ; posit_pack:u_packer|g_trunc.d_q[21] ; clk          ; clk         ; 10.000       ; 0.284      ; 9.698      ;
; 0.599 ; packer_ppa_boundary:u_boundary|sf_q[3]       ; posit_pack:u_packer|g_trunc.d_q[21] ; clk          ; clk         ; 10.000       ; 0.289      ; 9.685      ;
; 0.603 ; packer_ppa_boundary:u_boundary|sf_q[1]       ; posit_pack:u_packer|g_trunc.d_q[25] ; clk          ; clk         ; 10.000       ; 0.284      ; 9.676      ;
; 0.623 ; packer_ppa_boundary:u_boundary|sf_q[1]       ; posit_pack:u_packer|g_trunc.d_q[30] ; clk          ; clk         ; 10.000       ; 0.287      ; 9.659      ;
; 0.659 ; packer_ppa_boundary:u_boundary|is_nar_q      ; posit_pack:u_packer|g_trunc.d_q[27] ; clk          ; clk         ; 10.000       ; 0.290      ; 9.626      ;
; 0.670 ; packer_ppa_boundary:u_boundary|sf_q[5]       ; posit_pack:u_packer|g_trunc.d_q[27] ; clk          ; clk         ; 10.000       ; 0.290      ; 9.615      ;
; 0.679 ; packer_ppa_boundary:u_boundary|frac_q[54]    ; posit_pack:u_packer|g_trunc.d_q[27] ; clk          ; clk         ; 10.000       ; 0.287      ; 9.603      ;
; 0.685 ; packer_ppa_boundary:u_boundary|sf_q[9]       ; posit_pack:u_packer|g_trunc.d_q[19] ; clk          ; clk         ; 10.000       ; 0.283      ; 9.593      ;
; 0.686 ; packer_ppa_boundary:u_boundary|sf_q[6]       ; posit_pack:u_packer|g_trunc.d_q[27] ; clk          ; clk         ; 10.000       ; 0.290      ; 9.599      ;
; 0.691 ; packer_ppa_boundary:u_boundary|is_nar_q      ; posit_pack:u_packer|g_trunc.d_q[25] ; clk          ; clk         ; 10.000       ; 0.287      ; 9.591      ;
; 0.693 ; packer_ppa_boundary:u_boundary|sf_q[9]       ; posit_pack:u_packer|g_trunc.d_q[23] ; clk          ; clk         ; 10.000       ; 0.287      ; 9.589      ;
; 0.702 ; packer_ppa_boundary:u_boundary|sf_q[5]       ; posit_pack:u_packer|g_trunc.d_q[25] ; clk          ; clk         ; 10.000       ; 0.287      ; 9.580      ;
; 0.711 ; packer_ppa_boundary:u_boundary|frac_q[54]    ; posit_pack:u_packer|g_trunc.d_q[25] ; clk          ; clk         ; 10.000       ; 0.284      ; 9.568      ;
; 0.718 ; packer_ppa_boundary:u_boundary|sf_q[6]       ; posit_pack:u_packer|g_trunc.d_q[25] ; clk          ; clk         ; 10.000       ; 0.287      ; 9.564      ;
; 0.724 ; packer_ppa_boundary:u_boundary|sf_q[1]       ; posit_pack:u_packer|g_trunc.d_q[21] ; clk          ; clk         ; 10.000       ; 0.284      ; 9.555      ;
; 0.737 ; packer_ppa_boundary:u_boundary|frac_q[46]    ; posit_pack:u_packer|g_trunc.d_q[27] ; clk          ; clk         ; 10.000       ; 0.287      ; 9.545      ;
; 0.740 ; packer_ppa_boundary:u_boundary|flags_in_q[4] ; posit_pack:u_packer|g_trunc.d_q[19] ; clk          ; clk         ; 10.000       ; 0.286      ; 9.541      ;
; 0.748 ; packer_ppa_boundary:u_boundary|flags_in_q[4] ; posit_pack:u_packer|g_trunc.d_q[23] ; clk          ; clk         ; 10.000       ; 0.290      ; 9.537      ;
; 0.752 ; packer_ppa_boundary:u_boundary|frac_q[54]    ; posit_pack:u_packer|g_trunc.d_q[30] ; clk          ; clk         ; 10.000       ; 0.287      ; 9.530      ;
; 0.756 ; packer_ppa_boundary:u_boundary|frac_q[46]    ; posit_pack:u_packer|g_trunc.d_q[30] ; clk          ; clk         ; 10.000       ; 0.287      ; 9.526      ;
; 0.769 ; packer_ppa_boundary:u_boundary|frac_q[46]    ; posit_pack:u_packer|g_trunc.d_q[25] ; clk          ; clk         ; 10.000       ; 0.284      ; 9.510      ;
; 0.779 ; packer_ppa_boundary:u_boundary|sf_q[4]       ; posit_pack:u_packer|g_trunc.d_q[19] ; clk          ; clk         ; 10.000       ; 0.283      ; 9.499      ;
; 0.787 ; packer_ppa_boundary:u_boundary|sf_q[4]       ; posit_pack:u_packer|g_trunc.d_q[23] ; clk          ; clk         ; 10.000       ; 0.287      ; 9.495      ;
; 0.801 ; packer_ppa_boundary:u_boundary|sf_q[2]       ; posit_pack:u_packer|g_trunc.d_q[19] ; clk          ; clk         ; 10.000       ; 0.283      ; 9.477      ;
; 0.804 ; packer_ppa_boundary:u_boundary|is_nar_q      ; posit_pack:u_packer|g_trunc.d_q[30] ; clk          ; clk         ; 10.000       ; 0.290      ; 9.481      ;
; 0.809 ; packer_ppa_boundary:u_boundary|sf_q[2]       ; posit_pack:u_packer|g_trunc.d_q[23] ; clk          ; clk         ; 10.000       ; 0.287      ; 9.473      ;
; 0.810 ; packer_ppa_boundary:u_boundary|frac_q[43]    ; posit_pack:u_packer|g_trunc.d_q[27] ; clk          ; clk         ; 10.000       ; 0.292      ; 9.477      ;
; 0.812 ; packer_ppa_boundary:u_boundary|is_nar_q      ; posit_pack:u_packer|g_trunc.d_q[21] ; clk          ; clk         ; 10.000       ; 0.287      ; 9.470      ;
; 0.814 ; packer_ppa_boundary:u_boundary|sf_q[8]       ; posit_pack:u_packer|g_trunc.d_q[27] ; clk          ; clk         ; 10.000       ; 0.290      ; 9.471      ;
; 0.814 ; packer_ppa_boundary:u_boundary|sf_q[5]       ; posit_pack:u_packer|g_trunc.d_q[30] ; clk          ; clk         ; 10.000       ; 0.290      ; 9.471      ;
; 0.819 ; packer_ppa_boundary:u_boundary|sf_q[3]       ; posit_pack:u_packer|g_trunc.d_q[19] ; clk          ; clk         ; 10.000       ; 0.288      ; 9.464      ;
; 0.823 ; packer_ppa_boundary:u_boundary|sf_q[5]       ; posit_pack:u_packer|g_trunc.d_q[21] ; clk          ; clk         ; 10.000       ; 0.287      ; 9.459      ;
; 0.827 ; packer_ppa_boundary:u_boundary|sf_q[3]       ; posit_pack:u_packer|g_trunc.d_q[23] ; clk          ; clk         ; 10.000       ; 0.292      ; 9.460      ;
; 0.831 ; packer_ppa_boundary:u_boundary|sf_q[6]       ; posit_pack:u_packer|g_trunc.d_q[30] ; clk          ; clk         ; 10.000       ; 0.290      ; 9.454      ;
; 0.832 ; packer_ppa_boundary:u_boundary|frac_q[54]    ; posit_pack:u_packer|g_trunc.d_q[21] ; clk          ; clk         ; 10.000       ; 0.284      ; 9.447      ;
; 0.839 ; packer_ppa_boundary:u_boundary|sf_q[6]       ; posit_pack:u_packer|g_trunc.d_q[21] ; clk          ; clk         ; 10.000       ; 0.287      ; 9.443      ;
; 0.842 ; packer_ppa_boundary:u_boundary|frac_q[43]    ; posit_pack:u_packer|g_trunc.d_q[25] ; clk          ; clk         ; 10.000       ; 0.289      ; 9.442      ;
; 0.846 ; packer_ppa_boundary:u_boundary|sf_q[8]       ; posit_pack:u_packer|g_trunc.d_q[25] ; clk          ; clk         ; 10.000       ; 0.287      ; 9.436      ;
; 0.877 ; packer_ppa_boundary:u_boundary|frac_q[50]    ; posit_pack:u_packer|g_trunc.d_q[27] ; clk          ; clk         ; 10.000       ; 0.287      ; 9.405      ;
; 0.890 ; packer_ppa_boundary:u_boundary|frac_q[46]    ; posit_pack:u_packer|g_trunc.d_q[21] ; clk          ; clk         ; 10.000       ; 0.284      ; 9.389      ;
; 0.892 ; packer_ppa_boundary:u_boundary|sf_q[0]       ; posit_pack:u_packer|g_trunc.d_q[27] ; clk          ; clk         ; 10.000       ; 0.287      ; 9.390      ;
; 0.906 ; packer_ppa_boundary:u_boundary|frac_q[43]    ; posit_pack:u_packer|g_trunc.d_q[30] ; clk          ; clk         ; 10.000       ; 0.292      ; 9.381      ;
; 0.909 ; packer_ppa_boundary:u_boundary|frac_q[50]    ; posit_pack:u_packer|g_trunc.d_q[25] ; clk          ; clk         ; 10.000       ; 0.284      ; 9.370      ;
; 0.912 ; packer_ppa_boundary:u_boundary|frac_q[33]    ; posit_pack:u_packer|g_trunc.d_q[27] ; clk          ; clk         ; 10.000       ; 0.292      ; 9.375      ;
; 0.918 ; packer_ppa_boundary:u_boundary|frac_q[49]    ; posit_pack:u_packer|g_trunc.d_q[27] ; clk          ; clk         ; 10.000       ; 0.287      ; 9.364      ;
; 0.919 ; packer_ppa_boundary:u_boundary|frac_q[44]    ; posit_pack:u_packer|g_trunc.d_q[27] ; clk          ; clk         ; 10.000       ; 0.292      ; 9.368      ;
; 0.924 ; packer_ppa_boundary:u_boundary|sf_q[0]       ; posit_pack:u_packer|g_trunc.d_q[25] ; clk          ; clk         ; 10.000       ; 0.284      ; 9.355      ;
; 0.930 ; packer_ppa_boundary:u_boundary|sf_q[9]       ; posit_pack:u_packer|g_trunc.d_q[29] ; clk          ; clk         ; 10.000       ; 0.316      ; 9.381      ;
; 0.930 ; packer_ppa_boundary:u_boundary|sf_q[9]       ; posit_pack:u_packer|g_trunc.d_q[28] ; clk          ; clk         ; 10.000       ; 0.284      ; 9.349      ;
; 0.934 ; packer_ppa_boundary:u_boundary|frac_q[45]    ; posit_pack:u_packer|g_trunc.d_q[27] ; clk          ; clk         ; 10.000       ; 0.287      ; 9.348      ;
; 0.944 ; packer_ppa_boundary:u_boundary|frac_q[33]    ; posit_pack:u_packer|g_trunc.d_q[25] ; clk          ; clk         ; 10.000       ; 0.289      ; 9.340      ;
; 0.944 ; packer_ppa_boundary:u_boundary|sf_q[1]       ; posit_pack:u_packer|g_trunc.d_q[19] ; clk          ; clk         ; 10.000       ; 0.283      ; 9.334      ;
; 0.950 ; packer_ppa_boundary:u_boundary|frac_q[49]    ; posit_pack:u_packer|g_trunc.d_q[25] ; clk          ; clk         ; 10.000       ; 0.284      ; 9.329      ;
; 0.951 ; packer_ppa_boundary:u_boundary|frac_q[44]    ; posit_pack:u_packer|g_trunc.d_q[25] ; clk          ; clk         ; 10.000       ; 0.289      ; 9.333      ;
; 0.952 ; packer_ppa_boundary:u_boundary|sf_q[1]       ; posit_pack:u_packer|g_trunc.d_q[23] ; clk          ; clk         ; 10.000       ; 0.287      ; 9.330      ;
; 0.956 ; packer_ppa_boundary:u_boundary|sf_q[7]       ; posit_pack:u_packer|g_trunc.d_q[27] ; clk          ; clk         ; 10.000       ; 0.290      ; 9.329      ;
; 0.959 ; packer_ppa_boundary:u_boundary|sf_q[8]       ; posit_pack:u_packer|g_trunc.d_q[30] ; clk          ; clk         ; 10.000       ; 0.290      ; 9.326      ;
; 0.963 ; packer_ppa_boundary:u_boundary|frac_q[43]    ; posit_pack:u_packer|g_trunc.d_q[21] ; clk          ; clk         ; 10.000       ; 0.289      ; 9.321      ;
; 0.966 ; packer_ppa_boundary:u_boundary|frac_q[45]    ; posit_pack:u_packer|g_trunc.d_q[25] ; clk          ; clk         ; 10.000       ; 0.284      ; 9.313      ;
; 0.967 ; packer_ppa_boundary:u_boundary|sf_q[8]       ; posit_pack:u_packer|g_trunc.d_q[21] ; clk          ; clk         ; 10.000       ; 0.287      ; 9.315      ;
; 0.981 ; packer_ppa_boundary:u_boundary|sf_q[9]       ; posit_pack:u_packer|g_trunc.d_q[31] ; clk          ; clk         ; 10.000       ; 0.316      ; 9.330      ;
; 0.985 ; packer_ppa_boundary:u_boundary|flags_in_q[4] ; posit_pack:u_packer|g_trunc.d_q[29] ; clk          ; clk         ; 10.000       ; 0.319      ; 9.329      ;
; 0.988 ; packer_ppa_boundary:u_boundary|sf_q[7]       ; posit_pack:u_packer|g_trunc.d_q[25] ; clk          ; clk         ; 10.000       ; 0.287      ; 9.294      ;
; 0.991 ; packer_ppa_boundary:u_boundary|frac_q[33]    ; posit_pack:u_packer|g_trunc.d_q[30] ; clk          ; clk         ; 10.000       ; 0.292      ; 9.296      ;
; 0.996 ; packer_ppa_boundary:u_boundary|frac_q[50]    ; posit_pack:u_packer|g_trunc.d_q[30] ; clk          ; clk         ; 10.000       ; 0.287      ; 9.286      ;
; 0.999 ; packer_ppa_boundary:u_boundary|frac_q[53]    ; posit_pack:u_packer|g_trunc.d_q[27] ; clk          ; clk         ; 10.000       ; 0.287      ; 9.283      ;
; 0.999 ; packer_ppa_boundary:u_boundary|frac_q[44]    ; posit_pack:u_packer|g_trunc.d_q[30] ; clk          ; clk         ; 10.000       ; 0.292      ; 9.288      ;
; 1.002 ; packer_ppa_boundary:u_boundary|frac_q[37]    ; posit_pack:u_packer|g_trunc.d_q[27] ; clk          ; clk         ; 10.000       ; 0.292      ; 9.285      ;
; 1.008 ; packer_ppa_boundary:u_boundary|sf_q[0]       ; posit_pack:u_packer|g_trunc.d_q[30] ; clk          ; clk         ; 10.000       ; 0.287      ; 9.274      ;
; 1.013 ; packer_ppa_boundary:u_boundary|sf_q[9]       ; posit_pack:u_packer|g_trunc.d_q[24] ; clk          ; clk         ; 10.000       ; 0.284      ; 9.266      ;
; 1.014 ; packer_ppa_boundary:u_boundary|is_zero_q     ; posit_pack:u_packer|g_trunc.d_q[27] ; clk          ; clk         ; 10.000       ; -0.101     ; 8.880      ;
; 1.024 ; packer_ppa_boundary:u_boundary|sf_q[4]       ; posit_pack:u_packer|g_trunc.d_q[29] ; clk          ; clk         ; 10.000       ; 0.316      ; 9.287      ;
; 1.029 ; packer_ppa_boundary:u_boundary|frac_q[49]    ; posit_pack:u_packer|g_trunc.d_q[30] ; clk          ; clk         ; 10.000       ; 0.287      ; 9.253      ;
; 1.030 ; packer_ppa_boundary:u_boundary|frac_q[50]    ; posit_pack:u_packer|g_trunc.d_q[21] ; clk          ; clk         ; 10.000       ; 0.284      ; 9.249      ;
; 1.031 ; packer_ppa_boundary:u_boundary|frac_q[53]    ; posit_pack:u_packer|g_trunc.d_q[25] ; clk          ; clk         ; 10.000       ; 0.284      ; 9.248      ;
; 1.032 ; packer_ppa_boundary:u_boundary|is_nar_q      ; posit_pack:u_packer|g_trunc.d_q[19] ; clk          ; clk         ; 10.000       ; 0.286      ; 9.249      ;
; 1.034 ; packer_ppa_boundary:u_boundary|frac_q[37]    ; posit_pack:u_packer|g_trunc.d_q[25] ; clk          ; clk         ; 10.000       ; 0.289      ; 9.250      ;
; 1.035 ; packer_ppa_boundary:u_boundary|sf_q[9]       ; posit_pack:u_packer|g_trunc.d_q[17] ; clk          ; clk         ; 10.000       ; 0.316      ; 9.276      ;
; 1.036 ; packer_ppa_boundary:u_boundary|flags_in_q[4] ; posit_pack:u_packer|g_trunc.d_q[31] ; clk          ; clk         ; 10.000       ; 0.319      ; 9.278      ;
; 1.037 ; packer_ppa_boundary:u_boundary|flags_in_q[4] ; posit_pack:u_packer|g_trunc.d_q[28] ; clk          ; clk         ; 10.000       ; 0.287      ; 9.245      ;
; 1.038 ; packer_ppa_boundary:u_boundary|frac_q[45]    ; posit_pack:u_packer|g_trunc.d_q[30] ; clk          ; clk         ; 10.000       ; 0.287      ; 9.244      ;
+-------+----------------------------------------------+-------------------------------------+--------------+-------------+--------------+------------+------------+


+------------------------------------------------------------------------------------------------------------------------------------------------------------------------+
; Slow 1200mV 85C Model Hold: 'clk'                                                                                                                                      ;
+-------+----------------------------------------------+-------------------------------------------+--------------+-------------+--------------+------------+------------+
; Slack ; From Node                                    ; To Node                                   ; Launch Clock ; Latch Clock ; Relationship ; Clock Skew ; Data Delay ;
+-------+----------------------------------------------+-------------------------------------------+--------------+-------------+--------------+------------+------------+
; 0.373 ; packer_ppa_boundary:u_boundary|flags_in_q[2] ; posit_pack:u_packer|g_trunc.flags_q[2]    ; clk          ; clk         ; 0.000        ; 0.062      ; 0.592      ;
; 0.373 ; posit_pack:u_packer|g_trunc.flags_q[4]       ; packer_ppa_boundary:u_boundary|flags[4]   ; clk          ; clk         ; 0.000        ; 0.062      ; 0.592      ;
; 0.375 ; posit_pack:u_packer|g_trunc.valid_q          ; packer_ppa_boundary:u_boundary|out_valid  ; clk          ; clk         ; 0.000        ; 0.062      ; 0.594      ;
; 0.375 ; posit_pack:u_packer|g_trunc.flags_q[2]       ; packer_ppa_boundary:u_boundary|flags[2]   ; clk          ; clk         ; 0.000        ; 0.062      ; 0.594      ;
; 0.375 ; posit_pack:u_packer|g_trunc.flags_q[0]       ; packer_ppa_boundary:u_boundary|flags[0]   ; clk          ; clk         ; 0.000        ; 0.062      ; 0.594      ;
; 0.376 ; packer_ppa_boundary:u_boundary|meta_sync1    ; packer_ppa_boundary:u_boundary|meta_sync2 ; clk          ; clk         ; 0.000        ; 0.062      ; 0.595      ;
; 0.497 ; packer_ppa_boundary:u_boundary|flags_in_q[1] ; posit_pack:u_packer|g_trunc.flags_q[1]    ; clk          ; clk         ; 0.000        ; 0.061      ; 0.715      ;
; 0.518 ; posit_pack:u_packer|g_trunc.flags_q[3]       ; packer_ppa_boundary:u_boundary|flags[3]   ; clk          ; clk         ; 0.000        ; 0.061      ; 0.736      ;
; 0.528 ; packer_ppa_boundary:u_boundary|is_nar_q      ; posit_pack:u_packer|g_trunc.d_q[23]       ; clk          ; clk         ; 0.000        ; 0.427      ; 1.112      ;
; 0.528 ; packer_ppa_boundary:u_boundary|is_nar_q      ; posit_pack:u_packer|g_trunc.d_q[27]       ; clk          ; clk         ; 0.000        ; 0.427      ; 1.112      ;
; 0.529 ; packer_ppa_boundary:u_boundary|is_nar_q      ; posit_pack:u_packer|g_trunc.d_q[30]       ; clk          ; clk         ; 0.000        ; 0.427      ; 1.113      ;
; 0.533 ; packer_ppa_boundary:u_boundary|flags_in_q[0] ; posit_pack:u_packer|g_trunc.flags_q[0]    ; clk          ; clk         ; 0.000        ; 0.063      ; 0.753      ;
; 0.645 ; packer_ppa_boundary:u_boundary|is_nar_q      ; posit_pack:u_packer|g_trunc.d_q[14]       ; clk          ; clk         ; 0.000        ; 0.427      ; 1.229      ;
; 0.672 ; packer_ppa_boundary:u_boundary|flags_in_q[4] ; posit_pack:u_packer|g_trunc.d_q[14]       ; clk          ; clk         ; 0.000        ; 0.428      ; 1.257      ;
; 0.766 ; packer_ppa_boundary:u_boundary|flags_in_q[4] ; posit_pack:u_packer|g_trunc.d_q[29]       ; clk          ; clk         ; 0.000        ; 0.458      ; 1.381      ;
; 0.770 ; packer_ppa_boundary:u_boundary|flags_in_q[4] ; posit_pack:u_packer|g_trunc.d_q[15]       ; clk          ; clk         ; 0.000        ; 0.458      ; 1.385      ;
; 0.770 ; posit_pack:u_packer|g_trunc.d_q[16]          ; packer_ppa_boundary:u_boundary|d[16]      ; clk          ; clk         ; 0.000        ; 0.061      ; 0.988      ;
; 0.771 ; packer_ppa_boundary:u_boundary|flags_in_q[4] ; posit_pack:u_packer|g_trunc.d_q[17]       ; clk          ; clk         ; 0.000        ; 0.458      ; 1.386      ;
; 0.819 ; packer_ppa_boundary:u_boundary|flags_in_q[4] ; posit_pack:u_packer|g_trunc.d_q[0]        ; clk          ; clk         ; 0.000        ; 0.427      ; 1.403      ;
; 0.852 ; posit_pack:u_packer|g_trunc.d_q[28]          ; packer_ppa_boundary:u_boundary|d[28]      ; clk          ; clk         ; 0.000        ; -0.289     ; 0.720      ;
; 0.861 ; posit_pack:u_packer|g_trunc.d_q[22]          ; packer_ppa_boundary:u_boundary|d[22]      ; clk          ; clk         ; 0.000        ; -0.289     ; 0.729      ;
; 0.865 ; packer_ppa_boundary:u_boundary|flags_in_q[4] ; posit_pack:u_packer|g_trunc.d_q[27]       ; clk          ; clk         ; 0.000        ; 0.428      ; 1.450      ;
; 0.865 ; packer_ppa_boundary:u_boundary|flags_in_q[4] ; posit_pack:u_packer|g_trunc.d_q[30]       ; clk          ; clk         ; 0.000        ; 0.428      ; 1.450      ;
; 0.866 ; posit_pack:u_packer|g_trunc.d_q[30]          ; packer_ppa_boundary:u_boundary|d[30]      ; clk          ; clk         ; 0.000        ; -0.289     ; 0.734      ;
; 0.867 ; packer_ppa_boundary:u_boundary|flags_in_q[4] ; posit_pack:u_packer|g_trunc.d_q[23]       ; clk          ; clk         ; 0.000        ; 0.428      ; 1.452      ;
; 0.868 ; posit_pack:u_packer|g_trunc.d_q[27]          ; packer_ppa_boundary:u_boundary|d[27]      ; clk          ; clk         ; 0.000        ; -0.289     ; 0.736      ;
; 0.868 ; packer_ppa_boundary:u_boundary|is_nar_q      ; posit_pack:u_packer|g_trunc.d_q[0]        ; clk          ; clk         ; 0.000        ; 0.426      ; 1.451      ;
; 0.869 ; posit_pack:u_packer|g_trunc.d_q[0]           ; packer_ppa_boundary:u_boundary|d[0]       ; clk          ; clk         ; 0.000        ; -0.289     ; 0.737      ;
; 0.874 ; posit_pack:u_packer|g_trunc.d_q[26]          ; packer_ppa_boundary:u_boundary|d[26]      ; clk          ; clk         ; 0.000        ; -0.289     ; 0.742      ;
; 0.878 ; posit_pack:u_packer|g_trunc.d_q[20]          ; packer_ppa_boundary:u_boundary|d[20]      ; clk          ; clk         ; 0.000        ; -0.289     ; 0.746      ;
; 0.881 ; posit_pack:u_packer|g_trunc.d_q[12]          ; packer_ppa_boundary:u_boundary|d[12]      ; clk          ; clk         ; 0.000        ; -0.289     ; 0.749      ;
; 0.893 ; posit_pack:u_packer|g_trunc.d_q[15]          ; packer_ppa_boundary:u_boundary|d[15]      ; clk          ; clk         ; 0.000        ; -0.314     ; 0.736      ;
; 0.912 ; packer_ppa_boundary:u_boundary|is_nar_q      ; posit_pack:u_packer|g_trunc.d_q[12]       ; clk          ; clk         ; 0.000        ; 0.456      ; 1.525      ;
; 0.999 ; posit_pack:u_packer|g_trunc.flags_q[1]       ; packer_ppa_boundary:u_boundary|flags[1]   ; clk          ; clk         ; 0.000        ; 0.055      ; 1.211      ;
; 1.001 ; posit_pack:u_packer|g_trunc.d_q[24]          ; packer_ppa_boundary:u_boundary|d[24]      ; clk          ; clk         ; 0.000        ; -0.289     ; 0.869      ;
; 1.023 ; packer_ppa_boundary:u_boundary|is_nar_q      ; posit_pack:u_packer|g_trunc.d_q[2]        ; clk          ; clk         ; 0.000        ; 0.457      ; 1.637      ;
; 1.023 ; packer_ppa_boundary:u_boundary|is_nar_q      ; posit_pack:u_packer|g_trunc.d_q[21]       ; clk          ; clk         ; 0.000        ; 0.457      ; 1.637      ;
; 1.024 ; packer_ppa_boundary:u_boundary|is_nar_q      ; posit_pack:u_packer|g_trunc.d_q[4]        ; clk          ; clk         ; 0.000        ; 0.457      ; 1.638      ;
; 1.024 ; packer_ppa_boundary:u_boundary|is_nar_q      ; posit_pack:u_packer|g_trunc.d_q[6]        ; clk          ; clk         ; 0.000        ; 0.457      ; 1.638      ;
; 1.025 ; packer_ppa_boundary:u_boundary|is_nar_q      ; posit_pack:u_packer|g_trunc.d_q[8]        ; clk          ; clk         ; 0.000        ; 0.457      ; 1.639      ;
; 1.028 ; packer_ppa_boundary:u_boundary|is_nar_q      ; posit_pack:u_packer|g_trunc.d_q[9]        ; clk          ; clk         ; 0.000        ; 0.457      ; 1.642      ;
; 1.032 ; posit_pack:u_packer|g_trunc.d_q[5]           ; packer_ppa_boundary:u_boundary|d[5]       ; clk          ; clk         ; 0.000        ; -0.290     ; 0.899      ;
; 1.036 ; posit_pack:u_packer|g_trunc.d_q[8]           ; packer_ppa_boundary:u_boundary|d[8]       ; clk          ; clk         ; 0.000        ; -0.291     ; 0.902      ;
; 1.058 ; posit_pack:u_packer|g_trunc.d_q[25]          ; packer_ppa_boundary:u_boundary|d[25]      ; clk          ; clk         ; 0.000        ; -0.290     ; 0.925      ;
; 1.063 ; posit_pack:u_packer|g_trunc.d_q[1]           ; packer_ppa_boundary:u_boundary|d[1]       ; clk          ; clk         ; 0.000        ; -0.290     ; 0.930      ;
; 1.063 ; posit_pack:u_packer|g_trunc.d_q[3]           ; packer_ppa_boundary:u_boundary|d[3]       ; clk          ; clk         ; 0.000        ; -0.290     ; 0.930      ;
; 1.067 ; posit_pack:u_packer|g_trunc.d_q[2]           ; packer_ppa_boundary:u_boundary|d[2]       ; clk          ; clk         ; 0.000        ; -0.291     ; 0.933      ;
; 1.067 ; posit_pack:u_packer|g_trunc.d_q[9]           ; packer_ppa_boundary:u_boundary|d[9]       ; clk          ; clk         ; 0.000        ; -0.291     ; 0.933      ;
; 1.068 ; posit_pack:u_packer|g_trunc.d_q[7]           ; packer_ppa_boundary:u_boundary|d[7]       ; clk          ; clk         ; 0.000        ; -0.290     ; 0.935      ;
; 1.069 ; posit_pack:u_packer|g_trunc.d_q[6]           ; packer_ppa_boundary:u_boundary|d[6]       ; clk          ; clk         ; 0.000        ; -0.291     ; 0.935      ;
; 1.079 ; posit_pack:u_packer|g_trunc.d_q[13]          ; packer_ppa_boundary:u_boundary|d[13]      ; clk          ; clk         ; 0.000        ; -0.290     ; 0.946      ;
; 1.082 ; posit_pack:u_packer|g_trunc.d_q[11]          ; packer_ppa_boundary:u_boundary|d[11]      ; clk          ; clk         ; 0.000        ; -0.290     ; 0.949      ;
; 1.086 ; posit_pack:u_packer|g_trunc.d_q[21]          ; packer_ppa_boundary:u_boundary|d[21]      ; clk          ; clk         ; 0.000        ; -0.291     ; 0.952      ;
; 1.104 ; packer_ppa_boundary:u_boundary|is_nar_q      ; posit_pack:u_packer|g_trunc.d_q[3]        ; clk          ; clk         ; 0.000        ; 0.457      ; 1.718      ;
; 1.106 ; packer_ppa_boundary:u_boundary|is_nar_q      ; posit_pack:u_packer|g_trunc.d_q[20]       ; clk          ; clk         ; 0.000        ; 0.457      ; 1.720      ;
; 1.106 ; packer_ppa_boundary:u_boundary|is_nar_q      ; posit_pack:u_packer|g_trunc.d_q[22]       ; clk          ; clk         ; 0.000        ; 0.457      ; 1.720      ;
; 1.106 ; packer_ppa_boundary:u_boundary|is_nar_q      ; posit_pack:u_packer|g_trunc.d_q[28]       ; clk          ; clk         ; 0.000        ; 0.457      ; 1.720      ;
; 1.107 ; packer_ppa_boundary:u_boundary|is_nar_q      ; posit_pack:u_packer|g_trunc.d_q[1]        ; clk          ; clk         ; 0.000        ; 0.457      ; 1.721      ;
; 1.108 ; packer_ppa_boundary:u_boundary|is_nar_q      ; posit_pack:u_packer|g_trunc.d_q[5]        ; clk          ; clk         ; 0.000        ; 0.457      ; 1.722      ;
; 1.108 ; packer_ppa_boundary:u_boundary|is_nar_q      ; posit_pack:u_packer|g_trunc.d_q[7]        ; clk          ; clk         ; 0.000        ; 0.457      ; 1.722      ;
; 1.109 ; packer_ppa_boundary:u_boundary|is_nar_q      ; posit_pack:u_packer|g_trunc.d_q[25]       ; clk          ; clk         ; 0.000        ; 0.457      ; 1.723      ;
; 1.110 ; packer_ppa_boundary:u_boundary|is_nar_q      ; posit_pack:u_packer|g_trunc.d_q[24]       ; clk          ; clk         ; 0.000        ; 0.457      ; 1.724      ;
; 1.111 ; packer_ppa_boundary:u_boundary|is_nar_q      ; posit_pack:u_packer|g_trunc.d_q[26]       ; clk          ; clk         ; 0.000        ; 0.457      ; 1.725      ;
; 1.112 ; packer_ppa_boundary:u_boundary|is_nar_q      ; posit_pack:u_packer|g_trunc.d_q[10]       ; clk          ; clk         ; 0.000        ; 0.456      ; 1.725      ;
; 1.116 ; packer_ppa_boundary:u_boundary|is_nar_q      ; posit_pack:u_packer|g_trunc.d_q[19]       ; clk          ; clk         ; 0.000        ; 0.456      ; 1.729      ;
; 1.119 ; packer_ppa_boundary:u_boundary|is_nar_q      ; posit_pack:u_packer|g_trunc.d_q[13]       ; clk          ; clk         ; 0.000        ; 0.456      ; 1.732      ;
; 1.121 ; packer_ppa_boundary:u_boundary|is_nar_q      ; posit_pack:u_packer|g_trunc.d_q[11]       ; clk          ; clk         ; 0.000        ; 0.456      ; 1.734      ;
; 1.136 ; packer_ppa_boundary:u_boundary|flags_in_q[3] ; posit_pack:u_packer|g_trunc.flags_q[3]    ; clk          ; clk         ; 0.000        ; 0.059      ; 1.352      ;
; 1.156 ; packer_ppa_boundary:u_boundary|flags_in_q[4] ; posit_pack:u_packer|g_trunc.d_q[18]       ; clk          ; clk         ; 0.000        ; 0.067      ; 1.380      ;
; 1.163 ; packer_ppa_boundary:u_boundary|flags_in_q[4] ; posit_pack:u_packer|g_trunc.d_q[16]       ; clk          ; clk         ; 0.000        ; 0.067      ; 1.387      ;
; 1.165 ; posit_pack:u_packer|g_trunc.d_q[17]          ; packer_ppa_boundary:u_boundary|d[17]      ; clk          ; clk         ; 0.000        ; -0.316     ; 1.006      ;
; 1.211 ; posit_pack:u_packer|g_trunc.d_q[4]           ; packer_ppa_boundary:u_boundary|d[4]       ; clk          ; clk         ; 0.000        ; -0.291     ; 1.077      ;
; 1.245 ; posit_pack:u_packer|g_trunc.d_q[18]          ; packer_ppa_boundary:u_boundary|d[18]      ; clk          ; clk         ; 0.000        ; 0.060      ; 1.462      ;
; 1.261 ; posit_pack:u_packer|g_trunc.d_q[10]          ; packer_ppa_boundary:u_boundary|d[10]      ; clk          ; clk         ; 0.000        ; -0.290     ; 1.128      ;
; 1.301 ; packer_ppa_boundary:u_boundary|flags_in_q[4] ; posit_pack:u_packer|g_trunc.d_q[8]        ; clk          ; clk         ; 0.000        ; 0.458      ; 1.916      ;
; 1.305 ; packer_ppa_boundary:u_boundary|flags_in_q[4] ; posit_pack:u_packer|g_trunc.d_q[6]        ; clk          ; clk         ; 0.000        ; 0.458      ; 1.920      ;
; 1.306 ; packer_ppa_boundary:u_boundary|flags_in_q[4] ; posit_pack:u_packer|g_trunc.d_q[21]       ; clk          ; clk         ; 0.000        ; 0.458      ; 1.921      ;
; 1.308 ; packer_ppa_boundary:u_boundary|flags_in_q[4] ; posit_pack:u_packer|g_trunc.d_q[2]        ; clk          ; clk         ; 0.000        ; 0.458      ; 1.923      ;
; 1.309 ; packer_ppa_boundary:u_boundary|flags_in_q[4] ; posit_pack:u_packer|g_trunc.d_q[4]        ; clk          ; clk         ; 0.000        ; 0.458      ; 1.924      ;
; 1.310 ; packer_ppa_boundary:u_boundary|flags_in_q[4] ; posit_pack:u_packer|g_trunc.d_q[9]        ; clk          ; clk         ; 0.000        ; 0.458      ; 1.925      ;
; 1.315 ; posit_pack:u_packer|g_trunc.d_q[31]          ; packer_ppa_boundary:u_boundary|d[31]      ; clk          ; clk         ; 0.000        ; -0.316     ; 1.156      ;
; 1.328 ; posit_pack:u_packer|g_trunc.d_q[29]          ; packer_ppa_boundary:u_boundary|d[29]      ; clk          ; clk         ; 0.000        ; -0.314     ; 1.171      ;
; 1.345 ; packer_ppa_boundary:u_boundary|flags_in_q[4] ; posit_pack:u_packer|g_trunc.d_q[19]       ; clk          ; clk         ; 0.000        ; 0.457      ; 1.959      ;
; 1.345 ; packer_ppa_boundary:u_boundary|flags_in_q[4] ; posit_pack:u_packer|g_trunc.d_q[13]       ; clk          ; clk         ; 0.000        ; 0.457      ; 1.959      ;
; 1.346 ; packer_ppa_boundary:u_boundary|flags_in_q[4] ; posit_pack:u_packer|g_trunc.d_q[11]       ; clk          ; clk         ; 0.000        ; 0.457      ; 1.960      ;
; 1.347 ; packer_ppa_boundary:u_boundary|flags_in_q[4] ; posit_pack:u_packer|g_trunc.d_q[10]       ; clk          ; clk         ; 0.000        ; 0.457      ; 1.961      ;
; 1.370 ; packer_ppa_boundary:u_boundary|flags_in_q[4] ; posit_pack:u_packer|g_trunc.d_q[12]       ; clk          ; clk         ; 0.000        ; 0.457      ; 1.984      ;
; 1.372 ; packer_ppa_boundary:u_boundary|is_nar_q      ; posit_pack:u_packer|g_trunc.d_q[15]       ; clk          ; clk         ; 0.000        ; 0.457      ; 1.986      ;
; 1.373 ; packer_ppa_boundary:u_boundary|is_nar_q      ; posit_pack:u_packer|g_trunc.d_q[17]       ; clk          ; clk         ; 0.000        ; 0.457      ; 1.987      ;
; 1.374 ; packer_ppa_boundary:u_boundary|is_nar_q      ; posit_pack:u_packer|g_trunc.d_q[29]       ; clk          ; clk         ; 0.000        ; 0.457      ; 1.988      ;
; 1.378 ; packer_ppa_boundary:u_boundary|is_zero_q     ; posit_pack:u_packer|g_trunc.d_q[10]       ; clk          ; clk         ; 0.000        ; 0.081      ; 1.616      ;
; 1.378 ; packer_ppa_boundary:u_boundary|is_zero_q     ; posit_pack:u_packer|g_trunc.d_q[19]       ; clk          ; clk         ; 0.000        ; 0.081      ; 1.616      ;
; 1.379 ; packer_ppa_boundary:u_boundary|is_zero_q     ; posit_pack:u_packer|g_trunc.d_q[13]       ; clk          ; clk         ; 0.000        ; 0.081      ; 1.617      ;
; 1.379 ; packer_ppa_boundary:u_boundary|is_zero_q     ; posit_pack:u_packer|g_trunc.d_q[11]       ; clk          ; clk         ; 0.000        ; 0.081      ; 1.617      ;
; 1.386 ; packer_ppa_boundary:u_boundary|sign_q        ; posit_pack:u_packer|g_trunc.d_q[0]        ; clk          ; clk         ; 0.000        ; 0.076      ; 1.619      ;
; 1.396 ; packer_ppa_boundary:u_boundary|sign_q        ; posit_pack:u_packer|g_trunc.d_q[31]       ; clk          ; clk         ; 0.000        ; 0.107      ; 1.660      ;
; 1.422 ; packer_ppa_boundary:u_boundary|is_nar_q      ; posit_pack:u_packer|g_trunc.flags_q[0]    ; clk          ; clk         ; 0.000        ; 0.090      ; 1.669      ;
; 1.422 ; packer_ppa_boundary:u_boundary|flags_in_q[4] ; posit_pack:u_packer|g_trunc.d_q[3]        ; clk          ; clk         ; 0.000        ; 0.458      ; 2.037      ;
; 1.426 ; packer_ppa_boundary:u_boundary|flags_in_q[4] ; posit_pack:u_packer|g_trunc.d_q[1]        ; clk          ; clk         ; 0.000        ; 0.458      ; 2.041      ;
; 1.426 ; packer_ppa_boundary:u_boundary|flags_in_q[4] ; posit_pack:u_packer|g_trunc.d_q[7]        ; clk          ; clk         ; 0.000        ; 0.458      ; 2.041      ;
+-------+----------------------------------------------+-------------------------------------------+--------------+-------------+--------------+------------+------------+


+------------------------------------------------------------------------------------------------------------------------------------------------------------------------+
; Slow 1200mV 85C Model Recovery: 'clk'                                                                                                                                  ;
+-------+-------------------------------------------+----------------------------------------------+--------------+-------------+--------------+------------+------------+
; Slack ; From Node                                 ; To Node                                      ; Launch Clock ; Latch Clock ; Relationship ; Clock Skew ; Data Delay ;
+-------+-------------------------------------------+----------------------------------------------+--------------+-------------+--------------+------------+------------+
; 7.165 ; packer_ppa_boundary:u_boundary|meta_sync2 ; posit_pack:u_packer|g_trunc.valid_q          ; clk          ; clk         ; 10.000       ; -0.081     ; 2.749      ;
; 7.165 ; packer_ppa_boundary:u_boundary|meta_sync2 ; packer_ppa_boundary:u_boundary|out_valid     ; clk          ; clk         ; 10.000       ; -0.081     ; 2.749      ;
; 7.171 ; packer_ppa_boundary:u_boundary|meta_sync2 ; packer_ppa_boundary:u_boundary|sf_q[3]       ; clk          ; clk         ; 10.000       ; -0.092     ; 2.732      ;
; 7.171 ; packer_ppa_boundary:u_boundary|meta_sync2 ; packer_ppa_boundary:u_boundary|flags_in_q[4] ; clk          ; clk         ; 10.000       ; -0.091     ; 2.733      ;
; 7.171 ; packer_ppa_boundary:u_boundary|meta_sync2 ; packer_ppa_boundary:u_boundary|frac_q[42]    ; clk          ; clk         ; 10.000       ; -0.092     ; 2.732      ;
; 7.171 ; packer_ppa_boundary:u_boundary|meta_sync2 ; packer_ppa_boundary:u_boundary|frac_q[40]    ; clk          ; clk         ; 10.000       ; -0.092     ; 2.732      ;
; 7.171 ; packer_ppa_boundary:u_boundary|meta_sync2 ; packer_ppa_boundary:u_boundary|frac_q[41]    ; clk          ; clk         ; 10.000       ; -0.092     ; 2.732      ;
; 7.171 ; packer_ppa_boundary:u_boundary|meta_sync2 ; packer_ppa_boundary:u_boundary|frac_q[43]    ; clk          ; clk         ; 10.000       ; -0.092     ; 2.732      ;
; 7.171 ; packer_ppa_boundary:u_boundary|meta_sync2 ; packer_ppa_boundary:u_boundary|frac_q[38]    ; clk          ; clk         ; 10.000       ; -0.092     ; 2.732      ;
; 7.171 ; packer_ppa_boundary:u_boundary|meta_sync2 ; packer_ppa_boundary:u_boundary|frac_q[36]    ; clk          ; clk         ; 10.000       ; -0.092     ; 2.732      ;
; 7.171 ; packer_ppa_boundary:u_boundary|meta_sync2 ; packer_ppa_boundary:u_boundary|frac_q[37]    ; clk          ; clk         ; 10.000       ; -0.092     ; 2.732      ;
; 7.171 ; packer_ppa_boundary:u_boundary|meta_sync2 ; packer_ppa_boundary:u_boundary|frac_q[39]    ; clk          ; clk         ; 10.000       ; -0.092     ; 2.732      ;
; 7.171 ; packer_ppa_boundary:u_boundary|meta_sync2 ; packer_ppa_boundary:u_boundary|frac_q[44]    ; clk          ; clk         ; 10.000       ; -0.092     ; 2.732      ;
; 7.171 ; packer_ppa_boundary:u_boundary|meta_sync2 ; packer_ppa_boundary:u_boundary|frac_q[34]    ; clk          ; clk         ; 10.000       ; -0.092     ; 2.732      ;
; 7.171 ; packer_ppa_boundary:u_boundary|meta_sync2 ; packer_ppa_boundary:u_boundary|frac_q[33]    ; clk          ; clk         ; 10.000       ; -0.092     ; 2.732      ;
; 7.171 ; packer_ppa_boundary:u_boundary|meta_sync2 ; packer_ppa_boundary:u_boundary|frac_q[35]    ; clk          ; clk         ; 10.000       ; -0.092     ; 2.732      ;
; 7.171 ; packer_ppa_boundary:u_boundary|meta_sync2 ; packer_ppa_boundary:u_boundary|frac_q[30]    ; clk          ; clk         ; 10.000       ; -0.092     ; 2.732      ;
; 7.171 ; packer_ppa_boundary:u_boundary|meta_sync2 ; packer_ppa_boundary:u_boundary|frac_q[32]    ; clk          ; clk         ; 10.000       ; -0.092     ; 2.732      ;
; 7.171 ; packer_ppa_boundary:u_boundary|meta_sync2 ; packer_ppa_boundary:u_boundary|frac_q[29]    ; clk          ; clk         ; 10.000       ; -0.092     ; 2.732      ;
; 7.171 ; packer_ppa_boundary:u_boundary|meta_sync2 ; packer_ppa_boundary:u_boundary|d[0]          ; clk          ; clk         ; 10.000       ; -0.091     ; 2.733      ;
; 7.172 ; packer_ppa_boundary:u_boundary|meta_sync2 ; packer_ppa_boundary:u_boundary|sf_q[6]       ; clk          ; clk         ; 10.000       ; -0.090     ; 2.733      ;
; 7.172 ; packer_ppa_boundary:u_boundary|meta_sync2 ; packer_ppa_boundary:u_boundary|sf_q[5]       ; clk          ; clk         ; 10.000       ; -0.090     ; 2.733      ;
; 7.172 ; packer_ppa_boundary:u_boundary|meta_sync2 ; packer_ppa_boundary:u_boundary|sf_q[8]       ; clk          ; clk         ; 10.000       ; -0.090     ; 2.733      ;
; 7.172 ; packer_ppa_boundary:u_boundary|meta_sync2 ; packer_ppa_boundary:u_boundary|sf_q[7]       ; clk          ; clk         ; 10.000       ; -0.090     ; 2.733      ;
; 7.172 ; packer_ppa_boundary:u_boundary|meta_sync2 ; packer_ppa_boundary:u_boundary|is_nar_q      ; clk          ; clk         ; 10.000       ; -0.090     ; 2.733      ;
; 7.172 ; packer_ppa_boundary:u_boundary|meta_sync2 ; packer_ppa_boundary:u_boundary|frac_q[45]    ; clk          ; clk         ; 10.000       ; -0.088     ; 2.735      ;
; 7.172 ; packer_ppa_boundary:u_boundary|meta_sync2 ; packer_ppa_boundary:u_boundary|frac_q[47]    ; clk          ; clk         ; 10.000       ; -0.088     ; 2.735      ;
; 7.172 ; packer_ppa_boundary:u_boundary|meta_sync2 ; packer_ppa_boundary:u_boundary|frac_q[31]    ; clk          ; clk         ; 10.000       ; -0.090     ; 2.733      ;
; 7.172 ; packer_ppa_boundary:u_boundary|meta_sync2 ; packer_ppa_boundary:u_boundary|frac_q[28]    ; clk          ; clk         ; 10.000       ; -0.088     ; 2.735      ;
; 7.172 ; packer_ppa_boundary:u_boundary|meta_sync2 ; packer_ppa_boundary:u_boundary|d[15]         ; clk          ; clk         ; 10.000       ; -0.086     ; 2.737      ;
; 7.172 ; packer_ppa_boundary:u_boundary|meta_sync2 ; posit_pack:u_packer|g_trunc.d_q[16]          ; clk          ; clk         ; 10.000       ; -0.086     ; 2.737      ;
; 7.172 ; packer_ppa_boundary:u_boundary|meta_sync2 ; packer_ppa_boundary:u_boundary|d[17]         ; clk          ; clk         ; 10.000       ; -0.088     ; 2.735      ;
; 7.172 ; packer_ppa_boundary:u_boundary|meta_sync2 ; posit_pack:u_packer|g_trunc.d_q[18]          ; clk          ; clk         ; 10.000       ; -0.086     ; 2.737      ;
; 7.172 ; packer_ppa_boundary:u_boundary|meta_sync2 ; packer_ppa_boundary:u_boundary|d[18]         ; clk          ; clk         ; 10.000       ; -0.088     ; 2.735      ;
; 7.172 ; packer_ppa_boundary:u_boundary|meta_sync2 ; packer_ppa_boundary:u_boundary|d[19]         ; clk          ; clk         ; 10.000       ; -0.091     ; 2.732      ;
; 7.172 ; packer_ppa_boundary:u_boundary|meta_sync2 ; packer_ppa_boundary:u_boundary|d[27]         ; clk          ; clk         ; 10.000       ; -0.090     ; 2.733      ;
; 7.172 ; packer_ppa_boundary:u_boundary|meta_sync2 ; packer_ppa_boundary:u_boundary|d[29]         ; clk          ; clk         ; 10.000       ; -0.086     ; 2.737      ;
; 7.172 ; packer_ppa_boundary:u_boundary|meta_sync2 ; packer_ppa_boundary:u_boundary|d[30]         ; clk          ; clk         ; 10.000       ; -0.090     ; 2.733      ;
; 7.172 ; packer_ppa_boundary:u_boundary|meta_sync2 ; packer_ppa_boundary:u_boundary|frac_q[27]    ; clk          ; clk         ; 10.000       ; -0.092     ; 2.731      ;
; 7.172 ; packer_ppa_boundary:u_boundary|meta_sync2 ; packer_ppa_boundary:u_boundary|frac_q[26]    ; clk          ; clk         ; 10.000       ; -0.092     ; 2.731      ;
; 7.172 ; packer_ppa_boundary:u_boundary|meta_sync2 ; packer_ppa_boundary:u_boundary|frac_q[15]    ; clk          ; clk         ; 10.000       ; -0.090     ; 2.733      ;
; 7.172 ; packer_ppa_boundary:u_boundary|meta_sync2 ; packer_ppa_boundary:u_boundary|frac_q[22]    ; clk          ; clk         ; 10.000       ; -0.092     ; 2.731      ;
; 7.172 ; packer_ppa_boundary:u_boundary|meta_sync2 ; packer_ppa_boundary:u_boundary|frac_q[23]    ; clk          ; clk         ; 10.000       ; -0.092     ; 2.731      ;
; 7.172 ; packer_ppa_boundary:u_boundary|meta_sync2 ; packer_ppa_boundary:u_boundary|frac_q[24]    ; clk          ; clk         ; 10.000       ; -0.092     ; 2.731      ;
; 7.172 ; packer_ppa_boundary:u_boundary|meta_sync2 ; packer_ppa_boundary:u_boundary|frac_q[25]    ; clk          ; clk         ; 10.000       ; -0.092     ; 2.731      ;
; 7.172 ; packer_ppa_boundary:u_boundary|meta_sync2 ; packer_ppa_boundary:u_boundary|frac_q[17]    ; clk          ; clk         ; 10.000       ; -0.090     ; 2.733      ;
; 7.172 ; packer_ppa_boundary:u_boundary|meta_sync2 ; packer_ppa_boundary:u_boundary|frac_q[18]    ; clk          ; clk         ; 10.000       ; -0.090     ; 2.733      ;
; 7.172 ; packer_ppa_boundary:u_boundary|meta_sync2 ; packer_ppa_boundary:u_boundary|frac_q[16]    ; clk          ; clk         ; 10.000       ; -0.090     ; 2.733      ;
; 7.172 ; packer_ppa_boundary:u_boundary|meta_sync2 ; packer_ppa_boundary:u_boundary|frac_q[19]    ; clk          ; clk         ; 10.000       ; -0.091     ; 2.732      ;
; 7.172 ; packer_ppa_boundary:u_boundary|meta_sync2 ; packer_ppa_boundary:u_boundary|frac_q[20]    ; clk          ; clk         ; 10.000       ; -0.091     ; 2.732      ;
; 7.172 ; packer_ppa_boundary:u_boundary|meta_sync2 ; packer_ppa_boundary:u_boundary|frac_q[14]    ; clk          ; clk         ; 10.000       ; -0.090     ; 2.733      ;
; 7.172 ; packer_ppa_boundary:u_boundary|meta_sync2 ; packer_ppa_boundary:u_boundary|frac_q[0]     ; clk          ; clk         ; 10.000       ; -0.090     ; 2.733      ;
; 7.172 ; packer_ppa_boundary:u_boundary|meta_sync2 ; packer_ppa_boundary:u_boundary|frac_q[21]    ; clk          ; clk         ; 10.000       ; -0.092     ; 2.731      ;
; 7.172 ; packer_ppa_boundary:u_boundary|meta_sync2 ; packer_ppa_boundary:u_boundary|frac_q[6]     ; clk          ; clk         ; 10.000       ; -0.090     ; 2.733      ;
; 7.172 ; packer_ppa_boundary:u_boundary|meta_sync2 ; packer_ppa_boundary:u_boundary|frac_q[13]    ; clk          ; clk         ; 10.000       ; -0.095     ; 2.728      ;
; 7.172 ; packer_ppa_boundary:u_boundary|meta_sync2 ; packer_ppa_boundary:u_boundary|frac_q[5]     ; clk          ; clk         ; 10.000       ; -0.090     ; 2.733      ;
; 7.172 ; packer_ppa_boundary:u_boundary|meta_sync2 ; packer_ppa_boundary:u_boundary|sticky_q      ; clk          ; clk         ; 10.000       ; -0.093     ; 2.730      ;
; 7.172 ; packer_ppa_boundary:u_boundary|meta_sync2 ; packer_ppa_boundary:u_boundary|frac_q[4]     ; clk          ; clk         ; 10.000       ; -0.093     ; 2.730      ;
; 7.172 ; packer_ppa_boundary:u_boundary|meta_sync2 ; packer_ppa_boundary:u_boundary|frac_q[1]     ; clk          ; clk         ; 10.000       ; -0.093     ; 2.730      ;
; 7.172 ; packer_ppa_boundary:u_boundary|meta_sync2 ; packer_ppa_boundary:u_boundary|frac_q[3]     ; clk          ; clk         ; 10.000       ; -0.090     ; 2.733      ;
; 7.172 ; packer_ppa_boundary:u_boundary|meta_sync2 ; packer_ppa_boundary:u_boundary|flags[1]      ; clk          ; clk         ; 10.000       ; -0.096     ; 2.727      ;
; 7.172 ; packer_ppa_boundary:u_boundary|meta_sync2 ; packer_ppa_boundary:u_boundary|flags_in_q[2] ; clk          ; clk         ; 10.000       ; -0.087     ; 2.736      ;
; 7.172 ; packer_ppa_boundary:u_boundary|meta_sync2 ; posit_pack:u_packer|g_trunc.flags_q[2]       ; clk          ; clk         ; 10.000       ; -0.087     ; 2.736      ;
; 7.172 ; packer_ppa_boundary:u_boundary|meta_sync2 ; packer_ppa_boundary:u_boundary|flags[2]      ; clk          ; clk         ; 10.000       ; -0.087     ; 2.736      ;
; 7.172 ; packer_ppa_boundary:u_boundary|meta_sync2 ; packer_ppa_boundary:u_boundary|flags_in_q[3] ; clk          ; clk         ; 10.000       ; -0.087     ; 2.736      ;
; 7.172 ; packer_ppa_boundary:u_boundary|meta_sync2 ; posit_pack:u_packer|g_trunc.flags_q[4]       ; clk          ; clk         ; 10.000       ; -0.087     ; 2.736      ;
; 7.172 ; packer_ppa_boundary:u_boundary|meta_sync2 ; packer_ppa_boundary:u_boundary|flags[4]      ; clk          ; clk         ; 10.000       ; -0.087     ; 2.736      ;
; 7.172 ; packer_ppa_boundary:u_boundary|meta_sync2 ; packer_ppa_boundary:u_boundary|d[1]          ; clk          ; clk         ; 10.000       ; -0.078     ; 2.745      ;
; 7.172 ; packer_ppa_boundary:u_boundary|meta_sync2 ; packer_ppa_boundary:u_boundary|d[2]          ; clk          ; clk         ; 10.000       ; -0.079     ; 2.744      ;
; 7.172 ; packer_ppa_boundary:u_boundary|meta_sync2 ; packer_ppa_boundary:u_boundary|d[3]          ; clk          ; clk         ; 10.000       ; -0.078     ; 2.745      ;
; 7.172 ; packer_ppa_boundary:u_boundary|meta_sync2 ; packer_ppa_boundary:u_boundary|d[4]          ; clk          ; clk         ; 10.000       ; -0.079     ; 2.744      ;
; 7.172 ; packer_ppa_boundary:u_boundary|meta_sync2 ; packer_ppa_boundary:u_boundary|d[5]          ; clk          ; clk         ; 10.000       ; -0.078     ; 2.745      ;
; 7.172 ; packer_ppa_boundary:u_boundary|meta_sync2 ; packer_ppa_boundary:u_boundary|d[6]          ; clk          ; clk         ; 10.000       ; -0.079     ; 2.744      ;
; 7.172 ; packer_ppa_boundary:u_boundary|meta_sync2 ; packer_ppa_boundary:u_boundary|d[7]          ; clk          ; clk         ; 10.000       ; -0.078     ; 2.745      ;
; 7.172 ; packer_ppa_boundary:u_boundary|meta_sync2 ; packer_ppa_boundary:u_boundary|d[8]          ; clk          ; clk         ; 10.000       ; -0.079     ; 2.744      ;
; 7.172 ; packer_ppa_boundary:u_boundary|meta_sync2 ; packer_ppa_boundary:u_boundary|d[9]          ; clk          ; clk         ; 10.000       ; -0.079     ; 2.744      ;
; 7.172 ; packer_ppa_boundary:u_boundary|meta_sync2 ; packer_ppa_boundary:u_boundary|d[10]         ; clk          ; clk         ; 10.000       ; -0.079     ; 2.744      ;
; 7.172 ; packer_ppa_boundary:u_boundary|meta_sync2 ; packer_ppa_boundary:u_boundary|d[11]         ; clk          ; clk         ; 10.000       ; -0.079     ; 2.744      ;
; 7.172 ; packer_ppa_boundary:u_boundary|meta_sync2 ; packer_ppa_boundary:u_boundary|d[13]         ; clk          ; clk         ; 10.000       ; -0.079     ; 2.744      ;
; 7.172 ; packer_ppa_boundary:u_boundary|meta_sync2 ; packer_ppa_boundary:u_boundary|d[20]         ; clk          ; clk         ; 10.000       ; -0.077     ; 2.746      ;
; 7.172 ; packer_ppa_boundary:u_boundary|meta_sync2 ; packer_ppa_boundary:u_boundary|d[21]         ; clk          ; clk         ; 10.000       ; -0.079     ; 2.744      ;
; 7.172 ; packer_ppa_boundary:u_boundary|meta_sync2 ; packer_ppa_boundary:u_boundary|d[22]         ; clk          ; clk         ; 10.000       ; -0.077     ; 2.746      ;
; 7.172 ; packer_ppa_boundary:u_boundary|meta_sync2 ; packer_ppa_boundary:u_boundary|d[24]         ; clk          ; clk         ; 10.000       ; -0.077     ; 2.746      ;
; 7.172 ; packer_ppa_boundary:u_boundary|meta_sync2 ; packer_ppa_boundary:u_boundary|d[25]         ; clk          ; clk         ; 10.000       ; -0.078     ; 2.745      ;
; 7.172 ; packer_ppa_boundary:u_boundary|meta_sync2 ; packer_ppa_boundary:u_boundary|d[26]         ; clk          ; clk         ; 10.000       ; -0.077     ; 2.746      ;
; 7.172 ; packer_ppa_boundary:u_boundary|meta_sync2 ; packer_ppa_boundary:u_boundary|d[28]         ; clk          ; clk         ; 10.000       ; -0.077     ; 2.746      ;
; 7.172 ; packer_ppa_boundary:u_boundary|meta_sync2 ; packer_ppa_boundary:u_boundary|flags_in_q[0] ; clk          ; clk         ; 10.000       ; -0.079     ; 2.744      ;
; 7.173 ; packer_ppa_boundary:u_boundary|meta_sync2 ; packer_ppa_boundary:u_boundary|sf_q[9]       ; clk          ; clk         ; 10.000       ; -0.087     ; 2.735      ;
; 7.173 ; packer_ppa_boundary:u_boundary|meta_sync2 ; packer_ppa_boundary:u_boundary|sf_q[4]       ; clk          ; clk         ; 10.000       ; -0.087     ; 2.735      ;
; 7.173 ; packer_ppa_boundary:u_boundary|meta_sync2 ; packer_ppa_boundary:u_boundary|sf_q[2]       ; clk          ; clk         ; 10.000       ; -0.087     ; 2.735      ;
; 7.173 ; packer_ppa_boundary:u_boundary|meta_sync2 ; packer_ppa_boundary:u_boundary|frac_q[49]    ; clk          ; clk         ; 10.000       ; -0.087     ; 2.735      ;
; 7.173 ; packer_ppa_boundary:u_boundary|meta_sync2 ; packer_ppa_boundary:u_boundary|frac_q[51]    ; clk          ; clk         ; 10.000       ; -0.087     ; 2.735      ;
; 7.173 ; packer_ppa_boundary:u_boundary|meta_sync2 ; packer_ppa_boundary:u_boundary|frac_q[48]    ; clk          ; clk         ; 10.000       ; -0.087     ; 2.735      ;
; 7.173 ; packer_ppa_boundary:u_boundary|meta_sync2 ; packer_ppa_boundary:u_boundary|frac_q[50]    ; clk          ; clk         ; 10.000       ; -0.087     ; 2.735      ;
; 7.173 ; packer_ppa_boundary:u_boundary|meta_sync2 ; packer_ppa_boundary:u_boundary|frac_q[46]    ; clk          ; clk         ; 10.000       ; -0.087     ; 2.735      ;
; 7.173 ; packer_ppa_boundary:u_boundary|meta_sync2 ; packer_ppa_boundary:u_boundary|frac_q[52]    ; clk          ; clk         ; 10.000       ; -0.087     ; 2.735      ;
; 7.173 ; packer_ppa_boundary:u_boundary|meta_sync2 ; packer_ppa_boundary:u_boundary|frac_q[54]    ; clk          ; clk         ; 10.000       ; -0.087     ; 2.735      ;
; 7.173 ; packer_ppa_boundary:u_boundary|meta_sync2 ; packer_ppa_boundary:u_boundary|frac_q[53]    ; clk          ; clk         ; 10.000       ; -0.087     ; 2.735      ;
; 7.173 ; packer_ppa_boundary:u_boundary|meta_sync2 ; packer_ppa_boundary:u_boundary|sf_q[0]       ; clk          ; clk         ; 10.000       ; -0.087     ; 2.735      ;
; 7.173 ; packer_ppa_boundary:u_boundary|meta_sync2 ; packer_ppa_boundary:u_boundary|sf_q[1]       ; clk          ; clk         ; 10.000       ; -0.087     ; 2.735      ;
+-------+-------------------------------------------+----------------------------------------------+--------------+-------------+--------------+------------+------------+


+------------------------------------------------------------------------------------------------------------------------------------------------------------------------+
; Slow 1200mV 85C Model Removal: 'clk'                                                                                                                                   ;
+-------+-------------------------------------------+----------------------------------------------+--------------+-------------+--------------+------------+------------+
; Slack ; From Node                                 ; To Node                                      ; Launch Clock ; Latch Clock ; Relationship ; Clock Skew ; Data Delay ;
+-------+-------------------------------------------+----------------------------------------------+--------------+-------------+--------------+------------+------------+
; 1.943 ; packer_ppa_boundary:u_boundary|meta_sync2 ; posit_pack:u_packer|g_trunc.d_q[15]          ; clk          ; clk         ; 0.000        ; 0.461      ; 2.561      ;
; 1.943 ; packer_ppa_boundary:u_boundary|meta_sync2 ; posit_pack:u_packer|g_trunc.d_q[17]          ; clk          ; clk         ; 0.000        ; 0.461      ; 2.561      ;
; 1.943 ; packer_ppa_boundary:u_boundary|meta_sync2 ; posit_pack:u_packer|g_trunc.d_q[29]          ; clk          ; clk         ; 0.000        ; 0.461      ; 2.561      ;
; 1.943 ; packer_ppa_boundary:u_boundary|meta_sync2 ; posit_pack:u_packer|g_trunc.d_q[31]          ; clk          ; clk         ; 0.000        ; 0.461      ; 2.561      ;
; 1.944 ; packer_ppa_boundary:u_boundary|meta_sync2 ; packer_ppa_boundary:u_boundary|is_zero_q     ; clk          ; clk         ; 0.000        ; 0.456      ; 2.557      ;
; 1.968 ; packer_ppa_boundary:u_boundary|meta_sync2 ; posit_pack:u_packer|g_trunc.d_q[1]           ; clk          ; clk         ; 0.000        ; 0.445      ; 2.570      ;
; 1.968 ; packer_ppa_boundary:u_boundary|meta_sync2 ; posit_pack:u_packer|g_trunc.d_q[2]           ; clk          ; clk         ; 0.000        ; 0.445      ; 2.570      ;
; 1.968 ; packer_ppa_boundary:u_boundary|meta_sync2 ; posit_pack:u_packer|g_trunc.d_q[3]           ; clk          ; clk         ; 0.000        ; 0.445      ; 2.570      ;
; 1.968 ; packer_ppa_boundary:u_boundary|meta_sync2 ; posit_pack:u_packer|g_trunc.d_q[4]           ; clk          ; clk         ; 0.000        ; 0.445      ; 2.570      ;
; 1.968 ; packer_ppa_boundary:u_boundary|meta_sync2 ; posit_pack:u_packer|g_trunc.d_q[5]           ; clk          ; clk         ; 0.000        ; 0.445      ; 2.570      ;
; 1.968 ; packer_ppa_boundary:u_boundary|meta_sync2 ; posit_pack:u_packer|g_trunc.d_q[6]           ; clk          ; clk         ; 0.000        ; 0.445      ; 2.570      ;
; 1.968 ; packer_ppa_boundary:u_boundary|meta_sync2 ; posit_pack:u_packer|g_trunc.d_q[7]           ; clk          ; clk         ; 0.000        ; 0.445      ; 2.570      ;
; 1.968 ; packer_ppa_boundary:u_boundary|meta_sync2 ; posit_pack:u_packer|g_trunc.d_q[8]           ; clk          ; clk         ; 0.000        ; 0.445      ; 2.570      ;
; 1.968 ; packer_ppa_boundary:u_boundary|meta_sync2 ; posit_pack:u_packer|g_trunc.d_q[9]           ; clk          ; clk         ; 0.000        ; 0.445      ; 2.570      ;
; 1.968 ; packer_ppa_boundary:u_boundary|meta_sync2 ; posit_pack:u_packer|g_trunc.d_q[10]          ; clk          ; clk         ; 0.000        ; 0.444      ; 2.569      ;
; 1.968 ; packer_ppa_boundary:u_boundary|meta_sync2 ; posit_pack:u_packer|g_trunc.d_q[11]          ; clk          ; clk         ; 0.000        ; 0.444      ; 2.569      ;
; 1.968 ; packer_ppa_boundary:u_boundary|meta_sync2 ; posit_pack:u_packer|g_trunc.d_q[12]          ; clk          ; clk         ; 0.000        ; 0.444      ; 2.569      ;
; 1.968 ; packer_ppa_boundary:u_boundary|meta_sync2 ; posit_pack:u_packer|g_trunc.d_q[13]          ; clk          ; clk         ; 0.000        ; 0.444      ; 2.569      ;
; 1.968 ; packer_ppa_boundary:u_boundary|meta_sync2 ; posit_pack:u_packer|g_trunc.d_q[19]          ; clk          ; clk         ; 0.000        ; 0.444      ; 2.569      ;
; 1.968 ; packer_ppa_boundary:u_boundary|meta_sync2 ; posit_pack:u_packer|g_trunc.d_q[20]          ; clk          ; clk         ; 0.000        ; 0.445      ; 2.570      ;
; 1.968 ; packer_ppa_boundary:u_boundary|meta_sync2 ; posit_pack:u_packer|g_trunc.d_q[21]          ; clk          ; clk         ; 0.000        ; 0.445      ; 2.570      ;
; 1.968 ; packer_ppa_boundary:u_boundary|meta_sync2 ; posit_pack:u_packer|g_trunc.d_q[22]          ; clk          ; clk         ; 0.000        ; 0.445      ; 2.570      ;
; 1.968 ; packer_ppa_boundary:u_boundary|meta_sync2 ; posit_pack:u_packer|g_trunc.d_q[24]          ; clk          ; clk         ; 0.000        ; 0.445      ; 2.570      ;
; 1.968 ; packer_ppa_boundary:u_boundary|meta_sync2 ; posit_pack:u_packer|g_trunc.d_q[25]          ; clk          ; clk         ; 0.000        ; 0.445      ; 2.570      ;
; 1.968 ; packer_ppa_boundary:u_boundary|meta_sync2 ; posit_pack:u_packer|g_trunc.d_q[26]          ; clk          ; clk         ; 0.000        ; 0.445      ; 2.570      ;
; 1.968 ; packer_ppa_boundary:u_boundary|meta_sync2 ; posit_pack:u_packer|g_trunc.d_q[28]          ; clk          ; clk         ; 0.000        ; 0.445      ; 2.570      ;
; 1.970 ; packer_ppa_boundary:u_boundary|meta_sync2 ; packer_ppa_boundary:u_boundary|sign_q        ; clk          ; clk         ; 0.000        ; 0.430      ; 2.557      ;
; 1.970 ; packer_ppa_boundary:u_boundary|meta_sync2 ; posit_pack:u_packer|g_trunc.d_q[0]           ; clk          ; clk         ; 0.000        ; 0.430      ; 2.557      ;
; 1.970 ; packer_ppa_boundary:u_boundary|meta_sync2 ; posit_pack:u_packer|g_trunc.d_q[14]          ; clk          ; clk         ; 0.000        ; 0.431      ; 2.558      ;
; 1.970 ; packer_ppa_boundary:u_boundary|meta_sync2 ; posit_pack:u_packer|g_trunc.d_q[23]          ; clk          ; clk         ; 0.000        ; 0.431      ; 2.558      ;
; 1.970 ; packer_ppa_boundary:u_boundary|meta_sync2 ; posit_pack:u_packer|g_trunc.d_q[27]          ; clk          ; clk         ; 0.000        ; 0.431      ; 2.558      ;
; 1.970 ; packer_ppa_boundary:u_boundary|meta_sync2 ; posit_pack:u_packer|g_trunc.d_q[30]          ; clk          ; clk         ; 0.000        ; 0.431      ; 2.558      ;
; 2.334 ; packer_ppa_boundary:u_boundary|meta_sync2 ; packer_ppa_boundary:u_boundary|d[15]         ; clk          ; clk         ; 0.000        ; 0.070      ; 2.561      ;
; 2.334 ; packer_ppa_boundary:u_boundary|meta_sync2 ; posit_pack:u_packer|g_trunc.d_q[16]          ; clk          ; clk         ; 0.000        ; 0.070      ; 2.561      ;
; 2.334 ; packer_ppa_boundary:u_boundary|meta_sync2 ; packer_ppa_boundary:u_boundary|d[17]         ; clk          ; clk         ; 0.000        ; 0.068      ; 2.559      ;
; 2.334 ; packer_ppa_boundary:u_boundary|meta_sync2 ; posit_pack:u_packer|g_trunc.d_q[18]          ; clk          ; clk         ; 0.000        ; 0.070      ; 2.561      ;
; 2.334 ; packer_ppa_boundary:u_boundary|meta_sync2 ; packer_ppa_boundary:u_boundary|d[18]         ; clk          ; clk         ; 0.000        ; 0.068      ; 2.559      ;
; 2.334 ; packer_ppa_boundary:u_boundary|meta_sync2 ; packer_ppa_boundary:u_boundary|d[29]         ; clk          ; clk         ; 0.000        ; 0.070      ; 2.561      ;
; 2.334 ; packer_ppa_boundary:u_boundary|meta_sync2 ; packer_ppa_boundary:u_boundary|frac_q[27]    ; clk          ; clk         ; 0.000        ; 0.064      ; 2.555      ;
; 2.334 ; packer_ppa_boundary:u_boundary|meta_sync2 ; packer_ppa_boundary:u_boundary|frac_q[26]    ; clk          ; clk         ; 0.000        ; 0.064      ; 2.555      ;
; 2.334 ; packer_ppa_boundary:u_boundary|meta_sync2 ; packer_ppa_boundary:u_boundary|frac_q[15]    ; clk          ; clk         ; 0.000        ; 0.066      ; 2.557      ;
; 2.334 ; packer_ppa_boundary:u_boundary|meta_sync2 ; packer_ppa_boundary:u_boundary|frac_q[22]    ; clk          ; clk         ; 0.000        ; 0.064      ; 2.555      ;
; 2.334 ; packer_ppa_boundary:u_boundary|meta_sync2 ; packer_ppa_boundary:u_boundary|frac_q[23]    ; clk          ; clk         ; 0.000        ; 0.064      ; 2.555      ;
; 2.334 ; packer_ppa_boundary:u_boundary|meta_sync2 ; packer_ppa_boundary:u_boundary|frac_q[24]    ; clk          ; clk         ; 0.000        ; 0.064      ; 2.555      ;
; 2.334 ; packer_ppa_boundary:u_boundary|meta_sync2 ; packer_ppa_boundary:u_boundary|frac_q[25]    ; clk          ; clk         ; 0.000        ; 0.064      ; 2.555      ;
; 2.334 ; packer_ppa_boundary:u_boundary|meta_sync2 ; packer_ppa_boundary:u_boundary|frac_q[17]    ; clk          ; clk         ; 0.000        ; 0.066      ; 2.557      ;
; 2.334 ; packer_ppa_boundary:u_boundary|meta_sync2 ; packer_ppa_boundary:u_boundary|frac_q[18]    ; clk          ; clk         ; 0.000        ; 0.066      ; 2.557      ;
; 2.334 ; packer_ppa_boundary:u_boundary|meta_sync2 ; packer_ppa_boundary:u_boundary|frac_q[16]    ; clk          ; clk         ; 0.000        ; 0.066      ; 2.557      ;
; 2.334 ; packer_ppa_boundary:u_boundary|meta_sync2 ; packer_ppa_boundary:u_boundary|frac_q[14]    ; clk          ; clk         ; 0.000        ; 0.066      ; 2.557      ;
; 2.334 ; packer_ppa_boundary:u_boundary|meta_sync2 ; packer_ppa_boundary:u_boundary|frac_q[21]    ; clk          ; clk         ; 0.000        ; 0.064      ; 2.555      ;
; 2.334 ; packer_ppa_boundary:u_boundary|meta_sync2 ; packer_ppa_boundary:u_boundary|d[1]          ; clk          ; clk         ; 0.000        ; 0.078      ; 2.569      ;
; 2.334 ; packer_ppa_boundary:u_boundary|meta_sync2 ; packer_ppa_boundary:u_boundary|d[3]          ; clk          ; clk         ; 0.000        ; 0.078      ; 2.569      ;
; 2.334 ; packer_ppa_boundary:u_boundary|meta_sync2 ; packer_ppa_boundary:u_boundary|d[5]          ; clk          ; clk         ; 0.000        ; 0.078      ; 2.569      ;
; 2.334 ; packer_ppa_boundary:u_boundary|meta_sync2 ; packer_ppa_boundary:u_boundary|d[7]          ; clk          ; clk         ; 0.000        ; 0.078      ; 2.569      ;
; 2.334 ; packer_ppa_boundary:u_boundary|meta_sync2 ; packer_ppa_boundary:u_boundary|d[12]         ; clk          ; clk         ; 0.000        ; 0.078      ; 2.569      ;
; 2.334 ; packer_ppa_boundary:u_boundary|meta_sync2 ; packer_ppa_boundary:u_boundary|d[14]         ; clk          ; clk         ; 0.000        ; 0.078      ; 2.569      ;
; 2.334 ; packer_ppa_boundary:u_boundary|meta_sync2 ; packer_ppa_boundary:u_boundary|d[20]         ; clk          ; clk         ; 0.000        ; 0.079      ; 2.570      ;
; 2.334 ; packer_ppa_boundary:u_boundary|meta_sync2 ; packer_ppa_boundary:u_boundary|d[22]         ; clk          ; clk         ; 0.000        ; 0.079      ; 2.570      ;
; 2.334 ; packer_ppa_boundary:u_boundary|meta_sync2 ; packer_ppa_boundary:u_boundary|d[24]         ; clk          ; clk         ; 0.000        ; 0.079      ; 2.570      ;
; 2.334 ; packer_ppa_boundary:u_boundary|meta_sync2 ; packer_ppa_boundary:u_boundary|d[25]         ; clk          ; clk         ; 0.000        ; 0.078      ; 2.569      ;
; 2.334 ; packer_ppa_boundary:u_boundary|meta_sync2 ; packer_ppa_boundary:u_boundary|d[26]         ; clk          ; clk         ; 0.000        ; 0.079      ; 2.570      ;
; 2.334 ; packer_ppa_boundary:u_boundary|meta_sync2 ; packer_ppa_boundary:u_boundary|d[28]         ; clk          ; clk         ; 0.000        ; 0.079      ; 2.570      ;
; 2.334 ; packer_ppa_boundary:u_boundary|meta_sync2 ; posit_pack:u_packer|g_trunc.flags_q[0]       ; clk          ; clk         ; 0.000        ; 0.078      ; 2.569      ;
; 2.334 ; packer_ppa_boundary:u_boundary|meta_sync2 ; packer_ppa_boundary:u_boundary|flags[0]      ; clk          ; clk         ; 0.000        ; 0.078      ; 2.569      ;
; 2.335 ; packer_ppa_boundary:u_boundary|meta_sync2 ; packer_ppa_boundary:u_boundary|sf_q[9]       ; clk          ; clk         ; 0.000        ; 0.068      ; 2.560      ;
; 2.335 ; packer_ppa_boundary:u_boundary|meta_sync2 ; packer_ppa_boundary:u_boundary|sf_q[4]       ; clk          ; clk         ; 0.000        ; 0.068      ; 2.560      ;
; 2.335 ; packer_ppa_boundary:u_boundary|meta_sync2 ; packer_ppa_boundary:u_boundary|sf_q[6]       ; clk          ; clk         ; 0.000        ; 0.065      ; 2.557      ;
; 2.335 ; packer_ppa_boundary:u_boundary|meta_sync2 ; packer_ppa_boundary:u_boundary|sf_q[5]       ; clk          ; clk         ; 0.000        ; 0.065      ; 2.557      ;
; 2.335 ; packer_ppa_boundary:u_boundary|meta_sync2 ; packer_ppa_boundary:u_boundary|sf_q[8]       ; clk          ; clk         ; 0.000        ; 0.065      ; 2.557      ;
; 2.335 ; packer_ppa_boundary:u_boundary|meta_sync2 ; packer_ppa_boundary:u_boundary|sf_q[7]       ; clk          ; clk         ; 0.000        ; 0.065      ; 2.557      ;
; 2.335 ; packer_ppa_boundary:u_boundary|meta_sync2 ; packer_ppa_boundary:u_boundary|is_nar_q      ; clk          ; clk         ; 0.000        ; 0.065      ; 2.557      ;
; 2.335 ; packer_ppa_boundary:u_boundary|meta_sync2 ; packer_ppa_boundary:u_boundary|flags_in_q[4] ; clk          ; clk         ; 0.000        ; 0.065      ; 2.557      ;
; 2.335 ; packer_ppa_boundary:u_boundary|meta_sync2 ; packer_ppa_boundary:u_boundary|sf_q[2]       ; clk          ; clk         ; 0.000        ; 0.068      ; 2.560      ;
; 2.335 ; packer_ppa_boundary:u_boundary|meta_sync2 ; packer_ppa_boundary:u_boundary|frac_q[36]    ; clk          ; clk         ; 0.000        ; 0.063      ; 2.555      ;
; 2.335 ; packer_ppa_boundary:u_boundary|meta_sync2 ; packer_ppa_boundary:u_boundary|frac_q[49]    ; clk          ; clk         ; 0.000        ; 0.068      ; 2.560      ;
; 2.335 ; packer_ppa_boundary:u_boundary|meta_sync2 ; packer_ppa_boundary:u_boundary|frac_q[51]    ; clk          ; clk         ; 0.000        ; 0.068      ; 2.560      ;
; 2.335 ; packer_ppa_boundary:u_boundary|meta_sync2 ; packer_ppa_boundary:u_boundary|frac_q[48]    ; clk          ; clk         ; 0.000        ; 0.068      ; 2.560      ;
; 2.335 ; packer_ppa_boundary:u_boundary|meta_sync2 ; packer_ppa_boundary:u_boundary|frac_q[50]    ; clk          ; clk         ; 0.000        ; 0.068      ; 2.560      ;
; 2.335 ; packer_ppa_boundary:u_boundary|meta_sync2 ; packer_ppa_boundary:u_boundary|frac_q[45]    ; clk          ; clk         ; 0.000        ; 0.068      ; 2.560      ;
; 2.335 ; packer_ppa_boundary:u_boundary|meta_sync2 ; packer_ppa_boundary:u_boundary|frac_q[47]    ; clk          ; clk         ; 0.000        ; 0.068      ; 2.560      ;
; 2.335 ; packer_ppa_boundary:u_boundary|meta_sync2 ; packer_ppa_boundary:u_boundary|frac_q[46]    ; clk          ; clk         ; 0.000        ; 0.068      ; 2.560      ;
; 2.335 ; packer_ppa_boundary:u_boundary|meta_sync2 ; packer_ppa_boundary:u_boundary|frac_q[44]    ; clk          ; clk         ; 0.000        ; 0.063      ; 2.555      ;
; 2.335 ; packer_ppa_boundary:u_boundary|meta_sync2 ; packer_ppa_boundary:u_boundary|frac_q[52]    ; clk          ; clk         ; 0.000        ; 0.068      ; 2.560      ;
; 2.335 ; packer_ppa_boundary:u_boundary|meta_sync2 ; packer_ppa_boundary:u_boundary|frac_q[54]    ; clk          ; clk         ; 0.000        ; 0.068      ; 2.560      ;
; 2.335 ; packer_ppa_boundary:u_boundary|meta_sync2 ; packer_ppa_boundary:u_boundary|frac_q[53]    ; clk          ; clk         ; 0.000        ; 0.068      ; 2.560      ;
; 2.335 ; packer_ppa_boundary:u_boundary|meta_sync2 ; packer_ppa_boundary:u_boundary|sf_q[0]       ; clk          ; clk         ; 0.000        ; 0.068      ; 2.560      ;
; 2.335 ; packer_ppa_boundary:u_boundary|meta_sync2 ; packer_ppa_boundary:u_boundary|sf_q[1]       ; clk          ; clk         ; 0.000        ; 0.068      ; 2.560      ;
; 2.335 ; packer_ppa_boundary:u_boundary|meta_sync2 ; packer_ppa_boundary:u_boundary|frac_q[28]    ; clk          ; clk         ; 0.000        ; 0.068      ; 2.560      ;
; 2.335 ; packer_ppa_boundary:u_boundary|meta_sync2 ; packer_ppa_boundary:u_boundary|d[0]          ; clk          ; clk         ; 0.000        ; 0.065      ; 2.557      ;
; 2.335 ; packer_ppa_boundary:u_boundary|meta_sync2 ; packer_ppa_boundary:u_boundary|d[16]         ; clk          ; clk         ; 0.000        ; 0.069      ; 2.561      ;
; 2.335 ; packer_ppa_boundary:u_boundary|meta_sync2 ; packer_ppa_boundary:u_boundary|d[19]         ; clk          ; clk         ; 0.000        ; 0.064      ; 2.556      ;
; 2.335 ; packer_ppa_boundary:u_boundary|meta_sync2 ; packer_ppa_boundary:u_boundary|d[23]         ; clk          ; clk         ; 0.000        ; 0.063      ; 2.555      ;
; 2.335 ; packer_ppa_boundary:u_boundary|meta_sync2 ; packer_ppa_boundary:u_boundary|d[27]         ; clk          ; clk         ; 0.000        ; 0.066      ; 2.558      ;
; 2.335 ; packer_ppa_boundary:u_boundary|meta_sync2 ; packer_ppa_boundary:u_boundary|d[30]         ; clk          ; clk         ; 0.000        ; 0.066      ; 2.558      ;
; 2.335 ; packer_ppa_boundary:u_boundary|meta_sync2 ; packer_ppa_boundary:u_boundary|d[31]         ; clk          ; clk         ; 0.000        ; 0.068      ; 2.560      ;
; 2.335 ; packer_ppa_boundary:u_boundary|meta_sync2 ; packer_ppa_boundary:u_boundary|frac_q[19]    ; clk          ; clk         ; 0.000        ; 0.065      ; 2.557      ;
; 2.335 ; packer_ppa_boundary:u_boundary|meta_sync2 ; packer_ppa_boundary:u_boundary|frac_q[20]    ; clk          ; clk         ; 0.000        ; 0.065      ; 2.557      ;
; 2.335 ; packer_ppa_boundary:u_boundary|meta_sync2 ; packer_ppa_boundary:u_boundary|frac_q[0]     ; clk          ; clk         ; 0.000        ; 0.066      ; 2.558      ;
; 2.335 ; packer_ppa_boundary:u_boundary|meta_sync2 ; packer_ppa_boundary:u_boundary|frac_q[8]     ; clk          ; clk         ; 0.000        ; 0.064      ; 2.556      ;
; 2.335 ; packer_ppa_boundary:u_boundary|meta_sync2 ; packer_ppa_boundary:u_boundary|frac_q[10]    ; clk          ; clk         ; 0.000        ; 0.064      ; 2.556      ;
+-------+-------------------------------------------+----------------------------------------------+--------------+-------------+--------------+------------+------------+


+-----------------------------------------------------------------------------------------------------------------------------+
; Slow 1200mV 85C Model Minimum Pulse Width: 'clk'                                                                            ;
+-------+--------------+----------------+-----------------+-------+------------+----------------------------------------------+
; Slack ; Actual Width ; Required Width ; Type            ; Clock ; Clock Edge ; Target                                       ;
+-------+--------------+----------------+-----------------+-------+------------+----------------------------------------------+
; 4.667 ; 4.851        ; 0.184          ; Low Pulse Width ; clk   ; Rise       ; packer_ppa_boundary:u_boundary|is_zero_q     ;
; 4.668 ; 4.852        ; 0.184          ; Low Pulse Width ; clk   ; Rise       ; posit_pack:u_packer|g_trunc.d_q[15]          ;
; 4.668 ; 4.852        ; 0.184          ; Low Pulse Width ; clk   ; Rise       ; posit_pack:u_packer|g_trunc.d_q[17]          ;
; 4.668 ; 4.852        ; 0.184          ; Low Pulse Width ; clk   ; Rise       ; posit_pack:u_packer|g_trunc.d_q[29]          ;
; 4.668 ; 4.852        ; 0.184          ; Low Pulse Width ; clk   ; Rise       ; posit_pack:u_packer|g_trunc.d_q[31]          ;
; 4.670 ; 4.854        ; 0.184          ; Low Pulse Width ; clk   ; Rise       ; packer_ppa_boundary:u_boundary|sign_q        ;
; 4.670 ; 4.854        ; 0.184          ; Low Pulse Width ; clk   ; Rise       ; posit_pack:u_packer|g_trunc.d_q[0]           ;
; 4.670 ; 4.854        ; 0.184          ; Low Pulse Width ; clk   ; Rise       ; posit_pack:u_packer|g_trunc.d_q[14]          ;
; 4.670 ; 4.854        ; 0.184          ; Low Pulse Width ; clk   ; Rise       ; posit_pack:u_packer|g_trunc.d_q[23]          ;
; 4.670 ; 4.854        ; 0.184          ; Low Pulse Width ; clk   ; Rise       ; posit_pack:u_packer|g_trunc.d_q[27]          ;
; 4.670 ; 4.854        ; 0.184          ; Low Pulse Width ; clk   ; Rise       ; posit_pack:u_packer|g_trunc.d_q[30]          ;
; 4.672 ; 4.856        ; 0.184          ; Low Pulse Width ; clk   ; Rise       ; posit_pack:u_packer|g_trunc.d_q[10]          ;
; 4.672 ; 4.856        ; 0.184          ; Low Pulse Width ; clk   ; Rise       ; posit_pack:u_packer|g_trunc.d_q[11]          ;
; 4.672 ; 4.856        ; 0.184          ; Low Pulse Width ; clk   ; Rise       ; posit_pack:u_packer|g_trunc.d_q[12]          ;
; 4.672 ; 4.856        ; 0.184          ; Low Pulse Width ; clk   ; Rise       ; posit_pack:u_packer|g_trunc.d_q[13]          ;
; 4.672 ; 4.856        ; 0.184          ; Low Pulse Width ; clk   ; Rise       ; posit_pack:u_packer|g_trunc.d_q[19]          ;
; 4.672 ; 4.856        ; 0.184          ; Low Pulse Width ; clk   ; Rise       ; posit_pack:u_packer|g_trunc.d_q[1]           ;
; 4.672 ; 4.856        ; 0.184          ; Low Pulse Width ; clk   ; Rise       ; posit_pack:u_packer|g_trunc.d_q[20]          ;
; 4.672 ; 4.856        ; 0.184          ; Low Pulse Width ; clk   ; Rise       ; posit_pack:u_packer|g_trunc.d_q[21]          ;
; 4.672 ; 4.856        ; 0.184          ; Low Pulse Width ; clk   ; Rise       ; posit_pack:u_packer|g_trunc.d_q[22]          ;
; 4.672 ; 4.856        ; 0.184          ; Low Pulse Width ; clk   ; Rise       ; posit_pack:u_packer|g_trunc.d_q[24]          ;
; 4.672 ; 4.856        ; 0.184          ; Low Pulse Width ; clk   ; Rise       ; posit_pack:u_packer|g_trunc.d_q[25]          ;
; 4.672 ; 4.856        ; 0.184          ; Low Pulse Width ; clk   ; Rise       ; posit_pack:u_packer|g_trunc.d_q[26]          ;
; 4.672 ; 4.856        ; 0.184          ; Low Pulse Width ; clk   ; Rise       ; posit_pack:u_packer|g_trunc.d_q[28]          ;
; 4.672 ; 4.856        ; 0.184          ; Low Pulse Width ; clk   ; Rise       ; posit_pack:u_packer|g_trunc.d_q[2]           ;
; 4.672 ; 4.856        ; 0.184          ; Low Pulse Width ; clk   ; Rise       ; posit_pack:u_packer|g_trunc.d_q[3]           ;
; 4.672 ; 4.856        ; 0.184          ; Low Pulse Width ; clk   ; Rise       ; posit_pack:u_packer|g_trunc.d_q[4]           ;
; 4.672 ; 4.856        ; 0.184          ; Low Pulse Width ; clk   ; Rise       ; posit_pack:u_packer|g_trunc.d_q[5]           ;
; 4.672 ; 4.856        ; 0.184          ; Low Pulse Width ; clk   ; Rise       ; posit_pack:u_packer|g_trunc.d_q[6]           ;
; 4.672 ; 4.856        ; 0.184          ; Low Pulse Width ; clk   ; Rise       ; posit_pack:u_packer|g_trunc.d_q[7]           ;
; 4.672 ; 4.856        ; 0.184          ; Low Pulse Width ; clk   ; Rise       ; posit_pack:u_packer|g_trunc.d_q[8]           ;
; 4.672 ; 4.856        ; 0.184          ; Low Pulse Width ; clk   ; Rise       ; posit_pack:u_packer|g_trunc.d_q[9]           ;
; 4.680 ; 4.864        ; 0.184          ; Low Pulse Width ; clk   ; Rise       ; packer_ppa_boundary:u_boundary|d[16]         ;
; 4.680 ; 4.864        ; 0.184          ; Low Pulse Width ; clk   ; Rise       ; packer_ppa_boundary:u_boundary|d[19]         ;
; 4.680 ; 4.864        ; 0.184          ; Low Pulse Width ; clk   ; Rise       ; packer_ppa_boundary:u_boundary|d[23]         ;
; 4.680 ; 4.864        ; 0.184          ; Low Pulse Width ; clk   ; Rise       ; packer_ppa_boundary:u_boundary|d[31]         ;
; 4.680 ; 4.864        ; 0.184          ; Low Pulse Width ; clk   ; Rise       ; packer_ppa_boundary:u_boundary|flags[1]      ;
; 4.680 ; 4.864        ; 0.184          ; Low Pulse Width ; clk   ; Rise       ; packer_ppa_boundary:u_boundary|flags[3]      ;
; 4.680 ; 4.864        ; 0.184          ; Low Pulse Width ; clk   ; Rise       ; packer_ppa_boundary:u_boundary|flags_in_q[0] ;
; 4.680 ; 4.864        ; 0.184          ; Low Pulse Width ; clk   ; Rise       ; packer_ppa_boundary:u_boundary|flags_in_q[1] ;
; 4.680 ; 4.864        ; 0.184          ; Low Pulse Width ; clk   ; Rise       ; packer_ppa_boundary:u_boundary|frac_q[10]    ;
; 4.680 ; 4.864        ; 0.184          ; Low Pulse Width ; clk   ; Rise       ; packer_ppa_boundary:u_boundary|frac_q[11]    ;
; 4.680 ; 4.864        ; 0.184          ; Low Pulse Width ; clk   ; Rise       ; packer_ppa_boundary:u_boundary|frac_q[12]    ;
; 4.680 ; 4.864        ; 0.184          ; Low Pulse Width ; clk   ; Rise       ; packer_ppa_boundary:u_boundary|frac_q[1]     ;
; 4.680 ; 4.864        ; 0.184          ; Low Pulse Width ; clk   ; Rise       ; packer_ppa_boundary:u_boundary|frac_q[28]    ;
; 4.680 ; 4.864        ; 0.184          ; Low Pulse Width ; clk   ; Rise       ; packer_ppa_boundary:u_boundary|frac_q[29]    ;
; 4.680 ; 4.864        ; 0.184          ; Low Pulse Width ; clk   ; Rise       ; packer_ppa_boundary:u_boundary|frac_q[2]     ;
; 4.680 ; 4.864        ; 0.184          ; Low Pulse Width ; clk   ; Rise       ; packer_ppa_boundary:u_boundary|frac_q[30]    ;
; 4.680 ; 4.864        ; 0.184          ; Low Pulse Width ; clk   ; Rise       ; packer_ppa_boundary:u_boundary|frac_q[31]    ;
; 4.680 ; 4.864        ; 0.184          ; Low Pulse Width ; clk   ; Rise       ; packer_ppa_boundary:u_boundary|frac_q[32]    ;
; 4.680 ; 4.864        ; 0.184          ; Low Pulse Width ; clk   ; Rise       ; packer_ppa_boundary:u_boundary|frac_q[33]    ;
; 4.680 ; 4.864        ; 0.184          ; Low Pulse Width ; clk   ; Rise       ; packer_ppa_boundary:u_boundary|frac_q[34]    ;
; 4.680 ; 4.864        ; 0.184          ; Low Pulse Width ; clk   ; Rise       ; packer_ppa_boundary:u_boundary|frac_q[35]    ;
; 4.680 ; 4.864        ; 0.184          ; Low Pulse Width ; clk   ; Rise       ; packer_ppa_boundary:u_boundary|frac_q[36]    ;
; 4.680 ; 4.864        ; 0.184          ; Low Pulse Width ; clk   ; Rise       ; packer_ppa_boundary:u_boundary|frac_q[37]    ;
; 4.680 ; 4.864        ; 0.184          ; Low Pulse Width ; clk   ; Rise       ; packer_ppa_boundary:u_boundary|frac_q[38]    ;
; 4.680 ; 4.864        ; 0.184          ; Low Pulse Width ; clk   ; Rise       ; packer_ppa_boundary:u_boundary|frac_q[39]    ;
; 4.680 ; 4.864        ; 0.184          ; Low Pulse Width ; clk   ; Rise       ; packer_ppa_boundary:u_boundary|frac_q[40]    ;
; 4.680 ; 4.864        ; 0.184          ; Low Pulse Width ; clk   ; Rise       ; packer_ppa_boundary:u_boundary|frac_q[41]    ;
; 4.680 ; 4.864        ; 0.184          ; Low Pulse Width ; clk   ; Rise       ; packer_ppa_boundary:u_boundary|frac_q[42]    ;
; 4.680 ; 4.864        ; 0.184          ; Low Pulse Width ; clk   ; Rise       ; packer_ppa_boundary:u_boundary|frac_q[43]    ;
; 4.680 ; 4.864        ; 0.184          ; Low Pulse Width ; clk   ; Rise       ; packer_ppa_boundary:u_boundary|frac_q[44]    ;
; 4.680 ; 4.864        ; 0.184          ; Low Pulse Width ; clk   ; Rise       ; packer_ppa_boundary:u_boundary|frac_q[45]    ;
; 4.680 ; 4.864        ; 0.184          ; Low Pulse Width ; clk   ; Rise       ; packer_ppa_boundary:u_boundary|frac_q[46]    ;
; 4.680 ; 4.864        ; 0.184          ; Low Pulse Width ; clk   ; Rise       ; packer_ppa_boundary:u_boundary|frac_q[47]    ;
; 4.680 ; 4.864        ; 0.184          ; Low Pulse Width ; clk   ; Rise       ; packer_ppa_boundary:u_boundary|frac_q[48]    ;
; 4.680 ; 4.864        ; 0.184          ; Low Pulse Width ; clk   ; Rise       ; packer_ppa_boundary:u_boundary|frac_q[49]    ;
; 4.680 ; 4.864        ; 0.184          ; Low Pulse Width ; clk   ; Rise       ; packer_ppa_boundary:u_boundary|frac_q[4]     ;
; 4.680 ; 4.864        ; 0.184          ; Low Pulse Width ; clk   ; Rise       ; packer_ppa_boundary:u_boundary|frac_q[50]    ;
; 4.680 ; 4.864        ; 0.184          ; Low Pulse Width ; clk   ; Rise       ; packer_ppa_boundary:u_boundary|frac_q[51]    ;
; 4.680 ; 4.864        ; 0.184          ; Low Pulse Width ; clk   ; Rise       ; packer_ppa_boundary:u_boundary|frac_q[52]    ;
; 4.680 ; 4.864        ; 0.184          ; Low Pulse Width ; clk   ; Rise       ; packer_ppa_boundary:u_boundary|frac_q[53]    ;
; 4.680 ; 4.864        ; 0.184          ; Low Pulse Width ; clk   ; Rise       ; packer_ppa_boundary:u_boundary|frac_q[54]    ;
; 4.680 ; 4.864        ; 0.184          ; Low Pulse Width ; clk   ; Rise       ; packer_ppa_boundary:u_boundary|frac_q[7]     ;
; 4.680 ; 4.864        ; 0.184          ; Low Pulse Width ; clk   ; Rise       ; packer_ppa_boundary:u_boundary|frac_q[8]     ;
; 4.680 ; 4.864        ; 0.184          ; Low Pulse Width ; clk   ; Rise       ; packer_ppa_boundary:u_boundary|frac_q[9]     ;
; 4.680 ; 4.864        ; 0.184          ; Low Pulse Width ; clk   ; Rise       ; packer_ppa_boundary:u_boundary|is_nar_q      ;
; 4.680 ; 4.864        ; 0.184          ; Low Pulse Width ; clk   ; Rise       ; packer_ppa_boundary:u_boundary|sf_q[0]       ;
; 4.680 ; 4.864        ; 0.184          ; Low Pulse Width ; clk   ; Rise       ; packer_ppa_boundary:u_boundary|sf_q[1]       ;
; 4.680 ; 4.864        ; 0.184          ; Low Pulse Width ; clk   ; Rise       ; packer_ppa_boundary:u_boundary|sf_q[2]       ;
; 4.680 ; 4.864        ; 0.184          ; Low Pulse Width ; clk   ; Rise       ; packer_ppa_boundary:u_boundary|sf_q[3]       ;
; 4.680 ; 4.864        ; 0.184          ; Low Pulse Width ; clk   ; Rise       ; packer_ppa_boundary:u_boundary|sf_q[4]       ;
; 4.680 ; 4.864        ; 0.184          ; Low Pulse Width ; clk   ; Rise       ; packer_ppa_boundary:u_boundary|sf_q[5]       ;
; 4.680 ; 4.864        ; 0.184          ; Low Pulse Width ; clk   ; Rise       ; packer_ppa_boundary:u_boundary|sf_q[6]       ;
; 4.680 ; 4.864        ; 0.184          ; Low Pulse Width ; clk   ; Rise       ; packer_ppa_boundary:u_boundary|sf_q[7]       ;
; 4.680 ; 4.864        ; 0.184          ; Low Pulse Width ; clk   ; Rise       ; packer_ppa_boundary:u_boundary|sf_q[8]       ;
; 4.680 ; 4.864        ; 0.184          ; Low Pulse Width ; clk   ; Rise       ; packer_ppa_boundary:u_boundary|sf_q[9]       ;
; 4.680 ; 4.864        ; 0.184          ; Low Pulse Width ; clk   ; Rise       ; packer_ppa_boundary:u_boundary|sticky_q      ;
; 4.680 ; 4.864        ; 0.184          ; Low Pulse Width ; clk   ; Rise       ; posit_pack:u_packer|g_trunc.flags_q[1]       ;
; 4.680 ; 4.864        ; 0.184          ; Low Pulse Width ; clk   ; Rise       ; posit_pack:u_packer|g_trunc.flags_q[3]       ;
; 4.681 ; 4.865        ; 0.184          ; Low Pulse Width ; clk   ; Rise       ; packer_ppa_boundary:u_boundary|d[0]          ;
; 4.681 ; 4.865        ; 0.184          ; Low Pulse Width ; clk   ; Rise       ; packer_ppa_boundary:u_boundary|d[10]         ;
; 4.681 ; 4.865        ; 0.184          ; Low Pulse Width ; clk   ; Rise       ; packer_ppa_boundary:u_boundary|d[11]         ;
; 4.681 ; 4.865        ; 0.184          ; Low Pulse Width ; clk   ; Rise       ; packer_ppa_boundary:u_boundary|d[12]         ;
; 4.681 ; 4.865        ; 0.184          ; Low Pulse Width ; clk   ; Rise       ; packer_ppa_boundary:u_boundary|d[13]         ;
; 4.681 ; 4.865        ; 0.184          ; Low Pulse Width ; clk   ; Rise       ; packer_ppa_boundary:u_boundary|d[14]         ;
; 4.681 ; 4.865        ; 0.184          ; Low Pulse Width ; clk   ; Rise       ; packer_ppa_boundary:u_boundary|d[15]         ;
; 4.681 ; 4.865        ; 0.184          ; Low Pulse Width ; clk   ; Rise       ; packer_ppa_boundary:u_boundary|d[17]         ;
; 4.681 ; 4.865        ; 0.184          ; Low Pulse Width ; clk   ; Rise       ; packer_ppa_boundary:u_boundary|d[18]         ;
; 4.681 ; 4.865        ; 0.184          ; Low Pulse Width ; clk   ; Rise       ; packer_ppa_boundary:u_boundary|d[1]          ;
+-------+--------------+----------------+-----------------+-------+------------+----------------------------------------------+


+----------------------------------------------------------------------------+
; Setup Times                                                                ;
+--------------+------------+--------+--------+------------+-----------------+
; Data Port    ; Clock Port ; Rise   ; Fall   ; Clock Edge ; Clock Reference ;
+--------------+------------+--------+--------+------------+-----------------+
; flags_in[*]  ; clk        ; 2.387  ; 2.953  ; Rise       ; clk             ;
;  flags_in[0] ; clk        ; 1.917  ; 2.378  ; Rise       ; clk             ;
;  flags_in[1] ; clk        ; 1.837  ; 2.298  ; Rise       ; clk             ;
;  flags_in[2] ; clk        ; 1.937  ; 2.411  ; Rise       ; clk             ;
;  flags_in[3] ; clk        ; 2.387  ; 2.953  ; Rise       ; clk             ;
;  flags_in[4] ; clk        ; 2.131  ; 2.695  ; Rise       ; clk             ;
; frac[*]      ; clk        ; 2.788  ; 3.397  ; Rise       ; clk             ;
;  frac[0]     ; clk        ; 1.978  ; 2.450  ; Rise       ; clk             ;
;  frac[1]     ; clk        ; 1.805  ; 2.254  ; Rise       ; clk             ;
;  frac[2]     ; clk        ; -0.100 ; 0.006  ; Rise       ; clk             ;
;  frac[3]     ; clk        ; 2.177  ; 2.662  ; Rise       ; clk             ;
;  frac[4]     ; clk        ; 1.657  ; 2.091  ; Rise       ; clk             ;
;  frac[5]     ; clk        ; 2.127  ; 2.579  ; Rise       ; clk             ;
;  frac[6]     ; clk        ; -0.014 ; 0.118  ; Rise       ; clk             ;
;  frac[7]     ; clk        ; 2.161  ; 2.717  ; Rise       ; clk             ;
;  frac[8]     ; clk        ; 1.812  ; 2.313  ; Rise       ; clk             ;
;  frac[9]     ; clk        ; 2.146  ; 2.692  ; Rise       ; clk             ;
;  frac[10]    ; clk        ; 1.602  ; 2.081  ; Rise       ; clk             ;
;  frac[11]    ; clk        ; 1.954  ; 2.426  ; Rise       ; clk             ;
;  frac[12]    ; clk        ; 2.200  ; 2.658  ; Rise       ; clk             ;
;  frac[13]    ; clk        ; 1.775  ; 2.195  ; Rise       ; clk             ;
;  frac[14]    ; clk        ; 2.050  ; 2.500  ; Rise       ; clk             ;
;  frac[15]    ; clk        ; 1.961  ; 2.447  ; Rise       ; clk             ;
;  frac[16]    ; clk        ; 1.981  ; 2.467  ; Rise       ; clk             ;
;  frac[17]    ; clk        ; 2.344  ; 2.853  ; Rise       ; clk             ;
;  frac[18]    ; clk        ; 1.871  ; 2.332  ; Rise       ; clk             ;
;  frac[19]    ; clk        ; 1.808  ; 2.265  ; Rise       ; clk             ;
;  frac[20]    ; clk        ; 1.921  ; 2.375  ; Rise       ; clk             ;
;  frac[21]    ; clk        ; 2.034  ; 2.493  ; Rise       ; clk             ;
;  frac[22]    ; clk        ; 2.051  ; 2.522  ; Rise       ; clk             ;
;  frac[23]    ; clk        ; 1.745  ; 2.207  ; Rise       ; clk             ;
;  frac[24]    ; clk        ; 2.182  ; 2.671  ; Rise       ; clk             ;
;  frac[25]    ; clk        ; -0.185 ; -0.035 ; Rise       ; clk             ;
;  frac[26]    ; clk        ; 2.124  ; 2.657  ; Rise       ; clk             ;
;  frac[27]    ; clk        ; 2.134  ; 2.608  ; Rise       ; clk             ;
;  frac[28]    ; clk        ; 2.096  ; 2.574  ; Rise       ; clk             ;
;  frac[29]    ; clk        ; -0.010 ; 0.078  ; Rise       ; clk             ;
;  frac[30]    ; clk        ; 2.410  ; 2.898  ; Rise       ; clk             ;
;  frac[31]    ; clk        ; 0.256  ; 0.347  ; Rise       ; clk             ;
;  frac[32]    ; clk        ; 2.328  ; 2.841  ; Rise       ; clk             ;
;  frac[33]    ; clk        ; 2.201  ; 2.746  ; Rise       ; clk             ;
;  frac[34]    ; clk        ; 2.180  ; 2.695  ; Rise       ; clk             ;
;  frac[35]    ; clk        ; 2.343  ; 2.858  ; Rise       ; clk             ;
;  frac[36]    ; clk        ; 1.822  ; 2.258  ; Rise       ; clk             ;
;  frac[37]    ; clk        ; 2.458  ; 2.958  ; Rise       ; clk             ;
;  frac[38]    ; clk        ; 2.046  ; 2.560  ; Rise       ; clk             ;
;  frac[39]    ; clk        ; 2.272  ; 2.735  ; Rise       ; clk             ;
;  frac[40]    ; clk        ; 1.788  ; 2.279  ; Rise       ; clk             ;
;  frac[41]    ; clk        ; 1.708  ; 2.181  ; Rise       ; clk             ;
;  frac[42]    ; clk        ; 2.366  ; 2.896  ; Rise       ; clk             ;
;  frac[43]    ; clk        ; 2.788  ; 3.397  ; Rise       ; clk             ;
;  frac[44]    ; clk        ; 2.010  ; 2.530  ; Rise       ; clk             ;
;  frac[45]    ; clk        ; 2.418  ; 2.944  ; Rise       ; clk             ;
;  frac[46]    ; clk        ; 2.556  ; 3.055  ; Rise       ; clk             ;
;  frac[47]    ; clk        ; 2.323  ; 2.795  ; Rise       ; clk             ;
;  frac[48]    ; clk        ; 2.275  ; 2.763  ; Rise       ; clk             ;
;  frac[49]    ; clk        ; 2.343  ; 2.840  ; Rise       ; clk             ;
;  frac[50]    ; clk        ; 2.168  ; 2.631  ; Rise       ; clk             ;
;  frac[51]    ; clk        ; 2.176  ; 2.742  ; Rise       ; clk             ;
;  frac[52]    ; clk        ; 2.123  ; 2.604  ; Rise       ; clk             ;
;  frac[53]    ; clk        ; 2.610  ; 3.137  ; Rise       ; clk             ;
;  frac[54]    ; clk        ; 2.387  ; 2.915  ; Rise       ; clk             ;
; is_nar       ; clk        ; 2.308  ; 2.786  ; Rise       ; clk             ;
; is_zero      ; clk        ; 1.623  ; 2.063  ; Rise       ; clk             ;
; sf[*]        ; clk        ; 2.422  ; 2.929  ; Rise       ; clk             ;
;  sf[0]       ; clk        ; 2.368  ; 2.879  ; Rise       ; clk             ;
;  sf[1]       ; clk        ; -0.077 ; 0.022  ; Rise       ; clk             ;
;  sf[2]       ; clk        ; 2.066  ; 2.552  ; Rise       ; clk             ;
;  sf[3]       ; clk        ; 2.030  ; 2.492  ; Rise       ; clk             ;
;  sf[4]       ; clk        ; 2.031  ; 2.539  ; Rise       ; clk             ;
;  sf[5]       ; clk        ; 1.979  ; 2.427  ; Rise       ; clk             ;
;  sf[6]       ; clk        ; 2.422  ; 2.929  ; Rise       ; clk             ;
;  sf[7]       ; clk        ; 2.119  ; 2.637  ; Rise       ; clk             ;
;  sf[8]       ; clk        ; 0.210  ; 0.297  ; Rise       ; clk             ;
;  sf[9]       ; clk        ; 2.325  ; 2.814  ; Rise       ; clk             ;
; sign         ; clk        ; 1.938  ; 2.490  ; Rise       ; clk             ;
; sticky       ; clk        ; 1.765  ; 2.223  ; Rise       ; clk             ;
+--------------+------------+--------+--------+------------+-----------------+


+----------------------------------------------------------------------------+
; Hold Times                                                                 ;
+--------------+------------+--------+--------+------------+-----------------+
; Data Port    ; Clock Port ; Rise   ; Fall   ; Clock Edge ; Clock Reference ;
+--------------+------------+--------+--------+------------+-----------------+
; flags_in[*]  ; clk        ; -1.468 ; -1.915 ; Rise       ; clk             ;
;  flags_in[0] ; clk        ; -1.530 ; -1.969 ; Rise       ; clk             ;
;  flags_in[1] ; clk        ; -1.468 ; -1.915 ; Rise       ; clk             ;
;  flags_in[2] ; clk        ; -1.551 ; -2.001 ; Rise       ; clk             ;
;  flags_in[3] ; clk        ; -1.991 ; -2.541 ; Rise       ; clk             ;
;  flags_in[4] ; clk        ; -1.733 ; -2.272 ; Rise       ; clk             ;
; frac[*]      ; clk        ; 0.470  ; 0.319  ; Rise       ; clk             ;
;  frac[0]     ; clk        ; -1.598 ; -2.058 ; Rise       ; clk             ;
;  frac[1]     ; clk        ; -1.437 ; -1.873 ; Rise       ; clk             ;
;  frac[2]     ; clk        ; 0.399  ; 0.300  ; Rise       ; clk             ;
;  frac[3]     ; clk        ; -1.789 ; -2.262 ; Rise       ; clk             ;
;  frac[4]     ; clk        ; -1.282 ; -1.694 ; Rise       ; clk             ;
;  frac[5]     ; clk        ; -1.741 ; -2.183 ; Rise       ; clk             ;
;  frac[6]     ; clk        ; 0.305  ; 0.172  ; Rise       ; clk             ;
;  frac[7]     ; clk        ; -1.775 ; -2.316 ; Rise       ; clk             ;
;  frac[8]     ; clk        ; -1.440 ; -1.929 ; Rise       ; clk             ;
;  frac[9]     ; clk        ; -1.761 ; -2.292 ; Rise       ; clk             ;
;  frac[10]    ; clk        ; -1.227 ; -1.684 ; Rise       ; clk             ;
;  frac[11]    ; clk        ; -1.576 ; -2.037 ; Rise       ; clk             ;
;  frac[12]    ; clk        ; -1.812 ; -2.260 ; Rise       ; clk             ;
;  frac[13]    ; clk        ; -1.406 ; -1.815 ; Rise       ; clk             ;
;  frac[14]    ; clk        ; -1.671 ; -2.108 ; Rise       ; clk             ;
;  frac[15]    ; clk        ; -1.581 ; -2.056 ; Rise       ; clk             ;
;  frac[16]    ; clk        ; -1.601 ; -2.075 ; Rise       ; clk             ;
;  frac[17]    ; clk        ; -1.949 ; -2.446 ; Rise       ; clk             ;
;  frac[18]    ; clk        ; -1.498 ; -1.946 ; Rise       ; clk             ;
;  frac[19]    ; clk        ; -1.423 ; -1.860 ; Rise       ; clk             ;
;  frac[20]    ; clk        ; -1.536 ; -1.966 ; Rise       ; clk             ;
;  frac[21]    ; clk        ; -1.652 ; -2.100 ; Rise       ; clk             ;
;  frac[22]    ; clk        ; -1.671 ; -2.129 ; Rise       ; clk             ;
;  frac[23]    ; clk        ; -1.374 ; -1.825 ; Rise       ; clk             ;
;  frac[24]    ; clk        ; -1.797 ; -2.272 ; Rise       ; clk             ;
;  frac[25]    ; clk        ; 0.470  ; 0.319  ; Rise       ; clk             ;
;  frac[26]    ; clk        ; -1.738 ; -2.258 ; Rise       ; clk             ;
;  frac[27]    ; clk        ; -1.751 ; -2.211 ; Rise       ; clk             ;
;  frac[28]    ; clk        ; -1.714 ; -2.179 ; Rise       ; clk             ;
;  frac[29]    ; clk        ; 0.301  ; 0.209  ; Rise       ; clk             ;
;  frac[30]    ; clk        ; -2.017 ; -2.491 ; Rise       ; clk             ;
;  frac[31]    ; clk        ; 0.045  ; -0.048 ; Rise       ; clk             ;
;  frac[32]    ; clk        ; -1.935 ; -2.435 ; Rise       ; clk             ;
;  frac[33]    ; clk        ; -1.813 ; -2.343 ; Rise       ; clk             ;
;  frac[34]    ; clk        ; -1.793 ; -2.295 ; Rise       ; clk             ;
;  frac[35]    ; clk        ; -1.949 ; -2.451 ; Rise       ; clk             ;
;  frac[36]    ; clk        ; -1.453 ; -1.876 ; Rise       ; clk             ;
;  frac[37]    ; clk        ; -2.064 ; -2.549 ; Rise       ; clk             ;
;  frac[38]    ; clk        ; -1.664 ; -2.165 ; Rise       ; clk             ;
;  frac[39]    ; clk        ; -1.881 ; -2.333 ; Rise       ; clk             ;
;  frac[40]    ; clk        ; -1.416 ; -1.896 ; Rise       ; clk             ;
;  frac[41]    ; clk        ; -1.340 ; -1.801 ; Rise       ; clk             ;
;  frac[42]    ; clk        ; -1.971 ; -2.488 ; Rise       ; clk             ;
;  frac[43]    ; clk        ; -2.377 ; -2.968 ; Rise       ; clk             ;
;  frac[44]    ; clk        ; -1.618 ; -2.115 ; Rise       ; clk             ;
;  frac[45]    ; clk        ; -2.021 ; -2.532 ; Rise       ; clk             ;
;  frac[46]    ; clk        ; -2.154 ; -2.641 ; Rise       ; clk             ;
;  frac[47]    ; clk        ; -1.929 ; -2.390 ; Rise       ; clk             ;
;  frac[48]    ; clk        ; -1.884 ; -2.360 ; Rise       ; clk             ;
;  frac[49]    ; clk        ; -1.949 ; -2.434 ; Rise       ; clk             ;
;  frac[50]    ; clk        ; -1.782 ; -2.233 ; Rise       ; clk             ;
;  frac[51]    ; clk        ; -1.789 ; -2.339 ; Rise       ; clk             ;
;  frac[52]    ; clk        ; -1.742 ; -2.209 ; Rise       ; clk             ;
;  frac[53]    ; clk        ; -2.206 ; -2.719 ; Rise       ; clk             ;
;  frac[54]    ; clk        ; -1.991 ; -2.506 ; Rise       ; clk             ;
; is_nar       ; clk        ; -1.920 ; -2.383 ; Rise       ; clk             ;
; is_zero      ; clk        ; -1.231 ; -1.658 ; Rise       ; clk             ;
; sf[*]        ; clk        ; 0.365  ; 0.263  ; Rise       ; clk             ;
;  sf[0]       ; clk        ; -1.973 ; -2.471 ; Rise       ; clk             ;
;  sf[1]       ; clk        ; 0.365  ; 0.263  ; Rise       ; clk             ;
;  sf[2]       ; clk        ; -1.683 ; -2.157 ; Rise       ; clk             ;
;  sf[3]       ; clk        ; -1.653 ; -2.101 ; Rise       ; clk             ;
;  sf[4]       ; clk        ; -1.650 ; -2.145 ; Rise       ; clk             ;
;  sf[5]       ; clk        ; -1.600 ; -2.038 ; Rise       ; clk             ;
;  sf[6]       ; clk        ; -2.029 ; -2.521 ; Rise       ; clk             ;
;  sf[7]       ; clk        ; -1.734 ; -2.239 ; Rise       ; clk             ;
;  sf[8]       ; clk        ; 0.090  ; -0.001 ; Rise       ; clk             ;
;  sf[9]       ; clk        ; -1.935 ; -2.410 ; Rise       ; clk             ;
; sign         ; clk        ; -1.520 ; -2.048 ; Rise       ; clk             ;
; sticky       ; clk        ; -1.395 ; -1.842 ; Rise       ; clk             ;
+--------------+------------+--------+--------+------------+-----------------+


+-----------------------------------------------------------------------+
; Clock to Output Times                                                 ;
+-----------+------------+-------+-------+------------+-----------------+
; Data Port ; Clock Port ; Rise  ; Fall  ; Clock Edge ; Clock Reference ;
+-----------+------------+-------+-------+------------+-----------------+
; d[*]      ; clk        ; 8.067 ; 8.236 ; Rise       ; clk             ;
;  d[0]     ; clk        ; 6.666 ; 6.668 ; Rise       ; clk             ;
;  d[1]     ; clk        ; 7.156 ; 7.201 ; Rise       ; clk             ;
;  d[2]     ; clk        ; 6.770 ; 6.852 ; Rise       ; clk             ;
;  d[3]     ; clk        ; 6.911 ; 6.955 ; Rise       ; clk             ;
;  d[4]     ; clk        ; 6.411 ; 6.439 ; Rise       ; clk             ;
;  d[5]     ; clk        ; 7.595 ; 7.732 ; Rise       ; clk             ;
;  d[6]     ; clk        ; 6.425 ; 6.506 ; Rise       ; clk             ;
;  d[7]     ; clk        ; 7.018 ; 7.113 ; Rise       ; clk             ;
;  d[8]     ; clk        ; 6.446 ; 6.475 ; Rise       ; clk             ;
;  d[9]     ; clk        ; 6.751 ; 6.804 ; Rise       ; clk             ;
;  d[10]    ; clk        ; 6.376 ; 6.382 ; Rise       ; clk             ;
;  d[11]    ; clk        ; 6.306 ; 6.317 ; Rise       ; clk             ;
;  d[12]    ; clk        ; 7.926 ; 8.061 ; Rise       ; clk             ;
;  d[13]    ; clk        ; 6.473 ; 6.472 ; Rise       ; clk             ;
;  d[14]    ; clk        ; 6.646 ; 6.680 ; Rise       ; clk             ;
;  d[15]    ; clk        ; 8.067 ; 8.236 ; Rise       ; clk             ;
;  d[16]    ; clk        ; 7.500 ; 7.718 ; Rise       ; clk             ;
;  d[17]    ; clk        ; 6.160 ; 6.220 ; Rise       ; clk             ;
;  d[18]    ; clk        ; 6.591 ; 6.584 ; Rise       ; clk             ;
;  d[19]    ; clk        ; 6.288 ; 6.316 ; Rise       ; clk             ;
;  d[20]    ; clk        ; 7.847 ; 8.092 ; Rise       ; clk             ;
;  d[21]    ; clk        ; 6.958 ; 7.045 ; Rise       ; clk             ;
;  d[22]    ; clk        ; 7.420 ; 7.492 ; Rise       ; clk             ;
;  d[23]    ; clk        ; 6.817 ; 6.859 ; Rise       ; clk             ;
;  d[24]    ; clk        ; 6.461 ; 6.551 ; Rise       ; clk             ;
;  d[25]    ; clk        ; 6.430 ; 6.473 ; Rise       ; clk             ;
;  d[26]    ; clk        ; 6.918 ; 6.906 ; Rise       ; clk             ;
;  d[27]    ; clk        ; 7.678 ; 7.818 ; Rise       ; clk             ;
;  d[28]    ; clk        ; 6.628 ; 6.754 ; Rise       ; clk             ;
;  d[29]    ; clk        ; 7.005 ; 7.084 ; Rise       ; clk             ;
;  d[30]    ; clk        ; 6.357 ; 6.390 ; Rise       ; clk             ;
;  d[31]    ; clk        ; 7.741 ; 7.832 ; Rise       ; clk             ;
; flags[*]  ; clk        ; 6.826 ; 6.872 ; Rise       ; clk             ;
;  flags[0] ; clk        ; 6.464 ; 6.540 ; Rise       ; clk             ;
;  flags[1] ; clk        ; 6.145 ; 6.189 ; Rise       ; clk             ;
;  flags[2] ; clk        ; 6.663 ; 6.753 ; Rise       ; clk             ;
;  flags[3] ; clk        ; 6.826 ; 6.872 ; Rise       ; clk             ;
;  flags[4] ; clk        ; 6.719 ; 6.826 ; Rise       ; clk             ;
; out_valid ; clk        ; 5.382 ; 5.404 ; Rise       ; clk             ;
+-----------+------------+-------+-------+------------+-----------------+


+-----------------------------------------------------------------------+
; Minimum Clock to Output Times                                         ;
+-----------+------------+-------+-------+------------+-----------------+
; Data Port ; Clock Port ; Rise  ; Fall  ; Clock Edge ; Clock Reference ;
+-----------+------------+-------+-------+------------+-----------------+
; d[*]      ; clk        ; 5.955 ; 6.012 ; Rise       ; clk             ;
;  d[0]     ; clk        ; 6.439 ; 6.440 ; Rise       ; clk             ;
;  d[1]     ; clk        ; 6.912 ; 6.954 ; Rise       ; clk             ;
;  d[2]     ; clk        ; 6.542 ; 6.619 ; Rise       ; clk             ;
;  d[3]     ; clk        ; 6.679 ; 6.720 ; Rise       ; clk             ;
;  d[4]     ; clk        ; 6.197 ; 6.223 ; Rise       ; clk             ;
;  d[5]     ; clk        ; 7.335 ; 7.466 ; Rise       ; clk             ;
;  d[6]     ; clk        ; 6.211 ; 6.289 ; Rise       ; clk             ;
;  d[7]     ; clk        ; 6.779 ; 6.870 ; Rise       ; clk             ;
;  d[8]     ; clk        ; 6.232 ; 6.259 ; Rise       ; clk             ;
;  d[9]     ; clk        ; 6.521 ; 6.571 ; Rise       ; clk             ;
;  d[10]    ; clk        ; 6.163 ; 6.168 ; Rise       ; clk             ;
;  d[11]    ; clk        ; 6.098 ; 6.107 ; Rise       ; clk             ;
;  d[12]    ; clk        ; 7.703 ; 7.834 ; Rise       ; clk             ;
;  d[13]    ; clk        ; 6.258 ; 6.256 ; Rise       ; clk             ;
;  d[14]    ; clk        ; 6.422 ; 6.454 ; Rise       ; clk             ;
;  d[15]    ; clk        ; 7.838 ; 8.002 ; Rise       ; clk             ;
;  d[16]    ; clk        ; 7.292 ; 7.505 ; Rise       ; clk             ;
;  d[17]    ; clk        ; 5.955 ; 6.012 ; Rise       ; clk             ;
;  d[18]    ; clk        ; 6.367 ; 6.359 ; Rise       ; clk             ;
;  d[19]    ; clk        ; 6.080 ; 6.104 ; Rise       ; clk             ;
;  d[20]    ; clk        ; 7.625 ; 7.862 ; Rise       ; clk             ;
;  d[21]    ; clk        ; 6.722 ; 6.804 ; Rise       ; clk             ;
;  d[22]    ; clk        ; 7.167 ; 7.236 ; Rise       ; clk             ;
;  d[23]    ; clk        ; 6.587 ; 6.626 ; Rise       ; clk             ;
;  d[24]    ; clk        ; 6.245 ; 6.330 ; Rise       ; clk             ;
;  d[25]    ; clk        ; 6.217 ; 6.257 ; Rise       ; clk             ;
;  d[26]    ; clk        ; 6.685 ; 6.673 ; Rise       ; clk             ;
;  d[27]    ; clk        ; 7.412 ; 7.545 ; Rise       ; clk             ;
;  d[28]    ; clk        ; 6.407 ; 6.527 ; Rise       ; clk             ;
;  d[29]    ; clk        ; 6.767 ; 6.841 ; Rise       ; clk             ;
;  d[30]    ; clk        ; 6.145 ; 6.175 ; Rise       ; clk             ;
;  d[31]    ; clk        ; 7.475 ; 7.560 ; Rise       ; clk             ;
; flags[*]  ; clk        ; 5.942 ; 5.983 ; Rise       ; clk             ;
;  flags[0] ; clk        ; 6.248 ; 6.319 ; Rise       ; clk             ;
;  flags[1] ; clk        ; 5.942 ; 5.983 ; Rise       ; clk             ;
;  flags[2] ; clk        ; 6.440 ; 6.525 ; Rise       ; clk             ;
;  flags[3] ; clk        ; 6.595 ; 6.638 ; Rise       ; clk             ;
;  flags[4] ; clk        ; 6.492 ; 6.594 ; Rise       ; clk             ;
; out_valid ; clk        ; 5.211 ; 5.230 ; Rise       ; clk             ;
+-----------+------------+-------+-------+------------+-----------------+


----------------------------------------------
; Slow 1200mV 85C Model Metastability Report ;
----------------------------------------------
No synchronizer chains to report.


+--------------------------------------------------+
; Slow 1200mV 0C Model Fmax Summary                ;
+------------+-----------------+------------+------+
; Fmax       ; Restricted Fmax ; Clock Name ; Note ;
+------------+-----------------+------------+------+
; 115.35 MHz ; 115.35 MHz      ; clk        ;      ;
+------------+-----------------+------------+------+
This panel reports FMAX for every clock in the design, regardless of the user-specified clock periods.  FMAX is only computed for paths where the source and destination registers or ports are driven by the same clock.  Paths of different clocks, including generated clocks, are ignored.  For paths between a clock and its inversion, FMAX is computed as if the rising and falling edges are scaled along with FMAX, such that the duty cycle (in terms of a percentage) is maintained. Altera recommends that you always use clock constraints and other slack reports for sign-off analysis.


+------------------------------------+
; Slow 1200mV 0C Model Setup Summary ;
+-------+-------+--------------------+
; Clock ; Slack ; End Point TNS      ;
+-------+-------+--------------------+
; clk   ; 1.331 ; 0.000              ;
+-------+-------+--------------------+


+-----------------------------------+
; Slow 1200mV 0C Model Hold Summary ;
+-------+-------+-------------------+
; Clock ; Slack ; End Point TNS     ;
+-------+-------+-------------------+
; clk   ; 0.339 ; 0.000             ;
+-------+-------+-------------------+


+---------------------------------------+
; Slow 1200mV 0C Model Recovery Summary ;
+-------+-------+-----------------------+
; Clock ; Slack ; End Point TNS         ;
+-------+-------+-----------------------+
; clk   ; 7.490 ; 0.000                 ;
+-------+-------+-----------------------+


+--------------------------------------+
; Slow 1200mV 0C Model Removal Summary ;
+-------+-------+----------------------+
; Clock ; Slack ; End Point TNS        ;
+-------+-------+----------------------+
; clk   ; 1.732 ; 0.000                ;
+-------+-------+----------------------+


+--------------------------------------------------+
; Slow 1200mV 0C Model Minimum Pulse Width Summary ;
+-------+-------+----------------------------------+
; Clock ; Slack ; End Point TNS                    ;
+-------+-------+----------------------------------+
; clk   ; 4.699 ; 0.000                            ;
+-------+-------+----------------------------------+


+------------------------------------------------------------------------------------------------------------------------------------------------------------------+
; Slow 1200mV 0C Model Setup: 'clk'                                                                                                                                ;
+-------+----------------------------------------------+-------------------------------------+--------------+-------------+--------------+------------+------------+
; Slack ; From Node                                    ; To Node                             ; Launch Clock ; Latch Clock ; Relationship ; Clock Skew ; Data Delay ;
+-------+----------------------------------------------+-------------------------------------+--------------+-------------+--------------+------------+------------+
; 1.331 ; packer_ppa_boundary:u_boundary|sf_q[9]       ; posit_pack:u_packer|g_trunc.d_q[27] ; clk          ; clk         ; 10.000       ; 0.256      ; 8.920      ;
; 1.345 ; packer_ppa_boundary:u_boundary|sf_q[9]       ; posit_pack:u_packer|g_trunc.d_q[25] ; clk          ; clk         ; 10.000       ; 0.256      ; 8.906      ;
; 1.421 ; packer_ppa_boundary:u_boundary|sf_q[2]       ; posit_pack:u_packer|g_trunc.d_q[27] ; clk          ; clk         ; 10.000       ; 0.256      ; 8.830      ;
; 1.424 ; packer_ppa_boundary:u_boundary|flags_in_q[4] ; posit_pack:u_packer|g_trunc.d_q[27] ; clk          ; clk         ; 10.000       ; 0.259      ; 8.830      ;
; 1.424 ; packer_ppa_boundary:u_boundary|sf_q[9]       ; posit_pack:u_packer|g_trunc.d_q[21] ; clk          ; clk         ; 10.000       ; 0.256      ; 8.827      ;
; 1.435 ; packer_ppa_boundary:u_boundary|sf_q[2]       ; posit_pack:u_packer|g_trunc.d_q[25] ; clk          ; clk         ; 10.000       ; 0.256      ; 8.816      ;
; 1.438 ; packer_ppa_boundary:u_boundary|flags_in_q[4] ; posit_pack:u_packer|g_trunc.d_q[25] ; clk          ; clk         ; 10.000       ; 0.259      ; 8.816      ;
; 1.454 ; packer_ppa_boundary:u_boundary|sf_q[3]       ; posit_pack:u_packer|g_trunc.d_q[27] ; clk          ; clk         ; 10.000       ; 0.261      ; 8.802      ;
; 1.468 ; packer_ppa_boundary:u_boundary|sf_q[3]       ; posit_pack:u_packer|g_trunc.d_q[25] ; clk          ; clk         ; 10.000       ; 0.261      ; 8.788      ;
; 1.472 ; packer_ppa_boundary:u_boundary|sf_q[4]       ; posit_pack:u_packer|g_trunc.d_q[27] ; clk          ; clk         ; 10.000       ; 0.256      ; 8.779      ;
; 1.480 ; packer_ppa_boundary:u_boundary|sf_q[9]       ; posit_pack:u_packer|g_trunc.d_q[30] ; clk          ; clk         ; 10.000       ; 0.256      ; 8.771      ;
; 1.486 ; packer_ppa_boundary:u_boundary|sf_q[4]       ; posit_pack:u_packer|g_trunc.d_q[25] ; clk          ; clk         ; 10.000       ; 0.256      ; 8.765      ;
; 1.514 ; packer_ppa_boundary:u_boundary|sf_q[2]       ; posit_pack:u_packer|g_trunc.d_q[21] ; clk          ; clk         ; 10.000       ; 0.256      ; 8.737      ;
; 1.517 ; packer_ppa_boundary:u_boundary|flags_in_q[4] ; posit_pack:u_packer|g_trunc.d_q[21] ; clk          ; clk         ; 10.000       ; 0.259      ; 8.737      ;
; 1.527 ; packer_ppa_boundary:u_boundary|sf_q[1]       ; posit_pack:u_packer|g_trunc.d_q[27] ; clk          ; clk         ; 10.000       ; 0.256      ; 8.724      ;
; 1.541 ; packer_ppa_boundary:u_boundary|sf_q[1]       ; posit_pack:u_packer|g_trunc.d_q[25] ; clk          ; clk         ; 10.000       ; 0.256      ; 8.710      ;
; 1.547 ; packer_ppa_boundary:u_boundary|sf_q[3]       ; posit_pack:u_packer|g_trunc.d_q[21] ; clk          ; clk         ; 10.000       ; 0.261      ; 8.709      ;
; 1.565 ; packer_ppa_boundary:u_boundary|sf_q[4]       ; posit_pack:u_packer|g_trunc.d_q[21] ; clk          ; clk         ; 10.000       ; 0.256      ; 8.686      ;
; 1.570 ; packer_ppa_boundary:u_boundary|sf_q[2]       ; posit_pack:u_packer|g_trunc.d_q[30] ; clk          ; clk         ; 10.000       ; 0.256      ; 8.681      ;
; 1.573 ; packer_ppa_boundary:u_boundary|flags_in_q[4] ; posit_pack:u_packer|g_trunc.d_q[30] ; clk          ; clk         ; 10.000       ; 0.259      ; 8.681      ;
; 1.603 ; packer_ppa_boundary:u_boundary|sf_q[3]       ; posit_pack:u_packer|g_trunc.d_q[30] ; clk          ; clk         ; 10.000       ; 0.261      ; 8.653      ;
; 1.620 ; packer_ppa_boundary:u_boundary|sf_q[1]       ; posit_pack:u_packer|g_trunc.d_q[21] ; clk          ; clk         ; 10.000       ; 0.256      ; 8.631      ;
; 1.621 ; packer_ppa_boundary:u_boundary|sf_q[4]       ; posit_pack:u_packer|g_trunc.d_q[30] ; clk          ; clk         ; 10.000       ; 0.256      ; 8.630      ;
; 1.629 ; packer_ppa_boundary:u_boundary|sf_q[5]       ; posit_pack:u_packer|g_trunc.d_q[27] ; clk          ; clk         ; 10.000       ; 0.259      ; 8.625      ;
; 1.630 ; packer_ppa_boundary:u_boundary|frac_q[54]    ; posit_pack:u_packer|g_trunc.d_q[27] ; clk          ; clk         ; 10.000       ; 0.256      ; 8.621      ;
; 1.640 ; packer_ppa_boundary:u_boundary|sf_q[9]       ; posit_pack:u_packer|g_trunc.d_q[19] ; clk          ; clk         ; 10.000       ; 0.256      ; 8.611      ;
; 1.643 ; packer_ppa_boundary:u_boundary|sf_q[5]       ; posit_pack:u_packer|g_trunc.d_q[25] ; clk          ; clk         ; 10.000       ; 0.259      ; 8.611      ;
; 1.644 ; packer_ppa_boundary:u_boundary|frac_q[54]    ; posit_pack:u_packer|g_trunc.d_q[25] ; clk          ; clk         ; 10.000       ; 0.256      ; 8.607      ;
; 1.647 ; packer_ppa_boundary:u_boundary|sf_q[9]       ; posit_pack:u_packer|g_trunc.d_q[23] ; clk          ; clk         ; 10.000       ; 0.256      ; 8.604      ;
; 1.667 ; packer_ppa_boundary:u_boundary|sf_q[1]       ; posit_pack:u_packer|g_trunc.d_q[30] ; clk          ; clk         ; 10.000       ; 0.256      ; 8.584      ;
; 1.679 ; packer_ppa_boundary:u_boundary|is_nar_q      ; posit_pack:u_packer|g_trunc.d_q[27] ; clk          ; clk         ; 10.000       ; 0.259      ; 8.575      ;
; 1.693 ; packer_ppa_boundary:u_boundary|is_nar_q      ; posit_pack:u_packer|g_trunc.d_q[25] ; clk          ; clk         ; 10.000       ; 0.259      ; 8.561      ;
; 1.720 ; packer_ppa_boundary:u_boundary|frac_q[46]    ; posit_pack:u_packer|g_trunc.d_q[27] ; clk          ; clk         ; 10.000       ; 0.256      ; 8.531      ;
; 1.722 ; packer_ppa_boundary:u_boundary|sf_q[5]       ; posit_pack:u_packer|g_trunc.d_q[21] ; clk          ; clk         ; 10.000       ; 0.259      ; 8.532      ;
; 1.723 ; packer_ppa_boundary:u_boundary|sf_q[6]       ; posit_pack:u_packer|g_trunc.d_q[27] ; clk          ; clk         ; 10.000       ; 0.259      ; 8.531      ;
; 1.723 ; packer_ppa_boundary:u_boundary|frac_q[54]    ; posit_pack:u_packer|g_trunc.d_q[21] ; clk          ; clk         ; 10.000       ; 0.256      ; 8.528      ;
; 1.730 ; packer_ppa_boundary:u_boundary|sf_q[2]       ; posit_pack:u_packer|g_trunc.d_q[19] ; clk          ; clk         ; 10.000       ; 0.256      ; 8.521      ;
; 1.733 ; packer_ppa_boundary:u_boundary|flags_in_q[4] ; posit_pack:u_packer|g_trunc.d_q[19] ; clk          ; clk         ; 10.000       ; 0.259      ; 8.521      ;
; 1.734 ; packer_ppa_boundary:u_boundary|frac_q[46]    ; posit_pack:u_packer|g_trunc.d_q[25] ; clk          ; clk         ; 10.000       ; 0.256      ; 8.517      ;
; 1.737 ; packer_ppa_boundary:u_boundary|sf_q[2]       ; posit_pack:u_packer|g_trunc.d_q[23] ; clk          ; clk         ; 10.000       ; 0.256      ; 8.514      ;
; 1.737 ; packer_ppa_boundary:u_boundary|sf_q[6]       ; posit_pack:u_packer|g_trunc.d_q[25] ; clk          ; clk         ; 10.000       ; 0.259      ; 8.517      ;
; 1.740 ; packer_ppa_boundary:u_boundary|flags_in_q[4] ; posit_pack:u_packer|g_trunc.d_q[23] ; clk          ; clk         ; 10.000       ; 0.259      ; 8.514      ;
; 1.756 ; packer_ppa_boundary:u_boundary|frac_q[43]    ; posit_pack:u_packer|g_trunc.d_q[27] ; clk          ; clk         ; 10.000       ; 0.261      ; 8.500      ;
; 1.763 ; packer_ppa_boundary:u_boundary|sf_q[3]       ; posit_pack:u_packer|g_trunc.d_q[19] ; clk          ; clk         ; 10.000       ; 0.261      ; 8.493      ;
; 1.770 ; packer_ppa_boundary:u_boundary|sf_q[3]       ; posit_pack:u_packer|g_trunc.d_q[23] ; clk          ; clk         ; 10.000       ; 0.261      ; 8.486      ;
; 1.770 ; packer_ppa_boundary:u_boundary|frac_q[43]    ; posit_pack:u_packer|g_trunc.d_q[25] ; clk          ; clk         ; 10.000       ; 0.261      ; 8.486      ;
; 1.772 ; packer_ppa_boundary:u_boundary|is_nar_q      ; posit_pack:u_packer|g_trunc.d_q[21] ; clk          ; clk         ; 10.000       ; 0.259      ; 8.482      ;
; 1.775 ; packer_ppa_boundary:u_boundary|sf_q[5]       ; posit_pack:u_packer|g_trunc.d_q[30] ; clk          ; clk         ; 10.000       ; 0.259      ; 8.479      ;
; 1.779 ; packer_ppa_boundary:u_boundary|frac_q[54]    ; posit_pack:u_packer|g_trunc.d_q[30] ; clk          ; clk         ; 10.000       ; 0.256      ; 8.472      ;
; 1.781 ; packer_ppa_boundary:u_boundary|sf_q[4]       ; posit_pack:u_packer|g_trunc.d_q[19] ; clk          ; clk         ; 10.000       ; 0.256      ; 8.470      ;
; 1.788 ; packer_ppa_boundary:u_boundary|sf_q[4]       ; posit_pack:u_packer|g_trunc.d_q[23] ; clk          ; clk         ; 10.000       ; 0.256      ; 8.463      ;
; 1.792 ; packer_ppa_boundary:u_boundary|sf_q[8]       ; posit_pack:u_packer|g_trunc.d_q[27] ; clk          ; clk         ; 10.000       ; 0.259      ; 8.462      ;
; 1.794 ; packer_ppa_boundary:u_boundary|frac_q[46]    ; posit_pack:u_packer|g_trunc.d_q[30] ; clk          ; clk         ; 10.000       ; 0.256      ; 8.457      ;
; 1.806 ; packer_ppa_boundary:u_boundary|sf_q[8]       ; posit_pack:u_packer|g_trunc.d_q[25] ; clk          ; clk         ; 10.000       ; 0.259      ; 8.448      ;
; 1.813 ; packer_ppa_boundary:u_boundary|frac_q[46]    ; posit_pack:u_packer|g_trunc.d_q[21] ; clk          ; clk         ; 10.000       ; 0.256      ; 8.438      ;
; 1.816 ; packer_ppa_boundary:u_boundary|sf_q[6]       ; posit_pack:u_packer|g_trunc.d_q[21] ; clk          ; clk         ; 10.000       ; 0.259      ; 8.438      ;
; 1.820 ; packer_ppa_boundary:u_boundary|frac_q[50]    ; posit_pack:u_packer|g_trunc.d_q[27] ; clk          ; clk         ; 10.000       ; 0.256      ; 8.431      ;
; 1.828 ; packer_ppa_boundary:u_boundary|is_nar_q      ; posit_pack:u_packer|g_trunc.d_q[30] ; clk          ; clk         ; 10.000       ; 0.259      ; 8.426      ;
; 1.834 ; packer_ppa_boundary:u_boundary|frac_q[50]    ; posit_pack:u_packer|g_trunc.d_q[25] ; clk          ; clk         ; 10.000       ; 0.256      ; 8.417      ;
; 1.836 ; packer_ppa_boundary:u_boundary|sf_q[1]       ; posit_pack:u_packer|g_trunc.d_q[19] ; clk          ; clk         ; 10.000       ; 0.256      ; 8.415      ;
; 1.837 ; packer_ppa_boundary:u_boundary|sf_q[0]       ; posit_pack:u_packer|g_trunc.d_q[27] ; clk          ; clk         ; 10.000       ; 0.256      ; 8.414      ;
; 1.843 ; packer_ppa_boundary:u_boundary|sf_q[1]       ; posit_pack:u_packer|g_trunc.d_q[23] ; clk          ; clk         ; 10.000       ; 0.256      ; 8.408      ;
; 1.849 ; packer_ppa_boundary:u_boundary|frac_q[43]    ; posit_pack:u_packer|g_trunc.d_q[21] ; clk          ; clk         ; 10.000       ; 0.261      ; 8.407      ;
; 1.851 ; packer_ppa_boundary:u_boundary|sf_q[0]       ; posit_pack:u_packer|g_trunc.d_q[25] ; clk          ; clk         ; 10.000       ; 0.256      ; 8.400      ;
; 1.855 ; packer_ppa_boundary:u_boundary|frac_q[33]    ; posit_pack:u_packer|g_trunc.d_q[27] ; clk          ; clk         ; 10.000       ; 0.261      ; 8.401      ;
; 1.857 ; packer_ppa_boundary:u_boundary|frac_q[44]    ; posit_pack:u_packer|g_trunc.d_q[27] ; clk          ; clk         ; 10.000       ; 0.262      ; 8.400      ;
; 1.859 ; packer_ppa_boundary:u_boundary|frac_q[45]    ; posit_pack:u_packer|g_trunc.d_q[27] ; clk          ; clk         ; 10.000       ; 0.256      ; 8.392      ;
; 1.865 ; packer_ppa_boundary:u_boundary|sf_q[9]       ; posit_pack:u_packer|g_trunc.d_q[29] ; clk          ; clk         ; 10.000       ; 0.283      ; 8.413      ;
; 1.869 ; packer_ppa_boundary:u_boundary|frac_q[33]    ; posit_pack:u_packer|g_trunc.d_q[25] ; clk          ; clk         ; 10.000       ; 0.261      ; 8.387      ;
; 1.871 ; packer_ppa_boundary:u_boundary|frac_q[44]    ; posit_pack:u_packer|g_trunc.d_q[25] ; clk          ; clk         ; 10.000       ; 0.262      ; 8.386      ;
; 1.872 ; packer_ppa_boundary:u_boundary|sf_q[6]       ; posit_pack:u_packer|g_trunc.d_q[30] ; clk          ; clk         ; 10.000       ; 0.259      ; 8.382      ;
; 1.873 ; packer_ppa_boundary:u_boundary|frac_q[45]    ; posit_pack:u_packer|g_trunc.d_q[25] ; clk          ; clk         ; 10.000       ; 0.256      ; 8.378      ;
; 1.881 ; packer_ppa_boundary:u_boundary|frac_q[49]    ; posit_pack:u_packer|g_trunc.d_q[27] ; clk          ; clk         ; 10.000       ; 0.256      ; 8.370      ;
; 1.885 ; packer_ppa_boundary:u_boundary|sf_q[8]       ; posit_pack:u_packer|g_trunc.d_q[21] ; clk          ; clk         ; 10.000       ; 0.259      ; 8.369      ;
; 1.895 ; packer_ppa_boundary:u_boundary|frac_q[49]    ; posit_pack:u_packer|g_trunc.d_q[25] ; clk          ; clk         ; 10.000       ; 0.256      ; 8.356      ;
; 1.905 ; packer_ppa_boundary:u_boundary|frac_q[43]    ; posit_pack:u_packer|g_trunc.d_q[30] ; clk          ; clk         ; 10.000       ; 0.261      ; 8.351      ;
; 1.913 ; packer_ppa_boundary:u_boundary|frac_q[50]    ; posit_pack:u_packer|g_trunc.d_q[21] ; clk          ; clk         ; 10.000       ; 0.256      ; 8.338      ;
; 1.919 ; packer_ppa_boundary:u_boundary|frac_q[37]    ; posit_pack:u_packer|g_trunc.d_q[27] ; clk          ; clk         ; 10.000       ; 0.261      ; 8.337      ;
; 1.930 ; packer_ppa_boundary:u_boundary|sf_q[0]       ; posit_pack:u_packer|g_trunc.d_q[21] ; clk          ; clk         ; 10.000       ; 0.256      ; 8.321      ;
; 1.933 ; packer_ppa_boundary:u_boundary|frac_q[37]    ; posit_pack:u_packer|g_trunc.d_q[25] ; clk          ; clk         ; 10.000       ; 0.261      ; 8.323      ;
; 1.935 ; packer_ppa_boundary:u_boundary|sf_q[9]       ; posit_pack:u_packer|g_trunc.d_q[28] ; clk          ; clk         ; 10.000       ; 0.256      ; 8.316      ;
; 1.938 ; packer_ppa_boundary:u_boundary|sf_q[7]       ; posit_pack:u_packer|g_trunc.d_q[27] ; clk          ; clk         ; 10.000       ; 0.259      ; 8.316      ;
; 1.938 ; packer_ppa_boundary:u_boundary|sf_q[5]       ; posit_pack:u_packer|g_trunc.d_q[19] ; clk          ; clk         ; 10.000       ; 0.259      ; 8.316      ;
; 1.939 ; packer_ppa_boundary:u_boundary|frac_q[54]    ; posit_pack:u_packer|g_trunc.d_q[19] ; clk          ; clk         ; 10.000       ; 0.256      ; 8.312      ;
; 1.941 ; packer_ppa_boundary:u_boundary|frac_q[53]    ; posit_pack:u_packer|g_trunc.d_q[27] ; clk          ; clk         ; 10.000       ; 0.256      ; 8.310      ;
; 1.941 ; packer_ppa_boundary:u_boundary|sf_q[8]       ; posit_pack:u_packer|g_trunc.d_q[30] ; clk          ; clk         ; 10.000       ; 0.259      ; 8.313      ;
; 1.945 ; packer_ppa_boundary:u_boundary|sf_q[9]       ; posit_pack:u_packer|g_trunc.d_q[31] ; clk          ; clk         ; 10.000       ; 0.283      ; 8.333      ;
; 1.945 ; packer_ppa_boundary:u_boundary|sf_q[5]       ; posit_pack:u_packer|g_trunc.d_q[23] ; clk          ; clk         ; 10.000       ; 0.259      ; 8.309      ;
; 1.946 ; packer_ppa_boundary:u_boundary|frac_q[54]    ; posit_pack:u_packer|g_trunc.d_q[23] ; clk          ; clk         ; 10.000       ; 0.256      ; 8.305      ;
; 1.948 ; packer_ppa_boundary:u_boundary|frac_q[33]    ; posit_pack:u_packer|g_trunc.d_q[21] ; clk          ; clk         ; 10.000       ; 0.261      ; 8.308      ;
; 1.950 ; packer_ppa_boundary:u_boundary|frac_q[44]    ; posit_pack:u_packer|g_trunc.d_q[21] ; clk          ; clk         ; 10.000       ; 0.262      ; 8.307      ;
; 1.952 ; packer_ppa_boundary:u_boundary|frac_q[45]    ; posit_pack:u_packer|g_trunc.d_q[21] ; clk          ; clk         ; 10.000       ; 0.256      ; 8.299      ;
; 1.952 ; packer_ppa_boundary:u_boundary|sf_q[7]       ; posit_pack:u_packer|g_trunc.d_q[25] ; clk          ; clk         ; 10.000       ; 0.259      ; 8.302      ;
; 1.955 ; packer_ppa_boundary:u_boundary|sf_q[2]       ; posit_pack:u_packer|g_trunc.d_q[29] ; clk          ; clk         ; 10.000       ; 0.283      ; 8.323      ;
; 1.955 ; packer_ppa_boundary:u_boundary|frac_q[53]    ; posit_pack:u_packer|g_trunc.d_q[25] ; clk          ; clk         ; 10.000       ; 0.256      ; 8.296      ;
; 1.958 ; packer_ppa_boundary:u_boundary|flags_in_q[4] ; posit_pack:u_packer|g_trunc.d_q[29] ; clk          ; clk         ; 10.000       ; 0.286      ; 8.323      ;
; 1.960 ; packer_ppa_boundary:u_boundary|frac_q[36]    ; posit_pack:u_packer|g_trunc.d_q[27] ; clk          ; clk         ; 10.000       ; 0.262      ; 8.297      ;
; 1.962 ; packer_ppa_boundary:u_boundary|is_zero_q     ; posit_pack:u_packer|g_trunc.d_q[27] ; clk          ; clk         ; 10.000       ; -0.092     ; 7.941      ;
; 1.969 ; packer_ppa_boundary:u_boundary|frac_q[50]    ; posit_pack:u_packer|g_trunc.d_q[30] ; clk          ; clk         ; 10.000       ; 0.256      ; 8.282      ;
; 1.972 ; packer_ppa_boundary:u_boundary|sf_q[9]       ; posit_pack:u_packer|g_trunc.d_q[13] ; clk          ; clk         ; 10.000       ; 0.256      ; 8.279      ;
+-------+----------------------------------------------+-------------------------------------+--------------+-------------+--------------+------------+------------+


+------------------------------------------------------------------------------------------------------------------------------------------------------------------------+
; Slow 1200mV 0C Model Hold: 'clk'                                                                                                                                       ;
+-------+----------------------------------------------+-------------------------------------------+--------------+-------------+--------------+------------+------------+
; Slack ; From Node                                    ; To Node                                   ; Launch Clock ; Latch Clock ; Relationship ; Clock Skew ; Data Delay ;
+-------+----------------------------------------------+-------------------------------------------+--------------+-------------+--------------+------------+------------+
; 0.339 ; posit_pack:u_packer|g_trunc.flags_q[4]       ; packer_ppa_boundary:u_boundary|flags[4]   ; clk          ; clk         ; 0.000        ; 0.054      ; 0.537      ;
; 0.340 ; posit_pack:u_packer|g_trunc.valid_q          ; packer_ppa_boundary:u_boundary|out_valid  ; clk          ; clk         ; 0.000        ; 0.055      ; 0.539      ;
; 0.340 ; packer_ppa_boundary:u_boundary|flags_in_q[2] ; posit_pack:u_packer|g_trunc.flags_q[2]    ; clk          ; clk         ; 0.000        ; 0.054      ; 0.538      ;
; 0.341 ; posit_pack:u_packer|g_trunc.flags_q[2]       ; packer_ppa_boundary:u_boundary|flags[2]   ; clk          ; clk         ; 0.000        ; 0.054      ; 0.539      ;
; 0.341 ; posit_pack:u_packer|g_trunc.flags_q[0]       ; packer_ppa_boundary:u_boundary|flags[0]   ; clk          ; clk         ; 0.000        ; 0.055      ; 0.540      ;
; 0.341 ; packer_ppa_boundary:u_boundary|meta_sync1    ; packer_ppa_boundary:u_boundary|meta_sync2 ; clk          ; clk         ; 0.000        ; 0.055      ; 0.540      ;
; 0.449 ; packer_ppa_boundary:u_boundary|flags_in_q[1] ; posit_pack:u_packer|g_trunc.flags_q[1]    ; clk          ; clk         ; 0.000        ; 0.054      ; 0.647      ;
; 0.467 ; posit_pack:u_packer|g_trunc.flags_q[3]       ; packer_ppa_boundary:u_boundary|flags[3]   ; clk          ; clk         ; 0.000        ; 0.054      ; 0.665      ;
; 0.489 ; packer_ppa_boundary:u_boundary|is_nar_q      ; posit_pack:u_packer|g_trunc.d_q[23]       ; clk          ; clk         ; 0.000        ; 0.381      ; 1.014      ;
; 0.489 ; packer_ppa_boundary:u_boundary|is_nar_q      ; posit_pack:u_packer|g_trunc.d_q[27]       ; clk          ; clk         ; 0.000        ; 0.381      ; 1.014      ;
; 0.490 ; packer_ppa_boundary:u_boundary|is_nar_q      ; posit_pack:u_packer|g_trunc.d_q[30]       ; clk          ; clk         ; 0.000        ; 0.381      ; 1.015      ;
; 0.491 ; packer_ppa_boundary:u_boundary|flags_in_q[0] ; posit_pack:u_packer|g_trunc.flags_q[0]    ; clk          ; clk         ; 0.000        ; 0.055      ; 0.690      ;
; 0.592 ; packer_ppa_boundary:u_boundary|is_nar_q      ; posit_pack:u_packer|g_trunc.d_q[14]       ; clk          ; clk         ; 0.000        ; 0.381      ; 1.117      ;
; 0.623 ; packer_ppa_boundary:u_boundary|flags_in_q[4] ; posit_pack:u_packer|g_trunc.d_q[14]       ; clk          ; clk         ; 0.000        ; 0.381      ; 1.148      ;
; 0.709 ; posit_pack:u_packer|g_trunc.d_q[16]          ; packer_ppa_boundary:u_boundary|d[16]      ; clk          ; clk         ; 0.000        ; 0.055      ; 0.908      ;
; 0.712 ; packer_ppa_boundary:u_boundary|flags_in_q[4] ; posit_pack:u_packer|g_trunc.d_q[29]       ; clk          ; clk         ; 0.000        ; 0.410      ; 1.266      ;
; 0.716 ; packer_ppa_boundary:u_boundary|flags_in_q[4] ; posit_pack:u_packer|g_trunc.d_q[15]       ; clk          ; clk         ; 0.000        ; 0.410      ; 1.270      ;
; 0.716 ; packer_ppa_boundary:u_boundary|flags_in_q[4] ; posit_pack:u_packer|g_trunc.d_q[17]       ; clk          ; clk         ; 0.000        ; 0.410      ; 1.270      ;
; 0.729 ; packer_ppa_boundary:u_boundary|flags_in_q[4] ; posit_pack:u_packer|g_trunc.d_q[0]        ; clk          ; clk         ; 0.000        ; 0.381      ; 1.254      ;
; 0.777 ; posit_pack:u_packer|g_trunc.d_q[28]          ; packer_ppa_boundary:u_boundary|d[28]      ; clk          ; clk         ; 0.000        ; -0.261     ; 0.660      ;
; 0.779 ; posit_pack:u_packer|g_trunc.d_q[30]          ; packer_ppa_boundary:u_boundary|d[30]      ; clk          ; clk         ; 0.000        ; -0.259     ; 0.664      ;
; 0.780 ; posit_pack:u_packer|g_trunc.d_q[0]           ; packer_ppa_boundary:u_boundary|d[0]       ; clk          ; clk         ; 0.000        ; -0.258     ; 0.666      ;
; 0.780 ; posit_pack:u_packer|g_trunc.d_q[27]          ; packer_ppa_boundary:u_boundary|d[27]      ; clk          ; clk         ; 0.000        ; -0.259     ; 0.665      ;
; 0.783 ; packer_ppa_boundary:u_boundary|is_nar_q      ; posit_pack:u_packer|g_trunc.d_q[0]        ; clk          ; clk         ; 0.000        ; 0.381      ; 1.308      ;
; 0.790 ; posit_pack:u_packer|g_trunc.d_q[22]          ; packer_ppa_boundary:u_boundary|d[22]      ; clk          ; clk         ; 0.000        ; -0.261     ; 0.673      ;
; 0.791 ; packer_ppa_boundary:u_boundary|flags_in_q[4] ; posit_pack:u_packer|g_trunc.d_q[27]       ; clk          ; clk         ; 0.000        ; 0.381      ; 1.316      ;
; 0.792 ; packer_ppa_boundary:u_boundary|flags_in_q[4] ; posit_pack:u_packer|g_trunc.d_q[30]       ; clk          ; clk         ; 0.000        ; 0.381      ; 1.317      ;
; 0.794 ; packer_ppa_boundary:u_boundary|flags_in_q[4] ; posit_pack:u_packer|g_trunc.d_q[23]       ; clk          ; clk         ; 0.000        ; 0.381      ; 1.319      ;
; 0.796 ; posit_pack:u_packer|g_trunc.d_q[26]          ; packer_ppa_boundary:u_boundary|d[26]      ; clk          ; clk         ; 0.000        ; -0.261     ; 0.679      ;
; 0.799 ; posit_pack:u_packer|g_trunc.d_q[20]          ; packer_ppa_boundary:u_boundary|d[20]      ; clk          ; clk         ; 0.000        ; -0.261     ; 0.682      ;
; 0.803 ; posit_pack:u_packer|g_trunc.d_q[15]          ; packer_ppa_boundary:u_boundary|d[15]      ; clk          ; clk         ; 0.000        ; -0.282     ; 0.665      ;
; 0.803 ; posit_pack:u_packer|g_trunc.d_q[12]          ; packer_ppa_boundary:u_boundary|d[12]      ; clk          ; clk         ; 0.000        ; -0.261     ; 0.686      ;
; 0.839 ; packer_ppa_boundary:u_boundary|is_nar_q      ; posit_pack:u_packer|g_trunc.d_q[12]       ; clk          ; clk         ; 0.000        ; 0.410      ; 1.393      ;
; 0.909 ; posit_pack:u_packer|g_trunc.d_q[24]          ; packer_ppa_boundary:u_boundary|d[24]      ; clk          ; clk         ; 0.000        ; -0.261     ; 0.792      ;
; 0.919 ; posit_pack:u_packer|g_trunc.flags_q[1]       ; packer_ppa_boundary:u_boundary|flags[1]   ; clk          ; clk         ; 0.000        ; 0.048      ; 1.111      ;
; 0.943 ; packer_ppa_boundary:u_boundary|is_nar_q      ; posit_pack:u_packer|g_trunc.d_q[21]       ; clk          ; clk         ; 0.000        ; 0.410      ; 1.497      ;
; 0.944 ; packer_ppa_boundary:u_boundary|is_nar_q      ; posit_pack:u_packer|g_trunc.d_q[2]        ; clk          ; clk         ; 0.000        ; 0.410      ; 1.498      ;
; 0.944 ; packer_ppa_boundary:u_boundary|is_nar_q      ; posit_pack:u_packer|g_trunc.d_q[4]        ; clk          ; clk         ; 0.000        ; 0.410      ; 1.498      ;
; 0.944 ; packer_ppa_boundary:u_boundary|is_nar_q      ; posit_pack:u_packer|g_trunc.d_q[6]        ; clk          ; clk         ; 0.000        ; 0.410      ; 1.498      ;
; 0.945 ; packer_ppa_boundary:u_boundary|is_nar_q      ; posit_pack:u_packer|g_trunc.d_q[8]        ; clk          ; clk         ; 0.000        ; 0.410      ; 1.499      ;
; 0.945 ; posit_pack:u_packer|g_trunc.d_q[5]           ; packer_ppa_boundary:u_boundary|d[5]       ; clk          ; clk         ; 0.000        ; -0.261     ; 0.828      ;
; 0.945 ; posit_pack:u_packer|g_trunc.d_q[8]           ; packer_ppa_boundary:u_boundary|d[8]       ; clk          ; clk         ; 0.000        ; -0.262     ; 0.827      ;
; 0.947 ; packer_ppa_boundary:u_boundary|is_nar_q      ; posit_pack:u_packer|g_trunc.d_q[9]        ; clk          ; clk         ; 0.000        ; 0.410      ; 1.501      ;
; 0.970 ; posit_pack:u_packer|g_trunc.d_q[1]           ; packer_ppa_boundary:u_boundary|d[1]       ; clk          ; clk         ; 0.000        ; -0.261     ; 0.853      ;
; 0.970 ; posit_pack:u_packer|g_trunc.d_q[3]           ; packer_ppa_boundary:u_boundary|d[3]       ; clk          ; clk         ; 0.000        ; -0.261     ; 0.853      ;
; 0.970 ; posit_pack:u_packer|g_trunc.d_q[25]          ; packer_ppa_boundary:u_boundary|d[25]      ; clk          ; clk         ; 0.000        ; -0.261     ; 0.853      ;
; 0.976 ; posit_pack:u_packer|g_trunc.d_q[7]           ; packer_ppa_boundary:u_boundary|d[7]       ; clk          ; clk         ; 0.000        ; -0.261     ; 0.859      ;
; 0.977 ; posit_pack:u_packer|g_trunc.d_q[2]           ; packer_ppa_boundary:u_boundary|d[2]       ; clk          ; clk         ; 0.000        ; -0.262     ; 0.859      ;
; 0.977 ; posit_pack:u_packer|g_trunc.d_q[9]           ; packer_ppa_boundary:u_boundary|d[9]       ; clk          ; clk         ; 0.000        ; -0.262     ; 0.859      ;
; 0.979 ; posit_pack:u_packer|g_trunc.d_q[6]           ; packer_ppa_boundary:u_boundary|d[6]       ; clk          ; clk         ; 0.000        ; -0.262     ; 0.861      ;
; 0.984 ; posit_pack:u_packer|g_trunc.d_q[13]          ; packer_ppa_boundary:u_boundary|d[13]      ; clk          ; clk         ; 0.000        ; -0.262     ; 0.866      ;
; 0.989 ; posit_pack:u_packer|g_trunc.d_q[11]          ; packer_ppa_boundary:u_boundary|d[11]      ; clk          ; clk         ; 0.000        ; -0.262     ; 0.871      ;
; 0.990 ; posit_pack:u_packer|g_trunc.d_q[21]          ; packer_ppa_boundary:u_boundary|d[21]      ; clk          ; clk         ; 0.000        ; -0.262     ; 0.872      ;
; 1.022 ; packer_ppa_boundary:u_boundary|is_nar_q      ; posit_pack:u_packer|g_trunc.d_q[3]        ; clk          ; clk         ; 0.000        ; 0.410      ; 1.576      ;
; 1.024 ; packer_ppa_boundary:u_boundary|is_nar_q      ; posit_pack:u_packer|g_trunc.d_q[20]       ; clk          ; clk         ; 0.000        ; 0.410      ; 1.578      ;
; 1.024 ; packer_ppa_boundary:u_boundary|is_nar_q      ; posit_pack:u_packer|g_trunc.d_q[22]       ; clk          ; clk         ; 0.000        ; 0.410      ; 1.578      ;
; 1.024 ; packer_ppa_boundary:u_boundary|is_nar_q      ; posit_pack:u_packer|g_trunc.d_q[28]       ; clk          ; clk         ; 0.000        ; 0.410      ; 1.578      ;
; 1.025 ; packer_ppa_boundary:u_boundary|is_nar_q      ; posit_pack:u_packer|g_trunc.d_q[1]        ; clk          ; clk         ; 0.000        ; 0.410      ; 1.579      ;
; 1.025 ; packer_ppa_boundary:u_boundary|is_nar_q      ; posit_pack:u_packer|g_trunc.d_q[7]        ; clk          ; clk         ; 0.000        ; 0.410      ; 1.579      ;
; 1.026 ; packer_ppa_boundary:u_boundary|is_nar_q      ; posit_pack:u_packer|g_trunc.d_q[5]        ; clk          ; clk         ; 0.000        ; 0.410      ; 1.580      ;
; 1.027 ; packer_ppa_boundary:u_boundary|is_nar_q      ; posit_pack:u_packer|g_trunc.d_q[10]       ; clk          ; clk         ; 0.000        ; 0.410      ; 1.581      ;
; 1.027 ; packer_ppa_boundary:u_boundary|is_nar_q      ; posit_pack:u_packer|g_trunc.d_q[25]       ; clk          ; clk         ; 0.000        ; 0.410      ; 1.581      ;
; 1.028 ; packer_ppa_boundary:u_boundary|is_nar_q      ; posit_pack:u_packer|g_trunc.d_q[19]       ; clk          ; clk         ; 0.000        ; 0.410      ; 1.582      ;
; 1.028 ; packer_ppa_boundary:u_boundary|is_nar_q      ; posit_pack:u_packer|g_trunc.d_q[24]       ; clk          ; clk         ; 0.000        ; 0.410      ; 1.582      ;
; 1.028 ; packer_ppa_boundary:u_boundary|is_nar_q      ; posit_pack:u_packer|g_trunc.d_q[26]       ; clk          ; clk         ; 0.000        ; 0.410      ; 1.582      ;
; 1.032 ; packer_ppa_boundary:u_boundary|is_nar_q      ; posit_pack:u_packer|g_trunc.d_q[11]       ; clk          ; clk         ; 0.000        ; 0.410      ; 1.586      ;
; 1.032 ; packer_ppa_boundary:u_boundary|is_nar_q      ; posit_pack:u_packer|g_trunc.d_q[13]       ; clk          ; clk         ; 0.000        ; 0.410      ; 1.586      ;
; 1.047 ; packer_ppa_boundary:u_boundary|flags_in_q[3] ; posit_pack:u_packer|g_trunc.flags_q[3]    ; clk          ; clk         ; 0.000        ; 0.051      ; 1.242      ;
; 1.062 ; packer_ppa_boundary:u_boundary|flags_in_q[4] ; posit_pack:u_packer|g_trunc.d_q[18]       ; clk          ; clk         ; 0.000        ; 0.059      ; 1.265      ;
; 1.063 ; posit_pack:u_packer|g_trunc.d_q[17]          ; packer_ppa_boundary:u_boundary|d[17]      ; clk          ; clk         ; 0.000        ; -0.284     ; 0.923      ;
; 1.067 ; packer_ppa_boundary:u_boundary|flags_in_q[4] ; posit_pack:u_packer|g_trunc.d_q[16]       ; clk          ; clk         ; 0.000        ; 0.059      ; 1.270      ;
; 1.103 ; posit_pack:u_packer|g_trunc.d_q[4]           ; packer_ppa_boundary:u_boundary|d[4]       ; clk          ; clk         ; 0.000        ; -0.262     ; 0.985      ;
; 1.144 ; posit_pack:u_packer|g_trunc.d_q[18]          ; packer_ppa_boundary:u_boundary|d[18]      ; clk          ; clk         ; 0.000        ; 0.053      ; 1.341      ;
; 1.149 ; posit_pack:u_packer|g_trunc.d_q[10]          ; packer_ppa_boundary:u_boundary|d[10]      ; clk          ; clk         ; 0.000        ; -0.262     ; 1.031      ;
; 1.198 ; posit_pack:u_packer|g_trunc.d_q[31]          ; packer_ppa_boundary:u_boundary|d[31]      ; clk          ; clk         ; 0.000        ; -0.283     ; 1.059      ;
; 1.206 ; packer_ppa_boundary:u_boundary|flags_in_q[4] ; posit_pack:u_packer|g_trunc.d_q[8]        ; clk          ; clk         ; 0.000        ; 0.410      ; 1.760      ;
; 1.207 ; posit_pack:u_packer|g_trunc.d_q[29]          ; packer_ppa_boundary:u_boundary|d[29]      ; clk          ; clk         ; 0.000        ; -0.282     ; 1.069      ;
; 1.208 ; packer_ppa_boundary:u_boundary|flags_in_q[4] ; posit_pack:u_packer|g_trunc.d_q[6]        ; clk          ; clk         ; 0.000        ; 0.410      ; 1.762      ;
; 1.210 ; packer_ppa_boundary:u_boundary|flags_in_q[4] ; posit_pack:u_packer|g_trunc.d_q[21]       ; clk          ; clk         ; 0.000        ; 0.410      ; 1.764      ;
; 1.212 ; packer_ppa_boundary:u_boundary|flags_in_q[4] ; posit_pack:u_packer|g_trunc.d_q[2]        ; clk          ; clk         ; 0.000        ; 0.410      ; 1.766      ;
; 1.213 ; packer_ppa_boundary:u_boundary|flags_in_q[4] ; posit_pack:u_packer|g_trunc.d_q[4]        ; clk          ; clk         ; 0.000        ; 0.410      ; 1.767      ;
; 1.214 ; packer_ppa_boundary:u_boundary|flags_in_q[4] ; posit_pack:u_packer|g_trunc.d_q[9]        ; clk          ; clk         ; 0.000        ; 0.410      ; 1.768      ;
; 1.241 ; packer_ppa_boundary:u_boundary|sign_q        ; posit_pack:u_packer|g_trunc.d_q[0]        ; clk          ; clk         ; 0.000        ; 0.068      ; 1.453      ;
; 1.243 ; packer_ppa_boundary:u_boundary|flags_in_q[4] ; posit_pack:u_packer|g_trunc.d_q[13]       ; clk          ; clk         ; 0.000        ; 0.410      ; 1.797      ;
; 1.244 ; packer_ppa_boundary:u_boundary|flags_in_q[4] ; posit_pack:u_packer|g_trunc.d_q[11]       ; clk          ; clk         ; 0.000        ; 0.410      ; 1.798      ;
; 1.246 ; packer_ppa_boundary:u_boundary|flags_in_q[4] ; posit_pack:u_packer|g_trunc.d_q[10]       ; clk          ; clk         ; 0.000        ; 0.410      ; 1.800      ;
; 1.247 ; packer_ppa_boundary:u_boundary|flags_in_q[4] ; posit_pack:u_packer|g_trunc.d_q[19]       ; clk          ; clk         ; 0.000        ; 0.410      ; 1.801      ;
; 1.250 ; packer_ppa_boundary:u_boundary|is_zero_q     ; posit_pack:u_packer|g_trunc.d_q[10]       ; clk          ; clk         ; 0.000        ; 0.073      ; 1.467      ;
; 1.250 ; packer_ppa_boundary:u_boundary|is_zero_q     ; posit_pack:u_packer|g_trunc.d_q[19]       ; clk          ; clk         ; 0.000        ; 0.073      ; 1.467      ;
; 1.251 ; packer_ppa_boundary:u_boundary|is_zero_q     ; posit_pack:u_packer|g_trunc.d_q[13]       ; clk          ; clk         ; 0.000        ; 0.073      ; 1.468      ;
; 1.251 ; packer_ppa_boundary:u_boundary|is_zero_q     ; posit_pack:u_packer|g_trunc.d_q[11]       ; clk          ; clk         ; 0.000        ; 0.073      ; 1.468      ;
; 1.257 ; packer_ppa_boundary:u_boundary|sign_q        ; posit_pack:u_packer|g_trunc.d_q[31]       ; clk          ; clk         ; 0.000        ; 0.097      ; 1.498      ;
; 1.268 ; packer_ppa_boundary:u_boundary|is_nar_q      ; posit_pack:u_packer|g_trunc.d_q[15]       ; clk          ; clk         ; 0.000        ; 0.410      ; 1.822      ;
; 1.268 ; packer_ppa_boundary:u_boundary|is_nar_q      ; posit_pack:u_packer|g_trunc.d_q[17]       ; clk          ; clk         ; 0.000        ; 0.410      ; 1.822      ;
; 1.268 ; packer_ppa_boundary:u_boundary|flags_in_q[4] ; posit_pack:u_packer|g_trunc.d_q[12]       ; clk          ; clk         ; 0.000        ; 0.410      ; 1.822      ;
; 1.272 ; packer_ppa_boundary:u_boundary|is_nar_q      ; posit_pack:u_packer|g_trunc.d_q[29]       ; clk          ; clk         ; 0.000        ; 0.410      ; 1.826      ;
; 1.302 ; packer_ppa_boundary:u_boundary|is_nar_q      ; posit_pack:u_packer|g_trunc.flags_q[0]    ; clk          ; clk         ; 0.000        ; 0.081      ; 1.527      ;
; 1.318 ; packer_ppa_boundary:u_boundary|flags_in_q[4] ; posit_pack:u_packer|g_trunc.d_q[3]        ; clk          ; clk         ; 0.000        ; 0.410      ; 1.872      ;
; 1.322 ; packer_ppa_boundary:u_boundary|flags_in_q[4] ; posit_pack:u_packer|g_trunc.d_q[1]        ; clk          ; clk         ; 0.000        ; 0.410      ; 1.876      ;
; 1.323 ; packer_ppa_boundary:u_boundary|flags_in_q[4] ; posit_pack:u_packer|g_trunc.d_q[5]        ; clk          ; clk         ; 0.000        ; 0.410      ; 1.877      ;
+-------+----------------------------------------------+-------------------------------------------+--------------+-------------+--------------+------------+------------+


+------------------------------------------------------------------------------------------------------------------------------------------------------------------------+
; Slow 1200mV 0C Model Recovery: 'clk'                                                                                                                                   ;
+-------+-------------------------------------------+----------------------------------------------+--------------+-------------+--------------+------------+------------+
; Slack ; From Node                                 ; To Node                                      ; Launch Clock ; Latch Clock ; Relationship ; Clock Skew ; Data Delay ;
+-------+-------------------------------------------+----------------------------------------------+--------------+-------------+--------------+------------+------------+
; 7.490 ; packer_ppa_boundary:u_boundary|meta_sync2 ; posit_pack:u_packer|g_trunc.valid_q          ; clk          ; clk         ; 10.000       ; -0.072     ; 2.433      ;
; 7.490 ; packer_ppa_boundary:u_boundary|meta_sync2 ; packer_ppa_boundary:u_boundary|out_valid     ; clk          ; clk         ; 10.000       ; -0.072     ; 2.433      ;
; 7.497 ; packer_ppa_boundary:u_boundary|meta_sync2 ; packer_ppa_boundary:u_boundary|d[20]         ; clk          ; clk         ; 10.000       ; -0.068     ; 2.430      ;
; 7.497 ; packer_ppa_boundary:u_boundary|meta_sync2 ; packer_ppa_boundary:u_boundary|d[22]         ; clk          ; clk         ; 10.000       ; -0.068     ; 2.430      ;
; 7.497 ; packer_ppa_boundary:u_boundary|meta_sync2 ; packer_ppa_boundary:u_boundary|d[24]         ; clk          ; clk         ; 10.000       ; -0.068     ; 2.430      ;
; 7.497 ; packer_ppa_boundary:u_boundary|meta_sync2 ; packer_ppa_boundary:u_boundary|d[26]         ; clk          ; clk         ; 10.000       ; -0.068     ; 2.430      ;
; 7.497 ; packer_ppa_boundary:u_boundary|meta_sync2 ; packer_ppa_boundary:u_boundary|d[28]         ; clk          ; clk         ; 10.000       ; -0.068     ; 2.430      ;
; 7.498 ; packer_ppa_boundary:u_boundary|meta_sync2 ; packer_ppa_boundary:u_boundary|sf_q[9]       ; clk          ; clk         ; 10.000       ; -0.077     ; 2.420      ;
; 7.498 ; packer_ppa_boundary:u_boundary|meta_sync2 ; packer_ppa_boundary:u_boundary|sf_q[4]       ; clk          ; clk         ; 10.000       ; -0.077     ; 2.420      ;
; 7.498 ; packer_ppa_boundary:u_boundary|meta_sync2 ; packer_ppa_boundary:u_boundary|sf_q[6]       ; clk          ; clk         ; 10.000       ; -0.080     ; 2.417      ;
; 7.498 ; packer_ppa_boundary:u_boundary|meta_sync2 ; packer_ppa_boundary:u_boundary|sf_q[5]       ; clk          ; clk         ; 10.000       ; -0.080     ; 2.417      ;
; 7.498 ; packer_ppa_boundary:u_boundary|meta_sync2 ; packer_ppa_boundary:u_boundary|sf_q[8]       ; clk          ; clk         ; 10.000       ; -0.080     ; 2.417      ;
; 7.498 ; packer_ppa_boundary:u_boundary|meta_sync2 ; packer_ppa_boundary:u_boundary|sf_q[7]       ; clk          ; clk         ; 10.000       ; -0.080     ; 2.417      ;
; 7.498 ; packer_ppa_boundary:u_boundary|meta_sync2 ; packer_ppa_boundary:u_boundary|is_nar_q      ; clk          ; clk         ; 10.000       ; -0.080     ; 2.417      ;
; 7.498 ; packer_ppa_boundary:u_boundary|meta_sync2 ; packer_ppa_boundary:u_boundary|flags_in_q[4] ; clk          ; clk         ; 10.000       ; -0.080     ; 2.417      ;
; 7.498 ; packer_ppa_boundary:u_boundary|meta_sync2 ; packer_ppa_boundary:u_boundary|sf_q[2]       ; clk          ; clk         ; 10.000       ; -0.077     ; 2.420      ;
; 7.498 ; packer_ppa_boundary:u_boundary|meta_sync2 ; packer_ppa_boundary:u_boundary|frac_q[49]    ; clk          ; clk         ; 10.000       ; -0.077     ; 2.420      ;
; 7.498 ; packer_ppa_boundary:u_boundary|meta_sync2 ; packer_ppa_boundary:u_boundary|frac_q[51]    ; clk          ; clk         ; 10.000       ; -0.077     ; 2.420      ;
; 7.498 ; packer_ppa_boundary:u_boundary|meta_sync2 ; packer_ppa_boundary:u_boundary|frac_q[48]    ; clk          ; clk         ; 10.000       ; -0.077     ; 2.420      ;
; 7.498 ; packer_ppa_boundary:u_boundary|meta_sync2 ; packer_ppa_boundary:u_boundary|frac_q[50]    ; clk          ; clk         ; 10.000       ; -0.077     ; 2.420      ;
; 7.498 ; packer_ppa_boundary:u_boundary|meta_sync2 ; packer_ppa_boundary:u_boundary|frac_q[46]    ; clk          ; clk         ; 10.000       ; -0.077     ; 2.420      ;
; 7.498 ; packer_ppa_boundary:u_boundary|meta_sync2 ; packer_ppa_boundary:u_boundary|frac_q[52]    ; clk          ; clk         ; 10.000       ; -0.077     ; 2.420      ;
; 7.498 ; packer_ppa_boundary:u_boundary|meta_sync2 ; packer_ppa_boundary:u_boundary|frac_q[54]    ; clk          ; clk         ; 10.000       ; -0.077     ; 2.420      ;
; 7.498 ; packer_ppa_boundary:u_boundary|meta_sync2 ; packer_ppa_boundary:u_boundary|frac_q[53]    ; clk          ; clk         ; 10.000       ; -0.077     ; 2.420      ;
; 7.498 ; packer_ppa_boundary:u_boundary|meta_sync2 ; packer_ppa_boundary:u_boundary|sf_q[0]       ; clk          ; clk         ; 10.000       ; -0.077     ; 2.420      ;
; 7.498 ; packer_ppa_boundary:u_boundary|meta_sync2 ; packer_ppa_boundary:u_boundary|sf_q[1]       ; clk          ; clk         ; 10.000       ; -0.077     ; 2.420      ;
; 7.498 ; packer_ppa_boundary:u_boundary|meta_sync2 ; packer_ppa_boundary:u_boundary|frac_q[31]    ; clk          ; clk         ; 10.000       ; -0.080     ; 2.417      ;
; 7.498 ; packer_ppa_boundary:u_boundary|meta_sync2 ; packer_ppa_boundary:u_boundary|d[0]          ; clk          ; clk         ; 10.000       ; -0.080     ; 2.417      ;
; 7.498 ; packer_ppa_boundary:u_boundary|meta_sync2 ; packer_ppa_boundary:u_boundary|d[15]         ; clk          ; clk         ; 10.000       ; -0.076     ; 2.421      ;
; 7.498 ; packer_ppa_boundary:u_boundary|meta_sync2 ; posit_pack:u_packer|g_trunc.d_q[16]          ; clk          ; clk         ; 10.000       ; -0.076     ; 2.421      ;
; 7.498 ; packer_ppa_boundary:u_boundary|meta_sync2 ; packer_ppa_boundary:u_boundary|d[16]         ; clk          ; clk         ; 10.000       ; -0.076     ; 2.421      ;
; 7.498 ; packer_ppa_boundary:u_boundary|meta_sync2 ; packer_ppa_boundary:u_boundary|d[17]         ; clk          ; clk         ; 10.000       ; -0.078     ; 2.419      ;
; 7.498 ; packer_ppa_boundary:u_boundary|meta_sync2 ; posit_pack:u_packer|g_trunc.d_q[18]          ; clk          ; clk         ; 10.000       ; -0.076     ; 2.421      ;
; 7.498 ; packer_ppa_boundary:u_boundary|meta_sync2 ; packer_ppa_boundary:u_boundary|d[18]         ; clk          ; clk         ; 10.000       ; -0.078     ; 2.419      ;
; 7.498 ; packer_ppa_boundary:u_boundary|meta_sync2 ; packer_ppa_boundary:u_boundary|d[19]         ; clk          ; clk         ; 10.000       ; -0.081     ; 2.416      ;
; 7.498 ; packer_ppa_boundary:u_boundary|meta_sync2 ; packer_ppa_boundary:u_boundary|d[23]         ; clk          ; clk         ; 10.000       ; -0.082     ; 2.415      ;
; 7.498 ; packer_ppa_boundary:u_boundary|meta_sync2 ; packer_ppa_boundary:u_boundary|d[29]         ; clk          ; clk         ; 10.000       ; -0.076     ; 2.421      ;
; 7.498 ; packer_ppa_boundary:u_boundary|meta_sync2 ; packer_ppa_boundary:u_boundary|d[31]         ; clk          ; clk         ; 10.000       ; -0.077     ; 2.420      ;
; 7.498 ; packer_ppa_boundary:u_boundary|meta_sync2 ; packer_ppa_boundary:u_boundary|frac_q[15]    ; clk          ; clk         ; 10.000       ; -0.080     ; 2.417      ;
; 7.498 ; packer_ppa_boundary:u_boundary|meta_sync2 ; packer_ppa_boundary:u_boundary|frac_q[17]    ; clk          ; clk         ; 10.000       ; -0.080     ; 2.417      ;
; 7.498 ; packer_ppa_boundary:u_boundary|meta_sync2 ; packer_ppa_boundary:u_boundary|frac_q[18]    ; clk          ; clk         ; 10.000       ; -0.080     ; 2.417      ;
; 7.498 ; packer_ppa_boundary:u_boundary|meta_sync2 ; packer_ppa_boundary:u_boundary|frac_q[16]    ; clk          ; clk         ; 10.000       ; -0.080     ; 2.417      ;
; 7.498 ; packer_ppa_boundary:u_boundary|meta_sync2 ; packer_ppa_boundary:u_boundary|frac_q[14]    ; clk          ; clk         ; 10.000       ; -0.080     ; 2.417      ;
; 7.498 ; packer_ppa_boundary:u_boundary|meta_sync2 ; packer_ppa_boundary:u_boundary|frac_q[8]     ; clk          ; clk         ; 10.000       ; -0.081     ; 2.416      ;
; 7.498 ; packer_ppa_boundary:u_boundary|meta_sync2 ; packer_ppa_boundary:u_boundary|frac_q[10]    ; clk          ; clk         ; 10.000       ; -0.081     ; 2.416      ;
; 7.498 ; packer_ppa_boundary:u_boundary|meta_sync2 ; packer_ppa_boundary:u_boundary|frac_q[11]    ; clk          ; clk         ; 10.000       ; -0.081     ; 2.416      ;
; 7.498 ; packer_ppa_boundary:u_boundary|meta_sync2 ; packer_ppa_boundary:u_boundary|frac_q[9]     ; clk          ; clk         ; 10.000       ; -0.081     ; 2.416      ;
; 7.498 ; packer_ppa_boundary:u_boundary|meta_sync2 ; packer_ppa_boundary:u_boundary|frac_q[7]     ; clk          ; clk         ; 10.000       ; -0.081     ; 2.416      ;
; 7.498 ; packer_ppa_boundary:u_boundary|meta_sync2 ; packer_ppa_boundary:u_boundary|frac_q[12]    ; clk          ; clk         ; 10.000       ; -0.081     ; 2.416      ;
; 7.498 ; packer_ppa_boundary:u_boundary|meta_sync2 ; packer_ppa_boundary:u_boundary|flags_in_q[2] ; clk          ; clk         ; 10.000       ; -0.076     ; 2.421      ;
; 7.498 ; packer_ppa_boundary:u_boundary|meta_sync2 ; posit_pack:u_packer|g_trunc.flags_q[2]       ; clk          ; clk         ; 10.000       ; -0.076     ; 2.421      ;
; 7.498 ; packer_ppa_boundary:u_boundary|meta_sync2 ; packer_ppa_boundary:u_boundary|flags[2]      ; clk          ; clk         ; 10.000       ; -0.076     ; 2.421      ;
; 7.498 ; packer_ppa_boundary:u_boundary|meta_sync2 ; packer_ppa_boundary:u_boundary|flags_in_q[3] ; clk          ; clk         ; 10.000       ; -0.076     ; 2.421      ;
; 7.498 ; packer_ppa_boundary:u_boundary|meta_sync2 ; posit_pack:u_packer|g_trunc.flags_q[3]       ; clk          ; clk         ; 10.000       ; -0.079     ; 2.418      ;
; 7.498 ; packer_ppa_boundary:u_boundary|meta_sync2 ; packer_ppa_boundary:u_boundary|flags[3]      ; clk          ; clk         ; 10.000       ; -0.079     ; 2.418      ;
; 7.498 ; packer_ppa_boundary:u_boundary|meta_sync2 ; posit_pack:u_packer|g_trunc.flags_q[4]       ; clk          ; clk         ; 10.000       ; -0.076     ; 2.421      ;
; 7.498 ; packer_ppa_boundary:u_boundary|meta_sync2 ; packer_ppa_boundary:u_boundary|flags[4]      ; clk          ; clk         ; 10.000       ; -0.076     ; 2.421      ;
; 7.498 ; packer_ppa_boundary:u_boundary|meta_sync2 ; packer_ppa_boundary:u_boundary|d[1]          ; clk          ; clk         ; 10.000       ; -0.068     ; 2.429      ;
; 7.498 ; packer_ppa_boundary:u_boundary|meta_sync2 ; packer_ppa_boundary:u_boundary|d[2]          ; clk          ; clk         ; 10.000       ; -0.069     ; 2.428      ;
; 7.498 ; packer_ppa_boundary:u_boundary|meta_sync2 ; packer_ppa_boundary:u_boundary|d[3]          ; clk          ; clk         ; 10.000       ; -0.068     ; 2.429      ;
; 7.498 ; packer_ppa_boundary:u_boundary|meta_sync2 ; packer_ppa_boundary:u_boundary|d[4]          ; clk          ; clk         ; 10.000       ; -0.069     ; 2.428      ;
; 7.498 ; packer_ppa_boundary:u_boundary|meta_sync2 ; packer_ppa_boundary:u_boundary|d[5]          ; clk          ; clk         ; 10.000       ; -0.068     ; 2.429      ;
; 7.498 ; packer_ppa_boundary:u_boundary|meta_sync2 ; packer_ppa_boundary:u_boundary|d[6]          ; clk          ; clk         ; 10.000       ; -0.069     ; 2.428      ;
; 7.498 ; packer_ppa_boundary:u_boundary|meta_sync2 ; packer_ppa_boundary:u_boundary|d[7]          ; clk          ; clk         ; 10.000       ; -0.068     ; 2.429      ;
; 7.498 ; packer_ppa_boundary:u_boundary|meta_sync2 ; packer_ppa_boundary:u_boundary|d[8]          ; clk          ; clk         ; 10.000       ; -0.069     ; 2.428      ;
; 7.498 ; packer_ppa_boundary:u_boundary|meta_sync2 ; packer_ppa_boundary:u_boundary|d[9]          ; clk          ; clk         ; 10.000       ; -0.069     ; 2.428      ;
; 7.498 ; packer_ppa_boundary:u_boundary|meta_sync2 ; packer_ppa_boundary:u_boundary|d[10]         ; clk          ; clk         ; 10.000       ; -0.069     ; 2.428      ;
; 7.498 ; packer_ppa_boundary:u_boundary|meta_sync2 ; packer_ppa_boundary:u_boundary|d[11]         ; clk          ; clk         ; 10.000       ; -0.069     ; 2.428      ;
; 7.498 ; packer_ppa_boundary:u_boundary|meta_sync2 ; packer_ppa_boundary:u_boundary|d[12]         ; clk          ; clk         ; 10.000       ; -0.068     ; 2.429      ;
; 7.498 ; packer_ppa_boundary:u_boundary|meta_sync2 ; packer_ppa_boundary:u_boundary|d[13]         ; clk          ; clk         ; 10.000       ; -0.069     ; 2.428      ;
; 7.498 ; packer_ppa_boundary:u_boundary|meta_sync2 ; packer_ppa_boundary:u_boundary|d[14]         ; clk          ; clk         ; 10.000       ; -0.068     ; 2.429      ;
; 7.498 ; packer_ppa_boundary:u_boundary|meta_sync2 ; packer_ppa_boundary:u_boundary|d[21]         ; clk          ; clk         ; 10.000       ; -0.069     ; 2.428      ;
; 7.498 ; packer_ppa_boundary:u_boundary|meta_sync2 ; packer_ppa_boundary:u_boundary|d[25]         ; clk          ; clk         ; 10.000       ; -0.068     ; 2.429      ;
; 7.498 ; packer_ppa_boundary:u_boundary|meta_sync2 ; posit_pack:u_packer|g_trunc.flags_q[0]       ; clk          ; clk         ; 10.000       ; -0.068     ; 2.429      ;
; 7.498 ; packer_ppa_boundary:u_boundary|meta_sync2 ; packer_ppa_boundary:u_boundary|flags[0]      ; clk          ; clk         ; 10.000       ; -0.068     ; 2.429      ;
; 7.499 ; packer_ppa_boundary:u_boundary|meta_sync2 ; packer_ppa_boundary:u_boundary|sf_q[3]       ; clk          ; clk         ; 10.000       ; -0.082     ; 2.414      ;
; 7.499 ; packer_ppa_boundary:u_boundary|meta_sync2 ; packer_ppa_boundary:u_boundary|frac_q[42]    ; clk          ; clk         ; 10.000       ; -0.082     ; 2.414      ;
; 7.499 ; packer_ppa_boundary:u_boundary|meta_sync2 ; packer_ppa_boundary:u_boundary|frac_q[40]    ; clk          ; clk         ; 10.000       ; -0.082     ; 2.414      ;
; 7.499 ; packer_ppa_boundary:u_boundary|meta_sync2 ; packer_ppa_boundary:u_boundary|frac_q[41]    ; clk          ; clk         ; 10.000       ; -0.082     ; 2.414      ;
; 7.499 ; packer_ppa_boundary:u_boundary|meta_sync2 ; packer_ppa_boundary:u_boundary|frac_q[43]    ; clk          ; clk         ; 10.000       ; -0.082     ; 2.414      ;
; 7.499 ; packer_ppa_boundary:u_boundary|meta_sync2 ; packer_ppa_boundary:u_boundary|frac_q[38]    ; clk          ; clk         ; 10.000       ; -0.082     ; 2.414      ;
; 7.499 ; packer_ppa_boundary:u_boundary|meta_sync2 ; packer_ppa_boundary:u_boundary|frac_q[36]    ; clk          ; clk         ; 10.000       ; -0.082     ; 2.414      ;
; 7.499 ; packer_ppa_boundary:u_boundary|meta_sync2 ; packer_ppa_boundary:u_boundary|frac_q[37]    ; clk          ; clk         ; 10.000       ; -0.082     ; 2.414      ;
; 7.499 ; packer_ppa_boundary:u_boundary|meta_sync2 ; packer_ppa_boundary:u_boundary|frac_q[39]    ; clk          ; clk         ; 10.000       ; -0.082     ; 2.414      ;
; 7.499 ; packer_ppa_boundary:u_boundary|meta_sync2 ; packer_ppa_boundary:u_boundary|frac_q[45]    ; clk          ; clk         ; 10.000       ; -0.077     ; 2.419      ;
; 7.499 ; packer_ppa_boundary:u_boundary|meta_sync2 ; packer_ppa_boundary:u_boundary|frac_q[47]    ; clk          ; clk         ; 10.000       ; -0.077     ; 2.419      ;
; 7.499 ; packer_ppa_boundary:u_boundary|meta_sync2 ; packer_ppa_boundary:u_boundary|frac_q[44]    ; clk          ; clk         ; 10.000       ; -0.082     ; 2.414      ;
; 7.499 ; packer_ppa_boundary:u_boundary|meta_sync2 ; packer_ppa_boundary:u_boundary|frac_q[34]    ; clk          ; clk         ; 10.000       ; -0.082     ; 2.414      ;
; 7.499 ; packer_ppa_boundary:u_boundary|meta_sync2 ; packer_ppa_boundary:u_boundary|frac_q[33]    ; clk          ; clk         ; 10.000       ; -0.082     ; 2.414      ;
; 7.499 ; packer_ppa_boundary:u_boundary|meta_sync2 ; packer_ppa_boundary:u_boundary|frac_q[35]    ; clk          ; clk         ; 10.000       ; -0.082     ; 2.414      ;
; 7.499 ; packer_ppa_boundary:u_boundary|meta_sync2 ; packer_ppa_boundary:u_boundary|frac_q[30]    ; clk          ; clk         ; 10.000       ; -0.082     ; 2.414      ;
; 7.499 ; packer_ppa_boundary:u_boundary|meta_sync2 ; packer_ppa_boundary:u_boundary|frac_q[32]    ; clk          ; clk         ; 10.000       ; -0.082     ; 2.414      ;
; 7.499 ; packer_ppa_boundary:u_boundary|meta_sync2 ; packer_ppa_boundary:u_boundary|frac_q[29]    ; clk          ; clk         ; 10.000       ; -0.082     ; 2.414      ;
; 7.499 ; packer_ppa_boundary:u_boundary|meta_sync2 ; packer_ppa_boundary:u_boundary|frac_q[28]    ; clk          ; clk         ; 10.000       ; -0.077     ; 2.419      ;
; 7.499 ; packer_ppa_boundary:u_boundary|meta_sync2 ; packer_ppa_boundary:u_boundary|d[27]         ; clk          ; clk         ; 10.000       ; -0.079     ; 2.417      ;
; 7.499 ; packer_ppa_boundary:u_boundary|meta_sync2 ; packer_ppa_boundary:u_boundary|d[30]         ; clk          ; clk         ; 10.000       ; -0.079     ; 2.417      ;
; 7.499 ; packer_ppa_boundary:u_boundary|meta_sync2 ; packer_ppa_boundary:u_boundary|frac_q[27]    ; clk          ; clk         ; 10.000       ; -0.081     ; 2.415      ;
; 7.499 ; packer_ppa_boundary:u_boundary|meta_sync2 ; packer_ppa_boundary:u_boundary|frac_q[26]    ; clk          ; clk         ; 10.000       ; -0.081     ; 2.415      ;
; 7.499 ; packer_ppa_boundary:u_boundary|meta_sync2 ; packer_ppa_boundary:u_boundary|frac_q[22]    ; clk          ; clk         ; 10.000       ; -0.081     ; 2.415      ;
; 7.499 ; packer_ppa_boundary:u_boundary|meta_sync2 ; packer_ppa_boundary:u_boundary|frac_q[23]    ; clk          ; clk         ; 10.000       ; -0.081     ; 2.415      ;
+-------+-------------------------------------------+----------------------------------------------+--------------+-------------+--------------+------------+------------+


+------------------------------------------------------------------------------------------------------------------------------------------------------------------------+
; Slow 1200mV 0C Model Removal: 'clk'                                                                                                                                    ;
+-------+-------------------------------------------+----------------------------------------------+--------------+-------------+--------------+------------+------------+
; Slack ; From Node                                 ; To Node                                      ; Launch Clock ; Latch Clock ; Relationship ; Clock Skew ; Data Delay ;
+-------+-------------------------------------------+----------------------------------------------+--------------+-------------+--------------+------------+------------+
; 1.732 ; packer_ppa_boundary:u_boundary|meta_sync2 ; packer_ppa_boundary:u_boundary|is_zero_q     ; clk          ; clk         ; 0.000        ; 0.409      ; 2.285      ;
; 1.732 ; packer_ppa_boundary:u_boundary|meta_sync2 ; posit_pack:u_packer|g_trunc.d_q[15]          ; clk          ; clk         ; 0.000        ; 0.413      ; 2.289      ;
; 1.732 ; packer_ppa_boundary:u_boundary|meta_sync2 ; posit_pack:u_packer|g_trunc.d_q[17]          ; clk          ; clk         ; 0.000        ; 0.413      ; 2.289      ;
; 1.732 ; packer_ppa_boundary:u_boundary|meta_sync2 ; posit_pack:u_packer|g_trunc.d_q[29]          ; clk          ; clk         ; 0.000        ; 0.413      ; 2.289      ;
; 1.732 ; packer_ppa_boundary:u_boundary|meta_sync2 ; posit_pack:u_packer|g_trunc.d_q[31]          ; clk          ; clk         ; 0.000        ; 0.413      ; 2.289      ;
; 1.754 ; packer_ppa_boundary:u_boundary|meta_sync2 ; posit_pack:u_packer|g_trunc.d_q[1]           ; clk          ; clk         ; 0.000        ; 0.399      ; 2.297      ;
; 1.754 ; packer_ppa_boundary:u_boundary|meta_sync2 ; posit_pack:u_packer|g_trunc.d_q[2]           ; clk          ; clk         ; 0.000        ; 0.399      ; 2.297      ;
; 1.754 ; packer_ppa_boundary:u_boundary|meta_sync2 ; posit_pack:u_packer|g_trunc.d_q[3]           ; clk          ; clk         ; 0.000        ; 0.399      ; 2.297      ;
; 1.754 ; packer_ppa_boundary:u_boundary|meta_sync2 ; posit_pack:u_packer|g_trunc.d_q[4]           ; clk          ; clk         ; 0.000        ; 0.399      ; 2.297      ;
; 1.754 ; packer_ppa_boundary:u_boundary|meta_sync2 ; posit_pack:u_packer|g_trunc.d_q[5]           ; clk          ; clk         ; 0.000        ; 0.399      ; 2.297      ;
; 1.754 ; packer_ppa_boundary:u_boundary|meta_sync2 ; posit_pack:u_packer|g_trunc.d_q[6]           ; clk          ; clk         ; 0.000        ; 0.399      ; 2.297      ;
; 1.754 ; packer_ppa_boundary:u_boundary|meta_sync2 ; posit_pack:u_packer|g_trunc.d_q[7]           ; clk          ; clk         ; 0.000        ; 0.399      ; 2.297      ;
; 1.754 ; packer_ppa_boundary:u_boundary|meta_sync2 ; posit_pack:u_packer|g_trunc.d_q[8]           ; clk          ; clk         ; 0.000        ; 0.399      ; 2.297      ;
; 1.754 ; packer_ppa_boundary:u_boundary|meta_sync2 ; posit_pack:u_packer|g_trunc.d_q[9]           ; clk          ; clk         ; 0.000        ; 0.399      ; 2.297      ;
; 1.754 ; packer_ppa_boundary:u_boundary|meta_sync2 ; posit_pack:u_packer|g_trunc.d_q[10]          ; clk          ; clk         ; 0.000        ; 0.399      ; 2.297      ;
; 1.754 ; packer_ppa_boundary:u_boundary|meta_sync2 ; posit_pack:u_packer|g_trunc.d_q[11]          ; clk          ; clk         ; 0.000        ; 0.399      ; 2.297      ;
; 1.754 ; packer_ppa_boundary:u_boundary|meta_sync2 ; posit_pack:u_packer|g_trunc.d_q[12]          ; clk          ; clk         ; 0.000        ; 0.399      ; 2.297      ;
; 1.754 ; packer_ppa_boundary:u_boundary|meta_sync2 ; posit_pack:u_packer|g_trunc.d_q[13]          ; clk          ; clk         ; 0.000        ; 0.399      ; 2.297      ;
; 1.754 ; packer_ppa_boundary:u_boundary|meta_sync2 ; posit_pack:u_packer|g_trunc.d_q[19]          ; clk          ; clk         ; 0.000        ; 0.399      ; 2.297      ;
; 1.754 ; packer_ppa_boundary:u_boundary|meta_sync2 ; posit_pack:u_packer|g_trunc.d_q[21]          ; clk          ; clk         ; 0.000        ; 0.399      ; 2.297      ;
; 1.754 ; packer_ppa_boundary:u_boundary|meta_sync2 ; posit_pack:u_packer|g_trunc.d_q[25]          ; clk          ; clk         ; 0.000        ; 0.399      ; 2.297      ;
; 1.755 ; packer_ppa_boundary:u_boundary|meta_sync2 ; posit_pack:u_packer|g_trunc.d_q[20]          ; clk          ; clk         ; 0.000        ; 0.399      ; 2.298      ;
; 1.755 ; packer_ppa_boundary:u_boundary|meta_sync2 ; posit_pack:u_packer|g_trunc.d_q[22]          ; clk          ; clk         ; 0.000        ; 0.399      ; 2.298      ;
; 1.755 ; packer_ppa_boundary:u_boundary|meta_sync2 ; posit_pack:u_packer|g_trunc.d_q[24]          ; clk          ; clk         ; 0.000        ; 0.399      ; 2.298      ;
; 1.755 ; packer_ppa_boundary:u_boundary|meta_sync2 ; posit_pack:u_packer|g_trunc.d_q[26]          ; clk          ; clk         ; 0.000        ; 0.399      ; 2.298      ;
; 1.755 ; packer_ppa_boundary:u_boundary|meta_sync2 ; posit_pack:u_packer|g_trunc.d_q[28]          ; clk          ; clk         ; 0.000        ; 0.399      ; 2.298      ;
; 1.757 ; packer_ppa_boundary:u_boundary|meta_sync2 ; packer_ppa_boundary:u_boundary|sign_q        ; clk          ; clk         ; 0.000        ; 0.384      ; 2.285      ;
; 1.757 ; packer_ppa_boundary:u_boundary|meta_sync2 ; posit_pack:u_packer|g_trunc.d_q[0]           ; clk          ; clk         ; 0.000        ; 0.384      ; 2.285      ;
; 1.758 ; packer_ppa_boundary:u_boundary|meta_sync2 ; posit_pack:u_packer|g_trunc.d_q[14]          ; clk          ; clk         ; 0.000        ; 0.384      ; 2.286      ;
; 1.758 ; packer_ppa_boundary:u_boundary|meta_sync2 ; posit_pack:u_packer|g_trunc.d_q[23]          ; clk          ; clk         ; 0.000        ; 0.384      ; 2.286      ;
; 1.758 ; packer_ppa_boundary:u_boundary|meta_sync2 ; posit_pack:u_packer|g_trunc.d_q[27]          ; clk          ; clk         ; 0.000        ; 0.384      ; 2.286      ;
; 1.758 ; packer_ppa_boundary:u_boundary|meta_sync2 ; posit_pack:u_packer|g_trunc.d_q[30]          ; clk          ; clk         ; 0.000        ; 0.384      ; 2.286      ;
; 2.082 ; packer_ppa_boundary:u_boundary|meta_sync2 ; packer_ppa_boundary:u_boundary|sf_q[3]       ; clk          ; clk         ; 0.000        ; 0.056      ; 2.282      ;
; 2.082 ; packer_ppa_boundary:u_boundary|meta_sync2 ; packer_ppa_boundary:u_boundary|frac_q[42]    ; clk          ; clk         ; 0.000        ; 0.056      ; 2.282      ;
; 2.082 ; packer_ppa_boundary:u_boundary|meta_sync2 ; packer_ppa_boundary:u_boundary|frac_q[40]    ; clk          ; clk         ; 0.000        ; 0.056      ; 2.282      ;
; 2.082 ; packer_ppa_boundary:u_boundary|meta_sync2 ; packer_ppa_boundary:u_boundary|frac_q[41]    ; clk          ; clk         ; 0.000        ; 0.056      ; 2.282      ;
; 2.082 ; packer_ppa_boundary:u_boundary|meta_sync2 ; packer_ppa_boundary:u_boundary|frac_q[43]    ; clk          ; clk         ; 0.000        ; 0.056      ; 2.282      ;
; 2.082 ; packer_ppa_boundary:u_boundary|meta_sync2 ; packer_ppa_boundary:u_boundary|frac_q[38]    ; clk          ; clk         ; 0.000        ; 0.056      ; 2.282      ;
; 2.082 ; packer_ppa_boundary:u_boundary|meta_sync2 ; packer_ppa_boundary:u_boundary|frac_q[37]    ; clk          ; clk         ; 0.000        ; 0.056      ; 2.282      ;
; 2.082 ; packer_ppa_boundary:u_boundary|meta_sync2 ; packer_ppa_boundary:u_boundary|frac_q[39]    ; clk          ; clk         ; 0.000        ; 0.056      ; 2.282      ;
; 2.082 ; packer_ppa_boundary:u_boundary|meta_sync2 ; packer_ppa_boundary:u_boundary|d[12]         ; clk          ; clk         ; 0.000        ; 0.070      ; 2.296      ;
; 2.082 ; packer_ppa_boundary:u_boundary|meta_sync2 ; packer_ppa_boundary:u_boundary|d[14]         ; clk          ; clk         ; 0.000        ; 0.070      ; 2.296      ;
; 2.082 ; packer_ppa_boundary:u_boundary|meta_sync2 ; packer_ppa_boundary:u_boundary|flags_in_q[0] ; clk          ; clk         ; 0.000        ; 0.070      ; 2.296      ;
; 2.082 ; packer_ppa_boundary:u_boundary|meta_sync2 ; posit_pack:u_packer|g_trunc.flags_q[0]       ; clk          ; clk         ; 0.000        ; 0.070      ; 2.296      ;
; 2.082 ; packer_ppa_boundary:u_boundary|meta_sync2 ; packer_ppa_boundary:u_boundary|flags[0]      ; clk          ; clk         ; 0.000        ; 0.070      ; 2.296      ;
; 2.083 ; packer_ppa_boundary:u_boundary|meta_sync2 ; packer_ppa_boundary:u_boundary|sf_q[9]       ; clk          ; clk         ; 0.000        ; 0.061      ; 2.288      ;
; 2.083 ; packer_ppa_boundary:u_boundary|meta_sync2 ; packer_ppa_boundary:u_boundary|sf_q[4]       ; clk          ; clk         ; 0.000        ; 0.061      ; 2.288      ;
; 2.083 ; packer_ppa_boundary:u_boundary|meta_sync2 ; packer_ppa_boundary:u_boundary|sf_q[6]       ; clk          ; clk         ; 0.000        ; 0.058      ; 2.285      ;
; 2.083 ; packer_ppa_boundary:u_boundary|meta_sync2 ; packer_ppa_boundary:u_boundary|sf_q[5]       ; clk          ; clk         ; 0.000        ; 0.058      ; 2.285      ;
; 2.083 ; packer_ppa_boundary:u_boundary|meta_sync2 ; packer_ppa_boundary:u_boundary|sf_q[8]       ; clk          ; clk         ; 0.000        ; 0.058      ; 2.285      ;
; 2.083 ; packer_ppa_boundary:u_boundary|meta_sync2 ; packer_ppa_boundary:u_boundary|sf_q[7]       ; clk          ; clk         ; 0.000        ; 0.058      ; 2.285      ;
; 2.083 ; packer_ppa_boundary:u_boundary|meta_sync2 ; packer_ppa_boundary:u_boundary|is_nar_q      ; clk          ; clk         ; 0.000        ; 0.058      ; 2.285      ;
; 2.083 ; packer_ppa_boundary:u_boundary|meta_sync2 ; packer_ppa_boundary:u_boundary|flags_in_q[4] ; clk          ; clk         ; 0.000        ; 0.058      ; 2.285      ;
; 2.083 ; packer_ppa_boundary:u_boundary|meta_sync2 ; packer_ppa_boundary:u_boundary|sf_q[2]       ; clk          ; clk         ; 0.000        ; 0.061      ; 2.288      ;
; 2.083 ; packer_ppa_boundary:u_boundary|meta_sync2 ; packer_ppa_boundary:u_boundary|frac_q[36]    ; clk          ; clk         ; 0.000        ; 0.055      ; 2.282      ;
; 2.083 ; packer_ppa_boundary:u_boundary|meta_sync2 ; packer_ppa_boundary:u_boundary|frac_q[49]    ; clk          ; clk         ; 0.000        ; 0.061      ; 2.288      ;
; 2.083 ; packer_ppa_boundary:u_boundary|meta_sync2 ; packer_ppa_boundary:u_boundary|frac_q[51]    ; clk          ; clk         ; 0.000        ; 0.061      ; 2.288      ;
; 2.083 ; packer_ppa_boundary:u_boundary|meta_sync2 ; packer_ppa_boundary:u_boundary|frac_q[48]    ; clk          ; clk         ; 0.000        ; 0.061      ; 2.288      ;
; 2.083 ; packer_ppa_boundary:u_boundary|meta_sync2 ; packer_ppa_boundary:u_boundary|frac_q[50]    ; clk          ; clk         ; 0.000        ; 0.061      ; 2.288      ;
; 2.083 ; packer_ppa_boundary:u_boundary|meta_sync2 ; packer_ppa_boundary:u_boundary|frac_q[45]    ; clk          ; clk         ; 0.000        ; 0.061      ; 2.288      ;
; 2.083 ; packer_ppa_boundary:u_boundary|meta_sync2 ; packer_ppa_boundary:u_boundary|frac_q[47]    ; clk          ; clk         ; 0.000        ; 0.061      ; 2.288      ;
; 2.083 ; packer_ppa_boundary:u_boundary|meta_sync2 ; packer_ppa_boundary:u_boundary|frac_q[46]    ; clk          ; clk         ; 0.000        ; 0.061      ; 2.288      ;
; 2.083 ; packer_ppa_boundary:u_boundary|meta_sync2 ; packer_ppa_boundary:u_boundary|frac_q[44]    ; clk          ; clk         ; 0.000        ; 0.055      ; 2.282      ;
; 2.083 ; packer_ppa_boundary:u_boundary|meta_sync2 ; packer_ppa_boundary:u_boundary|frac_q[52]    ; clk          ; clk         ; 0.000        ; 0.061      ; 2.288      ;
; 2.083 ; packer_ppa_boundary:u_boundary|meta_sync2 ; packer_ppa_boundary:u_boundary|frac_q[54]    ; clk          ; clk         ; 0.000        ; 0.061      ; 2.288      ;
; 2.083 ; packer_ppa_boundary:u_boundary|meta_sync2 ; packer_ppa_boundary:u_boundary|frac_q[53]    ; clk          ; clk         ; 0.000        ; 0.061      ; 2.288      ;
; 2.083 ; packer_ppa_boundary:u_boundary|meta_sync2 ; packer_ppa_boundary:u_boundary|sf_q[0]       ; clk          ; clk         ; 0.000        ; 0.061      ; 2.288      ;
; 2.083 ; packer_ppa_boundary:u_boundary|meta_sync2 ; packer_ppa_boundary:u_boundary|sf_q[1]       ; clk          ; clk         ; 0.000        ; 0.061      ; 2.288      ;
; 2.083 ; packer_ppa_boundary:u_boundary|meta_sync2 ; packer_ppa_boundary:u_boundary|frac_q[34]    ; clk          ; clk         ; 0.000        ; 0.056      ; 2.283      ;
; 2.083 ; packer_ppa_boundary:u_boundary|meta_sync2 ; packer_ppa_boundary:u_boundary|frac_q[33]    ; clk          ; clk         ; 0.000        ; 0.056      ; 2.283      ;
; 2.083 ; packer_ppa_boundary:u_boundary|meta_sync2 ; packer_ppa_boundary:u_boundary|frac_q[35]    ; clk          ; clk         ; 0.000        ; 0.056      ; 2.283      ;
; 2.083 ; packer_ppa_boundary:u_boundary|meta_sync2 ; packer_ppa_boundary:u_boundary|frac_q[30]    ; clk          ; clk         ; 0.000        ; 0.056      ; 2.283      ;
; 2.083 ; packer_ppa_boundary:u_boundary|meta_sync2 ; packer_ppa_boundary:u_boundary|frac_q[32]    ; clk          ; clk         ; 0.000        ; 0.056      ; 2.283      ;
; 2.083 ; packer_ppa_boundary:u_boundary|meta_sync2 ; packer_ppa_boundary:u_boundary|frac_q[29]    ; clk          ; clk         ; 0.000        ; 0.056      ; 2.283      ;
; 2.083 ; packer_ppa_boundary:u_boundary|meta_sync2 ; packer_ppa_boundary:u_boundary|frac_q[28]    ; clk          ; clk         ; 0.000        ; 0.061      ; 2.288      ;
; 2.083 ; packer_ppa_boundary:u_boundary|meta_sync2 ; packer_ppa_boundary:u_boundary|d[0]          ; clk          ; clk         ; 0.000        ; 0.058      ; 2.285      ;
; 2.083 ; packer_ppa_boundary:u_boundary|meta_sync2 ; packer_ppa_boundary:u_boundary|d[15]         ; clk          ; clk         ; 0.000        ; 0.062      ; 2.289      ;
; 2.083 ; packer_ppa_boundary:u_boundary|meta_sync2 ; posit_pack:u_packer|g_trunc.d_q[16]          ; clk          ; clk         ; 0.000        ; 0.062      ; 2.289      ;
; 2.083 ; packer_ppa_boundary:u_boundary|meta_sync2 ; packer_ppa_boundary:u_boundary|d[16]         ; clk          ; clk         ; 0.000        ; 0.062      ; 2.289      ;
; 2.083 ; packer_ppa_boundary:u_boundary|meta_sync2 ; packer_ppa_boundary:u_boundary|d[17]         ; clk          ; clk         ; 0.000        ; 0.060      ; 2.287      ;
; 2.083 ; packer_ppa_boundary:u_boundary|meta_sync2 ; posit_pack:u_packer|g_trunc.d_q[18]          ; clk          ; clk         ; 0.000        ; 0.062      ; 2.289      ;
; 2.083 ; packer_ppa_boundary:u_boundary|meta_sync2 ; packer_ppa_boundary:u_boundary|d[18]         ; clk          ; clk         ; 0.000        ; 0.060      ; 2.287      ;
; 2.083 ; packer_ppa_boundary:u_boundary|meta_sync2 ; packer_ppa_boundary:u_boundary|d[23]         ; clk          ; clk         ; 0.000        ; 0.056      ; 2.283      ;
; 2.083 ; packer_ppa_boundary:u_boundary|meta_sync2 ; packer_ppa_boundary:u_boundary|d[29]         ; clk          ; clk         ; 0.000        ; 0.062      ; 2.289      ;
; 2.083 ; packer_ppa_boundary:u_boundary|meta_sync2 ; packer_ppa_boundary:u_boundary|d[31]         ; clk          ; clk         ; 0.000        ; 0.061      ; 2.288      ;
; 2.083 ; packer_ppa_boundary:u_boundary|meta_sync2 ; packer_ppa_boundary:u_boundary|frac_q[15]    ; clk          ; clk         ; 0.000        ; 0.058      ; 2.285      ;
; 2.083 ; packer_ppa_boundary:u_boundary|meta_sync2 ; packer_ppa_boundary:u_boundary|frac_q[17]    ; clk          ; clk         ; 0.000        ; 0.058      ; 2.285      ;
; 2.083 ; packer_ppa_boundary:u_boundary|meta_sync2 ; packer_ppa_boundary:u_boundary|frac_q[18]    ; clk          ; clk         ; 0.000        ; 0.058      ; 2.285      ;
; 2.083 ; packer_ppa_boundary:u_boundary|meta_sync2 ; packer_ppa_boundary:u_boundary|frac_q[16]    ; clk          ; clk         ; 0.000        ; 0.058      ; 2.285      ;
; 2.083 ; packer_ppa_boundary:u_boundary|meta_sync2 ; packer_ppa_boundary:u_boundary|frac_q[14]    ; clk          ; clk         ; 0.000        ; 0.058      ; 2.285      ;
; 2.083 ; packer_ppa_boundary:u_boundary|meta_sync2 ; packer_ppa_boundary:u_boundary|frac_q[8]     ; clk          ; clk         ; 0.000        ; 0.057      ; 2.284      ;
; 2.083 ; packer_ppa_boundary:u_boundary|meta_sync2 ; packer_ppa_boundary:u_boundary|frac_q[10]    ; clk          ; clk         ; 0.000        ; 0.057      ; 2.284      ;
; 2.083 ; packer_ppa_boundary:u_boundary|meta_sync2 ; packer_ppa_boundary:u_boundary|frac_q[11]    ; clk          ; clk         ; 0.000        ; 0.057      ; 2.284      ;
; 2.083 ; packer_ppa_boundary:u_boundary|meta_sync2 ; packer_ppa_boundary:u_boundary|frac_q[9]     ; clk          ; clk         ; 0.000        ; 0.057      ; 2.284      ;
; 2.083 ; packer_ppa_boundary:u_boundary|meta_sync2 ; packer_ppa_boundary:u_boundary|frac_q[7]     ; clk          ; clk         ; 0.000        ; 0.057      ; 2.284      ;
; 2.083 ; packer_ppa_boundary:u_boundary|meta_sync2 ; packer_ppa_boundary:u_boundary|frac_q[12]    ; clk          ; clk         ; 0.000        ; 0.057      ; 2.284      ;
; 2.083 ; packer_ppa_boundary:u_boundary|meta_sync2 ; packer_ppa_boundary:u_boundary|flags_in_q[1] ; clk          ; clk         ; 0.000        ; 0.058      ; 2.285      ;
; 2.083 ; packer_ppa_boundary:u_boundary|meta_sync2 ; packer_ppa_boundary:u_boundary|frac_q[2]     ; clk          ; clk         ; 0.000        ; 0.058      ; 2.285      ;
; 2.083 ; packer_ppa_boundary:u_boundary|meta_sync2 ; posit_pack:u_packer|g_trunc.flags_q[1]       ; clk          ; clk         ; 0.000        ; 0.058      ; 2.285      ;
; 2.083 ; packer_ppa_boundary:u_boundary|meta_sync2 ; packer_ppa_boundary:u_boundary|d[1]          ; clk          ; clk         ; 0.000        ; 0.070      ; 2.297      ;
+-------+-------------------------------------------+----------------------------------------------+--------------+-------------+--------------+------------+------------+


+-----------------------------------------------------------------------------------------------------------------------------+
; Slow 1200mV 0C Model Minimum Pulse Width: 'clk'                                                                             ;
+-------+--------------+----------------+-----------------+-------+------------+----------------------------------------------+
; Slack ; Actual Width ; Required Width ; Type            ; Clock ; Clock Edge ; Target                                       ;
+-------+--------------+----------------+-----------------+-------+------------+----------------------------------------------+
; 4.699 ; 4.883        ; 0.184          ; Low Pulse Width ; clk   ; Rise       ; packer_ppa_boundary:u_boundary|is_zero_q     ;
; 4.699 ; 4.883        ; 0.184          ; Low Pulse Width ; clk   ; Rise       ; packer_ppa_boundary:u_boundary|sign_q        ;
; 4.699 ; 4.883        ; 0.184          ; Low Pulse Width ; clk   ; Rise       ; posit_pack:u_packer|g_trunc.d_q[0]           ;
; 4.699 ; 4.883        ; 0.184          ; Low Pulse Width ; clk   ; Rise       ; posit_pack:u_packer|g_trunc.d_q[14]          ;
; 4.699 ; 4.883        ; 0.184          ; Low Pulse Width ; clk   ; Rise       ; posit_pack:u_packer|g_trunc.d_q[15]          ;
; 4.699 ; 4.883        ; 0.184          ; Low Pulse Width ; clk   ; Rise       ; posit_pack:u_packer|g_trunc.d_q[17]          ;
; 4.699 ; 4.883        ; 0.184          ; Low Pulse Width ; clk   ; Rise       ; posit_pack:u_packer|g_trunc.d_q[23]          ;
; 4.699 ; 4.883        ; 0.184          ; Low Pulse Width ; clk   ; Rise       ; posit_pack:u_packer|g_trunc.d_q[27]          ;
; 4.699 ; 4.883        ; 0.184          ; Low Pulse Width ; clk   ; Rise       ; posit_pack:u_packer|g_trunc.d_q[29]          ;
; 4.699 ; 4.883        ; 0.184          ; Low Pulse Width ; clk   ; Rise       ; posit_pack:u_packer|g_trunc.d_q[30]          ;
; 4.699 ; 4.883        ; 0.184          ; Low Pulse Width ; clk   ; Rise       ; posit_pack:u_packer|g_trunc.d_q[31]          ;
; 4.700 ; 4.884        ; 0.184          ; Low Pulse Width ; clk   ; Rise       ; posit_pack:u_packer|g_trunc.d_q[20]          ;
; 4.700 ; 4.884        ; 0.184          ; Low Pulse Width ; clk   ; Rise       ; posit_pack:u_packer|g_trunc.d_q[22]          ;
; 4.700 ; 4.884        ; 0.184          ; Low Pulse Width ; clk   ; Rise       ; posit_pack:u_packer|g_trunc.d_q[24]          ;
; 4.700 ; 4.884        ; 0.184          ; Low Pulse Width ; clk   ; Rise       ; posit_pack:u_packer|g_trunc.d_q[26]          ;
; 4.700 ; 4.884        ; 0.184          ; Low Pulse Width ; clk   ; Rise       ; posit_pack:u_packer|g_trunc.d_q[28]          ;
; 4.701 ; 4.885        ; 0.184          ; Low Pulse Width ; clk   ; Rise       ; posit_pack:u_packer|g_trunc.d_q[10]          ;
; 4.701 ; 4.885        ; 0.184          ; Low Pulse Width ; clk   ; Rise       ; posit_pack:u_packer|g_trunc.d_q[11]          ;
; 4.701 ; 4.885        ; 0.184          ; Low Pulse Width ; clk   ; Rise       ; posit_pack:u_packer|g_trunc.d_q[12]          ;
; 4.701 ; 4.885        ; 0.184          ; Low Pulse Width ; clk   ; Rise       ; posit_pack:u_packer|g_trunc.d_q[13]          ;
; 4.701 ; 4.885        ; 0.184          ; Low Pulse Width ; clk   ; Rise       ; posit_pack:u_packer|g_trunc.d_q[19]          ;
; 4.701 ; 4.885        ; 0.184          ; Low Pulse Width ; clk   ; Rise       ; posit_pack:u_packer|g_trunc.d_q[1]           ;
; 4.701 ; 4.885        ; 0.184          ; Low Pulse Width ; clk   ; Rise       ; posit_pack:u_packer|g_trunc.d_q[21]          ;
; 4.701 ; 4.885        ; 0.184          ; Low Pulse Width ; clk   ; Rise       ; posit_pack:u_packer|g_trunc.d_q[25]          ;
; 4.701 ; 4.885        ; 0.184          ; Low Pulse Width ; clk   ; Rise       ; posit_pack:u_packer|g_trunc.d_q[2]           ;
; 4.701 ; 4.885        ; 0.184          ; Low Pulse Width ; clk   ; Rise       ; posit_pack:u_packer|g_trunc.d_q[3]           ;
; 4.701 ; 4.885        ; 0.184          ; Low Pulse Width ; clk   ; Rise       ; posit_pack:u_packer|g_trunc.d_q[4]           ;
; 4.701 ; 4.885        ; 0.184          ; Low Pulse Width ; clk   ; Rise       ; posit_pack:u_packer|g_trunc.d_q[5]           ;
; 4.701 ; 4.885        ; 0.184          ; Low Pulse Width ; clk   ; Rise       ; posit_pack:u_packer|g_trunc.d_q[6]           ;
; 4.701 ; 4.885        ; 0.184          ; Low Pulse Width ; clk   ; Rise       ; posit_pack:u_packer|g_trunc.d_q[7]           ;
; 4.701 ; 4.885        ; 0.184          ; Low Pulse Width ; clk   ; Rise       ; posit_pack:u_packer|g_trunc.d_q[8]           ;
; 4.701 ; 4.885        ; 0.184          ; Low Pulse Width ; clk   ; Rise       ; posit_pack:u_packer|g_trunc.d_q[9]           ;
; 4.702 ; 4.886        ; 0.184          ; Low Pulse Width ; clk   ; Rise       ; packer_ppa_boundary:u_boundary|d[15]         ;
; 4.702 ; 4.886        ; 0.184          ; Low Pulse Width ; clk   ; Rise       ; packer_ppa_boundary:u_boundary|d[17]         ;
; 4.702 ; 4.886        ; 0.184          ; Low Pulse Width ; clk   ; Rise       ; packer_ppa_boundary:u_boundary|d[18]         ;
; 4.702 ; 4.886        ; 0.184          ; Low Pulse Width ; clk   ; Rise       ; packer_ppa_boundary:u_boundary|d[19]         ;
; 4.702 ; 4.886        ; 0.184          ; Low Pulse Width ; clk   ; Rise       ; packer_ppa_boundary:u_boundary|d[20]         ;
; 4.702 ; 4.886        ; 0.184          ; Low Pulse Width ; clk   ; Rise       ; packer_ppa_boundary:u_boundary|d[22]         ;
; 4.702 ; 4.886        ; 0.184          ; Low Pulse Width ; clk   ; Rise       ; packer_ppa_boundary:u_boundary|d[24]         ;
; 4.702 ; 4.886        ; 0.184          ; Low Pulse Width ; clk   ; Rise       ; packer_ppa_boundary:u_boundary|d[26]         ;
; 4.702 ; 4.886        ; 0.184          ; Low Pulse Width ; clk   ; Rise       ; packer_ppa_boundary:u_boundary|d[28]         ;
; 4.702 ; 4.886        ; 0.184          ; Low Pulse Width ; clk   ; Rise       ; packer_ppa_boundary:u_boundary|d[29]         ;
; 4.702 ; 4.886        ; 0.184          ; Low Pulse Width ; clk   ; Rise       ; packer_ppa_boundary:u_boundary|flags[2]      ;
; 4.702 ; 4.886        ; 0.184          ; Low Pulse Width ; clk   ; Rise       ; packer_ppa_boundary:u_boundary|flags[3]      ;
; 4.702 ; 4.886        ; 0.184          ; Low Pulse Width ; clk   ; Rise       ; packer_ppa_boundary:u_boundary|flags[4]      ;
; 4.702 ; 4.886        ; 0.184          ; Low Pulse Width ; clk   ; Rise       ; packer_ppa_boundary:u_boundary|flags_in_q[2] ;
; 4.702 ; 4.886        ; 0.184          ; Low Pulse Width ; clk   ; Rise       ; packer_ppa_boundary:u_boundary|flags_in_q[3] ;
; 4.702 ; 4.886        ; 0.184          ; Low Pulse Width ; clk   ; Rise       ; packer_ppa_boundary:u_boundary|frac_q[0]     ;
; 4.702 ; 4.886        ; 0.184          ; Low Pulse Width ; clk   ; Rise       ; packer_ppa_boundary:u_boundary|frac_q[10]    ;
; 4.702 ; 4.886        ; 0.184          ; Low Pulse Width ; clk   ; Rise       ; packer_ppa_boundary:u_boundary|frac_q[11]    ;
; 4.702 ; 4.886        ; 0.184          ; Low Pulse Width ; clk   ; Rise       ; packer_ppa_boundary:u_boundary|frac_q[12]    ;
; 4.702 ; 4.886        ; 0.184          ; Low Pulse Width ; clk   ; Rise       ; packer_ppa_boundary:u_boundary|frac_q[14]    ;
; 4.702 ; 4.886        ; 0.184          ; Low Pulse Width ; clk   ; Rise       ; packer_ppa_boundary:u_boundary|frac_q[15]    ;
; 4.702 ; 4.886        ; 0.184          ; Low Pulse Width ; clk   ; Rise       ; packer_ppa_boundary:u_boundary|frac_q[16]    ;
; 4.702 ; 4.886        ; 0.184          ; Low Pulse Width ; clk   ; Rise       ; packer_ppa_boundary:u_boundary|frac_q[17]    ;
; 4.702 ; 4.886        ; 0.184          ; Low Pulse Width ; clk   ; Rise       ; packer_ppa_boundary:u_boundary|frac_q[18]    ;
; 4.702 ; 4.886        ; 0.184          ; Low Pulse Width ; clk   ; Rise       ; packer_ppa_boundary:u_boundary|frac_q[19]    ;
; 4.702 ; 4.886        ; 0.184          ; Low Pulse Width ; clk   ; Rise       ; packer_ppa_boundary:u_boundary|frac_q[20]    ;
; 4.702 ; 4.886        ; 0.184          ; Low Pulse Width ; clk   ; Rise       ; packer_ppa_boundary:u_boundary|frac_q[21]    ;
; 4.702 ; 4.886        ; 0.184          ; Low Pulse Width ; clk   ; Rise       ; packer_ppa_boundary:u_boundary|frac_q[22]    ;
; 4.702 ; 4.886        ; 0.184          ; Low Pulse Width ; clk   ; Rise       ; packer_ppa_boundary:u_boundary|frac_q[23]    ;
; 4.702 ; 4.886        ; 0.184          ; Low Pulse Width ; clk   ; Rise       ; packer_ppa_boundary:u_boundary|frac_q[24]    ;
; 4.702 ; 4.886        ; 0.184          ; Low Pulse Width ; clk   ; Rise       ; packer_ppa_boundary:u_boundary|frac_q[25]    ;
; 4.702 ; 4.886        ; 0.184          ; Low Pulse Width ; clk   ; Rise       ; packer_ppa_boundary:u_boundary|frac_q[26]    ;
; 4.702 ; 4.886        ; 0.184          ; Low Pulse Width ; clk   ; Rise       ; packer_ppa_boundary:u_boundary|frac_q[27]    ;
; 4.702 ; 4.886        ; 0.184          ; Low Pulse Width ; clk   ; Rise       ; packer_ppa_boundary:u_boundary|frac_q[29]    ;
; 4.702 ; 4.886        ; 0.184          ; Low Pulse Width ; clk   ; Rise       ; packer_ppa_boundary:u_boundary|frac_q[30]    ;
; 4.702 ; 4.886        ; 0.184          ; Low Pulse Width ; clk   ; Rise       ; packer_ppa_boundary:u_boundary|frac_q[32]    ;
; 4.702 ; 4.886        ; 0.184          ; Low Pulse Width ; clk   ; Rise       ; packer_ppa_boundary:u_boundary|frac_q[33]    ;
; 4.702 ; 4.886        ; 0.184          ; Low Pulse Width ; clk   ; Rise       ; packer_ppa_boundary:u_boundary|frac_q[34]    ;
; 4.702 ; 4.886        ; 0.184          ; Low Pulse Width ; clk   ; Rise       ; packer_ppa_boundary:u_boundary|frac_q[35]    ;
; 4.702 ; 4.886        ; 0.184          ; Low Pulse Width ; clk   ; Rise       ; packer_ppa_boundary:u_boundary|frac_q[36]    ;
; 4.702 ; 4.886        ; 0.184          ; Low Pulse Width ; clk   ; Rise       ; packer_ppa_boundary:u_boundary|frac_q[37]    ;
; 4.702 ; 4.886        ; 0.184          ; Low Pulse Width ; clk   ; Rise       ; packer_ppa_boundary:u_boundary|frac_q[38]    ;
; 4.702 ; 4.886        ; 0.184          ; Low Pulse Width ; clk   ; Rise       ; packer_ppa_boundary:u_boundary|frac_q[39]    ;
; 4.702 ; 4.886        ; 0.184          ; Low Pulse Width ; clk   ; Rise       ; packer_ppa_boundary:u_boundary|frac_q[3]     ;
; 4.702 ; 4.886        ; 0.184          ; Low Pulse Width ; clk   ; Rise       ; packer_ppa_boundary:u_boundary|frac_q[40]    ;
; 4.702 ; 4.886        ; 0.184          ; Low Pulse Width ; clk   ; Rise       ; packer_ppa_boundary:u_boundary|frac_q[41]    ;
; 4.702 ; 4.886        ; 0.184          ; Low Pulse Width ; clk   ; Rise       ; packer_ppa_boundary:u_boundary|frac_q[42]    ;
; 4.702 ; 4.886        ; 0.184          ; Low Pulse Width ; clk   ; Rise       ; packer_ppa_boundary:u_boundary|frac_q[43]    ;
; 4.702 ; 4.886        ; 0.184          ; Low Pulse Width ; clk   ; Rise       ; packer_ppa_boundary:u_boundary|frac_q[44]    ;
; 4.702 ; 4.886        ; 0.184          ; Low Pulse Width ; clk   ; Rise       ; packer_ppa_boundary:u_boundary|frac_q[46]    ;
; 4.702 ; 4.886        ; 0.184          ; Low Pulse Width ; clk   ; Rise       ; packer_ppa_boundary:u_boundary|frac_q[48]    ;
; 4.702 ; 4.886        ; 0.184          ; Low Pulse Width ; clk   ; Rise       ; packer_ppa_boundary:u_boundary|frac_q[49]    ;
; 4.702 ; 4.886        ; 0.184          ; Low Pulse Width ; clk   ; Rise       ; packer_ppa_boundary:u_boundary|frac_q[51]    ;
; 4.702 ; 4.886        ; 0.184          ; Low Pulse Width ; clk   ; Rise       ; packer_ppa_boundary:u_boundary|frac_q[53]    ;
; 4.702 ; 4.886        ; 0.184          ; Low Pulse Width ; clk   ; Rise       ; packer_ppa_boundary:u_boundary|frac_q[5]     ;
; 4.702 ; 4.886        ; 0.184          ; Low Pulse Width ; clk   ; Rise       ; packer_ppa_boundary:u_boundary|frac_q[6]     ;
; 4.702 ; 4.886        ; 0.184          ; Low Pulse Width ; clk   ; Rise       ; packer_ppa_boundary:u_boundary|frac_q[7]     ;
; 4.702 ; 4.886        ; 0.184          ; Low Pulse Width ; clk   ; Rise       ; packer_ppa_boundary:u_boundary|frac_q[8]     ;
; 4.702 ; 4.886        ; 0.184          ; Low Pulse Width ; clk   ; Rise       ; packer_ppa_boundary:u_boundary|frac_q[9]     ;
; 4.702 ; 4.886        ; 0.184          ; Low Pulse Width ; clk   ; Rise       ; packer_ppa_boundary:u_boundary|meta_sync1    ;
; 4.702 ; 4.886        ; 0.184          ; Low Pulse Width ; clk   ; Rise       ; packer_ppa_boundary:u_boundary|meta_sync2    ;
; 4.702 ; 4.886        ; 0.184          ; Low Pulse Width ; clk   ; Rise       ; packer_ppa_boundary:u_boundary|sf_q[3]       ;
; 4.702 ; 4.886        ; 0.184          ; Low Pulse Width ; clk   ; Rise       ; posit_pack:u_packer|g_trunc.d_q[16]          ;
; 4.702 ; 4.886        ; 0.184          ; Low Pulse Width ; clk   ; Rise       ; posit_pack:u_packer|g_trunc.d_q[18]          ;
; 4.702 ; 4.886        ; 0.184          ; Low Pulse Width ; clk   ; Rise       ; posit_pack:u_packer|g_trunc.flags_q[2]       ;
; 4.702 ; 4.886        ; 0.184          ; Low Pulse Width ; clk   ; Rise       ; posit_pack:u_packer|g_trunc.flags_q[3]       ;
; 4.702 ; 4.886        ; 0.184          ; Low Pulse Width ; clk   ; Rise       ; posit_pack:u_packer|g_trunc.flags_q[4]       ;
; 4.703 ; 4.887        ; 0.184          ; Low Pulse Width ; clk   ; Rise       ; packer_ppa_boundary:u_boundary|d[0]          ;
+-------+--------------+----------------+-----------------+-------+------------+----------------------------------------------+


+---------------------------------------------------------------------------+
; Setup Times                                                               ;
+--------------+------------+--------+-------+------------+-----------------+
; Data Port    ; Clock Port ; Rise   ; Fall  ; Clock Edge ; Clock Reference ;
+--------------+------------+--------+-------+------------+-----------------+
; flags_in[*]  ; clk        ; 2.089  ; 2.516 ; Rise       ; clk             ;
;  flags_in[0] ; clk        ; 1.657  ; 1.988 ; Rise       ; clk             ;
;  flags_in[1] ; clk        ; 1.582  ; 1.926 ; Rise       ; clk             ;
;  flags_in[2] ; clk        ; 1.673  ; 2.019 ; Rise       ; clk             ;
;  flags_in[3] ; clk        ; 2.089  ; 2.516 ; Rise       ; clk             ;
;  flags_in[4] ; clk        ; 1.851  ; 2.289 ; Rise       ; clk             ;
; frac[*]      ; clk        ; 2.466  ; 2.927 ; Rise       ; clk             ;
;  frac[0]     ; clk        ; 1.701  ; 2.067 ; Rise       ; clk             ;
;  frac[1]     ; clk        ; 1.548  ; 1.890 ; Rise       ; clk             ;
;  frac[2]     ; clk        ; -0.075 ; 0.045 ; Rise       ; clk             ;
;  frac[3]     ; clk        ; 1.899  ; 2.243 ; Rise       ; clk             ;
;  frac[4]     ; clk        ; 1.423  ; 1.751 ; Rise       ; clk             ;
;  frac[5]     ; clk        ; 1.850  ; 2.182 ; Rise       ; clk             ;
;  frac[6]     ; clk        ; 0.003  ; 0.155 ; Rise       ; clk             ;
;  frac[7]     ; clk        ; 1.878  ; 2.319 ; Rise       ; clk             ;
;  frac[8]     ; clk        ; 1.554  ; 1.953 ; Rise       ; clk             ;
;  frac[9]     ; clk        ; 1.861  ; 2.287 ; Rise       ; clk             ;
;  frac[10]    ; clk        ; 1.372  ; 1.730 ; Rise       ; clk             ;
;  frac[11]    ; clk        ; 1.690  ; 2.038 ; Rise       ; clk             ;
;  frac[12]    ; clk        ; 1.915  ; 2.274 ; Rise       ; clk             ;
;  frac[13]    ; clk        ; 1.519  ; 1.842 ; Rise       ; clk             ;
;  frac[14]    ; clk        ; 1.778  ; 2.103 ; Rise       ; clk             ;
;  frac[15]    ; clk        ; 1.692  ; 2.062 ; Rise       ; clk             ;
;  frac[16]    ; clk        ; 1.711  ; 2.086 ; Rise       ; clk             ;
;  frac[17]    ; clk        ; 2.052  ; 2.442 ; Rise       ; clk             ;
;  frac[18]    ; clk        ; 1.607  ; 1.963 ; Rise       ; clk             ;
;  frac[19]    ; clk        ; 1.552  ; 1.908 ; Rise       ; clk             ;
;  frac[20]    ; clk        ; 1.658  ; 1.992 ; Rise       ; clk             ;
;  frac[21]    ; clk        ; 1.750  ; 2.122 ; Rise       ; clk             ;
;  frac[22]    ; clk        ; 1.776  ; 2.126 ; Rise       ; clk             ;
;  frac[23]    ; clk        ; 1.490  ; 1.856 ; Rise       ; clk             ;
;  frac[24]    ; clk        ; 1.905  ; 2.279 ; Rise       ; clk             ;
;  frac[25]    ; clk        ; -0.158 ; 0.012 ; Rise       ; clk             ;
;  frac[26]    ; clk        ; 1.839  ; 2.244 ; Rise       ; clk             ;
;  frac[27]    ; clk        ; 1.848  ; 2.200 ; Rise       ; clk             ;
;  frac[28]    ; clk        ; 1.821  ; 2.176 ; Rise       ; clk             ;
;  frac[29]    ; clk        ; 0.014  ; 0.111 ; Rise       ; clk             ;
;  frac[30]    ; clk        ; 2.111  ; 2.471 ; Rise       ; clk             ;
;  frac[31]    ; clk        ; 0.249  ; 0.369 ; Rise       ; clk             ;
;  frac[32]    ; clk        ; 2.031  ; 2.418 ; Rise       ; clk             ;
;  frac[33]    ; clk        ; 1.910  ; 2.336 ; Rise       ; clk             ;
;  frac[34]    ; clk        ; 1.891  ; 2.296 ; Rise       ; clk             ;
;  frac[35]    ; clk        ; 2.054  ; 2.421 ; Rise       ; clk             ;
;  frac[36]    ; clk        ; 1.560  ; 1.886 ; Rise       ; clk             ;
;  frac[37]    ; clk        ; 2.159  ; 2.538 ; Rise       ; clk             ;
;  frac[38]    ; clk        ; 1.768  ; 2.166 ; Rise       ; clk             ;
;  frac[39]    ; clk        ; 1.973  ; 2.331 ; Rise       ; clk             ;
;  frac[40]    ; clk        ; 1.536  ; 1.915 ; Rise       ; clk             ;
;  frac[41]    ; clk        ; 1.462  ; 1.822 ; Rise       ; clk             ;
;  frac[42]    ; clk        ; 2.080  ; 2.462 ; Rise       ; clk             ;
;  frac[43]    ; clk        ; 2.466  ; 2.927 ; Rise       ; clk             ;
;  frac[44]    ; clk        ; 1.741  ; 2.130 ; Rise       ; clk             ;
;  frac[45]    ; clk        ; 2.114  ; 2.529 ; Rise       ; clk             ;
;  frac[46]    ; clk        ; 2.243  ; 2.623 ; Rise       ; clk             ;
;  frac[47]    ; clk        ; 2.021  ; 2.399 ; Rise       ; clk             ;
;  frac[48]    ; clk        ; 1.983  ; 2.354 ; Rise       ; clk             ;
;  frac[49]    ; clk        ; 2.036  ; 2.412 ; Rise       ; clk             ;
;  frac[50]    ; clk        ; 1.890  ; 2.213 ; Rise       ; clk             ;
;  frac[51]    ; clk        ; 1.900  ; 2.341 ; Rise       ; clk             ;
;  frac[52]    ; clk        ; 1.842  ; 2.203 ; Rise       ; clk             ;
;  frac[53]    ; clk        ; 2.301  ; 2.689 ; Rise       ; clk             ;
;  frac[54]    ; clk        ; 2.086  ; 2.495 ; Rise       ; clk             ;
; is_nar       ; clk        ; 2.022  ; 2.369 ; Rise       ; clk             ;
; is_zero      ; clk        ; 1.400  ; 1.723 ; Rise       ; clk             ;
; sf[*]        ; clk        ; 2.116  ; 2.489 ; Rise       ; clk             ;
;  sf[0]       ; clk        ; 2.074  ; 2.463 ; Rise       ; clk             ;
;  sf[1]       ; clk        ; -0.053 ; 0.074 ; Rise       ; clk             ;
;  sf[2]       ; clk        ; 1.783  ; 2.164 ; Rise       ; clk             ;
;  sf[3]       ; clk        ; 1.763  ; 2.103 ; Rise       ; clk             ;
;  sf[4]       ; clk        ; 1.755  ; 2.142 ; Rise       ; clk             ;
;  sf[5]       ; clk        ; 1.703  ; 2.059 ; Rise       ; clk             ;
;  sf[6]       ; clk        ; 2.116  ; 2.489 ; Rise       ; clk             ;
;  sf[7]       ; clk        ; 1.843  ; 2.231 ; Rise       ; clk             ;
;  sf[8]       ; clk        ; 0.194  ; 0.326 ; Rise       ; clk             ;
;  sf[9]       ; clk        ; 2.030  ; 2.387 ; Rise       ; clk             ;
; sign         ; clk        ; 1.684  ; 2.102 ; Rise       ; clk             ;
; sticky       ; clk        ; 1.507  ; 1.884 ; Rise       ; clk             ;
+--------------+------------+--------+-------+------------+-----------------+


+----------------------------------------------------------------------------+
; Hold Times                                                                 ;
+--------------+------------+--------+--------+------------+-----------------+
; Data Port    ; Clock Port ; Rise   ; Fall   ; Clock Edge ; Clock Reference ;
+--------------+------------+--------+--------+------------+-----------------+
; flags_in[*]  ; clk        ; -1.255 ; -1.589 ; Rise       ; clk             ;
;  flags_in[0] ; clk        ; -1.315 ; -1.631 ; Rise       ; clk             ;
;  flags_in[1] ; clk        ; -1.255 ; -1.589 ; Rise       ; clk             ;
;  flags_in[2] ; clk        ; -1.331 ; -1.663 ; Rise       ; clk             ;
;  flags_in[3] ; clk        ; -1.739 ; -2.154 ; Rise       ; clk             ;
;  flags_in[4] ; clk        ; -1.500 ; -1.919 ; Rise       ; clk             ;
; frac[*]      ; clk        ; 0.412  ; 0.244  ; Rise       ; clk             ;
;  frac[0]     ; clk        ; -1.367 ; -1.724 ; Rise       ; clk             ;
;  frac[1]     ; clk        ; -1.223 ; -1.555 ; Rise       ; clk             ;
;  frac[2]     ; clk        ; 0.343  ; 0.229  ; Rise       ; clk             ;
;  frac[3]     ; clk        ; -1.557 ; -1.893 ; Rise       ; clk             ;
;  frac[4]     ; clk        ; -1.092 ; -1.405 ; Rise       ; clk             ;
;  frac[5]     ; clk        ; -1.511 ; -1.834 ; Rise       ; clk             ;
;  frac[6]     ; clk        ; 0.258  ; 0.107  ; Rise       ; clk             ;
;  frac[7]     ; clk        ; -1.536 ; -1.965 ; Rise       ; clk             ;
;  frac[8]     ; clk        ; -1.225 ; -1.613 ; Rise       ; clk             ;
;  frac[9]     ; clk        ; -1.520 ; -1.934 ; Rise       ; clk             ;
;  frac[10]    ; clk        ; -1.040 ; -1.383 ; Rise       ; clk             ;
;  frac[11]    ; clk        ; -1.356 ; -1.695 ; Rise       ; clk             ;
;  frac[12]    ; clk        ; -1.572 ; -1.922 ; Rise       ; clk             ;
;  frac[13]    ; clk        ; -1.195 ; -1.509 ; Rise       ; clk             ;
;  frac[14]    ; clk        ; -1.443 ; -1.759 ; Rise       ; clk             ;
;  frac[15]    ; clk        ; -1.358 ; -1.718 ; Rise       ; clk             ;
;  frac[16]    ; clk        ; -1.376 ; -1.741 ; Rise       ; clk             ;
;  frac[17]    ; clk        ; -1.703 ; -2.083 ; Rise       ; clk             ;
;  frac[18]    ; clk        ; -1.279 ; -1.624 ; Rise       ; clk             ;
;  frac[19]    ; clk        ; -1.213 ; -1.555 ; Rise       ; clk             ;
;  frac[20]    ; clk        ; -1.317 ; -1.637 ; Rise       ; clk             ;
;  frac[21]    ; clk        ; -1.414 ; -1.776 ; Rise       ; clk             ;
;  frac[22]    ; clk        ; -1.441 ; -1.781 ; Rise       ; clk             ;
;  frac[23]    ; clk        ; -1.165 ; -1.521 ; Rise       ; clk             ;
;  frac[24]    ; clk        ; -1.566 ; -1.928 ; Rise       ; clk             ;
;  frac[25]    ; clk        ; 0.412  ; 0.244  ; Rise       ; clk             ;
;  frac[26]    ; clk        ; -1.500 ; -1.893 ; Rise       ; clk             ;
;  frac[27]    ; clk        ; -1.511 ; -1.853 ; Rise       ; clk             ;
;  frac[28]    ; clk        ; -1.484 ; -1.828 ; Rise       ; clk             ;
;  frac[29]    ; clk        ; 0.249  ; 0.150  ; Rise       ; clk             ;
;  frac[30]    ; clk        ; -1.762 ; -2.111 ; Rise       ; clk             ;
;  frac[31]    ; clk        ; 0.023  ; -0.098 ; Rise       ; clk             ;
;  frac[32]    ; clk        ; -1.683 ; -2.060 ; Rise       ; clk             ;
;  frac[33]    ; clk        ; -1.567 ; -1.981 ; Rise       ; clk             ;
;  frac[34]    ; clk        ; -1.549 ; -1.942 ; Rise       ; clk             ;
;  frac[35]    ; clk        ; -1.705 ; -2.063 ; Rise       ; clk             ;
;  frac[36]    ; clk        ; -1.234 ; -1.551 ; Rise       ; clk             ;
;  frac[37]    ; clk        ; -1.808 ; -2.176 ; Rise       ; clk             ;
;  frac[38]    ; clk        ; -1.431 ; -1.817 ; Rise       ; clk             ;
;  frac[39]    ; clk        ; -1.627 ; -1.976 ; Rise       ; clk             ;
;  frac[40]    ; clk        ; -1.208 ; -1.577 ; Rise       ; clk             ;
;  frac[41]    ; clk        ; -1.137 ; -1.488 ; Rise       ; clk             ;
;  frac[42]    ; clk        ; -1.730 ; -2.102 ; Rise       ; clk             ;
;  frac[43]    ; clk        ; -2.101 ; -2.549 ; Rise       ; clk             ;
;  frac[44]    ; clk        ; -1.395 ; -1.768 ; Rise       ; clk             ;
;  frac[45]    ; clk        ; -1.763 ; -2.166 ; Rise       ; clk             ;
;  frac[46]    ; clk        ; -1.887 ; -2.256 ; Rise       ; clk             ;
;  frac[47]    ; clk        ; -1.674 ; -2.041 ; Rise       ; clk             ;
;  frac[48]    ; clk        ; -1.637 ; -1.998 ; Rise       ; clk             ;
;  frac[49]    ; clk        ; -1.688 ; -2.054 ; Rise       ; clk             ;
;  frac[50]    ; clk        ; -1.548 ; -1.863 ; Rise       ; clk             ;
;  frac[51]    ; clk        ; -1.557 ; -1.985 ; Rise       ; clk             ;
;  frac[52]    ; clk        ; -1.504 ; -1.854 ; Rise       ; clk             ;
;  frac[53]    ; clk        ; -1.942 ; -2.320 ; Rise       ; clk             ;
;  frac[54]    ; clk        ; -1.735 ; -2.134 ; Rise       ; clk             ;
; is_nar       ; clk        ; -1.677 ; -2.013 ; Rise       ; clk             ;
; is_zero      ; clk        ; -1.052 ; -1.366 ; Rise       ; clk             ;
; sf[*]        ; clk        ; 0.313  ; 0.186  ; Rise       ; clk             ;
;  sf[0]       ; clk        ; -1.725 ; -2.103 ; Rise       ; clk             ;
;  sf[1]       ; clk        ; 0.313  ; 0.186  ; Rise       ; clk             ;
;  sf[2]       ; clk        ; -1.445 ; -1.816 ; Rise       ; clk             ;
;  sf[3]       ; clk        ; -1.429 ; -1.758 ; Rise       ; clk             ;
;  sf[4]       ; clk        ; -1.418 ; -1.794 ; Rise       ; clk             ;
;  sf[5]       ; clk        ; -1.368 ; -1.715 ; Rise       ; clk             ;
;  sf[6]       ; clk        ; -1.767 ; -2.129 ; Rise       ; clk             ;
;  sf[7]       ; clk        ; -1.503 ; -1.880 ; Rise       ; clk             ;
;  sf[8]       ; clk        ; 0.076  ; -0.057 ; Rise       ; clk             ;
;  sf[9]       ; clk        ; -1.685 ; -2.031 ; Rise       ; clk             ;
; sign         ; clk        ; -1.313 ; -1.714 ; Rise       ; clk             ;
; sticky       ; clk        ; -1.181 ; -1.548 ; Rise       ; clk             ;
+--------------+------------+--------+--------+------------+-----------------+


+-----------------------------------------------------------------------+
; Clock to Output Times                                                 ;
+-----------+------------+-------+-------+------------+-----------------+
; Data Port ; Clock Port ; Rise  ; Fall  ; Clock Edge ; Clock Reference ;
+-----------+------------+-------+-------+------------+-----------------+
; d[*]      ; clk        ; 7.252 ; 7.296 ; Rise       ; clk             ;
;  d[0]     ; clk        ; 6.000 ; 5.940 ; Rise       ; clk             ;
;  d[1]     ; clk        ; 6.446 ; 6.422 ; Rise       ; clk             ;
;  d[2]     ; clk        ; 6.096 ; 6.109 ; Rise       ; clk             ;
;  d[3]     ; clk        ; 6.243 ; 6.207 ; Rise       ; clk             ;
;  d[4]     ; clk        ; 5.761 ; 5.769 ; Rise       ; clk             ;
;  d[5]     ; clk        ; 6.863 ; 6.893 ; Rise       ; clk             ;
;  d[6]     ; clk        ; 5.797 ; 5.808 ; Rise       ; clk             ;
;  d[7]     ; clk        ; 6.325 ; 6.349 ; Rise       ; clk             ;
;  d[8]     ; clk        ; 5.810 ; 5.797 ; Rise       ; clk             ;
;  d[9]     ; clk        ; 6.078 ; 6.068 ; Rise       ; clk             ;
;  d[10]    ; clk        ; 5.733 ; 5.710 ; Rise       ; clk             ;
;  d[11]    ; clk        ; 5.684 ; 5.641 ; Rise       ; clk             ;
;  d[12]    ; clk        ; 7.122 ; 7.143 ; Rise       ; clk             ;
;  d[13]    ; clk        ; 5.842 ; 5.776 ; Rise       ; clk             ;
;  d[14]    ; clk        ; 5.983 ; 5.964 ; Rise       ; clk             ;
;  d[15]    ; clk        ; 7.252 ; 7.296 ; Rise       ; clk             ;
;  d[16]    ; clk        ; 6.735 ; 6.833 ; Rise       ; clk             ;
;  d[17]    ; clk        ; 5.538 ; 5.555 ; Rise       ; clk             ;
;  d[18]    ; clk        ; 5.932 ; 5.892 ; Rise       ; clk             ;
;  d[19]    ; clk        ; 5.661 ; 5.634 ; Rise       ; clk             ;
;  d[20]    ; clk        ; 7.044 ; 7.165 ; Rise       ; clk             ;
;  d[21]    ; clk        ; 6.260 ; 6.274 ; Rise       ; clk             ;
;  d[22]    ; clk        ; 6.729 ; 6.714 ; Rise       ; clk             ;
;  d[23]    ; clk        ; 6.157 ; 6.143 ; Rise       ; clk             ;
;  d[24]    ; clk        ; 5.812 ; 5.850 ; Rise       ; clk             ;
;  d[25]    ; clk        ; 5.802 ; 5.804 ; Rise       ; clk             ;
;  d[26]    ; clk        ; 6.252 ; 6.191 ; Rise       ; clk             ;
;  d[27]    ; clk        ; 6.931 ; 6.996 ; Rise       ; clk             ;
;  d[28]    ; clk        ; 5.984 ; 6.043 ; Rise       ; clk             ;
;  d[29]    ; clk        ; 6.311 ; 6.322 ; Rise       ; clk             ;
;  d[30]    ; clk        ; 5.707 ; 5.728 ; Rise       ; clk             ;
;  d[31]    ; clk        ; 6.985 ; 6.973 ; Rise       ; clk             ;
; flags[*]  ; clk        ; 6.145 ; 6.135 ; Rise       ; clk             ;
;  flags[0] ; clk        ; 5.817 ; 5.835 ; Rise       ; clk             ;
;  flags[1] ; clk        ; 5.510 ; 5.538 ; Rise       ; clk             ;
;  flags[2] ; clk        ; 6.021 ; 6.023 ; Rise       ; clk             ;
;  flags[3] ; clk        ; 6.145 ; 6.135 ; Rise       ; clk             ;
;  flags[4] ; clk        ; 6.044 ; 6.082 ; Rise       ; clk             ;
; out_valid ; clk        ; 4.822 ; 4.824 ; Rise       ; clk             ;
+-----------+------------+-------+-------+------------+-----------------+


+-----------------------------------------------------------------------+
; Minimum Clock to Output Times                                         ;
+-----------+------------+-------+-------+------------+-----------------+
; Data Port ; Clock Port ; Rise  ; Fall  ; Clock Edge ; Clock Reference ;
+-----------+------------+-------+-------+------------+-----------------+
; d[*]      ; clk        ; 5.343 ; 5.358 ; Rise       ; clk             ;
;  d[0]     ; clk        ; 5.784 ; 5.727 ; Rise       ; clk             ;
;  d[1]     ; clk        ; 6.215 ; 6.191 ; Rise       ; clk             ;
;  d[2]     ; clk        ; 5.878 ; 5.891 ; Rise       ; clk             ;
;  d[3]     ; clk        ; 6.022 ; 5.986 ; Rise       ; clk             ;
;  d[4]     ; clk        ; 5.556 ; 5.564 ; Rise       ; clk             ;
;  d[5]     ; clk        ; 6.618 ; 6.645 ; Rise       ; clk             ;
;  d[6]     ; clk        ; 5.594 ; 5.604 ; Rise       ; clk             ;
;  d[7]     ; clk        ; 6.098 ; 6.121 ; Rise       ; clk             ;
;  d[8]     ; clk        ; 5.606 ; 5.593 ; Rise       ; clk             ;
;  d[9]     ; clk        ; 5.859 ; 5.849 ; Rise       ; clk             ;
;  d[10]    ; clk        ; 5.530 ; 5.507 ; Rise       ; clk             ;
;  d[11]    ; clk        ; 5.485 ; 5.443 ; Rise       ; clk             ;
;  d[12]    ; clk        ; 6.909 ; 6.930 ; Rise       ; clk             ;
;  d[13]    ; clk        ; 5.637 ; 5.572 ; Rise       ; clk             ;
;  d[14]    ; clk        ; 5.770 ; 5.752 ; Rise       ; clk             ;
;  d[15]    ; clk        ; 7.034 ; 7.076 ; Rise       ; clk             ;
;  d[16]    ; clk        ; 6.536 ; 6.630 ; Rise       ; clk             ;
;  d[17]    ; clk        ; 5.343 ; 5.358 ; Rise       ; clk             ;
;  d[18]    ; clk        ; 5.719 ; 5.681 ; Rise       ; clk             ;
;  d[19]    ; clk        ; 5.462 ; 5.435 ; Rise       ; clk             ;
;  d[20]    ; clk        ; 6.832 ; 6.949 ; Rise       ; clk             ;
;  d[21]    ; clk        ; 6.036 ; 6.049 ; Rise       ; clk             ;
;  d[22]    ; clk        ; 6.489 ; 6.473 ; Rise       ; clk             ;
;  d[23]    ; clk        ; 5.937 ; 5.923 ; Rise       ; clk             ;
;  d[24]    ; clk        ; 5.605 ; 5.642 ; Rise       ; clk             ;
;  d[25]    ; clk        ; 5.598 ; 5.600 ; Rise       ; clk             ;
;  d[26]    ; clk        ; 6.031 ; 5.971 ; Rise       ; clk             ;
;  d[27]    ; clk        ; 6.680 ; 6.742 ; Rise       ; clk             ;
;  d[28]    ; clk        ; 5.773 ; 5.829 ; Rise       ; clk             ;
;  d[29]    ; clk        ; 6.085 ; 6.095 ; Rise       ; clk             ;
;  d[30]    ; clk        ; 5.506 ; 5.526 ; Rise       ; clk             ;
;  d[31]    ; clk        ; 6.732 ; 6.720 ; Rise       ; clk             ;
; flags[*]  ; clk        ; 5.316 ; 5.343 ; Rise       ; clk             ;
;  flags[0] ; clk        ; 5.611 ; 5.627 ; Rise       ; clk             ;
;  flags[1] ; clk        ; 5.316 ; 5.343 ; Rise       ; clk             ;
;  flags[2] ; clk        ; 5.810 ; 5.810 ; Rise       ; clk             ;
;  flags[3] ; clk        ; 5.926 ; 5.916 ; Rise       ; clk             ;
;  flags[4] ; clk        ; 5.829 ; 5.865 ; Rise       ; clk             ;
; out_valid ; clk        ; 4.658 ; 4.659 ; Rise       ; clk             ;
+-----------+------------+-------+-------+------------+-----------------+


---------------------------------------------
; Slow 1200mV 0C Model Metastability Report ;
---------------------------------------------
No synchronizer chains to report.


+------------------------------------+
; Fast 1200mV 0C Model Setup Summary ;
+-------+-------+--------------------+
; Clock ; Slack ; End Point TNS      ;
+-------+-------+--------------------+
; clk   ; 4.469 ; 0.000              ;
+-------+-------+--------------------+


+-----------------------------------+
; Fast 1200mV 0C Model Hold Summary ;
+-------+-------+-------------------+
; Clock ; Slack ; End Point TNS     ;
+-------+-------+-------------------+
; clk   ; 0.192 ; 0.000             ;
+-------+-------+-------------------+


+---------------------------------------+
; Fast 1200mV 0C Model Recovery Summary ;
+-------+-------+-----------------------+
; Clock ; Slack ; End Point TNS         ;
+-------+-------+-----------------------+
; clk   ; 8.322 ; 0.000                 ;
+-------+-------+-----------------------+


+--------------------------------------+
; Fast 1200mV 0C Model Removal Summary ;
+-------+-------+----------------------+
; Clock ; Slack ; End Point TNS        ;
+-------+-------+----------------------+
; clk   ; 1.134 ; 0.000                ;
+-------+-------+----------------------+


+--------------------------------------------------+
; Fast 1200mV 0C Model Minimum Pulse Width Summary ;
+-------+-------+----------------------------------+
; Clock ; Slack ; End Point TNS                    ;
+-------+-------+----------------------------------+
; clk   ; 4.415 ; 0.000                            ;
+-------+-------+----------------------------------+


+---------------------------------------------------------------------------------------------------------------------------------------------------------------------+
; Fast 1200mV 0C Model Setup: 'clk'                                                                                                                                   ;
+-------+----------------------------------------------+----------------------------------------+--------------+-------------+--------------+------------+------------+
; Slack ; From Node                                    ; To Node                                ; Launch Clock ; Latch Clock ; Relationship ; Clock Skew ; Data Delay ;
+-------+----------------------------------------------+----------------------------------------+--------------+-------------+--------------+------------+------------+
; 4.469 ; packer_ppa_boundary:u_boundary|sf_q[9]       ; posit_pack:u_packer|g_trunc.d_q[25]    ; clk          ; clk         ; 10.000       ; 0.150      ; 5.668      ;
; 4.481 ; packer_ppa_boundary:u_boundary|sf_q[9]       ; posit_pack:u_packer|g_trunc.d_q[27]    ; clk          ; clk         ; 10.000       ; 0.150      ; 5.656      ;
; 4.486 ; packer_ppa_boundary:u_boundary|sf_q[9]       ; posit_pack:u_packer|g_trunc.d_q[30]    ; clk          ; clk         ; 10.000       ; 0.150      ; 5.651      ;
; 4.507 ; packer_ppa_boundary:u_boundary|sf_q[4]       ; posit_pack:u_packer|g_trunc.d_q[25]    ; clk          ; clk         ; 10.000       ; 0.150      ; 5.630      ;
; 4.519 ; packer_ppa_boundary:u_boundary|sf_q[4]       ; posit_pack:u_packer|g_trunc.d_q[27]    ; clk          ; clk         ; 10.000       ; 0.150      ; 5.618      ;
; 4.536 ; packer_ppa_boundary:u_boundary|sf_q[9]       ; posit_pack:u_packer|g_trunc.d_q[21]    ; clk          ; clk         ; 10.000       ; 0.150      ; 5.601      ;
; 4.541 ; packer_ppa_boundary:u_boundary|flags_in_q[4] ; posit_pack:u_packer|g_trunc.d_q[25]    ; clk          ; clk         ; 10.000       ; 0.153      ; 5.599      ;
; 4.553 ; packer_ppa_boundary:u_boundary|flags_in_q[4] ; posit_pack:u_packer|g_trunc.d_q[27]    ; clk          ; clk         ; 10.000       ; 0.153      ; 5.587      ;
; 4.574 ; packer_ppa_boundary:u_boundary|sf_q[4]       ; posit_pack:u_packer|g_trunc.d_q[21]    ; clk          ; clk         ; 10.000       ; 0.150      ; 5.563      ;
; 4.580 ; packer_ppa_boundary:u_boundary|sf_q[2]       ; posit_pack:u_packer|g_trunc.d_q[25]    ; clk          ; clk         ; 10.000       ; 0.150      ; 5.557      ;
; 4.581 ; packer_ppa_boundary:u_boundary|sf_q[3]       ; posit_pack:u_packer|g_trunc.d_q[25]    ; clk          ; clk         ; 10.000       ; 0.155      ; 5.561      ;
; 4.584 ; packer_ppa_boundary:u_boundary|sf_q[4]       ; posit_pack:u_packer|g_trunc.d_q[30]    ; clk          ; clk         ; 10.000       ; 0.150      ; 5.553      ;
; 4.592 ; packer_ppa_boundary:u_boundary|sf_q[2]       ; posit_pack:u_packer|g_trunc.d_q[27]    ; clk          ; clk         ; 10.000       ; 0.150      ; 5.545      ;
; 4.593 ; packer_ppa_boundary:u_boundary|sf_q[3]       ; posit_pack:u_packer|g_trunc.d_q[27]    ; clk          ; clk         ; 10.000       ; 0.155      ; 5.549      ;
; 4.608 ; packer_ppa_boundary:u_boundary|flags_in_q[4] ; posit_pack:u_packer|g_trunc.d_q[21]    ; clk          ; clk         ; 10.000       ; 0.153      ; 5.532      ;
; 4.618 ; packer_ppa_boundary:u_boundary|flags_in_q[4] ; posit_pack:u_packer|g_trunc.d_q[30]    ; clk          ; clk         ; 10.000       ; 0.153      ; 5.522      ;
; 4.620 ; packer_ppa_boundary:u_boundary|sf_q[3]       ; posit_pack:u_packer|g_trunc.d_q[30]    ; clk          ; clk         ; 10.000       ; 0.155      ; 5.522      ;
; 4.627 ; packer_ppa_boundary:u_boundary|sf_q[2]       ; posit_pack:u_packer|g_trunc.d_q[30]    ; clk          ; clk         ; 10.000       ; 0.150      ; 5.510      ;
; 4.647 ; packer_ppa_boundary:u_boundary|sf_q[2]       ; posit_pack:u_packer|g_trunc.d_q[21]    ; clk          ; clk         ; 10.000       ; 0.150      ; 5.490      ;
; 4.648 ; packer_ppa_boundary:u_boundary|sf_q[3]       ; posit_pack:u_packer|g_trunc.d_q[21]    ; clk          ; clk         ; 10.000       ; 0.155      ; 5.494      ;
; 4.650 ; packer_ppa_boundary:u_boundary|sf_q[1]       ; posit_pack:u_packer|g_trunc.d_q[25]    ; clk          ; clk         ; 10.000       ; 0.150      ; 5.487      ;
; 4.662 ; packer_ppa_boundary:u_boundary|sf_q[1]       ; posit_pack:u_packer|g_trunc.d_q[27]    ; clk          ; clk         ; 10.000       ; 0.150      ; 5.475      ;
; 4.663 ; packer_ppa_boundary:u_boundary|sf_q[9]       ; posit_pack:u_packer|g_trunc.d_q[19]    ; clk          ; clk         ; 10.000       ; 0.149      ; 5.473      ;
; 4.667 ; packer_ppa_boundary:u_boundary|sf_q[1]       ; posit_pack:u_packer|g_trunc.d_q[30]    ; clk          ; clk         ; 10.000       ; 0.150      ; 5.470      ;
; 4.687 ; packer_ppa_boundary:u_boundary|sf_q[6]       ; posit_pack:u_packer|g_trunc.d_q[25]    ; clk          ; clk         ; 10.000       ; 0.153      ; 5.453      ;
; 4.688 ; packer_ppa_boundary:u_boundary|sf_q[5]       ; posit_pack:u_packer|g_trunc.d_q[25]    ; clk          ; clk         ; 10.000       ; 0.153      ; 5.452      ;
; 4.698 ; packer_ppa_boundary:u_boundary|frac_q[46]    ; posit_pack:u_packer|g_trunc.d_q[25]    ; clk          ; clk         ; 10.000       ; 0.150      ; 5.439      ;
; 4.699 ; packer_ppa_boundary:u_boundary|sf_q[9]       ; posit_pack:u_packer|g_trunc.d_q[23]    ; clk          ; clk         ; 10.000       ; 0.150      ; 5.438      ;
; 4.699 ; packer_ppa_boundary:u_boundary|sf_q[6]       ; posit_pack:u_packer|g_trunc.d_q[27]    ; clk          ; clk         ; 10.000       ; 0.153      ; 5.441      ;
; 4.700 ; packer_ppa_boundary:u_boundary|sf_q[5]       ; posit_pack:u_packer|g_trunc.d_q[27]    ; clk          ; clk         ; 10.000       ; 0.153      ; 5.440      ;
; 4.701 ; packer_ppa_boundary:u_boundary|sf_q[4]       ; posit_pack:u_packer|g_trunc.d_q[19]    ; clk          ; clk         ; 10.000       ; 0.149      ; 5.435      ;
; 4.703 ; packer_ppa_boundary:u_boundary|is_nar_q      ; posit_pack:u_packer|g_trunc.d_q[25]    ; clk          ; clk         ; 10.000       ; 0.153      ; 5.437      ;
; 4.710 ; packer_ppa_boundary:u_boundary|frac_q[46]    ; posit_pack:u_packer|g_trunc.d_q[27]    ; clk          ; clk         ; 10.000       ; 0.150      ; 5.427      ;
; 4.715 ; packer_ppa_boundary:u_boundary|is_nar_q      ; posit_pack:u_packer|g_trunc.d_q[27]    ; clk          ; clk         ; 10.000       ; 0.153      ; 5.425      ;
; 4.715 ; packer_ppa_boundary:u_boundary|frac_q[46]    ; posit_pack:u_packer|g_trunc.d_q[30]    ; clk          ; clk         ; 10.000       ; 0.150      ; 5.422      ;
; 4.717 ; packer_ppa_boundary:u_boundary|sf_q[5]       ; posit_pack:u_packer|g_trunc.d_q[30]    ; clk          ; clk         ; 10.000       ; 0.153      ; 5.423      ;
; 4.717 ; packer_ppa_boundary:u_boundary|sf_q[1]       ; posit_pack:u_packer|g_trunc.d_q[21]    ; clk          ; clk         ; 10.000       ; 0.150      ; 5.420      ;
; 4.728 ; packer_ppa_boundary:u_boundary|frac_q[54]    ; posit_pack:u_packer|g_trunc.d_q[25]    ; clk          ; clk         ; 10.000       ; 0.150      ; 5.409      ;
; 4.735 ; packer_ppa_boundary:u_boundary|flags_in_q[4] ; posit_pack:u_packer|g_trunc.d_q[19]    ; clk          ; clk         ; 10.000       ; 0.152      ; 5.404      ;
; 4.737 ; packer_ppa_boundary:u_boundary|sf_q[4]       ; posit_pack:u_packer|g_trunc.d_q[23]    ; clk          ; clk         ; 10.000       ; 0.150      ; 5.400      ;
; 4.740 ; packer_ppa_boundary:u_boundary|frac_q[54]    ; posit_pack:u_packer|g_trunc.d_q[27]    ; clk          ; clk         ; 10.000       ; 0.150      ; 5.397      ;
; 4.745 ; packer_ppa_boundary:u_boundary|frac_q[54]    ; posit_pack:u_packer|g_trunc.d_q[30]    ; clk          ; clk         ; 10.000       ; 0.150      ; 5.392      ;
; 4.754 ; packer_ppa_boundary:u_boundary|sf_q[6]       ; posit_pack:u_packer|g_trunc.d_q[21]    ; clk          ; clk         ; 10.000       ; 0.153      ; 5.386      ;
; 4.755 ; packer_ppa_boundary:u_boundary|sf_q[5]       ; posit_pack:u_packer|g_trunc.d_q[21]    ; clk          ; clk         ; 10.000       ; 0.153      ; 5.385      ;
; 4.764 ; packer_ppa_boundary:u_boundary|sf_q[6]       ; posit_pack:u_packer|g_trunc.d_q[30]    ; clk          ; clk         ; 10.000       ; 0.153      ; 5.376      ;
; 4.765 ; packer_ppa_boundary:u_boundary|frac_q[46]    ; posit_pack:u_packer|g_trunc.d_q[21]    ; clk          ; clk         ; 10.000       ; 0.150      ; 5.372      ;
; 4.770 ; packer_ppa_boundary:u_boundary|is_nar_q      ; posit_pack:u_packer|g_trunc.d_q[21]    ; clk          ; clk         ; 10.000       ; 0.153      ; 5.370      ;
; 4.771 ; packer_ppa_boundary:u_boundary|flags_in_q[4] ; posit_pack:u_packer|g_trunc.d_q[23]    ; clk          ; clk         ; 10.000       ; 0.153      ; 5.369      ;
; 4.771 ; packer_ppa_boundary:u_boundary|frac_q[43]    ; posit_pack:u_packer|g_trunc.d_q[25]    ; clk          ; clk         ; 10.000       ; 0.155      ; 5.371      ;
; 4.774 ; packer_ppa_boundary:u_boundary|sf_q[2]       ; posit_pack:u_packer|g_trunc.d_q[19]    ; clk          ; clk         ; 10.000       ; 0.149      ; 5.362      ;
; 4.775 ; packer_ppa_boundary:u_boundary|sf_q[3]       ; posit_pack:u_packer|g_trunc.d_q[19]    ; clk          ; clk         ; 10.000       ; 0.154      ; 5.366      ;
; 4.780 ; packer_ppa_boundary:u_boundary|is_nar_q      ; posit_pack:u_packer|g_trunc.d_q[30]    ; clk          ; clk         ; 10.000       ; 0.153      ; 5.360      ;
; 4.783 ; packer_ppa_boundary:u_boundary|frac_q[43]    ; posit_pack:u_packer|g_trunc.d_q[27]    ; clk          ; clk         ; 10.000       ; 0.155      ; 5.359      ;
; 4.788 ; packer_ppa_boundary:u_boundary|frac_q[43]    ; posit_pack:u_packer|g_trunc.d_q[30]    ; clk          ; clk         ; 10.000       ; 0.155      ; 5.354      ;
; 4.795 ; packer_ppa_boundary:u_boundary|frac_q[54]    ; posit_pack:u_packer|g_trunc.d_q[21]    ; clk          ; clk         ; 10.000       ; 0.150      ; 5.342      ;
; 4.800 ; packer_ppa_boundary:u_boundary|sf_q[8]       ; posit_pack:u_packer|g_trunc.d_q[25]    ; clk          ; clk         ; 10.000       ; 0.153      ; 5.340      ;
; 4.802 ; packer_ppa_boundary:u_boundary|sf_q[9]       ; posit_pack:u_packer|g_trunc.d_q[28]    ; clk          ; clk         ; 10.000       ; 0.150      ; 5.335      ;
; 4.810 ; packer_ppa_boundary:u_boundary|sf_q[2]       ; posit_pack:u_packer|g_trunc.d_q[23]    ; clk          ; clk         ; 10.000       ; 0.150      ; 5.327      ;
; 4.811 ; packer_ppa_boundary:u_boundary|sf_q[3]       ; posit_pack:u_packer|g_trunc.d_q[23]    ; clk          ; clk         ; 10.000       ; 0.155      ; 5.331      ;
; 4.812 ; packer_ppa_boundary:u_boundary|sf_q[8]       ; posit_pack:u_packer|g_trunc.d_q[27]    ; clk          ; clk         ; 10.000       ; 0.153      ; 5.328      ;
; 4.821 ; packer_ppa_boundary:u_boundary|sf_q[3]       ; posit_pack:u_packer|g_trunc.flags_q[1] ; clk          ; clk         ; 10.000       ; -0.034     ; 5.132      ;
; 4.831 ; packer_ppa_boundary:u_boundary|frac_q[44]    ; posit_pack:u_packer|g_trunc.d_q[25]    ; clk          ; clk         ; 10.000       ; 0.155      ; 5.311      ;
; 4.834 ; packer_ppa_boundary:u_boundary|frac_q[33]    ; posit_pack:u_packer|g_trunc.d_q[25]    ; clk          ; clk         ; 10.000       ; 0.155      ; 5.308      ;
; 4.838 ; packer_ppa_boundary:u_boundary|frac_q[43]    ; posit_pack:u_packer|g_trunc.d_q[21]    ; clk          ; clk         ; 10.000       ; 0.155      ; 5.304      ;
; 4.841 ; packer_ppa_boundary:u_boundary|sf_q[9]       ; posit_pack:u_packer|g_trunc.d_q[29]    ; clk          ; clk         ; 10.000       ; 0.165      ; 5.311      ;
; 4.843 ; packer_ppa_boundary:u_boundary|frac_q[44]    ; posit_pack:u_packer|g_trunc.d_q[27]    ; clk          ; clk         ; 10.000       ; 0.155      ; 5.299      ;
; 4.844 ; packer_ppa_boundary:u_boundary|sf_q[1]       ; posit_pack:u_packer|g_trunc.d_q[19]    ; clk          ; clk         ; 10.000       ; 0.149      ; 5.292      ;
; 4.846 ; packer_ppa_boundary:u_boundary|frac_q[33]    ; posit_pack:u_packer|g_trunc.d_q[27]    ; clk          ; clk         ; 10.000       ; 0.155      ; 5.296      ;
; 4.847 ; packer_ppa_boundary:u_boundary|frac_q[37]    ; posit_pack:u_packer|g_trunc.d_q[25]    ; clk          ; clk         ; 10.000       ; 0.155      ; 5.295      ;
; 4.848 ; packer_ppa_boundary:u_boundary|frac_q[44]    ; posit_pack:u_packer|g_trunc.d_q[30]    ; clk          ; clk         ; 10.000       ; 0.155      ; 5.294      ;
; 4.850 ; packer_ppa_boundary:u_boundary|frac_q[36]    ; posit_pack:u_packer|g_trunc.d_q[25]    ; clk          ; clk         ; 10.000       ; 0.155      ; 5.292      ;
; 4.851 ; packer_ppa_boundary:u_boundary|frac_q[33]    ; posit_pack:u_packer|g_trunc.d_q[30]    ; clk          ; clk         ; 10.000       ; 0.155      ; 5.291      ;
; 4.857 ; packer_ppa_boundary:u_boundary|sf_q[9]       ; posit_pack:u_packer|g_trunc.d_q[24]    ; clk          ; clk         ; 10.000       ; 0.150      ; 5.280      ;
; 4.859 ; packer_ppa_boundary:u_boundary|frac_q[37]    ; posit_pack:u_packer|g_trunc.d_q[27]    ; clk          ; clk         ; 10.000       ; 0.155      ; 5.283      ;
; 4.862 ; packer_ppa_boundary:u_boundary|frac_q[36]    ; posit_pack:u_packer|g_trunc.d_q[27]    ; clk          ; clk         ; 10.000       ; 0.155      ; 5.280      ;
; 4.864 ; packer_ppa_boundary:u_boundary|frac_q[37]    ; posit_pack:u_packer|g_trunc.d_q[30]    ; clk          ; clk         ; 10.000       ; 0.155      ; 5.278      ;
; 4.864 ; packer_ppa_boundary:u_boundary|sf_q[0]       ; posit_pack:u_packer|g_trunc.d_q[25]    ; clk          ; clk         ; 10.000       ; 0.150      ; 5.273      ;
; 4.867 ; packer_ppa_boundary:u_boundary|frac_q[36]    ; posit_pack:u_packer|g_trunc.d_q[30]    ; clk          ; clk         ; 10.000       ; 0.155      ; 5.275      ;
; 4.867 ; packer_ppa_boundary:u_boundary|sf_q[8]       ; posit_pack:u_packer|g_trunc.d_q[21]    ; clk          ; clk         ; 10.000       ; 0.153      ; 5.273      ;
; 4.870 ; packer_ppa_boundary:u_boundary|frac_q[45]    ; posit_pack:u_packer|g_trunc.d_q[25]    ; clk          ; clk         ; 10.000       ; 0.150      ; 5.267      ;
; 4.871 ; packer_ppa_boundary:u_boundary|sf_q[9]       ; posit_pack:u_packer|g_trunc.flags_q[1] ; clk          ; clk         ; 10.000       ; -0.039     ; 5.077      ;
; 4.871 ; packer_ppa_boundary:u_boundary|sf_q[9]       ; posit_pack:u_packer|g_trunc.d_q[26]    ; clk          ; clk         ; 10.000       ; 0.150      ; 5.266      ;
; 4.876 ; packer_ppa_boundary:u_boundary|sf_q[0]       ; posit_pack:u_packer|g_trunc.d_q[27]    ; clk          ; clk         ; 10.000       ; 0.150      ; 5.261      ;
; 4.877 ; packer_ppa_boundary:u_boundary|sf_q[8]       ; posit_pack:u_packer|g_trunc.d_q[30]    ; clk          ; clk         ; 10.000       ; 0.153      ; 5.263      ;
; 4.877 ; packer_ppa_boundary:u_boundary|frac_q[50]    ; posit_pack:u_packer|g_trunc.d_q[25]    ; clk          ; clk         ; 10.000       ; 0.150      ; 5.260      ;
; 4.879 ; packer_ppa_boundary:u_boundary|sf_q[4]       ; posit_pack:u_packer|g_trunc.d_q[29]    ; clk          ; clk         ; 10.000       ; 0.165      ; 5.273      ;
; 4.880 ; packer_ppa_boundary:u_boundary|sf_q[1]       ; posit_pack:u_packer|g_trunc.d_q[23]    ; clk          ; clk         ; 10.000       ; 0.150      ; 5.257      ;
; 4.881 ; packer_ppa_boundary:u_boundary|sf_q[0]       ; posit_pack:u_packer|g_trunc.d_q[30]    ; clk          ; clk         ; 10.000       ; 0.150      ; 5.256      ;
; 4.881 ; packer_ppa_boundary:u_boundary|sf_q[6]       ; posit_pack:u_packer|g_trunc.d_q[19]    ; clk          ; clk         ; 10.000       ; 0.152      ; 5.258      ;
; 4.882 ; packer_ppa_boundary:u_boundary|frac_q[45]    ; posit_pack:u_packer|g_trunc.d_q[27]    ; clk          ; clk         ; 10.000       ; 0.150      ; 5.255      ;
; 4.882 ; packer_ppa_boundary:u_boundary|sf_q[5]       ; posit_pack:u_packer|g_trunc.d_q[19]    ; clk          ; clk         ; 10.000       ; 0.152      ; 5.257      ;
; 4.887 ; packer_ppa_boundary:u_boundary|frac_q[45]    ; posit_pack:u_packer|g_trunc.d_q[30]    ; clk          ; clk         ; 10.000       ; 0.150      ; 5.250      ;
; 4.887 ; packer_ppa_boundary:u_boundary|sf_q[7]       ; posit_pack:u_packer|g_trunc.d_q[25]    ; clk          ; clk         ; 10.000       ; 0.153      ; 5.253      ;
; 4.888 ; packer_ppa_boundary:u_boundary|sf_q[9]       ; posit_pack:u_packer|g_trunc.d_q[13]    ; clk          ; clk         ; 10.000       ; 0.149      ; 5.248      ;
; 4.889 ; packer_ppa_boundary:u_boundary|frac_q[50]    ; posit_pack:u_packer|g_trunc.d_q[27]    ; clk          ; clk         ; 10.000       ; 0.150      ; 5.248      ;
; 4.892 ; packer_ppa_boundary:u_boundary|frac_q[46]    ; posit_pack:u_packer|g_trunc.d_q[19]    ; clk          ; clk         ; 10.000       ; 0.149      ; 5.244      ;
; 4.897 ; packer_ppa_boundary:u_boundary|is_nar_q      ; posit_pack:u_packer|g_trunc.d_q[19]    ; clk          ; clk         ; 10.000       ; 0.152      ; 5.242      ;
; 4.898 ; packer_ppa_boundary:u_boundary|frac_q[44]    ; posit_pack:u_packer|g_trunc.d_q[21]    ; clk          ; clk         ; 10.000       ; 0.155      ; 5.244      ;
; 4.899 ; packer_ppa_boundary:u_boundary|sf_q[7]       ; posit_pack:u_packer|g_trunc.d_q[27]    ; clk          ; clk         ; 10.000       ; 0.153      ; 5.241      ;
; 4.900 ; packer_ppa_boundary:u_boundary|sf_q[4]       ; posit_pack:u_packer|g_trunc.d_q[28]    ; clk          ; clk         ; 10.000       ; 0.150      ; 5.237      ;
+-------+----------------------------------------------+----------------------------------------+--------------+-------------+--------------+------------+------------+


+------------------------------------------------------------------------------------------------------------------------------------------------------------------------+
; Fast 1200mV 0C Model Hold: 'clk'                                                                                                                                       ;
+-------+----------------------------------------------+-------------------------------------------+--------------+-------------+--------------+------------+------------+
; Slack ; From Node                                    ; To Node                                   ; Launch Clock ; Latch Clock ; Relationship ; Clock Skew ; Data Delay ;
+-------+----------------------------------------------+-------------------------------------------+--------------+-------------+--------------+------------+------------+
; 0.192 ; posit_pack:u_packer|g_trunc.flags_q[4]       ; packer_ppa_boundary:u_boundary|flags[4]   ; clk          ; clk         ; 0.000        ; 0.037      ; 0.313      ;
; 0.193 ; packer_ppa_boundary:u_boundary|flags_in_q[2] ; posit_pack:u_packer|g_trunc.flags_q[2]    ; clk          ; clk         ; 0.000        ; 0.037      ; 0.314      ;
; 0.194 ; posit_pack:u_packer|g_trunc.flags_q[2]       ; packer_ppa_boundary:u_boundary|flags[2]   ; clk          ; clk         ; 0.000        ; 0.037      ; 0.315      ;
; 0.195 ; posit_pack:u_packer|g_trunc.valid_q          ; packer_ppa_boundary:u_boundary|out_valid  ; clk          ; clk         ; 0.000        ; 0.036      ; 0.315      ;
; 0.196 ; posit_pack:u_packer|g_trunc.flags_q[0]       ; packer_ppa_boundary:u_boundary|flags[0]   ; clk          ; clk         ; 0.000        ; 0.036      ; 0.316      ;
; 0.197 ; packer_ppa_boundary:u_boundary|meta_sync1    ; packer_ppa_boundary:u_boundary|meta_sync2 ; clk          ; clk         ; 0.000        ; 0.036      ; 0.317      ;
; 0.265 ; packer_ppa_boundary:u_boundary|flags_in_q[1] ; posit_pack:u_packer|g_trunc.flags_q[1]    ; clk          ; clk         ; 0.000        ; 0.036      ; 0.385      ;
; 0.268 ; posit_pack:u_packer|g_trunc.flags_q[3]       ; packer_ppa_boundary:u_boundary|flags[3]   ; clk          ; clk         ; 0.000        ; 0.036      ; 0.388      ;
; 0.270 ; packer_ppa_boundary:u_boundary|flags_in_q[0] ; posit_pack:u_packer|g_trunc.flags_q[0]    ; clk          ; clk         ; 0.000        ; 0.037      ; 0.391      ;
; 0.276 ; packer_ppa_boundary:u_boundary|is_nar_q      ; posit_pack:u_packer|g_trunc.d_q[27]       ; clk          ; clk         ; 0.000        ; 0.233      ; 0.593      ;
; 0.276 ; packer_ppa_boundary:u_boundary|is_nar_q      ; posit_pack:u_packer|g_trunc.d_q[30]       ; clk          ; clk         ; 0.000        ; 0.233      ; 0.593      ;
; 0.278 ; packer_ppa_boundary:u_boundary|is_nar_q      ; posit_pack:u_packer|g_trunc.d_q[23]       ; clk          ; clk         ; 0.000        ; 0.233      ; 0.595      ;
; 0.335 ; packer_ppa_boundary:u_boundary|flags_in_q[4] ; posit_pack:u_packer|g_trunc.d_q[14]       ; clk          ; clk         ; 0.000        ; 0.233      ; 0.652      ;
; 0.343 ; packer_ppa_boundary:u_boundary|is_nar_q      ; posit_pack:u_packer|g_trunc.d_q[14]       ; clk          ; clk         ; 0.000        ; 0.233      ; 0.660      ;
; 0.405 ; posit_pack:u_packer|g_trunc.d_q[16]          ; packer_ppa_boundary:u_boundary|d[16]      ; clk          ; clk         ; 0.000        ; 0.036      ; 0.525      ;
; 0.424 ; packer_ppa_boundary:u_boundary|flags_in_q[4] ; posit_pack:u_packer|g_trunc.d_q[29]       ; clk          ; clk         ; 0.000        ; 0.248      ; 0.756      ;
; 0.428 ; packer_ppa_boundary:u_boundary|flags_in_q[4] ; posit_pack:u_packer|g_trunc.d_q[15]       ; clk          ; clk         ; 0.000        ; 0.248      ; 0.760      ;
; 0.429 ; packer_ppa_boundary:u_boundary|flags_in_q[4] ; posit_pack:u_packer|g_trunc.d_q[17]       ; clk          ; clk         ; 0.000        ; 0.248      ; 0.761      ;
; 0.445 ; packer_ppa_boundary:u_boundary|flags_in_q[4] ; posit_pack:u_packer|g_trunc.d_q[30]       ; clk          ; clk         ; 0.000        ; 0.233      ; 0.762      ;
; 0.446 ; packer_ppa_boundary:u_boundary|flags_in_q[4] ; posit_pack:u_packer|g_trunc.d_q[27]       ; clk          ; clk         ; 0.000        ; 0.233      ; 0.763      ;
; 0.446 ; posit_pack:u_packer|g_trunc.d_q[28]          ; packer_ppa_boundary:u_boundary|d[28]      ; clk          ; clk         ; 0.000        ; -0.153     ; 0.377      ;
; 0.448 ; packer_ppa_boundary:u_boundary|flags_in_q[4] ; posit_pack:u_packer|g_trunc.d_q[23]       ; clk          ; clk         ; 0.000        ; 0.233      ; 0.765      ;
; 0.451 ; packer_ppa_boundary:u_boundary|flags_in_q[4] ; posit_pack:u_packer|g_trunc.d_q[0]        ; clk          ; clk         ; 0.000        ; 0.233      ; 0.768      ;
; 0.451 ; posit_pack:u_packer|g_trunc.d_q[22]          ; packer_ppa_boundary:u_boundary|d[22]      ; clk          ; clk         ; 0.000        ; -0.153     ; 0.382      ;
; 0.455 ; posit_pack:u_packer|g_trunc.d_q[30]          ; packer_ppa_boundary:u_boundary|d[30]      ; clk          ; clk         ; 0.000        ; -0.153     ; 0.386      ;
; 0.456 ; posit_pack:u_packer|g_trunc.d_q[26]          ; packer_ppa_boundary:u_boundary|d[26]      ; clk          ; clk         ; 0.000        ; -0.153     ; 0.387      ;
; 0.457 ; posit_pack:u_packer|g_trunc.d_q[27]          ; packer_ppa_boundary:u_boundary|d[27]      ; clk          ; clk         ; 0.000        ; -0.153     ; 0.388      ;
; 0.458 ; posit_pack:u_packer|g_trunc.d_q[20]          ; packer_ppa_boundary:u_boundary|d[20]      ; clk          ; clk         ; 0.000        ; -0.153     ; 0.389      ;
; 0.459 ; posit_pack:u_packer|g_trunc.d_q[0]           ; packer_ppa_boundary:u_boundary|d[0]       ; clk          ; clk         ; 0.000        ; -0.153     ; 0.390      ;
; 0.461 ; posit_pack:u_packer|g_trunc.d_q[12]          ; packer_ppa_boundary:u_boundary|d[12]      ; clk          ; clk         ; 0.000        ; -0.153     ; 0.392      ;
; 0.469 ; posit_pack:u_packer|g_trunc.d_q[15]          ; packer_ppa_boundary:u_boundary|d[15]      ; clk          ; clk         ; 0.000        ; -0.164     ; 0.389      ;
; 0.471 ; packer_ppa_boundary:u_boundary|is_nar_q      ; posit_pack:u_packer|g_trunc.d_q[0]        ; clk          ; clk         ; 0.000        ; 0.233      ; 0.788      ;
; 0.486 ; packer_ppa_boundary:u_boundary|is_nar_q      ; posit_pack:u_packer|g_trunc.d_q[12]       ; clk          ; clk         ; 0.000        ; 0.253      ; 0.823      ;
; 0.524 ; posit_pack:u_packer|g_trunc.d_q[24]          ; packer_ppa_boundary:u_boundary|d[24]      ; clk          ; clk         ; 0.000        ; -0.153     ; 0.455      ;
; 0.532 ; posit_pack:u_packer|g_trunc.flags_q[1]       ; packer_ppa_boundary:u_boundary|flags[1]   ; clk          ; clk         ; 0.000        ; 0.031      ; 0.647      ;
; 0.542 ; posit_pack:u_packer|g_trunc.d_q[5]           ; packer_ppa_boundary:u_boundary|d[5]       ; clk          ; clk         ; 0.000        ; -0.154     ; 0.472      ;
; 0.547 ; posit_pack:u_packer|g_trunc.d_q[8]           ; packer_ppa_boundary:u_boundary|d[8]       ; clk          ; clk         ; 0.000        ; -0.154     ; 0.477      ;
; 0.555 ; posit_pack:u_packer|g_trunc.d_q[3]           ; packer_ppa_boundary:u_boundary|d[3]       ; clk          ; clk         ; 0.000        ; -0.154     ; 0.485      ;
; 0.556 ; posit_pack:u_packer|g_trunc.d_q[25]          ; packer_ppa_boundary:u_boundary|d[25]      ; clk          ; clk         ; 0.000        ; -0.154     ; 0.486      ;
; 0.557 ; posit_pack:u_packer|g_trunc.d_q[1]           ; packer_ppa_boundary:u_boundary|d[1]       ; clk          ; clk         ; 0.000        ; -0.154     ; 0.487      ;
; 0.557 ; posit_pack:u_packer|g_trunc.d_q[7]           ; packer_ppa_boundary:u_boundary|d[7]       ; clk          ; clk         ; 0.000        ; -0.154     ; 0.487      ;
; 0.558 ; posit_pack:u_packer|g_trunc.d_q[9]           ; packer_ppa_boundary:u_boundary|d[9]       ; clk          ; clk         ; 0.000        ; -0.154     ; 0.488      ;
; 0.559 ; posit_pack:u_packer|g_trunc.d_q[2]           ; packer_ppa_boundary:u_boundary|d[2]       ; clk          ; clk         ; 0.000        ; -0.154     ; 0.489      ;
; 0.560 ; posit_pack:u_packer|g_trunc.d_q[6]           ; packer_ppa_boundary:u_boundary|d[6]       ; clk          ; clk         ; 0.000        ; -0.154     ; 0.490      ;
; 0.561 ; packer_ppa_boundary:u_boundary|is_nar_q      ; posit_pack:u_packer|g_trunc.d_q[8]        ; clk          ; clk         ; 0.000        ; 0.253      ; 0.898      ;
; 0.562 ; packer_ppa_boundary:u_boundary|is_nar_q      ; posit_pack:u_packer|g_trunc.d_q[6]        ; clk          ; clk         ; 0.000        ; 0.253      ; 0.899      ;
; 0.562 ; posit_pack:u_packer|g_trunc.d_q[11]          ; packer_ppa_boundary:u_boundary|d[11]      ; clk          ; clk         ; 0.000        ; -0.153     ; 0.493      ;
; 0.563 ; packer_ppa_boundary:u_boundary|is_nar_q      ; posit_pack:u_packer|g_trunc.d_q[2]        ; clk          ; clk         ; 0.000        ; 0.253      ; 0.900      ;
; 0.563 ; packer_ppa_boundary:u_boundary|is_nar_q      ; posit_pack:u_packer|g_trunc.d_q[4]        ; clk          ; clk         ; 0.000        ; 0.253      ; 0.900      ;
; 0.563 ; packer_ppa_boundary:u_boundary|is_nar_q      ; posit_pack:u_packer|g_trunc.d_q[21]       ; clk          ; clk         ; 0.000        ; 0.253      ; 0.900      ;
; 0.563 ; posit_pack:u_packer|g_trunc.d_q[13]          ; packer_ppa_boundary:u_boundary|d[13]      ; clk          ; clk         ; 0.000        ; -0.153     ; 0.494      ;
; 0.564 ; packer_ppa_boundary:u_boundary|is_nar_q      ; posit_pack:u_packer|g_trunc.d_q[9]        ; clk          ; clk         ; 0.000        ; 0.253      ; 0.901      ;
; 0.567 ; posit_pack:u_packer|g_trunc.d_q[21]          ; packer_ppa_boundary:u_boundary|d[21]      ; clk          ; clk         ; 0.000        ; -0.154     ; 0.497      ;
; 0.597 ; packer_ppa_boundary:u_boundary|is_nar_q      ; posit_pack:u_packer|g_trunc.d_q[10]       ; clk          ; clk         ; 0.000        ; 0.253      ; 0.934      ;
; 0.601 ; packer_ppa_boundary:u_boundary|is_nar_q      ; posit_pack:u_packer|g_trunc.d_q[3]        ; clk          ; clk         ; 0.000        ; 0.253      ; 0.938      ;
; 0.602 ; packer_ppa_boundary:u_boundary|is_nar_q      ; posit_pack:u_packer|g_trunc.d_q[19]       ; clk          ; clk         ; 0.000        ; 0.253      ; 0.939      ;
; 0.602 ; packer_ppa_boundary:u_boundary|is_nar_q      ; posit_pack:u_packer|g_trunc.d_q[20]       ; clk          ; clk         ; 0.000        ; 0.254      ; 0.940      ;
; 0.603 ; packer_ppa_boundary:u_boundary|is_nar_q      ; posit_pack:u_packer|g_trunc.d_q[22]       ; clk          ; clk         ; 0.000        ; 0.254      ; 0.941      ;
; 0.604 ; packer_ppa_boundary:u_boundary|is_nar_q      ; posit_pack:u_packer|g_trunc.d_q[1]        ; clk          ; clk         ; 0.000        ; 0.253      ; 0.941      ;
; 0.604 ; packer_ppa_boundary:u_boundary|is_nar_q      ; posit_pack:u_packer|g_trunc.d_q[13]       ; clk          ; clk         ; 0.000        ; 0.253      ; 0.941      ;
; 0.604 ; packer_ppa_boundary:u_boundary|is_nar_q      ; posit_pack:u_packer|g_trunc.d_q[24]       ; clk          ; clk         ; 0.000        ; 0.254      ; 0.942      ;
; 0.604 ; packer_ppa_boundary:u_boundary|is_nar_q      ; posit_pack:u_packer|g_trunc.d_q[28]       ; clk          ; clk         ; 0.000        ; 0.254      ; 0.942      ;
; 0.605 ; packer_ppa_boundary:u_boundary|is_nar_q      ; posit_pack:u_packer|g_trunc.d_q[5]        ; clk          ; clk         ; 0.000        ; 0.253      ; 0.942      ;
; 0.605 ; packer_ppa_boundary:u_boundary|is_nar_q      ; posit_pack:u_packer|g_trunc.d_q[7]        ; clk          ; clk         ; 0.000        ; 0.253      ; 0.942      ;
; 0.605 ; packer_ppa_boundary:u_boundary|is_nar_q      ; posit_pack:u_packer|g_trunc.d_q[11]       ; clk          ; clk         ; 0.000        ; 0.253      ; 0.942      ;
; 0.605 ; packer_ppa_boundary:u_boundary|is_nar_q      ; posit_pack:u_packer|g_trunc.d_q[26]       ; clk          ; clk         ; 0.000        ; 0.254      ; 0.943      ;
; 0.606 ; packer_ppa_boundary:u_boundary|is_nar_q      ; posit_pack:u_packer|g_trunc.d_q[25]       ; clk          ; clk         ; 0.000        ; 0.253      ; 0.943      ;
; 0.616 ; packer_ppa_boundary:u_boundary|flags_in_q[3] ; posit_pack:u_packer|g_trunc.flags_q[3]    ; clk          ; clk         ; 0.000        ; 0.033      ; 0.733      ;
; 0.626 ; posit_pack:u_packer|g_trunc.d_q[17]          ; packer_ppa_boundary:u_boundary|d[17]      ; clk          ; clk         ; 0.000        ; -0.166     ; 0.544      ;
; 0.632 ; packer_ppa_boundary:u_boundary|flags_in_q[4] ; posit_pack:u_packer|g_trunc.d_q[18]       ; clk          ; clk         ; 0.000        ; 0.040      ; 0.756      ;
; 0.633 ; posit_pack:u_packer|g_trunc.d_q[4]           ; packer_ppa_boundary:u_boundary|d[4]       ; clk          ; clk         ; 0.000        ; -0.154     ; 0.563      ;
; 0.638 ; packer_ppa_boundary:u_boundary|flags_in_q[4] ; posit_pack:u_packer|g_trunc.d_q[16]       ; clk          ; clk         ; 0.000        ; 0.040      ; 0.762      ;
; 0.674 ; posit_pack:u_packer|g_trunc.d_q[10]          ; packer_ppa_boundary:u_boundary|d[10]      ; clk          ; clk         ; 0.000        ; -0.153     ; 0.605      ;
; 0.676 ; posit_pack:u_packer|g_trunc.d_q[18]          ; packer_ppa_boundary:u_boundary|d[18]      ; clk          ; clk         ; 0.000        ; 0.034      ; 0.794      ;
; 0.695 ; posit_pack:u_packer|g_trunc.d_q[29]          ; packer_ppa_boundary:u_boundary|d[29]      ; clk          ; clk         ; 0.000        ; -0.164     ; 0.615      ;
; 0.696 ; posit_pack:u_packer|g_trunc.d_q[31]          ; packer_ppa_boundary:u_boundary|d[31]      ; clk          ; clk         ; 0.000        ; -0.165     ; 0.615      ;
; 0.722 ; packer_ppa_boundary:u_boundary|flags_in_q[4] ; posit_pack:u_packer|g_trunc.d_q[8]        ; clk          ; clk         ; 0.000        ; 0.253      ; 1.059      ;
; 0.725 ; packer_ppa_boundary:u_boundary|flags_in_q[4] ; posit_pack:u_packer|g_trunc.d_q[6]        ; clk          ; clk         ; 0.000        ; 0.253      ; 1.062      ;
; 0.728 ; packer_ppa_boundary:u_boundary|flags_in_q[4] ; posit_pack:u_packer|g_trunc.d_q[21]       ; clk          ; clk         ; 0.000        ; 0.253      ; 1.065      ;
; 0.730 ; packer_ppa_boundary:u_boundary|flags_in_q[4] ; posit_pack:u_packer|g_trunc.d_q[2]        ; clk          ; clk         ; 0.000        ; 0.253      ; 1.067      ;
; 0.730 ; packer_ppa_boundary:u_boundary|flags_in_q[4] ; posit_pack:u_packer|g_trunc.d_q[4]        ; clk          ; clk         ; 0.000        ; 0.253      ; 1.067      ;
; 0.732 ; packer_ppa_boundary:u_boundary|flags_in_q[4] ; posit_pack:u_packer|g_trunc.d_q[9]        ; clk          ; clk         ; 0.000        ; 0.253      ; 1.069      ;
; 0.743 ; packer_ppa_boundary:u_boundary|is_zero_q     ; posit_pack:u_packer|g_trunc.d_q[10]       ; clk          ; clk         ; 0.000        ; 0.053      ; 0.880      ;
; 0.745 ; packer_ppa_boundary:u_boundary|sign_q        ; posit_pack:u_packer|g_trunc.d_q[0]        ; clk          ; clk         ; 0.000        ; 0.044      ; 0.873      ;
; 0.745 ; packer_ppa_boundary:u_boundary|is_zero_q     ; posit_pack:u_packer|g_trunc.d_q[19]       ; clk          ; clk         ; 0.000        ; 0.053      ; 0.882      ;
; 0.745 ; packer_ppa_boundary:u_boundary|is_zero_q     ; posit_pack:u_packer|g_trunc.d_q[13]       ; clk          ; clk         ; 0.000        ; 0.053      ; 0.882      ;
; 0.746 ; packer_ppa_boundary:u_boundary|is_zero_q     ; posit_pack:u_packer|g_trunc.d_q[11]       ; clk          ; clk         ; 0.000        ; 0.053      ; 0.883      ;
; 0.748 ; packer_ppa_boundary:u_boundary|is_nar_q      ; posit_pack:u_packer|g_trunc.d_q[15]       ; clk          ; clk         ; 0.000        ; 0.248      ; 1.080      ;
; 0.748 ; packer_ppa_boundary:u_boundary|is_nar_q      ; posit_pack:u_packer|g_trunc.d_q[17]       ; clk          ; clk         ; 0.000        ; 0.248      ; 1.080      ;
; 0.751 ; packer_ppa_boundary:u_boundary|is_nar_q      ; posit_pack:u_packer|g_trunc.d_q[29]       ; clk          ; clk         ; 0.000        ; 0.248      ; 1.083      ;
; 0.752 ; packer_ppa_boundary:u_boundary|flags_in_q[4] ; posit_pack:u_packer|g_trunc.d_q[19]       ; clk          ; clk         ; 0.000        ; 0.253      ; 1.089      ;
; 0.752 ; packer_ppa_boundary:u_boundary|flags_in_q[4] ; posit_pack:u_packer|g_trunc.d_q[13]       ; clk          ; clk         ; 0.000        ; 0.253      ; 1.089      ;
; 0.752 ; packer_ppa_boundary:u_boundary|flags_in_q[4] ; posit_pack:u_packer|g_trunc.d_q[11]       ; clk          ; clk         ; 0.000        ; 0.253      ; 1.089      ;
; 0.753 ; packer_ppa_boundary:u_boundary|flags_in_q[4] ; posit_pack:u_packer|g_trunc.d_q[10]       ; clk          ; clk         ; 0.000        ; 0.253      ; 1.090      ;
; 0.763 ; packer_ppa_boundary:u_boundary|sign_q        ; posit_pack:u_packer|g_trunc.d_q[31]       ; clk          ; clk         ; 0.000        ; 0.059      ; 0.906      ;
; 0.766 ; packer_ppa_boundary:u_boundary|flags_in_q[4] ; posit_pack:u_packer|g_trunc.d_q[12]       ; clk          ; clk         ; 0.000        ; 0.253      ; 1.103      ;
; 0.769 ; packer_ppa_boundary:u_boundary|is_nar_q      ; posit_pack:u_packer|g_trunc.flags_q[0]    ; clk          ; clk         ; 0.000        ; 0.055      ; 0.908      ;
; 0.778 ; packer_ppa_boundary:u_boundary|flags_in_q[4] ; posit_pack:u_packer|g_trunc.d_q[3]        ; clk          ; clk         ; 0.000        ; 0.253      ; 1.115      ;
; 0.782 ; packer_ppa_boundary:u_boundary|flags_in_q[4] ; posit_pack:u_packer|g_trunc.d_q[1]        ; clk          ; clk         ; 0.000        ; 0.253      ; 1.119      ;
; 0.782 ; packer_ppa_boundary:u_boundary|flags_in_q[4] ; posit_pack:u_packer|g_trunc.d_q[7]        ; clk          ; clk         ; 0.000        ; 0.253      ; 1.119      ;
+-------+----------------------------------------------+-------------------------------------------+--------------+-------------+--------------+------------+------------+


+------------------------------------------------------------------------------------------------------------------------------------------------------------------------+
; Fast 1200mV 0C Model Recovery: 'clk'                                                                                                                                   ;
+-------+-------------------------------------------+----------------------------------------------+--------------+-------------+--------------+------------+------------+
; Slack ; From Node                                 ; To Node                                      ; Launch Clock ; Latch Clock ; Relationship ; Clock Skew ; Data Delay ;
+-------+-------------------------------------------+----------------------------------------------+--------------+-------------+--------------+------------+------------+
; 8.322 ; packer_ppa_boundary:u_boundary|meta_sync2 ; posit_pack:u_packer|g_trunc.valid_q          ; clk          ; clk         ; 10.000       ; -0.053     ; 1.612      ;
; 8.322 ; packer_ppa_boundary:u_boundary|meta_sync2 ; packer_ppa_boundary:u_boundary|out_valid     ; clk          ; clk         ; 10.000       ; -0.053     ; 1.612      ;
; 8.328 ; packer_ppa_boundary:u_boundary|meta_sync2 ; packer_ppa_boundary:u_boundary|sf_q[3]       ; clk          ; clk         ; 10.000       ; -0.059     ; 1.600      ;
; 8.328 ; packer_ppa_boundary:u_boundary|meta_sync2 ; packer_ppa_boundary:u_boundary|frac_q[42]    ; clk          ; clk         ; 10.000       ; -0.059     ; 1.600      ;
; 8.328 ; packer_ppa_boundary:u_boundary|meta_sync2 ; packer_ppa_boundary:u_boundary|frac_q[40]    ; clk          ; clk         ; 10.000       ; -0.059     ; 1.600      ;
; 8.328 ; packer_ppa_boundary:u_boundary|meta_sync2 ; packer_ppa_boundary:u_boundary|frac_q[41]    ; clk          ; clk         ; 10.000       ; -0.059     ; 1.600      ;
; 8.328 ; packer_ppa_boundary:u_boundary|meta_sync2 ; packer_ppa_boundary:u_boundary|frac_q[43]    ; clk          ; clk         ; 10.000       ; -0.059     ; 1.600      ;
; 8.328 ; packer_ppa_boundary:u_boundary|meta_sync2 ; packer_ppa_boundary:u_boundary|frac_q[38]    ; clk          ; clk         ; 10.000       ; -0.059     ; 1.600      ;
; 8.328 ; packer_ppa_boundary:u_boundary|meta_sync2 ; packer_ppa_boundary:u_boundary|frac_q[36]    ; clk          ; clk         ; 10.000       ; -0.059     ; 1.600      ;
; 8.328 ; packer_ppa_boundary:u_boundary|meta_sync2 ; packer_ppa_boundary:u_boundary|frac_q[37]    ; clk          ; clk         ; 10.000       ; -0.059     ; 1.600      ;
; 8.328 ; packer_ppa_boundary:u_boundary|meta_sync2 ; packer_ppa_boundary:u_boundary|frac_q[39]    ; clk          ; clk         ; 10.000       ; -0.059     ; 1.600      ;
; 8.328 ; packer_ppa_boundary:u_boundary|meta_sync2 ; packer_ppa_boundary:u_boundary|frac_q[44]    ; clk          ; clk         ; 10.000       ; -0.059     ; 1.600      ;
; 8.328 ; packer_ppa_boundary:u_boundary|meta_sync2 ; packer_ppa_boundary:u_boundary|d[27]         ; clk          ; clk         ; 10.000       ; -0.057     ; 1.602      ;
; 8.328 ; packer_ppa_boundary:u_boundary|meta_sync2 ; packer_ppa_boundary:u_boundary|d[30]         ; clk          ; clk         ; 10.000       ; -0.057     ; 1.602      ;
; 8.328 ; packer_ppa_boundary:u_boundary|meta_sync2 ; packer_ppa_boundary:u_boundary|frac_q[0]     ; clk          ; clk         ; 10.000       ; -0.057     ; 1.602      ;
; 8.328 ; packer_ppa_boundary:u_boundary|meta_sync2 ; packer_ppa_boundary:u_boundary|frac_q[8]     ; clk          ; clk         ; 10.000       ; -0.058     ; 1.601      ;
; 8.328 ; packer_ppa_boundary:u_boundary|meta_sync2 ; packer_ppa_boundary:u_boundary|frac_q[10]    ; clk          ; clk         ; 10.000       ; -0.058     ; 1.601      ;
; 8.328 ; packer_ppa_boundary:u_boundary|meta_sync2 ; packer_ppa_boundary:u_boundary|frac_q[11]    ; clk          ; clk         ; 10.000       ; -0.058     ; 1.601      ;
; 8.328 ; packer_ppa_boundary:u_boundary|meta_sync2 ; packer_ppa_boundary:u_boundary|frac_q[9]     ; clk          ; clk         ; 10.000       ; -0.058     ; 1.601      ;
; 8.328 ; packer_ppa_boundary:u_boundary|meta_sync2 ; packer_ppa_boundary:u_boundary|frac_q[7]     ; clk          ; clk         ; 10.000       ; -0.058     ; 1.601      ;
; 8.328 ; packer_ppa_boundary:u_boundary|meta_sync2 ; packer_ppa_boundary:u_boundary|frac_q[6]     ; clk          ; clk         ; 10.000       ; -0.057     ; 1.602      ;
; 8.328 ; packer_ppa_boundary:u_boundary|meta_sync2 ; packer_ppa_boundary:u_boundary|frac_q[12]    ; clk          ; clk         ; 10.000       ; -0.058     ; 1.601      ;
; 8.328 ; packer_ppa_boundary:u_boundary|meta_sync2 ; packer_ppa_boundary:u_boundary|frac_q[13]    ; clk          ; clk         ; 10.000       ; -0.061     ; 1.598      ;
; 8.328 ; packer_ppa_boundary:u_boundary|meta_sync2 ; packer_ppa_boundary:u_boundary|frac_q[5]     ; clk          ; clk         ; 10.000       ; -0.057     ; 1.602      ;
; 8.328 ; packer_ppa_boundary:u_boundary|meta_sync2 ; packer_ppa_boundary:u_boundary|frac_q[3]     ; clk          ; clk         ; 10.000       ; -0.057     ; 1.602      ;
; 8.328 ; packer_ppa_boundary:u_boundary|meta_sync2 ; packer_ppa_boundary:u_boundary|flags_in_q[2] ; clk          ; clk         ; 10.000       ; -0.054     ; 1.605      ;
; 8.328 ; packer_ppa_boundary:u_boundary|meta_sync2 ; posit_pack:u_packer|g_trunc.flags_q[2]       ; clk          ; clk         ; 10.000       ; -0.054     ; 1.605      ;
; 8.328 ; packer_ppa_boundary:u_boundary|meta_sync2 ; packer_ppa_boundary:u_boundary|flags[2]      ; clk          ; clk         ; 10.000       ; -0.054     ; 1.605      ;
; 8.328 ; packer_ppa_boundary:u_boundary|meta_sync2 ; packer_ppa_boundary:u_boundary|flags_in_q[3] ; clk          ; clk         ; 10.000       ; -0.054     ; 1.605      ;
; 8.328 ; packer_ppa_boundary:u_boundary|meta_sync2 ; posit_pack:u_packer|g_trunc.flags_q[3]       ; clk          ; clk         ; 10.000       ; -0.057     ; 1.602      ;
; 8.328 ; packer_ppa_boundary:u_boundary|meta_sync2 ; packer_ppa_boundary:u_boundary|flags[3]      ; clk          ; clk         ; 10.000       ; -0.057     ; 1.602      ;
; 8.328 ; packer_ppa_boundary:u_boundary|meta_sync2 ; posit_pack:u_packer|g_trunc.flags_q[4]       ; clk          ; clk         ; 10.000       ; -0.054     ; 1.605      ;
; 8.328 ; packer_ppa_boundary:u_boundary|meta_sync2 ; packer_ppa_boundary:u_boundary|flags[4]      ; clk          ; clk         ; 10.000       ; -0.054     ; 1.605      ;
; 8.328 ; packer_ppa_boundary:u_boundary|meta_sync2 ; packer_ppa_boundary:u_boundary|d[2]          ; clk          ; clk         ; 10.000       ; -0.049     ; 1.610      ;
; 8.328 ; packer_ppa_boundary:u_boundary|meta_sync2 ; packer_ppa_boundary:u_boundary|d[4]          ; clk          ; clk         ; 10.000       ; -0.049     ; 1.610      ;
; 8.328 ; packer_ppa_boundary:u_boundary|meta_sync2 ; packer_ppa_boundary:u_boundary|d[6]          ; clk          ; clk         ; 10.000       ; -0.049     ; 1.610      ;
; 8.328 ; packer_ppa_boundary:u_boundary|meta_sync2 ; packer_ppa_boundary:u_boundary|d[8]          ; clk          ; clk         ; 10.000       ; -0.049     ; 1.610      ;
; 8.328 ; packer_ppa_boundary:u_boundary|meta_sync2 ; packer_ppa_boundary:u_boundary|d[9]          ; clk          ; clk         ; 10.000       ; -0.049     ; 1.610      ;
; 8.328 ; packer_ppa_boundary:u_boundary|meta_sync2 ; packer_ppa_boundary:u_boundary|d[21]         ; clk          ; clk         ; 10.000       ; -0.049     ; 1.610      ;
; 8.329 ; packer_ppa_boundary:u_boundary|meta_sync2 ; packer_ppa_boundary:u_boundary|sf_q[6]       ; clk          ; clk         ; 10.000       ; -0.057     ; 1.601      ;
; 8.329 ; packer_ppa_boundary:u_boundary|meta_sync2 ; packer_ppa_boundary:u_boundary|sf_q[5]       ; clk          ; clk         ; 10.000       ; -0.057     ; 1.601      ;
; 8.329 ; packer_ppa_boundary:u_boundary|meta_sync2 ; packer_ppa_boundary:u_boundary|sf_q[8]       ; clk          ; clk         ; 10.000       ; -0.057     ; 1.601      ;
; 8.329 ; packer_ppa_boundary:u_boundary|meta_sync2 ; packer_ppa_boundary:u_boundary|sf_q[7]       ; clk          ; clk         ; 10.000       ; -0.057     ; 1.601      ;
; 8.329 ; packer_ppa_boundary:u_boundary|meta_sync2 ; packer_ppa_boundary:u_boundary|is_nar_q      ; clk          ; clk         ; 10.000       ; -0.057     ; 1.601      ;
; 8.329 ; packer_ppa_boundary:u_boundary|meta_sync2 ; packer_ppa_boundary:u_boundary|flags_in_q[4] ; clk          ; clk         ; 10.000       ; -0.057     ; 1.601      ;
; 8.329 ; packer_ppa_boundary:u_boundary|meta_sync2 ; packer_ppa_boundary:u_boundary|frac_q[45]    ; clk          ; clk         ; 10.000       ; -0.055     ; 1.603      ;
; 8.329 ; packer_ppa_boundary:u_boundary|meta_sync2 ; packer_ppa_boundary:u_boundary|frac_q[47]    ; clk          ; clk         ; 10.000       ; -0.055     ; 1.603      ;
; 8.329 ; packer_ppa_boundary:u_boundary|meta_sync2 ; packer_ppa_boundary:u_boundary|frac_q[34]    ; clk          ; clk         ; 10.000       ; -0.058     ; 1.600      ;
; 8.329 ; packer_ppa_boundary:u_boundary|meta_sync2 ; packer_ppa_boundary:u_boundary|frac_q[33]    ; clk          ; clk         ; 10.000       ; -0.058     ; 1.600      ;
; 8.329 ; packer_ppa_boundary:u_boundary|meta_sync2 ; packer_ppa_boundary:u_boundary|frac_q[35]    ; clk          ; clk         ; 10.000       ; -0.058     ; 1.600      ;
; 8.329 ; packer_ppa_boundary:u_boundary|meta_sync2 ; packer_ppa_boundary:u_boundary|frac_q[30]    ; clk          ; clk         ; 10.000       ; -0.058     ; 1.600      ;
; 8.329 ; packer_ppa_boundary:u_boundary|meta_sync2 ; packer_ppa_boundary:u_boundary|frac_q[32]    ; clk          ; clk         ; 10.000       ; -0.058     ; 1.600      ;
; 8.329 ; packer_ppa_boundary:u_boundary|meta_sync2 ; packer_ppa_boundary:u_boundary|frac_q[29]    ; clk          ; clk         ; 10.000       ; -0.058     ; 1.600      ;
; 8.329 ; packer_ppa_boundary:u_boundary|meta_sync2 ; packer_ppa_boundary:u_boundary|frac_q[31]    ; clk          ; clk         ; 10.000       ; -0.057     ; 1.601      ;
; 8.329 ; packer_ppa_boundary:u_boundary|meta_sync2 ; packer_ppa_boundary:u_boundary|frac_q[28]    ; clk          ; clk         ; 10.000       ; -0.055     ; 1.603      ;
; 8.329 ; packer_ppa_boundary:u_boundary|meta_sync2 ; packer_ppa_boundary:u_boundary|d[0]          ; clk          ; clk         ; 10.000       ; -0.057     ; 1.601      ;
; 8.329 ; packer_ppa_boundary:u_boundary|meta_sync2 ; packer_ppa_boundary:u_boundary|d[15]         ; clk          ; clk         ; 10.000       ; -0.053     ; 1.605      ;
; 8.329 ; packer_ppa_boundary:u_boundary|meta_sync2 ; posit_pack:u_packer|g_trunc.d_q[16]          ; clk          ; clk         ; 10.000       ; -0.053     ; 1.605      ;
; 8.329 ; packer_ppa_boundary:u_boundary|meta_sync2 ; packer_ppa_boundary:u_boundary|d[16]         ; clk          ; clk         ; 10.000       ; -0.053     ; 1.605      ;
; 8.329 ; packer_ppa_boundary:u_boundary|meta_sync2 ; packer_ppa_boundary:u_boundary|d[17]         ; clk          ; clk         ; 10.000       ; -0.055     ; 1.603      ;
; 8.329 ; packer_ppa_boundary:u_boundary|meta_sync2 ; posit_pack:u_packer|g_trunc.d_q[18]          ; clk          ; clk         ; 10.000       ; -0.053     ; 1.605      ;
; 8.329 ; packer_ppa_boundary:u_boundary|meta_sync2 ; packer_ppa_boundary:u_boundary|d[18]         ; clk          ; clk         ; 10.000       ; -0.055     ; 1.603      ;
; 8.329 ; packer_ppa_boundary:u_boundary|meta_sync2 ; packer_ppa_boundary:u_boundary|d[19]         ; clk          ; clk         ; 10.000       ; -0.058     ; 1.600      ;
; 8.329 ; packer_ppa_boundary:u_boundary|meta_sync2 ; packer_ppa_boundary:u_boundary|d[23]         ; clk          ; clk         ; 10.000       ; -0.059     ; 1.599      ;
; 8.329 ; packer_ppa_boundary:u_boundary|meta_sync2 ; packer_ppa_boundary:u_boundary|d[29]         ; clk          ; clk         ; 10.000       ; -0.053     ; 1.605      ;
; 8.329 ; packer_ppa_boundary:u_boundary|meta_sync2 ; packer_ppa_boundary:u_boundary|frac_q[27]    ; clk          ; clk         ; 10.000       ; -0.058     ; 1.600      ;
; 8.329 ; packer_ppa_boundary:u_boundary|meta_sync2 ; packer_ppa_boundary:u_boundary|frac_q[26]    ; clk          ; clk         ; 10.000       ; -0.058     ; 1.600      ;
; 8.329 ; packer_ppa_boundary:u_boundary|meta_sync2 ; packer_ppa_boundary:u_boundary|frac_q[15]    ; clk          ; clk         ; 10.000       ; -0.057     ; 1.601      ;
; 8.329 ; packer_ppa_boundary:u_boundary|meta_sync2 ; packer_ppa_boundary:u_boundary|frac_q[22]    ; clk          ; clk         ; 10.000       ; -0.058     ; 1.600      ;
; 8.329 ; packer_ppa_boundary:u_boundary|meta_sync2 ; packer_ppa_boundary:u_boundary|frac_q[23]    ; clk          ; clk         ; 10.000       ; -0.058     ; 1.600      ;
; 8.329 ; packer_ppa_boundary:u_boundary|meta_sync2 ; packer_ppa_boundary:u_boundary|frac_q[24]    ; clk          ; clk         ; 10.000       ; -0.058     ; 1.600      ;
; 8.329 ; packer_ppa_boundary:u_boundary|meta_sync2 ; packer_ppa_boundary:u_boundary|frac_q[25]    ; clk          ; clk         ; 10.000       ; -0.058     ; 1.600      ;
; 8.329 ; packer_ppa_boundary:u_boundary|meta_sync2 ; packer_ppa_boundary:u_boundary|frac_q[17]    ; clk          ; clk         ; 10.000       ; -0.057     ; 1.601      ;
; 8.329 ; packer_ppa_boundary:u_boundary|meta_sync2 ; packer_ppa_boundary:u_boundary|frac_q[18]    ; clk          ; clk         ; 10.000       ; -0.057     ; 1.601      ;
; 8.329 ; packer_ppa_boundary:u_boundary|meta_sync2 ; packer_ppa_boundary:u_boundary|frac_q[16]    ; clk          ; clk         ; 10.000       ; -0.057     ; 1.601      ;
; 8.329 ; packer_ppa_boundary:u_boundary|meta_sync2 ; packer_ppa_boundary:u_boundary|frac_q[19]    ; clk          ; clk         ; 10.000       ; -0.057     ; 1.601      ;
; 8.329 ; packer_ppa_boundary:u_boundary|meta_sync2 ; packer_ppa_boundary:u_boundary|frac_q[20]    ; clk          ; clk         ; 10.000       ; -0.057     ; 1.601      ;
; 8.329 ; packer_ppa_boundary:u_boundary|meta_sync2 ; packer_ppa_boundary:u_boundary|frac_q[14]    ; clk          ; clk         ; 10.000       ; -0.057     ; 1.601      ;
; 8.329 ; packer_ppa_boundary:u_boundary|meta_sync2 ; packer_ppa_boundary:u_boundary|frac_q[21]    ; clk          ; clk         ; 10.000       ; -0.058     ; 1.600      ;
; 8.329 ; packer_ppa_boundary:u_boundary|meta_sync2 ; packer_ppa_boundary:u_boundary|sticky_q      ; clk          ; clk         ; 10.000       ; -0.060     ; 1.598      ;
; 8.329 ; packer_ppa_boundary:u_boundary|meta_sync2 ; packer_ppa_boundary:u_boundary|frac_q[4]     ; clk          ; clk         ; 10.000       ; -0.060     ; 1.598      ;
; 8.329 ; packer_ppa_boundary:u_boundary|meta_sync2 ; packer_ppa_boundary:u_boundary|frac_q[1]     ; clk          ; clk         ; 10.000       ; -0.060     ; 1.598      ;
; 8.329 ; packer_ppa_boundary:u_boundary|meta_sync2 ; packer_ppa_boundary:u_boundary|flags[1]      ; clk          ; clk         ; 10.000       ; -0.062     ; 1.596      ;
; 8.329 ; packer_ppa_boundary:u_boundary|meta_sync2 ; packer_ppa_boundary:u_boundary|d[1]          ; clk          ; clk         ; 10.000       ; -0.048     ; 1.610      ;
; 8.329 ; packer_ppa_boundary:u_boundary|meta_sync2 ; packer_ppa_boundary:u_boundary|d[3]          ; clk          ; clk         ; 10.000       ; -0.048     ; 1.610      ;
; 8.329 ; packer_ppa_boundary:u_boundary|meta_sync2 ; packer_ppa_boundary:u_boundary|d[5]          ; clk          ; clk         ; 10.000       ; -0.048     ; 1.610      ;
; 8.329 ; packer_ppa_boundary:u_boundary|meta_sync2 ; packer_ppa_boundary:u_boundary|d[7]          ; clk          ; clk         ; 10.000       ; -0.048     ; 1.610      ;
; 8.329 ; packer_ppa_boundary:u_boundary|meta_sync2 ; packer_ppa_boundary:u_boundary|d[10]         ; clk          ; clk         ; 10.000       ; -0.049     ; 1.609      ;
; 8.329 ; packer_ppa_boundary:u_boundary|meta_sync2 ; packer_ppa_boundary:u_boundary|d[11]         ; clk          ; clk         ; 10.000       ; -0.049     ; 1.609      ;
; 8.329 ; packer_ppa_boundary:u_boundary|meta_sync2 ; packer_ppa_boundary:u_boundary|d[12]         ; clk          ; clk         ; 10.000       ; -0.048     ; 1.610      ;
; 8.329 ; packer_ppa_boundary:u_boundary|meta_sync2 ; packer_ppa_boundary:u_boundary|d[13]         ; clk          ; clk         ; 10.000       ; -0.049     ; 1.609      ;
; 8.329 ; packer_ppa_boundary:u_boundary|meta_sync2 ; packer_ppa_boundary:u_boundary|d[14]         ; clk          ; clk         ; 10.000       ; -0.048     ; 1.610      ;
; 8.329 ; packer_ppa_boundary:u_boundary|meta_sync2 ; packer_ppa_boundary:u_boundary|d[20]         ; clk          ; clk         ; 10.000       ; -0.047     ; 1.611      ;
; 8.329 ; packer_ppa_boundary:u_boundary|meta_sync2 ; packer_ppa_boundary:u_boundary|d[22]         ; clk          ; clk         ; 10.000       ; -0.047     ; 1.611      ;
; 8.329 ; packer_ppa_boundary:u_boundary|meta_sync2 ; packer_ppa_boundary:u_boundary|d[24]         ; clk          ; clk         ; 10.000       ; -0.047     ; 1.611      ;
; 8.329 ; packer_ppa_boundary:u_boundary|meta_sync2 ; packer_ppa_boundary:u_boundary|d[25]         ; clk          ; clk         ; 10.000       ; -0.048     ; 1.610      ;
; 8.329 ; packer_ppa_boundary:u_boundary|meta_sync2 ; packer_ppa_boundary:u_boundary|d[26]         ; clk          ; clk         ; 10.000       ; -0.047     ; 1.611      ;
; 8.329 ; packer_ppa_boundary:u_boundary|meta_sync2 ; packer_ppa_boundary:u_boundary|d[28]         ; clk          ; clk         ; 10.000       ; -0.047     ; 1.611      ;
; 8.329 ; packer_ppa_boundary:u_boundary|meta_sync2 ; packer_ppa_boundary:u_boundary|flags_in_q[0] ; clk          ; clk         ; 10.000       ; -0.049     ; 1.609      ;
; 8.329 ; packer_ppa_boundary:u_boundary|meta_sync2 ; posit_pack:u_packer|g_trunc.flags_q[0]       ; clk          ; clk         ; 10.000       ; -0.048     ; 1.610      ;
+-------+-------------------------------------------+----------------------------------------------+--------------+-------------+--------------+------------+------------+


+------------------------------------------------------------------------------------------------------------------------------------------------------------------------+
; Fast 1200mV 0C Model Removal: 'clk'                                                                                                                                    ;
+-------+-------------------------------------------+----------------------------------------------+--------------+-------------+--------------+------------+------------+
; Slack ; From Node                                 ; To Node                                      ; Launch Clock ; Latch Clock ; Relationship ; Clock Skew ; Data Delay ;
+-------+-------------------------------------------+----------------------------------------------+--------------+-------------+--------------+------------+------------+
; 1.134 ; packer_ppa_boundary:u_boundary|meta_sync2 ; posit_pack:u_packer|g_trunc.d_q[15]          ; clk          ; clk         ; 0.000        ; 0.247      ; 1.465      ;
; 1.134 ; packer_ppa_boundary:u_boundary|meta_sync2 ; posit_pack:u_packer|g_trunc.d_q[17]          ; clk          ; clk         ; 0.000        ; 0.247      ; 1.465      ;
; 1.134 ; packer_ppa_boundary:u_boundary|meta_sync2 ; posit_pack:u_packer|g_trunc.d_q[29]          ; clk          ; clk         ; 0.000        ; 0.247      ; 1.465      ;
; 1.134 ; packer_ppa_boundary:u_boundary|meta_sync2 ; posit_pack:u_packer|g_trunc.d_q[31]          ; clk          ; clk         ; 0.000        ; 0.247      ; 1.465      ;
; 1.135 ; packer_ppa_boundary:u_boundary|meta_sync2 ; packer_ppa_boundary:u_boundary|is_zero_q     ; clk          ; clk         ; 0.000        ; 0.243      ; 1.462      ;
; 1.144 ; packer_ppa_boundary:u_boundary|meta_sync2 ; posit_pack:u_packer|g_trunc.d_q[10]          ; clk          ; clk         ; 0.000        ; 0.242      ; 1.470      ;
; 1.144 ; packer_ppa_boundary:u_boundary|meta_sync2 ; posit_pack:u_packer|g_trunc.d_q[11]          ; clk          ; clk         ; 0.000        ; 0.242      ; 1.470      ;
; 1.144 ; packer_ppa_boundary:u_boundary|meta_sync2 ; posit_pack:u_packer|g_trunc.d_q[12]          ; clk          ; clk         ; 0.000        ; 0.242      ; 1.470      ;
; 1.144 ; packer_ppa_boundary:u_boundary|meta_sync2 ; posit_pack:u_packer|g_trunc.d_q[13]          ; clk          ; clk         ; 0.000        ; 0.242      ; 1.470      ;
; 1.144 ; packer_ppa_boundary:u_boundary|meta_sync2 ; posit_pack:u_packer|g_trunc.d_q[19]          ; clk          ; clk         ; 0.000        ; 0.242      ; 1.470      ;
; 1.144 ; packer_ppa_boundary:u_boundary|meta_sync2 ; posit_pack:u_packer|g_trunc.d_q[20]          ; clk          ; clk         ; 0.000        ; 0.243      ; 1.471      ;
; 1.144 ; packer_ppa_boundary:u_boundary|meta_sync2 ; posit_pack:u_packer|g_trunc.d_q[22]          ; clk          ; clk         ; 0.000        ; 0.243      ; 1.471      ;
; 1.144 ; packer_ppa_boundary:u_boundary|meta_sync2 ; posit_pack:u_packer|g_trunc.d_q[24]          ; clk          ; clk         ; 0.000        ; 0.243      ; 1.471      ;
; 1.144 ; packer_ppa_boundary:u_boundary|meta_sync2 ; posit_pack:u_packer|g_trunc.d_q[26]          ; clk          ; clk         ; 0.000        ; 0.243      ; 1.471      ;
; 1.144 ; packer_ppa_boundary:u_boundary|meta_sync2 ; posit_pack:u_packer|g_trunc.d_q[28]          ; clk          ; clk         ; 0.000        ; 0.243      ; 1.471      ;
; 1.145 ; packer_ppa_boundary:u_boundary|meta_sync2 ; posit_pack:u_packer|g_trunc.d_q[1]           ; clk          ; clk         ; 0.000        ; 0.242      ; 1.471      ;
; 1.145 ; packer_ppa_boundary:u_boundary|meta_sync2 ; posit_pack:u_packer|g_trunc.d_q[2]           ; clk          ; clk         ; 0.000        ; 0.242      ; 1.471      ;
; 1.145 ; packer_ppa_boundary:u_boundary|meta_sync2 ; posit_pack:u_packer|g_trunc.d_q[3]           ; clk          ; clk         ; 0.000        ; 0.242      ; 1.471      ;
; 1.145 ; packer_ppa_boundary:u_boundary|meta_sync2 ; posit_pack:u_packer|g_trunc.d_q[4]           ; clk          ; clk         ; 0.000        ; 0.242      ; 1.471      ;
; 1.145 ; packer_ppa_boundary:u_boundary|meta_sync2 ; posit_pack:u_packer|g_trunc.d_q[5]           ; clk          ; clk         ; 0.000        ; 0.242      ; 1.471      ;
; 1.145 ; packer_ppa_boundary:u_boundary|meta_sync2 ; posit_pack:u_packer|g_trunc.d_q[6]           ; clk          ; clk         ; 0.000        ; 0.242      ; 1.471      ;
; 1.145 ; packer_ppa_boundary:u_boundary|meta_sync2 ; posit_pack:u_packer|g_trunc.d_q[7]           ; clk          ; clk         ; 0.000        ; 0.242      ; 1.471      ;
; 1.145 ; packer_ppa_boundary:u_boundary|meta_sync2 ; posit_pack:u_packer|g_trunc.d_q[8]           ; clk          ; clk         ; 0.000        ; 0.242      ; 1.471      ;
; 1.145 ; packer_ppa_boundary:u_boundary|meta_sync2 ; posit_pack:u_packer|g_trunc.d_q[9]           ; clk          ; clk         ; 0.000        ; 0.242      ; 1.471      ;
; 1.145 ; packer_ppa_boundary:u_boundary|meta_sync2 ; posit_pack:u_packer|g_trunc.d_q[21]          ; clk          ; clk         ; 0.000        ; 0.242      ; 1.471      ;
; 1.145 ; packer_ppa_boundary:u_boundary|meta_sync2 ; posit_pack:u_packer|g_trunc.d_q[25]          ; clk          ; clk         ; 0.000        ; 0.242      ; 1.471      ;
; 1.146 ; packer_ppa_boundary:u_boundary|meta_sync2 ; packer_ppa_boundary:u_boundary|sign_q        ; clk          ; clk         ; 0.000        ; 0.232      ; 1.462      ;
; 1.146 ; packer_ppa_boundary:u_boundary|meta_sync2 ; posit_pack:u_packer|g_trunc.d_q[0]           ; clk          ; clk         ; 0.000        ; 0.232      ; 1.462      ;
; 1.146 ; packer_ppa_boundary:u_boundary|meta_sync2 ; posit_pack:u_packer|g_trunc.d_q[14]          ; clk          ; clk         ; 0.000        ; 0.232      ; 1.462      ;
; 1.146 ; packer_ppa_boundary:u_boundary|meta_sync2 ; posit_pack:u_packer|g_trunc.d_q[23]          ; clk          ; clk         ; 0.000        ; 0.232      ; 1.462      ;
; 1.146 ; packer_ppa_boundary:u_boundary|meta_sync2 ; posit_pack:u_packer|g_trunc.d_q[27]          ; clk          ; clk         ; 0.000        ; 0.232      ; 1.462      ;
; 1.146 ; packer_ppa_boundary:u_boundary|meta_sync2 ; posit_pack:u_packer|g_trunc.d_q[30]          ; clk          ; clk         ; 0.000        ; 0.232      ; 1.462      ;
; 1.342 ; packer_ppa_boundary:u_boundary|meta_sync2 ; packer_ppa_boundary:u_boundary|sf_q[9]       ; clk          ; clk         ; 0.000        ; 0.038      ; 1.464      ;
; 1.342 ; packer_ppa_boundary:u_boundary|meta_sync2 ; packer_ppa_boundary:u_boundary|sf_q[4]       ; clk          ; clk         ; 0.000        ; 0.038      ; 1.464      ;
; 1.342 ; packer_ppa_boundary:u_boundary|meta_sync2 ; packer_ppa_boundary:u_boundary|sf_q[2]       ; clk          ; clk         ; 0.000        ; 0.038      ; 1.464      ;
; 1.342 ; packer_ppa_boundary:u_boundary|meta_sync2 ; packer_ppa_boundary:u_boundary|frac_q[49]    ; clk          ; clk         ; 0.000        ; 0.038      ; 1.464      ;
; 1.342 ; packer_ppa_boundary:u_boundary|meta_sync2 ; packer_ppa_boundary:u_boundary|frac_q[51]    ; clk          ; clk         ; 0.000        ; 0.038      ; 1.464      ;
; 1.342 ; packer_ppa_boundary:u_boundary|meta_sync2 ; packer_ppa_boundary:u_boundary|frac_q[48]    ; clk          ; clk         ; 0.000        ; 0.038      ; 1.464      ;
; 1.342 ; packer_ppa_boundary:u_boundary|meta_sync2 ; packer_ppa_boundary:u_boundary|frac_q[50]    ; clk          ; clk         ; 0.000        ; 0.038      ; 1.464      ;
; 1.342 ; packer_ppa_boundary:u_boundary|meta_sync2 ; packer_ppa_boundary:u_boundary|frac_q[45]    ; clk          ; clk         ; 0.000        ; 0.038      ; 1.464      ;
; 1.342 ; packer_ppa_boundary:u_boundary|meta_sync2 ; packer_ppa_boundary:u_boundary|frac_q[47]    ; clk          ; clk         ; 0.000        ; 0.038      ; 1.464      ;
; 1.342 ; packer_ppa_boundary:u_boundary|meta_sync2 ; packer_ppa_boundary:u_boundary|frac_q[46]    ; clk          ; clk         ; 0.000        ; 0.038      ; 1.464      ;
; 1.342 ; packer_ppa_boundary:u_boundary|meta_sync2 ; packer_ppa_boundary:u_boundary|frac_q[52]    ; clk          ; clk         ; 0.000        ; 0.038      ; 1.464      ;
; 1.342 ; packer_ppa_boundary:u_boundary|meta_sync2 ; packer_ppa_boundary:u_boundary|frac_q[54]    ; clk          ; clk         ; 0.000        ; 0.038      ; 1.464      ;
; 1.342 ; packer_ppa_boundary:u_boundary|meta_sync2 ; packer_ppa_boundary:u_boundary|frac_q[53]    ; clk          ; clk         ; 0.000        ; 0.038      ; 1.464      ;
; 1.342 ; packer_ppa_boundary:u_boundary|meta_sync2 ; packer_ppa_boundary:u_boundary|sf_q[0]       ; clk          ; clk         ; 0.000        ; 0.038      ; 1.464      ;
; 1.342 ; packer_ppa_boundary:u_boundary|meta_sync2 ; packer_ppa_boundary:u_boundary|sf_q[1]       ; clk          ; clk         ; 0.000        ; 0.038      ; 1.464      ;
; 1.342 ; packer_ppa_boundary:u_boundary|meta_sync2 ; packer_ppa_boundary:u_boundary|frac_q[28]    ; clk          ; clk         ; 0.000        ; 0.038      ; 1.464      ;
; 1.342 ; packer_ppa_boundary:u_boundary|meta_sync2 ; packer_ppa_boundary:u_boundary|d[15]         ; clk          ; clk         ; 0.000        ; 0.039      ; 1.465      ;
; 1.342 ; packer_ppa_boundary:u_boundary|meta_sync2 ; posit_pack:u_packer|g_trunc.d_q[16]          ; clk          ; clk         ; 0.000        ; 0.039      ; 1.465      ;
; 1.342 ; packer_ppa_boundary:u_boundary|meta_sync2 ; packer_ppa_boundary:u_boundary|d[16]         ; clk          ; clk         ; 0.000        ; 0.039      ; 1.465      ;
; 1.342 ; packer_ppa_boundary:u_boundary|meta_sync2 ; packer_ppa_boundary:u_boundary|d[17]         ; clk          ; clk         ; 0.000        ; 0.037      ; 1.463      ;
; 1.342 ; packer_ppa_boundary:u_boundary|meta_sync2 ; posit_pack:u_packer|g_trunc.d_q[18]          ; clk          ; clk         ; 0.000        ; 0.039      ; 1.465      ;
; 1.342 ; packer_ppa_boundary:u_boundary|meta_sync2 ; packer_ppa_boundary:u_boundary|d[18]         ; clk          ; clk         ; 0.000        ; 0.037      ; 1.463      ;
; 1.342 ; packer_ppa_boundary:u_boundary|meta_sync2 ; packer_ppa_boundary:u_boundary|d[23]         ; clk          ; clk         ; 0.000        ; 0.033      ; 1.459      ;
; 1.342 ; packer_ppa_boundary:u_boundary|meta_sync2 ; packer_ppa_boundary:u_boundary|d[29]         ; clk          ; clk         ; 0.000        ; 0.039      ; 1.465      ;
; 1.342 ; packer_ppa_boundary:u_boundary|meta_sync2 ; packer_ppa_boundary:u_boundary|d[31]         ; clk          ; clk         ; 0.000        ; 0.038      ; 1.464      ;
; 1.342 ; packer_ppa_boundary:u_boundary|meta_sync2 ; packer_ppa_boundary:u_boundary|frac_q[15]    ; clk          ; clk         ; 0.000        ; 0.035      ; 1.461      ;
; 1.342 ; packer_ppa_boundary:u_boundary|meta_sync2 ; packer_ppa_boundary:u_boundary|frac_q[17]    ; clk          ; clk         ; 0.000        ; 0.035      ; 1.461      ;
; 1.342 ; packer_ppa_boundary:u_boundary|meta_sync2 ; packer_ppa_boundary:u_boundary|frac_q[18]    ; clk          ; clk         ; 0.000        ; 0.035      ; 1.461      ;
; 1.342 ; packer_ppa_boundary:u_boundary|meta_sync2 ; packer_ppa_boundary:u_boundary|frac_q[16]    ; clk          ; clk         ; 0.000        ; 0.035      ; 1.461      ;
; 1.342 ; packer_ppa_boundary:u_boundary|meta_sync2 ; packer_ppa_boundary:u_boundary|frac_q[19]    ; clk          ; clk         ; 0.000        ; 0.035      ; 1.461      ;
; 1.342 ; packer_ppa_boundary:u_boundary|meta_sync2 ; packer_ppa_boundary:u_boundary|frac_q[20]    ; clk          ; clk         ; 0.000        ; 0.035      ; 1.461      ;
; 1.342 ; packer_ppa_boundary:u_boundary|meta_sync2 ; packer_ppa_boundary:u_boundary|frac_q[14]    ; clk          ; clk         ; 0.000        ; 0.035      ; 1.461      ;
; 1.342 ; packer_ppa_boundary:u_boundary|meta_sync2 ; packer_ppa_boundary:u_boundary|flags_in_q[1] ; clk          ; clk         ; 0.000        ; 0.035      ; 1.461      ;
; 1.342 ; packer_ppa_boundary:u_boundary|meta_sync2 ; packer_ppa_boundary:u_boundary|frac_q[2]     ; clk          ; clk         ; 0.000        ; 0.035      ; 1.461      ;
; 1.342 ; packer_ppa_boundary:u_boundary|meta_sync2 ; posit_pack:u_packer|g_trunc.flags_q[1]       ; clk          ; clk         ; 0.000        ; 0.035      ; 1.461      ;
; 1.342 ; packer_ppa_boundary:u_boundary|meta_sync2 ; packer_ppa_boundary:u_boundary|flags[1]      ; clk          ; clk         ; 0.000        ; 0.030      ; 1.456      ;
; 1.342 ; packer_ppa_boundary:u_boundary|meta_sync2 ; packer_ppa_boundary:u_boundary|flags_in_q[2] ; clk          ; clk         ; 0.000        ; 0.039      ; 1.465      ;
; 1.342 ; packer_ppa_boundary:u_boundary|meta_sync2 ; posit_pack:u_packer|g_trunc.flags_q[2]       ; clk          ; clk         ; 0.000        ; 0.039      ; 1.465      ;
; 1.342 ; packer_ppa_boundary:u_boundary|meta_sync2 ; packer_ppa_boundary:u_boundary|flags[2]      ; clk          ; clk         ; 0.000        ; 0.039      ; 1.465      ;
; 1.342 ; packer_ppa_boundary:u_boundary|meta_sync2 ; packer_ppa_boundary:u_boundary|flags_in_q[3] ; clk          ; clk         ; 0.000        ; 0.039      ; 1.465      ;
; 1.342 ; packer_ppa_boundary:u_boundary|meta_sync2 ; posit_pack:u_packer|g_trunc.flags_q[4]       ; clk          ; clk         ; 0.000        ; 0.039      ; 1.465      ;
; 1.342 ; packer_ppa_boundary:u_boundary|meta_sync2 ; packer_ppa_boundary:u_boundary|flags[4]      ; clk          ; clk         ; 0.000        ; 0.039      ; 1.465      ;
; 1.342 ; packer_ppa_boundary:u_boundary|meta_sync2 ; packer_ppa_boundary:u_boundary|d[1]          ; clk          ; clk         ; 0.000        ; 0.044      ; 1.470      ;
; 1.342 ; packer_ppa_boundary:u_boundary|meta_sync2 ; packer_ppa_boundary:u_boundary|d[2]          ; clk          ; clk         ; 0.000        ; 0.044      ; 1.470      ;
; 1.342 ; packer_ppa_boundary:u_boundary|meta_sync2 ; packer_ppa_boundary:u_boundary|d[3]          ; clk          ; clk         ; 0.000        ; 0.044      ; 1.470      ;
; 1.342 ; packer_ppa_boundary:u_boundary|meta_sync2 ; packer_ppa_boundary:u_boundary|d[4]          ; clk          ; clk         ; 0.000        ; 0.044      ; 1.470      ;
; 1.342 ; packer_ppa_boundary:u_boundary|meta_sync2 ; packer_ppa_boundary:u_boundary|d[5]          ; clk          ; clk         ; 0.000        ; 0.044      ; 1.470      ;
; 1.342 ; packer_ppa_boundary:u_boundary|meta_sync2 ; packer_ppa_boundary:u_boundary|d[6]          ; clk          ; clk         ; 0.000        ; 0.044      ; 1.470      ;
; 1.342 ; packer_ppa_boundary:u_boundary|meta_sync2 ; packer_ppa_boundary:u_boundary|d[7]          ; clk          ; clk         ; 0.000        ; 0.044      ; 1.470      ;
; 1.342 ; packer_ppa_boundary:u_boundary|meta_sync2 ; packer_ppa_boundary:u_boundary|d[8]          ; clk          ; clk         ; 0.000        ; 0.044      ; 1.470      ;
; 1.342 ; packer_ppa_boundary:u_boundary|meta_sync2 ; packer_ppa_boundary:u_boundary|d[9]          ; clk          ; clk         ; 0.000        ; 0.044      ; 1.470      ;
; 1.342 ; packer_ppa_boundary:u_boundary|meta_sync2 ; packer_ppa_boundary:u_boundary|d[10]         ; clk          ; clk         ; 0.000        ; 0.044      ; 1.470      ;
; 1.342 ; packer_ppa_boundary:u_boundary|meta_sync2 ; packer_ppa_boundary:u_boundary|d[11]         ; clk          ; clk         ; 0.000        ; 0.044      ; 1.470      ;
; 1.342 ; packer_ppa_boundary:u_boundary|meta_sync2 ; packer_ppa_boundary:u_boundary|d[12]         ; clk          ; clk         ; 0.000        ; 0.044      ; 1.470      ;
; 1.342 ; packer_ppa_boundary:u_boundary|meta_sync2 ; packer_ppa_boundary:u_boundary|d[13]         ; clk          ; clk         ; 0.000        ; 0.044      ; 1.470      ;
; 1.342 ; packer_ppa_boundary:u_boundary|meta_sync2 ; packer_ppa_boundary:u_boundary|d[14]         ; clk          ; clk         ; 0.000        ; 0.044      ; 1.470      ;
; 1.342 ; packer_ppa_boundary:u_boundary|meta_sync2 ; packer_ppa_boundary:u_boundary|d[20]         ; clk          ; clk         ; 0.000        ; 0.045      ; 1.471      ;
; 1.342 ; packer_ppa_boundary:u_boundary|meta_sync2 ; packer_ppa_boundary:u_boundary|d[21]         ; clk          ; clk         ; 0.000        ; 0.044      ; 1.470      ;
; 1.342 ; packer_ppa_boundary:u_boundary|meta_sync2 ; packer_ppa_boundary:u_boundary|d[22]         ; clk          ; clk         ; 0.000        ; 0.045      ; 1.471      ;
; 1.342 ; packer_ppa_boundary:u_boundary|meta_sync2 ; packer_ppa_boundary:u_boundary|d[24]         ; clk          ; clk         ; 0.000        ; 0.045      ; 1.471      ;
; 1.342 ; packer_ppa_boundary:u_boundary|meta_sync2 ; packer_ppa_boundary:u_boundary|d[25]         ; clk          ; clk         ; 0.000        ; 0.044      ; 1.470      ;
; 1.342 ; packer_ppa_boundary:u_boundary|meta_sync2 ; packer_ppa_boundary:u_boundary|d[26]         ; clk          ; clk         ; 0.000        ; 0.045      ; 1.471      ;
; 1.342 ; packer_ppa_boundary:u_boundary|meta_sync2 ; packer_ppa_boundary:u_boundary|d[28]         ; clk          ; clk         ; 0.000        ; 0.045      ; 1.471      ;
; 1.342 ; packer_ppa_boundary:u_boundary|meta_sync2 ; packer_ppa_boundary:u_boundary|flags_in_q[0] ; clk          ; clk         ; 0.000        ; 0.044      ; 1.470      ;
; 1.342 ; packer_ppa_boundary:u_boundary|meta_sync2 ; posit_pack:u_packer|g_trunc.flags_q[0]       ; clk          ; clk         ; 0.000        ; 0.044      ; 1.470      ;
; 1.342 ; packer_ppa_boundary:u_boundary|meta_sync2 ; packer_ppa_boundary:u_boundary|flags[0]      ; clk          ; clk         ; 0.000        ; 0.044      ; 1.470      ;
; 1.343 ; packer_ppa_boundary:u_boundary|meta_sync2 ; packer_ppa_boundary:u_boundary|sf_q[3]       ; clk          ; clk         ; 0.000        ; 0.033      ; 1.460      ;
; 1.343 ; packer_ppa_boundary:u_boundary|meta_sync2 ; packer_ppa_boundary:u_boundary|sf_q[6]       ; clk          ; clk         ; 0.000        ; 0.035      ; 1.462      ;
+-------+-------------------------------------------+----------------------------------------------+--------------+-------------+--------------+------------+------------+


+--------------------------------------------------------------------------------------------------------------------------+
; Fast 1200mV 0C Model Minimum Pulse Width: 'clk'                                                                          ;
+-------+--------------+----------------+-----------------+-------+------------+-------------------------------------------+
; Slack ; Actual Width ; Required Width ; Type            ; Clock ; Clock Edge ; Target                                    ;
+-------+--------------+----------------+-----------------+-------+------------+-------------------------------------------+
; 4.415 ; 4.599        ; 0.184          ; Low Pulse Width ; clk   ; Rise       ; packer_ppa_boundary:u_boundary|is_zero_q  ;
; 4.415 ; 4.599        ; 0.184          ; Low Pulse Width ; clk   ; Rise       ; posit_pack:u_packer|g_trunc.d_q[15]       ;
; 4.415 ; 4.599        ; 0.184          ; Low Pulse Width ; clk   ; Rise       ; posit_pack:u_packer|g_trunc.d_q[17]       ;
; 4.415 ; 4.599        ; 0.184          ; Low Pulse Width ; clk   ; Rise       ; posit_pack:u_packer|g_trunc.d_q[29]       ;
; 4.415 ; 4.599        ; 0.184          ; Low Pulse Width ; clk   ; Rise       ; posit_pack:u_packer|g_trunc.d_q[31]       ;
; 4.418 ; 4.602        ; 0.184          ; Low Pulse Width ; clk   ; Rise       ; posit_pack:u_packer|g_trunc.d_q[14]       ;
; 4.418 ; 4.602        ; 0.184          ; Low Pulse Width ; clk   ; Rise       ; posit_pack:u_packer|g_trunc.d_q[23]       ;
; 4.418 ; 4.602        ; 0.184          ; Low Pulse Width ; clk   ; Rise       ; posit_pack:u_packer|g_trunc.d_q[27]       ;
; 4.418 ; 4.602        ; 0.184          ; Low Pulse Width ; clk   ; Rise       ; posit_pack:u_packer|g_trunc.d_q[30]       ;
; 4.419 ; 4.603        ; 0.184          ; Low Pulse Width ; clk   ; Rise       ; packer_ppa_boundary:u_boundary|sign_q     ;
; 4.419 ; 4.603        ; 0.184          ; Low Pulse Width ; clk   ; Rise       ; posit_pack:u_packer|g_trunc.d_q[0]        ;
; 4.419 ; 4.603        ; 0.184          ; Low Pulse Width ; clk   ; Rise       ; posit_pack:u_packer|g_trunc.d_q[1]        ;
; 4.419 ; 4.603        ; 0.184          ; Low Pulse Width ; clk   ; Rise       ; posit_pack:u_packer|g_trunc.d_q[21]       ;
; 4.419 ; 4.603        ; 0.184          ; Low Pulse Width ; clk   ; Rise       ; posit_pack:u_packer|g_trunc.d_q[25]       ;
; 4.419 ; 4.603        ; 0.184          ; Low Pulse Width ; clk   ; Rise       ; posit_pack:u_packer|g_trunc.d_q[2]        ;
; 4.419 ; 4.603        ; 0.184          ; Low Pulse Width ; clk   ; Rise       ; posit_pack:u_packer|g_trunc.d_q[3]        ;
; 4.419 ; 4.603        ; 0.184          ; Low Pulse Width ; clk   ; Rise       ; posit_pack:u_packer|g_trunc.d_q[4]        ;
; 4.419 ; 4.603        ; 0.184          ; Low Pulse Width ; clk   ; Rise       ; posit_pack:u_packer|g_trunc.d_q[5]        ;
; 4.419 ; 4.603        ; 0.184          ; Low Pulse Width ; clk   ; Rise       ; posit_pack:u_packer|g_trunc.d_q[6]        ;
; 4.419 ; 4.603        ; 0.184          ; Low Pulse Width ; clk   ; Rise       ; posit_pack:u_packer|g_trunc.d_q[7]        ;
; 4.419 ; 4.603        ; 0.184          ; Low Pulse Width ; clk   ; Rise       ; posit_pack:u_packer|g_trunc.d_q[8]        ;
; 4.419 ; 4.603        ; 0.184          ; Low Pulse Width ; clk   ; Rise       ; posit_pack:u_packer|g_trunc.d_q[9]        ;
; 4.420 ; 4.604        ; 0.184          ; Low Pulse Width ; clk   ; Rise       ; posit_pack:u_packer|g_trunc.d_q[10]       ;
; 4.420 ; 4.604        ; 0.184          ; Low Pulse Width ; clk   ; Rise       ; posit_pack:u_packer|g_trunc.d_q[11]       ;
; 4.420 ; 4.604        ; 0.184          ; Low Pulse Width ; clk   ; Rise       ; posit_pack:u_packer|g_trunc.d_q[12]       ;
; 4.420 ; 4.604        ; 0.184          ; Low Pulse Width ; clk   ; Rise       ; posit_pack:u_packer|g_trunc.d_q[13]       ;
; 4.420 ; 4.604        ; 0.184          ; Low Pulse Width ; clk   ; Rise       ; posit_pack:u_packer|g_trunc.d_q[19]       ;
; 4.420 ; 4.604        ; 0.184          ; Low Pulse Width ; clk   ; Rise       ; posit_pack:u_packer|g_trunc.d_q[20]       ;
; 4.420 ; 4.604        ; 0.184          ; Low Pulse Width ; clk   ; Rise       ; posit_pack:u_packer|g_trunc.d_q[22]       ;
; 4.420 ; 4.604        ; 0.184          ; Low Pulse Width ; clk   ; Rise       ; posit_pack:u_packer|g_trunc.d_q[24]       ;
; 4.420 ; 4.604        ; 0.184          ; Low Pulse Width ; clk   ; Rise       ; posit_pack:u_packer|g_trunc.d_q[26]       ;
; 4.420 ; 4.604        ; 0.184          ; Low Pulse Width ; clk   ; Rise       ; posit_pack:u_packer|g_trunc.d_q[28]       ;
; 4.443 ; 4.627        ; 0.184          ; Low Pulse Width ; clk   ; Rise       ; packer_ppa_boundary:u_boundary|d[19]      ;
; 4.443 ; 4.627        ; 0.184          ; Low Pulse Width ; clk   ; Rise       ; packer_ppa_boundary:u_boundary|d[1]       ;
; 4.443 ; 4.627        ; 0.184          ; Low Pulse Width ; clk   ; Rise       ; packer_ppa_boundary:u_boundary|d[25]      ;
; 4.443 ; 4.627        ; 0.184          ; Low Pulse Width ; clk   ; Rise       ; packer_ppa_boundary:u_boundary|d[3]       ;
; 4.443 ; 4.627        ; 0.184          ; Low Pulse Width ; clk   ; Rise       ; packer_ppa_boundary:u_boundary|d[5]       ;
; 4.443 ; 4.627        ; 0.184          ; Low Pulse Width ; clk   ; Rise       ; packer_ppa_boundary:u_boundary|d[7]       ;
; 4.443 ; 4.627        ; 0.184          ; Low Pulse Width ; clk   ; Rise       ; packer_ppa_boundary:u_boundary|flags[3]   ;
; 4.443 ; 4.627        ; 0.184          ; Low Pulse Width ; clk   ; Rise       ; packer_ppa_boundary:u_boundary|frac_q[0]  ;
; 4.443 ; 4.627        ; 0.184          ; Low Pulse Width ; clk   ; Rise       ; packer_ppa_boundary:u_boundary|frac_q[10] ;
; 4.443 ; 4.627        ; 0.184          ; Low Pulse Width ; clk   ; Rise       ; packer_ppa_boundary:u_boundary|frac_q[11] ;
; 4.443 ; 4.627        ; 0.184          ; Low Pulse Width ; clk   ; Rise       ; packer_ppa_boundary:u_boundary|frac_q[12] ;
; 4.443 ; 4.627        ; 0.184          ; Low Pulse Width ; clk   ; Rise       ; packer_ppa_boundary:u_boundary|frac_q[14] ;
; 4.443 ; 4.627        ; 0.184          ; Low Pulse Width ; clk   ; Rise       ; packer_ppa_boundary:u_boundary|frac_q[15] ;
; 4.443 ; 4.627        ; 0.184          ; Low Pulse Width ; clk   ; Rise       ; packer_ppa_boundary:u_boundary|frac_q[16] ;
; 4.443 ; 4.627        ; 0.184          ; Low Pulse Width ; clk   ; Rise       ; packer_ppa_boundary:u_boundary|frac_q[17] ;
; 4.443 ; 4.627        ; 0.184          ; Low Pulse Width ; clk   ; Rise       ; packer_ppa_boundary:u_boundary|frac_q[18] ;
; 4.443 ; 4.627        ; 0.184          ; Low Pulse Width ; clk   ; Rise       ; packer_ppa_boundary:u_boundary|frac_q[21] ;
; 4.443 ; 4.627        ; 0.184          ; Low Pulse Width ; clk   ; Rise       ; packer_ppa_boundary:u_boundary|frac_q[22] ;
; 4.443 ; 4.627        ; 0.184          ; Low Pulse Width ; clk   ; Rise       ; packer_ppa_boundary:u_boundary|frac_q[23] ;
; 4.443 ; 4.627        ; 0.184          ; Low Pulse Width ; clk   ; Rise       ; packer_ppa_boundary:u_boundary|frac_q[24] ;
; 4.443 ; 4.627        ; 0.184          ; Low Pulse Width ; clk   ; Rise       ; packer_ppa_boundary:u_boundary|frac_q[25] ;
; 4.443 ; 4.627        ; 0.184          ; Low Pulse Width ; clk   ; Rise       ; packer_ppa_boundary:u_boundary|frac_q[26] ;
; 4.443 ; 4.627        ; 0.184          ; Low Pulse Width ; clk   ; Rise       ; packer_ppa_boundary:u_boundary|frac_q[27] ;
; 4.443 ; 4.627        ; 0.184          ; Low Pulse Width ; clk   ; Rise       ; packer_ppa_boundary:u_boundary|frac_q[29] ;
; 4.443 ; 4.627        ; 0.184          ; Low Pulse Width ; clk   ; Rise       ; packer_ppa_boundary:u_boundary|frac_q[30] ;
; 4.443 ; 4.627        ; 0.184          ; Low Pulse Width ; clk   ; Rise       ; packer_ppa_boundary:u_boundary|frac_q[32] ;
; 4.443 ; 4.627        ; 0.184          ; Low Pulse Width ; clk   ; Rise       ; packer_ppa_boundary:u_boundary|frac_q[33] ;
; 4.443 ; 4.627        ; 0.184          ; Low Pulse Width ; clk   ; Rise       ; packer_ppa_boundary:u_boundary|frac_q[34] ;
; 4.443 ; 4.627        ; 0.184          ; Low Pulse Width ; clk   ; Rise       ; packer_ppa_boundary:u_boundary|frac_q[35] ;
; 4.443 ; 4.627        ; 0.184          ; Low Pulse Width ; clk   ; Rise       ; packer_ppa_boundary:u_boundary|frac_q[36] ;
; 4.443 ; 4.627        ; 0.184          ; Low Pulse Width ; clk   ; Rise       ; packer_ppa_boundary:u_boundary|frac_q[37] ;
; 4.443 ; 4.627        ; 0.184          ; Low Pulse Width ; clk   ; Rise       ; packer_ppa_boundary:u_boundary|frac_q[38] ;
; 4.443 ; 4.627        ; 0.184          ; Low Pulse Width ; clk   ; Rise       ; packer_ppa_boundary:u_boundary|frac_q[39] ;
; 4.443 ; 4.627        ; 0.184          ; Low Pulse Width ; clk   ; Rise       ; packer_ppa_boundary:u_boundary|frac_q[3]  ;
; 4.443 ; 4.627        ; 0.184          ; Low Pulse Width ; clk   ; Rise       ; packer_ppa_boundary:u_boundary|frac_q[40] ;
; 4.443 ; 4.627        ; 0.184          ; Low Pulse Width ; clk   ; Rise       ; packer_ppa_boundary:u_boundary|frac_q[41] ;
; 4.443 ; 4.627        ; 0.184          ; Low Pulse Width ; clk   ; Rise       ; packer_ppa_boundary:u_boundary|frac_q[42] ;
; 4.443 ; 4.627        ; 0.184          ; Low Pulse Width ; clk   ; Rise       ; packer_ppa_boundary:u_boundary|frac_q[43] ;
; 4.443 ; 4.627        ; 0.184          ; Low Pulse Width ; clk   ; Rise       ; packer_ppa_boundary:u_boundary|frac_q[44] ;
; 4.443 ; 4.627        ; 0.184          ; Low Pulse Width ; clk   ; Rise       ; packer_ppa_boundary:u_boundary|frac_q[5]  ;
; 4.443 ; 4.627        ; 0.184          ; Low Pulse Width ; clk   ; Rise       ; packer_ppa_boundary:u_boundary|frac_q[6]  ;
; 4.443 ; 4.627        ; 0.184          ; Low Pulse Width ; clk   ; Rise       ; packer_ppa_boundary:u_boundary|frac_q[7]  ;
; 4.443 ; 4.627        ; 0.184          ; Low Pulse Width ; clk   ; Rise       ; packer_ppa_boundary:u_boundary|frac_q[8]  ;
; 4.443 ; 4.627        ; 0.184          ; Low Pulse Width ; clk   ; Rise       ; packer_ppa_boundary:u_boundary|frac_q[9]  ;
; 4.443 ; 4.627        ; 0.184          ; Low Pulse Width ; clk   ; Rise       ; packer_ppa_boundary:u_boundary|out_valid  ;
; 4.443 ; 4.627        ; 0.184          ; Low Pulse Width ; clk   ; Rise       ; packer_ppa_boundary:u_boundary|sf_q[3]    ;
; 4.443 ; 4.627        ; 0.184          ; Low Pulse Width ; clk   ; Rise       ; posit_pack:u_packer|g_trunc.flags_q[3]    ;
; 4.443 ; 4.627        ; 0.184          ; Low Pulse Width ; clk   ; Rise       ; posit_pack:u_packer|g_trunc.valid_q       ;
; 4.444 ; 4.628        ; 0.184          ; Low Pulse Width ; clk   ; Rise       ; packer_ppa_boundary:u_boundary|d[0]       ;
; 4.444 ; 4.628        ; 0.184          ; Low Pulse Width ; clk   ; Rise       ; packer_ppa_boundary:u_boundary|d[10]      ;
; 4.444 ; 4.628        ; 0.184          ; Low Pulse Width ; clk   ; Rise       ; packer_ppa_boundary:u_boundary|d[11]      ;
; 4.444 ; 4.628        ; 0.184          ; Low Pulse Width ; clk   ; Rise       ; packer_ppa_boundary:u_boundary|d[12]      ;
; 4.444 ; 4.628        ; 0.184          ; Low Pulse Width ; clk   ; Rise       ; packer_ppa_boundary:u_boundary|d[13]      ;
; 4.444 ; 4.628        ; 0.184          ; Low Pulse Width ; clk   ; Rise       ; packer_ppa_boundary:u_boundary|d[14]      ;
; 4.444 ; 4.628        ; 0.184          ; Low Pulse Width ; clk   ; Rise       ; packer_ppa_boundary:u_boundary|d[15]      ;
; 4.444 ; 4.628        ; 0.184          ; Low Pulse Width ; clk   ; Rise       ; packer_ppa_boundary:u_boundary|d[16]      ;
; 4.444 ; 4.628        ; 0.184          ; Low Pulse Width ; clk   ; Rise       ; packer_ppa_boundary:u_boundary|d[17]      ;
; 4.444 ; 4.628        ; 0.184          ; Low Pulse Width ; clk   ; Rise       ; packer_ppa_boundary:u_boundary|d[18]      ;
; 4.444 ; 4.628        ; 0.184          ; Low Pulse Width ; clk   ; Rise       ; packer_ppa_boundary:u_boundary|d[20]      ;
; 4.444 ; 4.628        ; 0.184          ; Low Pulse Width ; clk   ; Rise       ; packer_ppa_boundary:u_boundary|d[21]      ;
; 4.444 ; 4.628        ; 0.184          ; Low Pulse Width ; clk   ; Rise       ; packer_ppa_boundary:u_boundary|d[22]      ;
; 4.444 ; 4.628        ; 0.184          ; Low Pulse Width ; clk   ; Rise       ; packer_ppa_boundary:u_boundary|d[23]      ;
; 4.444 ; 4.628        ; 0.184          ; Low Pulse Width ; clk   ; Rise       ; packer_ppa_boundary:u_boundary|d[24]      ;
; 4.444 ; 4.628        ; 0.184          ; Low Pulse Width ; clk   ; Rise       ; packer_ppa_boundary:u_boundary|d[26]      ;
; 4.444 ; 4.628        ; 0.184          ; Low Pulse Width ; clk   ; Rise       ; packer_ppa_boundary:u_boundary|d[27]      ;
; 4.444 ; 4.628        ; 0.184          ; Low Pulse Width ; clk   ; Rise       ; packer_ppa_boundary:u_boundary|d[28]      ;
; 4.444 ; 4.628        ; 0.184          ; Low Pulse Width ; clk   ; Rise       ; packer_ppa_boundary:u_boundary|d[29]      ;
; 4.444 ; 4.628        ; 0.184          ; Low Pulse Width ; clk   ; Rise       ; packer_ppa_boundary:u_boundary|d[2]       ;
+-------+--------------+----------------+-----------------+-------+------------+-------------------------------------------+


+---------------------------------------------------------------------------+
; Setup Times                                                               ;
+--------------+------------+--------+-------+------------+-----------------+
; Data Port    ; Clock Port ; Rise   ; Fall  ; Clock Edge ; Clock Reference ;
+--------------+------------+--------+-------+------------+-----------------+
; flags_in[*]  ; clk        ; 1.375  ; 2.055 ; Rise       ; clk             ;
;  flags_in[0] ; clk        ; 1.072  ; 1.701 ; Rise       ; clk             ;
;  flags_in[1] ; clk        ; 1.031  ; 1.633 ; Rise       ; clk             ;
;  flags_in[2] ; clk        ; 1.109  ; 1.733 ; Rise       ; clk             ;
;  flags_in[3] ; clk        ; 1.375  ; 2.055 ; Rise       ; clk             ;
;  flags_in[4] ; clk        ; 1.249  ; 1.947 ; Rise       ; clk             ;
; frac[*]      ; clk        ; 1.601  ; 2.329 ; Rise       ; clk             ;
;  frac[0]     ; clk        ; 1.103  ; 1.728 ; Rise       ; clk             ;
;  frac[1]     ; clk        ; 1.010  ; 1.600 ; Rise       ; clk             ;
;  frac[2]     ; clk        ; -0.037 ; 0.244 ; Rise       ; clk             ;
;  frac[3]     ; clk        ; 1.223  ; 1.853 ; Rise       ; clk             ;
;  frac[4]     ; clk        ; 0.932  ; 1.529 ; Rise       ; clk             ;
;  frac[5]     ; clk        ; 1.185  ; 1.809 ; Rise       ; clk             ;
;  frac[6]     ; clk        ; 0.011  ; 0.289 ; Rise       ; clk             ;
;  frac[7]     ; clk        ; 1.250  ; 1.916 ; Rise       ; clk             ;
;  frac[8]     ; clk        ; 1.046  ; 1.669 ; Rise       ; clk             ;
;  frac[9]     ; clk        ; 1.222  ; 1.886 ; Rise       ; clk             ;
;  frac[10]    ; clk        ; 0.917  ; 1.524 ; Rise       ; clk             ;
;  frac[11]    ; clk        ; 1.095  ; 1.723 ; Rise       ; clk             ;
;  frac[12]    ; clk        ; 1.229  ; 1.858 ; Rise       ; clk             ;
;  frac[13]    ; clk        ; 0.984  ; 1.564 ; Rise       ; clk             ;
;  frac[14]    ; clk        ; 1.140  ; 1.744 ; Rise       ; clk             ;
;  frac[15]    ; clk        ; 1.111  ; 1.741 ; Rise       ; clk             ;
;  frac[16]    ; clk        ; 1.129  ; 1.753 ; Rise       ; clk             ;
;  frac[17]    ; clk        ; 1.321  ; 1.985 ; Rise       ; clk             ;
;  frac[18]    ; clk        ; 1.046  ; 1.654 ; Rise       ; clk             ;
;  frac[19]    ; clk        ; 1.022  ; 1.642 ; Rise       ; clk             ;
;  frac[20]    ; clk        ; 1.071  ; 1.698 ; Rise       ; clk             ;
;  frac[21]    ; clk        ; 1.134  ; 1.766 ; Rise       ; clk             ;
;  frac[22]    ; clk        ; 1.164  ; 1.768 ; Rise       ; clk             ;
;  frac[23]    ; clk        ; 0.972  ; 1.583 ; Rise       ; clk             ;
;  frac[24]    ; clk        ; 1.233  ; 1.877 ; Rise       ; clk             ;
;  frac[25]    ; clk        ; -0.117 ; 0.198 ; Rise       ; clk             ;
;  frac[26]    ; clk        ; 1.203  ; 1.856 ; Rise       ; clk             ;
;  frac[27]    ; clk        ; 1.205  ; 1.831 ; Rise       ; clk             ;
;  frac[28]    ; clk        ; 1.188  ; 1.808 ; Rise       ; clk             ;
;  frac[29]    ; clk        ; -0.007 ; 0.259 ; Rise       ; clk             ;
;  frac[30]    ; clk        ; 1.356  ; 2.013 ; Rise       ; clk             ;
;  frac[31]    ; clk        ; 0.196  ; 0.439 ; Rise       ; clk             ;
;  frac[32]    ; clk        ; 1.325  ; 1.982 ; Rise       ; clk             ;
;  frac[33]    ; clk        ; 1.246  ; 1.928 ; Rise       ; clk             ;
;  frac[34]    ; clk        ; 1.232  ; 1.895 ; Rise       ; clk             ;
;  frac[35]    ; clk        ; 1.320  ; 1.985 ; Rise       ; clk             ;
;  frac[36]    ; clk        ; 1.011  ; 1.600 ; Rise       ; clk             ;
;  frac[37]    ; clk        ; 1.386  ; 2.051 ; Rise       ; clk             ;
;  frac[38]    ; clk        ; 1.141  ; 1.788 ; Rise       ; clk             ;
;  frac[39]    ; clk        ; 1.273  ; 1.910 ; Rise       ; clk             ;
;  frac[40]    ; clk        ; 1.012  ; 1.628 ; Rise       ; clk             ;
;  frac[41]    ; clk        ; 0.963  ; 1.565 ; Rise       ; clk             ;
;  frac[42]    ; clk        ; 1.349  ; 2.013 ; Rise       ; clk             ;
;  frac[43]    ; clk        ; 1.601  ; 2.329 ; Rise       ; clk             ;
;  frac[44]    ; clk        ; 1.149  ; 1.816 ; Rise       ; clk             ;
;  frac[45]    ; clk        ; 1.384  ; 2.073 ; Rise       ; clk             ;
;  frac[46]    ; clk        ; 1.437  ; 2.110 ; Rise       ; clk             ;
;  frac[47]    ; clk        ; 1.310  ; 1.956 ; Rise       ; clk             ;
;  frac[48]    ; clk        ; 1.271  ; 1.928 ; Rise       ; clk             ;
;  frac[49]    ; clk        ; 1.314  ; 1.972 ; Rise       ; clk             ;
;  frac[50]    ; clk        ; 1.196  ; 1.826 ; Rise       ; clk             ;
;  frac[51]    ; clk        ; 1.249  ; 1.932 ; Rise       ; clk             ;
;  frac[52]    ; clk        ; 1.190  ; 1.825 ; Rise       ; clk             ;
;  frac[53]    ; clk        ; 1.488  ; 2.174 ; Rise       ; clk             ;
;  frac[54]    ; clk        ; 1.364  ; 2.036 ; Rise       ; clk             ;
; is_nar       ; clk        ; 1.300  ; 1.935 ; Rise       ; clk             ;
; is_zero      ; clk        ; 0.908  ; 1.517 ; Rise       ; clk             ;
; sf[*]        ; clk        ; 1.376  ; 2.040 ; Rise       ; clk             ;
;  sf[0]       ; clk        ; 1.344  ; 2.012 ; Rise       ; clk             ;
;  sf[1]       ; clk        ; -0.037 ; 0.232 ; Rise       ; clk             ;
;  sf[2]       ; clk        ; 1.167  ; 1.798 ; Rise       ; clk             ;
;  sf[3]       ; clk        ; 1.132  ; 1.754 ; Rise       ; clk             ;
;  sf[4]       ; clk        ; 1.154  ; 1.786 ; Rise       ; clk             ;
;  sf[5]       ; clk        ; 1.116  ; 1.726 ; Rise       ; clk             ;
;  sf[6]       ; clk        ; 1.376  ; 2.040 ; Rise       ; clk             ;
;  sf[7]       ; clk        ; 1.208  ; 1.863 ; Rise       ; clk             ;
;  sf[8]       ; clk        ; 0.146  ; 0.400 ; Rise       ; clk             ;
;  sf[9]       ; clk        ; 1.301  ; 1.940 ; Rise       ; clk             ;
; sign         ; clk        ; 1.117  ; 1.822 ; Rise       ; clk             ;
; sticky       ; clk        ; 0.994  ; 1.593 ; Rise       ; clk             ;
+--------------+------------+--------+-------+------------+-----------------+


+----------------------------------------------------------------------------+
; Hold Times                                                                 ;
+--------------+------------+--------+--------+------------+-----------------+
; Data Port    ; Clock Port ; Rise   ; Fall   ; Clock Edge ; Clock Reference ;
+--------------+------------+--------+--------+------------+-----------------+
; flags_in[*]  ; clk        ; -0.818 ; -1.412 ; Rise       ; clk             ;
;  flags_in[0] ; clk        ; -0.851 ; -1.465 ; Rise       ; clk             ;
;  flags_in[1] ; clk        ; -0.818 ; -1.412 ; Rise       ; clk             ;
;  flags_in[2] ; clk        ; -0.887 ; -1.496 ; Rise       ; clk             ;
;  flags_in[3] ; clk        ; -1.149 ; -1.816 ; Rise       ; clk             ;
;  flags_in[4] ; clk        ; -1.024 ; -1.703 ; Rise       ; clk             ;
; frac[*]      ; clk        ; 0.278  ; -0.040 ; Rise       ; clk             ;
;  frac[0]     ; clk        ; -0.889 ; -1.504 ; Rise       ; clk             ;
;  frac[1]     ; clk        ; -0.798 ; -1.381 ; Rise       ; clk             ;
;  frac[2]     ; clk        ; 0.207  ; -0.071 ; Rise       ; clk             ;
;  frac[3]     ; clk        ; -1.004 ; -1.624 ; Rise       ; clk             ;
;  frac[4]     ; clk        ; -0.719 ; -1.301 ; Rise       ; clk             ;
;  frac[5]     ; clk        ; -0.968 ; -1.582 ; Rise       ; clk             ;
;  frac[6]     ; clk        ; 0.156  ; -0.126 ; Rise       ; clk             ;
;  frac[7]     ; clk        ; -1.030 ; -1.684 ; Rise       ; clk             ;
;  frac[8]     ; clk        ; -0.835 ; -1.447 ; Rise       ; clk             ;
;  frac[9]     ; clk        ; -1.003 ; -1.655 ; Rise       ; clk             ;
;  frac[10]    ; clk        ; -0.706 ; -1.296 ; Rise       ; clk             ;
;  frac[11]    ; clk        ; -0.881 ; -1.500 ; Rise       ; clk             ;
;  frac[12]    ; clk        ; -1.010 ; -1.629 ; Rise       ; clk             ;
;  frac[13]    ; clk        ; -0.773 ; -1.347 ; Rise       ; clk             ;
;  frac[14]    ; clk        ; -0.923 ; -1.519 ; Rise       ; clk             ;
;  frac[15]    ; clk        ; -0.897 ; -1.516 ; Rise       ; clk             ;
;  frac[16]    ; clk        ; -0.914 ; -1.528 ; Rise       ; clk             ;
;  frac[17]    ; clk        ; -1.098 ; -1.751 ; Rise       ; clk             ;
;  frac[18]    ; clk        ; -0.832 ; -1.433 ; Rise       ; clk             ;
;  frac[19]    ; clk        ; -0.806 ; -1.410 ; Rise       ; clk             ;
;  frac[20]    ; clk        ; -0.852 ; -1.464 ; Rise       ; clk             ;
;  frac[21]    ; clk        ; -0.920 ; -1.541 ; Rise       ; clk             ;
;  frac[22]    ; clk        ; -0.947 ; -1.544 ; Rise       ; clk             ;
;  frac[23]    ; clk        ; -0.764 ; -1.366 ; Rise       ; clk             ;
;  frac[24]    ; clk        ; -1.013 ; -1.648 ; Rise       ; clk             ;
;  frac[25]    ; clk        ; 0.278  ; -0.040 ; Rise       ; clk             ;
;  frac[26]    ; clk        ; -0.986 ; -1.627 ; Rise       ; clk             ;
;  frac[27]    ; clk        ; -0.986 ; -1.604 ; Rise       ; clk             ;
;  frac[28]    ; clk        ; -0.967 ; -1.580 ; Rise       ; clk             ;
;  frac[29]    ; clk        ; 0.173  ; -0.098 ; Rise       ; clk             ;
;  frac[30]    ; clk        ; -1.131 ; -1.778 ; Rise       ; clk             ;
;  frac[31]    ; clk        ; -0.021 ; -0.270 ; Rise       ; clk             ;
;  frac[32]    ; clk        ; -1.103 ; -1.749 ; Rise       ; clk             ;
;  frac[33]    ; clk        ; -1.027 ; -1.697 ; Rise       ; clk             ;
;  frac[34]    ; clk        ; -1.014 ; -1.665 ; Rise       ; clk             ;
;  frac[35]    ; clk        ; -1.098 ; -1.752 ; Rise       ; clk             ;
;  frac[36]    ; clk        ; -0.799 ; -1.381 ; Rise       ; clk             ;
;  frac[37]    ; clk        ; -1.159 ; -1.814 ; Rise       ; clk             ;
;  frac[38]    ; clk        ; -0.925 ; -1.561 ; Rise       ; clk             ;
;  frac[39]    ; clk        ; -1.052 ; -1.679 ; Rise       ; clk             ;
;  frac[40]    ; clk        ; -0.801 ; -1.408 ; Rise       ; clk             ;
;  frac[41]    ; clk        ; -0.755 ; -1.347 ; Rise       ; clk             ;
;  frac[42]    ; clk        ; -1.126 ; -1.778 ; Rise       ; clk             ;
;  frac[43]    ; clk        ; -1.367 ; -2.081 ; Rise       ; clk             ;
;  frac[44]    ; clk        ; -0.929 ; -1.577 ; Rise       ; clk             ;
;  frac[45]    ; clk        ; -1.157 ; -1.834 ; Rise       ; clk             ;
;  frac[46]    ; clk        ; -1.209 ; -1.870 ; Rise       ; clk             ;
;  frac[47]    ; clk        ; -1.086 ; -1.722 ; Rise       ; clk             ;
;  frac[48]    ; clk        ; -1.050 ; -1.695 ; Rise       ; clk             ;
;  frac[49]    ; clk        ; -1.092 ; -1.738 ; Rise       ; clk             ;
;  frac[50]    ; clk        ; -0.979 ; -1.598 ; Rise       ; clk             ;
;  frac[51]    ; clk        ; -1.029 ; -1.700 ; Rise       ; clk             ;
;  frac[52]    ; clk        ; -0.970 ; -1.597 ; Rise       ; clk             ;
;  frac[53]    ; clk        ; -1.259 ; -1.932 ; Rise       ; clk             ;
;  frac[54]    ; clk        ; -1.139 ; -1.799 ; Rise       ; clk             ;
; is_nar       ; clk        ; -1.076 ; -1.703 ; Rise       ; clk             ;
; is_zero      ; clk        ; -0.684 ; -1.285 ; Rise       ; clk             ;
; sf[*]        ; clk        ; 0.202  ; -0.071 ; Rise       ; clk             ;
;  sf[0]       ; clk        ; -1.120 ; -1.776 ; Rise       ; clk             ;
;  sf[1]       ; clk        ; 0.202  ; -0.071 ; Rise       ; clk             ;
;  sf[2]       ; clk        ; -0.950 ; -1.571 ; Rise       ; clk             ;
;  sf[3]       ; clk        ; -0.915 ; -1.529 ; Rise       ; clk             ;
;  sf[4]       ; clk        ; -0.938 ; -1.560 ; Rise       ; clk             ;
;  sf[5]       ; clk        ; -0.901 ; -1.502 ; Rise       ; clk             ;
;  sf[6]       ; clk        ; -1.150 ; -1.803 ; Rise       ; clk             ;
;  sf[7]       ; clk        ; -0.990 ; -1.634 ; Rise       ; clk             ;
;  sf[8]       ; clk        ; 0.027  ; -0.232 ; Rise       ; clk             ;
;  sf[9]       ; clk        ; -1.077 ; -1.707 ; Rise       ; clk             ;
; sign         ; clk        ; -0.882 ; -1.567 ; Rise       ; clk             ;
; sticky       ; clk        ; -0.784 ; -1.374 ; Rise       ; clk             ;
+--------------+------------+--------+--------+------------+-----------------+


+-----------------------------------------------------------------------+
; Clock to Output Times                                                 ;
+-----------+------------+-------+-------+------------+-----------------+
; Data Port ; Clock Port ; Rise  ; Fall  ; Clock Edge ; Clock Reference ;
+-----------+------------+-------+-------+------------+-----------------+
; d[*]      ; clk        ; 4.887 ; 5.115 ; Rise       ; clk             ;
;  d[0]     ; clk        ; 3.861 ; 3.983 ; Rise       ; clk             ;
;  d[1]     ; clk        ; 4.153 ; 4.317 ; Rise       ; clk             ;
;  d[2]     ; clk        ; 3.968 ; 4.113 ; Rise       ; clk             ;
;  d[3]     ; clk        ; 4.025 ; 4.196 ; Rise       ; clk             ;
;  d[4]     ; clk        ; 3.741 ; 3.861 ; Rise       ; clk             ;
;  d[5]     ; clk        ; 4.420 ; 4.659 ; Rise       ; clk             ;
;  d[6]     ; clk        ; 3.761 ; 3.908 ; Rise       ; clk             ;
;  d[7]     ; clk        ; 4.093 ; 4.276 ; Rise       ; clk             ;
;  d[8]     ; clk        ; 3.740 ; 3.874 ; Rise       ; clk             ;
;  d[9]     ; clk        ; 3.940 ; 4.073 ; Rise       ; clk             ;
;  d[10]    ; clk        ; 3.709 ; 3.819 ; Rise       ; clk             ;
;  d[11]    ; clk        ; 3.665 ; 3.774 ; Rise       ; clk             ;
;  d[12]    ; clk        ; 4.788 ; 4.982 ; Rise       ; clk             ;
;  d[13]    ; clk        ; 3.753 ; 3.863 ; Rise       ; clk             ;
;  d[14]    ; clk        ; 3.868 ; 3.995 ; Rise       ; clk             ;
;  d[15]    ; clk        ; 4.887 ; 5.115 ; Rise       ; clk             ;
;  d[16]    ; clk        ; 4.598 ; 4.794 ; Rise       ; clk             ;
;  d[17]    ; clk        ; 3.606 ; 3.711 ; Rise       ; clk             ;
;  d[18]    ; clk        ; 3.820 ; 3.926 ; Rise       ; clk             ;
;  d[19]    ; clk        ; 3.648 ; 3.757 ; Rise       ; clk             ;
;  d[20]    ; clk        ; 4.791 ; 5.014 ; Rise       ; clk             ;
;  d[21]    ; clk        ; 4.072 ; 4.227 ; Rise       ; clk             ;
;  d[22]    ; clk        ; 4.322 ; 4.539 ; Rise       ; clk             ;
;  d[23]    ; clk        ; 3.947 ; 4.107 ; Rise       ; clk             ;
;  d[24]    ; clk        ; 3.760 ; 3.897 ; Rise       ; clk             ;
;  d[25]    ; clk        ; 3.758 ; 3.908 ; Rise       ; clk             ;
;  d[26]    ; clk        ; 4.015 ; 4.158 ; Rise       ; clk             ;
;  d[27]    ; clk        ; 4.483 ; 4.725 ; Rise       ; clk             ;
;  d[28]    ; clk        ; 3.891 ; 4.073 ; Rise       ; clk             ;
;  d[29]    ; clk        ; 4.103 ; 4.264 ; Rise       ; clk             ;
;  d[30]    ; clk        ; 3.723 ; 3.833 ; Rise       ; clk             ;
;  d[31]    ; clk        ; 4.521 ; 4.728 ; Rise       ; clk             ;
; flags[*]  ; clk        ; 3.979 ; 4.127 ; Rise       ; clk             ;
;  flags[0] ; clk        ; 3.787 ; 3.911 ; Rise       ; clk             ;
;  flags[1] ; clk        ; 3.585 ; 3.696 ; Rise       ; clk             ;
;  flags[2] ; clk        ; 3.898 ; 4.062 ; Rise       ; clk             ;
;  flags[3] ; clk        ; 3.979 ; 4.127 ; Rise       ; clk             ;
;  flags[4] ; clk        ; 3.936 ; 4.092 ; Rise       ; clk             ;
; out_valid ; clk        ; 3.144 ; 3.208 ; Rise       ; clk             ;
+-----------+------------+-------+-------+------------+-----------------+


+-----------------------------------------------------------------------+
; Minimum Clock to Output Times                                         ;
+-----------+------------+-------+-------+------------+-----------------+
; Data Port ; Clock Port ; Rise  ; Fall  ; Clock Edge ; Clock Reference ;
+-----------+------------+-------+-------+------------+-----------------+
; d[*]      ; clk        ; 3.483 ; 3.585 ; Rise       ; clk             ;
;  d[0]     ; clk        ; 3.730 ; 3.847 ; Rise       ; clk             ;
;  d[1]     ; clk        ; 4.009 ; 4.167 ; Rise       ; clk             ;
;  d[2]     ; clk        ; 3.830 ; 3.969 ; Rise       ; clk             ;
;  d[3]     ; clk        ; 3.890 ; 4.055 ; Rise       ; clk             ;
;  d[4]     ; clk        ; 3.613 ; 3.727 ; Rise       ; clk             ;
;  d[5]     ; clk        ; 4.268 ; 4.499 ; Rise       ; clk             ;
;  d[6]     ; clk        ; 3.635 ; 3.777 ; Rise       ; clk             ;
;  d[7]     ; clk        ; 3.952 ; 4.127 ; Rise       ; clk             ;
;  d[8]     ; clk        ; 3.615 ; 3.745 ; Rise       ; clk             ;
;  d[9]     ; clk        ; 3.805 ; 3.932 ; Rise       ; clk             ;
;  d[10]    ; clk        ; 3.582 ; 3.688 ; Rise       ; clk             ;
;  d[11]    ; clk        ; 3.543 ; 3.649 ; Rise       ; clk             ;
;  d[12]    ; clk        ; 4.656 ; 4.845 ; Rise       ; clk             ;
;  d[13]    ; clk        ; 3.627 ; 3.734 ; Rise       ; clk             ;
;  d[14]    ; clk        ; 3.736 ; 3.858 ; Rise       ; clk             ;
;  d[15]    ; clk        ; 4.751 ; 4.972 ; Rise       ; clk             ;
;  d[16]    ; clk        ; 4.475 ; 4.665 ; Rise       ; clk             ;
;  d[17]    ; clk        ; 3.483 ; 3.585 ; Rise       ; clk             ;
;  d[18]    ; clk        ; 3.690 ; 3.792 ; Rise       ; clk             ;
;  d[19]    ; clk        ; 3.525 ; 3.630 ; Rise       ; clk             ;
;  d[20]    ; clk        ; 4.660 ; 4.877 ; Rise       ; clk             ;
;  d[21]    ; clk        ; 3.930 ; 4.079 ; Rise       ; clk             ;
;  d[22]    ; clk        ; 4.174 ; 4.384 ; Rise       ; clk             ;
;  d[23]    ; clk        ; 3.810 ; 3.964 ; Rise       ; clk             ;
;  d[24]    ; clk        ; 3.632 ; 3.763 ; Rise       ; clk             ;
;  d[25]    ; clk        ; 3.634 ; 3.778 ; Rise       ; clk             ;
;  d[26]    ; clk        ; 3.880 ; 4.018 ; Rise       ; clk             ;
;  d[27]    ; clk        ; 4.325 ; 4.558 ; Rise       ; clk             ;
;  d[28]    ; clk        ; 3.761 ; 3.937 ; Rise       ; clk             ;
;  d[29]    ; clk        ; 3.961 ; 4.115 ; Rise       ; clk             ;
;  d[30]    ; clk        ; 3.596 ; 3.702 ; Rise       ; clk             ;
;  d[31]    ; clk        ; 4.362 ; 4.561 ; Rise       ; clk             ;
; flags[*]  ; clk        ; 3.463 ; 3.570 ; Rise       ; clk             ;
;  flags[0] ; clk        ; 3.658 ; 3.777 ; Rise       ; clk             ;
;  flags[1] ; clk        ; 3.463 ; 3.570 ; Rise       ; clk             ;
;  flags[2] ; clk        ; 3.766 ; 3.925 ; Rise       ; clk             ;
;  flags[3] ; clk        ; 3.842 ; 3.984 ; Rise       ; clk             ;
;  flags[4] ; clk        ; 3.799 ; 3.950 ; Rise       ; clk             ;
; out_valid ; clk        ; 3.043 ; 3.106 ; Rise       ; clk             ;
+-----------+------------+-------+-------+------------+-----------------+


---------------------------------------------
; Fast 1200mV 0C Model Metastability Report ;
---------------------------------------------
No synchronizer chains to report.


+-----------------------------------------------------------------------------+
; Multicorner Timing Analysis Summary                                         ;
+------------------+-------+-------+----------+---------+---------------------+
; Clock            ; Setup ; Hold  ; Recovery ; Removal ; Minimum Pulse Width ;
+------------------+-------+-------+----------+---------+---------------------+
; Worst-case Slack ; 0.312 ; 0.192 ; 7.165    ; 1.134   ; 4.415               ;
;  clk             ; 0.312 ; 0.192 ; 7.165    ; 1.134   ; 4.415               ;
; Design-wide TNS  ; 0.0   ; 0.0   ; 0.0      ; 0.0     ; 0.0                 ;
;  clk             ; 0.000 ; 0.000 ; 0.000    ; 0.000   ; 0.000               ;
+------------------+-------+-------+----------+---------+---------------------+


+---------------------------------------------------------------------------+
; Setup Times                                                               ;
+--------------+------------+--------+-------+------------+-----------------+
; Data Port    ; Clock Port ; Rise   ; Fall  ; Clock Edge ; Clock Reference ;
+--------------+------------+--------+-------+------------+-----------------+
; flags_in[*]  ; clk        ; 2.387  ; 2.953 ; Rise       ; clk             ;
;  flags_in[0] ; clk        ; 1.917  ; 2.378 ; Rise       ; clk             ;
;  flags_in[1] ; clk        ; 1.837  ; 2.298 ; Rise       ; clk             ;
;  flags_in[2] ; clk        ; 1.937  ; 2.411 ; Rise       ; clk             ;
;  flags_in[3] ; clk        ; 2.387  ; 2.953 ; Rise       ; clk             ;
;  flags_in[4] ; clk        ; 2.131  ; 2.695 ; Rise       ; clk             ;
; frac[*]      ; clk        ; 2.788  ; 3.397 ; Rise       ; clk             ;
;  frac[0]     ; clk        ; 1.978  ; 2.450 ; Rise       ; clk             ;
;  frac[1]     ; clk        ; 1.805  ; 2.254 ; Rise       ; clk             ;
;  frac[2]     ; clk        ; -0.037 ; 0.244 ; Rise       ; clk             ;
;  frac[3]     ; clk        ; 2.177  ; 2.662 ; Rise       ; clk             ;
;  frac[4]     ; clk        ; 1.657  ; 2.091 ; Rise       ; clk             ;
;  frac[5]     ; clk        ; 2.127  ; 2.579 ; Rise       ; clk             ;
;  frac[6]     ; clk        ; 0.011  ; 0.289 ; Rise       ; clk             ;
;  frac[7]     ; clk        ; 2.161  ; 2.717 ; Rise       ; clk             ;
;  frac[8]     ; clk        ; 1.812  ; 2.313 ; Rise       ; clk             ;
;  frac[9]     ; clk        ; 2.146  ; 2.692 ; Rise       ; clk             ;
;  frac[10]    ; clk        ; 1.602  ; 2.081 ; Rise       ; clk             ;
;  frac[11]    ; clk        ; 1.954  ; 2.426 ; Rise       ; clk             ;
;  frac[12]    ; clk        ; 2.200  ; 2.658 ; Rise       ; clk             ;
;  frac[13]    ; clk        ; 1.775  ; 2.195 ; Rise       ; clk             ;
;  frac[14]    ; clk        ; 2.050  ; 2.500 ; Rise       ; clk             ;
;  frac[15]    ; clk        ; 1.961  ; 2.447 ; Rise       ; clk             ;
;  frac[16]    ; clk        ; 1.981  ; 2.467 ; Rise       ; clk             ;
;  frac[17]    ; clk        ; 2.344  ; 2.853 ; Rise       ; clk             ;
;  frac[18]    ; clk        ; 1.871  ; 2.332 ; Rise       ; clk             ;
;  frac[19]    ; clk        ; 1.808  ; 2.265 ; Rise       ; clk             ;
;  frac[20]    ; clk        ; 1.921  ; 2.375 ; Rise       ; clk             ;
;  frac[21]    ; clk        ; 2.034  ; 2.493 ; Rise       ; clk             ;
;  frac[22]    ; clk        ; 2.051  ; 2.522 ; Rise       ; clk             ;
;  frac[23]    ; clk        ; 1.745  ; 2.207 ; Rise       ; clk             ;
;  frac[24]    ; clk        ; 2.182  ; 2.671 ; Rise       ; clk             ;
;  frac[25]    ; clk        ; -0.117 ; 0.198 ; Rise       ; clk             ;
;  frac[26]    ; clk        ; 2.124  ; 2.657 ; Rise       ; clk             ;
;  frac[27]    ; clk        ; 2.134  ; 2.608 ; Rise       ; clk             ;
;  frac[28]    ; clk        ; 2.096  ; 2.574 ; Rise       ; clk             ;
;  frac[29]    ; clk        ; 0.014  ; 0.259 ; Rise       ; clk             ;
;  frac[30]    ; clk        ; 2.410  ; 2.898 ; Rise       ; clk             ;
;  frac[31]    ; clk        ; 0.256  ; 0.439 ; Rise       ; clk             ;
;  frac[32]    ; clk        ; 2.328  ; 2.841 ; Rise       ; clk             ;
;  frac[33]    ; clk        ; 2.201  ; 2.746 ; Rise       ; clk             ;
;  frac[34]    ; clk        ; 2.180  ; 2.695 ; Rise       ; clk             ;
;  frac[35]    ; clk        ; 2.343  ; 2.858 ; Rise       ; clk             ;
;  frac[36]    ; clk        ; 1.822  ; 2.258 ; Rise       ; clk             ;
;  frac[37]    ; clk        ; 2.458  ; 2.958 ; Rise       ; clk             ;
;  frac[38]    ; clk        ; 2.046  ; 2.560 ; Rise       ; clk             ;
;  frac[39]    ; clk        ; 2.272  ; 2.735 ; Rise       ; clk             ;
;  frac[40]    ; clk        ; 1.788  ; 2.279 ; Rise       ; clk             ;
;  frac[41]    ; clk        ; 1.708  ; 2.181 ; Rise       ; clk             ;
;  frac[42]    ; clk        ; 2.366  ; 2.896 ; Rise       ; clk             ;
;  frac[43]    ; clk        ; 2.788  ; 3.397 ; Rise       ; clk             ;
;  frac[44]    ; clk        ; 2.010  ; 2.530 ; Rise       ; clk             ;
;  frac[45]    ; clk        ; 2.418  ; 2.944 ; Rise       ; clk             ;
;  frac[46]    ; clk        ; 2.556  ; 3.055 ; Rise       ; clk             ;
;  frac[47]    ; clk        ; 2.323  ; 2.795 ; Rise       ; clk             ;
;  frac[48]    ; clk        ; 2.275  ; 2.763 ; Rise       ; clk             ;
;  frac[49]    ; clk        ; 2.343  ; 2.840 ; Rise       ; clk             ;
;  frac[50]    ; clk        ; 2.168  ; 2.631 ; Rise       ; clk             ;
;  frac[51]    ; clk        ; 2.176  ; 2.742 ; Rise       ; clk             ;
;  frac[52]    ; clk        ; 2.123  ; 2.604 ; Rise       ; clk             ;
;  frac[53]    ; clk        ; 2.610  ; 3.137 ; Rise       ; clk             ;
;  frac[54]    ; clk        ; 2.387  ; 2.915 ; Rise       ; clk             ;
; is_nar       ; clk        ; 2.308  ; 2.786 ; Rise       ; clk             ;
; is_zero      ; clk        ; 1.623  ; 2.063 ; Rise       ; clk             ;
; sf[*]        ; clk        ; 2.422  ; 2.929 ; Rise       ; clk             ;
;  sf[0]       ; clk        ; 2.368  ; 2.879 ; Rise       ; clk             ;
;  sf[1]       ; clk        ; -0.037 ; 0.232 ; Rise       ; clk             ;
;  sf[2]       ; clk        ; 2.066  ; 2.552 ; Rise       ; clk             ;
;  sf[3]       ; clk        ; 2.030  ; 2.492 ; Rise       ; clk             ;
;  sf[4]       ; clk        ; 2.031  ; 2.539 ; Rise       ; clk             ;
;  sf[5]       ; clk        ; 1.979  ; 2.427 ; Rise       ; clk             ;
;  sf[6]       ; clk        ; 2.422  ; 2.929 ; Rise       ; clk             ;
;  sf[7]       ; clk        ; 2.119  ; 2.637 ; Rise       ; clk             ;
;  sf[8]       ; clk        ; 0.210  ; 0.400 ; Rise       ; clk             ;
;  sf[9]       ; clk        ; 2.325  ; 2.814 ; Rise       ; clk             ;
; sign         ; clk        ; 1.938  ; 2.490 ; Rise       ; clk             ;
; sticky       ; clk        ; 1.765  ; 2.223 ; Rise       ; clk             ;
+--------------+------------+--------+-------+------------+-----------------+


+----------------------------------------------------------------------------+
; Hold Times                                                                 ;
+--------------+------------+--------+--------+------------+-----------------+
; Data Port    ; Clock Port ; Rise   ; Fall   ; Clock Edge ; Clock Reference ;
+--------------+------------+--------+--------+------------+-----------------+
; flags_in[*]  ; clk        ; -0.818 ; -1.412 ; Rise       ; clk             ;
;  flags_in[0] ; clk        ; -0.851 ; -1.465 ; Rise       ; clk             ;
;  flags_in[1] ; clk        ; -0.818 ; -1.412 ; Rise       ; clk             ;
;  flags_in[2] ; clk        ; -0.887 ; -1.496 ; Rise       ; clk             ;
;  flags_in[3] ; clk        ; -1.149 ; -1.816 ; Rise       ; clk             ;
;  flags_in[4] ; clk        ; -1.024 ; -1.703 ; Rise       ; clk             ;
; frac[*]      ; clk        ; 0.470  ; 0.319  ; Rise       ; clk             ;
;  frac[0]     ; clk        ; -0.889 ; -1.504 ; Rise       ; clk             ;
;  frac[1]     ; clk        ; -0.798 ; -1.381 ; Rise       ; clk             ;
;  frac[2]     ; clk        ; 0.399  ; 0.300  ; Rise       ; clk             ;
;  frac[3]     ; clk        ; -1.004 ; -1.624 ; Rise       ; clk             ;
;  frac[4]     ; clk        ; -0.719 ; -1.301 ; Rise       ; clk             ;
;  frac[5]     ; clk        ; -0.968 ; -1.582 ; Rise       ; clk             ;
;  frac[6]     ; clk        ; 0.305  ; 0.172  ; Rise       ; clk             ;
;  frac[7]     ; clk        ; -1.030 ; -1.684 ; Rise       ; clk             ;
;  frac[8]     ; clk        ; -0.835 ; -1.447 ; Rise       ; clk             ;
;  frac[9]     ; clk        ; -1.003 ; -1.655 ; Rise       ; clk             ;
;  frac[10]    ; clk        ; -0.706 ; -1.296 ; Rise       ; clk             ;
;  frac[11]    ; clk        ; -0.881 ; -1.500 ; Rise       ; clk             ;
;  frac[12]    ; clk        ; -1.010 ; -1.629 ; Rise       ; clk             ;
;  frac[13]    ; clk        ; -0.773 ; -1.347 ; Rise       ; clk             ;
;  frac[14]    ; clk        ; -0.923 ; -1.519 ; Rise       ; clk             ;
;  frac[15]    ; clk        ; -0.897 ; -1.516 ; Rise       ; clk             ;
;  frac[16]    ; clk        ; -0.914 ; -1.528 ; Rise       ; clk             ;
;  frac[17]    ; clk        ; -1.098 ; -1.751 ; Rise       ; clk             ;
;  frac[18]    ; clk        ; -0.832 ; -1.433 ; Rise       ; clk             ;
;  frac[19]    ; clk        ; -0.806 ; -1.410 ; Rise       ; clk             ;
;  frac[20]    ; clk        ; -0.852 ; -1.464 ; Rise       ; clk             ;
;  frac[21]    ; clk        ; -0.920 ; -1.541 ; Rise       ; clk             ;
;  frac[22]    ; clk        ; -0.947 ; -1.544 ; Rise       ; clk             ;
;  frac[23]    ; clk        ; -0.764 ; -1.366 ; Rise       ; clk             ;
;  frac[24]    ; clk        ; -1.013 ; -1.648 ; Rise       ; clk             ;
;  frac[25]    ; clk        ; 0.470  ; 0.319  ; Rise       ; clk             ;
;  frac[26]    ; clk        ; -0.986 ; -1.627 ; Rise       ; clk             ;
;  frac[27]    ; clk        ; -0.986 ; -1.604 ; Rise       ; clk             ;
;  frac[28]    ; clk        ; -0.967 ; -1.580 ; Rise       ; clk             ;
;  frac[29]    ; clk        ; 0.301  ; 0.209  ; Rise       ; clk             ;
;  frac[30]    ; clk        ; -1.131 ; -1.778 ; Rise       ; clk             ;
;  frac[31]    ; clk        ; 0.045  ; -0.048 ; Rise       ; clk             ;
;  frac[32]    ; clk        ; -1.103 ; -1.749 ; Rise       ; clk             ;
;  frac[33]    ; clk        ; -1.027 ; -1.697 ; Rise       ; clk             ;
;  frac[34]    ; clk        ; -1.014 ; -1.665 ; Rise       ; clk             ;
;  frac[35]    ; clk        ; -1.098 ; -1.752 ; Rise       ; clk             ;
;  frac[36]    ; clk        ; -0.799 ; -1.381 ; Rise       ; clk             ;
;  frac[37]    ; clk        ; -1.159 ; -1.814 ; Rise       ; clk             ;
;  frac[38]    ; clk        ; -0.925 ; -1.561 ; Rise       ; clk             ;
;  frac[39]    ; clk        ; -1.052 ; -1.679 ; Rise       ; clk             ;
;  frac[40]    ; clk        ; -0.801 ; -1.408 ; Rise       ; clk             ;
;  frac[41]    ; clk        ; -0.755 ; -1.347 ; Rise       ; clk             ;
;  frac[42]    ; clk        ; -1.126 ; -1.778 ; Rise       ; clk             ;
;  frac[43]    ; clk        ; -1.367 ; -2.081 ; Rise       ; clk             ;
;  frac[44]    ; clk        ; -0.929 ; -1.577 ; Rise       ; clk             ;
;  frac[45]    ; clk        ; -1.157 ; -1.834 ; Rise       ; clk             ;
;  frac[46]    ; clk        ; -1.209 ; -1.870 ; Rise       ; clk             ;
;  frac[47]    ; clk        ; -1.086 ; -1.722 ; Rise       ; clk             ;
;  frac[48]    ; clk        ; -1.050 ; -1.695 ; Rise       ; clk             ;
;  frac[49]    ; clk        ; -1.092 ; -1.738 ; Rise       ; clk             ;
;  frac[50]    ; clk        ; -0.979 ; -1.598 ; Rise       ; clk             ;
;  frac[51]    ; clk        ; -1.029 ; -1.700 ; Rise       ; clk             ;
;  frac[52]    ; clk        ; -0.970 ; -1.597 ; Rise       ; clk             ;
;  frac[53]    ; clk        ; -1.259 ; -1.932 ; Rise       ; clk             ;
;  frac[54]    ; clk        ; -1.139 ; -1.799 ; Rise       ; clk             ;
; is_nar       ; clk        ; -1.076 ; -1.703 ; Rise       ; clk             ;
; is_zero      ; clk        ; -0.684 ; -1.285 ; Rise       ; clk             ;
; sf[*]        ; clk        ; 0.365  ; 0.263  ; Rise       ; clk             ;
;  sf[0]       ; clk        ; -1.120 ; -1.776 ; Rise       ; clk             ;
;  sf[1]       ; clk        ; 0.365  ; 0.263  ; Rise       ; clk             ;
;  sf[2]       ; clk        ; -0.950 ; -1.571 ; Rise       ; clk             ;
;  sf[3]       ; clk        ; -0.915 ; -1.529 ; Rise       ; clk             ;
;  sf[4]       ; clk        ; -0.938 ; -1.560 ; Rise       ; clk             ;
;  sf[5]       ; clk        ; -0.901 ; -1.502 ; Rise       ; clk             ;
;  sf[6]       ; clk        ; -1.150 ; -1.803 ; Rise       ; clk             ;
;  sf[7]       ; clk        ; -0.990 ; -1.634 ; Rise       ; clk             ;
;  sf[8]       ; clk        ; 0.090  ; -0.001 ; Rise       ; clk             ;
;  sf[9]       ; clk        ; -1.077 ; -1.707 ; Rise       ; clk             ;
; sign         ; clk        ; -0.882 ; -1.567 ; Rise       ; clk             ;
; sticky       ; clk        ; -0.784 ; -1.374 ; Rise       ; clk             ;
+--------------+------------+--------+--------+------------+-----------------+


+-----------------------------------------------------------------------+
; Clock to Output Times                                                 ;
+-----------+------------+-------+-------+------------+-----------------+
; Data Port ; Clock Port ; Rise  ; Fall  ; Clock Edge ; Clock Reference ;
+-----------+------------+-------+-------+------------+-----------------+
; d[*]      ; clk        ; 8.067 ; 8.236 ; Rise       ; clk             ;
;  d[0]     ; clk        ; 6.666 ; 6.668 ; Rise       ; clk             ;
;  d[1]     ; clk        ; 7.156 ; 7.201 ; Rise       ; clk             ;
;  d[2]     ; clk        ; 6.770 ; 6.852 ; Rise       ; clk             ;
;  d[3]     ; clk        ; 6.911 ; 6.955 ; Rise       ; clk             ;
;  d[4]     ; clk        ; 6.411 ; 6.439 ; Rise       ; clk             ;
;  d[5]     ; clk        ; 7.595 ; 7.732 ; Rise       ; clk             ;
;  d[6]     ; clk        ; 6.425 ; 6.506 ; Rise       ; clk             ;
;  d[7]     ; clk        ; 7.018 ; 7.113 ; Rise       ; clk             ;
;  d[8]     ; clk        ; 6.446 ; 6.475 ; Rise       ; clk             ;
;  d[9]     ; clk        ; 6.751 ; 6.804 ; Rise       ; clk             ;
;  d[10]    ; clk        ; 6.376 ; 6.382 ; Rise       ; clk             ;
;  d[11]    ; clk        ; 6.306 ; 6.317 ; Rise       ; clk             ;
;  d[12]    ; clk        ; 7.926 ; 8.061 ; Rise       ; clk             ;
;  d[13]    ; clk        ; 6.473 ; 6.472 ; Rise       ; clk             ;
;  d[14]    ; clk        ; 6.646 ; 6.680 ; Rise       ; clk             ;
;  d[15]    ; clk        ; 8.067 ; 8.236 ; Rise       ; clk             ;
;  d[16]    ; clk        ; 7.500 ; 7.718 ; Rise       ; clk             ;
;  d[17]    ; clk        ; 6.160 ; 6.220 ; Rise       ; clk             ;
;  d[18]    ; clk        ; 6.591 ; 6.584 ; Rise       ; clk             ;
;  d[19]    ; clk        ; 6.288 ; 6.316 ; Rise       ; clk             ;
;  d[20]    ; clk        ; 7.847 ; 8.092 ; Rise       ; clk             ;
;  d[21]    ; clk        ; 6.958 ; 7.045 ; Rise       ; clk             ;
;  d[22]    ; clk        ; 7.420 ; 7.492 ; Rise       ; clk             ;
;  d[23]    ; clk        ; 6.817 ; 6.859 ; Rise       ; clk             ;
;  d[24]    ; clk        ; 6.461 ; 6.551 ; Rise       ; clk             ;
;  d[25]    ; clk        ; 6.430 ; 6.473 ; Rise       ; clk             ;
;  d[26]    ; clk        ; 6.918 ; 6.906 ; Rise       ; clk             ;
;  d[27]    ; clk        ; 7.678 ; 7.818 ; Rise       ; clk             ;
;  d[28]    ; clk        ; 6.628 ; 6.754 ; Rise       ; clk             ;
;  d[29]    ; clk        ; 7.005 ; 7.084 ; Rise       ; clk             ;
;  d[30]    ; clk        ; 6.357 ; 6.390 ; Rise       ; clk             ;
;  d[31]    ; clk        ; 7.741 ; 7.832 ; Rise       ; clk             ;
; flags[*]  ; clk        ; 6.826 ; 6.872 ; Rise       ; clk             ;
;  flags[0] ; clk        ; 6.464 ; 6.540 ; Rise       ; clk             ;
;  flags[1] ; clk        ; 6.145 ; 6.189 ; Rise       ; clk             ;
;  flags[2] ; clk        ; 6.663 ; 6.753 ; Rise       ; clk             ;
;  flags[3] ; clk        ; 6.826 ; 6.872 ; Rise       ; clk             ;
;  flags[4] ; clk        ; 6.719 ; 6.826 ; Rise       ; clk             ;
; out_valid ; clk        ; 5.382 ; 5.404 ; Rise       ; clk             ;
+-----------+------------+-------+-------+------------+-----------------+


+-----------------------------------------------------------------------+
; Minimum Clock to Output Times                                         ;
+-----------+------------+-------+-------+------------+-----------------+
; Data Port ; Clock Port ; Rise  ; Fall  ; Clock Edge ; Clock Reference ;
+-----------+------------+-------+-------+------------+-----------------+
; d[*]      ; clk        ; 3.483 ; 3.585 ; Rise       ; clk             ;
;  d[0]     ; clk        ; 3.730 ; 3.847 ; Rise       ; clk             ;
;  d[1]     ; clk        ; 4.009 ; 4.167 ; Rise       ; clk             ;
;  d[2]     ; clk        ; 3.830 ; 3.969 ; Rise       ; clk             ;
;  d[3]     ; clk        ; 3.890 ; 4.055 ; Rise       ; clk             ;
;  d[4]     ; clk        ; 3.613 ; 3.727 ; Rise       ; clk             ;
;  d[5]     ; clk        ; 4.268 ; 4.499 ; Rise       ; clk             ;
;  d[6]     ; clk        ; 3.635 ; 3.777 ; Rise       ; clk             ;
;  d[7]     ; clk        ; 3.952 ; 4.127 ; Rise       ; clk             ;
;  d[8]     ; clk        ; 3.615 ; 3.745 ; Rise       ; clk             ;
;  d[9]     ; clk        ; 3.805 ; 3.932 ; Rise       ; clk             ;
;  d[10]    ; clk        ; 3.582 ; 3.688 ; Rise       ; clk             ;
;  d[11]    ; clk        ; 3.543 ; 3.649 ; Rise       ; clk             ;
;  d[12]    ; clk        ; 4.656 ; 4.845 ; Rise       ; clk             ;
;  d[13]    ; clk        ; 3.627 ; 3.734 ; Rise       ; clk             ;
;  d[14]    ; clk        ; 3.736 ; 3.858 ; Rise       ; clk             ;
;  d[15]    ; clk        ; 4.751 ; 4.972 ; Rise       ; clk             ;
;  d[16]    ; clk        ; 4.475 ; 4.665 ; Rise       ; clk             ;
;  d[17]    ; clk        ; 3.483 ; 3.585 ; Rise       ; clk             ;
;  d[18]    ; clk        ; 3.690 ; 3.792 ; Rise       ; clk             ;
;  d[19]    ; clk        ; 3.525 ; 3.630 ; Rise       ; clk             ;
;  d[20]    ; clk        ; 4.660 ; 4.877 ; Rise       ; clk             ;
;  d[21]    ; clk        ; 3.930 ; 4.079 ; Rise       ; clk             ;
;  d[22]    ; clk        ; 4.174 ; 4.384 ; Rise       ; clk             ;
;  d[23]    ; clk        ; 3.810 ; 3.964 ; Rise       ; clk             ;
;  d[24]    ; clk        ; 3.632 ; 3.763 ; Rise       ; clk             ;
;  d[25]    ; clk        ; 3.634 ; 3.778 ; Rise       ; clk             ;
;  d[26]    ; clk        ; 3.880 ; 4.018 ; Rise       ; clk             ;
;  d[27]    ; clk        ; 4.325 ; 4.558 ; Rise       ; clk             ;
;  d[28]    ; clk        ; 3.761 ; 3.937 ; Rise       ; clk             ;
;  d[29]    ; clk        ; 3.961 ; 4.115 ; Rise       ; clk             ;
;  d[30]    ; clk        ; 3.596 ; 3.702 ; Rise       ; clk             ;
;  d[31]    ; clk        ; 4.362 ; 4.561 ; Rise       ; clk             ;
; flags[*]  ; clk        ; 3.463 ; 3.570 ; Rise       ; clk             ;
;  flags[0] ; clk        ; 3.658 ; 3.777 ; Rise       ; clk             ;
;  flags[1] ; clk        ; 3.463 ; 3.570 ; Rise       ; clk             ;
;  flags[2] ; clk        ; 3.766 ; 3.925 ; Rise       ; clk             ;
;  flags[3] ; clk        ; 3.842 ; 3.984 ; Rise       ; clk             ;
;  flags[4] ; clk        ; 3.799 ; 3.950 ; Rise       ; clk             ;
; out_valid ; clk        ; 3.043 ; 3.106 ; Rise       ; clk             ;
+-----------+------------+-------+-------+------------+-----------------+


+------------------------------------------------------------------------------------------------------------------------------------------------------------------------------------------------------------------------------------------------------------------------------------------------------------------------------------------------------------------------------------------------------------------+
; Board Trace Model Assignments                                                                                                                                                                                                                                                                                                                                                                                    ;
+---------------+--------------+-------------------+-------------------------+-------------------------+---------------+---------------------+----------------+------------------+--------+------------------+------------------------+------------------------+--------------+---------------+-----------------+-------+---------------------+--------------------+---------------+-----------------+-------------+
; Pin           ; I/O Standard ; Near Tline Length ; Near Tline L per Length ; Near Tline C per Length ; Near Series R ; Near Differential R ; Near Pull-up R ; Near Pull-down R ; Near C ; Far Tline Length ; Far Tline L per Length ; Far Tline C per Length ; Far Series R ; Far Pull-up R ; Far Pull-down R ; Far C ; Termination Voltage ; Far Differential R ; EBD File Name ; EBD Signal Name ; EBD Far-end ;
+---------------+--------------+-------------------+-------------------------+-------------------------+---------------+---------------------+----------------+------------------+--------+------------------+------------------------+------------------------+--------------+---------------+-----------------+-------+---------------------+--------------------+---------------+-----------------+-------------+
; out_valid     ; 2.5 V        ; 0 in              ; 0 H/in                  ; 0 F/in                  ; short         ; -                   ; open           ; open             ; open   ; 0 in             ; 0 H/in                 ; 0 F/in                 ; short        ; open          ; open            ; open  ; 0 V                 ; -                  ; n/a           ; n/a             ; n/a         ;
; d[0]          ; 2.5 V        ; 0 in              ; 0 H/in                  ; 0 F/in                  ; short         ; -                   ; open           ; open             ; open   ; 0 in             ; 0 H/in                 ; 0 F/in                 ; short        ; open          ; open            ; open  ; 0 V                 ; -                  ; n/a           ; n/a             ; n/a         ;
; d[1]          ; 2.5 V        ; 0 in              ; 0 H/in                  ; 0 F/in                  ; short         ; -                   ; open           ; open             ; open   ; 0 in             ; 0 H/in                 ; 0 F/in                 ; short        ; open          ; open            ; open  ; 0 V                 ; -                  ; n/a           ; n/a             ; n/a         ;
; d[2]          ; 2.5 V        ; 0 in              ; 0 H/in                  ; 0 F/in                  ; short         ; -                   ; open           ; open             ; open   ; 0 in             ; 0 H/in                 ; 0 F/in                 ; short        ; open          ; open            ; open  ; 0 V                 ; -                  ; n/a           ; n/a             ; n/a         ;
; d[3]          ; 2.5 V        ; 0 in              ; 0 H/in                  ; 0 F/in                  ; short         ; -                   ; open           ; open             ; open   ; 0 in             ; 0 H/in                 ; 0 F/in                 ; short        ; open          ; open            ; open  ; 0 V                 ; -                  ; n/a           ; n/a             ; n/a         ;
; d[4]          ; 2.5 V        ; 0 in              ; 0 H/in                  ; 0 F/in                  ; short         ; -                   ; open           ; open             ; open   ; 0 in             ; 0 H/in                 ; 0 F/in                 ; short        ; open          ; open            ; open  ; 0 V                 ; -                  ; n/a           ; n/a             ; n/a         ;
; d[5]          ; 2.5 V        ; 0 in              ; 0 H/in                  ; 0 F/in                  ; short         ; -                   ; open           ; open             ; open   ; 0 in             ; 0 H/in                 ; 0 F/in                 ; short        ; open          ; open            ; open  ; 0 V                 ; -                  ; n/a           ; n/a             ; n/a         ;
; d[6]          ; 2.5 V        ; 0 in              ; 0 H/in                  ; 0 F/in                  ; short         ; -                   ; open           ; open             ; open   ; 0 in             ; 0 H/in                 ; 0 F/in                 ; short        ; open          ; open            ; open  ; 0 V                 ; -                  ; n/a           ; n/a             ; n/a         ;
; d[7]          ; 2.5 V        ; 0 in              ; 0 H/in                  ; 0 F/in                  ; short         ; -                   ; open           ; open             ; open   ; 0 in             ; 0 H/in                 ; 0 F/in                 ; short        ; open          ; open            ; open  ; 0 V                 ; -                  ; n/a           ; n/a             ; n/a         ;
; d[8]          ; 2.5 V        ; 0 in              ; 0 H/in                  ; 0 F/in                  ; short         ; -                   ; open           ; open             ; open   ; 0 in             ; 0 H/in                 ; 0 F/in                 ; short        ; open          ; open            ; open  ; 0 V                 ; -                  ; n/a           ; n/a             ; n/a         ;
; d[9]          ; 2.5 V        ; 0 in              ; 0 H/in                  ; 0 F/in                  ; short         ; -                   ; open           ; open             ; open   ; 0 in             ; 0 H/in                 ; 0 F/in                 ; short        ; open          ; open            ; open  ; 0 V                 ; -                  ; n/a           ; n/a             ; n/a         ;
; d[10]         ; 2.5 V        ; 0 in              ; 0 H/in                  ; 0 F/in                  ; short         ; -                   ; open           ; open             ; open   ; 0 in             ; 0 H/in                 ; 0 F/in                 ; short        ; open          ; open            ; open  ; 0 V                 ; -                  ; n/a           ; n/a             ; n/a         ;
; d[11]         ; 2.5 V        ; 0 in              ; 0 H/in                  ; 0 F/in                  ; short         ; -                   ; open           ; open             ; open   ; 0 in             ; 0 H/in                 ; 0 F/in                 ; short        ; open          ; open            ; open  ; 0 V                 ; -                  ; n/a           ; n/a             ; n/a         ;
; d[12]         ; 2.5 V        ; 0 in              ; 0 H/in                  ; 0 F/in                  ; short         ; -                   ; open           ; open             ; open   ; 0 in             ; 0 H/in                 ; 0 F/in                 ; short        ; open          ; open            ; open  ; 0 V                 ; -                  ; n/a           ; n/a             ; n/a         ;
; d[13]         ; 2.5 V        ; 0 in              ; 0 H/in                  ; 0 F/in                  ; short         ; -                   ; open           ; open             ; open   ; 0 in             ; 0 H/in                 ; 0 F/in                 ; short        ; open          ; open            ; open  ; 0 V                 ; -                  ; n/a           ; n/a             ; n/a         ;
; d[14]         ; 2.5 V        ; 0 in              ; 0 H/in                  ; 0 F/in                  ; short         ; -                   ; open           ; open             ; open   ; 0 in             ; 0 H/in                 ; 0 F/in                 ; short        ; open          ; open            ; open  ; 0 V                 ; -                  ; n/a           ; n/a             ; n/a         ;
; d[15]         ; 2.5 V        ; 0 in              ; 0 H/in                  ; 0 F/in                  ; short         ; -                   ; open           ; open             ; open   ; 0 in             ; 0 H/in                 ; 0 F/in                 ; short        ; open          ; open            ; open  ; 0 V                 ; -                  ; n/a           ; n/a             ; n/a         ;
; d[16]         ; 2.5 V        ; 0 in              ; 0 H/in                  ; 0 F/in                  ; short         ; -                   ; open           ; open             ; open   ; 0 in             ; 0 H/in                 ; 0 F/in                 ; short        ; open          ; open            ; open  ; 0 V                 ; -                  ; n/a           ; n/a             ; n/a         ;
; d[17]         ; 2.5 V        ; 0 in              ; 0 H/in                  ; 0 F/in                  ; short         ; -                   ; open           ; open             ; open   ; 0 in             ; 0 H/in                 ; 0 F/in                 ; short        ; open          ; open            ; open  ; 0 V                 ; -                  ; n/a           ; n/a             ; n/a         ;
; d[18]         ; 2.5 V        ; 0 in              ; 0 H/in                  ; 0 F/in                  ; short         ; -                   ; open           ; open             ; open   ; 0 in             ; 0 H/in                 ; 0 F/in                 ; short        ; open          ; open            ; open  ; 0 V                 ; -                  ; n/a           ; n/a             ; n/a         ;
; d[19]         ; 2.5 V        ; 0 in              ; 0 H/in                  ; 0 F/in                  ; short         ; -                   ; open           ; open             ; open   ; 0 in             ; 0 H/in                 ; 0 F/in                 ; short        ; open          ; open            ; open  ; 0 V                 ; -                  ; n/a           ; n/a             ; n/a         ;
; d[20]         ; 2.5 V        ; 0 in              ; 0 H/in                  ; 0 F/in                  ; short         ; -                   ; open           ; open             ; open   ; 0 in             ; 0 H/in                 ; 0 F/in                 ; short        ; open          ; open            ; open  ; 0 V                 ; -                  ; n/a           ; n/a             ; n/a         ;
; d[21]         ; 2.5 V        ; 0 in              ; 0 H/in                  ; 0 F/in                  ; short         ; -                   ; open           ; open             ; open   ; 0 in             ; 0 H/in                 ; 0 F/in                 ; short        ; open          ; open            ; open  ; 0 V                 ; -                  ; n/a           ; n/a             ; n/a         ;
; d[22]         ; 2.5 V        ; 0 in              ; 0 H/in                  ; 0 F/in                  ; short         ; -                   ; open           ; open             ; open   ; 0 in             ; 0 H/in                 ; 0 F/in                 ; short        ; open          ; open            ; open  ; 0 V                 ; -                  ; n/a           ; n/a             ; n/a         ;
; d[23]         ; 2.5 V        ; 0 in              ; 0 H/in                  ; 0 F/in                  ; short         ; -                   ; open           ; open             ; open   ; 0 in             ; 0 H/in                 ; 0 F/in                 ; short        ; open          ; open            ; open  ; 0 V                 ; -                  ; n/a           ; n/a             ; n/a         ;
; d[24]         ; 2.5 V        ; 0 in              ; 0 H/in                  ; 0 F/in                  ; short         ; -                   ; open           ; open             ; open   ; 0 in             ; 0 H/in                 ; 0 F/in                 ; short        ; open          ; open            ; open  ; 0 V                 ; -                  ; n/a           ; n/a             ; n/a         ;
; d[25]         ; 2.5 V        ; 0 in              ; 0 H/in                  ; 0 F/in                  ; short         ; -                   ; open           ; open             ; open   ; 0 in             ; 0 H/in                 ; 0 F/in                 ; short        ; open          ; open            ; open  ; 0 V                 ; -                  ; n/a           ; n/a             ; n/a         ;
; d[26]         ; 2.5 V        ; 0 in              ; 0 H/in                  ; 0 F/in                  ; short         ; -                   ; open           ; open             ; open   ; 0 in             ; 0 H/in                 ; 0 F/in                 ; short        ; open          ; open            ; open  ; 0 V                 ; -                  ; n/a           ; n/a             ; n/a         ;
; d[27]         ; 2.5 V        ; 0 in              ; 0 H/in                  ; 0 F/in                  ; short         ; -                   ; open           ; open             ; open   ; 0 in             ; 0 H/in                 ; 0 F/in                 ; short        ; open          ; open            ; open  ; 0 V                 ; -                  ; n/a           ; n/a             ; n/a         ;
; d[28]         ; 2.5 V        ; 0 in              ; 0 H/in                  ; 0 F/in                  ; short         ; -                   ; open           ; open             ; open   ; 0 in             ; 0 H/in                 ; 0 F/in                 ; short        ; open          ; open            ; open  ; 0 V                 ; -                  ; n/a           ; n/a             ; n/a         ;
; d[29]         ; 2.5 V        ; 0 in              ; 0 H/in                  ; 0 F/in                  ; short         ; -                   ; open           ; open             ; open   ; 0 in             ; 0 H/in                 ; 0 F/in                 ; short        ; open          ; open            ; open  ; 0 V                 ; -                  ; n/a           ; n/a             ; n/a         ;
; d[30]         ; 2.5 V        ; 0 in              ; 0 H/in                  ; 0 F/in                  ; short         ; -                   ; open           ; open             ; open   ; 0 in             ; 0 H/in                 ; 0 F/in                 ; short        ; open          ; open            ; open  ; 0 V                 ; -                  ; n/a           ; n/a             ; n/a         ;
; d[31]         ; 2.5 V        ; 0 in              ; 0 H/in                  ; 0 F/in                  ; short         ; -                   ; open           ; open             ; open   ; 0 in             ; 0 H/in                 ; 0 F/in                 ; short        ; open          ; open            ; open  ; 0 V                 ; -                  ; n/a           ; n/a             ; n/a         ;
; flags[0]      ; 2.5 V        ; 0 in              ; 0 H/in                  ; 0 F/in                  ; short         ; -                   ; open           ; open             ; open   ; 0 in             ; 0 H/in                 ; 0 F/in                 ; short        ; open          ; open            ; open  ; 0 V                 ; -                  ; n/a           ; n/a             ; n/a         ;
; flags[1]      ; 2.5 V        ; 0 in              ; 0 H/in                  ; 0 F/in                  ; short         ; -                   ; open           ; open             ; open   ; 0 in             ; 0 H/in                 ; 0 F/in                 ; short        ; open          ; open            ; open  ; 0 V                 ; -                  ; n/a           ; n/a             ; n/a         ;
; flags[2]      ; 2.5 V        ; 0 in              ; 0 H/in                  ; 0 F/in                  ; short         ; -                   ; open           ; open             ; open   ; 0 in             ; 0 H/in                 ; 0 F/in                 ; short        ; open          ; open            ; open  ; 0 V                 ; -                  ; n/a           ; n/a             ; n/a         ;
; flags[3]      ; 2.5 V        ; 0 in              ; 0 H/in                  ; 0 F/in                  ; short         ; -                   ; open           ; open             ; open   ; 0 in             ; 0 H/in                 ; 0 F/in                 ; short        ; open          ; open            ; open  ; 0 V                 ; -                  ; n/a           ; n/a             ; n/a         ;
; flags[4]      ; 2.5 V        ; 0 in              ; 0 H/in                  ; 0 F/in                  ; short         ; -                   ; open           ; open             ; open   ; 0 in             ; 0 H/in                 ; 0 F/in                 ; short        ; open          ; open            ; open  ; 0 V                 ; -                  ; n/a           ; n/a             ; n/a         ;
; ~ALTERA_DCLK~ ; 2.5 V        ; 0 in              ; 0 H/in                  ; 0 F/in                  ; short         ; -                   ; open           ; open             ; open   ; 0 in             ; 0 H/in                 ; 0 F/in                 ; short        ; open          ; open            ; open  ; 0 V                 ; -                  ; n/a           ; n/a             ; n/a         ;
; ~ALTERA_nCEO~ ; 2.5 V        ; 0 in              ; 0 H/in                  ; 0 F/in                  ; short         ; -                   ; open           ; open             ; open   ; 0 in             ; 0 H/in                 ; 0 F/in                 ; short        ; open          ; open            ; open  ; 0 V                 ; -                  ; n/a           ; n/a             ; n/a         ;
+---------------+--------------+-------------------+-------------------------+-------------------------+---------------+---------------------+----------------+------------------+--------+------------------+------------------------+------------------------+--------------+---------------+-----------------+-------+---------------------+--------------------+---------------+-----------------+-------------+


+----------------------------------------------------------------------------+
; Input Transition Times                                                     ;
+-------------------------+--------------+-----------------+-----------------+
; Pin                     ; I/O Standard ; 10-90 Rise Time ; 90-10 Fall Time ;
+-------------------------+--------------+-----------------+-----------------+
; clk                     ; 2.5 V        ; 2000 ps         ; 2000 ps         ;
; reset_n                 ; 2.5 V        ; 2000 ps         ; 2000 ps         ;
; sign                    ; 2.5 V        ; 2000 ps         ; 2000 ps         ;
; is_nar                  ; 2.5 V        ; 2000 ps         ; 2000 ps         ;
; flags_in[4]             ; 2.5 V        ; 2000 ps         ; 2000 ps         ;
; is_zero                 ; 2.5 V        ; 2000 ps         ; 2000 ps         ;
; sf[9]                   ; 2.5 V        ; 2000 ps         ; 2000 ps         ;
; sf[6]                   ; 2.5 V        ; 2000 ps         ; 2000 ps         ;
; frac[49]                ; 2.5 V        ; 2000 ps         ; 2000 ps         ;
; frac[51]                ; 2.5 V        ; 2000 ps         ; 2000 ps         ;
; sf[3]                   ; 2.5 V        ; 2000 ps         ; 2000 ps         ;
; frac[48]                ; 2.5 V        ; 2000 ps         ; 2000 ps         ;
; frac[50]                ; 2.5 V        ; 2000 ps         ; 2000 ps         ;
; sf[2]                   ; 2.5 V        ; 2000 ps         ; 2000 ps         ;
; frac[45]                ; 2.5 V        ; 2000 ps         ; 2000 ps         ;
; frac[47]                ; 2.5 V        ; 2000 ps         ; 2000 ps         ;
; frac[44]                ; 2.5 V        ; 2000 ps         ; 2000 ps         ;
; frac[46]                ; 2.5 V        ; 2000 ps         ; 2000 ps         ;
; sf[4]                   ; 2.5 V        ; 2000 ps         ; 2000 ps         ;
; sf[5]                   ; 2.5 V        ; 2000 ps         ; 2000 ps         ;
; frac[53]                ; 2.5 V        ; 2000 ps         ; 2000 ps         ;
; sf[0]                   ; 2.5 V        ; 2000 ps         ; 2000 ps         ;
; frac[52]                ; 2.5 V        ; 2000 ps         ; 2000 ps         ;
; frac[54]                ; 2.5 V        ; 2000 ps         ; 2000 ps         ;
; sf[1]                   ; 2.5 V        ; 2000 ps         ; 2000 ps         ;
; sf[8]                   ; 2.5 V        ; 2000 ps         ; 2000 ps         ;
; sf[7]                   ; 2.5 V        ; 2000 ps         ; 2000 ps         ;
; frac[29]                ; 2.5 V        ; 2000 ps         ; 2000 ps         ;
; frac[31]                ; 2.5 V        ; 2000 ps         ; 2000 ps         ;
; frac[28]                ; 2.5 V        ; 2000 ps         ; 2000 ps         ;
; frac[30]                ; 2.5 V        ; 2000 ps         ; 2000 ps         ;
; frac[33]                ; 2.5 V        ; 2000 ps         ; 2000 ps         ;
; frac[35]                ; 2.5 V        ; 2000 ps         ; 2000 ps         ;
; frac[32]                ; 2.5 V        ; 2000 ps         ; 2000 ps         ;
; frac[34]                ; 2.5 V        ; 2000 ps         ; 2000 ps         ;
; frac[41]                ; 2.5 V        ; 2000 ps         ; 2000 ps         ;
; frac[43]                ; 2.5 V        ; 2000 ps         ; 2000 ps         ;
; frac[40]                ; 2.5 V        ; 2000 ps         ; 2000 ps         ;
; frac[42]                ; 2.5 V        ; 2000 ps         ; 2000 ps         ;
; frac[37]                ; 2.5 V        ; 2000 ps         ; 2000 ps         ;
; frac[39]                ; 2.5 V        ; 2000 ps         ; 2000 ps         ;
; frac[36]                ; 2.5 V        ; 2000 ps         ; 2000 ps         ;
; frac[38]                ; 2.5 V        ; 2000 ps         ; 2000 ps         ;
; flags_in[0]             ; 2.5 V        ; 2000 ps         ; 2000 ps         ;
; flags_in[1]             ; 2.5 V        ; 2000 ps         ; 2000 ps         ;
; frac[9]                 ; 2.5 V        ; 2000 ps         ; 2000 ps         ;
; frac[8]                 ; 2.5 V        ; 2000 ps         ; 2000 ps         ;
; frac[7]                 ; 2.5 V        ; 2000 ps         ; 2000 ps         ;
; frac[5]                 ; 2.5 V        ; 2000 ps         ; 2000 ps         ;
; frac[4]                 ; 2.5 V        ; 2000 ps         ; 2000 ps         ;
; frac[3]                 ; 2.5 V        ; 2000 ps         ; 2000 ps         ;
; frac[1]                 ; 2.5 V        ; 2000 ps         ; 2000 ps         ;
; sticky                  ; 2.5 V        ; 2000 ps         ; 2000 ps         ;
; frac[27]                ; 2.5 V        ; 2000 ps         ; 2000 ps         ;
; frac[24]                ; 2.5 V        ; 2000 ps         ; 2000 ps         ;
; frac[23]                ; 2.5 V        ; 2000 ps         ; 2000 ps         ;
; frac[22]                ; 2.5 V        ; 2000 ps         ; 2000 ps         ;
; frac[15]                ; 2.5 V        ; 2000 ps         ; 2000 ps         ;
; frac[18]                ; 2.5 V        ; 2000 ps         ; 2000 ps         ;
; frac[16]                ; 2.5 V        ; 2000 ps         ; 2000 ps         ;
; frac[14]                ; 2.5 V        ; 2000 ps         ; 2000 ps         ;
; frac[0]                 ; 2.5 V        ; 2000 ps         ; 2000 ps         ;
; frac[6]                 ; 2.5 V        ; 2000 ps         ; 2000 ps         ;
; frac[2]                 ; 2.5 V        ; 2000 ps         ; 2000 ps         ;
; frac[26]                ; 2.5 V        ; 2000 ps         ; 2000 ps         ;
; frac[25]                ; 2.5 V        ; 2000 ps         ; 2000 ps         ;
; frac[21]                ; 2.5 V        ; 2000 ps         ; 2000 ps         ;
; frac[20]                ; 2.5 V        ; 2000 ps         ; 2000 ps         ;
; frac[19]                ; 2.5 V        ; 2000 ps         ; 2000 ps         ;
; frac[17]                ; 2.5 V        ; 2000 ps         ; 2000 ps         ;
; frac[13]                ; 2.5 V        ; 2000 ps         ; 2000 ps         ;
; frac[12]                ; 2.5 V        ; 2000 ps         ; 2000 ps         ;
; frac[11]                ; 2.5 V        ; 2000 ps         ; 2000 ps         ;
; frac[10]                ; 2.5 V        ; 2000 ps         ; 2000 ps         ;
; flags_in[2]             ; 2.5 V        ; 2000 ps         ; 2000 ps         ;
; flags_in[3]             ; 2.5 V        ; 2000 ps         ; 2000 ps         ;
; ~ALTERA_ASDO_DATA1~     ; 2.5 V        ; 2000 ps         ; 2000 ps         ;
; ~ALTERA_FLASH_nCE_nCSO~ ; 2.5 V        ; 2000 ps         ; 2000 ps         ;
; ~ALTERA_DATA0~          ; 2.5 V        ; 2000 ps         ; 2000 ps         ;
+-------------------------+--------------+-----------------+-----------------+


+--------------------------------------------------------------------------------------------------------------------------------------------------------------------------------------------------------------------------------------------------------------------------------------------------------------------------------------------------------------------------------------------------------------------------------------------------------------------------------------------------------------------------------------------------------------------------------------------------------------------------------------------------------------------------------------------+
; Signal Integrity Metrics (Slow 1200mv 0c Model)                                                                                                                                                                                                                                                                                                                                                                                                                                                                                                                                                                                                                                            ;
+---------------+--------------+---------------------+---------------------+------------------------------+------------------------------+---------------------+---------------------+--------------------------------------+--------------------------------------+-----------------------------+-----------------------------+----------------------------+----------------------------+-----------------------------+-----------------------------+--------------------+--------------------+-------------------------------------+-------------------------------------+----------------------------+----------------------------+---------------------------+---------------------------+
; Pin           ; I/O Standard ; Board Delay on Rise ; Board Delay on Fall ; Steady State Voh at FPGA Pin ; Steady State Vol at FPGA Pin ; Voh Max at FPGA Pin ; Vol Min at FPGA Pin ; Ringback Voltage on Rise at FPGA Pin ; Ringback Voltage on Fall at FPGA Pin ; 10-90 Rise Time at FPGA Pin ; 90-10 Fall Time at FPGA Pin ; Monotonic Rise at FPGA Pin ; Monotonic Fall at FPGA Pin ; Steady State Voh at Far-end ; Steady State Vol at Far-end ; Voh Max at Far-end ; Vol Min at Far-end ; Ringback Voltage on Rise at Far-end ; Ringback Voltage on Fall at Far-end ; 10-90 Rise Time at Far-end ; 90-10 Fall Time at Far-end ; Monotonic Rise at Far-end ; Monotonic Fall at Far-end ;
+---------------+--------------+---------------------+---------------------+------------------------------+------------------------------+---------------------+---------------------+--------------------------------------+--------------------------------------+-----------------------------+-----------------------------+----------------------------+----------------------------+-----------------------------+-----------------------------+--------------------+--------------------+-------------------------------------+-------------------------------------+----------------------------+----------------------------+---------------------------+---------------------------+
; out_valid     ; 2.5 V        ; 0 s                 ; 0 s                 ; 2.32 V                       ; 4.44e-09 V                   ; 2.38 V              ; -0.0145 V           ; 0.169 V                              ; 0.026 V                              ; 4.83e-10 s                  ; 4.71e-10 s                  ; Yes                        ; Yes                        ; 2.32 V                      ; 4.44e-09 V                  ; 2.38 V             ; -0.0145 V          ; 0.169 V                             ; 0.026 V                             ; 4.83e-10 s                 ; 4.71e-10 s                 ; Yes                       ; Yes                       ;
; d[0]          ; 2.5 V        ; 0 s                 ; 0 s                 ; 2.32 V                       ; 4.44e-09 V                   ; 2.39 V              ; -0.0265 V           ; 0.2 V                                ; 0.033 V                              ; 2.94e-10 s                  ; 3.12e-10 s                  ; Yes                        ; Yes                        ; 2.32 V                      ; 4.44e-09 V                  ; 2.39 V             ; -0.0265 V          ; 0.2 V                               ; 0.033 V                             ; 2.94e-10 s                 ; 3.12e-10 s                 ; Yes                       ; Yes                       ;
; d[1]          ; 2.5 V        ; 0 s                 ; 0 s                 ; 2.32 V                       ; 5.95e-09 V                   ; 2.38 V              ; -0.016 V            ; 0.22 V                               ; 0.025 V                              ; 3.06e-10 s                  ; 3.3e-10 s                   ; Yes                        ; Yes                        ; 2.32 V                      ; 5.95e-09 V                  ; 2.38 V             ; -0.016 V           ; 0.22 V                              ; 0.025 V                             ; 3.06e-10 s                 ; 3.3e-10 s                  ; Yes                       ; Yes                       ;
; d[2]          ; 2.5 V        ; 0 s                 ; 0 s                 ; 2.32 V                       ; 5.95e-09 V                   ; 2.38 V              ; -0.016 V            ; 0.22 V                               ; 0.025 V                              ; 3.06e-10 s                  ; 3.3e-10 s                   ; Yes                        ; Yes                        ; 2.32 V                      ; 5.95e-09 V                  ; 2.38 V             ; -0.016 V           ; 0.22 V                              ; 0.025 V                             ; 3.06e-10 s                 ; 3.3e-10 s                  ; Yes                       ; Yes                       ;
; d[3]          ; 2.5 V        ; 0 s                 ; 0 s                 ; 2.32 V                       ; 4.44e-09 V                   ; 2.38 V              ; -0.0145 V           ; 0.169 V                              ; 0.026 V                              ; 4.83e-10 s                  ; 4.71e-10 s                  ; Yes                        ; Yes                        ; 2.32 V                      ; 4.44e-09 V                  ; 2.38 V             ; -0.0145 V          ; 0.169 V                             ; 0.026 V                             ; 4.83e-10 s                 ; 4.71e-10 s                 ; Yes                       ; Yes                       ;
; d[4]          ; 2.5 V        ; 0 s                 ; 0 s                 ; 2.32 V                       ; 5.95e-09 V                   ; 2.38 V              ; -0.016 V            ; 0.22 V                               ; 0.025 V                              ; 3.06e-10 s                  ; 3.3e-10 s                   ; Yes                        ; Yes                        ; 2.32 V                      ; 5.95e-09 V                  ; 2.38 V             ; -0.016 V           ; 0.22 V                              ; 0.025 V                             ; 3.06e-10 s                 ; 3.3e-10 s                  ; Yes                       ; Yes                       ;
; d[5]          ; 2.5 V        ; 0 s                 ; 0 s                 ; 2.32 V                       ; 4.44e-09 V                   ; 2.38 V              ; -0.0145 V           ; 0.169 V                              ; 0.026 V                              ; 4.83e-10 s                  ; 4.71e-10 s                  ; Yes                        ; Yes                        ; 2.32 V                      ; 4.44e-09 V                  ; 2.38 V             ; -0.0145 V          ; 0.169 V                             ; 0.026 V                             ; 4.83e-10 s                 ; 4.71e-10 s                 ; Yes                       ; Yes                       ;
; d[6]          ; 2.5 V        ; 0 s                 ; 0 s                 ; 2.32 V                       ; 4.44e-09 V                   ; 2.38 V              ; -0.0145 V           ; 0.169 V                              ; 0.026 V                              ; 4.83e-10 s                  ; 4.71e-10 s                  ; Yes                        ; Yes                        ; 2.32 V                      ; 4.44e-09 V                  ; 2.38 V             ; -0.0145 V          ; 0.169 V                             ; 0.026 V                             ; 4.83e-10 s                 ; 4.71e-10 s                 ; Yes                       ; Yes                       ;
; d[7]          ; 2.5 V        ; 0 s                 ; 0 s                 ; 2.32 V                       ; 5.95e-09 V                   ; 2.38 V              ; -0.016 V            ; 0.22 V                               ; 0.025 V                              ; 3.06e-10 s                  ; 3.3e-10 s                   ; Yes                        ; Yes                        ; 2.32 V                      ; 5.95e-09 V                  ; 2.38 V             ; -0.016 V           ; 0.22 V                              ; 0.025 V                             ; 3.06e-10 s                 ; 3.3e-10 s                  ; Yes                       ; Yes                       ;
; d[8]          ; 2.5 V        ; 0 s                 ; 0 s                 ; 2.32 V                       ; 4.44e-09 V                   ; 2.38 V              ; -0.0145 V           ; 0.169 V                              ; 0.026 V                              ; 4.83e-10 s                  ; 4.71e-10 s                  ; Yes                        ; Yes                        ; 2.32 V                      ; 4.44e-09 V                  ; 2.38 V             ; -0.0145 V          ; 0.169 V                             ; 0.026 V                             ; 4.83e-10 s                 ; 4.71e-10 s                 ; Yes                       ; Yes                       ;
; d[9]          ; 2.5 V        ; 0 s                 ; 0 s                 ; 2.32 V                       ; 4.44e-09 V                   ; 2.39 V              ; -0.0265 V           ; 0.2 V                                ; 0.033 V                              ; 2.94e-10 s                  ; 3.12e-10 s                  ; Yes                        ; Yes                        ; 2.32 V                      ; 4.44e-09 V                  ; 2.39 V             ; -0.0265 V          ; 0.2 V                               ; 0.033 V                             ; 2.94e-10 s                 ; 3.12e-10 s                 ; Yes                       ; Yes                       ;
; d[10]         ; 2.5 V        ; 0 s                 ; 0 s                 ; 2.32 V                       ; 5.95e-09 V                   ; 2.38 V              ; -0.016 V            ; 0.22 V                               ; 0.025 V                              ; 3.06e-10 s                  ; 3.3e-10 s                   ; Yes                        ; Yes                        ; 2.32 V                      ; 5.95e-09 V                  ; 2.38 V             ; -0.016 V           ; 0.22 V                              ; 0.025 V                             ; 3.06e-10 s                 ; 3.3e-10 s                  ; Yes                       ; Yes                       ;
; d[11]         ; 2.5 V        ; 0 s                 ; 0 s                 ; 2.32 V                       ; 4.44e-09 V                   ; 2.38 V              ; -0.0145 V           ; 0.169 V                              ; 0.026 V                              ; 4.83e-10 s                  ; 4.71e-10 s                  ; Yes                        ; Yes                        ; 2.32 V                      ; 4.44e-09 V                  ; 2.38 V             ; -0.0145 V          ; 0.169 V                             ; 0.026 V                             ; 4.83e-10 s                 ; 4.71e-10 s                 ; Yes                       ; Yes                       ;
; d[12]         ; 2.5 V        ; 0 s                 ; 0 s                 ; 2.32 V                       ; 5.95e-09 V                   ; 2.33 V              ; -0.00616 V          ; 0.191 V                              ; 0.099 V                              ; 2.83e-09 s                  ; 2.56e-09 s                  ; No                         ; Yes                        ; 2.32 V                      ; 5.95e-09 V                  ; 2.33 V             ; -0.00616 V         ; 0.191 V                             ; 0.099 V                             ; 2.83e-09 s                 ; 2.56e-09 s                 ; No                        ; Yes                       ;
; d[13]         ; 2.5 V        ; 0 s                 ; 0 s                 ; 2.32 V                       ; 4.44e-09 V                   ; 2.38 V              ; -0.0145 V           ; 0.169 V                              ; 0.026 V                              ; 4.83e-10 s                  ; 4.71e-10 s                  ; Yes                        ; Yes                        ; 2.32 V                      ; 4.44e-09 V                  ; 2.38 V             ; -0.0145 V          ; 0.169 V                             ; 0.026 V                             ; 4.83e-10 s                 ; 4.71e-10 s                 ; Yes                       ; Yes                       ;
; d[14]         ; 2.5 V        ; 0 s                 ; 0 s                 ; 2.32 V                       ; 5.95e-09 V                   ; 2.38 V              ; -0.016 V            ; 0.22 V                               ; 0.025 V                              ; 3.06e-10 s                  ; 3.3e-10 s                   ; Yes                        ; Yes                        ; 2.32 V                      ; 5.95e-09 V                  ; 2.38 V             ; -0.016 V           ; 0.22 V                              ; 0.025 V                             ; 3.06e-10 s                 ; 3.3e-10 s                  ; Yes                       ; Yes                       ;
; d[15]         ; 2.5 V        ; 0 s                 ; 0 s                 ; 2.32 V                       ; 5.95e-09 V                   ; 2.33 V              ; -0.00616 V          ; 0.191 V                              ; 0.099 V                              ; 2.83e-09 s                  ; 2.56e-09 s                  ; No                         ; Yes                        ; 2.32 V                      ; 5.95e-09 V                  ; 2.33 V             ; -0.00616 V         ; 0.191 V                             ; 0.099 V                             ; 2.83e-09 s                 ; 2.56e-09 s                 ; No                        ; Yes                       ;
; d[16]         ; 2.5 V        ; 0 s                 ; 0 s                 ; 2.32 V                       ; 4.44e-09 V                   ; 2.33 V              ; -0.00624 V          ; 0.185 V                              ; 0.097 V                              ; 2.82e-09 s                  ; 2.56e-09 s                  ; No                         ; Yes                        ; 2.32 V                      ; 4.44e-09 V                  ; 2.33 V             ; -0.00624 V         ; 0.185 V                             ; 0.097 V                             ; 2.82e-09 s                 ; 2.56e-09 s                 ; No                        ; Yes                       ;
; d[17]         ; 2.5 V        ; 0 s                 ; 0 s                 ; 2.32 V                       ; 5.95e-09 V                   ; 2.38 V              ; -0.016 V            ; 0.22 V                               ; 0.025 V                              ; 3.06e-10 s                  ; 3.3e-10 s                   ; Yes                        ; Yes                        ; 2.32 V                      ; 5.95e-09 V                  ; 2.38 V             ; -0.016 V           ; 0.22 V                              ; 0.025 V                             ; 3.06e-10 s                 ; 3.3e-10 s                  ; Yes                       ; Yes                       ;
; d[18]         ; 2.5 V        ; 0 s                 ; 0 s                 ; 2.32 V                       ; 4.44e-09 V                   ; 2.39 V              ; -0.0265 V           ; 0.2 V                                ; 0.033 V                              ; 2.94e-10 s                  ; 3.12e-10 s                  ; Yes                        ; Yes                        ; 2.32 V                      ; 4.44e-09 V                  ; 2.39 V             ; -0.0265 V          ; 0.2 V                               ; 0.033 V                             ; 2.94e-10 s                 ; 3.12e-10 s                 ; Yes                       ; Yes                       ;
; d[19]         ; 2.5 V        ; 0 s                 ; 0 s                 ; 2.32 V                       ; 5.95e-09 V                   ; 2.38 V              ; -0.016 V            ; 0.22 V                               ; 0.025 V                              ; 3.06e-10 s                  ; 3.3e-10 s                   ; Yes                        ; Yes                        ; 2.32 V                      ; 5.95e-09 V                  ; 2.38 V             ; -0.016 V           ; 0.22 V                              ; 0.025 V                             ; 3.06e-10 s                 ; 3.3e-10 s                  ; Yes                       ; Yes                       ;
; d[20]         ; 2.5 V        ; 0 s                 ; 0 s                 ; 2.32 V                       ; 4.44e-09 V                   ; 2.33 V              ; -0.00624 V          ; 0.185 V                              ; 0.097 V                              ; 2.82e-09 s                  ; 2.56e-09 s                  ; No                         ; Yes                        ; 2.32 V                      ; 4.44e-09 V                  ; 2.33 V             ; -0.00624 V         ; 0.185 V                             ; 0.097 V                             ; 2.82e-09 s                 ; 2.56e-09 s                 ; No                        ; Yes                       ;
; d[21]         ; 2.5 V        ; 0 s                 ; 0 s                 ; 2.32 V                       ; 5.95e-09 V                   ; 2.38 V              ; -0.016 V            ; 0.22 V                               ; 0.025 V                              ; 3.06e-10 s                  ; 3.3e-10 s                   ; Yes                        ; Yes                        ; 2.32 V                      ; 5.95e-09 V                  ; 2.38 V             ; -0.016 V           ; 0.22 V                              ; 0.025 V                             ; 3.06e-10 s                 ; 3.3e-10 s                  ; Yes                       ; Yes                       ;
; d[22]         ; 2.5 V        ; 0 s                 ; 0 s                 ; 2.32 V                       ; 4.44e-09 V                   ; 2.38 V              ; -0.0145 V           ; 0.169 V                              ; 0.026 V                              ; 4.83e-10 s                  ; 4.71e-10 s                  ; Yes                        ; Yes                        ; 2.32 V                      ; 4.44e-09 V                  ; 2.38 V             ; -0.0145 V          ; 0.169 V                             ; 0.026 V                             ; 4.83e-10 s                 ; 4.71e-10 s                 ; Yes                       ; Yes                       ;
; d[23]         ; 2.5 V        ; 0 s                 ; 0 s                 ; 2.32 V                       ; 5.95e-09 V                   ; 2.38 V              ; -0.016 V            ; 0.22 V                               ; 0.025 V                              ; 3.06e-10 s                  ; 3.3e-10 s                   ; Yes                        ; Yes                        ; 2.32 V                      ; 5.95e-09 V                  ; 2.38 V             ; -0.016 V           ; 0.22 V                              ; 0.025 V                             ; 3.06e-10 s                 ; 3.3e-10 s                  ; Yes                       ; Yes                       ;
; d[24]         ; 2.5 V        ; 0 s                 ; 0 s                 ; 2.32 V                       ; 5.95e-09 V                   ; 2.38 V              ; -0.016 V            ; 0.22 V                               ; 0.025 V                              ; 3.06e-10 s                  ; 3.3e-10 s                   ; Yes                        ; Yes                        ; 2.32 V                      ; 5.95e-09 V                  ; 2.38 V             ; -0.016 V           ; 0.22 V                              ; 0.025 V                             ; 3.06e-10 s                 ; 3.3e-10 s                  ; Yes                       ; Yes                       ;
; d[25]         ; 2.5 V        ; 0 s                 ; 0 s                 ; 2.32 V                       ; 4.44e-09 V                   ; 2.38 V              ; -0.0145 V           ; 0.169 V                              ; 0.026 V                              ; 4.83e-10 s                  ; 4.71e-10 s                  ; Yes                        ; Yes                        ; 2.32 V                      ; 4.44e-09 V                  ; 2.38 V             ; -0.0145 V          ; 0.169 V                             ; 0.026 V                             ; 4.83e-10 s                 ; 4.71e-10 s                 ; Yes                       ; Yes                       ;
; d[26]         ; 2.5 V        ; 0 s                 ; 0 s                 ; 2.32 V                       ; 4.44e-09 V                   ; 2.38 V              ; -0.0145 V           ; 0.169 V                              ; 0.026 V                              ; 4.83e-10 s                  ; 4.71e-10 s                  ; Yes                        ; Yes                        ; 2.32 V                      ; 4.44e-09 V                  ; 2.38 V             ; -0.0145 V          ; 0.169 V                             ; 0.026 V                             ; 4.83e-10 s                 ; 4.71e-10 s                 ; Yes                       ; Yes                       ;
; d[27]         ; 2.5 V        ; 0 s                 ; 0 s                 ; 2.32 V                       ; 5.95e-09 V                   ; 2.38 V              ; -0.016 V            ; 0.22 V                               ; 0.025 V                              ; 3.06e-10 s                  ; 3.3e-10 s                   ; Yes                        ; Yes                        ; 2.32 V                      ; 5.95e-09 V                  ; 2.38 V             ; -0.016 V           ; 0.22 V                              ; 0.025 V                             ; 3.06e-10 s                 ; 3.3e-10 s                  ; Yes                       ; Yes                       ;
; d[28]         ; 2.5 V        ; 0 s                 ; 0 s                 ; 2.32 V                       ; 4.44e-09 V                   ; 2.38 V              ; -0.0145 V           ; 0.169 V                              ; 0.026 V                              ; 4.83e-10 s                  ; 4.71e-10 s                  ; Yes                        ; Yes                        ; 2.32 V                      ; 4.44e-09 V                  ; 2.38 V             ; -0.0145 V          ; 0.169 V                             ; 0.026 V                             ; 4.83e-10 s                 ; 4.71e-10 s                 ; Yes                       ; Yes                       ;
; d[29]         ; 2.5 V        ; 0 s                 ; 0 s                 ; 2.32 V                       ; 5.95e-09 V                   ; 2.38 V              ; -0.016 V            ; 0.22 V                               ; 0.025 V                              ; 3.06e-10 s                  ; 3.3e-10 s                   ; Yes                        ; Yes                        ; 2.32 V                      ; 5.95e-09 V                  ; 2.38 V             ; -0.016 V           ; 0.22 V                              ; 0.025 V                             ; 3.06e-10 s                 ; 3.3e-10 s                  ; Yes                       ; Yes                       ;
; d[30]         ; 2.5 V        ; 0 s                 ; 0 s                 ; 2.32 V                       ; 5.95e-09 V                   ; 2.38 V              ; -0.016 V            ; 0.22 V                               ; 0.025 V                              ; 3.06e-10 s                  ; 3.3e-10 s                   ; Yes                        ; Yes                        ; 2.32 V                      ; 5.95e-09 V                  ; 2.38 V             ; -0.016 V           ; 0.22 V                              ; 0.025 V                             ; 3.06e-10 s                 ; 3.3e-10 s                  ; Yes                       ; Yes                       ;
; d[31]         ; 2.5 V        ; 0 s                 ; 0 s                 ; 2.32 V                       ; 5.95e-09 V                   ; 2.38 V              ; -0.016 V            ; 0.22 V                               ; 0.025 V                              ; 3.06e-10 s                  ; 3.3e-10 s                   ; Yes                        ; Yes                        ; 2.32 V                      ; 5.95e-09 V                  ; 2.38 V             ; -0.016 V           ; 0.22 V                              ; 0.025 V                             ; 3.06e-10 s                 ; 3.3e-10 s                  ; Yes                       ; Yes                       ;
; flags[0]      ; 2.5 V        ; 0 s                 ; 0 s                 ; 2.32 V                       ; 5.95e-09 V                   ; 2.38 V              ; -0.016 V            ; 0.22 V                               ; 0.025 V                              ; 3.06e-10 s                  ; 3.3e-10 s                   ; Yes                        ; Yes                        ; 2.32 V                      ; 5.95e-09 V                  ; 2.38 V             ; -0.016 V           ; 0.22 V                              ; 0.025 V                             ; 3.06e-10 s                 ; 3.3e-10 s                  ; Yes                       ; Yes                       ;
; flags[1]      ; 2.5 V        ; 0 s                 ; 0 s                 ; 2.32 V                       ; 5.95e-09 V                   ; 2.38 V              ; -0.016 V            ; 0.22 V                               ; 0.025 V                              ; 3.06e-10 s                  ; 3.3e-10 s                   ; Yes                        ; Yes                        ; 2.32 V                      ; 5.95e-09 V                  ; 2.38 V             ; -0.016 V           ; 0.22 V                              ; 0.025 V                             ; 3.06e-10 s                 ; 3.3e-10 s                  ; Yes                       ; Yes                       ;
; flags[2]      ; 2.5 V        ; 0 s                 ; 0 s                 ; 2.32 V                       ; 4.44e-09 V                   ; 2.38 V              ; -0.0145 V           ; 0.169 V                              ; 0.026 V                              ; 4.83e-10 s                  ; 4.71e-10 s                  ; Yes                        ; Yes                        ; 2.32 V                      ; 4.44e-09 V                  ; 2.38 V             ; -0.0145 V          ; 0.169 V                             ; 0.026 V                             ; 4.83e-10 s                 ; 4.71e-10 s                 ; Yes                       ; Yes                       ;
; flags[3]      ; 2.5 V        ; 0 s                 ; 0 s                 ; 2.32 V                       ; 5.95e-09 V                   ; 2.38 V              ; -0.016 V            ; 0.22 V                               ; 0.025 V                              ; 3.06e-10 s                  ; 3.3e-10 s                   ; Yes                        ; Yes                        ; 2.32 V                      ; 5.95e-09 V                  ; 2.38 V             ; -0.016 V           ; 0.22 V                              ; 0.025 V                             ; 3.06e-10 s                 ; 3.3e-10 s                  ; Yes                       ; Yes                       ;
; flags[4]      ; 2.5 V        ; 0 s                 ; 0 s                 ; 2.32 V                       ; 5.95e-09 V                   ; 2.38 V              ; -0.016 V            ; 0.22 V                               ; 0.025 V                              ; 3.06e-10 s                  ; 3.3e-10 s                   ; Yes                        ; Yes                        ; 2.32 V                      ; 5.95e-09 V                  ; 2.38 V             ; -0.016 V           ; 0.22 V                              ; 0.025 V                             ; 3.06e-10 s                 ; 3.3e-10 s                  ; Yes                       ; Yes                       ;
; ~ALTERA_DCLK~ ; 2.5 V        ; 0 s                 ; 0 s                 ; 2.32 V                       ; 3.45e-09 V                   ; 2.38 V              ; -0.0609 V           ; 0.148 V                              ; 0.095 V                              ; 2.82e-10 s                  ; 2.59e-10 s                  ; Yes                        ; Yes                        ; 2.32 V                      ; 3.45e-09 V                  ; 2.38 V             ; -0.0609 V          ; 0.148 V                             ; 0.095 V                             ; 2.82e-10 s                 ; 2.59e-10 s                 ; Yes                       ; Yes                       ;
; ~ALTERA_nCEO~ ; 2.5 V        ; 0 s                 ; 0 s                 ; 2.32 V                       ; 5.61e-09 V                   ; 2.38 V              ; -0.00274 V          ; 0.141 V                              ; 0.006 V                              ; 4.7e-10 s                   ; 6.02e-10 s                  ; Yes                        ; Yes                        ; 2.32 V                      ; 5.61e-09 V                  ; 2.38 V             ; -0.00274 V         ; 0.141 V                             ; 0.006 V                             ; 4.7e-10 s                  ; 6.02e-10 s                 ; Yes                       ; Yes                       ;
+---------------+--------------+---------------------+---------------------+------------------------------+------------------------------+---------------------+---------------------+--------------------------------------+--------------------------------------+-----------------------------+-----------------------------+----------------------------+----------------------------+-----------------------------+-----------------------------+--------------------+--------------------+-------------------------------------+-------------------------------------+----------------------------+----------------------------+---------------------------+---------------------------+


+--------------------------------------------------------------------------------------------------------------------------------------------------------------------------------------------------------------------------------------------------------------------------------------------------------------------------------------------------------------------------------------------------------------------------------------------------------------------------------------------------------------------------------------------------------------------------------------------------------------------------------------------------------------------------------------------+
; Signal Integrity Metrics (Slow 1200mv 85c Model)                                                                                                                                                                                                                                                                                                                                                                                                                                                                                                                                                                                                                                           ;
+---------------+--------------+---------------------+---------------------+------------------------------+------------------------------+---------------------+---------------------+--------------------------------------+--------------------------------------+-----------------------------+-----------------------------+----------------------------+----------------------------+-----------------------------+-----------------------------+--------------------+--------------------+-------------------------------------+-------------------------------------+----------------------------+----------------------------+---------------------------+---------------------------+
; Pin           ; I/O Standard ; Board Delay on Rise ; Board Delay on Fall ; Steady State Voh at FPGA Pin ; Steady State Vol at FPGA Pin ; Voh Max at FPGA Pin ; Vol Min at FPGA Pin ; Ringback Voltage on Rise at FPGA Pin ; Ringback Voltage on Fall at FPGA Pin ; 10-90 Rise Time at FPGA Pin ; 90-10 Fall Time at FPGA Pin ; Monotonic Rise at FPGA Pin ; Monotonic Fall at FPGA Pin ; Steady State Voh at Far-end ; Steady State Vol at Far-end ; Voh Max at Far-end ; Vol Min at Far-end ; Ringback Voltage on Rise at Far-end ; Ringback Voltage on Fall at Far-end ; 10-90 Rise Time at Far-end ; 90-10 Fall Time at Far-end ; Monotonic Rise at Far-end ; Monotonic Fall at Far-end ;
+---------------+--------------+---------------------+---------------------+------------------------------+------------------------------+---------------------+---------------------+--------------------------------------+--------------------------------------+-----------------------------+-----------------------------+----------------------------+----------------------------+-----------------------------+-----------------------------+--------------------+--------------------+-------------------------------------+-------------------------------------+----------------------------+----------------------------+---------------------------+---------------------------+
; out_valid     ; 2.5 V        ; 0 s                 ; 0 s                 ; 2.32 V                       ; 7.16e-07 V                   ; 2.35 V              ; -0.00832 V          ; 0.101 V                              ; 0.024 V                              ; 6.39e-10 s                  ; 6e-10 s                     ; Yes                        ; Yes                        ; 2.32 V                      ; 7.16e-07 V                  ; 2.35 V             ; -0.00832 V         ; 0.101 V                             ; 0.024 V                             ; 6.39e-10 s                 ; 6e-10 s                    ; Yes                       ; Yes                       ;
; d[0]          ; 2.5 V        ; 0 s                 ; 0 s                 ; 2.32 V                       ; 7.16e-07 V                   ; 2.36 V              ; -0.00476 V          ; 0.096 V                              ; 0.013 V                              ; 4.39e-10 s                  ; 4.15e-10 s                  ; Yes                        ; Yes                        ; 2.32 V                      ; 7.16e-07 V                  ; 2.36 V             ; -0.00476 V         ; 0.096 V                             ; 0.013 V                             ; 4.39e-10 s                 ; 4.15e-10 s                 ; Yes                       ; Yes                       ;
; d[1]          ; 2.5 V        ; 0 s                 ; 0 s                 ; 2.32 V                       ; 1.06e-06 V                   ; 2.36 V              ; -0.00724 V          ; 0.107 V                              ; 0.02 V                               ; 4.5e-10 s                   ; 4.25e-10 s                  ; Yes                        ; Yes                        ; 2.32 V                      ; 1.06e-06 V                  ; 2.36 V             ; -0.00724 V         ; 0.107 V                             ; 0.02 V                              ; 4.5e-10 s                  ; 4.25e-10 s                 ; Yes                       ; Yes                       ;
; d[2]          ; 2.5 V        ; 0 s                 ; 0 s                 ; 2.32 V                       ; 1.06e-06 V                   ; 2.36 V              ; -0.00724 V          ; 0.107 V                              ; 0.02 V                               ; 4.5e-10 s                   ; 4.25e-10 s                  ; Yes                        ; Yes                        ; 2.32 V                      ; 1.06e-06 V                  ; 2.36 V             ; -0.00724 V         ; 0.107 V                             ; 0.02 V                              ; 4.5e-10 s                  ; 4.25e-10 s                 ; Yes                       ; Yes                       ;
; d[3]          ; 2.5 V        ; 0 s                 ; 0 s                 ; 2.32 V                       ; 7.16e-07 V                   ; 2.35 V              ; -0.00832 V          ; 0.101 V                              ; 0.024 V                              ; 6.39e-10 s                  ; 6e-10 s                     ; Yes                        ; Yes                        ; 2.32 V                      ; 7.16e-07 V                  ; 2.35 V             ; -0.00832 V         ; 0.101 V                             ; 0.024 V                             ; 6.39e-10 s                 ; 6e-10 s                    ; Yes                       ; Yes                       ;
; d[4]          ; 2.5 V        ; 0 s                 ; 0 s                 ; 2.32 V                       ; 1.06e-06 V                   ; 2.36 V              ; -0.00724 V          ; 0.107 V                              ; 0.02 V                               ; 4.5e-10 s                   ; 4.25e-10 s                  ; Yes                        ; Yes                        ; 2.32 V                      ; 1.06e-06 V                  ; 2.36 V             ; -0.00724 V         ; 0.107 V                             ; 0.02 V                              ; 4.5e-10 s                  ; 4.25e-10 s                 ; Yes                       ; Yes                       ;
; d[5]          ; 2.5 V        ; 0 s                 ; 0 s                 ; 2.32 V                       ; 7.16e-07 V                   ; 2.35 V              ; -0.00832 V          ; 0.101 V                              ; 0.024 V                              ; 6.39e-10 s                  ; 6e-10 s                     ; Yes                        ; Yes                        ; 2.32 V                      ; 7.16e-07 V                  ; 2.35 V             ; -0.00832 V         ; 0.101 V                             ; 0.024 V                             ; 6.39e-10 s                 ; 6e-10 s                    ; Yes                       ; Yes                       ;
; d[6]          ; 2.5 V        ; 0 s                 ; 0 s                 ; 2.32 V                       ; 7.16e-07 V                   ; 2.35 V              ; -0.00832 V          ; 0.101 V                              ; 0.024 V                              ; 6.39e-10 s                  ; 6e-10 s                     ; Yes                        ; Yes                        ; 2.32 V                      ; 7.16e-07 V                  ; 2.35 V             ; -0.00832 V         ; 0.101 V                             ; 0.024 V                             ; 6.39e-10 s                 ; 6e-10 s                    ; Yes                       ; Yes                       ;
; d[7]          ; 2.5 V        ; 0 s                 ; 0 s                 ; 2.32 V                       ; 1.06e-06 V                   ; 2.36 V              ; -0.00724 V          ; 0.107 V                              ; 0.02 V                               ; 4.5e-10 s                   ; 4.25e-10 s                  ; Yes                        ; Yes                        ; 2.32 V                      ; 1.06e-06 V                  ; 2.36 V             ; -0.00724 V         ; 0.107 V                             ; 0.02 V                              ; 4.5e-10 s                  ; 4.25e-10 s                 ; Yes                       ; Yes                       ;
; d[8]          ; 2.5 V        ; 0 s                 ; 0 s                 ; 2.32 V                       ; 7.16e-07 V                   ; 2.35 V              ; -0.00832 V          ; 0.101 V                              ; 0.024 V                              ; 6.39e-10 s                  ; 6e-10 s                     ; Yes                        ; Yes                        ; 2.32 V                      ; 7.16e-07 V                  ; 2.35 V             ; -0.00832 V         ; 0.101 V                             ; 0.024 V                             ; 6.39e-10 s                 ; 6e-10 s                    ; Yes                       ; Yes                       ;
; d[9]          ; 2.5 V        ; 0 s                 ; 0 s                 ; 2.32 V                       ; 7.16e-07 V                   ; 2.36 V              ; -0.00476 V          ; 0.096 V                              ; 0.013 V                              ; 4.39e-10 s                  ; 4.15e-10 s                  ; Yes                        ; Yes                        ; 2.32 V                      ; 7.16e-07 V                  ; 2.36 V             ; -0.00476 V         ; 0.096 V                             ; 0.013 V                             ; 4.39e-10 s                 ; 4.15e-10 s                 ; Yes                       ; Yes                       ;
; d[10]         ; 2.5 V        ; 0 s                 ; 0 s                 ; 2.32 V                       ; 1.06e-06 V                   ; 2.36 V              ; -0.00724 V          ; 0.107 V                              ; 0.02 V                               ; 4.5e-10 s                   ; 4.25e-10 s                  ; Yes                        ; Yes                        ; 2.32 V                      ; 1.06e-06 V                  ; 2.36 V             ; -0.00724 V         ; 0.107 V                             ; 0.02 V                              ; 4.5e-10 s                  ; 4.25e-10 s                 ; Yes                       ; Yes                       ;
; d[11]         ; 2.5 V        ; 0 s                 ; 0 s                 ; 2.32 V                       ; 7.16e-07 V                   ; 2.35 V              ; -0.00832 V          ; 0.101 V                              ; 0.024 V                              ; 6.39e-10 s                  ; 6e-10 s                     ; Yes                        ; Yes                        ; 2.32 V                      ; 7.16e-07 V                  ; 2.35 V             ; -0.00832 V         ; 0.101 V                             ; 0.024 V                             ; 6.39e-10 s                 ; 6e-10 s                    ; Yes                       ; Yes                       ;
; d[12]         ; 2.5 V        ; 0 s                 ; 0 s                 ; 2.32 V                       ; 1.06e-06 V                   ; 2.33 V              ; -0.00344 V          ; 0.134 V                              ; 0.075 V                              ; 3.33e-09 s                  ; 3.16e-09 s                  ; Yes                        ; Yes                        ; 2.32 V                      ; 1.06e-06 V                  ; 2.33 V             ; -0.00344 V         ; 0.134 V                             ; 0.075 V                             ; 3.33e-09 s                 ; 3.16e-09 s                 ; Yes                       ; Yes                       ;
; d[13]         ; 2.5 V        ; 0 s                 ; 0 s                 ; 2.32 V                       ; 7.16e-07 V                   ; 2.35 V              ; -0.00832 V          ; 0.101 V                              ; 0.024 V                              ; 6.39e-10 s                  ; 6e-10 s                     ; Yes                        ; Yes                        ; 2.32 V                      ; 7.16e-07 V                  ; 2.35 V             ; -0.00832 V         ; 0.101 V                             ; 0.024 V                             ; 6.39e-10 s                 ; 6e-10 s                    ; Yes                       ; Yes                       ;
; d[14]         ; 2.5 V        ; 0 s                 ; 0 s                 ; 2.32 V                       ; 1.06e-06 V                   ; 2.36 V              ; -0.00724 V          ; 0.107 V                              ; 0.02 V                               ; 4.5e-10 s                   ; 4.25e-10 s                  ; Yes                        ; Yes                        ; 2.32 V                      ; 1.06e-06 V                  ; 2.36 V             ; -0.00724 V         ; 0.107 V                             ; 0.02 V                              ; 4.5e-10 s                  ; 4.25e-10 s                 ; Yes                       ; Yes                       ;
; d[15]         ; 2.5 V        ; 0 s                 ; 0 s                 ; 2.32 V                       ; 1.06e-06 V                   ; 2.33 V              ; -0.00344 V          ; 0.134 V                              ; 0.075 V                              ; 3.33e-09 s                  ; 3.16e-09 s                  ; Yes                        ; Yes                        ; 2.32 V                      ; 1.06e-06 V                  ; 2.33 V             ; -0.00344 V         ; 0.134 V                             ; 0.075 V                             ; 3.33e-09 s                 ; 3.16e-09 s                 ; Yes                       ; Yes                       ;
; d[16]         ; 2.5 V        ; 0 s                 ; 0 s                 ; 2.32 V                       ; 7.16e-07 V                   ; 2.33 V              ; -0.00349 V          ; 0.163 V                              ; 0.074 V                              ; 3.33e-09 s                  ; 3.14e-09 s                  ; Yes                        ; Yes                        ; 2.32 V                      ; 7.16e-07 V                  ; 2.33 V             ; -0.00349 V         ; 0.163 V                             ; 0.074 V                             ; 3.33e-09 s                 ; 3.14e-09 s                 ; Yes                       ; Yes                       ;
; d[17]         ; 2.5 V        ; 0 s                 ; 0 s                 ; 2.32 V                       ; 1.06e-06 V                   ; 2.36 V              ; -0.00724 V          ; 0.107 V                              ; 0.02 V                               ; 4.5e-10 s                   ; 4.25e-10 s                  ; Yes                        ; Yes                        ; 2.32 V                      ; 1.06e-06 V                  ; 2.36 V             ; -0.00724 V         ; 0.107 V                             ; 0.02 V                              ; 4.5e-10 s                  ; 4.25e-10 s                 ; Yes                       ; Yes                       ;
; d[18]         ; 2.5 V        ; 0 s                 ; 0 s                 ; 2.32 V                       ; 7.16e-07 V                   ; 2.36 V              ; -0.00476 V          ; 0.096 V                              ; 0.013 V                              ; 4.39e-10 s                  ; 4.15e-10 s                  ; Yes                        ; Yes                        ; 2.32 V                      ; 7.16e-07 V                  ; 2.36 V             ; -0.00476 V         ; 0.096 V                             ; 0.013 V                             ; 4.39e-10 s                 ; 4.15e-10 s                 ; Yes                       ; Yes                       ;
; d[19]         ; 2.5 V        ; 0 s                 ; 0 s                 ; 2.32 V                       ; 1.06e-06 V                   ; 2.36 V              ; -0.00724 V          ; 0.107 V                              ; 0.02 V                               ; 4.5e-10 s                   ; 4.25e-10 s                  ; Yes                        ; Yes                        ; 2.32 V                      ; 1.06e-06 V                  ; 2.36 V             ; -0.00724 V         ; 0.107 V                             ; 0.02 V                              ; 4.5e-10 s                  ; 4.25e-10 s                 ; Yes                       ; Yes                       ;
; d[20]         ; 2.5 V        ; 0 s                 ; 0 s                 ; 2.32 V                       ; 7.16e-07 V                   ; 2.33 V              ; -0.00349 V          ; 0.163 V                              ; 0.074 V                              ; 3.33e-09 s                  ; 3.14e-09 s                  ; Yes                        ; Yes                        ; 2.32 V                      ; 7.16e-07 V                  ; 2.33 V             ; -0.00349 V         ; 0.163 V                             ; 0.074 V                             ; 3.33e-09 s                 ; 3.14e-09 s                 ; Yes                       ; Yes                       ;
; d[21]         ; 2.5 V        ; 0 s                 ; 0 s                 ; 2.32 V                       ; 1.06e-06 V                   ; 2.36 V              ; -0.00724 V          ; 0.107 V                              ; 0.02 V                               ; 4.5e-10 s                   ; 4.25e-10 s                  ; Yes                        ; Yes                        ; 2.32 V                      ; 1.06e-06 V                  ; 2.36 V             ; -0.00724 V         ; 0.107 V                             ; 0.02 V                              ; 4.5e-10 s                  ; 4.25e-10 s                 ; Yes                       ; Yes                       ;
; d[22]         ; 2.5 V        ; 0 s                 ; 0 s                 ; 2.32 V                       ; 7.16e-07 V                   ; 2.35 V              ; -0.00832 V          ; 0.101 V                              ; 0.024 V                              ; 6.39e-10 s                  ; 6e-10 s                     ; Yes                        ; Yes                        ; 2.32 V                      ; 7.16e-07 V                  ; 2.35 V             ; -0.00832 V         ; 0.101 V                             ; 0.024 V                             ; 6.39e-10 s                 ; 6e-10 s                    ; Yes                       ; Yes                       ;
; d[23]         ; 2.5 V        ; 0 s                 ; 0 s                 ; 2.32 V                       ; 1.06e-06 V                   ; 2.36 V              ; -0.00724 V          ; 0.107 V                              ; 0.02 V                               ; 4.5e-10 s                   ; 4.25e-10 s                  ; Yes                        ; Yes                        ; 2.32 V                      ; 1.06e-06 V                  ; 2.36 V             ; -0.00724 V         ; 0.107 V                             ; 0.02 V                              ; 4.5e-10 s                  ; 4.25e-10 s                 ; Yes                       ; Yes                       ;
; d[24]         ; 2.5 V        ; 0 s                 ; 0 s                 ; 2.32 V                       ; 1.06e-06 V                   ; 2.36 V              ; -0.00724 V          ; 0.107 V                              ; 0.02 V                               ; 4.5e-10 s                   ; 4.25e-10 s                  ; Yes                        ; Yes                        ; 2.32 V                      ; 1.06e-06 V                  ; 2.36 V             ; -0.00724 V         ; 0.107 V                             ; 0.02 V                              ; 4.5e-10 s                  ; 4.25e-10 s                 ; Yes                       ; Yes                       ;
; d[25]         ; 2.5 V        ; 0 s                 ; 0 s                 ; 2.32 V                       ; 7.16e-07 V                   ; 2.35 V              ; -0.00832 V          ; 0.101 V                              ; 0.024 V                              ; 6.39e-10 s                  ; 6e-10 s                     ; Yes                        ; Yes                        ; 2.32 V                      ; 7.16e-07 V                  ; 2.35 V             ; -0.00832 V         ; 0.101 V                             ; 0.024 V                             ; 6.39e-10 s                 ; 6e-10 s                    ; Yes                       ; Yes                       ;
; d[26]         ; 2.5 V        ; 0 s                 ; 0 s                 ; 2.32 V                       ; 7.16e-07 V                   ; 2.35 V              ; -0.00832 V          ; 0.101 V                              ; 0.024 V                              ; 6.39e-10 s                  ; 6e-10 s                     ; Yes                        ; Yes                        ; 2.32 V                      ; 7.16e-07 V                  ; 2.35 V             ; -0.00832 V         ; 0.101 V                             ; 0.024 V                             ; 6.39e-10 s                 ; 6e-10 s                    ; Yes                       ; Yes                       ;
; d[27]         ; 2.5 V        ; 0 s                 ; 0 s                 ; 2.32 V                       ; 1.06e-06 V                   ; 2.36 V              ; -0.00724 V          ; 0.107 V                              ; 0.02 V                               ; 4.5e-10 s                   ; 4.25e-10 s                  ; Yes                        ; Yes                        ; 2.32 V                      ; 1.06e-06 V                  ; 2.36 V             ; -0.00724 V         ; 0.107 V                             ; 0.02 V                              ; 4.5e-10 s                  ; 4.25e-10 s                 ; Yes                       ; Yes                       ;
; d[28]         ; 2.5 V        ; 0 s                 ; 0 s                 ; 2.32 V                       ; 7.16e-07 V                   ; 2.35 V              ; -0.00832 V          ; 0.101 V                              ; 0.024 V                              ; 6.39e-10 s                  ; 6e-10 s                     ; Yes                        ; Yes                        ; 2.32 V                      ; 7.16e-07 V                  ; 2.35 V             ; -0.00832 V         ; 0.101 V                             ; 0.024 V                             ; 6.39e-10 s                 ; 6e-10 s                    ; Yes                       ; Yes                       ;
; d[29]         ; 2.5 V        ; 0 s                 ; 0 s                 ; 2.32 V                       ; 1.06e-06 V                   ; 2.36 V              ; -0.00724 V          ; 0.107 V                              ; 0.02 V                               ; 4.5e-10 s                   ; 4.25e-10 s                  ; Yes                        ; Yes                        ; 2.32 V                      ; 1.06e-06 V                  ; 2.36 V             ; -0.00724 V         ; 0.107 V                             ; 0.02 V                              ; 4.5e-10 s                  ; 4.25e-10 s                 ; Yes                       ; Yes                       ;
; d[30]         ; 2.5 V        ; 0 s                 ; 0 s                 ; 2.32 V                       ; 1.06e-06 V                   ; 2.36 V              ; -0.00724 V          ; 0.107 V                              ; 0.02 V                               ; 4.5e-10 s                   ; 4.25e-10 s                  ; Yes                        ; Yes                        ; 2.32 V                      ; 1.06e-06 V                  ; 2.36 V             ; -0.00724 V         ; 0.107 V                             ; 0.02 V                              ; 4.5e-10 s                  ; 4.25e-10 s                 ; Yes                       ; Yes                       ;
; d[31]         ; 2.5 V        ; 0 s                 ; 0 s                 ; 2.32 V                       ; 1.06e-06 V                   ; 2.36 V              ; -0.00724 V          ; 0.107 V                              ; 0.02 V                               ; 4.5e-10 s                   ; 4.25e-10 s                  ; Yes                        ; Yes                        ; 2.32 V                      ; 1.06e-06 V                  ; 2.36 V             ; -0.00724 V         ; 0.107 V                             ; 0.02 V                              ; 4.5e-10 s                  ; 4.25e-10 s                 ; Yes                       ; Yes                       ;
; flags[0]      ; 2.5 V        ; 0 s                 ; 0 s                 ; 2.32 V                       ; 1.06e-06 V                   ; 2.36 V              ; -0.00724 V          ; 0.107 V                              ; 0.02 V                               ; 4.5e-10 s                   ; 4.25e-10 s                  ; Yes                        ; Yes                        ; 2.32 V                      ; 1.06e-06 V                  ; 2.36 V             ; -0.00724 V         ; 0.107 V                             ; 0.02 V                              ; 4.5e-10 s                  ; 4.25e-10 s                 ; Yes                       ; Yes                       ;
; flags[1]      ; 2.5 V        ; 0 s                 ; 0 s                 ; 2.32 V                       ; 1.06e-06 V                   ; 2.36 V              ; -0.00724 V          ; 0.107 V                              ; 0.02 V                               ; 4.5e-10 s                   ; 4.25e-10 s                  ; Yes                        ; Yes                        ; 2.32 V                      ; 1.06e-06 V                  ; 2.36 V             ; -0.00724 V         ; 0.107 V                             ; 0.02 V                              ; 4.5e-10 s                  ; 4.25e-10 s                 ; Yes                       ; Yes                       ;
; flags[2]      ; 2.5 V        ; 0 s                 ; 0 s                 ; 2.32 V                       ; 7.16e-07 V                   ; 2.35 V              ; -0.00832 V          ; 0.101 V                              ; 0.024 V                              ; 6.39e-10 s                  ; 6e-10 s                     ; Yes                        ; Yes                        ; 2.32 V                      ; 7.16e-07 V                  ; 2.35 V             ; -0.00832 V         ; 0.101 V                             ; 0.024 V                             ; 6.39e-10 s                 ; 6e-10 s                    ; Yes                       ; Yes                       ;
; flags[3]      ; 2.5 V        ; 0 s                 ; 0 s                 ; 2.32 V                       ; 1.06e-06 V                   ; 2.36 V              ; -0.00724 V          ; 0.107 V                              ; 0.02 V                               ; 4.5e-10 s                   ; 4.25e-10 s                  ; Yes                        ; Yes                        ; 2.32 V                      ; 1.06e-06 V                  ; 2.36 V             ; -0.00724 V         ; 0.107 V                             ; 0.02 V                              ; 4.5e-10 s                  ; 4.25e-10 s                 ; Yes                       ; Yes                       ;
; flags[4]      ; 2.5 V        ; 0 s                 ; 0 s                 ; 2.32 V                       ; 1.06e-06 V                   ; 2.36 V              ; -0.00724 V          ; 0.107 V                              ; 0.02 V                               ; 4.5e-10 s                   ; 4.25e-10 s                  ; Yes                        ; Yes                        ; 2.32 V                      ; 1.06e-06 V                  ; 2.36 V             ; -0.00724 V         ; 0.107 V                             ; 0.02 V                              ; 4.5e-10 s                  ; 4.25e-10 s                 ; Yes                       ; Yes                       ;
; ~ALTERA_DCLK~ ; 2.5 V        ; 0 s                 ; 0 s                 ; 2.32 V                       ; 5.74e-07 V                   ; 2.36 V              ; -0.0201 V           ; 0.072 V                              ; 0.033 V                              ; 4.04e-10 s                  ; 3.29e-10 s                  ; Yes                        ; Yes                        ; 2.32 V                      ; 5.74e-07 V                  ; 2.36 V             ; -0.0201 V          ; 0.072 V                             ; 0.033 V                             ; 4.04e-10 s                 ; 3.29e-10 s                 ; Yes                       ; Yes                       ;
; ~ALTERA_nCEO~ ; 2.5 V        ; 0 s                 ; 0 s                 ; 2.32 V                       ; 9.45e-07 V                   ; 2.35 V              ; -0.00643 V          ; 0.081 V                              ; 0.031 V                              ; 5.31e-10 s                  ; 7.59e-10 s                  ; Yes                        ; Yes                        ; 2.32 V                      ; 9.45e-07 V                  ; 2.35 V             ; -0.00643 V         ; 0.081 V                             ; 0.031 V                             ; 5.31e-10 s                 ; 7.59e-10 s                 ; Yes                       ; Yes                       ;
+---------------+--------------+---------------------+---------------------+------------------------------+------------------------------+---------------------+---------------------+--------------------------------------+--------------------------------------+-----------------------------+-----------------------------+----------------------------+----------------------------+-----------------------------+-----------------------------+--------------------+--------------------+-------------------------------------+-------------------------------------+----------------------------+----------------------------+---------------------------+---------------------------+


+--------------------------------------------------------------------------------------------------------------------------------------------------------------------------------------------------------------------------------------------------------------------------------------------------------------------------------------------------------------------------------------------------------------------------------------------------------------------------------------------------------------------------------------------------------------------------------------------------------------------------------------------------------------------------------------------+
; Signal Integrity Metrics (Fast 1200mv 0c Model)                                                                                                                                                                                                                                                                                                                                                                                                                                                                                                                                                                                                                                            ;
+---------------+--------------+---------------------+---------------------+------------------------------+------------------------------+---------------------+---------------------+--------------------------------------+--------------------------------------+-----------------------------+-----------------------------+----------------------------+----------------------------+-----------------------------+-----------------------------+--------------------+--------------------+-------------------------------------+-------------------------------------+----------------------------+----------------------------+---------------------------+---------------------------+
; Pin           ; I/O Standard ; Board Delay on Rise ; Board Delay on Fall ; Steady State Voh at FPGA Pin ; Steady State Vol at FPGA Pin ; Voh Max at FPGA Pin ; Vol Min at FPGA Pin ; Ringback Voltage on Rise at FPGA Pin ; Ringback Voltage on Fall at FPGA Pin ; 10-90 Rise Time at FPGA Pin ; 90-10 Fall Time at FPGA Pin ; Monotonic Rise at FPGA Pin ; Monotonic Fall at FPGA Pin ; Steady State Voh at Far-end ; Steady State Vol at Far-end ; Voh Max at Far-end ; Vol Min at Far-end ; Ringback Voltage on Rise at Far-end ; Ringback Voltage on Fall at Far-end ; 10-90 Rise Time at Far-end ; 90-10 Fall Time at Far-end ; Monotonic Rise at Far-end ; Monotonic Fall at Far-end ;
+---------------+--------------+---------------------+---------------------+------------------------------+------------------------------+---------------------+---------------------+--------------------------------------+--------------------------------------+-----------------------------+-----------------------------+----------------------------+----------------------------+-----------------------------+-----------------------------+--------------------+--------------------+-------------------------------------+-------------------------------------+----------------------------+----------------------------+---------------------------+---------------------------+
; out_valid     ; 2.5 V        ; 0 s                 ; 0 s                 ; 2.62 V                       ; 2.74e-08 V                   ; 2.71 V              ; -0.0317 V           ; 0.148 V                              ; 0.064 V                              ; 4.51e-10 s                  ; 4.15e-10 s                  ; No                         ; Yes                        ; 2.62 V                      ; 2.74e-08 V                  ; 2.71 V             ; -0.0317 V          ; 0.148 V                             ; 0.064 V                             ; 4.51e-10 s                 ; 4.15e-10 s                 ; No                        ; Yes                       ;
; d[0]          ; 2.5 V        ; 0 s                 ; 0 s                 ; 2.62 V                       ; 2.74e-08 V                   ; 2.73 V              ; -0.0384 V           ; 0.169 V                              ; 0.089 V                              ; 2.7e-10 s                   ; 2.62e-10 s                  ; Yes                        ; Yes                        ; 2.62 V                      ; 2.74e-08 V                  ; 2.73 V             ; -0.0384 V          ; 0.169 V                             ; 0.089 V                             ; 2.7e-10 s                  ; 2.62e-10 s                 ; Yes                       ; Yes                       ;
; d[1]          ; 2.5 V        ; 0 s                 ; 0 s                 ; 2.62 V                       ; 4.05e-08 V                   ; 2.72 V              ; -0.0349 V           ; 0.173 V                              ; 0.1 V                                ; 2.72e-10 s                  ; 2.69e-10 s                  ; Yes                        ; Yes                        ; 2.62 V                      ; 4.05e-08 V                  ; 2.72 V             ; -0.0349 V          ; 0.173 V                             ; 0.1 V                               ; 2.72e-10 s                 ; 2.69e-10 s                 ; Yes                       ; Yes                       ;
; d[2]          ; 2.5 V        ; 0 s                 ; 0 s                 ; 2.62 V                       ; 4.05e-08 V                   ; 2.72 V              ; -0.0349 V           ; 0.173 V                              ; 0.1 V                                ; 2.72e-10 s                  ; 2.69e-10 s                  ; Yes                        ; Yes                        ; 2.62 V                      ; 4.05e-08 V                  ; 2.72 V             ; -0.0349 V          ; 0.173 V                             ; 0.1 V                               ; 2.72e-10 s                 ; 2.69e-10 s                 ; Yes                       ; Yes                       ;
; d[3]          ; 2.5 V        ; 0 s                 ; 0 s                 ; 2.62 V                       ; 2.74e-08 V                   ; 2.71 V              ; -0.0317 V           ; 0.148 V                              ; 0.064 V                              ; 4.51e-10 s                  ; 4.15e-10 s                  ; No                         ; Yes                        ; 2.62 V                      ; 2.74e-08 V                  ; 2.71 V             ; -0.0317 V          ; 0.148 V                             ; 0.064 V                             ; 4.51e-10 s                 ; 4.15e-10 s                 ; No                        ; Yes                       ;
; d[4]          ; 2.5 V        ; 0 s                 ; 0 s                 ; 2.62 V                       ; 4.05e-08 V                   ; 2.72 V              ; -0.0349 V           ; 0.173 V                              ; 0.1 V                                ; 2.72e-10 s                  ; 2.69e-10 s                  ; Yes                        ; Yes                        ; 2.62 V                      ; 4.05e-08 V                  ; 2.72 V             ; -0.0349 V          ; 0.173 V                             ; 0.1 V                               ; 2.72e-10 s                 ; 2.69e-10 s                 ; Yes                       ; Yes                       ;
; d[5]          ; 2.5 V        ; 0 s                 ; 0 s                 ; 2.62 V                       ; 2.74e-08 V                   ; 2.71 V              ; -0.0317 V           ; 0.148 V                              ; 0.064 V                              ; 4.51e-10 s                  ; 4.15e-10 s                  ; No                         ; Yes                        ; 2.62 V                      ; 2.74e-08 V                  ; 2.71 V             ; -0.0317 V          ; 0.148 V                             ; 0.064 V                             ; 4.51e-10 s                 ; 4.15e-10 s                 ; No                        ; Yes                       ;
; d[6]          ; 2.5 V        ; 0 s                 ; 0 s                 ; 2.62 V                       ; 2.74e-08 V                   ; 2.71 V              ; -0.0317 V           ; 0.148 V                              ; 0.064 V                              ; 4.51e-10 s                  ; 4.15e-10 s                  ; No                         ; Yes                        ; 2.62 V                      ; 2.74e-08 V                  ; 2.71 V             ; -0.0317 V          ; 0.148 V                             ; 0.064 V                             ; 4.51e-10 s                 ; 4.15e-10 s                 ; No                        ; Yes                       ;
; d[7]          ; 2.5 V        ; 0 s                 ; 0 s                 ; 2.62 V                       ; 4.05e-08 V                   ; 2.72 V              ; -0.0349 V           ; 0.173 V                              ; 0.1 V                                ; 2.72e-10 s                  ; 2.69e-10 s                  ; Yes                        ; Yes                        ; 2.62 V                      ; 4.05e-08 V                  ; 2.72 V             ; -0.0349 V          ; 0.173 V                             ; 0.1 V                               ; 2.72e-10 s                 ; 2.69e-10 s                 ; Yes                       ; Yes                       ;
; d[8]          ; 2.5 V        ; 0 s                 ; 0 s                 ; 2.62 V                       ; 2.74e-08 V                   ; 2.71 V              ; -0.0317 V           ; 0.148 V                              ; 0.064 V                              ; 4.51e-10 s                  ; 4.15e-10 s                  ; No                         ; Yes                        ; 2.62 V                      ; 2.74e-08 V                  ; 2.71 V             ; -0.0317 V          ; 0.148 V                             ; 0.064 V                             ; 4.51e-10 s                 ; 4.15e-10 s                 ; No                        ; Yes                       ;
; d[9]          ; 2.5 V        ; 0 s                 ; 0 s                 ; 2.62 V                       ; 2.74e-08 V                   ; 2.73 V              ; -0.0384 V           ; 0.169 V                              ; 0.089 V                              ; 2.7e-10 s                   ; 2.62e-10 s                  ; Yes                        ; Yes                        ; 2.62 V                      ; 2.74e-08 V                  ; 2.73 V             ; -0.0384 V          ; 0.169 V                             ; 0.089 V                             ; 2.7e-10 s                  ; 2.62e-10 s                 ; Yes                       ; Yes                       ;
; d[10]         ; 2.5 V        ; 0 s                 ; 0 s                 ; 2.62 V                       ; 4.05e-08 V                   ; 2.72 V              ; -0.0349 V           ; 0.173 V                              ; 0.1 V                                ; 2.72e-10 s                  ; 2.69e-10 s                  ; Yes                        ; Yes                        ; 2.62 V                      ; 4.05e-08 V                  ; 2.72 V             ; -0.0349 V          ; 0.173 V                             ; 0.1 V                               ; 2.72e-10 s                 ; 2.69e-10 s                 ; Yes                       ; Yes                       ;
; d[11]         ; 2.5 V        ; 0 s                 ; 0 s                 ; 2.62 V                       ; 2.74e-08 V                   ; 2.71 V              ; -0.0317 V           ; 0.148 V                              ; 0.064 V                              ; 4.51e-10 s                  ; 4.15e-10 s                  ; No                         ; Yes                        ; 2.62 V                      ; 2.74e-08 V                  ; 2.71 V             ; -0.0317 V          ; 0.148 V                             ; 0.064 V                             ; 4.51e-10 s                 ; 4.15e-10 s                 ; No                        ; Yes                       ;
; d[12]         ; 2.5 V        ; 0 s                 ; 0 s                 ; 2.62 V                       ; 4.05e-08 V                   ; 2.64 V              ; -0.0113 V           ; 0.208 V                              ; 0.179 V                              ; 2.38e-09 s                  ; 2.23e-09 s                  ; No                         ; Yes                        ; 2.62 V                      ; 4.05e-08 V                  ; 2.64 V             ; -0.0113 V          ; 0.208 V                             ; 0.179 V                             ; 2.38e-09 s                 ; 2.23e-09 s                 ; No                        ; Yes                       ;
; d[13]         ; 2.5 V        ; 0 s                 ; 0 s                 ; 2.62 V                       ; 2.74e-08 V                   ; 2.71 V              ; -0.0317 V           ; 0.148 V                              ; 0.064 V                              ; 4.51e-10 s                  ; 4.15e-10 s                  ; No                         ; Yes                        ; 2.62 V                      ; 2.74e-08 V                  ; 2.71 V             ; -0.0317 V          ; 0.148 V                             ; 0.064 V                             ; 4.51e-10 s                 ; 4.15e-10 s                 ; No                        ; Yes                       ;
; d[14]         ; 2.5 V        ; 0 s                 ; 0 s                 ; 2.62 V                       ; 4.05e-08 V                   ; 2.72 V              ; -0.0349 V           ; 0.173 V                              ; 0.1 V                                ; 2.72e-10 s                  ; 2.69e-10 s                  ; Yes                        ; Yes                        ; 2.62 V                      ; 4.05e-08 V                  ; 2.72 V             ; -0.0349 V          ; 0.173 V                             ; 0.1 V                               ; 2.72e-10 s                 ; 2.69e-10 s                 ; Yes                       ; Yes                       ;
; d[15]         ; 2.5 V        ; 0 s                 ; 0 s                 ; 2.62 V                       ; 4.05e-08 V                   ; 2.64 V              ; -0.0113 V           ; 0.208 V                              ; 0.179 V                              ; 2.38e-09 s                  ; 2.23e-09 s                  ; No                         ; Yes                        ; 2.62 V                      ; 4.05e-08 V                  ; 2.64 V             ; -0.0113 V          ; 0.208 V                             ; 0.179 V                             ; 2.38e-09 s                 ; 2.23e-09 s                 ; No                        ; Yes                       ;
; d[16]         ; 2.5 V        ; 0 s                 ; 0 s                 ; 2.62 V                       ; 2.74e-08 V                   ; 2.64 V              ; -0.0117 V           ; 0.202 V                              ; 0.176 V                              ; 2.38e-09 s                  ; 2.22e-09 s                  ; No                         ; Yes                        ; 2.62 V                      ; 2.74e-08 V                  ; 2.64 V             ; -0.0117 V          ; 0.202 V                             ; 0.176 V                             ; 2.38e-09 s                 ; 2.22e-09 s                 ; No                        ; Yes                       ;
; d[17]         ; 2.5 V        ; 0 s                 ; 0 s                 ; 2.62 V                       ; 4.05e-08 V                   ; 2.72 V              ; -0.0349 V           ; 0.173 V                              ; 0.1 V                                ; 2.72e-10 s                  ; 2.69e-10 s                  ; Yes                        ; Yes                        ; 2.62 V                      ; 4.05e-08 V                  ; 2.72 V             ; -0.0349 V          ; 0.173 V                             ; 0.1 V                               ; 2.72e-10 s                 ; 2.69e-10 s                 ; Yes                       ; Yes                       ;
; d[18]         ; 2.5 V        ; 0 s                 ; 0 s                 ; 2.62 V                       ; 2.74e-08 V                   ; 2.73 V              ; -0.0384 V           ; 0.169 V                              ; 0.089 V                              ; 2.7e-10 s                   ; 2.62e-10 s                  ; Yes                        ; Yes                        ; 2.62 V                      ; 2.74e-08 V                  ; 2.73 V             ; -0.0384 V          ; 0.169 V                             ; 0.089 V                             ; 2.7e-10 s                  ; 2.62e-10 s                 ; Yes                       ; Yes                       ;
; d[19]         ; 2.5 V        ; 0 s                 ; 0 s                 ; 2.62 V                       ; 4.05e-08 V                   ; 2.72 V              ; -0.0349 V           ; 0.173 V                              ; 0.1 V                                ; 2.72e-10 s                  ; 2.69e-10 s                  ; Yes                        ; Yes                        ; 2.62 V                      ; 4.05e-08 V                  ; 2.72 V             ; -0.0349 V          ; 0.173 V                             ; 0.1 V                               ; 2.72e-10 s                 ; 2.69e-10 s                 ; Yes                       ; Yes                       ;
; d[20]         ; 2.5 V        ; 0 s                 ; 0 s                 ; 2.62 V                       ; 2.74e-08 V                   ; 2.64 V              ; -0.0117 V           ; 0.202 V                              ; 0.176 V                              ; 2.38e-09 s                  ; 2.22e-09 s                  ; No                         ; Yes                        ; 2.62 V                      ; 2.74e-08 V                  ; 2.64 V             ; -0.0117 V          ; 0.202 V                             ; 0.176 V                             ; 2.38e-09 s                 ; 2.22e-09 s                 ; No                        ; Yes                       ;
; d[21]         ; 2.5 V        ; 0 s                 ; 0 s                 ; 2.62 V                       ; 4.05e-08 V                   ; 2.72 V              ; -0.0349 V           ; 0.173 V                              ; 0.1 V                                ; 2.72e-10 s                  ; 2.69e-10 s                  ; Yes                        ; Yes                        ; 2.62 V                      ; 4.05e-08 V                  ; 2.72 V             ; -0.0349 V          ; 0.173 V                             ; 0.1 V                               ; 2.72e-10 s                 ; 2.69e-10 s                 ; Yes                       ; Yes                       ;
; d[22]         ; 2.5 V        ; 0 s                 ; 0 s                 ; 2.62 V                       ; 2.74e-08 V                   ; 2.71 V              ; -0.0317 V           ; 0.148 V                              ; 0.064 V                              ; 4.51e-10 s                  ; 4.15e-10 s                  ; No                         ; Yes                        ; 2.62 V                      ; 2.74e-08 V                  ; 2.71 V             ; -0.0317 V          ; 0.148 V                             ; 0.064 V                             ; 4.51e-10 s                 ; 4.15e-10 s                 ; No                        ; Yes                       ;
; d[23]         ; 2.5 V        ; 0 s                 ; 0 s                 ; 2.62 V                       ; 4.05e-08 V                   ; 2.72 V              ; -0.0349 V           ; 0.173 V                              ; 0.1 V                                ; 2.72e-10 s                  ; 2.69e-10 s                  ; Yes                        ; Yes                        ; 2.62 V                      ; 4.05e-08 V                  ; 2.72 V             ; -0.0349 V          ; 0.173 V                             ; 0.1 V                               ; 2.72e-10 s                 ; 2.69e-10 s                 ; Yes                       ; Yes                       ;
; d[24]         ; 2.5 V        ; 0 s                 ; 0 s                 ; 2.62 V                       ; 4.05e-08 V                   ; 2.72 V              ; -0.0349 V           ; 0.173 V                              ; 0.1 V                                ; 2.72e-10 s                  ; 2.69e-10 s                  ; Yes                        ; Yes                        ; 2.62 V                      ; 4.05e-08 V                  ; 2.72 V             ; -0.0349 V          ; 0.173 V                             ; 0.1 V                               ; 2.72e-10 s                 ; 2.69e-10 s                 ; Yes                       ; Yes                       ;
; d[25]         ; 2.5 V        ; 0 s                 ; 0 s                 ; 2.62 V                       ; 2.74e-08 V                   ; 2.71 V              ; -0.0317 V           ; 0.148 V                              ; 0.064 V                              ; 4.51e-10 s                  ; 4.15e-10 s                  ; No                         ; Yes                        ; 2.62 V                      ; 2.74e-08 V                  ; 2.71 V             ; -0.0317 V          ; 0.148 V                             ; 0.064 V                             ; 4.51e-10 s                 ; 4.15e-10 s                 ; No                        ; Yes                       ;
; d[26]         ; 2.5 V        ; 0 s                 ; 0 s                 ; 2.62 V                       ; 2.74e-08 V                   ; 2.71 V              ; -0.0317 V           ; 0.148 V                              ; 0.064 V                              ; 4.51e-10 s                  ; 4.15e-10 s                  ; No                         ; Yes                        ; 2.62 V                      ; 2.74e-08 V                  ; 2.71 V             ; -0.0317 V          ; 0.148 V                             ; 0.064 V                             ; 4.51e-10 s                 ; 4.15e-10 s                 ; No                        ; Yes                       ;
; d[27]         ; 2.5 V        ; 0 s                 ; 0 s                 ; 2.62 V                       ; 4.05e-08 V                   ; 2.72 V              ; -0.0349 V           ; 0.173 V                              ; 0.1 V                                ; 2.72e-10 s                  ; 2.69e-10 s                  ; Yes                        ; Yes                        ; 2.62 V                      ; 4.05e-08 V                  ; 2.72 V             ; -0.0349 V          ; 0.173 V                             ; 0.1 V                               ; 2.72e-10 s                 ; 2.69e-10 s                 ; Yes                       ; Yes                       ;
; d[28]         ; 2.5 V        ; 0 s                 ; 0 s                 ; 2.62 V                       ; 2.74e-08 V                   ; 2.71 V              ; -0.0317 V           ; 0.148 V                              ; 0.064 V                              ; 4.51e-10 s                  ; 4.15e-10 s                  ; No                         ; Yes                        ; 2.62 V                      ; 2.74e-08 V                  ; 2.71 V             ; -0.0317 V          ; 0.148 V                             ; 0.064 V                             ; 4.51e-10 s                 ; 4.15e-10 s                 ; No                        ; Yes                       ;
; d[29]         ; 2.5 V        ; 0 s                 ; 0 s                 ; 2.62 V                       ; 4.05e-08 V                   ; 2.72 V              ; -0.0349 V           ; 0.173 V                              ; 0.1 V                                ; 2.72e-10 s                  ; 2.69e-10 s                  ; Yes                        ; Yes                        ; 2.62 V                      ; 4.05e-08 V                  ; 2.72 V             ; -0.0349 V          ; 0.173 V                             ; 0.1 V                               ; 2.72e-10 s                 ; 2.69e-10 s                 ; Yes                       ; Yes                       ;
; d[30]         ; 2.5 V        ; 0 s                 ; 0 s                 ; 2.62 V                       ; 4.05e-08 V                   ; 2.72 V              ; -0.0349 V           ; 0.173 V                              ; 0.1 V                                ; 2.72e-10 s                  ; 2.69e-10 s                  ; Yes                        ; Yes                        ; 2.62 V                      ; 4.05e-08 V                  ; 2.72 V             ; -0.0349 V          ; 0.173 V                             ; 0.1 V                               ; 2.72e-10 s                 ; 2.69e-10 s                 ; Yes                       ; Yes                       ;
; d[31]         ; 2.5 V        ; 0 s                 ; 0 s                 ; 2.62 V                       ; 4.05e-08 V                   ; 2.72 V              ; -0.0349 V           ; 0.173 V                              ; 0.1 V                                ; 2.72e-10 s                  ; 2.69e-10 s                  ; Yes                        ; Yes                        ; 2.62 V                      ; 4.05e-08 V                  ; 2.72 V             ; -0.0349 V          ; 0.173 V                             ; 0.1 V                               ; 2.72e-10 s                 ; 2.69e-10 s                 ; Yes                       ; Yes                       ;
; flags[0]      ; 2.5 V        ; 0 s                 ; 0 s                 ; 2.62 V                       ; 4.05e-08 V                   ; 2.72 V              ; -0.0349 V           ; 0.173 V                              ; 0.1 V                                ; 2.72e-10 s                  ; 2.69e-10 s                  ; Yes                        ; Yes                        ; 2.62 V                      ; 4.05e-08 V                  ; 2.72 V             ; -0.0349 V          ; 0.173 V                             ; 0.1 V                               ; 2.72e-10 s                 ; 2.69e-10 s                 ; Yes                       ; Yes                       ;
; flags[1]      ; 2.5 V        ; 0 s                 ; 0 s                 ; 2.62 V                       ; 4.05e-08 V                   ; 2.72 V              ; -0.0349 V           ; 0.173 V                              ; 0.1 V                                ; 2.72e-10 s                  ; 2.69e-10 s                  ; Yes                        ; Yes                        ; 2.62 V                      ; 4.05e-08 V                  ; 2.72 V             ; -0.0349 V          ; 0.173 V                             ; 0.1 V                               ; 2.72e-10 s                 ; 2.69e-10 s                 ; Yes                       ; Yes                       ;
; flags[2]      ; 2.5 V        ; 0 s                 ; 0 s                 ; 2.62 V                       ; 2.74e-08 V                   ; 2.71 V              ; -0.0317 V           ; 0.148 V                              ; 0.064 V                              ; 4.51e-10 s                  ; 4.15e-10 s                  ; No                         ; Yes                        ; 2.62 V                      ; 2.74e-08 V                  ; 2.71 V             ; -0.0317 V          ; 0.148 V                             ; 0.064 V                             ; 4.51e-10 s                 ; 4.15e-10 s                 ; No                        ; Yes                       ;
; flags[3]      ; 2.5 V        ; 0 s                 ; 0 s                 ; 2.62 V                       ; 4.05e-08 V                   ; 2.72 V              ; -0.0349 V           ; 0.173 V                              ; 0.1 V                                ; 2.72e-10 s                  ; 2.69e-10 s                  ; Yes                        ; Yes                        ; 2.62 V                      ; 4.05e-08 V                  ; 2.72 V             ; -0.0349 V          ; 0.173 V                             ; 0.1 V                               ; 2.72e-10 s                 ; 2.69e-10 s                 ; Yes                       ; Yes                       ;
; flags[4]      ; 2.5 V        ; 0 s                 ; 0 s                 ; 2.62 V                       ; 4.05e-08 V                   ; 2.72 V              ; -0.0349 V           ; 0.173 V                              ; 0.1 V                                ; 2.72e-10 s                  ; 2.69e-10 s                  ; Yes                        ; Yes                        ; 2.62 V                      ; 4.05e-08 V                  ; 2.72 V             ; -0.0349 V          ; 0.173 V                             ; 0.1 V                               ; 2.72e-10 s                 ; 2.69e-10 s                 ; Yes                       ; Yes                       ;
; ~ALTERA_DCLK~ ; 2.5 V        ; 0 s                 ; 0 s                 ; 2.62 V                       ; 2.22e-08 V                   ; 2.74 V              ; -0.06 V             ; 0.158 V                              ; 0.08 V                               ; 2.68e-10 s                  ; 2.19e-10 s                  ; Yes                        ; Yes                        ; 2.62 V                      ; 2.22e-08 V                  ; 2.74 V             ; -0.06 V            ; 0.158 V                             ; 0.08 V                              ; 2.68e-10 s                 ; 2.19e-10 s                 ; Yes                       ; Yes                       ;
; ~ALTERA_nCEO~ ; 2.5 V        ; 0 s                 ; 0 s                 ; 2.62 V                       ; 3.54e-08 V                   ; 2.7 V               ; -0.00943 V          ; 0.276 V                              ; 0.035 V                              ; 3.19e-10 s                  ; 4.99e-10 s                  ; No                         ; Yes                        ; 2.62 V                      ; 3.54e-08 V                  ; 2.7 V              ; -0.00943 V         ; 0.276 V                             ; 0.035 V                             ; 3.19e-10 s                 ; 4.99e-10 s                 ; No                        ; Yes                       ;
+---------------+--------------+---------------------+---------------------+------------------------------+------------------------------+---------------------+---------------------+--------------------------------------+--------------------------------------+-----------------------------+-----------------------------+----------------------------+----------------------------+-----------------------------+-----------------------------+--------------------+--------------------+-------------------------------------+-------------------------------------+----------------------------+----------------------------+---------------------------+---------------------------+


+-------------------------------------------------------------------+
; Setup Transfers                                                   ;
+------------+----------+----------+----------+----------+----------+
; From Clock ; To Clock ; RR Paths ; FR Paths ; RF Paths ; FF Paths ;
+------------+----------+----------+----------+----------+----------+
; clk        ; clk      ; 147335   ; 0        ; 0        ; 0        ;
+------------+----------+----------+----------+----------+----------+
Entries labeled "false path" only account for clock-to-clock false paths and not path-based false paths. As a result, actual path counts may be lower than reported.


+-------------------------------------------------------------------+
; Hold Transfers                                                    ;
+------------+----------+----------+----------+----------+----------+
; From Clock ; To Clock ; RR Paths ; FR Paths ; RF Paths ; FF Paths ;
+------------+----------+----------+----------+----------+----------+
; clk        ; clk      ; 147335   ; 0        ; 0        ; 0        ;
+------------+----------+----------+----------+----------+----------+
Entries labeled "false path" only account for clock-to-clock false paths and not path-based false paths. As a result, actual path counts may be lower than reported.


+-------------------------------------------------------------------+
; Recovery Transfers                                                ;
+------------+----------+----------+----------+----------+----------+
; From Clock ; To Clock ; RR Paths ; FR Paths ; RF Paths ; FF Paths ;
+------------+----------+----------+----------+----------+----------+
; clk        ; clk      ; 150      ; 0        ; 0        ; 0        ;
+------------+----------+----------+----------+----------+----------+
Entries labeled "false path" only account for clock-to-clock false paths and not path-based false paths. As a result, actual path counts may be lower than reported.


+-------------------------------------------------------------------+
; Removal Transfers                                                 ;
+------------+----------+----------+----------+----------+----------+
; From Clock ; To Clock ; RR Paths ; FR Paths ; RF Paths ; FF Paths ;
+------------+----------+----------+----------+----------+----------+
; clk        ; clk      ; 150      ; 0        ; 0        ; 0        ;
+------------+----------+----------+----------+----------+----------+
Entries labeled "false path" only account for clock-to-clock false paths and not path-based false paths. As a result, actual path counts may be lower than reported.


---------------
; Report TCCS ;
---------------
No dedicated SERDES Transmitter circuitry present in device or used in design


---------------
; Report RSKM ;
---------------
No dedicated SERDES Receiver circuitry present in device or used in design


+------------------------------------------------+
; Unconstrained Paths                            ;
+---------------------------------+-------+------+
; Property                        ; Setup ; Hold ;
+---------------------------------+-------+------+
; Illegal Clocks                  ; 0     ; 0    ;
; Unconstrained Clocks            ; 0     ; 0    ;
; Unconstrained Input Ports       ; 75    ; 75   ;
; Unconstrained Input Port Paths  ; 76    ; 76   ;
; Unconstrained Output Ports      ; 38    ; 38   ;
; Unconstrained Output Port Paths ; 38    ; 38   ;
+---------------------------------+-------+------+


+------------------------------------+
; TimeQuest Timing Analyzer Messages ;
+------------------------------------+
Info: *******************************************************************
Info: Running Quartus II 64-Bit TimeQuest Timing Analyzer
    Info: Version 13.0.1 Build 232 06/12/2013 Service Pack 1 SJ Web Edition
    Info: Processing started: Wed Oct 07 00:22:56 2026
Info: Command: quartus_sta packer -c packer
Info: qsta_default_script.tcl version: #1
Warning (20028): Parallel compilation is not licensed and has been disabled
Info (21076): High junction temperature operating condition is not set. Assuming a default value of '85'.
Info (21076): Low junction temperature operating condition is not set. Assuming a default value of '0'.
Info (332104): Reading SDC File: 'packer.sdc'
Info (332151): Clock uncertainty is not calculated until you update the timing netlist.
Info (332123): Deriving Clock Uncertainty. Please refer to report_sdc in TimeQuest to see clock uncertainties.
Info: Found TIMEQUEST_REPORT_SCRIPT_INCLUDE_DEFAULT_ANALYSIS = ON
Info: Analyzing Slow 1200mV 85C Model
Info (332146): Worst-case setup slack is 0.312
    Info (332119):     Slack End Point TNS Clock 
    Info (332119): ========= ============= =====================
    Info (332119):     0.312         0.000 clk 
Info (332146): Worst-case hold slack is 0.373
    Info (332119):     Slack End Point TNS Clock 
    Info (332119): ========= ============= =====================
    Info (332119):     0.373         0.000 clk 
Info (332146): Worst-case recovery slack is 7.165
    Info (332119):     Slack End Point TNS Clock 
    Info (332119): ========= ============= =====================
    Info (332119):     7.165         0.000 clk 
Info (332146): Worst-case removal slack is 1.943
    Info (332119):     Slack End Point TNS Clock 
    Info (332119): ========= ============= =====================
    Info (332119):     1.943         0.000 clk 
Info (332146): Worst-case minimum pulse width slack is 4.667
    Info (332119):     Slack End Point TNS Clock 
    Info (332119): ========= ============= =====================
    Info (332119):     4.667         0.000 clk 
Info: Analyzing Slow 1200mV 0C Model
Info (334003): Started post-fitting delay annotation
Info (334004): Delay annotation completed successfully
Info (332123): Deriving Clock Uncertainty. Please refer to report_sdc in TimeQuest to see clock uncertainties.
Info (332146): Worst-case setup slack is 1.331
    Info (332119):     Slack End Point TNS Clock 
    Info (332119): ========= ============= =====================
    Info (332119):     1.331         0.000 clk 
Info (332146): Worst-case hold slack is 0.339
    Info (332119):     Slack End Point TNS Clock 
    Info (332119): ========= ============= =====================
    Info (332119):     0.339         0.000 clk 
Info (332146): Worst-case recovery slack is 7.490
    Info (332119):     Slack End Point TNS Clock 
    Info (332119): ========= ============= =====================
    Info (332119):     7.490         0.000 clk 
Info (332146): Worst-case removal slack is 1.732
    Info (332119):     Slack End Point TNS Clock 
    Info (332119): ========= ============= =====================
    Info (332119):     1.732         0.000 clk 
Info (332146): Worst-case minimum pulse width slack is 4.699
    Info (332119):     Slack End Point TNS Clock 
    Info (332119): ========= ============= =====================
    Info (332119):     4.699         0.000 clk 
Info: Analyzing Fast 1200mV 0C Model
Info (332123): Deriving Clock Uncertainty. Please refer to report_sdc in TimeQuest to see clock uncertainties.
Info (332146): Worst-case setup slack is 4.469
    Info (332119):     Slack End Point TNS Clock 
    Info (332119): ========= ============= =====================
    Info (332119):     4.469         0.000 clk 
Info (332146): Worst-case hold slack is 0.192
    Info (332119):     Slack End Point TNS Clock 
    Info (332119): ========= ============= =====================
    Info (332119):     0.192         0.000 clk 
Info (332146): Worst-case recovery slack is 8.322
    Info (332119):     Slack End Point TNS Clock 
    Info (332119): ========= ============= =====================
    Info (332119):     8.322         0.000 clk 
Info (332146): Worst-case removal slack is 1.134
    Info (332119):     Slack End Point TNS Clock 
    Info (332119): ========= ============= =====================
    Info (332119):     1.134         0.000 clk 
Info (332146): Worst-case minimum pulse width slack is 4.415
    Info (332119):     Slack End Point TNS Clock 
    Info (332119): ========= ============= =====================
    Info (332119):     4.415         0.000 clk 
Info (332102): Design is not fully constrained for setup requirements
Info (332102): Design is not fully constrained for hold requirements
Info: Quartus II 64-Bit TimeQuest Timing Analyzer was successful. 0 errors, 1 warning
    Info: Peak virtual memory: 4615 megabytes
    Info: Processing ended: Wed Oct 07 00:23:00 2026
    Info: Elapsed time: 00:00:04
    Info: Total CPU time (on all processors): 00:00:04


