TimeQuest Timing Analyzer report for packer
Wed Oct 07 00:21:26 2026
Quartus II 64-Bit Version 13.0.1 Build 232 06/12/2013 Service Pack 1 SJ Web Edition


---------------------
; Table of Contents ;
---------------------
  1. Legal Notice
  2. TimeQuest Timing Analyzer Summary
  3. Parallel Compilation
  4. SDC File List
  5. Clocks
  6. Slow 1200mV 85C Model Fmax Summary
  7. Timing Closure Recommendations
  8. Slow 1200mV 85C Model Setup Summary
  9. Slow 1200mV 85C Model Hold Summary
 10. Slow 1200mV 85C Model Recovery Summary
 11. Slow 1200mV 85C Model Removal Summary
 12. Slow 1200mV 85C Model Minimum Pulse Width Summary
 13. Slow 1200mV 85C Model Setup: 'clk'
 14. Slow 1200mV 85C Model Hold: 'clk'
 15. Slow 1200mV 85C Model Recovery: 'clk'
 16. Slow 1200mV 85C Model Removal: 'clk'
 17. Slow 1200mV 85C Model Minimum Pulse Width: 'clk'
 18. Setup Times
 19. Hold Times
 20. Clock to Output Times
 21. Minimum Clock to Output Times
 22. Slow 1200mV 85C Model Metastability Report
 23. Slow 1200mV 0C Model Fmax Summary
 24. Slow 1200mV 0C Model Setup Summary
 25. Slow 1200mV 0C Model Hold Summary
 26. Slow 1200mV 0C Model Recovery Summary
 27. Slow 1200mV 0C Model Removal Summary
 28. Slow 1200mV 0C Model Minimum Pulse Width Summary
 29. Slow 1200mV 0C Model Setup: 'clk'
 30. Slow 1200mV 0C Model Hold: 'clk'
 31. Slow 1200mV 0C Model Recovery: 'clk'
 32. Slow 1200mV 0C Model Removal: 'clk'
 33. Slow 1200mV 0C Model Minimum Pulse Width: 'clk'
 34. Setup Times
 35. Hold Times
 36. Clock to Output Times
 37. Minimum Clock to Output Times
 38. Slow 1200mV 0C Model Metastability Report
 39. Fast 1200mV 0C Model Setup Summary
 40. Fast 1200mV 0C Model Hold Summary
 41. Fast 1200mV 0C Model Recovery Summary
 42. Fast 1200mV 0C Model Removal Summary
 43. Fast 1200mV 0C Model Minimum Pulse Width Summary
 44. Fast 1200mV 0C Model Setup: 'clk'
 45. Fast 1200mV 0C Model Hold: 'clk'
 46. Fast 1200mV 0C Model Recovery: 'clk'
 47. Fast 1200mV 0C Model Removal: 'clk'
 48. Fast 1200mV 0C Model Minimum Pulse Width: 'clk'
 49. Setup Times
 50. Hold Times
 51. Clock to Output Times
 52. Minimum Clock to Output Times
 53. Fast 1200mV 0C Model Metastability Report
 54. Multicorner Timing Analysis Summary
 55. Setup Times
 56. Hold Times
 57. Clock to Output Times
 58. Minimum Clock to Output Times
 59. Board Trace Model Assignments
 60. Input Transition Times
 61. Signal Integrity Metrics (Slow 1200mv 0c Model)
 62. Signal Integrity Metrics (Slow 1200mv 85c Model)
 63. Signal Integrity Metrics (Fast 1200mv 0c Model)
 64. Setup Transfers
 65. Hold Transfers
 66. Recovery Transfers
 67. Removal Transfers
 68. Report TCCS
 69. Report RSKM
 70. Unconstrained Paths
 71. TimeQuest Timing Analyzer Messages



----------------
; Legal Notice ;
----------------
Copyright (C) 1991-2013 Altera Corporation
Your use of Altera Corporation's design tools, logic functions 
and other software and tools, and its AMPP partner logic 
functions, and any output files from any of the foregoing 
(including device programming or simulation files), and any 
associated documentation or information are expressly subject 
to the terms and conditions of the Altera Program License 
Subscription Agreement, Altera MegaCore Function License 
Agreement, or other applicable license agreement, including, 
without limitation, that your use is for the sole purpose of 
programming logic devices manufactured by Altera and sold by 
Altera or its authorized distributors.  Please refer to the 
applicable agreement for further details.



+----------------------------------------------------------------------------------------+
; TimeQuest Timing Analyzer Summary                                                      ;
+--------------------+-------------------------------------------------------------------+
; Quartus II Version ; Version 13.0.1 Build 232 06/12/2013 Service Pack 1 SJ Web Edition ;
; Revision Name      ; packer                                                            ;
; Device Family      ; Cyclone IV E                                                      ;
; Device Name        ; EP4CE22F17C6                                                      ;
; Timing Models      ; Final                                                             ;
; Delay Model        ; Combined                                                          ;
; Rise/Fall Delays   ; Enabled                                                           ;
+--------------------+-------------------------------------------------------------------+


Parallel compilation was disabled, but you have multiple processors available. Enable parallel compilation to reduce compilation time.
+-------------------------------------+
; Parallel Compilation                ;
+----------------------------+--------+
; Processors                 ; Number ;
+----------------------------+--------+
; Number detected on machine ; 12     ;
; Maximum allowed            ; 1      ;
+----------------------------+--------+


+---------------------------------------------------+
; SDC File List                                     ;
+---------------+--------+--------------------------+
; SDC File Path ; Status ; Read at                  ;
+---------------+--------+--------------------------+
; packer.sdc    ; OK     ; Wed Oct 07 00:21:24 2026 ;
+---------------+--------+--------------------------+


+--------------------------------------------------------------------------------------------------------------------------------------------------------------------------------+
; Clocks                                                                                                                                                                         ;
+------------+------+--------+-----------+-------+-------+------------+-----------+-------------+-------+--------+-----------+------------+----------+--------+--------+---------+
; Clock Name ; Type ; Period ; Frequency ; Rise  ; Fall  ; Duty Cycle ; Divide by ; Multiply by ; Phase ; Offset ; Edge List ; Edge Shift ; Inverted ; Master ; Source ; Targets ;
+------------+------+--------+-----------+-------+-------+------------+-----------+-------------+-------+--------+-----------+------------+----------+--------+--------+---------+
; clk        ; Base ; 10.000 ; 100.0 MHz ; 0.000 ; 5.000 ;            ;           ;             ;       ;        ;           ;            ;          ;        ;        ; { clk } ;
+------------+------+--------+-----------+-------+-------+------------+-----------+-------------+-------+--------+-----------+------------+----------+--------+--------+---------+


+--------------------------------------------------+
; Slow 1200mV 85C Model Fmax Summary               ;
+------------+-----------------+------------+------+
; Fmax       ; Restricted Fmax ; Clock Name ; Note ;
+------------+-----------------+------------+------+
; 102.69 MHz ; 102.69 MHz      ; clk        ;      ;
+------------+-----------------+------------+------+
This panel reports FMAX for every clock in the design, regardless of the user-specified clock periods.  FMAX is only computed for paths where the source and destination registers or ports are driven by the same clock.  Paths of different clocks, including generated clocks, are ignored.  For paths between a clock and its inversion, FMAX is computed as if the rising and falling edges are scaled along with FMAX, such that the duty cycle (in terms of a percentage) is maintained. Altera recommends that you always use clock constraints and other slack reports for sign-off analysis.


----------------------------------
; Timing Closure Recommendations ;
----------------------------------
HTML report is unavailable in plain text report export.


+-------------------------------------+
; Slow 1200mV 85C Model Setup Summary ;
+-------+-------+---------------------+
; Clock ; Slack ; End Point TNS       ;
+-------+-------+---------------------+
; clk   ; 0.262 ; 0.000               ;
+-------+-------+---------------------+


+------------------------------------+
; Slow 1200mV 85C Model Hold Summary ;
+-------+-------+--------------------+
; Clock ; Slack ; End Point TNS      ;
+-------+-------+--------------------+
; clk   ; 0.373 ; 0.000              ;
+-------+-------+--------------------+


+----------------------------------------+
; Slow 1200mV 85C Model Recovery Summary ;
+-------+-------+------------------------+
; Clock ; Slack ; End Point TNS          ;
+-------+-------+------------------------+
; clk   ; 7.038 ; 0.000                  ;
+-------+-------+------------------------+


+---------------------------------------+
; Slow 1200mV 85C Model Removal Summary ;
+-------+-------+-----------------------+
; Clock ; Slack ; End Point TNS         ;
+-------+-------+-----------------------+
; clk   ; 2.083 ; 0.000                 ;
+-------+-------+-----------------------+


+---------------------------------------------------+
; Slow 1200mV 85C Model Minimum Pulse Width Summary ;
+-------+-------+-----------------------------------+
; Clock ; Slack ; End Point TNS                     ;
+-------+-------+-----------------------------------+
; clk   ; 4.671 ; 0.000                             ;
+-------+-------+-----------------------------------+


+---------------------------------------------------------------------------------------------------------------------------------------------------------------+
; Slow 1200mV 85C Model Setup: 'clk'                                                                                                                            ;
+-------+---------------------------------------------+-----------------------------------+--------------+-------------+--------------+------------+------------+
; Slack ; From Node                                   ; To Node                           ; Launch Clock ; Latch Clock ; Relationship ; Clock Skew ; Data Delay ;
+-------+---------------------------------------------+-----------------------------------+--------------+-------------+--------------+------------+------------+
; 0.262 ; posit_pack:u_packer|g_rne.p1_guard_bit_q    ; posit_pack:u_packer|g_rne.d_q[31] ; clk          ; clk         ; 10.000       ; 0.233      ; 9.966      ;
; 0.265 ; posit_pack:u_packer|g_rne.p1_sticky_bit_q   ; posit_pack:u_packer|g_rne.d_q[31] ; clk          ; clk         ; 10.000       ; 0.233      ; 9.963      ;
; 0.369 ; posit_pack:u_packer|g_rne.p1_mag_trunc_q[0] ; posit_pack:u_packer|g_rne.d_q[31] ; clk          ; clk         ; 10.000       ; 0.233      ; 9.859      ;
; 0.400 ; posit_pack:u_packer|g_rne.p1_guard_bit_q    ; posit_pack:u_packer|g_rne.d_q[29] ; clk          ; clk         ; 10.000       ; 0.235      ; 9.830      ;
; 0.403 ; posit_pack:u_packer|g_rne.p1_sticky_bit_q   ; posit_pack:u_packer|g_rne.d_q[29] ; clk          ; clk         ; 10.000       ; 0.235      ; 9.827      ;
; 0.500 ; posit_pack:u_packer|g_rne.p1_round_bit_q    ; posit_pack:u_packer|g_rne.d_q[31] ; clk          ; clk         ; 10.000       ; 0.233      ; 9.728      ;
; 0.507 ; posit_pack:u_packer|g_rne.p1_mag_trunc_q[0] ; posit_pack:u_packer|g_rne.d_q[29] ; clk          ; clk         ; 10.000       ; 0.235      ; 9.723      ;
; 0.621 ; posit_pack:u_packer|g_rne.p1_guard_bit_q    ; posit_pack:u_packer|g_rne.d_q[26] ; clk          ; clk         ; 10.000       ; 0.234      ; 9.608      ;
; 0.624 ; posit_pack:u_packer|g_rne.p1_sticky_bit_q   ; posit_pack:u_packer|g_rne.d_q[26] ; clk          ; clk         ; 10.000       ; 0.234      ; 9.605      ;
; 0.626 ; posit_pack:u_packer|g_rne.p1_guard_bit_q    ; posit_pack:u_packer|g_rne.d_q[24] ; clk          ; clk         ; 10.000       ; 0.234      ; 9.603      ;
; 0.629 ; posit_pack:u_packer|g_rne.p1_sticky_bit_q   ; posit_pack:u_packer|g_rne.d_q[24] ; clk          ; clk         ; 10.000       ; 0.234      ; 9.600      ;
; 0.638 ; posit_pack:u_packer|g_rne.p1_round_bit_q    ; posit_pack:u_packer|g_rne.d_q[29] ; clk          ; clk         ; 10.000       ; 0.235      ; 9.592      ;
; 0.646 ; posit_pack:u_packer|g_rne.p1_guard_bit_q    ; posit_pack:u_packer|g_rne.d_q[30] ; clk          ; clk         ; 10.000       ; 0.235      ; 9.584      ;
; 0.649 ; posit_pack:u_packer|g_rne.p1_sticky_bit_q   ; posit_pack:u_packer|g_rne.d_q[30] ; clk          ; clk         ; 10.000       ; 0.235      ; 9.581      ;
; 0.707 ; posit_pack:u_packer|g_rne.p1_guard_bit_q    ; posit_pack:u_packer|g_rne.d_q[18] ; clk          ; clk         ; 10.000       ; 0.235      ; 9.523      ;
; 0.710 ; posit_pack:u_packer|g_rne.p1_sticky_bit_q   ; posit_pack:u_packer|g_rne.d_q[18] ; clk          ; clk         ; 10.000       ; 0.235      ; 9.520      ;
; 0.720 ; posit_pack:u_packer|g_rne.p1_guard_bit_q    ; posit_pack:u_packer|g_rne.d_q[20] ; clk          ; clk         ; 10.000       ; 0.234      ; 9.509      ;
; 0.723 ; posit_pack:u_packer|g_rne.p1_sticky_bit_q   ; posit_pack:u_packer|g_rne.d_q[20] ; clk          ; clk         ; 10.000       ; 0.234      ; 9.506      ;
; 0.728 ; posit_pack:u_packer|g_rne.p1_mag_trunc_q[0] ; posit_pack:u_packer|g_rne.d_q[26] ; clk          ; clk         ; 10.000       ; 0.234      ; 9.501      ;
; 0.733 ; posit_pack:u_packer|g_rne.p1_mag_trunc_q[0] ; posit_pack:u_packer|g_rne.d_q[24] ; clk          ; clk         ; 10.000       ; 0.234      ; 9.496      ;
; 0.747 ; posit_pack:u_packer|g_rne.p1_guard_bit_q    ; posit_pack:u_packer|g_rne.d_q[28] ; clk          ; clk         ; 10.000       ; 0.235      ; 9.483      ;
; 0.750 ; posit_pack:u_packer|g_rne.p1_sticky_bit_q   ; posit_pack:u_packer|g_rne.d_q[28] ; clk          ; clk         ; 10.000       ; 0.235      ; 9.480      ;
; 0.753 ; posit_pack:u_packer|g_rne.p1_mag_trunc_q[0] ; posit_pack:u_packer|g_rne.d_q[30] ; clk          ; clk         ; 10.000       ; 0.235      ; 9.477      ;
; 0.778 ; posit_pack:u_packer|g_rne.p1_guard_bit_q    ; posit_pack:u_packer|g_rne.d_q[27] ; clk          ; clk         ; 10.000       ; 0.240      ; 9.457      ;
; 0.781 ; posit_pack:u_packer|g_rne.p1_sticky_bit_q   ; posit_pack:u_packer|g_rne.d_q[27] ; clk          ; clk         ; 10.000       ; 0.240      ; 9.454      ;
; 0.798 ; posit_pack:u_packer|g_rne.p1_mag_trunc_q[5] ; posit_pack:u_packer|g_rne.d_q[31] ; clk          ; clk         ; 10.000       ; 0.260      ; 9.457      ;
; 0.800 ; posit_pack:u_packer|g_rne.p1_mag_trunc_q[4] ; posit_pack:u_packer|g_rne.d_q[31] ; clk          ; clk         ; 10.000       ; 0.260      ; 9.455      ;
; 0.814 ; posit_pack:u_packer|g_rne.p1_mag_trunc_q[0] ; posit_pack:u_packer|g_rne.d_q[18] ; clk          ; clk         ; 10.000       ; 0.235      ; 9.416      ;
; 0.827 ; posit_pack:u_packer|g_rne.p1_mag_trunc_q[0] ; posit_pack:u_packer|g_rne.d_q[20] ; clk          ; clk         ; 10.000       ; 0.234      ; 9.402      ;
; 0.854 ; posit_pack:u_packer|g_rne.p1_mag_trunc_q[0] ; posit_pack:u_packer|g_rne.d_q[28] ; clk          ; clk         ; 10.000       ; 0.235      ; 9.376      ;
; 0.859 ; posit_pack:u_packer|g_rne.p1_round_bit_q    ; posit_pack:u_packer|g_rne.d_q[26] ; clk          ; clk         ; 10.000       ; 0.234      ; 9.370      ;
; 0.864 ; posit_pack:u_packer|g_rne.p1_round_bit_q    ; posit_pack:u_packer|g_rne.d_q[24] ; clk          ; clk         ; 10.000       ; 0.234      ; 9.365      ;
; 0.873 ; posit_pack:u_packer|g_rne.p1_guard_bit_q    ; posit_pack:u_packer|g_rne.d_q[22] ; clk          ; clk         ; 10.000       ; 0.234      ; 9.356      ;
; 0.876 ; posit_pack:u_packer|g_rne.p1_sticky_bit_q   ; posit_pack:u_packer|g_rne.d_q[22] ; clk          ; clk         ; 10.000       ; 0.234      ; 9.353      ;
; 0.884 ; posit_pack:u_packer|g_rne.p1_round_bit_q    ; posit_pack:u_packer|g_rne.d_q[30] ; clk          ; clk         ; 10.000       ; 0.235      ; 9.346      ;
; 0.885 ; posit_pack:u_packer|g_rne.p1_mag_trunc_q[0] ; posit_pack:u_packer|g_rne.d_q[27] ; clk          ; clk         ; 10.000       ; 0.240      ; 9.350      ;
; 0.895 ; posit_pack:u_packer|g_rne.p1_guard_bit_q    ; posit_pack:u_packer|g_rne.d_q[25] ; clk          ; clk         ; 10.000       ; 0.240      ; 9.340      ;
; 0.898 ; posit_pack:u_packer|g_rne.p1_sticky_bit_q   ; posit_pack:u_packer|g_rne.d_q[25] ; clk          ; clk         ; 10.000       ; 0.240      ; 9.337      ;
; 0.921 ; posit_pack:u_packer|g_rne.p1_guard_bit_q    ; posit_pack:u_packer|g_rne.d_q[17] ; clk          ; clk         ; 10.000       ; 0.235      ; 9.309      ;
; 0.924 ; posit_pack:u_packer|g_rne.p1_sticky_bit_q   ; posit_pack:u_packer|g_rne.d_q[17] ; clk          ; clk         ; 10.000       ; 0.235      ; 9.306      ;
; 0.936 ; posit_pack:u_packer|g_rne.p1_mag_trunc_q[5] ; posit_pack:u_packer|g_rne.d_q[29] ; clk          ; clk         ; 10.000       ; 0.262      ; 9.321      ;
; 0.938 ; posit_pack:u_packer|g_rne.p1_mag_trunc_q[4] ; posit_pack:u_packer|g_rne.d_q[29] ; clk          ; clk         ; 10.000       ; 0.262      ; 9.319      ;
; 0.945 ; posit_pack:u_packer|g_rne.p1_round_bit_q    ; posit_pack:u_packer|g_rne.d_q[18] ; clk          ; clk         ; 10.000       ; 0.235      ; 9.285      ;
; 0.958 ; posit_pack:u_packer|g_rne.p1_round_bit_q    ; posit_pack:u_packer|g_rne.d_q[20] ; clk          ; clk         ; 10.000       ; 0.234      ; 9.271      ;
; 0.980 ; posit_pack:u_packer|g_rne.p1_mag_trunc_q[0] ; posit_pack:u_packer|g_rne.d_q[22] ; clk          ; clk         ; 10.000       ; 0.234      ; 9.249      ;
; 0.985 ; posit_pack:u_packer|g_rne.p1_round_bit_q    ; posit_pack:u_packer|g_rne.d_q[28] ; clk          ; clk         ; 10.000       ; 0.235      ; 9.245      ;
; 0.994 ; posit_pack:u_packer|g_rne.p1_guard_bit_q    ; posit_pack:u_packer|g_rne.d_q[16] ; clk          ; clk         ; 10.000       ; 0.235      ; 9.236      ;
; 0.997 ; posit_pack:u_packer|g_rne.p1_sticky_bit_q   ; posit_pack:u_packer|g_rne.d_q[16] ; clk          ; clk         ; 10.000       ; 0.235      ; 9.233      ;
; 0.999 ; posit_pack:u_packer|g_rne.p1_guard_bit_q    ; posit_pack:u_packer|g_rne.d_q[19] ; clk          ; clk         ; 10.000       ; 0.260      ; 9.256      ;
; 1.002 ; posit_pack:u_packer|g_rne.p1_guard_bit_q    ; posit_pack:u_packer|g_rne.d_q[23] ; clk          ; clk         ; 10.000       ; 0.240      ; 9.233      ;
; 1.002 ; posit_pack:u_packer|g_rne.p1_mag_trunc_q[0] ; posit_pack:u_packer|g_rne.d_q[25] ; clk          ; clk         ; 10.000       ; 0.240      ; 9.233      ;
; 1.002 ; posit_pack:u_packer|g_rne.p1_sticky_bit_q   ; posit_pack:u_packer|g_rne.d_q[19] ; clk          ; clk         ; 10.000       ; 0.260      ; 9.253      ;
; 1.005 ; posit_pack:u_packer|g_rne.p1_sticky_bit_q   ; posit_pack:u_packer|g_rne.d_q[23] ; clk          ; clk         ; 10.000       ; 0.240      ; 9.230      ;
; 1.016 ; posit_pack:u_packer|g_rne.p1_mag_trunc_q[1] ; posit_pack:u_packer|g_rne.d_q[31] ; clk          ; clk         ; 10.000       ; 0.258      ; 9.237      ;
; 1.016 ; posit_pack:u_packer|g_rne.p1_round_bit_q    ; posit_pack:u_packer|g_rne.d_q[27] ; clk          ; clk         ; 10.000       ; 0.240      ; 9.219      ;
; 1.028 ; posit_pack:u_packer|g_rne.p1_mag_trunc_q[0] ; posit_pack:u_packer|g_rne.d_q[17] ; clk          ; clk         ; 10.000       ; 0.235      ; 9.202      ;
; 1.101 ; posit_pack:u_packer|g_rne.p1_mag_trunc_q[0] ; posit_pack:u_packer|g_rne.d_q[16] ; clk          ; clk         ; 10.000       ; 0.235      ; 9.129      ;
; 1.106 ; posit_pack:u_packer|g_rne.p1_guard_bit_q    ; posit_pack:u_packer|g_rne.d_q[21] ; clk          ; clk         ; 10.000       ; 0.240      ; 9.129      ;
; 1.106 ; posit_pack:u_packer|g_rne.p1_mag_trunc_q[0] ; posit_pack:u_packer|g_rne.d_q[19] ; clk          ; clk         ; 10.000       ; 0.260      ; 9.149      ;
; 1.109 ; posit_pack:u_packer|g_rne.p1_mag_trunc_q[0] ; posit_pack:u_packer|g_rne.d_q[23] ; clk          ; clk         ; 10.000       ; 0.240      ; 9.126      ;
; 1.109 ; posit_pack:u_packer|g_rne.p1_sticky_bit_q   ; posit_pack:u_packer|g_rne.d_q[21] ; clk          ; clk         ; 10.000       ; 0.240      ; 9.126      ;
; 1.111 ; posit_pack:u_packer|g_rne.p1_round_bit_q    ; posit_pack:u_packer|g_rne.d_q[22] ; clk          ; clk         ; 10.000       ; 0.234      ; 9.118      ;
; 1.124 ; posit_pack:u_packer|g_rne.p1_mag_trunc_q[2] ; posit_pack:u_packer|g_rne.d_q[31] ; clk          ; clk         ; 10.000       ; 0.258      ; 9.129      ;
; 1.130 ; posit_pack:u_packer|g_rne.p1_mag_trunc_q[3] ; posit_pack:u_packer|g_rne.d_q[31] ; clk          ; clk         ; 10.000       ; 0.258      ; 9.123      ;
; 1.133 ; posit_pack:u_packer|g_rne.p1_round_bit_q    ; posit_pack:u_packer|g_rne.d_q[25] ; clk          ; clk         ; 10.000       ; 0.240      ; 9.102      ;
; 1.146 ; posit_pack:u_packer|g_rne.p1_guard_bit_q    ; posit_pack:u_packer|g_rne.d_q[13] ; clk          ; clk         ; 10.000       ; 0.260      ; 9.109      ;
; 1.149 ; posit_pack:u_packer|g_rne.p1_sticky_bit_q   ; posit_pack:u_packer|g_rne.d_q[13] ; clk          ; clk         ; 10.000       ; 0.260      ; 9.106      ;
; 1.153 ; posit_pack:u_packer|g_rne.p1_guard_bit_q    ; posit_pack:u_packer|g_rne.d_q[15] ; clk          ; clk         ; 10.000       ; 0.233      ; 9.075      ;
; 1.154 ; posit_pack:u_packer|g_rne.p1_mag_trunc_q[1] ; posit_pack:u_packer|g_rne.d_q[29] ; clk          ; clk         ; 10.000       ; 0.260      ; 9.101      ;
; 1.156 ; posit_pack:u_packer|g_rne.p1_sticky_bit_q   ; posit_pack:u_packer|g_rne.d_q[15] ; clk          ; clk         ; 10.000       ; 0.233      ; 9.072      ;
; 1.157 ; posit_pack:u_packer|g_rne.p1_mag_trunc_q[5] ; posit_pack:u_packer|g_rne.d_q[26] ; clk          ; clk         ; 10.000       ; 0.261      ; 9.099      ;
; 1.159 ; posit_pack:u_packer|g_rne.p1_mag_trunc_q[4] ; posit_pack:u_packer|g_rne.d_q[26] ; clk          ; clk         ; 10.000       ; 0.261      ; 9.097      ;
; 1.159 ; posit_pack:u_packer|g_rne.p1_round_bit_q    ; posit_pack:u_packer|g_rne.d_q[17] ; clk          ; clk         ; 10.000       ; 0.235      ; 9.071      ;
; 1.162 ; posit_pack:u_packer|g_rne.p1_mag_trunc_q[5] ; posit_pack:u_packer|g_rne.d_q[24] ; clk          ; clk         ; 10.000       ; 0.261      ; 9.094      ;
; 1.164 ; posit_pack:u_packer|g_rne.p1_mag_trunc_q[4] ; posit_pack:u_packer|g_rne.d_q[24] ; clk          ; clk         ; 10.000       ; 0.261      ; 9.092      ;
; 1.182 ; posit_pack:u_packer|g_rne.p1_mag_trunc_q[5] ; posit_pack:u_packer|g_rne.d_q[30] ; clk          ; clk         ; 10.000       ; 0.262      ; 9.075      ;
; 1.184 ; posit_pack:u_packer|g_rne.p1_mag_trunc_q[4] ; posit_pack:u_packer|g_rne.d_q[30] ; clk          ; clk         ; 10.000       ; 0.262      ; 9.073      ;
; 1.195 ; posit_pack:u_packer|g_rne.p1_guard_bit_q    ; posit_pack:u_packer|g_rne.d_q[6]  ; clk          ; clk         ; 10.000       ; 0.235      ; 9.035      ;
; 1.198 ; posit_pack:u_packer|g_rne.p1_sticky_bit_q   ; posit_pack:u_packer|g_rne.d_q[6]  ; clk          ; clk         ; 10.000       ; 0.235      ; 9.032      ;
; 1.213 ; posit_pack:u_packer|g_rne.p1_mag_trunc_q[0] ; posit_pack:u_packer|g_rne.d_q[21] ; clk          ; clk         ; 10.000       ; 0.240      ; 9.022      ;
; 1.232 ; posit_pack:u_packer|g_rne.p1_round_bit_q    ; posit_pack:u_packer|g_rne.d_q[16] ; clk          ; clk         ; 10.000       ; 0.235      ; 8.998      ;
; 1.237 ; posit_pack:u_packer|g_rne.p1_round_bit_q    ; posit_pack:u_packer|g_rne.d_q[19] ; clk          ; clk         ; 10.000       ; 0.260      ; 9.018      ;
; 1.240 ; posit_pack:u_packer|g_rne.p1_round_bit_q    ; posit_pack:u_packer|g_rne.d_q[23] ; clk          ; clk         ; 10.000       ; 0.240      ; 8.995      ;
; 1.243 ; posit_pack:u_packer|g_rne.p1_mag_trunc_q[5] ; posit_pack:u_packer|g_rne.d_q[18] ; clk          ; clk         ; 10.000       ; 0.262      ; 9.014      ;
; 1.245 ; posit_pack:u_packer|g_rne.p1_mag_trunc_q[4] ; posit_pack:u_packer|g_rne.d_q[18] ; clk          ; clk         ; 10.000       ; 0.262      ; 9.012      ;
; 1.253 ; posit_pack:u_packer|g_rne.p1_mag_trunc_q[0] ; posit_pack:u_packer|g_rne.d_q[13] ; clk          ; clk         ; 10.000       ; 0.260      ; 9.002      ;
; 1.256 ; posit_pack:u_packer|g_rne.p1_mag_trunc_q[5] ; posit_pack:u_packer|g_rne.d_q[20] ; clk          ; clk         ; 10.000       ; 0.261      ; 9.000      ;
; 1.258 ; posit_pack:u_packer|g_rne.p1_mag_trunc_q[4] ; posit_pack:u_packer|g_rne.d_q[20] ; clk          ; clk         ; 10.000       ; 0.261      ; 8.998      ;
; 1.260 ; posit_pack:u_packer|g_rne.p1_mag_trunc_q[0] ; posit_pack:u_packer|g_rne.d_q[15] ; clk          ; clk         ; 10.000       ; 0.233      ; 8.968      ;
; 1.262 ; posit_pack:u_packer|g_rne.p1_mag_trunc_q[2] ; posit_pack:u_packer|g_rne.d_q[29] ; clk          ; clk         ; 10.000       ; 0.260      ; 8.993      ;
; 1.268 ; posit_pack:u_packer|g_rne.p1_mag_trunc_q[3] ; posit_pack:u_packer|g_rne.d_q[29] ; clk          ; clk         ; 10.000       ; 0.260      ; 8.987      ;
; 1.273 ; posit_pack:u_packer|g_rne.p1_guard_bit_q    ; posit_pack:u_packer|g_rne.d_q[14] ; clk          ; clk         ; 10.000       ; 0.235      ; 8.957      ;
; 1.276 ; posit_pack:u_packer|g_rne.p1_sticky_bit_q   ; posit_pack:u_packer|g_rne.d_q[14] ; clk          ; clk         ; 10.000       ; 0.235      ; 8.954      ;
; 1.283 ; posit_pack:u_packer|g_rne.p1_mag_trunc_q[5] ; posit_pack:u_packer|g_rne.d_q[28] ; clk          ; clk         ; 10.000       ; 0.262      ; 8.974      ;
; 1.285 ; posit_pack:u_packer|g_rne.p1_mag_trunc_q[4] ; posit_pack:u_packer|g_rne.d_q[28] ; clk          ; clk         ; 10.000       ; 0.262      ; 8.972      ;
; 1.302 ; posit_pack:u_packer|g_rne.p1_mag_trunc_q[0] ; posit_pack:u_packer|g_rne.d_q[6]  ; clk          ; clk         ; 10.000       ; 0.235      ; 8.928      ;
; 1.314 ; posit_pack:u_packer|g_rne.p1_mag_trunc_q[5] ; posit_pack:u_packer|g_rne.d_q[27] ; clk          ; clk         ; 10.000       ; 0.267      ; 8.948      ;
; 1.316 ; posit_pack:u_packer|g_rne.p1_mag_trunc_q[4] ; posit_pack:u_packer|g_rne.d_q[27] ; clk          ; clk         ; 10.000       ; 0.267      ; 8.946      ;
; 1.337 ; posit_pack:u_packer|g_rne.p1_guard_bit_q    ; posit_pack:u_packer|g_rne.d_q[8]  ; clk          ; clk         ; 10.000       ; 0.235      ; 8.893      ;
; 1.340 ; posit_pack:u_packer|g_rne.p1_sticky_bit_q   ; posit_pack:u_packer|g_rne.d_q[8]  ; clk          ; clk         ; 10.000       ; 0.235      ; 8.890      ;
+-------+---------------------------------------------+-----------------------------------+--------------+-------------+--------------+------------+------------+


+-----------------------------------------------------------------------------------------------------------------------------------------------------------------------------+
; Slow 1200mV 85C Model Hold: 'clk'                                                                                                                                           ;
+-------+-----------------------------------------------+-----------------------------------------------+--------------+-------------+--------------+------------+------------+
; Slack ; From Node                                     ; To Node                                       ; Launch Clock ; Latch Clock ; Relationship ; Clock Skew ; Data Delay ;
+-------+-----------------------------------------------+-----------------------------------------------+--------------+-------------+--------------+------------+------------+
; 0.373 ; packer_ppa_boundary:u_boundary|meta_sync1     ; packer_ppa_boundary:u_boundary|meta_sync2     ; clk          ; clk         ; 0.000        ; 0.062      ; 0.592      ;
; 0.374 ; packer_ppa_boundary:u_boundary|sign_q         ; posit_pack:u_packer|g_rne.p1_sign_q           ; clk          ; clk         ; 0.000        ; 0.061      ; 0.592      ;
; 0.375 ; packer_ppa_boundary:u_boundary|flags_in_q[0]  ; posit_pack:u_packer|g_rne.p1_flags_q[0]       ; clk          ; clk         ; 0.000        ; 0.061      ; 0.593      ;
; 0.409 ; posit_pack:u_packer|g_rne.p1_flags_q[4]       ; posit_pack:u_packer|g_rne.flags_q[4]          ; clk          ; clk         ; 0.000        ; 0.426      ; 0.992      ;
; 0.411 ; packer_ppa_boundary:u_boundary|is_nar_q       ; posit_pack:u_packer|g_rne.p1_special_sel_q[2] ; clk          ; clk         ; 0.000        ; 0.061      ; 0.629      ;
; 0.420 ; posit_pack:u_packer|g_rne.p1_flags_q[3]       ; posit_pack:u_packer|g_rne.flags_q[3]          ; clk          ; clk         ; 0.000        ; 0.426      ; 1.003      ;
; 0.506 ; posit_pack:u_packer|g_rne.p1_sign_q           ; posit_pack:u_packer|g_rne.d_q[31]             ; clk          ; clk         ; 0.000        ; 0.397      ; 1.060      ;
; 0.510 ; packer_ppa_boundary:u_boundary|flags_in_q[4]  ; posit_pack:u_packer|g_rne.p1_special_sel_q[0] ; clk          ; clk         ; 0.000        ; 0.061      ; 0.728      ;
; 0.510 ; packer_ppa_boundary:u_boundary|flags_in_q[3]  ; posit_pack:u_packer|g_rne.p1_flags_q[3]       ; clk          ; clk         ; 0.000        ; 0.062      ; 0.729      ;
; 0.512 ; packer_ppa_boundary:u_boundary|flags_in_q[4]  ; posit_pack:u_packer|g_rne.p1_special_sel_q[1] ; clk          ; clk         ; 0.000        ; 0.061      ; 0.730      ;
; 0.513 ; posit_pack:u_packer|g_rne.p1_special_sel_q[2] ; posit_pack:u_packer|g_rne.flags_q[2]          ; clk          ; clk         ; 0.000        ; 0.400      ; 1.070      ;
; 0.514 ; packer_ppa_boundary:u_boundary|flags_in_q[4]  ; posit_pack:u_packer|g_rne.p1_flags_q[0]       ; clk          ; clk         ; 0.000        ; 0.061      ; 0.732      ;
; 0.528 ; packer_ppa_boundary:u_boundary|flags_in_q[2]  ; posit_pack:u_packer|g_rne.p1_flags_q[2]       ; clk          ; clk         ; 0.000        ; 0.062      ; 0.747      ;
; 0.529 ; packer_ppa_boundary:u_boundary|is_zero_q      ; posit_pack:u_packer|g_rne.p1_special_sel_q[2] ; clk          ; clk         ; 0.000        ; 0.061      ; 0.747      ;
; 0.530 ; packer_ppa_boundary:u_boundary|is_zero_q      ; posit_pack:u_packer|g_rne.p1_flags_q[2]       ; clk          ; clk         ; 0.000        ; 0.061      ; 0.748      ;
; 0.532 ; posit_pack:u_packer|g_rne.p1_flags_q[2]       ; posit_pack:u_packer|g_rne.flags_q[2]          ; clk          ; clk         ; 0.000        ; 0.400      ; 1.089      ;
; 0.551 ; posit_pack:u_packer|g_rne.p1_flags_q[0]       ; posit_pack:u_packer|g_rne.flags_q[0]          ; clk          ; clk         ; 0.000        ; 0.400      ; 1.108      ;
; 0.557 ; posit_pack:u_packer|g_rne.p1_special_sel_q[1] ; posit_pack:u_packer|g_rne.flags_q[4]          ; clk          ; clk         ; 0.000        ; 0.426      ; 1.140      ;
; 0.558 ; posit_pack:u_packer|g_rne.p1_special_sel_q[1] ; posit_pack:u_packer|g_rne.d_q[19]             ; clk          ; clk         ; 0.000        ; 0.426      ; 1.141      ;
; 0.560 ; posit_pack:u_packer|g_rne.p1_special_sel_q[1] ; posit_pack:u_packer|g_rne.flags_q[3]          ; clk          ; clk         ; 0.000        ; 0.426      ; 1.143      ;
; 0.563 ; posit_pack:u_packer|g_rne.p1_special_sel_q[1] ; posit_pack:u_packer|g_rne.d_q[13]             ; clk          ; clk         ; 0.000        ; 0.426      ; 1.146      ;
; 0.587 ; posit_pack:u_packer|g_rne.p1_special_sel_q[2] ; posit_pack:u_packer|g_rne.flags_q[1]          ; clk          ; clk         ; 0.000        ; 0.426      ; 1.170      ;
; 0.597 ; packer_ppa_boundary:u_boundary|is_nar_q       ; posit_pack:u_packer|g_rne.p1_special_sel_q[1] ; clk          ; clk         ; 0.000        ; 0.061      ; 0.815      ;
; 0.616 ; packer_ppa_boundary:u_boundary|is_nar_q       ; posit_pack:u_packer|g_rne.p1_flags_q[0]       ; clk          ; clk         ; 0.000        ; 0.061      ; 0.834      ;
; 0.621 ; posit_pack:u_packer|g_rne.p1_special_sel_q[0] ; posit_pack:u_packer|g_rne.d_q[2]              ; clk          ; clk         ; 0.000        ; 0.400      ; 1.178      ;
; 0.623 ; posit_pack:u_packer|g_rne.p1_special_sel_q[0] ; posit_pack:u_packer|g_rne.d_q[4]              ; clk          ; clk         ; 0.000        ; 0.400      ; 1.180      ;
; 0.624 ; posit_pack:u_packer|g_rne.p1_special_sel_q[0] ; posit_pack:u_packer|g_rne.d_q[1]              ; clk          ; clk         ; 0.000        ; 0.400      ; 1.181      ;
; 0.626 ; packer_ppa_boundary:u_boundary|is_zero_q      ; posit_pack:u_packer|g_rne.p1_special_sel_q[0] ; clk          ; clk         ; 0.000        ; 0.061      ; 0.844      ;
; 0.636 ; packer_ppa_boundary:u_boundary|is_nar_q       ; posit_pack:u_packer|g_rne.p1_special_sel_q[0] ; clk          ; clk         ; 0.000        ; 0.061      ; 0.854      ;
; 0.653 ; posit_pack:u_packer|g_rne.p1_special_sel_q[1] ; posit_pack:u_packer|g_rne.flags_q[1]          ; clk          ; clk         ; 0.000        ; 0.426      ; 1.236      ;
; 0.665 ; posit_pack:u_packer|g_rne.p1_special_sel_q[2] ; posit_pack:u_packer|g_rne.d_q[19]             ; clk          ; clk         ; 0.000        ; 0.426      ; 1.248      ;
; 0.666 ; posit_pack:u_packer|g_rne.p1_special_sel_q[0] ; posit_pack:u_packer|g_rne.flags_q[1]          ; clk          ; clk         ; 0.000        ; 0.426      ; 1.249      ;
; 0.668 ; posit_pack:u_packer|g_rne.p1_special_sel_q[2] ; posit_pack:u_packer|g_rne.d_q[13]             ; clk          ; clk         ; 0.000        ; 0.426      ; 1.251      ;
; 0.677 ; posit_pack:u_packer|g_rne.p1_special_sel_q[0] ; posit_pack:u_packer|g_rne.flags_q[3]          ; clk          ; clk         ; 0.000        ; 0.426      ; 1.260      ;
; 0.681 ; posit_pack:u_packer|g_rne.p1_flags_q[1]       ; posit_pack:u_packer|g_rne.flags_q[1]          ; clk          ; clk         ; 0.000        ; 0.428      ; 1.266      ;
; 0.683 ; packer_ppa_boundary:u_boundary|flags_in_q[4]  ; posit_pack:u_packer|g_rne.p1_special_sel_q[2] ; clk          ; clk         ; 0.000        ; 0.061      ; 0.901      ;
; 0.684 ; posit_pack:u_packer|g_rne.p1_special_sel_q[2] ; posit_pack:u_packer|g_rne.flags_q[4]          ; clk          ; clk         ; 0.000        ; 0.426      ; 1.267      ;
; 0.690 ; posit_pack:u_packer|g_rne.p1_special_sel_q[0] ; posit_pack:u_packer|g_rne.d_q[19]             ; clk          ; clk         ; 0.000        ; 0.426      ; 1.273      ;
; 0.693 ; posit_pack:u_packer|g_rne.p1_special_sel_q[0] ; posit_pack:u_packer|g_rne.d_q[13]             ; clk          ; clk         ; 0.000        ; 0.426      ; 1.276      ;
; 0.695 ; posit_pack:u_packer|g_rne.d_q[30]             ; packer_ppa_boundary:u_boundary|d[30]          ; clk          ; clk         ; 0.000        ; -0.261     ; 0.591      ;
; 0.696 ; posit_pack:u_packer|g_rne.d_q[6]              ; packer_ppa_boundary:u_boundary|d[6]           ; clk          ; clk         ; 0.000        ; -0.261     ; 0.592      ;
; 0.696 ; packer_ppa_boundary:u_boundary|is_zero_q      ; posit_pack:u_packer|g_rne.p1_special_sel_q[1] ; clk          ; clk         ; 0.000        ; 0.061      ; 0.914      ;
; 0.697 ; posit_pack:u_packer|g_rne.d_q[8]              ; packer_ppa_boundary:u_boundary|d[8]           ; clk          ; clk         ; 0.000        ; -0.261     ; 0.593      ;
; 0.697 ; posit_pack:u_packer|g_rne.d_q[9]              ; packer_ppa_boundary:u_boundary|d[9]           ; clk          ; clk         ; 0.000        ; -0.261     ; 0.593      ;
; 0.697 ; posit_pack:u_packer|g_rne.d_q[14]             ; packer_ppa_boundary:u_boundary|d[14]          ; clk          ; clk         ; 0.000        ; -0.261     ; 0.593      ;
; 0.697 ; posit_pack:u_packer|g_rne.d_q[24]             ; packer_ppa_boundary:u_boundary|d[24]          ; clk          ; clk         ; 0.000        ; -0.261     ; 0.593      ;
; 0.697 ; posit_pack:u_packer|g_rne.d_q[31]             ; packer_ppa_boundary:u_boundary|d[31]          ; clk          ; clk         ; 0.000        ; -0.262     ; 0.592      ;
; 0.698 ; posit_pack:u_packer|g_rne.d_q[12]             ; packer_ppa_boundary:u_boundary|d[12]          ; clk          ; clk         ; 0.000        ; -0.261     ; 0.594      ;
; 0.698 ; posit_pack:u_packer|g_rne.d_q[22]             ; packer_ppa_boundary:u_boundary|d[22]          ; clk          ; clk         ; 0.000        ; -0.261     ; 0.594      ;
; 0.698 ; posit_pack:u_packer|g_rne.d_q[28]             ; packer_ppa_boundary:u_boundary|d[28]          ; clk          ; clk         ; 0.000        ; -0.261     ; 0.594      ;
; 0.699 ; posit_pack:u_packer|g_rne.d_q[1]              ; packer_ppa_boundary:u_boundary|d[1]           ; clk          ; clk         ; 0.000        ; -0.261     ; 0.595      ;
; 0.699 ; posit_pack:u_packer|g_rne.d_q[29]             ; packer_ppa_boundary:u_boundary|d[29]          ; clk          ; clk         ; 0.000        ; -0.261     ; 0.595      ;
; 0.702 ; posit_pack:u_packer|g_rne.d_q[27]             ; packer_ppa_boundary:u_boundary|d[27]          ; clk          ; clk         ; 0.000        ; -0.266     ; 0.593      ;
; 0.703 ; posit_pack:u_packer|g_rne.p1_special_sel_q[2] ; posit_pack:u_packer|g_rne.d_q[22]             ; clk          ; clk         ; 0.000        ; 0.400      ; 1.260      ;
; 0.703 ; posit_pack:u_packer|g_rne.p1_special_sel_q[2] ; posit_pack:u_packer|g_rne.flags_q[3]          ; clk          ; clk         ; 0.000        ; 0.426      ; 1.286      ;
; 0.704 ; posit_pack:u_packer|g_rne.p1_special_sel_q[0] ; posit_pack:u_packer|g_rne.flags_q[4]          ; clk          ; clk         ; 0.000        ; 0.426      ; 1.287      ;
; 0.706 ; posit_pack:u_packer|g_rne.p1_special_sel_q[2] ; posit_pack:u_packer|g_rne.d_q[24]             ; clk          ; clk         ; 0.000        ; 0.400      ; 1.263      ;
; 0.707 ; posit_pack:u_packer|g_rne.p1_special_sel_q[2] ; posit_pack:u_packer|g_rne.d_q[26]             ; clk          ; clk         ; 0.000        ; 0.400      ; 1.264      ;
; 0.711 ; posit_pack:u_packer|g_rne.p1_special_sel_q[1] ; posit_pack:u_packer|g_rne.d_q[2]              ; clk          ; clk         ; 0.000        ; 0.400      ; 1.268      ;
; 0.717 ; posit_pack:u_packer|g_rne.p1_special_sel_q[2] ; posit_pack:u_packer|g_rne.d_q[2]              ; clk          ; clk         ; 0.000        ; 0.400      ; 1.274      ;
; 0.719 ; posit_pack:u_packer|g_rne.p1_special_sel_q[1] ; posit_pack:u_packer|g_rne.d_q[4]              ; clk          ; clk         ; 0.000        ; 0.400      ; 1.276      ;
; 0.720 ; posit_pack:u_packer|g_rne.p1_special_sel_q[1] ; posit_pack:u_packer|g_rne.d_q[1]              ; clk          ; clk         ; 0.000        ; 0.400      ; 1.277      ;
; 0.721 ; posit_pack:u_packer|g_rne.p1_special_sel_q[2] ; posit_pack:u_packer|g_rne.d_q[4]              ; clk          ; clk         ; 0.000        ; 0.400      ; 1.278      ;
; 0.722 ; posit_pack:u_packer|g_rne.p1_special_sel_q[2] ; posit_pack:u_packer|g_rne.d_q[1]              ; clk          ; clk         ; 0.000        ; 0.400      ; 1.279      ;
; 0.723 ; posit_pack:u_packer|g_rne.flags_q[4]          ; packer_ppa_boundary:u_boundary|flags[4]       ; clk          ; clk         ; 0.000        ; -0.287     ; 0.593      ;
; 0.724 ; posit_pack:u_packer|g_rne.flags_q[1]          ; packer_ppa_boundary:u_boundary|flags[1]       ; clk          ; clk         ; 0.000        ; -0.287     ; 0.594      ;
; 0.725 ; posit_pack:u_packer|g_rne.d_q[13]             ; packer_ppa_boundary:u_boundary|d[13]          ; clk          ; clk         ; 0.000        ; -0.287     ; 0.595      ;
; 0.737 ; packer_ppa_boundary:u_boundary|is_nar_q       ; posit_pack:u_packer|g_rne.p1_flags_q[4]       ; clk          ; clk         ; 0.000        ; 0.061      ; 0.955      ;
; 0.745 ; posit_pack:u_packer|g_rne.p1_special_sel_q[2] ; posit_pack:u_packer|g_rne.d_q[20]             ; clk          ; clk         ; 0.000        ; 0.400      ; 1.302      ;
; 0.750 ; posit_pack:u_packer|g_rne.p1_special_sel_q[0] ; posit_pack:u_packer|g_rne.d_q[7]              ; clk          ; clk         ; 0.000        ; 0.399      ; 1.306      ;
; 0.751 ; posit_pack:u_packer|g_rne.p1_special_sel_q[0] ; posit_pack:u_packer|g_rne.d_q[5]              ; clk          ; clk         ; 0.000        ; 0.399      ; 1.307      ;
; 0.751 ; posit_pack:u_packer|g_rne.p1_special_sel_q[2] ; posit_pack:u_packer|g_rne.flags_q[0]          ; clk          ; clk         ; 0.000        ; 0.400      ; 1.308      ;
; 0.752 ; posit_pack:u_packer|g_rne.p1_special_sel_q[0] ; posit_pack:u_packer|g_rne.d_q[9]              ; clk          ; clk         ; 0.000        ; 0.399      ; 1.308      ;
; 0.754 ; posit_pack:u_packer|g_rne.p1_special_sel_q[0] ; posit_pack:u_packer|g_rne.d_q[3]              ; clk          ; clk         ; 0.000        ; 0.399      ; 1.310      ;
; 0.756 ; posit_pack:u_packer|g_rne.p1_special_sel_q[0] ; posit_pack:u_packer|g_rne.d_q[11]             ; clk          ; clk         ; 0.000        ; 0.399      ; 1.312      ;
; 0.757 ; posit_pack:u_packer|g_rne.p1_special_sel_q[0] ; posit_pack:u_packer|g_rne.d_q[15]             ; clk          ; clk         ; 0.000        ; 0.399      ; 1.313      ;
; 0.758 ; posit_pack:u_packer|g_rne.p1_special_sel_q[0] ; posit_pack:u_packer|g_rne.flags_q[0]          ; clk          ; clk         ; 0.000        ; 0.400      ; 1.315      ;
; 0.759 ; posit_pack:u_packer|g_rne.p1_special_sel_q[0] ; posit_pack:u_packer|g_rne.flags_q[2]          ; clk          ; clk         ; 0.000        ; 0.400      ; 1.316      ;
; 0.767 ; posit_pack:u_packer|g_rne.p1_special_sel_q[0] ; posit_pack:u_packer|g_rne.d_q[22]             ; clk          ; clk         ; 0.000        ; 0.400      ; 1.324      ;
; 0.768 ; posit_pack:u_packer|g_rne.p1_special_sel_q[0] ; posit_pack:u_packer|g_rne.d_q[26]             ; clk          ; clk         ; 0.000        ; 0.400      ; 1.325      ;
; 0.769 ; posit_pack:u_packer|g_rne.p1_special_sel_q[0] ; posit_pack:u_packer|g_rne.d_q[24]             ; clk          ; clk         ; 0.000        ; 0.400      ; 1.326      ;
; 0.800 ; posit_pack:u_packer|g_rne.p1_special_sel_q[0] ; posit_pack:u_packer|g_rne.d_q[20]             ; clk          ; clk         ; 0.000        ; 0.400      ; 1.357      ;
; 0.839 ; posit_pack:u_packer|g_rne.d_q[2]              ; packer_ppa_boundary:u_boundary|d[2]           ; clk          ; clk         ; 0.000        ; -0.261     ; 0.735      ;
; 0.840 ; posit_pack:u_packer|g_rne.d_q[0]              ; packer_ppa_boundary:u_boundary|d[0]           ; clk          ; clk         ; 0.000        ; -0.261     ; 0.736      ;
; 0.840 ; posit_pack:u_packer|g_rne.d_q[3]              ; packer_ppa_boundary:u_boundary|d[3]           ; clk          ; clk         ; 0.000        ; -0.261     ; 0.736      ;
; 0.840 ; posit_pack:u_packer|g_rne.d_q[7]              ; packer_ppa_boundary:u_boundary|d[7]           ; clk          ; clk         ; 0.000        ; -0.262     ; 0.735      ;
; 0.840 ; posit_pack:u_packer|g_rne.d_q[18]             ; packer_ppa_boundary:u_boundary|d[18]          ; clk          ; clk         ; 0.000        ; -0.261     ; 0.736      ;
; 0.841 ; posit_pack:u_packer|g_rne.d_q[11]             ; packer_ppa_boundary:u_boundary|d[11]          ; clk          ; clk         ; 0.000        ; -0.261     ; 0.737      ;
; 0.842 ; posit_pack:u_packer|g_rne.d_q[20]             ; packer_ppa_boundary:u_boundary|d[20]          ; clk          ; clk         ; 0.000        ; -0.261     ; 0.738      ;
; 0.844 ; posit_pack:u_packer|g_rne.d_q[21]             ; packer_ppa_boundary:u_boundary|d[21]          ; clk          ; clk         ; 0.000        ; -0.266     ; 0.735      ;
; 0.844 ; posit_pack:u_packer|g_rne.d_q[23]             ; packer_ppa_boundary:u_boundary|d[23]          ; clk          ; clk         ; 0.000        ; -0.266     ; 0.735      ;
; 0.847 ; packer_ppa_boundary:u_boundary|flags_in_q[4]  ; posit_pack:u_packer|g_rne.p1_flags_q[4]       ; clk          ; clk         ; 0.000        ; 0.061      ; 1.065      ;
; 0.849 ; posit_pack:u_packer|g_rne.d_q[26]             ; packer_ppa_boundary:u_boundary|d[26]          ; clk          ; clk         ; 0.000        ; -0.261     ; 0.745      ;
; 0.855 ; posit_pack:u_packer|g_rne.d_q[25]             ; packer_ppa_boundary:u_boundary|d[25]          ; clk          ; clk         ; 0.000        ; -0.265     ; 0.747      ;
; 0.860 ; posit_pack:u_packer|g_rne.d_q[4]              ; packer_ppa_boundary:u_boundary|d[4]           ; clk          ; clk         ; 0.000        ; -0.261     ; 0.756      ;
; 0.861 ; posit_pack:u_packer|g_rne.d_q[5]              ; packer_ppa_boundary:u_boundary|d[5]           ; clk          ; clk         ; 0.000        ; -0.262     ; 0.756      ;
; 0.865 ; posit_pack:u_packer|g_rne.flags_q[3]          ; packer_ppa_boundary:u_boundary|flags[3]       ; clk          ; clk         ; 0.000        ; -0.287     ; 0.735      ;
; 0.866 ; posit_pack:u_packer|g_rne.d_q[19]             ; packer_ppa_boundary:u_boundary|d[19]          ; clk          ; clk         ; 0.000        ; -0.287     ; 0.736      ;
; 0.868 ; posit_pack:u_packer|g_rne.p2_valid_q          ; packer_ppa_boundary:u_boundary|out_valid      ; clk          ; clk         ; 0.000        ; -0.290     ; 0.735      ;
; 0.887 ; posit_pack:u_packer|g_rne.p1_valid_q          ; posit_pack:u_packer|g_rne.p2_valid_q          ; clk          ; clk         ; 0.000        ; 0.427      ; 1.471      ;
+-------+-----------------------------------------------+-----------------------------------------------+--------------+-------------+--------------+------------+------------+


+-------------------------------------------------------------------------------------------------------------------------------------------------------------------------+
; Slow 1200mV 85C Model Recovery: 'clk'                                                                                                                                   ;
+-------+-------------------------------------------+-----------------------------------------------+--------------+-------------+--------------+------------+------------+
; Slack ; From Node                                 ; To Node                                       ; Launch Clock ; Latch Clock ; Relationship ; Clock Skew ; Data Delay ;
+-------+-------------------------------------------+-----------------------------------------------+--------------+-------------+--------------+------------+------------+
; 7.038 ; packer_ppa_boundary:u_boundary|meta_sync2 ; packer_ppa_boundary:u_boundary|is_nar_q       ; clk          ; clk         ; 10.000       ; -0.098     ; 2.859      ;
; 7.038 ; packer_ppa_boundary:u_boundary|meta_sync2 ; packer_ppa_boundary:u_boundary|flags_in_q[4]  ; clk          ; clk         ; 10.000       ; -0.098     ; 2.859      ;
; 7.038 ; packer_ppa_boundary:u_boundary|meta_sync2 ; packer_ppa_boundary:u_boundary|is_zero_q      ; clk          ; clk         ; 10.000       ; -0.098     ; 2.859      ;
; 7.038 ; packer_ppa_boundary:u_boundary|meta_sync2 ; packer_ppa_boundary:u_boundary|sf_q[0]        ; clk          ; clk         ; 10.000       ; -0.094     ; 2.863      ;
; 7.038 ; packer_ppa_boundary:u_boundary|meta_sync2 ; packer_ppa_boundary:u_boundary|sf_q[1]        ; clk          ; clk         ; 10.000       ; -0.094     ; 2.863      ;
; 7.038 ; packer_ppa_boundary:u_boundary|meta_sync2 ; packer_ppa_boundary:u_boundary|frac_q[54]     ; clk          ; clk         ; 10.000       ; -0.094     ; 2.863      ;
; 7.038 ; packer_ppa_boundary:u_boundary|meta_sync2 ; posit_pack:u_packer|g_rne.p1_mag_trunc_q[4]   ; clk          ; clk         ; 10.000       ; -0.095     ; 2.862      ;
; 7.038 ; packer_ppa_boundary:u_boundary|meta_sync2 ; posit_pack:u_packer|g_rne.p1_mag_trunc_q[5]   ; clk          ; clk         ; 10.000       ; -0.095     ; 2.862      ;
; 7.038 ; packer_ppa_boundary:u_boundary|meta_sync2 ; posit_pack:u_packer|g_rne.p1_mag_trunc_q[25]  ; clk          ; clk         ; 10.000       ; -0.095     ; 2.862      ;
; 7.038 ; packer_ppa_boundary:u_boundary|meta_sync2 ; posit_pack:u_packer|g_rne.p1_valid_q          ; clk          ; clk         ; 10.000       ; -0.094     ; 2.863      ;
; 7.038 ; packer_ppa_boundary:u_boundary|meta_sync2 ; packer_ppa_boundary:u_boundary|out_valid      ; clk          ; clk         ; 10.000       ; -0.094     ; 2.863      ;
; 7.038 ; packer_ppa_boundary:u_boundary|meta_sync2 ; posit_pack:u_packer|g_rne.p1_special_sel_q[2] ; clk          ; clk         ; 10.000       ; -0.098     ; 2.859      ;
; 7.038 ; packer_ppa_boundary:u_boundary|meta_sync2 ; posit_pack:u_packer|g_rne.p1_special_sel_q[0] ; clk          ; clk         ; 10.000       ; -0.098     ; 2.859      ;
; 7.038 ; packer_ppa_boundary:u_boundary|meta_sync2 ; posit_pack:u_packer|g_rne.p1_special_sel_q[1] ; clk          ; clk         ; 10.000       ; -0.098     ; 2.859      ;
; 7.038 ; packer_ppa_boundary:u_boundary|meta_sync2 ; packer_ppa_boundary:u_boundary|d[1]           ; clk          ; clk         ; 10.000       ; -0.095     ; 2.862      ;
; 7.038 ; packer_ppa_boundary:u_boundary|meta_sync2 ; packer_ppa_boundary:u_boundary|d[2]           ; clk          ; clk         ; 10.000       ; -0.095     ; 2.862      ;
; 7.038 ; packer_ppa_boundary:u_boundary|meta_sync2 ; packer_ppa_boundary:u_boundary|d[3]           ; clk          ; clk         ; 10.000       ; -0.097     ; 2.860      ;
; 7.038 ; packer_ppa_boundary:u_boundary|meta_sync2 ; packer_ppa_boundary:u_boundary|d[4]           ; clk          ; clk         ; 10.000       ; -0.096     ; 2.861      ;
; 7.038 ; packer_ppa_boundary:u_boundary|meta_sync2 ; packer_ppa_boundary:u_boundary|d[9]           ; clk          ; clk         ; 10.000       ; -0.097     ; 2.860      ;
; 7.038 ; packer_ppa_boundary:u_boundary|meta_sync2 ; packer_ppa_boundary:u_boundary|d[11]          ; clk          ; clk         ; 10.000       ; -0.097     ; 2.860      ;
; 7.038 ; packer_ppa_boundary:u_boundary|meta_sync2 ; packer_ppa_boundary:u_boundary|d[13]          ; clk          ; clk         ; 10.000       ; -0.096     ; 2.861      ;
; 7.038 ; packer_ppa_boundary:u_boundary|meta_sync2 ; packer_ppa_boundary:u_boundary|d[19]          ; clk          ; clk         ; 10.000       ; -0.096     ; 2.861      ;
; 7.038 ; packer_ppa_boundary:u_boundary|meta_sync2 ; packer_ppa_boundary:u_boundary|d[20]          ; clk          ; clk         ; 10.000       ; -0.095     ; 2.862      ;
; 7.038 ; packer_ppa_boundary:u_boundary|meta_sync2 ; packer_ppa_boundary:u_boundary|d[21]          ; clk          ; clk         ; 10.000       ; -0.094     ; 2.863      ;
; 7.038 ; packer_ppa_boundary:u_boundary|meta_sync2 ; packer_ppa_boundary:u_boundary|d[22]          ; clk          ; clk         ; 10.000       ; -0.095     ; 2.862      ;
; 7.038 ; packer_ppa_boundary:u_boundary|meta_sync2 ; packer_ppa_boundary:u_boundary|d[23]          ; clk          ; clk         ; 10.000       ; -0.094     ; 2.863      ;
; 7.038 ; packer_ppa_boundary:u_boundary|meta_sync2 ; packer_ppa_boundary:u_boundary|d[24]          ; clk          ; clk         ; 10.000       ; -0.095     ; 2.862      ;
; 7.038 ; packer_ppa_boundary:u_boundary|meta_sync2 ; packer_ppa_boundary:u_boundary|d[25]          ; clk          ; clk         ; 10.000       ; -0.094     ; 2.863      ;
; 7.038 ; packer_ppa_boundary:u_boundary|meta_sync2 ; packer_ppa_boundary:u_boundary|d[26]          ; clk          ; clk         ; 10.000       ; -0.095     ; 2.862      ;
; 7.038 ; packer_ppa_boundary:u_boundary|meta_sync2 ; packer_ppa_boundary:u_boundary|d[27]          ; clk          ; clk         ; 10.000       ; -0.094     ; 2.863      ;
; 7.038 ; packer_ppa_boundary:u_boundary|meta_sync2 ; packer_ppa_boundary:u_boundary|flags_in_q[0]  ; clk          ; clk         ; 10.000       ; -0.098     ; 2.859      ;
; 7.038 ; packer_ppa_boundary:u_boundary|meta_sync2 ; posit_pack:u_packer|g_rne.p1_flags_q[0]       ; clk          ; clk         ; 10.000       ; -0.098     ; 2.859      ;
; 7.038 ; packer_ppa_boundary:u_boundary|meta_sync2 ; packer_ppa_boundary:u_boundary|flags[0]       ; clk          ; clk         ; 10.000       ; -0.095     ; 2.862      ;
; 7.038 ; packer_ppa_boundary:u_boundary|meta_sync2 ; packer_ppa_boundary:u_boundary|flags[1]       ; clk          ; clk         ; 10.000       ; -0.096     ; 2.861      ;
; 7.038 ; packer_ppa_boundary:u_boundary|meta_sync2 ; packer_ppa_boundary:u_boundary|flags_in_q[2]  ; clk          ; clk         ; 10.000       ; -0.099     ; 2.858      ;
; 7.038 ; packer_ppa_boundary:u_boundary|meta_sync2 ; posit_pack:u_packer|g_rne.p1_flags_q[2]       ; clk          ; clk         ; 10.000       ; -0.098     ; 2.859      ;
; 7.038 ; packer_ppa_boundary:u_boundary|meta_sync2 ; packer_ppa_boundary:u_boundary|flags[2]       ; clk          ; clk         ; 10.000       ; -0.095     ; 2.862      ;
; 7.038 ; packer_ppa_boundary:u_boundary|meta_sync2 ; packer_ppa_boundary:u_boundary|flags_in_q[3]  ; clk          ; clk         ; 10.000       ; -0.099     ; 2.858      ;
; 7.038 ; packer_ppa_boundary:u_boundary|meta_sync2 ; posit_pack:u_packer|g_rne.p1_flags_q[3]       ; clk          ; clk         ; 10.000       ; -0.098     ; 2.859      ;
; 7.038 ; packer_ppa_boundary:u_boundary|meta_sync2 ; packer_ppa_boundary:u_boundary|flags[3]       ; clk          ; clk         ; 10.000       ; -0.096     ; 2.861      ;
; 7.038 ; packer_ppa_boundary:u_boundary|meta_sync2 ; posit_pack:u_packer|g_rne.p1_flags_q[4]       ; clk          ; clk         ; 10.000       ; -0.098     ; 2.859      ;
; 7.038 ; packer_ppa_boundary:u_boundary|meta_sync2 ; packer_ppa_boundary:u_boundary|flags[4]       ; clk          ; clk         ; 10.000       ; -0.096     ; 2.861      ;
; 7.039 ; packer_ppa_boundary:u_boundary|meta_sync2 ; posit_pack:u_packer|g_rne.p1_mag_trunc_q[1]   ; clk          ; clk         ; 10.000       ; -0.093     ; 2.863      ;
; 7.039 ; packer_ppa_boundary:u_boundary|meta_sync2 ; posit_pack:u_packer|g_rne.p1_mag_trunc_q[2]   ; clk          ; clk         ; 10.000       ; -0.093     ; 2.863      ;
; 7.039 ; packer_ppa_boundary:u_boundary|meta_sync2 ; posit_pack:u_packer|g_rne.p1_mag_trunc_q[3]   ; clk          ; clk         ; 10.000       ; -0.093     ; 2.863      ;
; 7.039 ; packer_ppa_boundary:u_boundary|meta_sync2 ; posit_pack:u_packer|g_rne.p1_mag_trunc_q[6]   ; clk          ; clk         ; 10.000       ; -0.093     ; 2.863      ;
; 7.039 ; packer_ppa_boundary:u_boundary|meta_sync2 ; posit_pack:u_packer|g_rne.p1_mag_trunc_q[7]   ; clk          ; clk         ; 10.000       ; -0.093     ; 2.863      ;
; 7.039 ; packer_ppa_boundary:u_boundary|meta_sync2 ; posit_pack:u_packer|g_rne.p1_mag_trunc_q[8]   ; clk          ; clk         ; 10.000       ; -0.093     ; 2.863      ;
; 7.039 ; packer_ppa_boundary:u_boundary|meta_sync2 ; posit_pack:u_packer|g_rne.p1_mag_trunc_q[9]   ; clk          ; clk         ; 10.000       ; -0.093     ; 2.863      ;
; 7.039 ; packer_ppa_boundary:u_boundary|meta_sync2 ; posit_pack:u_packer|g_rne.p1_mag_trunc_q[10]  ; clk          ; clk         ; 10.000       ; -0.093     ; 2.863      ;
; 7.039 ; packer_ppa_boundary:u_boundary|meta_sync2 ; posit_pack:u_packer|g_rne.p1_mag_trunc_q[11]  ; clk          ; clk         ; 10.000       ; -0.093     ; 2.863      ;
; 7.039 ; packer_ppa_boundary:u_boundary|meta_sync2 ; posit_pack:u_packer|g_rne.p1_mag_trunc_q[12]  ; clk          ; clk         ; 10.000       ; -0.093     ; 2.863      ;
; 7.039 ; packer_ppa_boundary:u_boundary|meta_sync2 ; posit_pack:u_packer|g_rne.p1_mag_trunc_q[13]  ; clk          ; clk         ; 10.000       ; -0.093     ; 2.863      ;
; 7.039 ; packer_ppa_boundary:u_boundary|meta_sync2 ; posit_pack:u_packer|g_rne.p1_mag_trunc_q[14]  ; clk          ; clk         ; 10.000       ; -0.093     ; 2.863      ;
; 7.039 ; packer_ppa_boundary:u_boundary|meta_sync2 ; posit_pack:u_packer|g_rne.p1_mag_trunc_q[15]  ; clk          ; clk         ; 10.000       ; -0.093     ; 2.863      ;
; 7.039 ; packer_ppa_boundary:u_boundary|meta_sync2 ; posit_pack:u_packer|g_rne.p1_mag_trunc_q[16]  ; clk          ; clk         ; 10.000       ; -0.093     ; 2.863      ;
; 7.039 ; packer_ppa_boundary:u_boundary|meta_sync2 ; posit_pack:u_packer|g_rne.p1_mag_trunc_q[17]  ; clk          ; clk         ; 10.000       ; -0.093     ; 2.863      ;
; 7.039 ; packer_ppa_boundary:u_boundary|meta_sync2 ; posit_pack:u_packer|g_rne.p1_mag_trunc_q[18]  ; clk          ; clk         ; 10.000       ; -0.093     ; 2.863      ;
; 7.039 ; packer_ppa_boundary:u_boundary|meta_sync2 ; posit_pack:u_packer|g_rne.p1_mag_trunc_q[19]  ; clk          ; clk         ; 10.000       ; -0.093     ; 2.863      ;
; 7.039 ; packer_ppa_boundary:u_boundary|meta_sync2 ; posit_pack:u_packer|g_rne.p1_mag_trunc_q[20]  ; clk          ; clk         ; 10.000       ; -0.093     ; 2.863      ;
; 7.039 ; packer_ppa_boundary:u_boundary|meta_sync2 ; posit_pack:u_packer|g_rne.p1_mag_trunc_q[24]  ; clk          ; clk         ; 10.000       ; -0.093     ; 2.863      ;
; 7.039 ; packer_ppa_boundary:u_boundary|meta_sync2 ; posit_pack:u_packer|g_rne.p1_mag_trunc_q[26]  ; clk          ; clk         ; 10.000       ; -0.093     ; 2.863      ;
; 7.039 ; packer_ppa_boundary:u_boundary|meta_sync2 ; posit_pack:u_packer|g_rne.p1_mag_trunc_q[27]  ; clk          ; clk         ; 10.000       ; -0.093     ; 2.863      ;
; 7.039 ; packer_ppa_boundary:u_boundary|meta_sync2 ; posit_pack:u_packer|g_rne.p1_mag_trunc_q[28]  ; clk          ; clk         ; 10.000       ; -0.093     ; 2.863      ;
; 7.039 ; packer_ppa_boundary:u_boundary|meta_sync2 ; posit_pack:u_packer|g_rne.p1_mag_trunc_q[29]  ; clk          ; clk         ; 10.000       ; -0.093     ; 2.863      ;
; 7.039 ; packer_ppa_boundary:u_boundary|meta_sync2 ; posit_pack:u_packer|g_rne.p1_mag_trunc_q[30]  ; clk          ; clk         ; 10.000       ; -0.093     ; 2.863      ;
; 7.039 ; packer_ppa_boundary:u_boundary|meta_sync2 ; packer_ppa_boundary:u_boundary|sign_q         ; clk          ; clk         ; 10.000       ; -0.097     ; 2.859      ;
; 7.039 ; packer_ppa_boundary:u_boundary|meta_sync2 ; posit_pack:u_packer|g_rne.p1_sign_q           ; clk          ; clk         ; 10.000       ; -0.097     ; 2.859      ;
; 7.039 ; packer_ppa_boundary:u_boundary|meta_sync2 ; packer_ppa_boundary:u_boundary|d[0]           ; clk          ; clk         ; 10.000       ; -0.094     ; 2.862      ;
; 7.039 ; packer_ppa_boundary:u_boundary|meta_sync2 ; packer_ppa_boundary:u_boundary|d[5]           ; clk          ; clk         ; 10.000       ; -0.097     ; 2.859      ;
; 7.039 ; packer_ppa_boundary:u_boundary|meta_sync2 ; packer_ppa_boundary:u_boundary|d[6]           ; clk          ; clk         ; 10.000       ; -0.094     ; 2.862      ;
; 7.039 ; packer_ppa_boundary:u_boundary|meta_sync2 ; packer_ppa_boundary:u_boundary|d[7]           ; clk          ; clk         ; 10.000       ; -0.097     ; 2.859      ;
; 7.039 ; packer_ppa_boundary:u_boundary|meta_sync2 ; packer_ppa_boundary:u_boundary|d[8]           ; clk          ; clk         ; 10.000       ; -0.094     ; 2.862      ;
; 7.039 ; packer_ppa_boundary:u_boundary|meta_sync2 ; packer_ppa_boundary:u_boundary|d[10]          ; clk          ; clk         ; 10.000       ; -0.098     ; 2.858      ;
; 7.039 ; packer_ppa_boundary:u_boundary|meta_sync2 ; packer_ppa_boundary:u_boundary|d[12]          ; clk          ; clk         ; 10.000       ; -0.094     ; 2.862      ;
; 7.039 ; packer_ppa_boundary:u_boundary|meta_sync2 ; packer_ppa_boundary:u_boundary|d[14]          ; clk          ; clk         ; 10.000       ; -0.094     ; 2.862      ;
; 7.039 ; packer_ppa_boundary:u_boundary|meta_sync2 ; packer_ppa_boundary:u_boundary|d[15]          ; clk          ; clk         ; 10.000       ; -0.098     ; 2.858      ;
; 7.039 ; packer_ppa_boundary:u_boundary|meta_sync2 ; packer_ppa_boundary:u_boundary|d[17]          ; clk          ; clk         ; 10.000       ; -0.098     ; 2.858      ;
; 7.039 ; packer_ppa_boundary:u_boundary|meta_sync2 ; packer_ppa_boundary:u_boundary|d[18]          ; clk          ; clk         ; 10.000       ; -0.094     ; 2.862      ;
; 7.039 ; packer_ppa_boundary:u_boundary|meta_sync2 ; packer_ppa_boundary:u_boundary|d[28]          ; clk          ; clk         ; 10.000       ; -0.094     ; 2.862      ;
; 7.039 ; packer_ppa_boundary:u_boundary|meta_sync2 ; packer_ppa_boundary:u_boundary|d[29]          ; clk          ; clk         ; 10.000       ; -0.094     ; 2.862      ;
; 7.039 ; packer_ppa_boundary:u_boundary|meta_sync2 ; packer_ppa_boundary:u_boundary|d[30]          ; clk          ; clk         ; 10.000       ; -0.094     ; 2.862      ;
; 7.039 ; packer_ppa_boundary:u_boundary|meta_sync2 ; packer_ppa_boundary:u_boundary|d[31]          ; clk          ; clk         ; 10.000       ; -0.097     ; 2.859      ;
; 7.046 ; packer_ppa_boundary:u_boundary|meta_sync2 ; packer_ppa_boundary:u_boundary|d[16]          ; clk          ; clk         ; 10.000       ; -0.089     ; 2.860      ;
; 7.054 ; packer_ppa_boundary:u_boundary|meta_sync2 ; packer_ppa_boundary:u_boundary|sf_q[9]        ; clk          ; clk         ; 10.000       ; -0.071     ; 2.870      ;
; 7.054 ; packer_ppa_boundary:u_boundary|meta_sync2 ; packer_ppa_boundary:u_boundary|sf_q[8]        ; clk          ; clk         ; 10.000       ; -0.069     ; 2.872      ;
; 7.054 ; packer_ppa_boundary:u_boundary|meta_sync2 ; packer_ppa_boundary:u_boundary|sf_q[7]        ; clk          ; clk         ; 10.000       ; -0.069     ; 2.872      ;
; 7.054 ; packer_ppa_boundary:u_boundary|meta_sync2 ; packer_ppa_boundary:u_boundary|sf_q[2]        ; clk          ; clk         ; 10.000       ; -0.071     ; 2.870      ;
; 7.054 ; packer_ppa_boundary:u_boundary|meta_sync2 ; packer_ppa_boundary:u_boundary|frac_q[46]     ; clk          ; clk         ; 10.000       ; -0.070     ; 2.871      ;
; 7.054 ; packer_ppa_boundary:u_boundary|meta_sync2 ; packer_ppa_boundary:u_boundary|frac_q[45]     ; clk          ; clk         ; 10.000       ; -0.071     ; 2.870      ;
; 7.054 ; packer_ppa_boundary:u_boundary|meta_sync2 ; packer_ppa_boundary:u_boundary|frac_q[43]     ; clk          ; clk         ; 10.000       ; -0.071     ; 2.870      ;
; 7.054 ; packer_ppa_boundary:u_boundary|meta_sync2 ; packer_ppa_boundary:u_boundary|frac_q[44]     ; clk          ; clk         ; 10.000       ; -0.071     ; 2.870      ;
; 7.054 ; packer_ppa_boundary:u_boundary|meta_sync2 ; packer_ppa_boundary:u_boundary|frac_q[38]     ; clk          ; clk         ; 10.000       ; -0.071     ; 2.870      ;
; 7.054 ; packer_ppa_boundary:u_boundary|meta_sync2 ; packer_ppa_boundary:u_boundary|frac_q[37]     ; clk          ; clk         ; 10.000       ; -0.071     ; 2.870      ;
; 7.054 ; packer_ppa_boundary:u_boundary|meta_sync2 ; packer_ppa_boundary:u_boundary|frac_q[35]     ; clk          ; clk         ; 10.000       ; -0.071     ; 2.870      ;
; 7.054 ; packer_ppa_boundary:u_boundary|meta_sync2 ; packer_ppa_boundary:u_boundary|frac_q[36]     ; clk          ; clk         ; 10.000       ; -0.071     ; 2.870      ;
; 7.054 ; packer_ppa_boundary:u_boundary|meta_sync2 ; packer_ppa_boundary:u_boundary|frac_q[42]     ; clk          ; clk         ; 10.000       ; -0.071     ; 2.870      ;
; 7.054 ; packer_ppa_boundary:u_boundary|meta_sync2 ; packer_ppa_boundary:u_boundary|frac_q[41]     ; clk          ; clk         ; 10.000       ; -0.071     ; 2.870      ;
; 7.054 ; packer_ppa_boundary:u_boundary|meta_sync2 ; packer_ppa_boundary:u_boundary|frac_q[40]     ; clk          ; clk         ; 10.000       ; -0.071     ; 2.870      ;
; 7.054 ; packer_ppa_boundary:u_boundary|meta_sync2 ; packer_ppa_boundary:u_boundary|frac_q[39]     ; clk          ; clk         ; 10.000       ; -0.071     ; 2.870      ;
+-------+-------------------------------------------+-----------------------------------------------+--------------+-------------+--------------+------------+------------+


+-------------------------------------------------------------------------------------------------------------------------------------------------------------------------+
; Slow 1200mV 85C Model Removal: 'clk'                                                                                                                                    ;
+-------+-------------------------------------------+-----------------------------------------------+--------------+-------------+--------------+------------+------------+
; Slack ; From Node                                 ; To Node                                       ; Launch Clock ; Latch Clock ; Relationship ; Clock Skew ; Data Delay ;
+-------+-------------------------------------------+-----------------------------------------------+--------------+-------------+--------------+------------+------------+
; 2.083 ; packer_ppa_boundary:u_boundary|meta_sync2 ; packer_ppa_boundary:u_boundary|flags_in_q[1]  ; clk          ; clk         ; 0.000        ; 0.428      ; 2.668      ;
; 2.084 ; packer_ppa_boundary:u_boundary|meta_sync2 ; posit_pack:u_packer|g_rne.p2_valid_q          ; clk          ; clk         ; 0.000        ; 0.427      ; 2.668      ;
; 2.087 ; packer_ppa_boundary:u_boundary|meta_sync2 ; posit_pack:u_packer|g_rne.d_q[13]             ; clk          ; clk         ; 0.000        ; 0.422      ; 2.666      ;
; 2.087 ; packer_ppa_boundary:u_boundary|meta_sync2 ; posit_pack:u_packer|g_rne.d_q[19]             ; clk          ; clk         ; 0.000        ; 0.422      ; 2.666      ;
; 2.087 ; packer_ppa_boundary:u_boundary|meta_sync2 ; posit_pack:u_packer|g_rne.flags_q[1]          ; clk          ; clk         ; 0.000        ; 0.422      ; 2.666      ;
; 2.087 ; packer_ppa_boundary:u_boundary|meta_sync2 ; posit_pack:u_packer|g_rne.flags_q[3]          ; clk          ; clk         ; 0.000        ; 0.422      ; 2.666      ;
; 2.087 ; packer_ppa_boundary:u_boundary|meta_sync2 ; posit_pack:u_packer|g_rne.flags_q[4]          ; clk          ; clk         ; 0.000        ; 0.422      ; 2.666      ;
; 2.109 ; packer_ppa_boundary:u_boundary|meta_sync2 ; posit_pack:u_packer|g_rne.d_q[21]             ; clk          ; clk         ; 0.000        ; 0.402      ; 2.668      ;
; 2.109 ; packer_ppa_boundary:u_boundary|meta_sync2 ; posit_pack:u_packer|g_rne.d_q[23]             ; clk          ; clk         ; 0.000        ; 0.402      ; 2.668      ;
; 2.109 ; packer_ppa_boundary:u_boundary|meta_sync2 ; posit_pack:u_packer|g_rne.d_q[25]             ; clk          ; clk         ; 0.000        ; 0.402      ; 2.668      ;
; 2.109 ; packer_ppa_boundary:u_boundary|meta_sync2 ; posit_pack:u_packer|g_rne.d_q[27]             ; clk          ; clk         ; 0.000        ; 0.402      ; 2.668      ;
; 2.113 ; packer_ppa_boundary:u_boundary|meta_sync2 ; posit_pack:u_packer|g_rne.d_q[3]              ; clk          ; clk         ; 0.000        ; 0.395      ; 2.665      ;
; 2.113 ; packer_ppa_boundary:u_boundary|meta_sync2 ; posit_pack:u_packer|g_rne.d_q[5]              ; clk          ; clk         ; 0.000        ; 0.395      ; 2.665      ;
; 2.113 ; packer_ppa_boundary:u_boundary|meta_sync2 ; posit_pack:u_packer|g_rne.d_q[7]              ; clk          ; clk         ; 0.000        ; 0.395      ; 2.665      ;
; 2.113 ; packer_ppa_boundary:u_boundary|meta_sync2 ; posit_pack:u_packer|g_rne.d_q[9]              ; clk          ; clk         ; 0.000        ; 0.395      ; 2.665      ;
; 2.113 ; packer_ppa_boundary:u_boundary|meta_sync2 ; posit_pack:u_packer|g_rne.d_q[10]             ; clk          ; clk         ; 0.000        ; 0.397      ; 2.667      ;
; 2.113 ; packer_ppa_boundary:u_boundary|meta_sync2 ; posit_pack:u_packer|g_rne.d_q[11]             ; clk          ; clk         ; 0.000        ; 0.395      ; 2.665      ;
; 2.113 ; packer_ppa_boundary:u_boundary|meta_sync2 ; posit_pack:u_packer|g_rne.d_q[12]             ; clk          ; clk         ; 0.000        ; 0.397      ; 2.667      ;
; 2.113 ; packer_ppa_boundary:u_boundary|meta_sync2 ; posit_pack:u_packer|g_rne.d_q[14]             ; clk          ; clk         ; 0.000        ; 0.397      ; 2.667      ;
; 2.113 ; packer_ppa_boundary:u_boundary|meta_sync2 ; posit_pack:u_packer|g_rne.d_q[15]             ; clk          ; clk         ; 0.000        ; 0.395      ; 2.665      ;
; 2.113 ; packer_ppa_boundary:u_boundary|meta_sync2 ; posit_pack:u_packer|g_rne.d_q[16]             ; clk          ; clk         ; 0.000        ; 0.397      ; 2.667      ;
; 2.113 ; packer_ppa_boundary:u_boundary|meta_sync2 ; posit_pack:u_packer|g_rne.d_q[17]             ; clk          ; clk         ; 0.000        ; 0.397      ; 2.667      ;
; 2.113 ; packer_ppa_boundary:u_boundary|meta_sync2 ; posit_pack:u_packer|g_rne.d_q[28]             ; clk          ; clk         ; 0.000        ; 0.397      ; 2.667      ;
; 2.113 ; packer_ppa_boundary:u_boundary|meta_sync2 ; posit_pack:u_packer|g_rne.d_q[29]             ; clk          ; clk         ; 0.000        ; 0.397      ; 2.667      ;
; 2.113 ; packer_ppa_boundary:u_boundary|meta_sync2 ; posit_pack:u_packer|g_rne.d_q[30]             ; clk          ; clk         ; 0.000        ; 0.397      ; 2.667      ;
; 2.114 ; packer_ppa_boundary:u_boundary|meta_sync2 ; posit_pack:u_packer|g_rne.d_q[0]              ; clk          ; clk         ; 0.000        ; 0.397      ; 2.668      ;
; 2.114 ; packer_ppa_boundary:u_boundary|meta_sync2 ; posit_pack:u_packer|g_rne.d_q[1]              ; clk          ; clk         ; 0.000        ; 0.396      ; 2.667      ;
; 2.114 ; packer_ppa_boundary:u_boundary|meta_sync2 ; posit_pack:u_packer|g_rne.d_q[2]              ; clk          ; clk         ; 0.000        ; 0.396      ; 2.667      ;
; 2.114 ; packer_ppa_boundary:u_boundary|meta_sync2 ; posit_pack:u_packer|g_rne.d_q[4]              ; clk          ; clk         ; 0.000        ; 0.396      ; 2.667      ;
; 2.114 ; packer_ppa_boundary:u_boundary|meta_sync2 ; posit_pack:u_packer|g_rne.d_q[6]              ; clk          ; clk         ; 0.000        ; 0.397      ; 2.668      ;
; 2.114 ; packer_ppa_boundary:u_boundary|meta_sync2 ; posit_pack:u_packer|g_rne.d_q[8]              ; clk          ; clk         ; 0.000        ; 0.397      ; 2.668      ;
; 2.114 ; packer_ppa_boundary:u_boundary|meta_sync2 ; posit_pack:u_packer|g_rne.d_q[18]             ; clk          ; clk         ; 0.000        ; 0.397      ; 2.668      ;
; 2.114 ; packer_ppa_boundary:u_boundary|meta_sync2 ; posit_pack:u_packer|g_rne.d_q[20]             ; clk          ; clk         ; 0.000        ; 0.396      ; 2.667      ;
; 2.114 ; packer_ppa_boundary:u_boundary|meta_sync2 ; posit_pack:u_packer|g_rne.d_q[22]             ; clk          ; clk         ; 0.000        ; 0.396      ; 2.667      ;
; 2.114 ; packer_ppa_boundary:u_boundary|meta_sync2 ; posit_pack:u_packer|g_rne.d_q[24]             ; clk          ; clk         ; 0.000        ; 0.396      ; 2.667      ;
; 2.114 ; packer_ppa_boundary:u_boundary|meta_sync2 ; posit_pack:u_packer|g_rne.d_q[26]             ; clk          ; clk         ; 0.000        ; 0.396      ; 2.667      ;
; 2.114 ; packer_ppa_boundary:u_boundary|meta_sync2 ; posit_pack:u_packer|g_rne.d_q[31]             ; clk          ; clk         ; 0.000        ; 0.394      ; 2.665      ;
; 2.114 ; packer_ppa_boundary:u_boundary|meta_sync2 ; posit_pack:u_packer|g_rne.flags_q[0]          ; clk          ; clk         ; 0.000        ; 0.396      ; 2.667      ;
; 2.114 ; packer_ppa_boundary:u_boundary|meta_sync2 ; posit_pack:u_packer|g_rne.flags_q[2]          ; clk          ; clk         ; 0.000        ; 0.396      ; 2.667      ;
; 2.441 ; packer_ppa_boundary:u_boundary|meta_sync2 ; packer_ppa_boundary:u_boundary|d[16]          ; clk          ; clk         ; 0.000        ; 0.067      ; 2.665      ;
; 2.449 ; packer_ppa_boundary:u_boundary|meta_sync2 ; packer_ppa_boundary:u_boundary|sf_q[0]        ; clk          ; clk         ; 0.000        ; 0.062      ; 2.668      ;
; 2.449 ; packer_ppa_boundary:u_boundary|meta_sync2 ; packer_ppa_boundary:u_boundary|sf_q[1]        ; clk          ; clk         ; 0.000        ; 0.062      ; 2.668      ;
; 2.449 ; packer_ppa_boundary:u_boundary|meta_sync2 ; packer_ppa_boundary:u_boundary|frac_q[54]     ; clk          ; clk         ; 0.000        ; 0.062      ; 2.668      ;
; 2.449 ; packer_ppa_boundary:u_boundary|meta_sync2 ; posit_pack:u_packer|g_rne.p1_mag_trunc_q[1]   ; clk          ; clk         ; 0.000        ; 0.062      ; 2.668      ;
; 2.449 ; packer_ppa_boundary:u_boundary|meta_sync2 ; posit_pack:u_packer|g_rne.p1_mag_trunc_q[2]   ; clk          ; clk         ; 0.000        ; 0.062      ; 2.668      ;
; 2.449 ; packer_ppa_boundary:u_boundary|meta_sync2 ; posit_pack:u_packer|g_rne.p1_mag_trunc_q[3]   ; clk          ; clk         ; 0.000        ; 0.062      ; 2.668      ;
; 2.449 ; packer_ppa_boundary:u_boundary|meta_sync2 ; posit_pack:u_packer|g_rne.p1_mag_trunc_q[6]   ; clk          ; clk         ; 0.000        ; 0.062      ; 2.668      ;
; 2.449 ; packer_ppa_boundary:u_boundary|meta_sync2 ; posit_pack:u_packer|g_rne.p1_mag_trunc_q[7]   ; clk          ; clk         ; 0.000        ; 0.062      ; 2.668      ;
; 2.449 ; packer_ppa_boundary:u_boundary|meta_sync2 ; posit_pack:u_packer|g_rne.p1_mag_trunc_q[8]   ; clk          ; clk         ; 0.000        ; 0.062      ; 2.668      ;
; 2.449 ; packer_ppa_boundary:u_boundary|meta_sync2 ; posit_pack:u_packer|g_rne.p1_mag_trunc_q[9]   ; clk          ; clk         ; 0.000        ; 0.062      ; 2.668      ;
; 2.449 ; packer_ppa_boundary:u_boundary|meta_sync2 ; posit_pack:u_packer|g_rne.p1_mag_trunc_q[10]  ; clk          ; clk         ; 0.000        ; 0.062      ; 2.668      ;
; 2.449 ; packer_ppa_boundary:u_boundary|meta_sync2 ; posit_pack:u_packer|g_rne.p1_mag_trunc_q[11]  ; clk          ; clk         ; 0.000        ; 0.062      ; 2.668      ;
; 2.449 ; packer_ppa_boundary:u_boundary|meta_sync2 ; posit_pack:u_packer|g_rne.p1_mag_trunc_q[12]  ; clk          ; clk         ; 0.000        ; 0.062      ; 2.668      ;
; 2.449 ; packer_ppa_boundary:u_boundary|meta_sync2 ; posit_pack:u_packer|g_rne.p1_mag_trunc_q[13]  ; clk          ; clk         ; 0.000        ; 0.062      ; 2.668      ;
; 2.449 ; packer_ppa_boundary:u_boundary|meta_sync2 ; posit_pack:u_packer|g_rne.p1_mag_trunc_q[14]  ; clk          ; clk         ; 0.000        ; 0.062      ; 2.668      ;
; 2.449 ; packer_ppa_boundary:u_boundary|meta_sync2 ; posit_pack:u_packer|g_rne.p1_mag_trunc_q[15]  ; clk          ; clk         ; 0.000        ; 0.062      ; 2.668      ;
; 2.449 ; packer_ppa_boundary:u_boundary|meta_sync2 ; posit_pack:u_packer|g_rne.p1_mag_trunc_q[16]  ; clk          ; clk         ; 0.000        ; 0.062      ; 2.668      ;
; 2.449 ; packer_ppa_boundary:u_boundary|meta_sync2 ; posit_pack:u_packer|g_rne.p1_mag_trunc_q[17]  ; clk          ; clk         ; 0.000        ; 0.062      ; 2.668      ;
; 2.449 ; packer_ppa_boundary:u_boundary|meta_sync2 ; posit_pack:u_packer|g_rne.p1_mag_trunc_q[18]  ; clk          ; clk         ; 0.000        ; 0.062      ; 2.668      ;
; 2.449 ; packer_ppa_boundary:u_boundary|meta_sync2 ; posit_pack:u_packer|g_rne.p1_mag_trunc_q[19]  ; clk          ; clk         ; 0.000        ; 0.062      ; 2.668      ;
; 2.449 ; packer_ppa_boundary:u_boundary|meta_sync2 ; posit_pack:u_packer|g_rne.p1_mag_trunc_q[20]  ; clk          ; clk         ; 0.000        ; 0.062      ; 2.668      ;
; 2.449 ; packer_ppa_boundary:u_boundary|meta_sync2 ; posit_pack:u_packer|g_rne.p1_mag_trunc_q[24]  ; clk          ; clk         ; 0.000        ; 0.062      ; 2.668      ;
; 2.449 ; packer_ppa_boundary:u_boundary|meta_sync2 ; posit_pack:u_packer|g_rne.p1_mag_trunc_q[26]  ; clk          ; clk         ; 0.000        ; 0.062      ; 2.668      ;
; 2.449 ; packer_ppa_boundary:u_boundary|meta_sync2 ; posit_pack:u_packer|g_rne.p1_mag_trunc_q[27]  ; clk          ; clk         ; 0.000        ; 0.062      ; 2.668      ;
; 2.449 ; packer_ppa_boundary:u_boundary|meta_sync2 ; posit_pack:u_packer|g_rne.p1_mag_trunc_q[28]  ; clk          ; clk         ; 0.000        ; 0.062      ; 2.668      ;
; 2.449 ; packer_ppa_boundary:u_boundary|meta_sync2 ; posit_pack:u_packer|g_rne.p1_mag_trunc_q[29]  ; clk          ; clk         ; 0.000        ; 0.062      ; 2.668      ;
; 2.449 ; packer_ppa_boundary:u_boundary|meta_sync2 ; posit_pack:u_packer|g_rne.p1_mag_trunc_q[30]  ; clk          ; clk         ; 0.000        ; 0.062      ; 2.668      ;
; 2.449 ; packer_ppa_boundary:u_boundary|meta_sync2 ; packer_ppa_boundary:u_boundary|d[3]           ; clk          ; clk         ; 0.000        ; 0.059      ; 2.665      ;
; 2.449 ; packer_ppa_boundary:u_boundary|meta_sync2 ; packer_ppa_boundary:u_boundary|d[4]           ; clk          ; clk         ; 0.000        ; 0.060      ; 2.666      ;
; 2.449 ; packer_ppa_boundary:u_boundary|meta_sync2 ; packer_ppa_boundary:u_boundary|d[5]           ; clk          ; clk         ; 0.000        ; 0.058      ; 2.664      ;
; 2.449 ; packer_ppa_boundary:u_boundary|meta_sync2 ; packer_ppa_boundary:u_boundary|d[7]           ; clk          ; clk         ; 0.000        ; 0.058      ; 2.664      ;
; 2.449 ; packer_ppa_boundary:u_boundary|meta_sync2 ; packer_ppa_boundary:u_boundary|d[9]           ; clk          ; clk         ; 0.000        ; 0.059      ; 2.665      ;
; 2.449 ; packer_ppa_boundary:u_boundary|meta_sync2 ; packer_ppa_boundary:u_boundary|d[10]          ; clk          ; clk         ; 0.000        ; 0.057      ; 2.663      ;
; 2.449 ; packer_ppa_boundary:u_boundary|meta_sync2 ; packer_ppa_boundary:u_boundary|d[11]          ; clk          ; clk         ; 0.000        ; 0.059      ; 2.665      ;
; 2.449 ; packer_ppa_boundary:u_boundary|meta_sync2 ; packer_ppa_boundary:u_boundary|d[12]          ; clk          ; clk         ; 0.000        ; 0.061      ; 2.667      ;
; 2.449 ; packer_ppa_boundary:u_boundary|meta_sync2 ; packer_ppa_boundary:u_boundary|d[13]          ; clk          ; clk         ; 0.000        ; 0.060      ; 2.666      ;
; 2.449 ; packer_ppa_boundary:u_boundary|meta_sync2 ; packer_ppa_boundary:u_boundary|d[14]          ; clk          ; clk         ; 0.000        ; 0.061      ; 2.667      ;
; 2.449 ; packer_ppa_boundary:u_boundary|meta_sync2 ; packer_ppa_boundary:u_boundary|d[15]          ; clk          ; clk         ; 0.000        ; 0.057      ; 2.663      ;
; 2.449 ; packer_ppa_boundary:u_boundary|meta_sync2 ; packer_ppa_boundary:u_boundary|d[17]          ; clk          ; clk         ; 0.000        ; 0.057      ; 2.663      ;
; 2.449 ; packer_ppa_boundary:u_boundary|meta_sync2 ; packer_ppa_boundary:u_boundary|d[19]          ; clk          ; clk         ; 0.000        ; 0.060      ; 2.666      ;
; 2.449 ; packer_ppa_boundary:u_boundary|meta_sync2 ; packer_ppa_boundary:u_boundary|d[25]          ; clk          ; clk         ; 0.000        ; 0.062      ; 2.668      ;
; 2.449 ; packer_ppa_boundary:u_boundary|meta_sync2 ; packer_ppa_boundary:u_boundary|d[28]          ; clk          ; clk         ; 0.000        ; 0.061      ; 2.667      ;
; 2.449 ; packer_ppa_boundary:u_boundary|meta_sync2 ; packer_ppa_boundary:u_boundary|d[29]          ; clk          ; clk         ; 0.000        ; 0.061      ; 2.667      ;
; 2.449 ; packer_ppa_boundary:u_boundary|meta_sync2 ; packer_ppa_boundary:u_boundary|d[30]          ; clk          ; clk         ; 0.000        ; 0.061      ; 2.667      ;
; 2.449 ; packer_ppa_boundary:u_boundary|meta_sync2 ; packer_ppa_boundary:u_boundary|flags[1]       ; clk          ; clk         ; 0.000        ; 0.060      ; 2.666      ;
; 2.449 ; packer_ppa_boundary:u_boundary|meta_sync2 ; packer_ppa_boundary:u_boundary|flags[3]       ; clk          ; clk         ; 0.000        ; 0.060      ; 2.666      ;
; 2.449 ; packer_ppa_boundary:u_boundary|meta_sync2 ; packer_ppa_boundary:u_boundary|flags[4]       ; clk          ; clk         ; 0.000        ; 0.060      ; 2.666      ;
; 2.450 ; packer_ppa_boundary:u_boundary|meta_sync2 ; packer_ppa_boundary:u_boundary|is_nar_q       ; clk          ; clk         ; 0.000        ; 0.057      ; 2.664      ;
; 2.450 ; packer_ppa_boundary:u_boundary|meta_sync2 ; packer_ppa_boundary:u_boundary|flags_in_q[4]  ; clk          ; clk         ; 0.000        ; 0.057      ; 2.664      ;
; 2.450 ; packer_ppa_boundary:u_boundary|meta_sync2 ; packer_ppa_boundary:u_boundary|is_zero_q      ; clk          ; clk         ; 0.000        ; 0.057      ; 2.664      ;
; 2.450 ; packer_ppa_boundary:u_boundary|meta_sync2 ; posit_pack:u_packer|g_rne.p1_mag_trunc_q[4]   ; clk          ; clk         ; 0.000        ; 0.060      ; 2.667      ;
; 2.450 ; packer_ppa_boundary:u_boundary|meta_sync2 ; posit_pack:u_packer|g_rne.p1_mag_trunc_q[5]   ; clk          ; clk         ; 0.000        ; 0.060      ; 2.667      ;
; 2.450 ; packer_ppa_boundary:u_boundary|meta_sync2 ; posit_pack:u_packer|g_rne.p1_mag_trunc_q[25]  ; clk          ; clk         ; 0.000        ; 0.060      ; 2.667      ;
; 2.450 ; packer_ppa_boundary:u_boundary|meta_sync2 ; posit_pack:u_packer|g_rne.p1_valid_q          ; clk          ; clk         ; 0.000        ; 0.061      ; 2.668      ;
; 2.450 ; packer_ppa_boundary:u_boundary|meta_sync2 ; packer_ppa_boundary:u_boundary|out_valid      ; clk          ; clk         ; 0.000        ; 0.061      ; 2.668      ;
; 2.450 ; packer_ppa_boundary:u_boundary|meta_sync2 ; packer_ppa_boundary:u_boundary|sign_q         ; clk          ; clk         ; 0.000        ; 0.058      ; 2.665      ;
; 2.450 ; packer_ppa_boundary:u_boundary|meta_sync2 ; posit_pack:u_packer|g_rne.p1_sign_q           ; clk          ; clk         ; 0.000        ; 0.058      ; 2.665      ;
; 2.450 ; packer_ppa_boundary:u_boundary|meta_sync2 ; posit_pack:u_packer|g_rne.p1_special_sel_q[2] ; clk          ; clk         ; 0.000        ; 0.057      ; 2.664      ;
; 2.450 ; packer_ppa_boundary:u_boundary|meta_sync2 ; posit_pack:u_packer|g_rne.p1_special_sel_q[0] ; clk          ; clk         ; 0.000        ; 0.057      ; 2.664      ;
; 2.450 ; packer_ppa_boundary:u_boundary|meta_sync2 ; posit_pack:u_packer|g_rne.p1_special_sel_q[1] ; clk          ; clk         ; 0.000        ; 0.057      ; 2.664      ;
+-------+-------------------------------------------+-----------------------------------------------+--------------+-------------+--------------+------------+------------+


+-----------------------------------------------------------------------------------------------------------------------------+
; Slow 1200mV 85C Model Minimum Pulse Width: 'clk'                                                                            ;
+-------+--------------+----------------+-----------------+-------+------------+----------------------------------------------+
; Slack ; Actual Width ; Required Width ; Type            ; Clock ; Clock Edge ; Target                                       ;
+-------+--------------+----------------+-----------------+-------+------------+----------------------------------------------+
; 4.671 ; 4.855        ; 0.184          ; Low Pulse Width ; clk   ; Rise       ; posit_pack:u_packer|g_rne.p2_valid_q         ;
; 4.672 ; 4.856        ; 0.184          ; Low Pulse Width ; clk   ; Rise       ; packer_ppa_boundary:u_boundary|flags_in_q[1] ;
; 4.675 ; 4.859        ; 0.184          ; Low Pulse Width ; clk   ; Rise       ; packer_ppa_boundary:u_boundary|frac_q[0]     ;
; 4.675 ; 4.859        ; 0.184          ; Low Pulse Width ; clk   ; Rise       ; packer_ppa_boundary:u_boundary|frac_q[14]    ;
; 4.675 ; 4.859        ; 0.184          ; Low Pulse Width ; clk   ; Rise       ; packer_ppa_boundary:u_boundary|frac_q[15]    ;
; 4.675 ; 4.859        ; 0.184          ; Low Pulse Width ; clk   ; Rise       ; packer_ppa_boundary:u_boundary|frac_q[16]    ;
; 4.675 ; 4.859        ; 0.184          ; Low Pulse Width ; clk   ; Rise       ; packer_ppa_boundary:u_boundary|frac_q[17]    ;
; 4.675 ; 4.859        ; 0.184          ; Low Pulse Width ; clk   ; Rise       ; packer_ppa_boundary:u_boundary|frac_q[18]    ;
; 4.675 ; 4.859        ; 0.184          ; Low Pulse Width ; clk   ; Rise       ; packer_ppa_boundary:u_boundary|frac_q[19]    ;
; 4.675 ; 4.859        ; 0.184          ; Low Pulse Width ; clk   ; Rise       ; packer_ppa_boundary:u_boundary|frac_q[20]    ;
; 4.675 ; 4.859        ; 0.184          ; Low Pulse Width ; clk   ; Rise       ; packer_ppa_boundary:u_boundary|frac_q[21]    ;
; 4.675 ; 4.859        ; 0.184          ; Low Pulse Width ; clk   ; Rise       ; packer_ppa_boundary:u_boundary|frac_q[22]    ;
; 4.675 ; 4.859        ; 0.184          ; Low Pulse Width ; clk   ; Rise       ; packer_ppa_boundary:u_boundary|frac_q[23]    ;
; 4.675 ; 4.859        ; 0.184          ; Low Pulse Width ; clk   ; Rise       ; packer_ppa_boundary:u_boundary|frac_q[24]    ;
; 4.675 ; 4.859        ; 0.184          ; Low Pulse Width ; clk   ; Rise       ; packer_ppa_boundary:u_boundary|frac_q[47]    ;
; 4.675 ; 4.859        ; 0.184          ; Low Pulse Width ; clk   ; Rise       ; packer_ppa_boundary:u_boundary|frac_q[48]    ;
; 4.675 ; 4.859        ; 0.184          ; Low Pulse Width ; clk   ; Rise       ; packer_ppa_boundary:u_boundary|frac_q[49]    ;
; 4.675 ; 4.859        ; 0.184          ; Low Pulse Width ; clk   ; Rise       ; packer_ppa_boundary:u_boundary|frac_q[50]    ;
; 4.675 ; 4.859        ; 0.184          ; Low Pulse Width ; clk   ; Rise       ; packer_ppa_boundary:u_boundary|frac_q[51]    ;
; 4.675 ; 4.859        ; 0.184          ; Low Pulse Width ; clk   ; Rise       ; packer_ppa_boundary:u_boundary|frac_q[52]    ;
; 4.675 ; 4.859        ; 0.184          ; Low Pulse Width ; clk   ; Rise       ; packer_ppa_boundary:u_boundary|frac_q[53]    ;
; 4.675 ; 4.859        ; 0.184          ; Low Pulse Width ; clk   ; Rise       ; packer_ppa_boundary:u_boundary|meta_sync1    ;
; 4.675 ; 4.859        ; 0.184          ; Low Pulse Width ; clk   ; Rise       ; packer_ppa_boundary:u_boundary|meta_sync2    ;
; 4.675 ; 4.859        ; 0.184          ; Low Pulse Width ; clk   ; Rise       ; packer_ppa_boundary:u_boundary|sf_q[3]       ;
; 4.676 ; 4.860        ; 0.184          ; Low Pulse Width ; clk   ; Rise       ; posit_pack:u_packer|g_rne.d_q[13]            ;
; 4.676 ; 4.860        ; 0.184          ; Low Pulse Width ; clk   ; Rise       ; posit_pack:u_packer|g_rne.d_q[19]            ;
; 4.676 ; 4.860        ; 0.184          ; Low Pulse Width ; clk   ; Rise       ; posit_pack:u_packer|g_rne.flags_q[1]         ;
; 4.676 ; 4.860        ; 0.184          ; Low Pulse Width ; clk   ; Rise       ; posit_pack:u_packer|g_rne.flags_q[3]         ;
; 4.676 ; 4.860        ; 0.184          ; Low Pulse Width ; clk   ; Rise       ; posit_pack:u_packer|g_rne.flags_q[4]         ;
; 4.680 ; 4.864        ; 0.184          ; Low Pulse Width ; clk   ; Rise       ; packer_ppa_boundary:u_boundary|d[0]          ;
; 4.680 ; 4.864        ; 0.184          ; Low Pulse Width ; clk   ; Rise       ; packer_ppa_boundary:u_boundary|d[12]         ;
; 4.680 ; 4.864        ; 0.184          ; Low Pulse Width ; clk   ; Rise       ; packer_ppa_boundary:u_boundary|d[13]         ;
; 4.680 ; 4.864        ; 0.184          ; Low Pulse Width ; clk   ; Rise       ; packer_ppa_boundary:u_boundary|d[14]         ;
; 4.680 ; 4.864        ; 0.184          ; Low Pulse Width ; clk   ; Rise       ; packer_ppa_boundary:u_boundary|d[18]         ;
; 4.680 ; 4.864        ; 0.184          ; Low Pulse Width ; clk   ; Rise       ; packer_ppa_boundary:u_boundary|d[19]         ;
; 4.680 ; 4.864        ; 0.184          ; Low Pulse Width ; clk   ; Rise       ; packer_ppa_boundary:u_boundary|d[1]          ;
; 4.680 ; 4.864        ; 0.184          ; Low Pulse Width ; clk   ; Rise       ; packer_ppa_boundary:u_boundary|d[20]         ;
; 4.680 ; 4.864        ; 0.184          ; Low Pulse Width ; clk   ; Rise       ; packer_ppa_boundary:u_boundary|d[21]         ;
; 4.680 ; 4.864        ; 0.184          ; Low Pulse Width ; clk   ; Rise       ; packer_ppa_boundary:u_boundary|d[22]         ;
; 4.680 ; 4.864        ; 0.184          ; Low Pulse Width ; clk   ; Rise       ; packer_ppa_boundary:u_boundary|d[23]         ;
; 4.680 ; 4.864        ; 0.184          ; Low Pulse Width ; clk   ; Rise       ; packer_ppa_boundary:u_boundary|d[24]         ;
; 4.680 ; 4.864        ; 0.184          ; Low Pulse Width ; clk   ; Rise       ; packer_ppa_boundary:u_boundary|d[26]         ;
; 4.680 ; 4.864        ; 0.184          ; Low Pulse Width ; clk   ; Rise       ; packer_ppa_boundary:u_boundary|d[27]         ;
; 4.680 ; 4.864        ; 0.184          ; Low Pulse Width ; clk   ; Rise       ; packer_ppa_boundary:u_boundary|d[2]          ;
; 4.680 ; 4.864        ; 0.184          ; Low Pulse Width ; clk   ; Rise       ; packer_ppa_boundary:u_boundary|d[31]         ;
; 4.680 ; 4.864        ; 0.184          ; Low Pulse Width ; clk   ; Rise       ; packer_ppa_boundary:u_boundary|d[4]          ;
; 4.680 ; 4.864        ; 0.184          ; Low Pulse Width ; clk   ; Rise       ; packer_ppa_boundary:u_boundary|d[5]          ;
; 4.680 ; 4.864        ; 0.184          ; Low Pulse Width ; clk   ; Rise       ; packer_ppa_boundary:u_boundary|d[6]          ;
; 4.680 ; 4.864        ; 0.184          ; Low Pulse Width ; clk   ; Rise       ; packer_ppa_boundary:u_boundary|d[7]          ;
; 4.680 ; 4.864        ; 0.184          ; Low Pulse Width ; clk   ; Rise       ; packer_ppa_boundary:u_boundary|d[8]          ;
; 4.680 ; 4.864        ; 0.184          ; Low Pulse Width ; clk   ; Rise       ; packer_ppa_boundary:u_boundary|flags[0]      ;
; 4.680 ; 4.864        ; 0.184          ; Low Pulse Width ; clk   ; Rise       ; packer_ppa_boundary:u_boundary|flags[1]      ;
; 4.680 ; 4.864        ; 0.184          ; Low Pulse Width ; clk   ; Rise       ; packer_ppa_boundary:u_boundary|flags[2]      ;
; 4.680 ; 4.864        ; 0.184          ; Low Pulse Width ; clk   ; Rise       ; packer_ppa_boundary:u_boundary|flags[3]      ;
; 4.680 ; 4.864        ; 0.184          ; Low Pulse Width ; clk   ; Rise       ; packer_ppa_boundary:u_boundary|flags[4]      ;
; 4.680 ; 4.864        ; 0.184          ; Low Pulse Width ; clk   ; Rise       ; packer_ppa_boundary:u_boundary|flags_in_q[0] ;
; 4.680 ; 4.864        ; 0.184          ; Low Pulse Width ; clk   ; Rise       ; packer_ppa_boundary:u_boundary|flags_in_q[2] ;
; 4.680 ; 4.864        ; 0.184          ; Low Pulse Width ; clk   ; Rise       ; packer_ppa_boundary:u_boundary|flags_in_q[3] ;
; 4.680 ; 4.864        ; 0.184          ; Low Pulse Width ; clk   ; Rise       ; packer_ppa_boundary:u_boundary|flags_in_q[4] ;
; 4.680 ; 4.864        ; 0.184          ; Low Pulse Width ; clk   ; Rise       ; packer_ppa_boundary:u_boundary|is_nar_q      ;
; 4.680 ; 4.864        ; 0.184          ; Low Pulse Width ; clk   ; Rise       ; packer_ppa_boundary:u_boundary|is_zero_q     ;
; 4.680 ; 4.864        ; 0.184          ; Low Pulse Width ; clk   ; Rise       ; packer_ppa_boundary:u_boundary|out_valid     ;
; 4.680 ; 4.864        ; 0.184          ; Low Pulse Width ; clk   ; Rise       ; packer_ppa_boundary:u_boundary|sf_q[4]       ;
; 4.680 ; 4.864        ; 0.184          ; Low Pulse Width ; clk   ; Rise       ; packer_ppa_boundary:u_boundary|sf_q[5]       ;
; 4.680 ; 4.864        ; 0.184          ; Low Pulse Width ; clk   ; Rise       ; packer_ppa_boundary:u_boundary|sf_q[6]       ;
; 4.680 ; 4.864        ; 0.184          ; Low Pulse Width ; clk   ; Rise       ; packer_ppa_boundary:u_boundary|sign_q        ;
; 4.680 ; 4.864        ; 0.184          ; Low Pulse Width ; clk   ; Rise       ; posit_pack:u_packer|g_rne.d_q[21]            ;
; 4.680 ; 4.864        ; 0.184          ; Low Pulse Width ; clk   ; Rise       ; posit_pack:u_packer|g_rne.d_q[23]            ;
; 4.680 ; 4.864        ; 0.184          ; Low Pulse Width ; clk   ; Rise       ; posit_pack:u_packer|g_rne.d_q[25]            ;
; 4.680 ; 4.864        ; 0.184          ; Low Pulse Width ; clk   ; Rise       ; posit_pack:u_packer|g_rne.d_q[27]            ;
; 4.680 ; 4.864        ; 0.184          ; Low Pulse Width ; clk   ; Rise       ; posit_pack:u_packer|g_rne.p1_flags_q[0]      ;
; 4.680 ; 4.864        ; 0.184          ; Low Pulse Width ; clk   ; Rise       ; posit_pack:u_packer|g_rne.p1_flags_q[1]      ;
; 4.680 ; 4.864        ; 0.184          ; Low Pulse Width ; clk   ; Rise       ; posit_pack:u_packer|g_rne.p1_flags_q[2]      ;
; 4.680 ; 4.864        ; 0.184          ; Low Pulse Width ; clk   ; Rise       ; posit_pack:u_packer|g_rne.p1_flags_q[3]      ;
; 4.680 ; 4.864        ; 0.184          ; Low Pulse Width ; clk   ; Rise       ; posit_pack:u_packer|g_rne.p1_flags_q[4]      ;
; 4.680 ; 4.864        ; 0.184          ; Low Pulse Width ; clk   ; Rise       ; posit_pack:u_packer|g_rne.p1_guard_bit_q     ;
; 4.680 ; 4.864        ; 0.184          ; Low Pulse Width ; clk   ; Rise       ; posit_pack:u_packer|g_rne.p1_mag_trunc_q[0]  ;
; 4.680 ; 4.864        ; 0.184          ; Low Pulse Width ; clk   ; Rise       ; posit_pack:u_packer|g_rne.p1_mag_trunc_q[10] ;
; 4.680 ; 4.864        ; 0.184          ; Low Pulse Width ; clk   ; Rise       ; posit_pack:u_packer|g_rne.p1_mag_trunc_q[11] ;
; 4.680 ; 4.864        ; 0.184          ; Low Pulse Width ; clk   ; Rise       ; posit_pack:u_packer|g_rne.p1_mag_trunc_q[12] ;
; 4.680 ; 4.864        ; 0.184          ; Low Pulse Width ; clk   ; Rise       ; posit_pack:u_packer|g_rne.p1_mag_trunc_q[13] ;
; 4.680 ; 4.864        ; 0.184          ; Low Pulse Width ; clk   ; Rise       ; posit_pack:u_packer|g_rne.p1_mag_trunc_q[14] ;
; 4.680 ; 4.864        ; 0.184          ; Low Pulse Width ; clk   ; Rise       ; posit_pack:u_packer|g_rne.p1_mag_trunc_q[15] ;
; 4.680 ; 4.864        ; 0.184          ; Low Pulse Width ; clk   ; Rise       ; posit_pack:u_packer|g_rne.p1_mag_trunc_q[16] ;
; 4.680 ; 4.864        ; 0.184          ; Low Pulse Width ; clk   ; Rise       ; posit_pack:u_packer|g_rne.p1_mag_trunc_q[17] ;
; 4.680 ; 4.864        ; 0.184          ; Low Pulse Width ; clk   ; Rise       ; posit_pack:u_packer|g_rne.p1_mag_trunc_q[18] ;
; 4.680 ; 4.864        ; 0.184          ; Low Pulse Width ; clk   ; Rise       ; posit_pack:u_packer|g_rne.p1_mag_trunc_q[19] ;
; 4.680 ; 4.864        ; 0.184          ; Low Pulse Width ; clk   ; Rise       ; posit_pack:u_packer|g_rne.p1_mag_trunc_q[1]  ;
; 4.680 ; 4.864        ; 0.184          ; Low Pulse Width ; clk   ; Rise       ; posit_pack:u_packer|g_rne.p1_mag_trunc_q[20] ;
; 4.680 ; 4.864        ; 0.184          ; Low Pulse Width ; clk   ; Rise       ; posit_pack:u_packer|g_rne.p1_mag_trunc_q[21] ;
; 4.680 ; 4.864        ; 0.184          ; Low Pulse Width ; clk   ; Rise       ; posit_pack:u_packer|g_rne.p1_mag_trunc_q[22] ;
; 4.680 ; 4.864        ; 0.184          ; Low Pulse Width ; clk   ; Rise       ; posit_pack:u_packer|g_rne.p1_mag_trunc_q[23] ;
; 4.680 ; 4.864        ; 0.184          ; Low Pulse Width ; clk   ; Rise       ; posit_pack:u_packer|g_rne.p1_mag_trunc_q[24] ;
; 4.680 ; 4.864        ; 0.184          ; Low Pulse Width ; clk   ; Rise       ; posit_pack:u_packer|g_rne.p1_mag_trunc_q[25] ;
; 4.680 ; 4.864        ; 0.184          ; Low Pulse Width ; clk   ; Rise       ; posit_pack:u_packer|g_rne.p1_mag_trunc_q[26] ;
; 4.680 ; 4.864        ; 0.184          ; Low Pulse Width ; clk   ; Rise       ; posit_pack:u_packer|g_rne.p1_mag_trunc_q[27] ;
; 4.680 ; 4.864        ; 0.184          ; Low Pulse Width ; clk   ; Rise       ; posit_pack:u_packer|g_rne.p1_mag_trunc_q[28] ;
; 4.680 ; 4.864        ; 0.184          ; Low Pulse Width ; clk   ; Rise       ; posit_pack:u_packer|g_rne.p1_mag_trunc_q[29] ;
; 4.680 ; 4.864        ; 0.184          ; Low Pulse Width ; clk   ; Rise       ; posit_pack:u_packer|g_rne.p1_mag_trunc_q[2]  ;
; 4.680 ; 4.864        ; 0.184          ; Low Pulse Width ; clk   ; Rise       ; posit_pack:u_packer|g_rne.p1_mag_trunc_q[30] ;
+-------+--------------+----------------+-----------------+-------+------------+----------------------------------------------+


+----------------------------------------------------------------------------+
; Setup Times                                                                ;
+--------------+------------+--------+--------+------------+-----------------+
; Data Port    ; Clock Port ; Rise   ; Fall   ; Clock Edge ; Clock Reference ;
+--------------+------------+--------+--------+------------+-----------------+
; flags_in[*]  ; clk        ; 2.004  ; 2.527  ; Rise       ; clk             ;
;  flags_in[0] ; clk        ; 1.793  ; 2.248  ; Rise       ; clk             ;
;  flags_in[1] ; clk        ; 1.990  ; 2.491  ; Rise       ; clk             ;
;  flags_in[2] ; clk        ; 2.004  ; 2.527  ; Rise       ; clk             ;
;  flags_in[3] ; clk        ; 1.836  ; 2.303  ; Rise       ; clk             ;
;  flags_in[4] ; clk        ; 1.675  ; 2.102  ; Rise       ; clk             ;
; frac[*]      ; clk        ; 2.472  ; 2.980  ; Rise       ; clk             ;
;  frac[0]     ; clk        ; 1.640  ; 2.072  ; Rise       ; clk             ;
;  frac[1]     ; clk        ; 2.092  ; 2.563  ; Rise       ; clk             ;
;  frac[2]     ; clk        ; 1.992  ; 2.482  ; Rise       ; clk             ;
;  frac[3]     ; clk        ; 2.381  ; 2.852  ; Rise       ; clk             ;
;  frac[4]     ; clk        ; -0.236 ; -0.125 ; Rise       ; clk             ;
;  frac[5]     ; clk        ; 2.416  ; 2.948  ; Rise       ; clk             ;
;  frac[6]     ; clk        ; 2.074  ; 2.567  ; Rise       ; clk             ;
;  frac[7]     ; clk        ; 1.792  ; 2.221  ; Rise       ; clk             ;
;  frac[8]     ; clk        ; 1.841  ; 2.274  ; Rise       ; clk             ;
;  frac[9]     ; clk        ; 2.187  ; 2.660  ; Rise       ; clk             ;
;  frac[10]    ; clk        ; 2.331  ; 2.826  ; Rise       ; clk             ;
;  frac[11]    ; clk        ; 2.256  ; 2.746  ; Rise       ; clk             ;
;  frac[12]    ; clk        ; 2.220  ; 2.668  ; Rise       ; clk             ;
;  frac[13]    ; clk        ; 2.377  ; 2.897  ; Rise       ; clk             ;
;  frac[14]    ; clk        ; 2.236  ; 2.774  ; Rise       ; clk             ;
;  frac[15]    ; clk        ; 1.998  ; 2.460  ; Rise       ; clk             ;
;  frac[16]    ; clk        ; 2.359  ; 2.859  ; Rise       ; clk             ;
;  frac[17]    ; clk        ; 1.868  ; 2.341  ; Rise       ; clk             ;
;  frac[18]    ; clk        ; 2.281  ; 2.766  ; Rise       ; clk             ;
;  frac[19]    ; clk        ; 2.282  ; 2.779  ; Rise       ; clk             ;
;  frac[20]    ; clk        ; 2.439  ; 2.903  ; Rise       ; clk             ;
;  frac[21]    ; clk        ; 2.333  ; 2.804  ; Rise       ; clk             ;
;  frac[22]    ; clk        ; 2.472  ; 2.980  ; Rise       ; clk             ;
;  frac[23]    ; clk        ; -0.124 ; -0.009 ; Rise       ; clk             ;
;  frac[24]    ; clk        ; 2.189  ; 2.682  ; Rise       ; clk             ;
;  frac[25]    ; clk        ; 0.028  ; 0.131  ; Rise       ; clk             ;
;  frac[26]    ; clk        ; 2.217  ; 2.697  ; Rise       ; clk             ;
;  frac[27]    ; clk        ; 2.115  ; 2.647  ; Rise       ; clk             ;
;  frac[28]    ; clk        ; 2.202  ; 2.722  ; Rise       ; clk             ;
;  frac[29]    ; clk        ; 2.374  ; 2.856  ; Rise       ; clk             ;
;  frac[30]    ; clk        ; 2.103  ; 2.550  ; Rise       ; clk             ;
;  frac[31]    ; clk        ; 2.069  ; 2.591  ; Rise       ; clk             ;
;  frac[32]    ; clk        ; 1.876  ; 2.336  ; Rise       ; clk             ;
;  frac[33]    ; clk        ; 2.129  ; 2.666  ; Rise       ; clk             ;
;  frac[34]    ; clk        ; 2.182  ; 2.648  ; Rise       ; clk             ;
;  frac[35]    ; clk        ; -0.122 ; -0.003 ; Rise       ; clk             ;
;  frac[36]    ; clk        ; -0.118 ; 0.018  ; Rise       ; clk             ;
;  frac[37]    ; clk        ; -0.194 ; -0.058 ; Rise       ; clk             ;
;  frac[38]    ; clk        ; 2.219  ; 2.671  ; Rise       ; clk             ;
;  frac[39]    ; clk        ; 2.080  ; 2.557  ; Rise       ; clk             ;
;  frac[40]    ; clk        ; -0.432 ; -0.304 ; Rise       ; clk             ;
;  frac[41]    ; clk        ; 2.379  ; 2.898  ; Rise       ; clk             ;
;  frac[42]    ; clk        ; 2.123  ; 2.640  ; Rise       ; clk             ;
;  frac[43]    ; clk        ; 2.097  ; 2.582  ; Rise       ; clk             ;
;  frac[44]    ; clk        ; 2.087  ; 2.598  ; Rise       ; clk             ;
;  frac[45]    ; clk        ; 2.074  ; 2.493  ; Rise       ; clk             ;
;  frac[46]    ; clk        ; 2.427  ; 2.941  ; Rise       ; clk             ;
;  frac[47]    ; clk        ; 2.014  ; 2.460  ; Rise       ; clk             ;
;  frac[48]    ; clk        ; 1.995  ; 2.496  ; Rise       ; clk             ;
;  frac[49]    ; clk        ; 2.186  ; 2.662  ; Rise       ; clk             ;
;  frac[50]    ; clk        ; 2.075  ; 2.570  ; Rise       ; clk             ;
;  frac[51]    ; clk        ; 2.073  ; 2.574  ; Rise       ; clk             ;
;  frac[52]    ; clk        ; 2.392  ; 2.929  ; Rise       ; clk             ;
;  frac[53]    ; clk        ; 2.050  ; 2.533  ; Rise       ; clk             ;
;  frac[54]    ; clk        ; 2.304  ; 2.768  ; Rise       ; clk             ;
; is_nar       ; clk        ; 1.989  ; 2.442  ; Rise       ; clk             ;
; is_zero      ; clk        ; 1.877  ; 2.333  ; Rise       ; clk             ;
; sf[*]        ; clk        ; 2.548  ; 2.995  ; Rise       ; clk             ;
;  sf[0]       ; clk        ; 1.981  ; 2.436  ; Rise       ; clk             ;
;  sf[1]       ; clk        ; 2.257  ; 2.780  ; Rise       ; clk             ;
;  sf[2]       ; clk        ; 1.974  ; 2.428  ; Rise       ; clk             ;
;  sf[3]       ; clk        ; 2.364  ; 2.905  ; Rise       ; clk             ;
;  sf[4]       ; clk        ; 2.043  ; 2.502  ; Rise       ; clk             ;
;  sf[5]       ; clk        ; 1.992  ; 2.470  ; Rise       ; clk             ;
;  sf[6]       ; clk        ; 1.850  ; 2.362  ; Rise       ; clk             ;
;  sf[7]       ; clk        ; 2.548  ; 2.995  ; Rise       ; clk             ;
;  sf[8]       ; clk        ; 2.107  ; 2.626  ; Rise       ; clk             ;
;  sf[9]       ; clk        ; 1.818  ; 2.257  ; Rise       ; clk             ;
; sign         ; clk        ; 2.087  ; 2.555  ; Rise       ; clk             ;
; sticky       ; clk        ; 2.266  ; 2.766  ; Rise       ; clk             ;
+--------------+------------+--------+--------+------------+-----------------+


+----------------------------------------------------------------------------+
; Hold Times                                                                 ;
+--------------+------------+--------+--------+------------+-----------------+
; Data Port    ; Clock Port ; Rise   ; Fall   ; Clock Edge ; Clock Reference ;
+--------------+------------+--------+--------+------------+-----------------+
; flags_in[*]  ; clk        ; -1.300 ; -1.705 ; Rise       ; clk             ;
;  flags_in[0] ; clk        ; -1.410 ; -1.845 ; Rise       ; clk             ;
;  flags_in[1] ; clk        ; -1.582 ; -2.070 ; Rise       ; clk             ;
;  flags_in[2] ; clk        ; -1.613 ; -2.112 ; Rise       ; clk             ;
;  flags_in[3] ; clk        ; -1.452 ; -1.897 ; Rise       ; clk             ;
;  flags_in[4] ; clk        ; -1.300 ; -1.705 ; Rise       ; clk             ;
; frac[*]      ; clk        ; 0.707  ; 0.577  ; Rise       ; clk             ;
;  frac[0]     ; clk        ; -1.265 ; -1.675 ; Rise       ; clk             ;
;  frac[1]     ; clk        ; -1.707 ; -2.167 ; Rise       ; clk             ;
;  frac[2]     ; clk        ; -1.611 ; -2.089 ; Rise       ; clk             ;
;  frac[3]     ; clk        ; -1.988 ; -2.446 ; Rise       ; clk             ;
;  frac[4]     ; clk        ; 0.518  ; 0.406  ; Rise       ; clk             ;
;  frac[5]     ; clk        ; -2.018 ; -2.537 ; Rise       ; clk             ;
;  frac[6]     ; clk        ; -1.690 ; -2.171 ; Rise       ; clk             ;
;  frac[7]     ; clk        ; -1.423 ; -1.840 ; Rise       ; clk             ;
;  frac[8]     ; clk        ; -1.470 ; -1.890 ; Rise       ; clk             ;
;  frac[9]     ; clk        ; -1.802 ; -2.261 ; Rise       ; clk             ;
;  frac[10]    ; clk        ; -1.937 ; -2.419 ; Rise       ; clk             ;
;  frac[11]    ; clk        ; -1.865 ; -2.342 ; Rise       ; clk             ;
;  frac[12]    ; clk        ; -1.830 ; -2.268 ; Rise       ; clk             ;
;  frac[13]    ; clk        ; -1.981 ; -2.488 ; Rise       ; clk             ;
;  frac[14]    ; clk        ; -1.845 ; -2.369 ; Rise       ; clk             ;
;  frac[15]    ; clk        ; -1.616 ; -2.068 ; Rise       ; clk             ;
;  frac[16]    ; clk        ; -1.963 ; -2.451 ; Rise       ; clk             ;
;  frac[17]    ; clk        ; -1.495 ; -1.955 ; Rise       ; clk             ;
;  frac[18]    ; clk        ; -1.889 ; -2.362 ; Rise       ; clk             ;
;  frac[19]    ; clk        ; -1.889 ; -2.374 ; Rise       ; clk             ;
;  frac[20]    ; clk        ; -2.044 ; -2.494 ; Rise       ; clk             ;
;  frac[21]    ; clk        ; -1.941 ; -2.399 ; Rise       ; clk             ;
;  frac[22]    ; clk        ; -2.072 ; -2.567 ; Rise       ; clk             ;
;  frac[23]    ; clk        ; 0.411  ; 0.295  ; Rise       ; clk             ;
;  frac[24]    ; clk        ; -1.803 ; -2.281 ; Rise       ; clk             ;
;  frac[25]    ; clk        ; 0.265  ; 0.160  ; Rise       ; clk             ;
;  frac[26]    ; clk        ; -1.828 ; -2.296 ; Rise       ; clk             ;
;  frac[27]    ; clk        ; -1.729 ; -2.248 ; Rise       ; clk             ;
;  frac[28]    ; clk        ; -1.813 ; -2.319 ; Rise       ; clk             ;
;  frac[29]    ; clk        ; -1.982 ; -2.450 ; Rise       ; clk             ;
;  frac[30]    ; clk        ; -1.721 ; -2.155 ; Rise       ; clk             ;
;  frac[31]    ; clk        ; -1.685 ; -2.194 ; Rise       ; clk             ;
;  frac[32]    ; clk        ; -1.503 ; -1.950 ; Rise       ; clk             ;
;  frac[33]    ; clk        ; -1.743 ; -2.266 ; Rise       ; clk             ;
;  frac[34]    ; clk        ; -1.797 ; -2.249 ; Rise       ; clk             ;
;  frac[35]    ; clk        ; 0.409  ; 0.289  ; Rise       ; clk             ;
;  frac[36]    ; clk        ; 0.405  ; 0.269  ; Rise       ; clk             ;
;  frac[37]    ; clk        ; 0.479  ; 0.341  ; Rise       ; clk             ;
;  frac[38]    ; clk        ; -1.832 ; -2.272 ; Rise       ; clk             ;
;  frac[39]    ; clk        ; -1.699 ; -2.162 ; Rise       ; clk             ;
;  frac[40]    ; clk        ; 0.707  ; 0.577  ; Rise       ; clk             ;
;  frac[41]    ; clk        ; -1.982 ; -2.489 ; Rise       ; clk             ;
;  frac[42]    ; clk        ; -1.737 ; -2.241 ; Rise       ; clk             ;
;  frac[43]    ; clk        ; -1.712 ; -2.185 ; Rise       ; clk             ;
;  frac[44]    ; clk        ; -1.702 ; -2.200 ; Rise       ; clk             ;
;  frac[45]    ; clk        ; -1.693 ; -2.100 ; Rise       ; clk             ;
;  frac[46]    ; clk        ; -2.033 ; -2.531 ; Rise       ; clk             ;
;  frac[47]    ; clk        ; -1.634 ; -2.068 ; Rise       ; clk             ;
;  frac[48]    ; clk        ; -1.613 ; -2.101 ; Rise       ; clk             ;
;  frac[49]    ; clk        ; -1.800 ; -2.262 ; Rise       ; clk             ;
;  frac[50]    ; clk        ; -1.690 ; -2.172 ; Rise       ; clk             ;
;  frac[51]    ; clk        ; -1.687 ; -2.176 ; Rise       ; clk             ;
;  frac[52]    ; clk        ; -1.997 ; -2.518 ; Rise       ; clk             ;
;  frac[53]    ; clk        ; -1.666 ; -2.137 ; Rise       ; clk             ;
;  frac[54]    ; clk        ; -1.914 ; -2.365 ; Rise       ; clk             ;
; is_nar       ; clk        ; -1.602 ; -2.032 ; Rise       ; clk             ;
; is_zero      ; clk        ; -1.491 ; -1.926 ; Rise       ; clk             ;
; sf[*]        ; clk        ; -1.448 ; -1.874 ; Rise       ; clk             ;
;  sf[0]       ; clk        ; -1.601 ; -2.046 ; Rise       ; clk             ;
;  sf[1]       ; clk        ; -1.866 ; -2.375 ; Rise       ; clk             ;
;  sf[2]       ; clk        ; -1.594 ; -2.038 ; Rise       ; clk             ;
;  sf[3]       ; clk        ; -1.968 ; -2.495 ; Rise       ; clk             ;
;  sf[4]       ; clk        ; -1.649 ; -2.088 ; Rise       ; clk             ;
;  sf[5]       ; clk        ; -1.604 ; -2.059 ; Rise       ; clk             ;
;  sf[6]       ; clk        ; -1.476 ; -1.975 ; Rise       ; clk             ;
;  sf[7]       ; clk        ; -2.149 ; -2.583 ; Rise       ; clk             ;
;  sf[8]       ; clk        ; -1.722 ; -2.228 ; Rise       ; clk             ;
;  sf[9]       ; clk        ; -1.448 ; -1.874 ; Rise       ; clk             ;
; sign         ; clk        ; -1.693 ; -2.139 ; Rise       ; clk             ;
; sticky       ; clk        ; -1.874 ; -2.362 ; Rise       ; clk             ;
+--------------+------------+--------+--------+------------+-----------------+


+-----------------------------------------------------------------------+
; Clock to Output Times                                                 ;
+-----------+------------+-------+-------+------------+-----------------+
; Data Port ; Clock Port ; Rise  ; Fall  ; Clock Edge ; Clock Reference ;
+-----------+------------+-------+-------+------------+-----------------+
; d[*]      ; clk        ; 8.545 ; 8.755 ; Rise       ; clk             ;
;  d[0]     ; clk        ; 6.721 ; 6.821 ; Rise       ; clk             ;
;  d[1]     ; clk        ; 6.783 ; 6.790 ; Rise       ; clk             ;
;  d[2]     ; clk        ; 7.395 ; 7.409 ; Rise       ; clk             ;
;  d[3]     ; clk        ; 6.624 ; 6.701 ; Rise       ; clk             ;
;  d[4]     ; clk        ; 6.212 ; 6.311 ; Rise       ; clk             ;
;  d[5]     ; clk        ; 6.667 ; 6.737 ; Rise       ; clk             ;
;  d[6]     ; clk        ; 6.861 ; 7.003 ; Rise       ; clk             ;
;  d[7]     ; clk        ; 5.860 ; 5.885 ; Rise       ; clk             ;
;  d[8]     ; clk        ; 6.639 ; 6.687 ; Rise       ; clk             ;
;  d[9]     ; clk        ; 6.368 ; 6.344 ; Rise       ; clk             ;
;  d[10]    ; clk        ; 6.435 ; 6.519 ; Rise       ; clk             ;
;  d[11]    ; clk        ; 7.052 ; 7.063 ; Rise       ; clk             ;
;  d[12]    ; clk        ; 6.568 ; 6.574 ; Rise       ; clk             ;
;  d[13]    ; clk        ; 6.283 ; 6.309 ; Rise       ; clk             ;
;  d[14]    ; clk        ; 6.011 ; 6.104 ; Rise       ; clk             ;
;  d[15]    ; clk        ; 6.206 ; 6.251 ; Rise       ; clk             ;
;  d[16]    ; clk        ; 6.331 ; 6.350 ; Rise       ; clk             ;
;  d[17]    ; clk        ; 6.365 ; 6.406 ; Rise       ; clk             ;
;  d[18]    ; clk        ; 6.679 ; 6.751 ; Rise       ; clk             ;
;  d[19]    ; clk        ; 7.262 ; 7.341 ; Rise       ; clk             ;
;  d[20]    ; clk        ; 6.701 ; 6.729 ; Rise       ; clk             ;
;  d[21]    ; clk        ; 6.465 ; 6.556 ; Rise       ; clk             ;
;  d[22]    ; clk        ; 6.799 ; 6.871 ; Rise       ; clk             ;
;  d[23]    ; clk        ; 7.650 ; 7.827 ; Rise       ; clk             ;
;  d[24]    ; clk        ; 7.119 ; 7.158 ; Rise       ; clk             ;
;  d[25]    ; clk        ; 7.785 ; 7.909 ; Rise       ; clk             ;
;  d[26]    ; clk        ; 8.545 ; 8.755 ; Rise       ; clk             ;
;  d[27]    ; clk        ; 6.728 ; 6.832 ; Rise       ; clk             ;
;  d[28]    ; clk        ; 8.114 ; 8.280 ; Rise       ; clk             ;
;  d[29]    ; clk        ; 8.291 ; 8.468 ; Rise       ; clk             ;
;  d[30]    ; clk        ; 7.270 ; 7.380 ; Rise       ; clk             ;
;  d[31]    ; clk        ; 6.699 ; 6.713 ; Rise       ; clk             ;
; flags[*]  ; clk        ; 6.699 ; 6.788 ; Rise       ; clk             ;
;  flags[0] ; clk        ; 6.630 ; 6.689 ; Rise       ; clk             ;
;  flags[1] ; clk        ; 6.597 ; 6.637 ; Rise       ; clk             ;
;  flags[2] ; clk        ; 6.141 ; 6.180 ; Rise       ; clk             ;
;  flags[3] ; clk        ; 6.699 ; 6.788 ; Rise       ; clk             ;
;  flags[4] ; clk        ; 6.163 ; 6.209 ; Rise       ; clk             ;
; out_valid ; clk        ; 6.440 ; 6.476 ; Rise       ; clk             ;
+-----------+------------+-------+-------+------------+-----------------+


+-----------------------------------------------------------------------+
; Minimum Clock to Output Times                                         ;
+-----------+------------+-------+-------+------------+-----------------+
; Data Port ; Clock Port ; Rise  ; Fall  ; Clock Edge ; Clock Reference ;
+-----------+------------+-------+-------+------------+-----------------+
; d[*]      ; clk        ; 5.670 ; 5.693 ; Rise       ; clk             ;
;  d[0]     ; clk        ; 6.495 ; 6.589 ; Rise       ; clk             ;
;  d[1]     ; clk        ; 6.556 ; 6.562 ; Rise       ; clk             ;
;  d[2]     ; clk        ; 7.142 ; 7.154 ; Rise       ; clk             ;
;  d[3]     ; clk        ; 6.400 ; 6.474 ; Rise       ; clk             ;
;  d[4]     ; clk        ; 6.003 ; 6.097 ; Rise       ; clk             ;
;  d[5]     ; clk        ; 6.443 ; 6.509 ; Rise       ; clk             ;
;  d[6]     ; clk        ; 6.629 ; 6.764 ; Rise       ; clk             ;
;  d[7]     ; clk        ; 5.670 ; 5.693 ; Rise       ; clk             ;
;  d[8]     ; clk        ; 6.416 ; 6.461 ; Rise       ; clk             ;
;  d[9]     ; clk        ; 6.157 ; 6.133 ; Rise       ; clk             ;
;  d[10]    ; clk        ; 6.220 ; 6.299 ; Rise       ; clk             ;
;  d[11]    ; clk        ; 6.813 ; 6.823 ; Rise       ; clk             ;
;  d[12]    ; clk        ; 6.350 ; 6.355 ; Rise       ; clk             ;
;  d[13]    ; clk        ; 6.073 ; 6.097 ; Rise       ; clk             ;
;  d[14]    ; clk        ; 5.814 ; 5.903 ; Rise       ; clk             ;
;  d[15]    ; clk        ; 6.002 ; 6.044 ; Rise       ; clk             ;
;  d[16]    ; clk        ; 6.120 ; 6.137 ; Rise       ; clk             ;
;  d[17]    ; clk        ; 6.155 ; 6.193 ; Rise       ; clk             ;
;  d[18]    ; clk        ; 6.455 ; 6.522 ; Rise       ; clk             ;
;  d[19]    ; clk        ; 7.013 ; 7.088 ; Rise       ; clk             ;
;  d[20]    ; clk        ; 6.475 ; 6.501 ; Rise       ; clk             ;
;  d[21]    ; clk        ; 6.251 ; 6.337 ; Rise       ; clk             ;
;  d[22]    ; clk        ; 6.567 ; 6.636 ; Rise       ; clk             ;
;  d[23]    ; clk        ; 7.388 ; 7.557 ; Rise       ; clk             ;
;  d[24]    ; clk        ; 6.876 ; 6.913 ; Rise       ; clk             ;
;  d[25]    ; clk        ; 7.515 ; 7.633 ; Rise       ; clk             ;
;  d[26]    ; clk        ; 8.298 ; 8.501 ; Rise       ; clk             ;
;  d[27]    ; clk        ; 6.502 ; 6.600 ; Rise       ; clk             ;
;  d[28]    ; clk        ; 7.834 ; 7.992 ; Rise       ; clk             ;
;  d[29]    ; clk        ; 8.053 ; 8.225 ; Rise       ; clk             ;
;  d[30]    ; clk        ; 7.022 ; 7.126 ; Rise       ; clk             ;
;  d[31]    ; clk        ; 6.473 ; 6.486 ; Rise       ; clk             ;
; flags[*]  ; clk        ; 5.938 ; 5.974 ; Rise       ; clk             ;
;  flags[0] ; clk        ; 6.408 ; 6.463 ; Rise       ; clk             ;
;  flags[1] ; clk        ; 6.375 ; 6.412 ; Rise       ; clk             ;
;  flags[2] ; clk        ; 5.938 ; 5.974 ; Rise       ; clk             ;
;  flags[3] ; clk        ; 6.473 ; 6.556 ; Rise       ; clk             ;
;  flags[4] ; clk        ; 5.958 ; 6.001 ; Rise       ; clk             ;
; out_valid ; clk        ; 6.225 ; 6.259 ; Rise       ; clk             ;
+-----------+------------+-------+-------+------------+-----------------+


----------------------------------------------
; Slow 1200mV 85C Model Metastability Report ;
----------------------------------------------
No synchronizer chains to report.


+--------------------------------------------------+
; Slow 1200mV 0C Model Fmax Summary                ;
+------------+-----------------+------------+------+
; Fmax       ; Restricted Fmax ; Clock Name ; Note ;
+------------+-----------------+------------+------+
; 116.43 MHz ; 116.43 MHz      ; clk        ;      ;
+------------+-----------------+------------+------+
This panel reports FMAX for every clock in the design, regardless of the user-specified clock periods.  FMAX is only computed for paths where the source and destination registers or ports are driven by the same clock.  Paths of different clocks, including generated clocks, are ignored.  For paths between a clock and its inversion, FMAX is computed as if the rising and falling edges are scaled along with FMAX, such that the duty cycle (in terms of a percentage) is maintained. Altera recommends that you always use clock constraints and other slack reports for sign-off analysis.


+------------------------------------+
; Slow 1200mV 0C Model Setup Summary ;
+-------+-------+--------------------+
; Clock ; Slack ; End Point TNS      ;
+-------+-------+--------------------+
; clk   ; 1.411 ; 0.000              ;
+-------+-------+--------------------+


+-----------------------------------+
; Slow 1200mV 0C Model Hold Summary ;
+-------+-------+-------------------+
; Clock ; Slack ; End Point TNS     ;
+-------+-------+-------------------+
; clk   ; 0.339 ; 0.000             ;
+-------+-------+-------------------+


+---------------------------------------+
; Slow 1200mV 0C Model Recovery Summary ;
+-------+-------+-----------------------+
; Clock ; Slack ; End Point TNS         ;
+-------+-------+-----------------------+
; clk   ; 7.372 ; 0.000                 ;
+-------+-------+-----------------------+


+--------------------------------------+
; Slow 1200mV 0C Model Removal Summary ;
+-------+-------+----------------------+
; Clock ; Slack ; End Point TNS        ;
+-------+-------+----------------------+
; clk   ; 1.862 ; 0.000                ;
+-------+-------+----------------------+


+--------------------------------------------------+
; Slow 1200mV 0C Model Minimum Pulse Width Summary ;
+-------+-------+----------------------------------+
; Clock ; Slack ; End Point TNS                    ;
+-------+-------+----------------------------------+
; clk   ; 4.698 ; 0.000                            ;
+-------+-------+----------------------------------+


+---------------------------------------------------------------------------------------------------------------------------------------------------------------+
; Slow 1200mV 0C Model Setup: 'clk'                                                                                                                             ;
+-------+---------------------------------------------+-----------------------------------+--------------+-------------+--------------+------------+------------+
; Slack ; From Node                                   ; To Node                           ; Launch Clock ; Latch Clock ; Relationship ; Clock Skew ; Data Delay ;
+-------+---------------------------------------------+-----------------------------------+--------------+-------------+--------------+------------+------------+
; 1.411 ; posit_pack:u_packer|g_rne.p1_guard_bit_q    ; posit_pack:u_packer|g_rne.d_q[31] ; clk          ; clk         ; 10.000       ; 0.207      ; 8.791      ;
; 1.418 ; posit_pack:u_packer|g_rne.p1_sticky_bit_q   ; posit_pack:u_packer|g_rne.d_q[31] ; clk          ; clk         ; 10.000       ; 0.207      ; 8.784      ;
; 1.496 ; posit_pack:u_packer|g_rne.p1_guard_bit_q    ; posit_pack:u_packer|g_rne.d_q[29] ; clk          ; clk         ; 10.000       ; 0.210      ; 8.709      ;
; 1.503 ; posit_pack:u_packer|g_rne.p1_sticky_bit_q   ; posit_pack:u_packer|g_rne.d_q[29] ; clk          ; clk         ; 10.000       ; 0.210      ; 8.702      ;
; 1.506 ; posit_pack:u_packer|g_rne.p1_mag_trunc_q[0] ; posit_pack:u_packer|g_rne.d_q[31] ; clk          ; clk         ; 10.000       ; 0.207      ; 8.696      ;
; 1.591 ; posit_pack:u_packer|g_rne.p1_mag_trunc_q[0] ; posit_pack:u_packer|g_rne.d_q[29] ; clk          ; clk         ; 10.000       ; 0.210      ; 8.614      ;
; 1.622 ; posit_pack:u_packer|g_rne.p1_round_bit_q    ; posit_pack:u_packer|g_rne.d_q[31] ; clk          ; clk         ; 10.000       ; 0.207      ; 8.580      ;
; 1.674 ; posit_pack:u_packer|g_rne.p1_guard_bit_q    ; posit_pack:u_packer|g_rne.d_q[26] ; clk          ; clk         ; 10.000       ; 0.209      ; 8.530      ;
; 1.681 ; posit_pack:u_packer|g_rne.p1_sticky_bit_q   ; posit_pack:u_packer|g_rne.d_q[26] ; clk          ; clk         ; 10.000       ; 0.209      ; 8.523      ;
; 1.686 ; posit_pack:u_packer|g_rne.p1_guard_bit_q    ; posit_pack:u_packer|g_rne.d_q[24] ; clk          ; clk         ; 10.000       ; 0.209      ; 8.518      ;
; 1.693 ; posit_pack:u_packer|g_rne.p1_sticky_bit_q   ; posit_pack:u_packer|g_rne.d_q[24] ; clk          ; clk         ; 10.000       ; 0.209      ; 8.511      ;
; 1.707 ; posit_pack:u_packer|g_rne.p1_round_bit_q    ; posit_pack:u_packer|g_rne.d_q[29] ; clk          ; clk         ; 10.000       ; 0.210      ; 8.498      ;
; 1.716 ; posit_pack:u_packer|g_rne.p1_guard_bit_q    ; posit_pack:u_packer|g_rne.d_q[30] ; clk          ; clk         ; 10.000       ; 0.210      ; 8.489      ;
; 1.723 ; posit_pack:u_packer|g_rne.p1_sticky_bit_q   ; posit_pack:u_packer|g_rne.d_q[30] ; clk          ; clk         ; 10.000       ; 0.210      ; 8.482      ;
; 1.742 ; posit_pack:u_packer|g_rne.p1_guard_bit_q    ; posit_pack:u_packer|g_rne.d_q[18] ; clk          ; clk         ; 10.000       ; 0.208      ; 8.461      ;
; 1.749 ; posit_pack:u_packer|g_rne.p1_sticky_bit_q   ; posit_pack:u_packer|g_rne.d_q[18] ; clk          ; clk         ; 10.000       ; 0.208      ; 8.454      ;
; 1.769 ; posit_pack:u_packer|g_rne.p1_mag_trunc_q[0] ; posit_pack:u_packer|g_rne.d_q[26] ; clk          ; clk         ; 10.000       ; 0.209      ; 8.435      ;
; 1.781 ; posit_pack:u_packer|g_rne.p1_mag_trunc_q[0] ; posit_pack:u_packer|g_rne.d_q[24] ; clk          ; clk         ; 10.000       ; 0.209      ; 8.423      ;
; 1.785 ; posit_pack:u_packer|g_rne.p1_guard_bit_q    ; posit_pack:u_packer|g_rne.d_q[20] ; clk          ; clk         ; 10.000       ; 0.209      ; 8.419      ;
; 1.792 ; posit_pack:u_packer|g_rne.p1_sticky_bit_q   ; posit_pack:u_packer|g_rne.d_q[20] ; clk          ; clk         ; 10.000       ; 0.209      ; 8.412      ;
; 1.803 ; posit_pack:u_packer|g_rne.p1_guard_bit_q    ; posit_pack:u_packer|g_rne.d_q[28] ; clk          ; clk         ; 10.000       ; 0.210      ; 8.402      ;
; 1.810 ; posit_pack:u_packer|g_rne.p1_sticky_bit_q   ; posit_pack:u_packer|g_rne.d_q[28] ; clk          ; clk         ; 10.000       ; 0.210      ; 8.395      ;
; 1.811 ; posit_pack:u_packer|g_rne.p1_mag_trunc_q[0] ; posit_pack:u_packer|g_rne.d_q[30] ; clk          ; clk         ; 10.000       ; 0.210      ; 8.394      ;
; 1.837 ; posit_pack:u_packer|g_rne.p1_mag_trunc_q[0] ; posit_pack:u_packer|g_rne.d_q[18] ; clk          ; clk         ; 10.000       ; 0.208      ; 8.366      ;
; 1.838 ; posit_pack:u_packer|g_rne.p1_guard_bit_q    ; posit_pack:u_packer|g_rne.d_q[27] ; clk          ; clk         ; 10.000       ; 0.214      ; 8.371      ;
; 1.845 ; posit_pack:u_packer|g_rne.p1_sticky_bit_q   ; posit_pack:u_packer|g_rne.d_q[27] ; clk          ; clk         ; 10.000       ; 0.214      ; 8.364      ;
; 1.880 ; posit_pack:u_packer|g_rne.p1_mag_trunc_q[0] ; posit_pack:u_packer|g_rne.d_q[20] ; clk          ; clk         ; 10.000       ; 0.209      ; 8.324      ;
; 1.881 ; posit_pack:u_packer|g_rne.p1_mag_trunc_q[4] ; posit_pack:u_packer|g_rne.d_q[31] ; clk          ; clk         ; 10.000       ; 0.230      ; 8.344      ;
; 1.885 ; posit_pack:u_packer|g_rne.p1_round_bit_q    ; posit_pack:u_packer|g_rne.d_q[26] ; clk          ; clk         ; 10.000       ; 0.209      ; 8.319      ;
; 1.890 ; posit_pack:u_packer|g_rne.p1_guard_bit_q    ; posit_pack:u_packer|g_rne.d_q[22] ; clk          ; clk         ; 10.000       ; 0.209      ; 8.314      ;
; 1.897 ; posit_pack:u_packer|g_rne.p1_round_bit_q    ; posit_pack:u_packer|g_rne.d_q[24] ; clk          ; clk         ; 10.000       ; 0.209      ; 8.307      ;
; 1.897 ; posit_pack:u_packer|g_rne.p1_sticky_bit_q   ; posit_pack:u_packer|g_rne.d_q[22] ; clk          ; clk         ; 10.000       ; 0.209      ; 8.307      ;
; 1.898 ; posit_pack:u_packer|g_rne.p1_mag_trunc_q[0] ; posit_pack:u_packer|g_rne.d_q[28] ; clk          ; clk         ; 10.000       ; 0.210      ; 8.307      ;
; 1.910 ; posit_pack:u_packer|g_rne.p1_mag_trunc_q[5] ; posit_pack:u_packer|g_rne.d_q[31] ; clk          ; clk         ; 10.000       ; 0.230      ; 8.315      ;
; 1.927 ; posit_pack:u_packer|g_rne.p1_round_bit_q    ; posit_pack:u_packer|g_rne.d_q[30] ; clk          ; clk         ; 10.000       ; 0.210      ; 8.278      ;
; 1.933 ; posit_pack:u_packer|g_rne.p1_mag_trunc_q[0] ; posit_pack:u_packer|g_rne.d_q[27] ; clk          ; clk         ; 10.000       ; 0.214      ; 8.276      ;
; 1.939 ; posit_pack:u_packer|g_rne.p1_guard_bit_q    ; posit_pack:u_packer|g_rne.d_q[25] ; clk          ; clk         ; 10.000       ; 0.214      ; 8.270      ;
; 1.946 ; posit_pack:u_packer|g_rne.p1_sticky_bit_q   ; posit_pack:u_packer|g_rne.d_q[25] ; clk          ; clk         ; 10.000       ; 0.214      ; 8.263      ;
; 1.953 ; posit_pack:u_packer|g_rne.p1_round_bit_q    ; posit_pack:u_packer|g_rne.d_q[18] ; clk          ; clk         ; 10.000       ; 0.208      ; 8.250      ;
; 1.954 ; posit_pack:u_packer|g_rne.p1_guard_bit_q    ; posit_pack:u_packer|g_rne.d_q[17] ; clk          ; clk         ; 10.000       ; 0.208      ; 8.249      ;
; 1.961 ; posit_pack:u_packer|g_rne.p1_sticky_bit_q   ; posit_pack:u_packer|g_rne.d_q[17] ; clk          ; clk         ; 10.000       ; 0.208      ; 8.242      ;
; 1.966 ; posit_pack:u_packer|g_rne.p1_mag_trunc_q[4] ; posit_pack:u_packer|g_rne.d_q[29] ; clk          ; clk         ; 10.000       ; 0.233      ; 8.262      ;
; 1.985 ; posit_pack:u_packer|g_rne.p1_mag_trunc_q[0] ; posit_pack:u_packer|g_rne.d_q[22] ; clk          ; clk         ; 10.000       ; 0.209      ; 8.219      ;
; 1.995 ; posit_pack:u_packer|g_rne.p1_mag_trunc_q[5] ; posit_pack:u_packer|g_rne.d_q[29] ; clk          ; clk         ; 10.000       ; 0.233      ; 8.233      ;
; 1.996 ; posit_pack:u_packer|g_rne.p1_round_bit_q    ; posit_pack:u_packer|g_rne.d_q[20] ; clk          ; clk         ; 10.000       ; 0.209      ; 8.208      ;
; 2.006 ; posit_pack:u_packer|g_rne.p1_guard_bit_q    ; posit_pack:u_packer|g_rne.d_q[19] ; clk          ; clk         ; 10.000       ; 0.233      ; 8.222      ;
; 2.013 ; posit_pack:u_packer|g_rne.p1_sticky_bit_q   ; posit_pack:u_packer|g_rne.d_q[19] ; clk          ; clk         ; 10.000       ; 0.233      ; 8.215      ;
; 2.014 ; posit_pack:u_packer|g_rne.p1_round_bit_q    ; posit_pack:u_packer|g_rne.d_q[28] ; clk          ; clk         ; 10.000       ; 0.210      ; 8.191      ;
; 2.016 ; posit_pack:u_packer|g_rne.p1_guard_bit_q    ; posit_pack:u_packer|g_rne.d_q[16] ; clk          ; clk         ; 10.000       ; 0.210      ; 8.189      ;
; 2.023 ; posit_pack:u_packer|g_rne.p1_sticky_bit_q   ; posit_pack:u_packer|g_rne.d_q[16] ; clk          ; clk         ; 10.000       ; 0.210      ; 8.182      ;
; 2.026 ; posit_pack:u_packer|g_rne.p1_guard_bit_q    ; posit_pack:u_packer|g_rne.d_q[23] ; clk          ; clk         ; 10.000       ; 0.214      ; 8.183      ;
; 2.033 ; posit_pack:u_packer|g_rne.p1_sticky_bit_q   ; posit_pack:u_packer|g_rne.d_q[23] ; clk          ; clk         ; 10.000       ; 0.214      ; 8.176      ;
; 2.034 ; posit_pack:u_packer|g_rne.p1_mag_trunc_q[0] ; posit_pack:u_packer|g_rne.d_q[25] ; clk          ; clk         ; 10.000       ; 0.214      ; 8.175      ;
; 2.049 ; posit_pack:u_packer|g_rne.p1_round_bit_q    ; posit_pack:u_packer|g_rne.d_q[27] ; clk          ; clk         ; 10.000       ; 0.214      ; 8.160      ;
; 2.049 ; posit_pack:u_packer|g_rne.p1_mag_trunc_q[0] ; posit_pack:u_packer|g_rne.d_q[17] ; clk          ; clk         ; 10.000       ; 0.208      ; 8.154      ;
; 2.101 ; posit_pack:u_packer|g_rne.p1_round_bit_q    ; posit_pack:u_packer|g_rne.d_q[22] ; clk          ; clk         ; 10.000       ; 0.209      ; 8.103      ;
; 2.101 ; posit_pack:u_packer|g_rne.p1_mag_trunc_q[0] ; posit_pack:u_packer|g_rne.d_q[19] ; clk          ; clk         ; 10.000       ; 0.233      ; 8.127      ;
; 2.108 ; posit_pack:u_packer|g_rne.p1_mag_trunc_q[1] ; posit_pack:u_packer|g_rne.d_q[31] ; clk          ; clk         ; 10.000       ; 0.230      ; 8.117      ;
; 2.111 ; posit_pack:u_packer|g_rne.p1_mag_trunc_q[0] ; posit_pack:u_packer|g_rne.d_q[16] ; clk          ; clk         ; 10.000       ; 0.210      ; 8.094      ;
; 2.120 ; posit_pack:u_packer|g_rne.p1_guard_bit_q    ; posit_pack:u_packer|g_rne.d_q[21] ; clk          ; clk         ; 10.000       ; 0.214      ; 8.089      ;
; 2.121 ; posit_pack:u_packer|g_rne.p1_mag_trunc_q[0] ; posit_pack:u_packer|g_rne.d_q[23] ; clk          ; clk         ; 10.000       ; 0.214      ; 8.088      ;
; 2.127 ; posit_pack:u_packer|g_rne.p1_sticky_bit_q   ; posit_pack:u_packer|g_rne.d_q[21] ; clk          ; clk         ; 10.000       ; 0.214      ; 8.082      ;
; 2.138 ; posit_pack:u_packer|g_rne.p1_guard_bit_q    ; posit_pack:u_packer|g_rne.d_q[15] ; clk          ; clk         ; 10.000       ; 0.206      ; 8.063      ;
; 2.144 ; posit_pack:u_packer|g_rne.p1_mag_trunc_q[4] ; posit_pack:u_packer|g_rne.d_q[26] ; clk          ; clk         ; 10.000       ; 0.232      ; 8.083      ;
; 2.145 ; posit_pack:u_packer|g_rne.p1_sticky_bit_q   ; posit_pack:u_packer|g_rne.d_q[15] ; clk          ; clk         ; 10.000       ; 0.206      ; 8.056      ;
; 2.148 ; posit_pack:u_packer|g_rne.p1_guard_bit_q    ; posit_pack:u_packer|g_rne.d_q[13] ; clk          ; clk         ; 10.000       ; 0.233      ; 8.080      ;
; 2.150 ; posit_pack:u_packer|g_rne.p1_round_bit_q    ; posit_pack:u_packer|g_rne.d_q[25] ; clk          ; clk         ; 10.000       ; 0.214      ; 8.059      ;
; 2.152 ; posit_pack:u_packer|g_rne.p1_guard_bit_q    ; posit_pack:u_packer|g_rne.d_q[6]  ; clk          ; clk         ; 10.000       ; 0.208      ; 8.051      ;
; 2.155 ; posit_pack:u_packer|g_rne.p1_sticky_bit_q   ; posit_pack:u_packer|g_rne.d_q[13] ; clk          ; clk         ; 10.000       ; 0.233      ; 8.073      ;
; 2.156 ; posit_pack:u_packer|g_rne.p1_mag_trunc_q[4] ; posit_pack:u_packer|g_rne.d_q[24] ; clk          ; clk         ; 10.000       ; 0.232      ; 8.071      ;
; 2.159 ; posit_pack:u_packer|g_rne.p1_sticky_bit_q   ; posit_pack:u_packer|g_rne.d_q[6]  ; clk          ; clk         ; 10.000       ; 0.208      ; 8.044      ;
; 2.165 ; posit_pack:u_packer|g_rne.p1_round_bit_q    ; posit_pack:u_packer|g_rne.d_q[17] ; clk          ; clk         ; 10.000       ; 0.208      ; 8.038      ;
; 2.186 ; posit_pack:u_packer|g_rne.p1_mag_trunc_q[4] ; posit_pack:u_packer|g_rne.d_q[30] ; clk          ; clk         ; 10.000       ; 0.233      ; 8.042      ;
; 2.193 ; posit_pack:u_packer|g_rne.p1_mag_trunc_q[1] ; posit_pack:u_packer|g_rne.d_q[29] ; clk          ; clk         ; 10.000       ; 0.233      ; 8.035      ;
; 2.194 ; posit_pack:u_packer|g_rne.p1_mag_trunc_q[2] ; posit_pack:u_packer|g_rne.d_q[31] ; clk          ; clk         ; 10.000       ; 0.230      ; 8.031      ;
; 2.201 ; posit_pack:u_packer|g_rne.p1_mag_trunc_q[5] ; posit_pack:u_packer|g_rne.d_q[26] ; clk          ; clk         ; 10.000       ; 0.232      ; 8.026      ;
; 2.205 ; posit_pack:u_packer|g_rne.p1_mag_trunc_q[3] ; posit_pack:u_packer|g_rne.d_q[31] ; clk          ; clk         ; 10.000       ; 0.230      ; 8.020      ;
; 2.212 ; posit_pack:u_packer|g_rne.p1_mag_trunc_q[4] ; posit_pack:u_packer|g_rne.d_q[18] ; clk          ; clk         ; 10.000       ; 0.231      ; 8.014      ;
; 2.213 ; posit_pack:u_packer|g_rne.p1_mag_trunc_q[5] ; posit_pack:u_packer|g_rne.d_q[24] ; clk          ; clk         ; 10.000       ; 0.232      ; 8.014      ;
; 2.215 ; posit_pack:u_packer|g_rne.p1_mag_trunc_q[0] ; posit_pack:u_packer|g_rne.d_q[21] ; clk          ; clk         ; 10.000       ; 0.214      ; 7.994      ;
; 2.217 ; posit_pack:u_packer|g_rne.p1_round_bit_q    ; posit_pack:u_packer|g_rne.d_q[19] ; clk          ; clk         ; 10.000       ; 0.233      ; 8.011      ;
; 2.227 ; posit_pack:u_packer|g_rne.p1_round_bit_q    ; posit_pack:u_packer|g_rne.d_q[16] ; clk          ; clk         ; 10.000       ; 0.210      ; 7.978      ;
; 2.233 ; posit_pack:u_packer|g_rne.p1_mag_trunc_q[0] ; posit_pack:u_packer|g_rne.d_q[15] ; clk          ; clk         ; 10.000       ; 0.206      ; 7.968      ;
; 2.237 ; posit_pack:u_packer|g_rne.p1_round_bit_q    ; posit_pack:u_packer|g_rne.d_q[23] ; clk          ; clk         ; 10.000       ; 0.214      ; 7.972      ;
; 2.240 ; posit_pack:u_packer|g_rne.p1_guard_bit_q    ; posit_pack:u_packer|g_rne.d_q[14] ; clk          ; clk         ; 10.000       ; 0.208      ; 7.963      ;
; 2.243 ; posit_pack:u_packer|g_rne.p1_mag_trunc_q[5] ; posit_pack:u_packer|g_rne.d_q[30] ; clk          ; clk         ; 10.000       ; 0.233      ; 7.985      ;
; 2.243 ; posit_pack:u_packer|g_rne.p1_mag_trunc_q[0] ; posit_pack:u_packer|g_rne.d_q[13] ; clk          ; clk         ; 10.000       ; 0.233      ; 7.985      ;
; 2.247 ; posit_pack:u_packer|g_rne.p1_mag_trunc_q[0] ; posit_pack:u_packer|g_rne.d_q[6]  ; clk          ; clk         ; 10.000       ; 0.208      ; 7.956      ;
; 2.247 ; posit_pack:u_packer|g_rne.p1_sticky_bit_q   ; posit_pack:u_packer|g_rne.d_q[14] ; clk          ; clk         ; 10.000       ; 0.208      ; 7.956      ;
; 2.255 ; posit_pack:u_packer|g_rne.p1_mag_trunc_q[4] ; posit_pack:u_packer|g_rne.d_q[20] ; clk          ; clk         ; 10.000       ; 0.232      ; 7.972      ;
; 2.261 ; posit_pack:u_packer|g_rne.p1_mag_trunc_q[5] ; posit_pack:u_packer|g_rne.d_q[18] ; clk          ; clk         ; 10.000       ; 0.231      ; 7.965      ;
; 2.273 ; posit_pack:u_packer|g_rne.p1_mag_trunc_q[4] ; posit_pack:u_packer|g_rne.d_q[28] ; clk          ; clk         ; 10.000       ; 0.233      ; 7.955      ;
; 2.277 ; posit_pack:u_packer|g_rne.p1_guard_bit_q    ; posit_pack:u_packer|g_rne.d_q[8]  ; clk          ; clk         ; 10.000       ; 0.208      ; 7.926      ;
; 2.279 ; posit_pack:u_packer|g_rne.p1_mag_trunc_q[2] ; posit_pack:u_packer|g_rne.d_q[29] ; clk          ; clk         ; 10.000       ; 0.233      ; 7.949      ;
; 2.284 ; posit_pack:u_packer|g_rne.p1_sticky_bit_q   ; posit_pack:u_packer|g_rne.d_q[8]  ; clk          ; clk         ; 10.000       ; 0.208      ; 7.919      ;
; 2.290 ; posit_pack:u_packer|g_rne.p1_mag_trunc_q[3] ; posit_pack:u_packer|g_rne.d_q[29] ; clk          ; clk         ; 10.000       ; 0.233      ; 7.938      ;
; 2.294 ; posit_pack:u_packer|g_rne.p1_mag_trunc_q[5] ; posit_pack:u_packer|g_rne.d_q[20] ; clk          ; clk         ; 10.000       ; 0.232      ; 7.933      ;
; 2.308 ; posit_pack:u_packer|g_rne.p1_mag_trunc_q[4] ; posit_pack:u_packer|g_rne.d_q[27] ; clk          ; clk         ; 10.000       ; 0.237      ; 7.924      ;
; 2.322 ; posit_pack:u_packer|g_rne.p1_guard_bit_q    ; posit_pack:u_packer|g_rne.d_q[12] ; clk          ; clk         ; 10.000       ; 0.208      ; 7.881      ;
; 2.329 ; posit_pack:u_packer|g_rne.p1_sticky_bit_q   ; posit_pack:u_packer|g_rne.d_q[12] ; clk          ; clk         ; 10.000       ; 0.208      ; 7.874      ;
+-------+---------------------------------------------+-----------------------------------+--------------+-------------+--------------+------------+------------+


+-----------------------------------------------------------------------------------------------------------------------------------------------------------------------------+
; Slow 1200mV 0C Model Hold: 'clk'                                                                                                                                            ;
+-------+-----------------------------------------------+-----------------------------------------------+--------------+-------------+--------------+------------+------------+
; Slack ; From Node                                     ; To Node                                       ; Launch Clock ; Latch Clock ; Relationship ; Clock Skew ; Data Delay ;
+-------+-----------------------------------------------+-----------------------------------------------+--------------+-------------+--------------+------------+------------+
; 0.339 ; packer_ppa_boundary:u_boundary|meta_sync1     ; packer_ppa_boundary:u_boundary|meta_sync2     ; clk          ; clk         ; 0.000        ; 0.055      ; 0.538      ;
; 0.340 ; packer_ppa_boundary:u_boundary|sign_q         ; posit_pack:u_packer|g_rne.p1_sign_q           ; clk          ; clk         ; 0.000        ; 0.054      ; 0.538      ;
; 0.341 ; packer_ppa_boundary:u_boundary|flags_in_q[0]  ; posit_pack:u_packer|g_rne.p1_flags_q[0]       ; clk          ; clk         ; 0.000        ; 0.054      ; 0.539      ;
; 0.364 ; packer_ppa_boundary:u_boundary|is_nar_q       ; posit_pack:u_packer|g_rne.p1_special_sel_q[2] ; clk          ; clk         ; 0.000        ; 0.054      ; 0.562      ;
; 0.387 ; posit_pack:u_packer|g_rne.p1_flags_q[4]       ; posit_pack:u_packer|g_rne.flags_q[4]          ; clk          ; clk         ; 0.000        ; 0.380      ; 0.911      ;
; 0.394 ; posit_pack:u_packer|g_rne.p1_flags_q[3]       ; posit_pack:u_packer|g_rne.flags_q[3]          ; clk          ; clk         ; 0.000        ; 0.380      ; 0.918      ;
; 0.452 ; packer_ppa_boundary:u_boundary|flags_in_q[4]  ; posit_pack:u_packer|g_rne.p1_special_sel_q[0] ; clk          ; clk         ; 0.000        ; 0.054      ; 0.650      ;
; 0.455 ; packer_ppa_boundary:u_boundary|flags_in_q[4]  ; posit_pack:u_packer|g_rne.p1_flags_q[0]       ; clk          ; clk         ; 0.000        ; 0.054      ; 0.653      ;
; 0.460 ; packer_ppa_boundary:u_boundary|flags_in_q[4]  ; posit_pack:u_packer|g_rne.p1_special_sel_q[1] ; clk          ; clk         ; 0.000        ; 0.054      ; 0.658      ;
; 0.463 ; posit_pack:u_packer|g_rne.p1_sign_q           ; posit_pack:u_packer|g_rne.d_q[31]             ; clk          ; clk         ; 0.000        ; 0.352      ; 0.959      ;
; 0.468 ; posit_pack:u_packer|g_rne.p1_special_sel_q[2] ; posit_pack:u_packer|g_rne.flags_q[2]          ; clk          ; clk         ; 0.000        ; 0.355      ; 0.967      ;
; 0.468 ; packer_ppa_boundary:u_boundary|is_zero_q      ; posit_pack:u_packer|g_rne.p1_special_sel_q[2] ; clk          ; clk         ; 0.000        ; 0.054      ; 0.666      ;
; 0.469 ; packer_ppa_boundary:u_boundary|is_zero_q      ; posit_pack:u_packer|g_rne.p1_flags_q[2]       ; clk          ; clk         ; 0.000        ; 0.054      ; 0.667      ;
; 0.473 ; packer_ppa_boundary:u_boundary|flags_in_q[3]  ; posit_pack:u_packer|g_rne.p1_flags_q[3]       ; clk          ; clk         ; 0.000        ; 0.055      ; 0.672      ;
; 0.484 ; packer_ppa_boundary:u_boundary|flags_in_q[2]  ; posit_pack:u_packer|g_rne.p1_flags_q[2]       ; clk          ; clk         ; 0.000        ; 0.055      ; 0.683      ;
; 0.504 ; posit_pack:u_packer|g_rne.p1_flags_q[2]       ; posit_pack:u_packer|g_rne.flags_q[2]          ; clk          ; clk         ; 0.000        ; 0.355      ; 1.003      ;
; 0.510 ; posit_pack:u_packer|g_rne.p1_special_sel_q[1] ; posit_pack:u_packer|g_rne.flags_q[4]          ; clk          ; clk         ; 0.000        ; 0.380      ; 1.034      ;
; 0.511 ; posit_pack:u_packer|g_rne.p1_special_sel_q[1] ; posit_pack:u_packer|g_rne.flags_q[3]          ; clk          ; clk         ; 0.000        ; 0.380      ; 1.035      ;
; 0.519 ; posit_pack:u_packer|g_rne.p1_special_sel_q[1] ; posit_pack:u_packer|g_rne.d_q[19]             ; clk          ; clk         ; 0.000        ; 0.380      ; 1.043      ;
; 0.521 ; posit_pack:u_packer|g_rne.p1_special_sel_q[1] ; posit_pack:u_packer|g_rne.d_q[13]             ; clk          ; clk         ; 0.000        ; 0.380      ; 1.045      ;
; 0.524 ; posit_pack:u_packer|g_rne.p1_flags_q[0]       ; posit_pack:u_packer|g_rne.flags_q[0]          ; clk          ; clk         ; 0.000        ; 0.355      ; 1.023      ;
; 0.534 ; packer_ppa_boundary:u_boundary|is_nar_q       ; posit_pack:u_packer|g_rne.p1_special_sel_q[1] ; clk          ; clk         ; 0.000        ; 0.054      ; 0.732      ;
; 0.538 ; posit_pack:u_packer|g_rne.p1_special_sel_q[2] ; posit_pack:u_packer|g_rne.flags_q[1]          ; clk          ; clk         ; 0.000        ; 0.380      ; 1.062      ;
; 0.549 ; packer_ppa_boundary:u_boundary|is_nar_q       ; posit_pack:u_packer|g_rne.p1_flags_q[0]       ; clk          ; clk         ; 0.000        ; 0.054      ; 0.747      ;
; 0.559 ; packer_ppa_boundary:u_boundary|is_zero_q      ; posit_pack:u_packer|g_rne.p1_special_sel_q[0] ; clk          ; clk         ; 0.000        ; 0.054      ; 0.757      ;
; 0.562 ; packer_ppa_boundary:u_boundary|is_nar_q       ; posit_pack:u_packer|g_rne.p1_special_sel_q[0] ; clk          ; clk         ; 0.000        ; 0.054      ; 0.760      ;
; 0.570 ; posit_pack:u_packer|g_rne.p1_special_sel_q[0] ; posit_pack:u_packer|g_rne.d_q[2]              ; clk          ; clk         ; 0.000        ; 0.355      ; 1.069      ;
; 0.572 ; posit_pack:u_packer|g_rne.p1_special_sel_q[0] ; posit_pack:u_packer|g_rne.d_q[1]              ; clk          ; clk         ; 0.000        ; 0.355      ; 1.071      ;
; 0.572 ; posit_pack:u_packer|g_rne.p1_special_sel_q[0] ; posit_pack:u_packer|g_rne.d_q[4]              ; clk          ; clk         ; 0.000        ; 0.355      ; 1.071      ;
; 0.599 ; posit_pack:u_packer|g_rne.p1_special_sel_q[1] ; posit_pack:u_packer|g_rne.flags_q[1]          ; clk          ; clk         ; 0.000        ; 0.380      ; 1.123      ;
; 0.604 ; packer_ppa_boundary:u_boundary|flags_in_q[4]  ; posit_pack:u_packer|g_rne.p1_special_sel_q[2] ; clk          ; clk         ; 0.000        ; 0.054      ; 0.802      ;
; 0.608 ; posit_pack:u_packer|g_rne.p1_special_sel_q[0] ; posit_pack:u_packer|g_rne.flags_q[1]          ; clk          ; clk         ; 0.000        ; 0.380      ; 1.132      ;
; 0.611 ; posit_pack:u_packer|g_rne.p1_special_sel_q[2] ; posit_pack:u_packer|g_rne.d_q[19]             ; clk          ; clk         ; 0.000        ; 0.380      ; 1.135      ;
; 0.615 ; posit_pack:u_packer|g_rne.p1_special_sel_q[2] ; posit_pack:u_packer|g_rne.d_q[13]             ; clk          ; clk         ; 0.000        ; 0.380      ; 1.139      ;
; 0.617 ; packer_ppa_boundary:u_boundary|is_zero_q      ; posit_pack:u_packer|g_rne.p1_special_sel_q[1] ; clk          ; clk         ; 0.000        ; 0.054      ; 0.815      ;
; 0.621 ; posit_pack:u_packer|g_rne.p1_special_sel_q[0] ; posit_pack:u_packer|g_rne.flags_q[3]          ; clk          ; clk         ; 0.000        ; 0.380      ; 1.145      ;
; 0.624 ; posit_pack:u_packer|g_rne.d_q[6]              ; packer_ppa_boundary:u_boundary|d[6]           ; clk          ; clk         ; 0.000        ; -0.231     ; 0.537      ;
; 0.625 ; posit_pack:u_packer|g_rne.d_q[30]             ; packer_ppa_boundary:u_boundary|d[30]          ; clk          ; clk         ; 0.000        ; -0.232     ; 0.537      ;
; 0.625 ; posit_pack:u_packer|g_rne.p1_special_sel_q[0] ; posit_pack:u_packer|g_rne.d_q[19]             ; clk          ; clk         ; 0.000        ; 0.380      ; 1.149      ;
; 0.626 ; posit_pack:u_packer|g_rne.d_q[8]              ; packer_ppa_boundary:u_boundary|d[8]           ; clk          ; clk         ; 0.000        ; -0.231     ; 0.539      ;
; 0.626 ; posit_pack:u_packer|g_rne.d_q[31]             ; packer_ppa_boundary:u_boundary|d[31]          ; clk          ; clk         ; 0.000        ; -0.232     ; 0.538      ;
; 0.627 ; posit_pack:u_packer|g_rne.d_q[9]              ; packer_ppa_boundary:u_boundary|d[9]           ; clk          ; clk         ; 0.000        ; -0.232     ; 0.539      ;
; 0.627 ; posit_pack:u_packer|g_rne.d_q[14]             ; packer_ppa_boundary:u_boundary|d[14]          ; clk          ; clk         ; 0.000        ; -0.232     ; 0.539      ;
; 0.627 ; posit_pack:u_packer|g_rne.d_q[22]             ; packer_ppa_boundary:u_boundary|d[22]          ; clk          ; clk         ; 0.000        ; -0.232     ; 0.539      ;
; 0.627 ; posit_pack:u_packer|g_rne.d_q[24]             ; packer_ppa_boundary:u_boundary|d[24]          ; clk          ; clk         ; 0.000        ; -0.232     ; 0.539      ;
; 0.627 ; posit_pack:u_packer|g_rne.p1_special_sel_q[2] ; posit_pack:u_packer|g_rne.flags_q[4]          ; clk          ; clk         ; 0.000        ; 0.380      ; 1.151      ;
; 0.628 ; posit_pack:u_packer|g_rne.d_q[12]             ; packer_ppa_boundary:u_boundary|d[12]          ; clk          ; clk         ; 0.000        ; -0.232     ; 0.540      ;
; 0.628 ; posit_pack:u_packer|g_rne.d_q[28]             ; packer_ppa_boundary:u_boundary|d[28]          ; clk          ; clk         ; 0.000        ; -0.232     ; 0.540      ;
; 0.628 ; posit_pack:u_packer|g_rne.d_q[29]             ; packer_ppa_boundary:u_boundary|d[29]          ; clk          ; clk         ; 0.000        ; -0.232     ; 0.540      ;
; 0.628 ; posit_pack:u_packer|g_rne.p1_special_sel_q[0] ; posit_pack:u_packer|g_rne.d_q[13]             ; clk          ; clk         ; 0.000        ; 0.380      ; 1.152      ;
; 0.629 ; posit_pack:u_packer|g_rne.d_q[1]              ; packer_ppa_boundary:u_boundary|d[1]           ; clk          ; clk         ; 0.000        ; -0.232     ; 0.541      ;
; 0.631 ; posit_pack:u_packer|g_rne.d_q[27]             ; packer_ppa_boundary:u_boundary|d[27]          ; clk          ; clk         ; 0.000        ; -0.236     ; 0.539      ;
; 0.635 ; posit_pack:u_packer|g_rne.p1_special_sel_q[0] ; posit_pack:u_packer|g_rne.flags_q[4]          ; clk          ; clk         ; 0.000        ; 0.380      ; 1.159      ;
; 0.636 ; posit_pack:u_packer|g_rne.p1_flags_q[1]       ; posit_pack:u_packer|g_rne.flags_q[1]          ; clk          ; clk         ; 0.000        ; 0.383      ; 1.163      ;
; 0.639 ; posit_pack:u_packer|g_rne.p1_special_sel_q[2] ; posit_pack:u_packer|g_rne.flags_q[3]          ; clk          ; clk         ; 0.000        ; 0.380      ; 1.163      ;
; 0.643 ; posit_pack:u_packer|g_rne.p1_special_sel_q[2] ; posit_pack:u_packer|g_rne.d_q[22]             ; clk          ; clk         ; 0.000        ; 0.355      ; 1.142      ;
; 0.645 ; posit_pack:u_packer|g_rne.p1_special_sel_q[2] ; posit_pack:u_packer|g_rne.d_q[24]             ; clk          ; clk         ; 0.000        ; 0.355      ; 1.144      ;
; 0.646 ; posit_pack:u_packer|g_rne.p1_special_sel_q[2] ; posit_pack:u_packer|g_rne.d_q[26]             ; clk          ; clk         ; 0.000        ; 0.355      ; 1.145      ;
; 0.650 ; posit_pack:u_packer|g_rne.flags_q[4]          ; packer_ppa_boundary:u_boundary|flags[4]       ; clk          ; clk         ; 0.000        ; -0.256     ; 0.538      ;
; 0.652 ; posit_pack:u_packer|g_rne.flags_q[1]          ; packer_ppa_boundary:u_boundary|flags[1]       ; clk          ; clk         ; 0.000        ; -0.256     ; 0.540      ;
; 0.653 ; posit_pack:u_packer|g_rne.d_q[13]             ; packer_ppa_boundary:u_boundary|d[13]          ; clk          ; clk         ; 0.000        ; -0.256     ; 0.541      ;
; 0.654 ; posit_pack:u_packer|g_rne.p1_special_sel_q[1] ; posit_pack:u_packer|g_rne.d_q[2]              ; clk          ; clk         ; 0.000        ; 0.355      ; 1.153      ;
; 0.659 ; posit_pack:u_packer|g_rne.p1_special_sel_q[1] ; posit_pack:u_packer|g_rne.d_q[4]              ; clk          ; clk         ; 0.000        ; 0.355      ; 1.158      ;
; 0.659 ; posit_pack:u_packer|g_rne.p1_special_sel_q[1] ; posit_pack:u_packer|g_rne.d_q[1]              ; clk          ; clk         ; 0.000        ; 0.355      ; 1.158      ;
; 0.663 ; posit_pack:u_packer|g_rne.p1_special_sel_q[2] ; posit_pack:u_packer|g_rne.d_q[2]              ; clk          ; clk         ; 0.000        ; 0.355      ; 1.162      ;
; 0.667 ; posit_pack:u_packer|g_rne.p1_special_sel_q[2] ; posit_pack:u_packer|g_rne.d_q[4]              ; clk          ; clk         ; 0.000        ; 0.355      ; 1.166      ;
; 0.667 ; posit_pack:u_packer|g_rne.p1_special_sel_q[2] ; posit_pack:u_packer|g_rne.d_q[1]              ; clk          ; clk         ; 0.000        ; 0.355      ; 1.166      ;
; 0.668 ; packer_ppa_boundary:u_boundary|is_nar_q       ; posit_pack:u_packer|g_rne.p1_flags_q[4]       ; clk          ; clk         ; 0.000        ; 0.054      ; 0.866      ;
; 0.678 ; posit_pack:u_packer|g_rne.p1_special_sel_q[0] ; posit_pack:u_packer|g_rne.d_q[5]              ; clk          ; clk         ; 0.000        ; 0.352      ; 1.174      ;
; 0.678 ; posit_pack:u_packer|g_rne.p1_special_sel_q[0] ; posit_pack:u_packer|g_rne.d_q[7]              ; clk          ; clk         ; 0.000        ; 0.352      ; 1.174      ;
; 0.678 ; posit_pack:u_packer|g_rne.p1_special_sel_q[0] ; posit_pack:u_packer|g_rne.d_q[9]              ; clk          ; clk         ; 0.000        ; 0.352      ; 1.174      ;
; 0.678 ; posit_pack:u_packer|g_rne.p1_special_sel_q[0] ; posit_pack:u_packer|g_rne.d_q[11]             ; clk          ; clk         ; 0.000        ; 0.352      ; 1.174      ;
; 0.678 ; posit_pack:u_packer|g_rne.p1_special_sel_q[0] ; posit_pack:u_packer|g_rne.d_q[15]             ; clk          ; clk         ; 0.000        ; 0.352      ; 1.174      ;
; 0.680 ; posit_pack:u_packer|g_rne.p1_special_sel_q[2] ; posit_pack:u_packer|g_rne.d_q[20]             ; clk          ; clk         ; 0.000        ; 0.355      ; 1.179      ;
; 0.681 ; posit_pack:u_packer|g_rne.p1_special_sel_q[0] ; posit_pack:u_packer|g_rne.d_q[3]              ; clk          ; clk         ; 0.000        ; 0.352      ; 1.177      ;
; 0.682 ; posit_pack:u_packer|g_rne.p1_special_sel_q[2] ; posit_pack:u_packer|g_rne.flags_q[0]          ; clk          ; clk         ; 0.000        ; 0.355      ; 1.181      ;
; 0.685 ; posit_pack:u_packer|g_rne.p1_special_sel_q[0] ; posit_pack:u_packer|g_rne.flags_q[0]          ; clk          ; clk         ; 0.000        ; 0.355      ; 1.184      ;
; 0.686 ; posit_pack:u_packer|g_rne.p1_special_sel_q[0] ; posit_pack:u_packer|g_rne.flags_q[2]          ; clk          ; clk         ; 0.000        ; 0.355      ; 1.185      ;
; 0.689 ; posit_pack:u_packer|g_rne.p1_special_sel_q[0] ; posit_pack:u_packer|g_rne.d_q[22]             ; clk          ; clk         ; 0.000        ; 0.355      ; 1.188      ;
; 0.690 ; posit_pack:u_packer|g_rne.p1_special_sel_q[0] ; posit_pack:u_packer|g_rne.d_q[24]             ; clk          ; clk         ; 0.000        ; 0.355      ; 1.189      ;
; 0.694 ; posit_pack:u_packer|g_rne.p1_special_sel_q[0] ; posit_pack:u_packer|g_rne.d_q[26]             ; clk          ; clk         ; 0.000        ; 0.355      ; 1.193      ;
; 0.719 ; posit_pack:u_packer|g_rne.p1_special_sel_q[0] ; posit_pack:u_packer|g_rne.d_q[20]             ; clk          ; clk         ; 0.000        ; 0.355      ; 1.218      ;
; 0.752 ; posit_pack:u_packer|g_rne.d_q[0]              ; packer_ppa_boundary:u_boundary|d[0]           ; clk          ; clk         ; 0.000        ; -0.231     ; 0.665      ;
; 0.752 ; posit_pack:u_packer|g_rne.d_q[2]              ; packer_ppa_boundary:u_boundary|d[2]           ; clk          ; clk         ; 0.000        ; -0.232     ; 0.664      ;
; 0.752 ; posit_pack:u_packer|g_rne.d_q[18]             ; packer_ppa_boundary:u_boundary|d[18]          ; clk          ; clk         ; 0.000        ; -0.231     ; 0.665      ;
; 0.753 ; posit_pack:u_packer|g_rne.d_q[3]              ; packer_ppa_boundary:u_boundary|d[3]           ; clk          ; clk         ; 0.000        ; -0.232     ; 0.665      ;
; 0.754 ; posit_pack:u_packer|g_rne.d_q[11]             ; packer_ppa_boundary:u_boundary|d[11]          ; clk          ; clk         ; 0.000        ; -0.232     ; 0.666      ;
; 0.755 ; posit_pack:u_packer|g_rne.d_q[20]             ; packer_ppa_boundary:u_boundary|d[20]          ; clk          ; clk         ; 0.000        ; -0.232     ; 0.667      ;
; 0.757 ; posit_pack:u_packer|g_rne.d_q[21]             ; packer_ppa_boundary:u_boundary|d[21]          ; clk          ; clk         ; 0.000        ; -0.236     ; 0.665      ;
; 0.757 ; posit_pack:u_packer|g_rne.d_q[23]             ; packer_ppa_boundary:u_boundary|d[23]          ; clk          ; clk         ; 0.000        ; -0.236     ; 0.665      ;
; 0.764 ; posit_pack:u_packer|g_rne.d_q[7]              ; packer_ppa_boundary:u_boundary|d[7]           ; clk          ; clk         ; 0.000        ; -0.233     ; 0.675      ;
; 0.766 ; packer_ppa_boundary:u_boundary|flags_in_q[4]  ; posit_pack:u_packer|g_rne.p1_flags_q[4]       ; clk          ; clk         ; 0.000        ; 0.054      ; 0.964      ;
; 0.770 ; posit_pack:u_packer|g_rne.d_q[26]             ; packer_ppa_boundary:u_boundary|d[26]          ; clk          ; clk         ; 0.000        ; -0.232     ; 0.682      ;
; 0.776 ; posit_pack:u_packer|g_rne.d_q[25]             ; packer_ppa_boundary:u_boundary|d[25]          ; clk          ; clk         ; 0.000        ; -0.236     ; 0.684      ;
; 0.776 ; posit_pack:u_packer|g_rne.flags_q[3]          ; packer_ppa_boundary:u_boundary|flags[3]       ; clk          ; clk         ; 0.000        ; -0.256     ; 0.664      ;
; 0.778 ; posit_pack:u_packer|g_rne.d_q[19]             ; packer_ppa_boundary:u_boundary|d[19]          ; clk          ; clk         ; 0.000        ; -0.256     ; 0.666      ;
; 0.781 ; posit_pack:u_packer|g_rne.d_q[4]              ; packer_ppa_boundary:u_boundary|d[4]           ; clk          ; clk         ; 0.000        ; -0.232     ; 0.693      ;
; 0.782 ; posit_pack:u_packer|g_rne.d_q[5]              ; packer_ppa_boundary:u_boundary|d[5]           ; clk          ; clk         ; 0.000        ; -0.233     ; 0.693      ;
; 0.790 ; posit_pack:u_packer|g_rne.p2_valid_q          ; packer_ppa_boundary:u_boundary|out_valid      ; clk          ; clk         ; 0.000        ; -0.259     ; 0.675      ;
; 0.812 ; posit_pack:u_packer|g_rne.p1_valid_q          ; posit_pack:u_packer|g_rne.p2_valid_q          ; clk          ; clk         ; 0.000        ; 0.381      ; 1.337      ;
+-------+-----------------------------------------------+-----------------------------------------------+--------------+-------------+--------------+------------+------------+


+-------------------------------------------------------------------------------------------------------------------------------------------------------------------------+
; Slow 1200mV 0C Model Recovery: 'clk'                                                                                                                                    ;
+-------+-------------------------------------------+-----------------------------------------------+--------------+-------------+--------------+------------+------------+
; Slack ; From Node                                 ; To Node                                       ; Launch Clock ; Latch Clock ; Relationship ; Clock Skew ; Data Delay ;
+-------+-------------------------------------------+-----------------------------------------------+--------------+-------------+--------------+------------+------------+
; 7.372 ; packer_ppa_boundary:u_boundary|meta_sync2 ; packer_ppa_boundary:u_boundary|sf_q[0]        ; clk          ; clk         ; 10.000       ; -0.085     ; 2.538      ;
; 7.372 ; packer_ppa_boundary:u_boundary|meta_sync2 ; packer_ppa_boundary:u_boundary|sf_q[1]        ; clk          ; clk         ; 10.000       ; -0.085     ; 2.538      ;
; 7.372 ; packer_ppa_boundary:u_boundary|meta_sync2 ; packer_ppa_boundary:u_boundary|frac_q[54]     ; clk          ; clk         ; 10.000       ; -0.085     ; 2.538      ;
; 7.373 ; packer_ppa_boundary:u_boundary|meta_sync2 ; posit_pack:u_packer|g_rne.p1_mag_trunc_q[1]   ; clk          ; clk         ; 10.000       ; -0.084     ; 2.538      ;
; 7.373 ; packer_ppa_boundary:u_boundary|meta_sync2 ; posit_pack:u_packer|g_rne.p1_mag_trunc_q[2]   ; clk          ; clk         ; 10.000       ; -0.084     ; 2.538      ;
; 7.373 ; packer_ppa_boundary:u_boundary|meta_sync2 ; posit_pack:u_packer|g_rne.p1_mag_trunc_q[3]   ; clk          ; clk         ; 10.000       ; -0.084     ; 2.538      ;
; 7.373 ; packer_ppa_boundary:u_boundary|meta_sync2 ; posit_pack:u_packer|g_rne.p1_mag_trunc_q[6]   ; clk          ; clk         ; 10.000       ; -0.084     ; 2.538      ;
; 7.373 ; packer_ppa_boundary:u_boundary|meta_sync2 ; posit_pack:u_packer|g_rne.p1_mag_trunc_q[7]   ; clk          ; clk         ; 10.000       ; -0.084     ; 2.538      ;
; 7.373 ; packer_ppa_boundary:u_boundary|meta_sync2 ; posit_pack:u_packer|g_rne.p1_mag_trunc_q[8]   ; clk          ; clk         ; 10.000       ; -0.084     ; 2.538      ;
; 7.373 ; packer_ppa_boundary:u_boundary|meta_sync2 ; posit_pack:u_packer|g_rne.p1_mag_trunc_q[9]   ; clk          ; clk         ; 10.000       ; -0.084     ; 2.538      ;
; 7.373 ; packer_ppa_boundary:u_boundary|meta_sync2 ; posit_pack:u_packer|g_rne.p1_mag_trunc_q[10]  ; clk          ; clk         ; 10.000       ; -0.084     ; 2.538      ;
; 7.373 ; packer_ppa_boundary:u_boundary|meta_sync2 ; posit_pack:u_packer|g_rne.p1_mag_trunc_q[11]  ; clk          ; clk         ; 10.000       ; -0.084     ; 2.538      ;
; 7.373 ; packer_ppa_boundary:u_boundary|meta_sync2 ; posit_pack:u_packer|g_rne.p1_mag_trunc_q[12]  ; clk          ; clk         ; 10.000       ; -0.084     ; 2.538      ;
; 7.373 ; packer_ppa_boundary:u_boundary|meta_sync2 ; posit_pack:u_packer|g_rne.p1_mag_trunc_q[13]  ; clk          ; clk         ; 10.000       ; -0.084     ; 2.538      ;
; 7.373 ; packer_ppa_boundary:u_boundary|meta_sync2 ; posit_pack:u_packer|g_rne.p1_mag_trunc_q[14]  ; clk          ; clk         ; 10.000       ; -0.084     ; 2.538      ;
; 7.373 ; packer_ppa_boundary:u_boundary|meta_sync2 ; posit_pack:u_packer|g_rne.p1_mag_trunc_q[15]  ; clk          ; clk         ; 10.000       ; -0.084     ; 2.538      ;
; 7.373 ; packer_ppa_boundary:u_boundary|meta_sync2 ; posit_pack:u_packer|g_rne.p1_mag_trunc_q[16]  ; clk          ; clk         ; 10.000       ; -0.084     ; 2.538      ;
; 7.373 ; packer_ppa_boundary:u_boundary|meta_sync2 ; posit_pack:u_packer|g_rne.p1_mag_trunc_q[17]  ; clk          ; clk         ; 10.000       ; -0.084     ; 2.538      ;
; 7.373 ; packer_ppa_boundary:u_boundary|meta_sync2 ; posit_pack:u_packer|g_rne.p1_mag_trunc_q[18]  ; clk          ; clk         ; 10.000       ; -0.084     ; 2.538      ;
; 7.373 ; packer_ppa_boundary:u_boundary|meta_sync2 ; posit_pack:u_packer|g_rne.p1_mag_trunc_q[19]  ; clk          ; clk         ; 10.000       ; -0.084     ; 2.538      ;
; 7.373 ; packer_ppa_boundary:u_boundary|meta_sync2 ; posit_pack:u_packer|g_rne.p1_mag_trunc_q[20]  ; clk          ; clk         ; 10.000       ; -0.084     ; 2.538      ;
; 7.373 ; packer_ppa_boundary:u_boundary|meta_sync2 ; posit_pack:u_packer|g_rne.p1_mag_trunc_q[24]  ; clk          ; clk         ; 10.000       ; -0.084     ; 2.538      ;
; 7.373 ; packer_ppa_boundary:u_boundary|meta_sync2 ; posit_pack:u_packer|g_rne.p1_mag_trunc_q[26]  ; clk          ; clk         ; 10.000       ; -0.084     ; 2.538      ;
; 7.373 ; packer_ppa_boundary:u_boundary|meta_sync2 ; posit_pack:u_packer|g_rne.p1_mag_trunc_q[27]  ; clk          ; clk         ; 10.000       ; -0.084     ; 2.538      ;
; 7.373 ; packer_ppa_boundary:u_boundary|meta_sync2 ; posit_pack:u_packer|g_rne.p1_mag_trunc_q[28]  ; clk          ; clk         ; 10.000       ; -0.084     ; 2.538      ;
; 7.373 ; packer_ppa_boundary:u_boundary|meta_sync2 ; posit_pack:u_packer|g_rne.p1_mag_trunc_q[29]  ; clk          ; clk         ; 10.000       ; -0.084     ; 2.538      ;
; 7.373 ; packer_ppa_boundary:u_boundary|meta_sync2 ; posit_pack:u_packer|g_rne.p1_mag_trunc_q[30]  ; clk          ; clk         ; 10.000       ; -0.084     ; 2.538      ;
; 7.373 ; packer_ppa_boundary:u_boundary|meta_sync2 ; packer_ppa_boundary:u_boundary|d[0]           ; clk          ; clk         ; 10.000       ; -0.085     ; 2.537      ;
; 7.373 ; packer_ppa_boundary:u_boundary|meta_sync2 ; packer_ppa_boundary:u_boundary|d[3]           ; clk          ; clk         ; 10.000       ; -0.087     ; 2.535      ;
; 7.373 ; packer_ppa_boundary:u_boundary|meta_sync2 ; packer_ppa_boundary:u_boundary|d[5]           ; clk          ; clk         ; 10.000       ; -0.088     ; 2.534      ;
; 7.373 ; packer_ppa_boundary:u_boundary|meta_sync2 ; packer_ppa_boundary:u_boundary|d[6]           ; clk          ; clk         ; 10.000       ; -0.085     ; 2.537      ;
; 7.373 ; packer_ppa_boundary:u_boundary|meta_sync2 ; packer_ppa_boundary:u_boundary|d[7]           ; clk          ; clk         ; 10.000       ; -0.088     ; 2.534      ;
; 7.373 ; packer_ppa_boundary:u_boundary|meta_sync2 ; packer_ppa_boundary:u_boundary|d[8]           ; clk          ; clk         ; 10.000       ; -0.085     ; 2.537      ;
; 7.373 ; packer_ppa_boundary:u_boundary|meta_sync2 ; packer_ppa_boundary:u_boundary|d[9]           ; clk          ; clk         ; 10.000       ; -0.087     ; 2.535      ;
; 7.373 ; packer_ppa_boundary:u_boundary|meta_sync2 ; packer_ppa_boundary:u_boundary|d[10]          ; clk          ; clk         ; 10.000       ; -0.089     ; 2.533      ;
; 7.373 ; packer_ppa_boundary:u_boundary|meta_sync2 ; packer_ppa_boundary:u_boundary|d[11]          ; clk          ; clk         ; 10.000       ; -0.087     ; 2.535      ;
; 7.373 ; packer_ppa_boundary:u_boundary|meta_sync2 ; packer_ppa_boundary:u_boundary|d[12]          ; clk          ; clk         ; 10.000       ; -0.085     ; 2.537      ;
; 7.373 ; packer_ppa_boundary:u_boundary|meta_sync2 ; packer_ppa_boundary:u_boundary|d[14]          ; clk          ; clk         ; 10.000       ; -0.085     ; 2.537      ;
; 7.373 ; packer_ppa_boundary:u_boundary|meta_sync2 ; packer_ppa_boundary:u_boundary|d[15]          ; clk          ; clk         ; 10.000       ; -0.089     ; 2.533      ;
; 7.373 ; packer_ppa_boundary:u_boundary|meta_sync2 ; packer_ppa_boundary:u_boundary|d[17]          ; clk          ; clk         ; 10.000       ; -0.089     ; 2.533      ;
; 7.373 ; packer_ppa_boundary:u_boundary|meta_sync2 ; packer_ppa_boundary:u_boundary|d[18]          ; clk          ; clk         ; 10.000       ; -0.085     ; 2.537      ;
; 7.374 ; packer_ppa_boundary:u_boundary|meta_sync2 ; packer_ppa_boundary:u_boundary|is_nar_q       ; clk          ; clk         ; 10.000       ; -0.087     ; 2.534      ;
; 7.374 ; packer_ppa_boundary:u_boundary|meta_sync2 ; packer_ppa_boundary:u_boundary|flags_in_q[4]  ; clk          ; clk         ; 10.000       ; -0.087     ; 2.534      ;
; 7.374 ; packer_ppa_boundary:u_boundary|meta_sync2 ; packer_ppa_boundary:u_boundary|is_zero_q      ; clk          ; clk         ; 10.000       ; -0.087     ; 2.534      ;
; 7.374 ; packer_ppa_boundary:u_boundary|meta_sync2 ; posit_pack:u_packer|g_rne.p1_mag_trunc_q[4]   ; clk          ; clk         ; 10.000       ; -0.084     ; 2.537      ;
; 7.374 ; packer_ppa_boundary:u_boundary|meta_sync2 ; posit_pack:u_packer|g_rne.p1_mag_trunc_q[5]   ; clk          ; clk         ; 10.000       ; -0.084     ; 2.537      ;
; 7.374 ; packer_ppa_boundary:u_boundary|meta_sync2 ; posit_pack:u_packer|g_rne.p1_mag_trunc_q[25]  ; clk          ; clk         ; 10.000       ; -0.084     ; 2.537      ;
; 7.374 ; packer_ppa_boundary:u_boundary|meta_sync2 ; posit_pack:u_packer|g_rne.p1_special_sel_q[2] ; clk          ; clk         ; 10.000       ; -0.087     ; 2.534      ;
; 7.374 ; packer_ppa_boundary:u_boundary|meta_sync2 ; posit_pack:u_packer|g_rne.p1_special_sel_q[0] ; clk          ; clk         ; 10.000       ; -0.087     ; 2.534      ;
; 7.374 ; packer_ppa_boundary:u_boundary|meta_sync2 ; posit_pack:u_packer|g_rne.p1_special_sel_q[1] ; clk          ; clk         ; 10.000       ; -0.087     ; 2.534      ;
; 7.374 ; packer_ppa_boundary:u_boundary|meta_sync2 ; packer_ppa_boundary:u_boundary|d[4]           ; clk          ; clk         ; 10.000       ; -0.085     ; 2.536      ;
; 7.374 ; packer_ppa_boundary:u_boundary|meta_sync2 ; packer_ppa_boundary:u_boundary|d[13]          ; clk          ; clk         ; 10.000       ; -0.085     ; 2.536      ;
; 7.374 ; packer_ppa_boundary:u_boundary|meta_sync2 ; packer_ppa_boundary:u_boundary|d[19]          ; clk          ; clk         ; 10.000       ; -0.085     ; 2.536      ;
; 7.374 ; packer_ppa_boundary:u_boundary|meta_sync2 ; packer_ppa_boundary:u_boundary|d[20]          ; clk          ; clk         ; 10.000       ; -0.084     ; 2.537      ;
; 7.374 ; packer_ppa_boundary:u_boundary|meta_sync2 ; packer_ppa_boundary:u_boundary|d[22]          ; clk          ; clk         ; 10.000       ; -0.084     ; 2.537      ;
; 7.374 ; packer_ppa_boundary:u_boundary|meta_sync2 ; packer_ppa_boundary:u_boundary|d[24]          ; clk          ; clk         ; 10.000       ; -0.084     ; 2.537      ;
; 7.374 ; packer_ppa_boundary:u_boundary|meta_sync2 ; packer_ppa_boundary:u_boundary|d[25]          ; clk          ; clk         ; 10.000       ; -0.083     ; 2.538      ;
; 7.374 ; packer_ppa_boundary:u_boundary|meta_sync2 ; packer_ppa_boundary:u_boundary|d[26]          ; clk          ; clk         ; 10.000       ; -0.084     ; 2.537      ;
; 7.374 ; packer_ppa_boundary:u_boundary|meta_sync2 ; packer_ppa_boundary:u_boundary|d[28]          ; clk          ; clk         ; 10.000       ; -0.084     ; 2.537      ;
; 7.374 ; packer_ppa_boundary:u_boundary|meta_sync2 ; packer_ppa_boundary:u_boundary|d[29]          ; clk          ; clk         ; 10.000       ; -0.084     ; 2.537      ;
; 7.374 ; packer_ppa_boundary:u_boundary|meta_sync2 ; packer_ppa_boundary:u_boundary|d[30]          ; clk          ; clk         ; 10.000       ; -0.084     ; 2.537      ;
; 7.374 ; packer_ppa_boundary:u_boundary|meta_sync2 ; packer_ppa_boundary:u_boundary|flags_in_q[0]  ; clk          ; clk         ; 10.000       ; -0.087     ; 2.534      ;
; 7.374 ; packer_ppa_boundary:u_boundary|meta_sync2 ; posit_pack:u_packer|g_rne.p1_flags_q[0]       ; clk          ; clk         ; 10.000       ; -0.087     ; 2.534      ;
; 7.374 ; packer_ppa_boundary:u_boundary|meta_sync2 ; packer_ppa_boundary:u_boundary|flags[0]       ; clk          ; clk         ; 10.000       ; -0.084     ; 2.537      ;
; 7.374 ; packer_ppa_boundary:u_boundary|meta_sync2 ; packer_ppa_boundary:u_boundary|flags[1]       ; clk          ; clk         ; 10.000       ; -0.085     ; 2.536      ;
; 7.374 ; packer_ppa_boundary:u_boundary|meta_sync2 ; packer_ppa_boundary:u_boundary|flags_in_q[2]  ; clk          ; clk         ; 10.000       ; -0.088     ; 2.533      ;
; 7.374 ; packer_ppa_boundary:u_boundary|meta_sync2 ; posit_pack:u_packer|g_rne.p1_flags_q[2]       ; clk          ; clk         ; 10.000       ; -0.087     ; 2.534      ;
; 7.374 ; packer_ppa_boundary:u_boundary|meta_sync2 ; packer_ppa_boundary:u_boundary|flags[2]       ; clk          ; clk         ; 10.000       ; -0.084     ; 2.537      ;
; 7.374 ; packer_ppa_boundary:u_boundary|meta_sync2 ; packer_ppa_boundary:u_boundary|flags_in_q[3]  ; clk          ; clk         ; 10.000       ; -0.088     ; 2.533      ;
; 7.374 ; packer_ppa_boundary:u_boundary|meta_sync2 ; posit_pack:u_packer|g_rne.p1_flags_q[3]       ; clk          ; clk         ; 10.000       ; -0.087     ; 2.534      ;
; 7.374 ; packer_ppa_boundary:u_boundary|meta_sync2 ; packer_ppa_boundary:u_boundary|flags[3]       ; clk          ; clk         ; 10.000       ; -0.085     ; 2.536      ;
; 7.374 ; packer_ppa_boundary:u_boundary|meta_sync2 ; posit_pack:u_packer|g_rne.p1_flags_q[4]       ; clk          ; clk         ; 10.000       ; -0.087     ; 2.534      ;
; 7.374 ; packer_ppa_boundary:u_boundary|meta_sync2 ; packer_ppa_boundary:u_boundary|flags[4]       ; clk          ; clk         ; 10.000       ; -0.085     ; 2.536      ;
; 7.375 ; packer_ppa_boundary:u_boundary|meta_sync2 ; posit_pack:u_packer|g_rne.p1_valid_q          ; clk          ; clk         ; 10.000       ; -0.083     ; 2.537      ;
; 7.375 ; packer_ppa_boundary:u_boundary|meta_sync2 ; packer_ppa_boundary:u_boundary|out_valid      ; clk          ; clk         ; 10.000       ; -0.083     ; 2.537      ;
; 7.375 ; packer_ppa_boundary:u_boundary|meta_sync2 ; packer_ppa_boundary:u_boundary|sign_q         ; clk          ; clk         ; 10.000       ; -0.086     ; 2.534      ;
; 7.375 ; packer_ppa_boundary:u_boundary|meta_sync2 ; posit_pack:u_packer|g_rne.p1_sign_q           ; clk          ; clk         ; 10.000       ; -0.086     ; 2.534      ;
; 7.375 ; packer_ppa_boundary:u_boundary|meta_sync2 ; packer_ppa_boundary:u_boundary|d[1]           ; clk          ; clk         ; 10.000       ; -0.084     ; 2.536      ;
; 7.375 ; packer_ppa_boundary:u_boundary|meta_sync2 ; packer_ppa_boundary:u_boundary|d[2]           ; clk          ; clk         ; 10.000       ; -0.084     ; 2.536      ;
; 7.375 ; packer_ppa_boundary:u_boundary|meta_sync2 ; packer_ppa_boundary:u_boundary|d[21]          ; clk          ; clk         ; 10.000       ; -0.083     ; 2.537      ;
; 7.375 ; packer_ppa_boundary:u_boundary|meta_sync2 ; packer_ppa_boundary:u_boundary|d[23]          ; clk          ; clk         ; 10.000       ; -0.083     ; 2.537      ;
; 7.375 ; packer_ppa_boundary:u_boundary|meta_sync2 ; packer_ppa_boundary:u_boundary|d[27]          ; clk          ; clk         ; 10.000       ; -0.083     ; 2.537      ;
; 7.375 ; packer_ppa_boundary:u_boundary|meta_sync2 ; packer_ppa_boundary:u_boundary|d[31]          ; clk          ; clk         ; 10.000       ; -0.086     ; 2.534      ;
; 7.382 ; packer_ppa_boundary:u_boundary|meta_sync2 ; packer_ppa_boundary:u_boundary|d[16]          ; clk          ; clk         ; 10.000       ; -0.079     ; 2.534      ;
; 7.387 ; packer_ppa_boundary:u_boundary|meta_sync2 ; posit_pack:u_packer|g_rne.p1_guard_bit_q      ; clk          ; clk         ; 10.000       ; -0.062     ; 2.546      ;
; 7.387 ; packer_ppa_boundary:u_boundary|meta_sync2 ; posit_pack:u_packer|g_rne.p1_round_bit_q      ; clk          ; clk         ; 10.000       ; -0.062     ; 2.546      ;
; 7.387 ; packer_ppa_boundary:u_boundary|meta_sync2 ; posit_pack:u_packer|g_rne.p1_mag_trunc_q[0]   ; clk          ; clk         ; 10.000       ; -0.062     ; 2.546      ;
; 7.387 ; packer_ppa_boundary:u_boundary|meta_sync2 ; packer_ppa_boundary:u_boundary|frac_q[10]     ; clk          ; clk         ; 10.000       ; -0.063     ; 2.545      ;
; 7.387 ; packer_ppa_boundary:u_boundary|meta_sync2 ; packer_ppa_boundary:u_boundary|frac_q[13]     ; clk          ; clk         ; 10.000       ; -0.063     ; 2.545      ;
; 7.387 ; packer_ppa_boundary:u_boundary|meta_sync2 ; packer_ppa_boundary:u_boundary|frac_q[9]      ; clk          ; clk         ; 10.000       ; -0.063     ; 2.545      ;
; 7.387 ; packer_ppa_boundary:u_boundary|meta_sync2 ; packer_ppa_boundary:u_boundary|frac_q[12]     ; clk          ; clk         ; 10.000       ; -0.063     ; 2.545      ;
; 7.387 ; packer_ppa_boundary:u_boundary|meta_sync2 ; packer_ppa_boundary:u_boundary|frac_q[11]     ; clk          ; clk         ; 10.000       ; -0.063     ; 2.545      ;
; 7.387 ; packer_ppa_boundary:u_boundary|meta_sync2 ; posit_pack:u_packer|g_rne.p1_sticky_bit_q     ; clk          ; clk         ; 10.000       ; -0.062     ; 2.546      ;
; 7.387 ; packer_ppa_boundary:u_boundary|meta_sync2 ; posit_pack:u_packer|g_rne.p1_mag_trunc_q[21]  ; clk          ; clk         ; 10.000       ; -0.062     ; 2.546      ;
; 7.387 ; packer_ppa_boundary:u_boundary|meta_sync2 ; posit_pack:u_packer|g_rne.p1_mag_trunc_q[22]  ; clk          ; clk         ; 10.000       ; -0.062     ; 2.546      ;
; 7.387 ; packer_ppa_boundary:u_boundary|meta_sync2 ; posit_pack:u_packer|g_rne.p1_mag_trunc_q[23]  ; clk          ; clk         ; 10.000       ; -0.062     ; 2.546      ;
; 7.387 ; packer_ppa_boundary:u_boundary|meta_sync2 ; posit_pack:u_packer|g_rne.p1_flags_q[1]       ; clk          ; clk         ; 10.000       ; -0.062     ; 2.546      ;
; 7.388 ; packer_ppa_boundary:u_boundary|meta_sync2 ; packer_ppa_boundary:u_boundary|sf_q[8]        ; clk          ; clk         ; 10.000       ; -0.061     ; 2.546      ;
; 7.388 ; packer_ppa_boundary:u_boundary|meta_sync2 ; packer_ppa_boundary:u_boundary|sf_q[7]        ; clk          ; clk         ; 10.000       ; -0.061     ; 2.546      ;
; 7.389 ; packer_ppa_boundary:u_boundary|meta_sync2 ; packer_ppa_boundary:u_boundary|sf_q[9]        ; clk          ; clk         ; 10.000       ; -0.062     ; 2.544      ;
+-------+-------------------------------------------+-----------------------------------------------+--------------+-------------+--------------+------------+------------+


+-------------------------------------------------------------------------------------------------------------------------------------------------------------------------+
; Slow 1200mV 0C Model Removal: 'clk'                                                                                                                                     ;
+-------+-------------------------------------------+-----------------------------------------------+--------------+-------------+--------------+------------+------------+
; Slack ; From Node                                 ; To Node                                       ; Launch Clock ; Latch Clock ; Relationship ; Clock Skew ; Data Delay ;
+-------+-------------------------------------------+-----------------------------------------------+--------------+-------------+--------------+------------+------------+
; 1.862 ; packer_ppa_boundary:u_boundary|meta_sync2 ; posit_pack:u_packer|g_rne.p2_valid_q          ; clk          ; clk         ; 0.000        ; 0.381      ; 2.387      ;
; 1.863 ; packer_ppa_boundary:u_boundary|meta_sync2 ; packer_ppa_boundary:u_boundary|flags_in_q[1]  ; clk          ; clk         ; 0.000        ; 0.380      ; 2.387      ;
; 1.865 ; packer_ppa_boundary:u_boundary|meta_sync2 ; posit_pack:u_packer|g_rne.d_q[13]             ; clk          ; clk         ; 0.000        ; 0.376      ; 2.385      ;
; 1.865 ; packer_ppa_boundary:u_boundary|meta_sync2 ; posit_pack:u_packer|g_rne.d_q[19]             ; clk          ; clk         ; 0.000        ; 0.376      ; 2.385      ;
; 1.865 ; packer_ppa_boundary:u_boundary|meta_sync2 ; posit_pack:u_packer|g_rne.flags_q[1]          ; clk          ; clk         ; 0.000        ; 0.376      ; 2.385      ;
; 1.865 ; packer_ppa_boundary:u_boundary|meta_sync2 ; posit_pack:u_packer|g_rne.flags_q[3]          ; clk          ; clk         ; 0.000        ; 0.376      ; 2.385      ;
; 1.865 ; packer_ppa_boundary:u_boundary|meta_sync2 ; posit_pack:u_packer|g_rne.flags_q[4]          ; clk          ; clk         ; 0.000        ; 0.376      ; 2.385      ;
; 1.887 ; packer_ppa_boundary:u_boundary|meta_sync2 ; posit_pack:u_packer|g_rne.d_q[21]             ; clk          ; clk         ; 0.000        ; 0.356      ; 2.387      ;
; 1.887 ; packer_ppa_boundary:u_boundary|meta_sync2 ; posit_pack:u_packer|g_rne.d_q[23]             ; clk          ; clk         ; 0.000        ; 0.356      ; 2.387      ;
; 1.887 ; packer_ppa_boundary:u_boundary|meta_sync2 ; posit_pack:u_packer|g_rne.d_q[25]             ; clk          ; clk         ; 0.000        ; 0.356      ; 2.387      ;
; 1.887 ; packer_ppa_boundary:u_boundary|meta_sync2 ; posit_pack:u_packer|g_rne.d_q[27]             ; clk          ; clk         ; 0.000        ; 0.356      ; 2.387      ;
; 1.890 ; packer_ppa_boundary:u_boundary|meta_sync2 ; posit_pack:u_packer|g_rne.d_q[1]              ; clk          ; clk         ; 0.000        ; 0.351      ; 2.385      ;
; 1.890 ; packer_ppa_boundary:u_boundary|meta_sync2 ; posit_pack:u_packer|g_rne.d_q[2]              ; clk          ; clk         ; 0.000        ; 0.351      ; 2.385      ;
; 1.890 ; packer_ppa_boundary:u_boundary|meta_sync2 ; posit_pack:u_packer|g_rne.d_q[4]              ; clk          ; clk         ; 0.000        ; 0.351      ; 2.385      ;
; 1.890 ; packer_ppa_boundary:u_boundary|meta_sync2 ; posit_pack:u_packer|g_rne.d_q[16]             ; clk          ; clk         ; 0.000        ; 0.352      ; 2.386      ;
; 1.890 ; packer_ppa_boundary:u_boundary|meta_sync2 ; posit_pack:u_packer|g_rne.d_q[20]             ; clk          ; clk         ; 0.000        ; 0.351      ; 2.385      ;
; 1.890 ; packer_ppa_boundary:u_boundary|meta_sync2 ; posit_pack:u_packer|g_rne.d_q[22]             ; clk          ; clk         ; 0.000        ; 0.351      ; 2.385      ;
; 1.890 ; packer_ppa_boundary:u_boundary|meta_sync2 ; posit_pack:u_packer|g_rne.d_q[24]             ; clk          ; clk         ; 0.000        ; 0.351      ; 2.385      ;
; 1.890 ; packer_ppa_boundary:u_boundary|meta_sync2 ; posit_pack:u_packer|g_rne.d_q[26]             ; clk          ; clk         ; 0.000        ; 0.351      ; 2.385      ;
; 1.890 ; packer_ppa_boundary:u_boundary|meta_sync2 ; posit_pack:u_packer|g_rne.d_q[28]             ; clk          ; clk         ; 0.000        ; 0.352      ; 2.386      ;
; 1.890 ; packer_ppa_boundary:u_boundary|meta_sync2 ; posit_pack:u_packer|g_rne.d_q[29]             ; clk          ; clk         ; 0.000        ; 0.352      ; 2.386      ;
; 1.890 ; packer_ppa_boundary:u_boundary|meta_sync2 ; posit_pack:u_packer|g_rne.d_q[30]             ; clk          ; clk         ; 0.000        ; 0.352      ; 2.386      ;
; 1.890 ; packer_ppa_boundary:u_boundary|meta_sync2 ; posit_pack:u_packer|g_rne.flags_q[0]          ; clk          ; clk         ; 0.000        ; 0.351      ; 2.385      ;
; 1.890 ; packer_ppa_boundary:u_boundary|meta_sync2 ; posit_pack:u_packer|g_rne.flags_q[2]          ; clk          ; clk         ; 0.000        ; 0.351      ; 2.385      ;
; 1.891 ; packer_ppa_boundary:u_boundary|meta_sync2 ; posit_pack:u_packer|g_rne.d_q[0]              ; clk          ; clk         ; 0.000        ; 0.351      ; 2.386      ;
; 1.891 ; packer_ppa_boundary:u_boundary|meta_sync2 ; posit_pack:u_packer|g_rne.d_q[6]              ; clk          ; clk         ; 0.000        ; 0.351      ; 2.386      ;
; 1.891 ; packer_ppa_boundary:u_boundary|meta_sync2 ; posit_pack:u_packer|g_rne.d_q[8]              ; clk          ; clk         ; 0.000        ; 0.351      ; 2.386      ;
; 1.891 ; packer_ppa_boundary:u_boundary|meta_sync2 ; posit_pack:u_packer|g_rne.d_q[10]             ; clk          ; clk         ; 0.000        ; 0.351      ; 2.386      ;
; 1.891 ; packer_ppa_boundary:u_boundary|meta_sync2 ; posit_pack:u_packer|g_rne.d_q[12]             ; clk          ; clk         ; 0.000        ; 0.351      ; 2.386      ;
; 1.891 ; packer_ppa_boundary:u_boundary|meta_sync2 ; posit_pack:u_packer|g_rne.d_q[14]             ; clk          ; clk         ; 0.000        ; 0.351      ; 2.386      ;
; 1.891 ; packer_ppa_boundary:u_boundary|meta_sync2 ; posit_pack:u_packer|g_rne.d_q[17]             ; clk          ; clk         ; 0.000        ; 0.351      ; 2.386      ;
; 1.891 ; packer_ppa_boundary:u_boundary|meta_sync2 ; posit_pack:u_packer|g_rne.d_q[18]             ; clk          ; clk         ; 0.000        ; 0.351      ; 2.386      ;
; 1.891 ; packer_ppa_boundary:u_boundary|meta_sync2 ; posit_pack:u_packer|g_rne.d_q[31]             ; clk          ; clk         ; 0.000        ; 0.349      ; 2.384      ;
; 1.892 ; packer_ppa_boundary:u_boundary|meta_sync2 ; posit_pack:u_packer|g_rne.d_q[3]              ; clk          ; clk         ; 0.000        ; 0.348      ; 2.384      ;
; 1.892 ; packer_ppa_boundary:u_boundary|meta_sync2 ; posit_pack:u_packer|g_rne.d_q[5]              ; clk          ; clk         ; 0.000        ; 0.348      ; 2.384      ;
; 1.892 ; packer_ppa_boundary:u_boundary|meta_sync2 ; posit_pack:u_packer|g_rne.d_q[7]              ; clk          ; clk         ; 0.000        ; 0.348      ; 2.384      ;
; 1.892 ; packer_ppa_boundary:u_boundary|meta_sync2 ; posit_pack:u_packer|g_rne.d_q[9]              ; clk          ; clk         ; 0.000        ; 0.348      ; 2.384      ;
; 1.892 ; packer_ppa_boundary:u_boundary|meta_sync2 ; posit_pack:u_packer|g_rne.d_q[11]             ; clk          ; clk         ; 0.000        ; 0.348      ; 2.384      ;
; 1.892 ; packer_ppa_boundary:u_boundary|meta_sync2 ; posit_pack:u_packer|g_rne.d_q[15]             ; clk          ; clk         ; 0.000        ; 0.348      ; 2.384      ;
; 2.181 ; packer_ppa_boundary:u_boundary|meta_sync2 ; packer_ppa_boundary:u_boundary|d[16]          ; clk          ; clk         ; 0.000        ; 0.059      ; 2.384      ;
; 2.188 ; packer_ppa_boundary:u_boundary|meta_sync2 ; posit_pack:u_packer|g_rne.p1_mag_trunc_q[4]   ; clk          ; clk         ; 0.000        ; 0.053      ; 2.385      ;
; 2.188 ; packer_ppa_boundary:u_boundary|meta_sync2 ; posit_pack:u_packer|g_rne.p1_mag_trunc_q[5]   ; clk          ; clk         ; 0.000        ; 0.053      ; 2.385      ;
; 2.188 ; packer_ppa_boundary:u_boundary|meta_sync2 ; packer_ppa_boundary:u_boundary|d[1]           ; clk          ; clk         ; 0.000        ; 0.053      ; 2.385      ;
; 2.188 ; packer_ppa_boundary:u_boundary|meta_sync2 ; packer_ppa_boundary:u_boundary|d[2]           ; clk          ; clk         ; 0.000        ; 0.053      ; 2.385      ;
; 2.188 ; packer_ppa_boundary:u_boundary|meta_sync2 ; packer_ppa_boundary:u_boundary|d[4]           ; clk          ; clk         ; 0.000        ; 0.053      ; 2.385      ;
; 2.188 ; packer_ppa_boundary:u_boundary|meta_sync2 ; packer_ppa_boundary:u_boundary|d[13]          ; clk          ; clk         ; 0.000        ; 0.053      ; 2.385      ;
; 2.188 ; packer_ppa_boundary:u_boundary|meta_sync2 ; packer_ppa_boundary:u_boundary|d[19]          ; clk          ; clk         ; 0.000        ; 0.053      ; 2.385      ;
; 2.188 ; packer_ppa_boundary:u_boundary|meta_sync2 ; packer_ppa_boundary:u_boundary|d[20]          ; clk          ; clk         ; 0.000        ; 0.053      ; 2.385      ;
; 2.188 ; packer_ppa_boundary:u_boundary|meta_sync2 ; packer_ppa_boundary:u_boundary|d[22]          ; clk          ; clk         ; 0.000        ; 0.053      ; 2.385      ;
; 2.188 ; packer_ppa_boundary:u_boundary|meta_sync2 ; packer_ppa_boundary:u_boundary|d[24]          ; clk          ; clk         ; 0.000        ; 0.053      ; 2.385      ;
; 2.188 ; packer_ppa_boundary:u_boundary|meta_sync2 ; packer_ppa_boundary:u_boundary|d[28]          ; clk          ; clk         ; 0.000        ; 0.054      ; 2.386      ;
; 2.188 ; packer_ppa_boundary:u_boundary|meta_sync2 ; packer_ppa_boundary:u_boundary|d[29]          ; clk          ; clk         ; 0.000        ; 0.054      ; 2.386      ;
; 2.188 ; packer_ppa_boundary:u_boundary|meta_sync2 ; packer_ppa_boundary:u_boundary|d[30]          ; clk          ; clk         ; 0.000        ; 0.054      ; 2.386      ;
; 2.188 ; packer_ppa_boundary:u_boundary|meta_sync2 ; packer_ppa_boundary:u_boundary|flags[1]       ; clk          ; clk         ; 0.000        ; 0.053      ; 2.385      ;
; 2.188 ; packer_ppa_boundary:u_boundary|meta_sync2 ; packer_ppa_boundary:u_boundary|flags_in_q[2]  ; clk          ; clk         ; 0.000        ; 0.050      ; 2.382      ;
; 2.188 ; packer_ppa_boundary:u_boundary|meta_sync2 ; packer_ppa_boundary:u_boundary|flags_in_q[3]  ; clk          ; clk         ; 0.000        ; 0.050      ; 2.382      ;
; 2.188 ; packer_ppa_boundary:u_boundary|meta_sync2 ; packer_ppa_boundary:u_boundary|flags[3]       ; clk          ; clk         ; 0.000        ; 0.053      ; 2.385      ;
; 2.188 ; packer_ppa_boundary:u_boundary|meta_sync2 ; packer_ppa_boundary:u_boundary|flags[4]       ; clk          ; clk         ; 0.000        ; 0.053      ; 2.385      ;
; 2.189 ; packer_ppa_boundary:u_boundary|meta_sync2 ; packer_ppa_boundary:u_boundary|is_nar_q       ; clk          ; clk         ; 0.000        ; 0.050      ; 2.383      ;
; 2.189 ; packer_ppa_boundary:u_boundary|meta_sync2 ; packer_ppa_boundary:u_boundary|flags_in_q[4]  ; clk          ; clk         ; 0.000        ; 0.050      ; 2.383      ;
; 2.189 ; packer_ppa_boundary:u_boundary|meta_sync2 ; packer_ppa_boundary:u_boundary|is_zero_q      ; clk          ; clk         ; 0.000        ; 0.050      ; 2.383      ;
; 2.189 ; packer_ppa_boundary:u_boundary|meta_sync2 ; packer_ppa_boundary:u_boundary|sf_q[0]        ; clk          ; clk         ; 0.000        ; 0.053      ; 2.386      ;
; 2.189 ; packer_ppa_boundary:u_boundary|meta_sync2 ; packer_ppa_boundary:u_boundary|sf_q[1]        ; clk          ; clk         ; 0.000        ; 0.053      ; 2.386      ;
; 2.189 ; packer_ppa_boundary:u_boundary|meta_sync2 ; packer_ppa_boundary:u_boundary|frac_q[54]     ; clk          ; clk         ; 0.000        ; 0.053      ; 2.386      ;
; 2.189 ; packer_ppa_boundary:u_boundary|meta_sync2 ; posit_pack:u_packer|g_rne.p1_mag_trunc_q[25]  ; clk          ; clk         ; 0.000        ; 0.053      ; 2.386      ;
; 2.189 ; packer_ppa_boundary:u_boundary|meta_sync2 ; posit_pack:u_packer|g_rne.p1_valid_q          ; clk          ; clk         ; 0.000        ; 0.054      ; 2.387      ;
; 2.189 ; packer_ppa_boundary:u_boundary|meta_sync2 ; packer_ppa_boundary:u_boundary|out_valid      ; clk          ; clk         ; 0.000        ; 0.054      ; 2.387      ;
; 2.189 ; packer_ppa_boundary:u_boundary|meta_sync2 ; packer_ppa_boundary:u_boundary|sign_q         ; clk          ; clk         ; 0.000        ; 0.051      ; 2.384      ;
; 2.189 ; packer_ppa_boundary:u_boundary|meta_sync2 ; posit_pack:u_packer|g_rne.p1_sign_q           ; clk          ; clk         ; 0.000        ; 0.051      ; 2.384      ;
; 2.189 ; packer_ppa_boundary:u_boundary|meta_sync2 ; posit_pack:u_packer|g_rne.p1_special_sel_q[2] ; clk          ; clk         ; 0.000        ; 0.050      ; 2.383      ;
; 2.189 ; packer_ppa_boundary:u_boundary|meta_sync2 ; posit_pack:u_packer|g_rne.p1_special_sel_q[0] ; clk          ; clk         ; 0.000        ; 0.050      ; 2.383      ;
; 2.189 ; packer_ppa_boundary:u_boundary|meta_sync2 ; posit_pack:u_packer|g_rne.p1_special_sel_q[1] ; clk          ; clk         ; 0.000        ; 0.050      ; 2.383      ;
; 2.189 ; packer_ppa_boundary:u_boundary|meta_sync2 ; packer_ppa_boundary:u_boundary|d[0]           ; clk          ; clk         ; 0.000        ; 0.053      ; 2.386      ;
; 2.189 ; packer_ppa_boundary:u_boundary|meta_sync2 ; packer_ppa_boundary:u_boundary|d[6]           ; clk          ; clk         ; 0.000        ; 0.053      ; 2.386      ;
; 2.189 ; packer_ppa_boundary:u_boundary|meta_sync2 ; packer_ppa_boundary:u_boundary|d[8]           ; clk          ; clk         ; 0.000        ; 0.053      ; 2.386      ;
; 2.189 ; packer_ppa_boundary:u_boundary|meta_sync2 ; packer_ppa_boundary:u_boundary|d[18]          ; clk          ; clk         ; 0.000        ; 0.053      ; 2.386      ;
; 2.189 ; packer_ppa_boundary:u_boundary|meta_sync2 ; packer_ppa_boundary:u_boundary|d[21]          ; clk          ; clk         ; 0.000        ; 0.054      ; 2.387      ;
; 2.189 ; packer_ppa_boundary:u_boundary|meta_sync2 ; packer_ppa_boundary:u_boundary|d[23]          ; clk          ; clk         ; 0.000        ; 0.054      ; 2.387      ;
; 2.189 ; packer_ppa_boundary:u_boundary|meta_sync2 ; packer_ppa_boundary:u_boundary|d[25]          ; clk          ; clk         ; 0.000        ; 0.054      ; 2.387      ;
; 2.189 ; packer_ppa_boundary:u_boundary|meta_sync2 ; packer_ppa_boundary:u_boundary|d[26]          ; clk          ; clk         ; 0.000        ; 0.053      ; 2.386      ;
; 2.189 ; packer_ppa_boundary:u_boundary|meta_sync2 ; packer_ppa_boundary:u_boundary|d[27]          ; clk          ; clk         ; 0.000        ; 0.054      ; 2.387      ;
; 2.189 ; packer_ppa_boundary:u_boundary|meta_sync2 ; packer_ppa_boundary:u_boundary|d[31]          ; clk          ; clk         ; 0.000        ; 0.051      ; 2.384      ;
; 2.189 ; packer_ppa_boundary:u_boundary|meta_sync2 ; packer_ppa_boundary:u_boundary|flags_in_q[0]  ; clk          ; clk         ; 0.000        ; 0.050      ; 2.383      ;
; 2.189 ; packer_ppa_boundary:u_boundary|meta_sync2 ; posit_pack:u_packer|g_rne.p1_flags_q[0]       ; clk          ; clk         ; 0.000        ; 0.050      ; 2.383      ;
; 2.189 ; packer_ppa_boundary:u_boundary|meta_sync2 ; packer_ppa_boundary:u_boundary|flags[0]       ; clk          ; clk         ; 0.000        ; 0.053      ; 2.386      ;
; 2.189 ; packer_ppa_boundary:u_boundary|meta_sync2 ; posit_pack:u_packer|g_rne.p1_flags_q[2]       ; clk          ; clk         ; 0.000        ; 0.050      ; 2.383      ;
; 2.189 ; packer_ppa_boundary:u_boundary|meta_sync2 ; packer_ppa_boundary:u_boundary|flags[2]       ; clk          ; clk         ; 0.000        ; 0.053      ; 2.386      ;
; 2.189 ; packer_ppa_boundary:u_boundary|meta_sync2 ; posit_pack:u_packer|g_rne.p1_flags_q[3]       ; clk          ; clk         ; 0.000        ; 0.050      ; 2.383      ;
; 2.189 ; packer_ppa_boundary:u_boundary|meta_sync2 ; posit_pack:u_packer|g_rne.p1_flags_q[4]       ; clk          ; clk         ; 0.000        ; 0.050      ; 2.383      ;
; 2.190 ; packer_ppa_boundary:u_boundary|meta_sync2 ; posit_pack:u_packer|g_rne.p1_mag_trunc_q[1]   ; clk          ; clk         ; 0.000        ; 0.053      ; 2.387      ;
; 2.190 ; packer_ppa_boundary:u_boundary|meta_sync2 ; posit_pack:u_packer|g_rne.p1_mag_trunc_q[2]   ; clk          ; clk         ; 0.000        ; 0.053      ; 2.387      ;
; 2.190 ; packer_ppa_boundary:u_boundary|meta_sync2 ; posit_pack:u_packer|g_rne.p1_mag_trunc_q[3]   ; clk          ; clk         ; 0.000        ; 0.053      ; 2.387      ;
; 2.190 ; packer_ppa_boundary:u_boundary|meta_sync2 ; posit_pack:u_packer|g_rne.p1_mag_trunc_q[6]   ; clk          ; clk         ; 0.000        ; 0.053      ; 2.387      ;
; 2.190 ; packer_ppa_boundary:u_boundary|meta_sync2 ; posit_pack:u_packer|g_rne.p1_mag_trunc_q[7]   ; clk          ; clk         ; 0.000        ; 0.053      ; 2.387      ;
; 2.190 ; packer_ppa_boundary:u_boundary|meta_sync2 ; posit_pack:u_packer|g_rne.p1_mag_trunc_q[8]   ; clk          ; clk         ; 0.000        ; 0.053      ; 2.387      ;
; 2.190 ; packer_ppa_boundary:u_boundary|meta_sync2 ; posit_pack:u_packer|g_rne.p1_mag_trunc_q[9]   ; clk          ; clk         ; 0.000        ; 0.053      ; 2.387      ;
; 2.190 ; packer_ppa_boundary:u_boundary|meta_sync2 ; posit_pack:u_packer|g_rne.p1_mag_trunc_q[10]  ; clk          ; clk         ; 0.000        ; 0.053      ; 2.387      ;
; 2.190 ; packer_ppa_boundary:u_boundary|meta_sync2 ; posit_pack:u_packer|g_rne.p1_mag_trunc_q[11]  ; clk          ; clk         ; 0.000        ; 0.053      ; 2.387      ;
; 2.190 ; packer_ppa_boundary:u_boundary|meta_sync2 ; posit_pack:u_packer|g_rne.p1_mag_trunc_q[12]  ; clk          ; clk         ; 0.000        ; 0.053      ; 2.387      ;
; 2.190 ; packer_ppa_boundary:u_boundary|meta_sync2 ; posit_pack:u_packer|g_rne.p1_mag_trunc_q[13]  ; clk          ; clk         ; 0.000        ; 0.053      ; 2.387      ;
+-------+-------------------------------------------+-----------------------------------------------+--------------+-------------+--------------+------------+------------+


+-----------------------------------------------------------------------------------------------------------------------------+
; Slow 1200mV 0C Model Minimum Pulse Width: 'clk'                                                                             ;
+-------+--------------+----------------+-----------------+-------+------------+----------------------------------------------+
; Slack ; Actual Width ; Required Width ; Type            ; Clock ; Clock Edge ; Target                                       ;
+-------+--------------+----------------+-----------------+-------+------------+----------------------------------------------+
; 4.698 ; 4.882        ; 0.184          ; Low Pulse Width ; clk   ; Rise       ; packer_ppa_boundary:u_boundary|flags_in_q[1] ;
; 4.698 ; 4.882        ; 0.184          ; Low Pulse Width ; clk   ; Rise       ; packer_ppa_boundary:u_boundary|frac_q[0]     ;
; 4.698 ; 4.882        ; 0.184          ; Low Pulse Width ; clk   ; Rise       ; packer_ppa_boundary:u_boundary|frac_q[14]    ;
; 4.698 ; 4.882        ; 0.184          ; Low Pulse Width ; clk   ; Rise       ; packer_ppa_boundary:u_boundary|frac_q[15]    ;
; 4.698 ; 4.882        ; 0.184          ; Low Pulse Width ; clk   ; Rise       ; packer_ppa_boundary:u_boundary|frac_q[16]    ;
; 4.698 ; 4.882        ; 0.184          ; Low Pulse Width ; clk   ; Rise       ; packer_ppa_boundary:u_boundary|frac_q[17]    ;
; 4.698 ; 4.882        ; 0.184          ; Low Pulse Width ; clk   ; Rise       ; packer_ppa_boundary:u_boundary|frac_q[18]    ;
; 4.698 ; 4.882        ; 0.184          ; Low Pulse Width ; clk   ; Rise       ; packer_ppa_boundary:u_boundary|frac_q[19]    ;
; 4.698 ; 4.882        ; 0.184          ; Low Pulse Width ; clk   ; Rise       ; packer_ppa_boundary:u_boundary|frac_q[20]    ;
; 4.698 ; 4.882        ; 0.184          ; Low Pulse Width ; clk   ; Rise       ; packer_ppa_boundary:u_boundary|frac_q[21]    ;
; 4.698 ; 4.882        ; 0.184          ; Low Pulse Width ; clk   ; Rise       ; packer_ppa_boundary:u_boundary|frac_q[22]    ;
; 4.698 ; 4.882        ; 0.184          ; Low Pulse Width ; clk   ; Rise       ; packer_ppa_boundary:u_boundary|frac_q[23]    ;
; 4.698 ; 4.882        ; 0.184          ; Low Pulse Width ; clk   ; Rise       ; packer_ppa_boundary:u_boundary|frac_q[24]    ;
; 4.698 ; 4.882        ; 0.184          ; Low Pulse Width ; clk   ; Rise       ; packer_ppa_boundary:u_boundary|frac_q[47]    ;
; 4.698 ; 4.882        ; 0.184          ; Low Pulse Width ; clk   ; Rise       ; packer_ppa_boundary:u_boundary|frac_q[48]    ;
; 4.698 ; 4.882        ; 0.184          ; Low Pulse Width ; clk   ; Rise       ; packer_ppa_boundary:u_boundary|frac_q[49]    ;
; 4.698 ; 4.882        ; 0.184          ; Low Pulse Width ; clk   ; Rise       ; packer_ppa_boundary:u_boundary|frac_q[50]    ;
; 4.698 ; 4.882        ; 0.184          ; Low Pulse Width ; clk   ; Rise       ; packer_ppa_boundary:u_boundary|frac_q[51]    ;
; 4.698 ; 4.882        ; 0.184          ; Low Pulse Width ; clk   ; Rise       ; packer_ppa_boundary:u_boundary|frac_q[52]    ;
; 4.698 ; 4.882        ; 0.184          ; Low Pulse Width ; clk   ; Rise       ; packer_ppa_boundary:u_boundary|frac_q[53]    ;
; 4.698 ; 4.882        ; 0.184          ; Low Pulse Width ; clk   ; Rise       ; packer_ppa_boundary:u_boundary|sf_q[3]       ;
; 4.699 ; 4.883        ; 0.184          ; Low Pulse Width ; clk   ; Rise       ; packer_ppa_boundary:u_boundary|meta_sync1    ;
; 4.699 ; 4.883        ; 0.184          ; Low Pulse Width ; clk   ; Rise       ; packer_ppa_boundary:u_boundary|meta_sync2    ;
; 4.699 ; 4.883        ; 0.184          ; Low Pulse Width ; clk   ; Rise       ; posit_pack:u_packer|g_rne.p2_valid_q         ;
; 4.701 ; 4.885        ; 0.184          ; Low Pulse Width ; clk   ; Rise       ; packer_ppa_boundary:u_boundary|d[0]          ;
; 4.701 ; 4.885        ; 0.184          ; Low Pulse Width ; clk   ; Rise       ; packer_ppa_boundary:u_boundary|d[10]         ;
; 4.701 ; 4.885        ; 0.184          ; Low Pulse Width ; clk   ; Rise       ; packer_ppa_boundary:u_boundary|d[11]         ;
; 4.701 ; 4.885        ; 0.184          ; Low Pulse Width ; clk   ; Rise       ; packer_ppa_boundary:u_boundary|d[12]         ;
; 4.701 ; 4.885        ; 0.184          ; Low Pulse Width ; clk   ; Rise       ; packer_ppa_boundary:u_boundary|d[14]         ;
; 4.701 ; 4.885        ; 0.184          ; Low Pulse Width ; clk   ; Rise       ; packer_ppa_boundary:u_boundary|d[15]         ;
; 4.701 ; 4.885        ; 0.184          ; Low Pulse Width ; clk   ; Rise       ; packer_ppa_boundary:u_boundary|d[17]         ;
; 4.701 ; 4.885        ; 0.184          ; Low Pulse Width ; clk   ; Rise       ; packer_ppa_boundary:u_boundary|d[18]         ;
; 4.701 ; 4.885        ; 0.184          ; Low Pulse Width ; clk   ; Rise       ; packer_ppa_boundary:u_boundary|d[3]          ;
; 4.701 ; 4.885        ; 0.184          ; Low Pulse Width ; clk   ; Rise       ; packer_ppa_boundary:u_boundary|d[5]          ;
; 4.701 ; 4.885        ; 0.184          ; Low Pulse Width ; clk   ; Rise       ; packer_ppa_boundary:u_boundary|d[6]          ;
; 4.701 ; 4.885        ; 0.184          ; Low Pulse Width ; clk   ; Rise       ; packer_ppa_boundary:u_boundary|d[7]          ;
; 4.701 ; 4.885        ; 0.184          ; Low Pulse Width ; clk   ; Rise       ; packer_ppa_boundary:u_boundary|d[8]          ;
; 4.701 ; 4.885        ; 0.184          ; Low Pulse Width ; clk   ; Rise       ; packer_ppa_boundary:u_boundary|d[9]          ;
; 4.701 ; 4.885        ; 0.184          ; Low Pulse Width ; clk   ; Rise       ; packer_ppa_boundary:u_boundary|frac_q[10]    ;
; 4.701 ; 4.885        ; 0.184          ; Low Pulse Width ; clk   ; Rise       ; packer_ppa_boundary:u_boundary|frac_q[11]    ;
; 4.701 ; 4.885        ; 0.184          ; Low Pulse Width ; clk   ; Rise       ; packer_ppa_boundary:u_boundary|frac_q[12]    ;
; 4.701 ; 4.885        ; 0.184          ; Low Pulse Width ; clk   ; Rise       ; packer_ppa_boundary:u_boundary|frac_q[13]    ;
; 4.701 ; 4.885        ; 0.184          ; Low Pulse Width ; clk   ; Rise       ; packer_ppa_boundary:u_boundary|frac_q[54]    ;
; 4.701 ; 4.885        ; 0.184          ; Low Pulse Width ; clk   ; Rise       ; packer_ppa_boundary:u_boundary|frac_q[9]     ;
; 4.701 ; 4.885        ; 0.184          ; Low Pulse Width ; clk   ; Rise       ; packer_ppa_boundary:u_boundary|sf_q[0]       ;
; 4.701 ; 4.885        ; 0.184          ; Low Pulse Width ; clk   ; Rise       ; packer_ppa_boundary:u_boundary|sf_q[1]       ;
; 4.701 ; 4.885        ; 0.184          ; Low Pulse Width ; clk   ; Rise       ; posit_pack:u_packer|g_rne.p1_mag_trunc_q[10] ;
; 4.701 ; 4.885        ; 0.184          ; Low Pulse Width ; clk   ; Rise       ; posit_pack:u_packer|g_rne.p1_mag_trunc_q[11] ;
; 4.701 ; 4.885        ; 0.184          ; Low Pulse Width ; clk   ; Rise       ; posit_pack:u_packer|g_rne.p1_mag_trunc_q[12] ;
; 4.701 ; 4.885        ; 0.184          ; Low Pulse Width ; clk   ; Rise       ; posit_pack:u_packer|g_rne.p1_mag_trunc_q[13] ;
; 4.701 ; 4.885        ; 0.184          ; Low Pulse Width ; clk   ; Rise       ; posit_pack:u_packer|g_rne.p1_mag_trunc_q[14] ;
; 4.701 ; 4.885        ; 0.184          ; Low Pulse Width ; clk   ; Rise       ; posit_pack:u_packer|g_rne.p1_mag_trunc_q[15] ;
; 4.701 ; 4.885        ; 0.184          ; Low Pulse Width ; clk   ; Rise       ; posit_pack:u_packer|g_rne.p1_mag_trunc_q[16] ;
; 4.701 ; 4.885        ; 0.184          ; Low Pulse Width ; clk   ; Rise       ; posit_pack:u_packer|g_rne.p1_mag_trunc_q[17] ;
; 4.701 ; 4.885        ; 0.184          ; Low Pulse Width ; clk   ; Rise       ; posit_pack:u_packer|g_rne.p1_mag_trunc_q[18] ;
; 4.701 ; 4.885        ; 0.184          ; Low Pulse Width ; clk   ; Rise       ; posit_pack:u_packer|g_rne.p1_mag_trunc_q[19] ;
; 4.701 ; 4.885        ; 0.184          ; Low Pulse Width ; clk   ; Rise       ; posit_pack:u_packer|g_rne.p1_mag_trunc_q[1]  ;
; 4.701 ; 4.885        ; 0.184          ; Low Pulse Width ; clk   ; Rise       ; posit_pack:u_packer|g_rne.p1_mag_trunc_q[20] ;
; 4.701 ; 4.885        ; 0.184          ; Low Pulse Width ; clk   ; Rise       ; posit_pack:u_packer|g_rne.p1_mag_trunc_q[24] ;
; 4.701 ; 4.885        ; 0.184          ; Low Pulse Width ; clk   ; Rise       ; posit_pack:u_packer|g_rne.p1_mag_trunc_q[26] ;
; 4.701 ; 4.885        ; 0.184          ; Low Pulse Width ; clk   ; Rise       ; posit_pack:u_packer|g_rne.p1_mag_trunc_q[27] ;
; 4.701 ; 4.885        ; 0.184          ; Low Pulse Width ; clk   ; Rise       ; posit_pack:u_packer|g_rne.p1_mag_trunc_q[28] ;
; 4.701 ; 4.885        ; 0.184          ; Low Pulse Width ; clk   ; Rise       ; posit_pack:u_packer|g_rne.p1_mag_trunc_q[29] ;
; 4.701 ; 4.885        ; 0.184          ; Low Pulse Width ; clk   ; Rise       ; posit_pack:u_packer|g_rne.p1_mag_trunc_q[2]  ;
; 4.701 ; 4.885        ; 0.184          ; Low Pulse Width ; clk   ; Rise       ; posit_pack:u_packer|g_rne.p1_mag_trunc_q[30] ;
; 4.701 ; 4.885        ; 0.184          ; Low Pulse Width ; clk   ; Rise       ; posit_pack:u_packer|g_rne.p1_mag_trunc_q[3]  ;
; 4.701 ; 4.885        ; 0.184          ; Low Pulse Width ; clk   ; Rise       ; posit_pack:u_packer|g_rne.p1_mag_trunc_q[6]  ;
; 4.701 ; 4.885        ; 0.184          ; Low Pulse Width ; clk   ; Rise       ; posit_pack:u_packer|g_rne.p1_mag_trunc_q[7]  ;
; 4.701 ; 4.885        ; 0.184          ; Low Pulse Width ; clk   ; Rise       ; posit_pack:u_packer|g_rne.p1_mag_trunc_q[8]  ;
; 4.701 ; 4.885        ; 0.184          ; Low Pulse Width ; clk   ; Rise       ; posit_pack:u_packer|g_rne.p1_mag_trunc_q[9]  ;
; 4.702 ; 4.886        ; 0.184          ; Low Pulse Width ; clk   ; Rise       ; packer_ppa_boundary:u_boundary|d[13]         ;
; 4.702 ; 4.886        ; 0.184          ; Low Pulse Width ; clk   ; Rise       ; packer_ppa_boundary:u_boundary|d[16]         ;
; 4.702 ; 4.886        ; 0.184          ; Low Pulse Width ; clk   ; Rise       ; packer_ppa_boundary:u_boundary|d[19]         ;
; 4.702 ; 4.886        ; 0.184          ; Low Pulse Width ; clk   ; Rise       ; packer_ppa_boundary:u_boundary|d[20]         ;
; 4.702 ; 4.886        ; 0.184          ; Low Pulse Width ; clk   ; Rise       ; packer_ppa_boundary:u_boundary|d[22]         ;
; 4.702 ; 4.886        ; 0.184          ; Low Pulse Width ; clk   ; Rise       ; packer_ppa_boundary:u_boundary|d[24]         ;
; 4.702 ; 4.886        ; 0.184          ; Low Pulse Width ; clk   ; Rise       ; packer_ppa_boundary:u_boundary|d[25]         ;
; 4.702 ; 4.886        ; 0.184          ; Low Pulse Width ; clk   ; Rise       ; packer_ppa_boundary:u_boundary|d[26]         ;
; 4.702 ; 4.886        ; 0.184          ; Low Pulse Width ; clk   ; Rise       ; packer_ppa_boundary:u_boundary|d[4]          ;
; 4.702 ; 4.886        ; 0.184          ; Low Pulse Width ; clk   ; Rise       ; packer_ppa_boundary:u_boundary|flags[0]      ;
; 4.702 ; 4.886        ; 0.184          ; Low Pulse Width ; clk   ; Rise       ; packer_ppa_boundary:u_boundary|flags[1]      ;
; 4.702 ; 4.886        ; 0.184          ; Low Pulse Width ; clk   ; Rise       ; packer_ppa_boundary:u_boundary|flags[2]      ;
; 4.702 ; 4.886        ; 0.184          ; Low Pulse Width ; clk   ; Rise       ; packer_ppa_boundary:u_boundary|flags[3]      ;
; 4.702 ; 4.886        ; 0.184          ; Low Pulse Width ; clk   ; Rise       ; packer_ppa_boundary:u_boundary|flags[4]      ;
; 4.702 ; 4.886        ; 0.184          ; Low Pulse Width ; clk   ; Rise       ; packer_ppa_boundary:u_boundary|flags_in_q[0] ;
; 4.702 ; 4.886        ; 0.184          ; Low Pulse Width ; clk   ; Rise       ; packer_ppa_boundary:u_boundary|flags_in_q[2] ;
; 4.702 ; 4.886        ; 0.184          ; Low Pulse Width ; clk   ; Rise       ; packer_ppa_boundary:u_boundary|flags_in_q[3] ;
; 4.702 ; 4.886        ; 0.184          ; Low Pulse Width ; clk   ; Rise       ; packer_ppa_boundary:u_boundary|flags_in_q[4] ;
; 4.702 ; 4.886        ; 0.184          ; Low Pulse Width ; clk   ; Rise       ; packer_ppa_boundary:u_boundary|frac_q[35]    ;
; 4.702 ; 4.886        ; 0.184          ; Low Pulse Width ; clk   ; Rise       ; packer_ppa_boundary:u_boundary|frac_q[36]    ;
; 4.702 ; 4.886        ; 0.184          ; Low Pulse Width ; clk   ; Rise       ; packer_ppa_boundary:u_boundary|frac_q[37]    ;
; 4.702 ; 4.886        ; 0.184          ; Low Pulse Width ; clk   ; Rise       ; packer_ppa_boundary:u_boundary|frac_q[38]    ;
; 4.702 ; 4.886        ; 0.184          ; Low Pulse Width ; clk   ; Rise       ; packer_ppa_boundary:u_boundary|frac_q[39]    ;
; 4.702 ; 4.886        ; 0.184          ; Low Pulse Width ; clk   ; Rise       ; packer_ppa_boundary:u_boundary|frac_q[40]    ;
; 4.702 ; 4.886        ; 0.184          ; Low Pulse Width ; clk   ; Rise       ; packer_ppa_boundary:u_boundary|frac_q[41]    ;
; 4.702 ; 4.886        ; 0.184          ; Low Pulse Width ; clk   ; Rise       ; packer_ppa_boundary:u_boundary|frac_q[42]    ;
; 4.702 ; 4.886        ; 0.184          ; Low Pulse Width ; clk   ; Rise       ; packer_ppa_boundary:u_boundary|frac_q[43]    ;
; 4.702 ; 4.886        ; 0.184          ; Low Pulse Width ; clk   ; Rise       ; packer_ppa_boundary:u_boundary|frac_q[44]    ;
; 4.702 ; 4.886        ; 0.184          ; Low Pulse Width ; clk   ; Rise       ; packer_ppa_boundary:u_boundary|frac_q[45]    ;
; 4.702 ; 4.886        ; 0.184          ; Low Pulse Width ; clk   ; Rise       ; packer_ppa_boundary:u_boundary|is_nar_q      ;
+-------+--------------+----------------+-----------------+-------+------------+----------------------------------------------+


+----------------------------------------------------------------------------+
; Setup Times                                                                ;
+--------------+------------+--------+--------+------------+-----------------+
; Data Port    ; Clock Port ; Rise   ; Fall   ; Clock Edge ; Clock Reference ;
+--------------+------------+--------+--------+------------+-----------------+
; flags_in[*]  ; clk        ; 1.729  ; 2.125  ; Rise       ; clk             ;
;  flags_in[0] ; clk        ; 1.547  ; 1.891  ; Rise       ; clk             ;
;  flags_in[1] ; clk        ; 1.716  ; 2.108  ; Rise       ; clk             ;
;  flags_in[2] ; clk        ; 1.729  ; 2.125  ; Rise       ; clk             ;
;  flags_in[3] ; clk        ; 1.582  ; 1.922  ; Rise       ; clk             ;
;  flags_in[4] ; clk        ; 1.427  ; 1.750  ; Rise       ; clk             ;
; frac[*]      ; clk        ; 2.179  ; 2.551  ; Rise       ; clk             ;
;  frac[0]     ; clk        ; 1.396  ; 1.725  ; Rise       ; clk             ;
;  frac[1]     ; clk        ; 1.815  ; 2.180  ; Rise       ; clk             ;
;  frac[2]     ; clk        ; 1.728  ; 2.108  ; Rise       ; clk             ;
;  frac[3]     ; clk        ; 2.083  ; 2.425  ; Rise       ; clk             ;
;  frac[4]     ; clk        ; -0.195 ; -0.067 ; Rise       ; clk             ;
;  frac[5]     ; clk        ; 2.115  ; 2.518  ; Rise       ; clk             ;
;  frac[6]     ; clk        ; 1.804  ; 2.174  ; Rise       ; clk             ;
;  frac[7]     ; clk        ; 1.541  ; 1.867  ; Rise       ; clk             ;
;  frac[8]     ; clk        ; 1.575  ; 1.913  ; Rise       ; clk             ;
;  frac[9]     ; clk        ; 1.905  ; 2.272  ; Rise       ; clk             ;
;  frac[10]    ; clk        ; 2.034  ; 2.406  ; Rise       ; clk             ;
;  frac[11]    ; clk        ; 1.973  ; 2.343  ; Rise       ; clk             ;
;  frac[12]    ; clk        ; 1.928  ; 2.276  ; Rise       ; clk             ;
;  frac[13]    ; clk        ; 2.081  ; 2.481  ; Rise       ; clk             ;
;  frac[14]    ; clk        ; 1.948  ; 2.383  ; Rise       ; clk             ;
;  frac[15]    ; clk        ; 1.735  ; 2.081  ; Rise       ; clk             ;
;  frac[16]    ; clk        ; 2.058  ; 2.444  ; Rise       ; clk             ;
;  frac[17]    ; clk        ; 1.611  ; 1.973  ; Rise       ; clk             ;
;  frac[18]    ; clk        ; 1.995  ; 2.362  ; Rise       ; clk             ;
;  frac[19]    ; clk        ; 1.993  ; 2.365  ; Rise       ; clk             ;
;  frac[20]    ; clk        ; 2.129  ; 2.478  ; Rise       ; clk             ;
;  frac[21]    ; clk        ; 2.033  ; 2.381  ; Rise       ; clk             ;
;  frac[22]    ; clk        ; 2.179  ; 2.551  ; Rise       ; clk             ;
;  frac[23]    ; clk        ; -0.096 ; 0.043  ; Rise       ; clk             ;
;  frac[24]    ; clk        ; 1.912  ; 2.299  ; Rise       ; clk             ;
;  frac[25]    ; clk        ; 0.036  ; 0.165  ; Rise       ; clk             ;
;  frac[26]    ; clk        ; 1.940  ; 2.288  ; Rise       ; clk             ;
;  frac[27]    ; clk        ; 1.834  ; 2.257  ; Rise       ; clk             ;
;  frac[28]    ; clk        ; 1.910  ; 2.318  ; Rise       ; clk             ;
;  frac[29]    ; clk        ; 2.074  ; 2.439  ; Rise       ; clk             ;
;  frac[30]    ; clk        ; 1.825  ; 2.163  ; Rise       ; clk             ;
;  frac[31]    ; clk        ; 1.791  ; 2.190  ; Rise       ; clk             ;
;  frac[32]    ; clk        ; 1.609  ; 1.960  ; Rise       ; clk             ;
;  frac[33]    ; clk        ; 1.847  ; 2.262  ; Rise       ; clk             ;
;  frac[34]    ; clk        ; 1.894  ; 2.246  ; Rise       ; clk             ;
;  frac[35]    ; clk        ; -0.083 ; 0.048  ; Rise       ; clk             ;
;  frac[36]    ; clk        ; -0.071 ; 0.056  ; Rise       ; clk             ;
;  frac[37]    ; clk        ; -0.143 ; -0.011 ; Rise       ; clk             ;
;  frac[38]    ; clk        ; 1.932  ; 2.260  ; Rise       ; clk             ;
;  frac[39]    ; clk        ; 1.802  ; 2.159  ; Rise       ; clk             ;
;  frac[40]    ; clk        ; -0.369 ; -0.234 ; Rise       ; clk             ;
;  frac[41]    ; clk        ; 2.071  ; 2.472  ; Rise       ; clk             ;
;  frac[42]    ; clk        ; 1.844  ; 2.254  ; Rise       ; clk             ;
;  frac[43]    ; clk        ; 1.822  ; 2.210  ; Rise       ; clk             ;
;  frac[44]    ; clk        ; 1.806  ; 2.196  ; Rise       ; clk             ;
;  frac[45]    ; clk        ; 1.799  ; 2.125  ; Rise       ; clk             ;
;  frac[46]    ; clk        ; 2.117  ; 2.497  ; Rise       ; clk             ;
;  frac[47]    ; clk        ; 1.746  ; 2.078  ; Rise       ; clk             ;
;  frac[48]    ; clk        ; 1.715  ; 2.105  ; Rise       ; clk             ;
;  frac[49]    ; clk        ; 1.904  ; 2.262  ; Rise       ; clk             ;
;  frac[50]    ; clk        ; 1.803  ; 2.176  ; Rise       ; clk             ;
;  frac[51]    ; clk        ; 1.788  ; 2.183  ; Rise       ; clk             ;
;  frac[52]    ; clk        ; 2.095  ; 2.489  ; Rise       ; clk             ;
;  frac[53]    ; clk        ; 1.768  ; 2.150  ; Rise       ; clk             ;
;  frac[54]    ; clk        ; 2.009  ; 2.348  ; Rise       ; clk             ;
; is_nar       ; clk        ; 1.719  ; 2.053  ; Rise       ; clk             ;
; is_zero      ; clk        ; 1.613  ; 1.963  ; Rise       ; clk             ;
; sf[*]        ; clk        ; 2.233  ; 2.553  ; Rise       ; clk             ;
;  sf[0]       ; clk        ; 1.715  ; 2.064  ; Rise       ; clk             ;
;  sf[1]       ; clk        ; 1.975  ; 2.366  ; Rise       ; clk             ;
;  sf[2]       ; clk        ; 1.697  ; 2.051  ; Rise       ; clk             ;
;  sf[3]       ; clk        ; 2.073  ; 2.472  ; Rise       ; clk             ;
;  sf[4]       ; clk        ; 1.769  ; 2.095  ; Rise       ; clk             ;
;  sf[5]       ; clk        ; 1.734  ; 2.095  ; Rise       ; clk             ;
;  sf[6]       ; clk        ; 1.592  ; 1.995  ; Rise       ; clk             ;
;  sf[7]       ; clk        ; 2.233  ; 2.553  ; Rise       ; clk             ;
;  sf[8]       ; clk        ; 1.830  ; 2.242  ; Rise       ; clk             ;
;  sf[9]       ; clk        ; 1.562  ; 1.900  ; Rise       ; clk             ;
; sign         ; clk        ; 1.809  ; 2.154  ; Rise       ; clk             ;
; sticky       ; clk        ; 1.969  ; 2.359  ; Rise       ; clk             ;
+--------------+------------+--------+--------+------------+-----------------+


+----------------------------------------------------------------------------+
; Hold Times                                                                 ;
+--------------+------------+--------+--------+------------+-----------------+
; Data Port    ; Clock Port ; Rise   ; Fall   ; Clock Edge ; Clock Reference ;
+--------------+------------+--------+--------+------------+-----------------+
; flags_in[*]  ; clk        ; -1.096 ; -1.405 ; Rise       ; clk             ;
;  flags_in[0] ; clk        ; -1.209 ; -1.539 ; Rise       ; clk             ;
;  flags_in[1] ; clk        ; -1.357 ; -1.737 ; Rise       ; clk             ;
;  flags_in[2] ; clk        ; -1.383 ; -1.763 ; Rise       ; clk             ;
;  flags_in[3] ; clk        ; -1.241 ; -1.567 ; Rise       ; clk             ;
;  flags_in[4] ; clk        ; -1.096 ; -1.405 ; Rise       ; clk             ;
; frac[*]      ; clk        ; 0.615  ; 0.480  ; Rise       ; clk             ;
;  frac[0]     ; clk        ; -1.065 ; -1.379 ; Rise       ; clk             ;
;  frac[1]     ; clk        ; -1.475 ; -1.831 ; Rise       ; clk             ;
;  frac[2]     ; clk        ; -1.392 ; -1.762 ; Rise       ; clk             ;
;  frac[3]     ; clk        ; -1.735 ; -2.067 ; Rise       ; clk             ;
;  frac[4]     ; clk        ; 0.450  ; 0.321  ; Rise       ; clk             ;
;  frac[5]     ; clk        ; -1.763 ; -2.155 ; Rise       ; clk             ;
;  frac[6]     ; clk        ; -1.465 ; -1.825 ; Rise       ; clk             ;
;  frac[7]     ; clk        ; -1.215 ; -1.531 ; Rise       ; clk             ;
;  frac[8]     ; clk        ; -1.248 ; -1.576 ; Rise       ; clk             ;
;  frac[9]     ; clk        ; -1.565 ; -1.921 ; Rise       ; clk             ;
;  frac[10]    ; clk        ; -1.686 ; -2.049 ; Rise       ; clk             ;
;  frac[11]    ; clk        ; -1.628 ; -1.989 ; Rise       ; clk             ;
;  frac[12]    ; clk        ; -1.585 ; -1.924 ; Rise       ; clk             ;
;  frac[13]    ; clk        ; -1.732 ; -2.121 ; Rise       ; clk             ;
;  frac[14]    ; clk        ; -1.603 ; -2.025 ; Rise       ; clk             ;
;  frac[15]    ; clk        ; -1.398 ; -1.736 ; Rise       ; clk             ;
;  frac[16]    ; clk        ; -1.709 ; -2.084 ; Rise       ; clk             ;
;  frac[17]    ; clk        ; -1.282 ; -1.633 ; Rise       ; clk             ;
;  frac[18]    ; clk        ; -1.648 ; -2.005 ; Rise       ; clk             ;
;  frac[19]    ; clk        ; -1.646 ; -2.008 ; Rise       ; clk             ;
;  frac[20]    ; clk        ; -1.779 ; -2.118 ; Rise       ; clk             ;
;  frac[21]    ; clk        ; -1.687 ; -2.025 ; Rise       ; clk             ;
;  frac[22]    ; clk        ; -1.825 ; -2.186 ; Rise       ; clk             ;
;  frac[23]    ; clk        ; 0.355  ; 0.215  ; Rise       ; clk             ;
;  frac[24]    ; clk        ; -1.571 ; -1.946 ; Rise       ; clk             ;
;  frac[25]    ; clk        ; 0.226  ; 0.097  ; Rise       ; clk             ;
;  frac[26]    ; clk        ; -1.596 ; -1.936 ; Rise       ; clk             ;
;  frac[27]    ; clk        ; -1.495 ; -1.906 ; Rise       ; clk             ;
;  frac[28]    ; clk        ; -1.567 ; -1.965 ; Rise       ; clk             ;
;  frac[29]    ; clk        ; -1.728 ; -2.081 ; Rise       ; clk             ;
;  frac[30]    ; clk        ; -1.489 ; -1.817 ; Rise       ; clk             ;
;  frac[31]    ; clk        ; -1.454 ; -1.841 ; Rise       ; clk             ;
;  frac[32]    ; clk        ; -1.281 ; -1.622 ; Rise       ; clk             ;
;  frac[33]    ; clk        ; -1.507 ; -1.911 ; Rise       ; clk             ;
;  frac[34]    ; clk        ; -1.554 ; -1.896 ; Rise       ; clk             ;
;  frac[35]    ; clk        ; 0.341  ; 0.209  ; Rise       ; clk             ;
;  frac[36]    ; clk        ; 0.329  ; 0.202  ; Rise       ; clk             ;
;  frac[37]    ; clk        ; 0.399  ; 0.266  ; Rise       ; clk             ;
;  frac[38]    ; clk        ; -1.591 ; -1.910 ; Rise       ; clk             ;
;  frac[39]    ; clk        ; -1.467 ; -1.813 ; Rise       ; clk             ;
;  frac[40]    ; clk        ; 0.615  ; 0.480  ; Rise       ; clk             ;
;  frac[41]    ; clk        ; -1.722 ; -2.112 ; Rise       ; clk             ;
;  frac[42]    ; clk        ; -1.505 ; -1.903 ; Rise       ; clk             ;
;  frac[43]    ; clk        ; -1.484 ; -1.860 ; Rise       ; clk             ;
;  frac[44]    ; clk        ; -1.468 ; -1.848 ; Rise       ; clk             ;
;  frac[45]    ; clk        ; -1.464 ; -1.780 ; Rise       ; clk             ;
;  frac[46]    ; clk        ; -1.769 ; -2.137 ; Rise       ; clk             ;
;  frac[47]    ; clk        ; -1.412 ; -1.733 ; Rise       ; clk             ;
;  frac[48]    ; clk        ; -1.379 ; -1.758 ; Rise       ; clk             ;
;  frac[49]    ; clk        ; -1.564 ; -1.910 ; Rise       ; clk             ;
;  frac[50]    ; clk        ; -1.463 ; -1.827 ; Rise       ; clk             ;
;  frac[51]    ; clk        ; -1.449 ; -1.834 ; Rise       ; clk             ;
;  frac[52]    ; clk        ; -1.746 ; -2.128 ; Rise       ; clk             ;
;  frac[53]    ; clk        ; -1.430 ; -1.801 ; Rise       ; clk             ;
;  frac[54]    ; clk        ; -1.665 ; -1.994 ; Rise       ; clk             ;
; is_nar       ; clk        ; -1.377 ; -1.695 ; Rise       ; clk             ;
; is_zero      ; clk        ; -1.272 ; -1.607 ; Rise       ; clk             ;
; sf[*]        ; clk        ; -1.236 ; -1.564 ; Rise       ; clk             ;
;  sf[0]       ; clk        ; -1.380 ; -1.720 ; Rise       ; clk             ;
;  sf[1]       ; clk        ; -1.630 ; -2.010 ; Rise       ; clk             ;
;  sf[2]       ; clk        ; -1.364 ; -1.708 ; Rise       ; clk             ;
;  sf[3]       ; clk        ; -1.723 ; -2.111 ; Rise       ; clk             ;
;  sf[4]       ; clk        ; -1.420 ; -1.733 ; Rise       ; clk             ;
;  sf[5]       ; clk        ; -1.390 ; -1.734 ; Rise       ; clk             ;
;  sf[6]       ; clk        ; -1.262 ; -1.653 ; Rise       ; clk             ;
;  sf[7]       ; clk        ; -1.880 ; -2.190 ; Rise       ; clk             ;
;  sf[8]       ; clk        ; -1.490 ; -1.891 ; Rise       ; clk             ;
;  sf[9]       ; clk        ; -1.236 ; -1.564 ; Rise       ; clk             ;
; sign         ; clk        ; -1.460 ; -1.792 ; Rise       ; clk             ;
; sticky       ; clk        ; -1.623 ; -2.003 ; Rise       ; clk             ;
+--------------+------------+--------+--------+------------+-----------------+


+-----------------------------------------------------------------------+
; Clock to Output Times                                                 ;
+-----------+------------+-------+-------+------------+-----------------+
; Data Port ; Clock Port ; Rise  ; Fall  ; Clock Edge ; Clock Reference ;
+-----------+------------+-------+-------+------------+-----------------+
; d[*]      ; clk        ; 7.707 ; 7.777 ; Rise       ; clk             ;
;  d[0]     ; clk        ; 6.055 ; 6.091 ; Rise       ; clk             ;
;  d[1]     ; clk        ; 6.129 ; 6.109 ; Rise       ; clk             ;
;  d[2]     ; clk        ; 6.678 ; 6.614 ; Rise       ; clk             ;
;  d[3]     ; clk        ; 5.945 ; 5.970 ; Rise       ; clk             ;
;  d[4]     ; clk        ; 5.575 ; 5.643 ; Rise       ; clk             ;
;  d[5]     ; clk        ; 6.003 ; 6.027 ; Rise       ; clk             ;
;  d[6]     ; clk        ; 6.184 ; 6.266 ; Rise       ; clk             ;
;  d[7]     ; clk        ; 5.272 ; 5.256 ; Rise       ; clk             ;
;  d[8]     ; clk        ; 5.977 ; 5.973 ; Rise       ; clk             ;
;  d[9]     ; clk        ; 5.764 ; 5.677 ; Rise       ; clk             ;
;  d[10]    ; clk        ; 5.784 ; 5.819 ; Rise       ; clk             ;
;  d[11]    ; clk        ; 6.372 ; 6.301 ; Rise       ; clk             ;
;  d[12]    ; clk        ; 5.919 ; 5.869 ; Rise       ; clk             ;
;  d[13]    ; clk        ; 5.647 ; 5.643 ; Rise       ; clk             ;
;  d[14]    ; clk        ; 5.407 ; 5.449 ; Rise       ; clk             ;
;  d[15]    ; clk        ; 5.594 ; 5.586 ; Rise       ; clk             ;
;  d[16]    ; clk        ; 5.690 ; 5.668 ; Rise       ; clk             ;
;  d[17]    ; clk        ; 5.742 ; 5.717 ; Rise       ; clk             ;
;  d[18]    ; clk        ; 6.010 ; 6.027 ; Rise       ; clk             ;
;  d[19]    ; clk        ; 6.540 ; 6.565 ; Rise       ; clk             ;
;  d[20]    ; clk        ; 6.024 ; 6.033 ; Rise       ; clk             ;
;  d[21]    ; clk        ; 5.839 ; 5.839 ; Rise       ; clk             ;
;  d[22]    ; clk        ; 6.129 ; 6.124 ; Rise       ; clk             ;
;  d[23]    ; clk        ; 6.928 ; 6.941 ; Rise       ; clk             ;
;  d[24]    ; clk        ; 6.419 ; 6.408 ; Rise       ; clk             ;
;  d[25]    ; clk        ; 7.022 ; 7.058 ; Rise       ; clk             ;
;  d[26]    ; clk        ; 7.707 ; 7.777 ; Rise       ; clk             ;
;  d[27]    ; clk        ; 6.048 ; 6.089 ; Rise       ; clk             ;
;  d[28]    ; clk        ; 7.352 ; 7.393 ; Rise       ; clk             ;
;  d[29]    ; clk        ; 7.455 ; 7.521 ; Rise       ; clk             ;
;  d[30]    ; clk        ; 6.543 ; 6.582 ; Rise       ; clk             ;
;  d[31]    ; clk        ; 6.040 ; 5.986 ; Rise       ; clk             ;
; flags[*]  ; clk        ; 6.023 ; 6.073 ; Rise       ; clk             ;
;  flags[0] ; clk        ; 5.970 ; 5.976 ; Rise       ; clk             ;
;  flags[1] ; clk        ; 5.939 ; 5.911 ; Rise       ; clk             ;
;  flags[2] ; clk        ; 5.508 ; 5.520 ; Rise       ; clk             ;
;  flags[3] ; clk        ; 6.023 ; 6.073 ; Rise       ; clk             ;
;  flags[4] ; clk        ; 5.541 ; 5.542 ; Rise       ; clk             ;
; out_valid ; clk        ; 5.791 ; 5.799 ; Rise       ; clk             ;
+-----------+------------+-------+-------+------------+-----------------+


+-----------------------------------------------------------------------+
; Minimum Clock to Output Times                                         ;
+-----------+------------+-------+-------+------------+-----------------+
; Data Port ; Clock Port ; Rise  ; Fall  ; Clock Edge ; Clock Reference ;
+-----------+------------+-------+-------+------------+-----------------+
; d[*]      ; clk        ; 5.090 ; 5.073 ; Rise       ; clk             ;
;  d[0]     ; clk        ; 5.838 ; 5.873 ; Rise       ; clk             ;
;  d[1]     ; clk        ; 5.913 ; 5.893 ; Rise       ; clk             ;
;  d[2]     ; clk        ; 6.437 ; 6.376 ; Rise       ; clk             ;
;  d[3]     ; clk        ; 5.734 ; 5.757 ; Rise       ; clk             ;
;  d[4]     ; clk        ; 5.375 ; 5.441 ; Rise       ; clk             ;
;  d[5]     ; clk        ; 5.790 ; 5.812 ; Rise       ; clk             ;
;  d[6]     ; clk        ; 5.963 ; 6.040 ; Rise       ; clk             ;
;  d[7]     ; clk        ; 5.090 ; 5.073 ; Rise       ; clk             ;
;  d[8]     ; clk        ; 5.764 ; 5.759 ; Rise       ; clk             ;
;  d[9]     ; clk        ; 5.562 ; 5.478 ; Rise       ; clk             ;
;  d[10]    ; clk        ; 5.579 ; 5.612 ; Rise       ; clk             ;
;  d[11]    ; clk        ; 6.146 ; 6.077 ; Rise       ; clk             ;
;  d[12]    ; clk        ; 5.711 ; 5.662 ; Rise       ; clk             ;
;  d[13]    ; clk        ; 5.447 ; 5.442 ; Rise       ; clk             ;
;  d[14]    ; clk        ; 5.220 ; 5.259 ; Rise       ; clk             ;
;  d[15]    ; clk        ; 5.400 ; 5.390 ; Rise       ; clk             ;
;  d[16]    ; clk        ; 5.489 ; 5.466 ; Rise       ; clk             ;
;  d[17]    ; clk        ; 5.542 ; 5.516 ; Rise       ; clk             ;
;  d[18]    ; clk        ; 5.795 ; 5.811 ; Rise       ; clk             ;
;  d[19]    ; clk        ; 6.305 ; 6.327 ; Rise       ; clk             ;
;  d[20]    ; clk        ; 5.809 ; 5.818 ; Rise       ; clk             ;
;  d[21]    ; clk        ; 5.635 ; 5.634 ; Rise       ; clk             ;
;  d[22]    ; clk        ; 5.909 ; 5.903 ; Rise       ; clk             ;
;  d[23]    ; clk        ; 6.680 ; 6.691 ; Rise       ; clk             ;
;  d[24]    ; clk        ; 6.189 ; 6.178 ; Rise       ; clk             ;
;  d[25]    ; clk        ; 6.768 ; 6.802 ; Rise       ; clk             ;
;  d[26]    ; clk        ; 7.471 ; 7.539 ; Rise       ; clk             ;
;  d[27]    ; clk        ; 5.833 ; 5.872 ; Rise       ; clk             ;
;  d[28]    ; clk        ; 7.086 ; 7.124 ; Rise       ; clk             ;
;  d[29]    ; clk        ; 7.228 ; 7.292 ; Rise       ; clk             ;
;  d[30]    ; clk        ; 6.307 ; 6.344 ; Rise       ; clk             ;
;  d[31]    ; clk        ; 5.825 ; 5.773 ; Rise       ; clk             ;
; flags[*]  ; clk        ; 5.315 ; 5.326 ; Rise       ; clk             ;
;  flags[0] ; clk        ; 5.758 ; 5.763 ; Rise       ; clk             ;
;  flags[1] ; clk        ; 5.727 ; 5.700 ; Rise       ; clk             ;
;  flags[2] ; clk        ; 5.315 ; 5.326 ; Rise       ; clk             ;
;  flags[3] ; clk        ; 5.807 ; 5.855 ; Rise       ; clk             ;
;  flags[4] ; clk        ; 5.345 ; 5.345 ; Rise       ; clk             ;
; out_valid ; clk        ; 5.586 ; 5.593 ; Rise       ; clk             ;
+-----------+------------+-------+-------+------------+-----------------+


---------------------------------------------
; Slow 1200mV 0C Model Metastability Report ;
---------------------------------------------
No synchronizer chains to report.


+------------------------------------+
; Fast 1200mV 0C Model Setup Summary ;
+-------+-------+--------------------+
; Clock ; Slack ; End Point TNS      ;
+-------+-------+--------------------+
; clk   ; 4.410 ; 0.000              ;
+-------+-------+--------------------+


+-----------------------------------+
; Fast 1200mV 0C Model Hold Summary ;
+-------+-------+-------------------+
; Clock ; Slack ; End Point TNS     ;
+-------+-------+-------------------+
; clk   ; 0.193 ; 0.000             ;
+-------+-------+-------------------+


+---------------------------------------+
; Fast 1200mV 0C Model Recovery Summary ;
+-------+-------+-----------------------+
; Clock ; Slack ; End Point TNS         ;
+-------+-------+-----------------------+
; clk   ; 8.231 ; 0.000                 ;
+-------+-------+-----------------------+


+--------------------------------------+
; Fast 1200mV 0C Model Removal Summary ;
+-------+-------+----------------------+
; Clock ; Slack ; End Point TNS        ;
+-------+-------+----------------------+
; clk   ; 1.218 ; 0.000                ;
+-------+-------+----------------------+


+--------------------------------------------------+
; Fast 1200mV 0C Model Minimum Pulse Width Summary ;
+-------+-------+----------------------------------+
; Clock ; Slack ; End Point TNS                    ;
+-------+-------+----------------------------------+
; clk   ; 4.418 ; 0.000                            ;
+-------+-------+----------------------------------+


+---------------------------------------------------------------------------------------------------------------------------------------------------------------+
; Fast 1200mV 0C Model Setup: 'clk'                                                                                                                             ;
+-------+---------------------------------------------+-----------------------------------+--------------+-------------+--------------+------------+------------+
; Slack ; From Node                                   ; To Node                           ; Launch Clock ; Latch Clock ; Relationship ; Clock Skew ; Data Delay ;
+-------+---------------------------------------------+-----------------------------------+--------------+-------------+--------------+------------+------------+
; 4.410 ; posit_pack:u_packer|g_rne.p1_sticky_bit_q   ; posit_pack:u_packer|g_rne.d_q[31] ; clk          ; clk         ; 10.000       ; 0.119      ; 5.696      ;
; 4.410 ; posit_pack:u_packer|g_rne.p1_guard_bit_q    ; posit_pack:u_packer|g_rne.d_q[31] ; clk          ; clk         ; 10.000       ; 0.119      ; 5.696      ;
; 4.494 ; posit_pack:u_packer|g_rne.p1_mag_trunc_q[0] ; posit_pack:u_packer|g_rne.d_q[31] ; clk          ; clk         ; 10.000       ; 0.119      ; 5.612      ;
; 4.513 ; posit_pack:u_packer|g_rne.p1_sticky_bit_q   ; posit_pack:u_packer|g_rne.d_q[29] ; clk          ; clk         ; 10.000       ; 0.122      ; 5.596      ;
; 4.513 ; posit_pack:u_packer|g_rne.p1_guard_bit_q    ; posit_pack:u_packer|g_rne.d_q[29] ; clk          ; clk         ; 10.000       ; 0.122      ; 5.596      ;
; 4.572 ; posit_pack:u_packer|g_rne.p1_round_bit_q    ; posit_pack:u_packer|g_rne.d_q[31] ; clk          ; clk         ; 10.000       ; 0.119      ; 5.534      ;
; 4.597 ; posit_pack:u_packer|g_rne.p1_mag_trunc_q[0] ; posit_pack:u_packer|g_rne.d_q[29] ; clk          ; clk         ; 10.000       ; 0.122      ; 5.512      ;
; 4.613 ; posit_pack:u_packer|g_rne.p1_sticky_bit_q   ; posit_pack:u_packer|g_rne.d_q[26] ; clk          ; clk         ; 10.000       ; 0.121      ; 5.495      ;
; 4.613 ; posit_pack:u_packer|g_rne.p1_guard_bit_q    ; posit_pack:u_packer|g_rne.d_q[26] ; clk          ; clk         ; 10.000       ; 0.121      ; 5.495      ;
; 4.624 ; posit_pack:u_packer|g_rne.p1_sticky_bit_q   ; posit_pack:u_packer|g_rne.d_q[24] ; clk          ; clk         ; 10.000       ; 0.121      ; 5.484      ;
; 4.624 ; posit_pack:u_packer|g_rne.p1_guard_bit_q    ; posit_pack:u_packer|g_rne.d_q[24] ; clk          ; clk         ; 10.000       ; 0.121      ; 5.484      ;
; 4.645 ; posit_pack:u_packer|g_rne.p1_sticky_bit_q   ; posit_pack:u_packer|g_rne.d_q[30] ; clk          ; clk         ; 10.000       ; 0.122      ; 5.464      ;
; 4.645 ; posit_pack:u_packer|g_rne.p1_guard_bit_q    ; posit_pack:u_packer|g_rne.d_q[30] ; clk          ; clk         ; 10.000       ; 0.122      ; 5.464      ;
; 4.668 ; posit_pack:u_packer|g_rne.p1_sticky_bit_q   ; posit_pack:u_packer|g_rne.d_q[18] ; clk          ; clk         ; 10.000       ; 0.122      ; 5.441      ;
; 4.668 ; posit_pack:u_packer|g_rne.p1_guard_bit_q    ; posit_pack:u_packer|g_rne.d_q[18] ; clk          ; clk         ; 10.000       ; 0.122      ; 5.441      ;
; 4.675 ; posit_pack:u_packer|g_rne.p1_round_bit_q    ; posit_pack:u_packer|g_rne.d_q[29] ; clk          ; clk         ; 10.000       ; 0.122      ; 5.434      ;
; 4.686 ; posit_pack:u_packer|g_rne.p1_sticky_bit_q   ; posit_pack:u_packer|g_rne.d_q[20] ; clk          ; clk         ; 10.000       ; 0.121      ; 5.422      ;
; 4.686 ; posit_pack:u_packer|g_rne.p1_guard_bit_q    ; posit_pack:u_packer|g_rne.d_q[20] ; clk          ; clk         ; 10.000       ; 0.121      ; 5.422      ;
; 4.691 ; posit_pack:u_packer|g_rne.p1_mag_trunc_q[5] ; posit_pack:u_packer|g_rne.d_q[31] ; clk          ; clk         ; 10.000       ; 0.136      ; 5.432      ;
; 4.697 ; posit_pack:u_packer|g_rne.p1_mag_trunc_q[0] ; posit_pack:u_packer|g_rne.d_q[26] ; clk          ; clk         ; 10.000       ; 0.121      ; 5.411      ;
; 4.707 ; posit_pack:u_packer|g_rne.p1_sticky_bit_q   ; posit_pack:u_packer|g_rne.d_q[28] ; clk          ; clk         ; 10.000       ; 0.122      ; 5.402      ;
; 4.707 ; posit_pack:u_packer|g_rne.p1_guard_bit_q    ; posit_pack:u_packer|g_rne.d_q[28] ; clk          ; clk         ; 10.000       ; 0.122      ; 5.402      ;
; 4.708 ; posit_pack:u_packer|g_rne.p1_mag_trunc_q[0] ; posit_pack:u_packer|g_rne.d_q[24] ; clk          ; clk         ; 10.000       ; 0.121      ; 5.400      ;
; 4.729 ; posit_pack:u_packer|g_rne.p1_mag_trunc_q[0] ; posit_pack:u_packer|g_rne.d_q[30] ; clk          ; clk         ; 10.000       ; 0.122      ; 5.380      ;
; 4.732 ; posit_pack:u_packer|g_rne.p1_sticky_bit_q   ; posit_pack:u_packer|g_rne.d_q[27] ; clk          ; clk         ; 10.000       ; 0.124      ; 5.379      ;
; 4.732 ; posit_pack:u_packer|g_rne.p1_guard_bit_q    ; posit_pack:u_packer|g_rne.d_q[27] ; clk          ; clk         ; 10.000       ; 0.124      ; 5.379      ;
; 4.734 ; posit_pack:u_packer|g_rne.p1_mag_trunc_q[4] ; posit_pack:u_packer|g_rne.d_q[31] ; clk          ; clk         ; 10.000       ; 0.136      ; 5.389      ;
; 4.752 ; posit_pack:u_packer|g_rne.p1_mag_trunc_q[0] ; posit_pack:u_packer|g_rne.d_q[18] ; clk          ; clk         ; 10.000       ; 0.122      ; 5.357      ;
; 4.761 ; posit_pack:u_packer|g_rne.p1_sticky_bit_q   ; posit_pack:u_packer|g_rne.d_q[22] ; clk          ; clk         ; 10.000       ; 0.121      ; 5.347      ;
; 4.761 ; posit_pack:u_packer|g_rne.p1_guard_bit_q    ; posit_pack:u_packer|g_rne.d_q[22] ; clk          ; clk         ; 10.000       ; 0.121      ; 5.347      ;
; 4.770 ; posit_pack:u_packer|g_rne.p1_mag_trunc_q[0] ; posit_pack:u_packer|g_rne.d_q[20] ; clk          ; clk         ; 10.000       ; 0.121      ; 5.338      ;
; 4.775 ; posit_pack:u_packer|g_rne.p1_round_bit_q    ; posit_pack:u_packer|g_rne.d_q[26] ; clk          ; clk         ; 10.000       ; 0.121      ; 5.333      ;
; 4.786 ; posit_pack:u_packer|g_rne.p1_round_bit_q    ; posit_pack:u_packer|g_rne.d_q[24] ; clk          ; clk         ; 10.000       ; 0.121      ; 5.322      ;
; 4.791 ; posit_pack:u_packer|g_rne.p1_mag_trunc_q[0] ; posit_pack:u_packer|g_rne.d_q[28] ; clk          ; clk         ; 10.000       ; 0.122      ; 5.318      ;
; 4.794 ; posit_pack:u_packer|g_rne.p1_mag_trunc_q[5] ; posit_pack:u_packer|g_rne.d_q[29] ; clk          ; clk         ; 10.000       ; 0.139      ; 5.332      ;
; 4.800 ; posit_pack:u_packer|g_rne.p1_sticky_bit_q   ; posit_pack:u_packer|g_rne.d_q[25] ; clk          ; clk         ; 10.000       ; 0.124      ; 5.311      ;
; 4.800 ; posit_pack:u_packer|g_rne.p1_guard_bit_q    ; posit_pack:u_packer|g_rne.d_q[25] ; clk          ; clk         ; 10.000       ; 0.124      ; 5.311      ;
; 4.804 ; posit_pack:u_packer|g_rne.p1_sticky_bit_q   ; posit_pack:u_packer|g_rne.d_q[17] ; clk          ; clk         ; 10.000       ; 0.122      ; 5.305      ;
; 4.804 ; posit_pack:u_packer|g_rne.p1_guard_bit_q    ; posit_pack:u_packer|g_rne.d_q[17] ; clk          ; clk         ; 10.000       ; 0.122      ; 5.305      ;
; 4.807 ; posit_pack:u_packer|g_rne.p1_round_bit_q    ; posit_pack:u_packer|g_rne.d_q[30] ; clk          ; clk         ; 10.000       ; 0.122      ; 5.302      ;
; 4.816 ; posit_pack:u_packer|g_rne.p1_mag_trunc_q[0] ; posit_pack:u_packer|g_rne.d_q[27] ; clk          ; clk         ; 10.000       ; 0.124      ; 5.295      ;
; 4.830 ; posit_pack:u_packer|g_rne.p1_round_bit_q    ; posit_pack:u_packer|g_rne.d_q[18] ; clk          ; clk         ; 10.000       ; 0.122      ; 5.279      ;
; 4.837 ; posit_pack:u_packer|g_rne.p1_mag_trunc_q[4] ; posit_pack:u_packer|g_rne.d_q[29] ; clk          ; clk         ; 10.000       ; 0.139      ; 5.289      ;
; 4.838 ; posit_pack:u_packer|g_rne.p1_mag_trunc_q[1] ; posit_pack:u_packer|g_rne.d_q[31] ; clk          ; clk         ; 10.000       ; 0.135      ; 5.284      ;
; 4.840 ; posit_pack:u_packer|g_rne.p1_sticky_bit_q   ; posit_pack:u_packer|g_rne.d_q[19] ; clk          ; clk         ; 10.000       ; 0.133      ; 5.280      ;
; 4.840 ; posit_pack:u_packer|g_rne.p1_guard_bit_q    ; posit_pack:u_packer|g_rne.d_q[19] ; clk          ; clk         ; 10.000       ; 0.133      ; 5.280      ;
; 4.845 ; posit_pack:u_packer|g_rne.p1_mag_trunc_q[0] ; posit_pack:u_packer|g_rne.d_q[22] ; clk          ; clk         ; 10.000       ; 0.121      ; 5.263      ;
; 4.848 ; posit_pack:u_packer|g_rne.p1_round_bit_q    ; posit_pack:u_packer|g_rne.d_q[20] ; clk          ; clk         ; 10.000       ; 0.121      ; 5.260      ;
; 4.866 ; posit_pack:u_packer|g_rne.p1_sticky_bit_q   ; posit_pack:u_packer|g_rne.d_q[23] ; clk          ; clk         ; 10.000       ; 0.124      ; 5.245      ;
; 4.866 ; posit_pack:u_packer|g_rne.p1_guard_bit_q    ; posit_pack:u_packer|g_rne.d_q[23] ; clk          ; clk         ; 10.000       ; 0.124      ; 5.245      ;
; 4.868 ; posit_pack:u_packer|g_rne.p1_sticky_bit_q   ; posit_pack:u_packer|g_rne.d_q[16] ; clk          ; clk         ; 10.000       ; 0.122      ; 5.241      ;
; 4.868 ; posit_pack:u_packer|g_rne.p1_guard_bit_q    ; posit_pack:u_packer|g_rne.d_q[16] ; clk          ; clk         ; 10.000       ; 0.122      ; 5.241      ;
; 4.869 ; posit_pack:u_packer|g_rne.p1_round_bit_q    ; posit_pack:u_packer|g_rne.d_q[28] ; clk          ; clk         ; 10.000       ; 0.122      ; 5.240      ;
; 4.884 ; posit_pack:u_packer|g_rne.p1_mag_trunc_q[0] ; posit_pack:u_packer|g_rne.d_q[25] ; clk          ; clk         ; 10.000       ; 0.124      ; 5.227      ;
; 4.888 ; posit_pack:u_packer|g_rne.p1_mag_trunc_q[0] ; posit_pack:u_packer|g_rne.d_q[17] ; clk          ; clk         ; 10.000       ; 0.122      ; 5.221      ;
; 4.894 ; posit_pack:u_packer|g_rne.p1_mag_trunc_q[5] ; posit_pack:u_packer|g_rne.d_q[26] ; clk          ; clk         ; 10.000       ; 0.138      ; 5.231      ;
; 4.894 ; posit_pack:u_packer|g_rne.p1_round_bit_q    ; posit_pack:u_packer|g_rne.d_q[27] ; clk          ; clk         ; 10.000       ; 0.124      ; 5.217      ;
; 4.903 ; posit_pack:u_packer|g_rne.p1_mag_trunc_q[3] ; posit_pack:u_packer|g_rne.d_q[31] ; clk          ; clk         ; 10.000       ; 0.135      ; 5.219      ;
; 4.905 ; posit_pack:u_packer|g_rne.p1_mag_trunc_q[5] ; posit_pack:u_packer|g_rne.d_q[24] ; clk          ; clk         ; 10.000       ; 0.138      ; 5.220      ;
; 4.915 ; posit_pack:u_packer|g_rne.p1_mag_trunc_q[2] ; posit_pack:u_packer|g_rne.d_q[31] ; clk          ; clk         ; 10.000       ; 0.135      ; 5.207      ;
; 4.923 ; posit_pack:u_packer|g_rne.p1_round_bit_q    ; posit_pack:u_packer|g_rne.d_q[22] ; clk          ; clk         ; 10.000       ; 0.121      ; 5.185      ;
; 4.924 ; posit_pack:u_packer|g_rne.p1_sticky_bit_q   ; posit_pack:u_packer|g_rne.d_q[13] ; clk          ; clk         ; 10.000       ; 0.133      ; 5.196      ;
; 4.924 ; posit_pack:u_packer|g_rne.p1_sticky_bit_q   ; posit_pack:u_packer|g_rne.d_q[21] ; clk          ; clk         ; 10.000       ; 0.124      ; 5.187      ;
; 4.924 ; posit_pack:u_packer|g_rne.p1_mag_trunc_q[0] ; posit_pack:u_packer|g_rne.d_q[19] ; clk          ; clk         ; 10.000       ; 0.133      ; 5.196      ;
; 4.924 ; posit_pack:u_packer|g_rne.p1_guard_bit_q    ; posit_pack:u_packer|g_rne.d_q[13] ; clk          ; clk         ; 10.000       ; 0.133      ; 5.196      ;
; 4.924 ; posit_pack:u_packer|g_rne.p1_guard_bit_q    ; posit_pack:u_packer|g_rne.d_q[21] ; clk          ; clk         ; 10.000       ; 0.124      ; 5.187      ;
; 4.926 ; posit_pack:u_packer|g_rne.p1_mag_trunc_q[5] ; posit_pack:u_packer|g_rne.d_q[30] ; clk          ; clk         ; 10.000       ; 0.139      ; 5.200      ;
; 4.936 ; posit_pack:u_packer|g_rne.p1_sticky_bit_q   ; posit_pack:u_packer|g_rne.d_q[15] ; clk          ; clk         ; 10.000       ; 0.119      ; 5.170      ;
; 4.936 ; posit_pack:u_packer|g_rne.p1_guard_bit_q    ; posit_pack:u_packer|g_rne.d_q[15] ; clk          ; clk         ; 10.000       ; 0.119      ; 5.170      ;
; 4.937 ; posit_pack:u_packer|g_rne.p1_mag_trunc_q[4] ; posit_pack:u_packer|g_rne.d_q[26] ; clk          ; clk         ; 10.000       ; 0.138      ; 5.188      ;
; 4.941 ; posit_pack:u_packer|g_rne.p1_mag_trunc_q[1] ; posit_pack:u_packer|g_rne.d_q[29] ; clk          ; clk         ; 10.000       ; 0.138      ; 5.184      ;
; 4.948 ; posit_pack:u_packer|g_rne.p1_mag_trunc_q[4] ; posit_pack:u_packer|g_rne.d_q[24] ; clk          ; clk         ; 10.000       ; 0.138      ; 5.177      ;
; 4.949 ; posit_pack:u_packer|g_rne.p1_mag_trunc_q[5] ; posit_pack:u_packer|g_rne.d_q[18] ; clk          ; clk         ; 10.000       ; 0.139      ; 5.177      ;
; 4.950 ; posit_pack:u_packer|g_rne.p1_mag_trunc_q[0] ; posit_pack:u_packer|g_rne.d_q[23] ; clk          ; clk         ; 10.000       ; 0.124      ; 5.161      ;
; 4.952 ; posit_pack:u_packer|g_rne.p1_mag_trunc_q[0] ; posit_pack:u_packer|g_rne.d_q[16] ; clk          ; clk         ; 10.000       ; 0.122      ; 5.157      ;
; 4.962 ; posit_pack:u_packer|g_rne.p1_round_bit_q    ; posit_pack:u_packer|g_rne.d_q[25] ; clk          ; clk         ; 10.000       ; 0.124      ; 5.149      ;
; 4.966 ; posit_pack:u_packer|g_rne.p1_round_bit_q    ; posit_pack:u_packer|g_rne.d_q[17] ; clk          ; clk         ; 10.000       ; 0.122      ; 5.143      ;
; 4.967 ; posit_pack:u_packer|g_rne.p1_mag_trunc_q[5] ; posit_pack:u_packer|g_rne.d_q[20] ; clk          ; clk         ; 10.000       ; 0.138      ; 5.158      ;
; 4.969 ; posit_pack:u_packer|g_rne.p1_mag_trunc_q[4] ; posit_pack:u_packer|g_rne.d_q[30] ; clk          ; clk         ; 10.000       ; 0.139      ; 5.157      ;
; 4.969 ; posit_pack:u_packer|g_rne.p1_sticky_bit_q   ; posit_pack:u_packer|g_rne.d_q[6]  ; clk          ; clk         ; 10.000       ; 0.122      ; 5.140      ;
; 4.969 ; posit_pack:u_packer|g_rne.p1_guard_bit_q    ; posit_pack:u_packer|g_rne.d_q[6]  ; clk          ; clk         ; 10.000       ; 0.122      ; 5.140      ;
; 4.988 ; posit_pack:u_packer|g_rne.p1_mag_trunc_q[5] ; posit_pack:u_packer|g_rne.d_q[28] ; clk          ; clk         ; 10.000       ; 0.139      ; 5.138      ;
; 4.992 ; posit_pack:u_packer|g_rne.p1_mag_trunc_q[4] ; posit_pack:u_packer|g_rne.d_q[18] ; clk          ; clk         ; 10.000       ; 0.139      ; 5.134      ;
; 5.002 ; posit_pack:u_packer|g_rne.p1_round_bit_q    ; posit_pack:u_packer|g_rne.d_q[19] ; clk          ; clk         ; 10.000       ; 0.133      ; 5.118      ;
; 5.006 ; posit_pack:u_packer|g_rne.p1_mag_trunc_q[3] ; posit_pack:u_packer|g_rne.d_q[29] ; clk          ; clk         ; 10.000       ; 0.138      ; 5.119      ;
; 5.008 ; posit_pack:u_packer|g_rne.p1_mag_trunc_q[0] ; posit_pack:u_packer|g_rne.d_q[13] ; clk          ; clk         ; 10.000       ; 0.133      ; 5.112      ;
; 5.008 ; posit_pack:u_packer|g_rne.p1_mag_trunc_q[0] ; posit_pack:u_packer|g_rne.d_q[21] ; clk          ; clk         ; 10.000       ; 0.124      ; 5.103      ;
; 5.010 ; posit_pack:u_packer|g_rne.p1_mag_trunc_q[4] ; posit_pack:u_packer|g_rne.d_q[20] ; clk          ; clk         ; 10.000       ; 0.138      ; 5.115      ;
; 5.013 ; posit_pack:u_packer|g_rne.p1_mag_trunc_q[5] ; posit_pack:u_packer|g_rne.d_q[27] ; clk          ; clk         ; 10.000       ; 0.141      ; 5.115      ;
; 5.018 ; posit_pack:u_packer|g_rne.p1_mag_trunc_q[2] ; posit_pack:u_packer|g_rne.d_q[29] ; clk          ; clk         ; 10.000       ; 0.138      ; 5.107      ;
; 5.020 ; posit_pack:u_packer|g_rne.p1_mag_trunc_q[0] ; posit_pack:u_packer|g_rne.d_q[15] ; clk          ; clk         ; 10.000       ; 0.119      ; 5.086      ;
; 5.025 ; posit_pack:u_packer|g_rne.p1_sticky_bit_q   ; posit_pack:u_packer|g_rne.d_q[14] ; clk          ; clk         ; 10.000       ; 0.122      ; 5.084      ;
; 5.025 ; posit_pack:u_packer|g_rne.p1_guard_bit_q    ; posit_pack:u_packer|g_rne.d_q[14] ; clk          ; clk         ; 10.000       ; 0.122      ; 5.084      ;
; 5.028 ; posit_pack:u_packer|g_rne.p1_round_bit_q    ; posit_pack:u_packer|g_rne.d_q[23] ; clk          ; clk         ; 10.000       ; 0.124      ; 5.083      ;
; 5.030 ; posit_pack:u_packer|g_rne.p1_round_bit_q    ; posit_pack:u_packer|g_rne.d_q[16] ; clk          ; clk         ; 10.000       ; 0.122      ; 5.079      ;
; 5.031 ; posit_pack:u_packer|g_rne.p1_mag_trunc_q[4] ; posit_pack:u_packer|g_rne.d_q[28] ; clk          ; clk         ; 10.000       ; 0.139      ; 5.095      ;
; 5.036 ; posit_pack:u_packer|g_rne.p1_mag_trunc_q[7] ; posit_pack:u_packer|g_rne.d_q[31] ; clk          ; clk         ; 10.000       ; 0.135      ; 5.086      ;
; 5.041 ; posit_pack:u_packer|g_rne.p1_mag_trunc_q[1] ; posit_pack:u_packer|g_rne.d_q[26] ; clk          ; clk         ; 10.000       ; 0.137      ; 5.083      ;
; 5.042 ; posit_pack:u_packer|g_rne.p1_mag_trunc_q[5] ; posit_pack:u_packer|g_rne.d_q[22] ; clk          ; clk         ; 10.000       ; 0.138      ; 5.083      ;
; 5.044 ; posit_pack:u_packer|g_rne.p1_sticky_bit_q   ; posit_pack:u_packer|g_rne.d_q[8]  ; clk          ; clk         ; 10.000       ; 0.122      ; 5.065      ;
+-------+---------------------------------------------+-----------------------------------+--------------+-------------+--------------+------------+------------+


+-----------------------------------------------------------------------------------------------------------------------------------------------------------------------------+
; Fast 1200mV 0C Model Hold: 'clk'                                                                                                                                            ;
+-------+-----------------------------------------------+-----------------------------------------------+--------------+-------------+--------------+------------+------------+
; Slack ; From Node                                     ; To Node                                       ; Launch Clock ; Latch Clock ; Relationship ; Clock Skew ; Data Delay ;
+-------+-----------------------------------------------+-----------------------------------------------+--------------+-------------+--------------+------------+------------+
; 0.193 ; packer_ppa_boundary:u_boundary|meta_sync1     ; packer_ppa_boundary:u_boundary|meta_sync2     ; clk          ; clk         ; 0.000        ; 0.037      ; 0.314      ;
; 0.194 ; packer_ppa_boundary:u_boundary|sign_q         ; posit_pack:u_packer|g_rne.p1_sign_q           ; clk          ; clk         ; 0.000        ; 0.036      ; 0.314      ;
; 0.194 ; packer_ppa_boundary:u_boundary|flags_in_q[0]  ; posit_pack:u_packer|g_rne.p1_flags_q[0]       ; clk          ; clk         ; 0.000        ; 0.036      ; 0.314      ;
; 0.212 ; posit_pack:u_packer|g_rne.p1_flags_q[4]       ; posit_pack:u_packer|g_rne.flags_q[4]          ; clk          ; clk         ; 0.000        ; 0.233      ; 0.529      ;
; 0.221 ; posit_pack:u_packer|g_rne.p1_flags_q[3]       ; posit_pack:u_packer|g_rne.flags_q[3]          ; clk          ; clk         ; 0.000        ; 0.233      ; 0.538      ;
; 0.223 ; packer_ppa_boundary:u_boundary|is_nar_q       ; posit_pack:u_packer|g_rne.p1_special_sel_q[2] ; clk          ; clk         ; 0.000        ; 0.036      ; 0.343      ;
; 0.261 ; packer_ppa_boundary:u_boundary|flags_in_q[3]  ; posit_pack:u_packer|g_rne.p1_flags_q[3]       ; clk          ; clk         ; 0.000        ; 0.036      ; 0.381      ;
; 0.269 ; posit_pack:u_packer|g_rne.p1_sign_q           ; posit_pack:u_packer|g_rne.d_q[31]             ; clk          ; clk         ; 0.000        ; 0.217      ; 0.570      ;
; 0.270 ; packer_ppa_boundary:u_boundary|flags_in_q[2]  ; posit_pack:u_packer|g_rne.p1_flags_q[2]       ; clk          ; clk         ; 0.000        ; 0.036      ; 0.390      ;
; 0.273 ; packer_ppa_boundary:u_boundary|flags_in_q[4]  ; posit_pack:u_packer|g_rne.p1_special_sel_q[1] ; clk          ; clk         ; 0.000        ; 0.036      ; 0.393      ;
; 0.274 ; packer_ppa_boundary:u_boundary|flags_in_q[4]  ; posit_pack:u_packer|g_rne.p1_special_sel_q[0] ; clk          ; clk         ; 0.000        ; 0.036      ; 0.394      ;
; 0.277 ; packer_ppa_boundary:u_boundary|flags_in_q[4]  ; posit_pack:u_packer|g_rne.p1_flags_q[0]       ; clk          ; clk         ; 0.000        ; 0.036      ; 0.397      ;
; 0.278 ; posit_pack:u_packer|g_rne.p1_special_sel_q[2] ; posit_pack:u_packer|g_rne.flags_q[2]          ; clk          ; clk         ; 0.000        ; 0.220      ; 0.582      ;
; 0.284 ; packer_ppa_boundary:u_boundary|is_zero_q      ; posit_pack:u_packer|g_rne.p1_special_sel_q[2] ; clk          ; clk         ; 0.000        ; 0.036      ; 0.404      ;
; 0.286 ; posit_pack:u_packer|g_rne.p1_flags_q[2]       ; posit_pack:u_packer|g_rne.flags_q[2]          ; clk          ; clk         ; 0.000        ; 0.220      ; 0.590      ;
; 0.291 ; packer_ppa_boundary:u_boundary|is_zero_q      ; posit_pack:u_packer|g_rne.p1_flags_q[2]       ; clk          ; clk         ; 0.000        ; 0.036      ; 0.411      ;
; 0.294 ; posit_pack:u_packer|g_rne.p1_flags_q[0]       ; posit_pack:u_packer|g_rne.flags_q[0]          ; clk          ; clk         ; 0.000        ; 0.220      ; 0.598      ;
; 0.302 ; posit_pack:u_packer|g_rne.p1_special_sel_q[1] ; posit_pack:u_packer|g_rne.d_q[19]             ; clk          ; clk         ; 0.000        ; 0.233      ; 0.619      ;
; 0.303 ; posit_pack:u_packer|g_rne.p1_special_sel_q[1] ; posit_pack:u_packer|g_rne.flags_q[4]          ; clk          ; clk         ; 0.000        ; 0.233      ; 0.620      ;
; 0.304 ; posit_pack:u_packer|g_rne.p1_special_sel_q[1] ; posit_pack:u_packer|g_rne.flags_q[3]          ; clk          ; clk         ; 0.000        ; 0.233      ; 0.621      ;
; 0.306 ; posit_pack:u_packer|g_rne.p1_special_sel_q[1] ; posit_pack:u_packer|g_rne.d_q[13]             ; clk          ; clk         ; 0.000        ; 0.233      ; 0.623      ;
; 0.313 ; posit_pack:u_packer|g_rne.p1_special_sel_q[2] ; posit_pack:u_packer|g_rne.flags_q[1]          ; clk          ; clk         ; 0.000        ; 0.233      ; 0.630      ;
; 0.323 ; packer_ppa_boundary:u_boundary|is_nar_q       ; posit_pack:u_packer|g_rne.p1_special_sel_q[1] ; clk          ; clk         ; 0.000        ; 0.036      ; 0.443      ;
; 0.331 ; packer_ppa_boundary:u_boundary|is_nar_q       ; posit_pack:u_packer|g_rne.p1_flags_q[0]       ; clk          ; clk         ; 0.000        ; 0.036      ; 0.451      ;
; 0.337 ; posit_pack:u_packer|g_rne.p1_special_sel_q[0] ; posit_pack:u_packer|g_rne.d_q[2]              ; clk          ; clk         ; 0.000        ; 0.220      ; 0.641      ;
; 0.337 ; packer_ppa_boundary:u_boundary|is_zero_q      ; posit_pack:u_packer|g_rne.p1_special_sel_q[0] ; clk          ; clk         ; 0.000        ; 0.036      ; 0.457      ;
; 0.339 ; posit_pack:u_packer|g_rne.p1_special_sel_q[0] ; posit_pack:u_packer|g_rne.d_q[1]              ; clk          ; clk         ; 0.000        ; 0.220      ; 0.643      ;
; 0.339 ; posit_pack:u_packer|g_rne.p1_special_sel_q[0] ; posit_pack:u_packer|g_rne.d_q[4]              ; clk          ; clk         ; 0.000        ; 0.220      ; 0.643      ;
; 0.343 ; packer_ppa_boundary:u_boundary|is_nar_q       ; posit_pack:u_packer|g_rne.p1_special_sel_q[0] ; clk          ; clk         ; 0.000        ; 0.036      ; 0.463      ;
; 0.354 ; posit_pack:u_packer|g_rne.p1_special_sel_q[1] ; posit_pack:u_packer|g_rne.flags_q[1]          ; clk          ; clk         ; 0.000        ; 0.233      ; 0.671      ;
; 0.358 ; posit_pack:u_packer|g_rne.p1_special_sel_q[2] ; posit_pack:u_packer|g_rne.d_q[19]             ; clk          ; clk         ; 0.000        ; 0.233      ; 0.675      ;
; 0.363 ; posit_pack:u_packer|g_rne.p1_special_sel_q[0] ; posit_pack:u_packer|g_rne.flags_q[1]          ; clk          ; clk         ; 0.000        ; 0.233      ; 0.680      ;
; 0.364 ; posit_pack:u_packer|g_rne.p1_special_sel_q[2] ; posit_pack:u_packer|g_rne.d_q[13]             ; clk          ; clk         ; 0.000        ; 0.233      ; 0.681      ;
; 0.367 ; posit_pack:u_packer|g_rne.d_q[6]              ; packer_ppa_boundary:u_boundary|d[6]           ; clk          ; clk         ; 0.000        ; -0.138     ; 0.313      ;
; 0.367 ; packer_ppa_boundary:u_boundary|flags_in_q[4]  ; posit_pack:u_packer|g_rne.p1_special_sel_q[2] ; clk          ; clk         ; 0.000        ; 0.036      ; 0.487      ;
; 0.367 ; packer_ppa_boundary:u_boundary|is_zero_q      ; posit_pack:u_packer|g_rne.p1_special_sel_q[1] ; clk          ; clk         ; 0.000        ; 0.036      ; 0.487      ;
; 0.368 ; posit_pack:u_packer|g_rne.d_q[30]             ; packer_ppa_boundary:u_boundary|d[30]          ; clk          ; clk         ; 0.000        ; -0.139     ; 0.313      ;
; 0.368 ; posit_pack:u_packer|g_rne.d_q[31]             ; packer_ppa_boundary:u_boundary|d[31]          ; clk          ; clk         ; 0.000        ; -0.138     ; 0.314      ;
; 0.369 ; posit_pack:u_packer|g_rne.d_q[8]              ; packer_ppa_boundary:u_boundary|d[8]           ; clk          ; clk         ; 0.000        ; -0.138     ; 0.315      ;
; 0.369 ; posit_pack:u_packer|g_rne.d_q[9]              ; packer_ppa_boundary:u_boundary|d[9]           ; clk          ; clk         ; 0.000        ; -0.138     ; 0.315      ;
; 0.369 ; posit_pack:u_packer|g_rne.d_q[14]             ; packer_ppa_boundary:u_boundary|d[14]          ; clk          ; clk         ; 0.000        ; -0.138     ; 0.315      ;
; 0.369 ; posit_pack:u_packer|g_rne.d_q[22]             ; packer_ppa_boundary:u_boundary|d[22]          ; clk          ; clk         ; 0.000        ; -0.138     ; 0.315      ;
; 0.369 ; posit_pack:u_packer|g_rne.d_q[24]             ; packer_ppa_boundary:u_boundary|d[24]          ; clk          ; clk         ; 0.000        ; -0.138     ; 0.315      ;
; 0.369 ; posit_pack:u_packer|g_rne.p1_special_sel_q[2] ; posit_pack:u_packer|g_rne.flags_q[4]          ; clk          ; clk         ; 0.000        ; 0.233      ; 0.686      ;
; 0.370 ; posit_pack:u_packer|g_rne.d_q[12]             ; packer_ppa_boundary:u_boundary|d[12]          ; clk          ; clk         ; 0.000        ; -0.138     ; 0.316      ;
; 0.371 ; posit_pack:u_packer|g_rne.d_q[1]              ; packer_ppa_boundary:u_boundary|d[1]           ; clk          ; clk         ; 0.000        ; -0.138     ; 0.317      ;
; 0.371 ; posit_pack:u_packer|g_rne.d_q[27]             ; packer_ppa_boundary:u_boundary|d[27]          ; clk          ; clk         ; 0.000        ; -0.140     ; 0.315      ;
; 0.371 ; posit_pack:u_packer|g_rne.d_q[28]             ; packer_ppa_boundary:u_boundary|d[28]          ; clk          ; clk         ; 0.000        ; -0.139     ; 0.316      ;
; 0.371 ; posit_pack:u_packer|g_rne.d_q[29]             ; packer_ppa_boundary:u_boundary|d[29]          ; clk          ; clk         ; 0.000        ; -0.139     ; 0.316      ;
; 0.371 ; posit_pack:u_packer|g_rne.p1_special_sel_q[0] ; posit_pack:u_packer|g_rne.flags_q[3]          ; clk          ; clk         ; 0.000        ; 0.233      ; 0.688      ;
; 0.374 ; posit_pack:u_packer|g_rne.p1_special_sel_q[1] ; posit_pack:u_packer|g_rne.d_q[2]              ; clk          ; clk         ; 0.000        ; 0.220      ; 0.678      ;
; 0.375 ; posit_pack:u_packer|g_rne.p1_special_sel_q[0] ; posit_pack:u_packer|g_rne.d_q[19]             ; clk          ; clk         ; 0.000        ; 0.233      ; 0.692      ;
; 0.377 ; posit_pack:u_packer|g_rne.p1_special_sel_q[0] ; posit_pack:u_packer|g_rne.d_q[13]             ; clk          ; clk         ; 0.000        ; 0.233      ; 0.694      ;
; 0.377 ; posit_pack:u_packer|g_rne.p1_flags_q[1]       ; posit_pack:u_packer|g_rne.flags_q[1]          ; clk          ; clk         ; 0.000        ; 0.233      ; 0.694      ;
; 0.378 ; posit_pack:u_packer|g_rne.p1_special_sel_q[1] ; posit_pack:u_packer|g_rne.d_q[4]              ; clk          ; clk         ; 0.000        ; 0.220      ; 0.682      ;
; 0.379 ; posit_pack:u_packer|g_rne.p1_special_sel_q[1] ; posit_pack:u_packer|g_rne.d_q[1]              ; clk          ; clk         ; 0.000        ; 0.220      ; 0.683      ;
; 0.380 ; posit_pack:u_packer|g_rne.flags_q[4]          ; packer_ppa_boundary:u_boundary|flags[4]       ; clk          ; clk         ; 0.000        ; -0.150     ; 0.314      ;
; 0.382 ; posit_pack:u_packer|g_rne.flags_q[1]          ; packer_ppa_boundary:u_boundary|flags[1]       ; clk          ; clk         ; 0.000        ; -0.150     ; 0.316      ;
; 0.382 ; posit_pack:u_packer|g_rne.p1_special_sel_q[2] ; posit_pack:u_packer|g_rne.flags_q[3]          ; clk          ; clk         ; 0.000        ; 0.233      ; 0.699      ;
; 0.383 ; posit_pack:u_packer|g_rne.d_q[13]             ; packer_ppa_boundary:u_boundary|d[13]          ; clk          ; clk         ; 0.000        ; -0.150     ; 0.317      ;
; 0.383 ; posit_pack:u_packer|g_rne.p1_special_sel_q[2] ; posit_pack:u_packer|g_rne.d_q[22]             ; clk          ; clk         ; 0.000        ; 0.220      ; 0.687      ;
; 0.384 ; posit_pack:u_packer|g_rne.p1_special_sel_q[0] ; posit_pack:u_packer|g_rne.flags_q[4]          ; clk          ; clk         ; 0.000        ; 0.233      ; 0.701      ;
; 0.385 ; posit_pack:u_packer|g_rne.p1_special_sel_q[2] ; posit_pack:u_packer|g_rne.d_q[24]             ; clk          ; clk         ; 0.000        ; 0.220      ; 0.689      ;
; 0.385 ; posit_pack:u_packer|g_rne.p1_special_sel_q[2] ; posit_pack:u_packer|g_rne.d_q[2]              ; clk          ; clk         ; 0.000        ; 0.220      ; 0.689      ;
; 0.387 ; posit_pack:u_packer|g_rne.p1_special_sel_q[2] ; posit_pack:u_packer|g_rne.d_q[26]             ; clk          ; clk         ; 0.000        ; 0.220      ; 0.691      ;
; 0.388 ; packer_ppa_boundary:u_boundary|is_nar_q       ; posit_pack:u_packer|g_rne.p1_flags_q[4]       ; clk          ; clk         ; 0.000        ; 0.036      ; 0.508      ;
; 0.390 ; posit_pack:u_packer|g_rne.p1_special_sel_q[2] ; posit_pack:u_packer|g_rne.d_q[4]              ; clk          ; clk         ; 0.000        ; 0.220      ; 0.694      ;
; 0.391 ; posit_pack:u_packer|g_rne.p1_special_sel_q[2] ; posit_pack:u_packer|g_rne.d_q[1]              ; clk          ; clk         ; 0.000        ; 0.220      ; 0.695      ;
; 0.403 ; posit_pack:u_packer|g_rne.p1_special_sel_q[0] ; posit_pack:u_packer|g_rne.d_q[5]              ; clk          ; clk         ; 0.000        ; 0.218      ; 0.705      ;
; 0.403 ; posit_pack:u_packer|g_rne.p1_special_sel_q[0] ; posit_pack:u_packer|g_rne.d_q[9]              ; clk          ; clk         ; 0.000        ; 0.218      ; 0.705      ;
; 0.404 ; posit_pack:u_packer|g_rne.p1_special_sel_q[0] ; posit_pack:u_packer|g_rne.d_q[7]              ; clk          ; clk         ; 0.000        ; 0.218      ; 0.706      ;
; 0.406 ; posit_pack:u_packer|g_rne.p1_special_sel_q[0] ; posit_pack:u_packer|g_rne.d_q[3]              ; clk          ; clk         ; 0.000        ; 0.218      ; 0.708      ;
; 0.406 ; posit_pack:u_packer|g_rne.p1_special_sel_q[0] ; posit_pack:u_packer|g_rne.d_q[11]             ; clk          ; clk         ; 0.000        ; 0.218      ; 0.708      ;
; 0.406 ; posit_pack:u_packer|g_rne.p1_special_sel_q[0] ; posit_pack:u_packer|g_rne.d_q[15]             ; clk          ; clk         ; 0.000        ; 0.218      ; 0.708      ;
; 0.406 ; posit_pack:u_packer|g_rne.p1_special_sel_q[0] ; posit_pack:u_packer|g_rne.flags_q[2]          ; clk          ; clk         ; 0.000        ; 0.220      ; 0.710      ;
; 0.406 ; posit_pack:u_packer|g_rne.p1_special_sel_q[0] ; posit_pack:u_packer|g_rne.flags_q[0]          ; clk          ; clk         ; 0.000        ; 0.220      ; 0.710      ;
; 0.407 ; posit_pack:u_packer|g_rne.p1_special_sel_q[2] ; posit_pack:u_packer|g_rne.d_q[20]             ; clk          ; clk         ; 0.000        ; 0.220      ; 0.711      ;
; 0.410 ; posit_pack:u_packer|g_rne.p1_special_sel_q[0] ; posit_pack:u_packer|g_rne.d_q[22]             ; clk          ; clk         ; 0.000        ; 0.220      ; 0.714      ;
; 0.410 ; posit_pack:u_packer|g_rne.p1_special_sel_q[0] ; posit_pack:u_packer|g_rne.d_q[24]             ; clk          ; clk         ; 0.000        ; 0.220      ; 0.714      ;
; 0.410 ; posit_pack:u_packer|g_rne.p1_special_sel_q[0] ; posit_pack:u_packer|g_rne.d_q[26]             ; clk          ; clk         ; 0.000        ; 0.220      ; 0.714      ;
; 0.410 ; posit_pack:u_packer|g_rne.p1_special_sel_q[2] ; posit_pack:u_packer|g_rne.flags_q[0]          ; clk          ; clk         ; 0.000        ; 0.220      ; 0.714      ;
; 0.428 ; posit_pack:u_packer|g_rne.p1_special_sel_q[0] ; posit_pack:u_packer|g_rne.d_q[20]             ; clk          ; clk         ; 0.000        ; 0.220      ; 0.732      ;
; 0.439 ; posit_pack:u_packer|g_rne.d_q[7]              ; packer_ppa_boundary:u_boundary|d[7]           ; clk          ; clk         ; 0.000        ; -0.139     ; 0.384      ;
; 0.441 ; posit_pack:u_packer|g_rne.d_q[2]              ; packer_ppa_boundary:u_boundary|d[2]           ; clk          ; clk         ; 0.000        ; -0.138     ; 0.387      ;
; 0.441 ; posit_pack:u_packer|g_rne.d_q[3]              ; packer_ppa_boundary:u_boundary|d[3]           ; clk          ; clk         ; 0.000        ; -0.138     ; 0.387      ;
; 0.442 ; posit_pack:u_packer|g_rne.d_q[0]              ; packer_ppa_boundary:u_boundary|d[0]           ; clk          ; clk         ; 0.000        ; -0.138     ; 0.388      ;
; 0.442 ; posit_pack:u_packer|g_rne.d_q[18]             ; packer_ppa_boundary:u_boundary|d[18]          ; clk          ; clk         ; 0.000        ; -0.138     ; 0.388      ;
; 0.443 ; posit_pack:u_packer|g_rne.d_q[11]             ; packer_ppa_boundary:u_boundary|d[11]          ; clk          ; clk         ; 0.000        ; -0.138     ; 0.389      ;
; 0.443 ; posit_pack:u_packer|g_rne.d_q[21]             ; packer_ppa_boundary:u_boundary|d[21]          ; clk          ; clk         ; 0.000        ; -0.140     ; 0.387      ;
; 0.443 ; posit_pack:u_packer|g_rne.d_q[23]             ; packer_ppa_boundary:u_boundary|d[23]          ; clk          ; clk         ; 0.000        ; -0.140     ; 0.387      ;
; 0.443 ; posit_pack:u_packer|g_rne.d_q[26]             ; packer_ppa_boundary:u_boundary|d[26]          ; clk          ; clk         ; 0.000        ; -0.138     ; 0.389      ;
; 0.444 ; posit_pack:u_packer|g_rne.d_q[20]             ; packer_ppa_boundary:u_boundary|d[20]          ; clk          ; clk         ; 0.000        ; -0.138     ; 0.390      ;
; 0.446 ; posit_pack:u_packer|g_rne.d_q[25]             ; packer_ppa_boundary:u_boundary|d[25]          ; clk          ; clk         ; 0.000        ; -0.140     ; 0.390      ;
; 0.447 ; posit_pack:u_packer|g_rne.d_q[4]              ; packer_ppa_boundary:u_boundary|d[4]           ; clk          ; clk         ; 0.000        ; -0.138     ; 0.393      ;
; 0.448 ; posit_pack:u_packer|g_rne.d_q[5]              ; packer_ppa_boundary:u_boundary|d[5]           ; clk          ; clk         ; 0.000        ; -0.139     ; 0.393      ;
; 0.451 ; packer_ppa_boundary:u_boundary|flags_in_q[4]  ; posit_pack:u_packer|g_rne.p1_flags_q[4]       ; clk          ; clk         ; 0.000        ; 0.036      ; 0.571      ;
; 0.453 ; posit_pack:u_packer|g_rne.p2_valid_q          ; packer_ppa_boundary:u_boundary|out_valid      ; clk          ; clk         ; 0.000        ; -0.153     ; 0.384      ;
; 0.453 ; posit_pack:u_packer|g_rne.flags_q[3]          ; packer_ppa_boundary:u_boundary|flags[3]       ; clk          ; clk         ; 0.000        ; -0.150     ; 0.387      ;
; 0.454 ; posit_pack:u_packer|g_rne.d_q[19]             ; packer_ppa_boundary:u_boundary|d[19]          ; clk          ; clk         ; 0.000        ; -0.150     ; 0.388      ;
; 0.471 ; posit_pack:u_packer|g_rne.p1_valid_q          ; posit_pack:u_packer|g_rne.p2_valid_q          ; clk          ; clk         ; 0.000        ; 0.233      ; 0.788      ;
+-------+-----------------------------------------------+-----------------------------------------------+--------------+-------------+--------------+------------+------------+


+-------------------------------------------------------------------------------------------------------------------------------------------------------------------------+
; Fast 1200mV 0C Model Recovery: 'clk'                                                                                                                                    ;
+-------+-------------------------------------------+-----------------------------------------------+--------------+-------------+--------------+------------+------------+
; Slack ; From Node                                 ; To Node                                       ; Launch Clock ; Latch Clock ; Relationship ; Clock Skew ; Data Delay ;
+-------+-------------------------------------------+-----------------------------------------------+--------------+-------------+--------------+------------+------------+
; 8.231 ; packer_ppa_boundary:u_boundary|meta_sync2 ; packer_ppa_boundary:u_boundary|sf_q[0]        ; clk          ; clk         ; 10.000       ; -0.056     ; 1.700      ;
; 8.231 ; packer_ppa_boundary:u_boundary|meta_sync2 ; packer_ppa_boundary:u_boundary|sf_q[1]        ; clk          ; clk         ; 10.000       ; -0.056     ; 1.700      ;
; 8.231 ; packer_ppa_boundary:u_boundary|meta_sync2 ; packer_ppa_boundary:u_boundary|frac_q[54]     ; clk          ; clk         ; 10.000       ; -0.056     ; 1.700      ;
; 8.231 ; packer_ppa_boundary:u_boundary|meta_sync2 ; posit_pack:u_packer|g_rne.p1_mag_trunc_q[1]   ; clk          ; clk         ; 10.000       ; -0.056     ; 1.700      ;
; 8.231 ; packer_ppa_boundary:u_boundary|meta_sync2 ; posit_pack:u_packer|g_rne.p1_mag_trunc_q[2]   ; clk          ; clk         ; 10.000       ; -0.056     ; 1.700      ;
; 8.231 ; packer_ppa_boundary:u_boundary|meta_sync2 ; posit_pack:u_packer|g_rne.p1_mag_trunc_q[3]   ; clk          ; clk         ; 10.000       ; -0.056     ; 1.700      ;
; 8.231 ; packer_ppa_boundary:u_boundary|meta_sync2 ; posit_pack:u_packer|g_rne.p1_mag_trunc_q[6]   ; clk          ; clk         ; 10.000       ; -0.056     ; 1.700      ;
; 8.231 ; packer_ppa_boundary:u_boundary|meta_sync2 ; posit_pack:u_packer|g_rne.p1_mag_trunc_q[7]   ; clk          ; clk         ; 10.000       ; -0.056     ; 1.700      ;
; 8.231 ; packer_ppa_boundary:u_boundary|meta_sync2 ; posit_pack:u_packer|g_rne.p1_mag_trunc_q[8]   ; clk          ; clk         ; 10.000       ; -0.056     ; 1.700      ;
; 8.231 ; packer_ppa_boundary:u_boundary|meta_sync2 ; posit_pack:u_packer|g_rne.p1_mag_trunc_q[9]   ; clk          ; clk         ; 10.000       ; -0.056     ; 1.700      ;
; 8.231 ; packer_ppa_boundary:u_boundary|meta_sync2 ; posit_pack:u_packer|g_rne.p1_mag_trunc_q[10]  ; clk          ; clk         ; 10.000       ; -0.056     ; 1.700      ;
; 8.231 ; packer_ppa_boundary:u_boundary|meta_sync2 ; posit_pack:u_packer|g_rne.p1_mag_trunc_q[11]  ; clk          ; clk         ; 10.000       ; -0.056     ; 1.700      ;
; 8.231 ; packer_ppa_boundary:u_boundary|meta_sync2 ; posit_pack:u_packer|g_rne.p1_mag_trunc_q[12]  ; clk          ; clk         ; 10.000       ; -0.056     ; 1.700      ;
; 8.231 ; packer_ppa_boundary:u_boundary|meta_sync2 ; posit_pack:u_packer|g_rne.p1_mag_trunc_q[13]  ; clk          ; clk         ; 10.000       ; -0.056     ; 1.700      ;
; 8.231 ; packer_ppa_boundary:u_boundary|meta_sync2 ; posit_pack:u_packer|g_rne.p1_mag_trunc_q[14]  ; clk          ; clk         ; 10.000       ; -0.056     ; 1.700      ;
; 8.231 ; packer_ppa_boundary:u_boundary|meta_sync2 ; posit_pack:u_packer|g_rne.p1_mag_trunc_q[15]  ; clk          ; clk         ; 10.000       ; -0.056     ; 1.700      ;
; 8.231 ; packer_ppa_boundary:u_boundary|meta_sync2 ; posit_pack:u_packer|g_rne.p1_mag_trunc_q[16]  ; clk          ; clk         ; 10.000       ; -0.056     ; 1.700      ;
; 8.231 ; packer_ppa_boundary:u_boundary|meta_sync2 ; posit_pack:u_packer|g_rne.p1_mag_trunc_q[17]  ; clk          ; clk         ; 10.000       ; -0.056     ; 1.700      ;
; 8.231 ; packer_ppa_boundary:u_boundary|meta_sync2 ; posit_pack:u_packer|g_rne.p1_mag_trunc_q[18]  ; clk          ; clk         ; 10.000       ; -0.056     ; 1.700      ;
; 8.231 ; packer_ppa_boundary:u_boundary|meta_sync2 ; posit_pack:u_packer|g_rne.p1_mag_trunc_q[19]  ; clk          ; clk         ; 10.000       ; -0.056     ; 1.700      ;
; 8.231 ; packer_ppa_boundary:u_boundary|meta_sync2 ; posit_pack:u_packer|g_rne.p1_mag_trunc_q[20]  ; clk          ; clk         ; 10.000       ; -0.056     ; 1.700      ;
; 8.231 ; packer_ppa_boundary:u_boundary|meta_sync2 ; posit_pack:u_packer|g_rne.p1_mag_trunc_q[24]  ; clk          ; clk         ; 10.000       ; -0.056     ; 1.700      ;
; 8.231 ; packer_ppa_boundary:u_boundary|meta_sync2 ; posit_pack:u_packer|g_rne.p1_mag_trunc_q[25]  ; clk          ; clk         ; 10.000       ; -0.057     ; 1.699      ;
; 8.231 ; packer_ppa_boundary:u_boundary|meta_sync2 ; posit_pack:u_packer|g_rne.p1_mag_trunc_q[26]  ; clk          ; clk         ; 10.000       ; -0.056     ; 1.700      ;
; 8.231 ; packer_ppa_boundary:u_boundary|meta_sync2 ; posit_pack:u_packer|g_rne.p1_mag_trunc_q[27]  ; clk          ; clk         ; 10.000       ; -0.056     ; 1.700      ;
; 8.231 ; packer_ppa_boundary:u_boundary|meta_sync2 ; posit_pack:u_packer|g_rne.p1_mag_trunc_q[28]  ; clk          ; clk         ; 10.000       ; -0.056     ; 1.700      ;
; 8.231 ; packer_ppa_boundary:u_boundary|meta_sync2 ; posit_pack:u_packer|g_rne.p1_mag_trunc_q[29]  ; clk          ; clk         ; 10.000       ; -0.056     ; 1.700      ;
; 8.231 ; packer_ppa_boundary:u_boundary|meta_sync2 ; posit_pack:u_packer|g_rne.p1_mag_trunc_q[30]  ; clk          ; clk         ; 10.000       ; -0.056     ; 1.700      ;
; 8.231 ; packer_ppa_boundary:u_boundary|meta_sync2 ; packer_ppa_boundary:u_boundary|d[0]           ; clk          ; clk         ; 10.000       ; -0.056     ; 1.700      ;
; 8.231 ; packer_ppa_boundary:u_boundary|meta_sync2 ; packer_ppa_boundary:u_boundary|d[3]           ; clk          ; clk         ; 10.000       ; -0.059     ; 1.697      ;
; 8.231 ; packer_ppa_boundary:u_boundary|meta_sync2 ; packer_ppa_boundary:u_boundary|d[5]           ; clk          ; clk         ; 10.000       ; -0.059     ; 1.697      ;
; 8.231 ; packer_ppa_boundary:u_boundary|meta_sync2 ; packer_ppa_boundary:u_boundary|d[6]           ; clk          ; clk         ; 10.000       ; -0.056     ; 1.700      ;
; 8.231 ; packer_ppa_boundary:u_boundary|meta_sync2 ; packer_ppa_boundary:u_boundary|d[7]           ; clk          ; clk         ; 10.000       ; -0.059     ; 1.697      ;
; 8.231 ; packer_ppa_boundary:u_boundary|meta_sync2 ; packer_ppa_boundary:u_boundary|d[8]           ; clk          ; clk         ; 10.000       ; -0.056     ; 1.700      ;
; 8.231 ; packer_ppa_boundary:u_boundary|meta_sync2 ; packer_ppa_boundary:u_boundary|d[9]           ; clk          ; clk         ; 10.000       ; -0.059     ; 1.697      ;
; 8.231 ; packer_ppa_boundary:u_boundary|meta_sync2 ; packer_ppa_boundary:u_boundary|d[10]          ; clk          ; clk         ; 10.000       ; -0.060     ; 1.696      ;
; 8.231 ; packer_ppa_boundary:u_boundary|meta_sync2 ; packer_ppa_boundary:u_boundary|d[11]          ; clk          ; clk         ; 10.000       ; -0.059     ; 1.697      ;
; 8.231 ; packer_ppa_boundary:u_boundary|meta_sync2 ; packer_ppa_boundary:u_boundary|d[12]          ; clk          ; clk         ; 10.000       ; -0.056     ; 1.700      ;
; 8.231 ; packer_ppa_boundary:u_boundary|meta_sync2 ; packer_ppa_boundary:u_boundary|d[14]          ; clk          ; clk         ; 10.000       ; -0.056     ; 1.700      ;
; 8.231 ; packer_ppa_boundary:u_boundary|meta_sync2 ; packer_ppa_boundary:u_boundary|d[15]          ; clk          ; clk         ; 10.000       ; -0.060     ; 1.696      ;
; 8.231 ; packer_ppa_boundary:u_boundary|meta_sync2 ; packer_ppa_boundary:u_boundary|d[17]          ; clk          ; clk         ; 10.000       ; -0.060     ; 1.696      ;
; 8.231 ; packer_ppa_boundary:u_boundary|meta_sync2 ; packer_ppa_boundary:u_boundary|d[18]          ; clk          ; clk         ; 10.000       ; -0.056     ; 1.700      ;
; 8.231 ; packer_ppa_boundary:u_boundary|meta_sync2 ; packer_ppa_boundary:u_boundary|d[26]          ; clk          ; clk         ; 10.000       ; -0.057     ; 1.699      ;
; 8.231 ; packer_ppa_boundary:u_boundary|meta_sync2 ; packer_ppa_boundary:u_boundary|flags[0]       ; clk          ; clk         ; 10.000       ; -0.057     ; 1.699      ;
; 8.231 ; packer_ppa_boundary:u_boundary|meta_sync2 ; packer_ppa_boundary:u_boundary|flags[2]       ; clk          ; clk         ; 10.000       ; -0.057     ; 1.699      ;
; 8.232 ; packer_ppa_boundary:u_boundary|meta_sync2 ; packer_ppa_boundary:u_boundary|is_nar_q       ; clk          ; clk         ; 10.000       ; -0.060     ; 1.695      ;
; 8.232 ; packer_ppa_boundary:u_boundary|meta_sync2 ; packer_ppa_boundary:u_boundary|flags_in_q[4]  ; clk          ; clk         ; 10.000       ; -0.060     ; 1.695      ;
; 8.232 ; packer_ppa_boundary:u_boundary|meta_sync2 ; packer_ppa_boundary:u_boundary|is_zero_q      ; clk          ; clk         ; 10.000       ; -0.060     ; 1.695      ;
; 8.232 ; packer_ppa_boundary:u_boundary|meta_sync2 ; posit_pack:u_packer|g_rne.p1_mag_trunc_q[4]   ; clk          ; clk         ; 10.000       ; -0.057     ; 1.698      ;
; 8.232 ; packer_ppa_boundary:u_boundary|meta_sync2 ; posit_pack:u_packer|g_rne.p1_mag_trunc_q[5]   ; clk          ; clk         ; 10.000       ; -0.057     ; 1.698      ;
; 8.232 ; packer_ppa_boundary:u_boundary|meta_sync2 ; posit_pack:u_packer|g_rne.p1_valid_q          ; clk          ; clk         ; 10.000       ; -0.056     ; 1.699      ;
; 8.232 ; packer_ppa_boundary:u_boundary|meta_sync2 ; packer_ppa_boundary:u_boundary|out_valid      ; clk          ; clk         ; 10.000       ; -0.056     ; 1.699      ;
; 8.232 ; packer_ppa_boundary:u_boundary|meta_sync2 ; packer_ppa_boundary:u_boundary|sign_q         ; clk          ; clk         ; 10.000       ; -0.059     ; 1.696      ;
; 8.232 ; packer_ppa_boundary:u_boundary|meta_sync2 ; posit_pack:u_packer|g_rne.p1_sign_q           ; clk          ; clk         ; 10.000       ; -0.059     ; 1.696      ;
; 8.232 ; packer_ppa_boundary:u_boundary|meta_sync2 ; posit_pack:u_packer|g_rne.p1_special_sel_q[2] ; clk          ; clk         ; 10.000       ; -0.060     ; 1.695      ;
; 8.232 ; packer_ppa_boundary:u_boundary|meta_sync2 ; posit_pack:u_packer|g_rne.p1_special_sel_q[0] ; clk          ; clk         ; 10.000       ; -0.060     ; 1.695      ;
; 8.232 ; packer_ppa_boundary:u_boundary|meta_sync2 ; posit_pack:u_packer|g_rne.p1_special_sel_q[1] ; clk          ; clk         ; 10.000       ; -0.060     ; 1.695      ;
; 8.232 ; packer_ppa_boundary:u_boundary|meta_sync2 ; packer_ppa_boundary:u_boundary|d[1]           ; clk          ; clk         ; 10.000       ; -0.057     ; 1.698      ;
; 8.232 ; packer_ppa_boundary:u_boundary|meta_sync2 ; packer_ppa_boundary:u_boundary|d[2]           ; clk          ; clk         ; 10.000       ; -0.057     ; 1.698      ;
; 8.232 ; packer_ppa_boundary:u_boundary|meta_sync2 ; packer_ppa_boundary:u_boundary|d[4]           ; clk          ; clk         ; 10.000       ; -0.057     ; 1.698      ;
; 8.232 ; packer_ppa_boundary:u_boundary|meta_sync2 ; packer_ppa_boundary:u_boundary|d[13]          ; clk          ; clk         ; 10.000       ; -0.057     ; 1.698      ;
; 8.232 ; packer_ppa_boundary:u_boundary|meta_sync2 ; packer_ppa_boundary:u_boundary|d[19]          ; clk          ; clk         ; 10.000       ; -0.057     ; 1.698      ;
; 8.232 ; packer_ppa_boundary:u_boundary|meta_sync2 ; packer_ppa_boundary:u_boundary|d[20]          ; clk          ; clk         ; 10.000       ; -0.057     ; 1.698      ;
; 8.232 ; packer_ppa_boundary:u_boundary|meta_sync2 ; packer_ppa_boundary:u_boundary|d[21]          ; clk          ; clk         ; 10.000       ; -0.056     ; 1.699      ;
; 8.232 ; packer_ppa_boundary:u_boundary|meta_sync2 ; packer_ppa_boundary:u_boundary|d[22]          ; clk          ; clk         ; 10.000       ; -0.057     ; 1.698      ;
; 8.232 ; packer_ppa_boundary:u_boundary|meta_sync2 ; packer_ppa_boundary:u_boundary|d[23]          ; clk          ; clk         ; 10.000       ; -0.056     ; 1.699      ;
; 8.232 ; packer_ppa_boundary:u_boundary|meta_sync2 ; packer_ppa_boundary:u_boundary|d[24]          ; clk          ; clk         ; 10.000       ; -0.057     ; 1.698      ;
; 8.232 ; packer_ppa_boundary:u_boundary|meta_sync2 ; packer_ppa_boundary:u_boundary|d[25]          ; clk          ; clk         ; 10.000       ; -0.056     ; 1.699      ;
; 8.232 ; packer_ppa_boundary:u_boundary|meta_sync2 ; packer_ppa_boundary:u_boundary|d[27]          ; clk          ; clk         ; 10.000       ; -0.056     ; 1.699      ;
; 8.232 ; packer_ppa_boundary:u_boundary|meta_sync2 ; packer_ppa_boundary:u_boundary|d[28]          ; clk          ; clk         ; 10.000       ; -0.056     ; 1.699      ;
; 8.232 ; packer_ppa_boundary:u_boundary|meta_sync2 ; packer_ppa_boundary:u_boundary|d[29]          ; clk          ; clk         ; 10.000       ; -0.056     ; 1.699      ;
; 8.232 ; packer_ppa_boundary:u_boundary|meta_sync2 ; packer_ppa_boundary:u_boundary|d[30]          ; clk          ; clk         ; 10.000       ; -0.056     ; 1.699      ;
; 8.232 ; packer_ppa_boundary:u_boundary|meta_sync2 ; packer_ppa_boundary:u_boundary|d[31]          ; clk          ; clk         ; 10.000       ; -0.059     ; 1.696      ;
; 8.232 ; packer_ppa_boundary:u_boundary|meta_sync2 ; packer_ppa_boundary:u_boundary|flags_in_q[0]  ; clk          ; clk         ; 10.000       ; -0.060     ; 1.695      ;
; 8.232 ; packer_ppa_boundary:u_boundary|meta_sync2 ; posit_pack:u_packer|g_rne.p1_flags_q[0]       ; clk          ; clk         ; 10.000       ; -0.060     ; 1.695      ;
; 8.232 ; packer_ppa_boundary:u_boundary|meta_sync2 ; packer_ppa_boundary:u_boundary|flags[1]       ; clk          ; clk         ; 10.000       ; -0.057     ; 1.698      ;
; 8.232 ; packer_ppa_boundary:u_boundary|meta_sync2 ; packer_ppa_boundary:u_boundary|flags_in_q[2]  ; clk          ; clk         ; 10.000       ; -0.060     ; 1.695      ;
; 8.232 ; packer_ppa_boundary:u_boundary|meta_sync2 ; posit_pack:u_packer|g_rne.p1_flags_q[2]       ; clk          ; clk         ; 10.000       ; -0.060     ; 1.695      ;
; 8.232 ; packer_ppa_boundary:u_boundary|meta_sync2 ; packer_ppa_boundary:u_boundary|flags_in_q[3]  ; clk          ; clk         ; 10.000       ; -0.060     ; 1.695      ;
; 8.232 ; packer_ppa_boundary:u_boundary|meta_sync2 ; posit_pack:u_packer|g_rne.p1_flags_q[3]       ; clk          ; clk         ; 10.000       ; -0.060     ; 1.695      ;
; 8.232 ; packer_ppa_boundary:u_boundary|meta_sync2 ; packer_ppa_boundary:u_boundary|flags[3]       ; clk          ; clk         ; 10.000       ; -0.057     ; 1.698      ;
; 8.232 ; packer_ppa_boundary:u_boundary|meta_sync2 ; posit_pack:u_packer|g_rne.p1_flags_q[4]       ; clk          ; clk         ; 10.000       ; -0.060     ; 1.695      ;
; 8.232 ; packer_ppa_boundary:u_boundary|meta_sync2 ; packer_ppa_boundary:u_boundary|flags[4]       ; clk          ; clk         ; 10.000       ; -0.057     ; 1.698      ;
; 8.238 ; packer_ppa_boundary:u_boundary|meta_sync2 ; packer_ppa_boundary:u_boundary|d[16]          ; clk          ; clk         ; 10.000       ; -0.053     ; 1.696      ;
; 8.241 ; packer_ppa_boundary:u_boundary|meta_sync2 ; packer_ppa_boundary:u_boundary|sf_q[9]        ; clk          ; clk         ; 10.000       ; -0.042     ; 1.704      ;
; 8.241 ; packer_ppa_boundary:u_boundary|meta_sync2 ; packer_ppa_boundary:u_boundary|sf_q[2]        ; clk          ; clk         ; 10.000       ; -0.042     ; 1.704      ;
; 8.241 ; packer_ppa_boundary:u_boundary|meta_sync2 ; packer_ppa_boundary:u_boundary|frac_q[46]     ; clk          ; clk         ; 10.000       ; -0.041     ; 1.705      ;
; 8.241 ; packer_ppa_boundary:u_boundary|meta_sync2 ; packer_ppa_boundary:u_boundary|frac_q[31]     ; clk          ; clk         ; 10.000       ; -0.042     ; 1.704      ;
; 8.241 ; packer_ppa_boundary:u_boundary|meta_sync2 ; packer_ppa_boundary:u_boundary|frac_q[32]     ; clk          ; clk         ; 10.000       ; -0.042     ; 1.704      ;
; 8.241 ; packer_ppa_boundary:u_boundary|meta_sync2 ; packer_ppa_boundary:u_boundary|frac_q[34]     ; clk          ; clk         ; 10.000       ; -0.042     ; 1.704      ;
; 8.241 ; packer_ppa_boundary:u_boundary|meta_sync2 ; packer_ppa_boundary:u_boundary|frac_q[33]     ; clk          ; clk         ; 10.000       ; -0.042     ; 1.704      ;
; 8.241 ; packer_ppa_boundary:u_boundary|meta_sync2 ; packer_ppa_boundary:u_boundary|frac_q[27]     ; clk          ; clk         ; 10.000       ; -0.042     ; 1.704      ;
; 8.241 ; packer_ppa_boundary:u_boundary|meta_sync2 ; packer_ppa_boundary:u_boundary|frac_q[28]     ; clk          ; clk         ; 10.000       ; -0.042     ; 1.704      ;
; 8.241 ; packer_ppa_boundary:u_boundary|meta_sync2 ; packer_ppa_boundary:u_boundary|frac_q[30]     ; clk          ; clk         ; 10.000       ; -0.042     ; 1.704      ;
; 8.241 ; packer_ppa_boundary:u_boundary|meta_sync2 ; packer_ppa_boundary:u_boundary|frac_q[29]     ; clk          ; clk         ; 10.000       ; -0.042     ; 1.704      ;
; 8.241 ; packer_ppa_boundary:u_boundary|meta_sync2 ; posit_pack:u_packer|g_rne.p1_guard_bit_q      ; clk          ; clk         ; 10.000       ; -0.040     ; 1.706      ;
; 8.241 ; packer_ppa_boundary:u_boundary|meta_sync2 ; packer_ppa_boundary:u_boundary|frac_q[26]     ; clk          ; clk         ; 10.000       ; -0.042     ; 1.704      ;
; 8.241 ; packer_ppa_boundary:u_boundary|meta_sync2 ; posit_pack:u_packer|g_rne.p1_round_bit_q      ; clk          ; clk         ; 10.000       ; -0.040     ; 1.706      ;
; 8.241 ; packer_ppa_boundary:u_boundary|meta_sync2 ; posit_pack:u_packer|g_rne.p1_mag_trunc_q[0]   ; clk          ; clk         ; 10.000       ; -0.040     ; 1.706      ;
; 8.241 ; packer_ppa_boundary:u_boundary|meta_sync2 ; packer_ppa_boundary:u_boundary|frac_q[2]      ; clk          ; clk         ; 10.000       ; -0.041     ; 1.705      ;
+-------+-------------------------------------------+-----------------------------------------------+--------------+-------------+--------------+------------+------------+


+-------------------------------------------------------------------------------------------------------------------------------------------------------------------------+
; Fast 1200mV 0C Model Removal: 'clk'                                                                                                                                     ;
+-------+-------------------------------------------+-----------------------------------------------+--------------+-------------+--------------+------------+------------+
; Slack ; From Node                                 ; To Node                                       ; Launch Clock ; Latch Clock ; Relationship ; Clock Skew ; Data Delay ;
+-------+-------------------------------------------+-----------------------------------------------+--------------+-------------+--------------+------------+------------+
; 1.218 ; packer_ppa_boundary:u_boundary|meta_sync2 ; posit_pack:u_packer|g_rne.p2_valid_q          ; clk          ; clk         ; 0.000        ; 0.234      ; 1.536      ;
; 1.219 ; packer_ppa_boundary:u_boundary|meta_sync2 ; packer_ppa_boundary:u_boundary|flags_in_q[1]  ; clk          ; clk         ; 0.000        ; 0.234      ; 1.537      ;
; 1.221 ; packer_ppa_boundary:u_boundary|meta_sync2 ; posit_pack:u_packer|g_rne.d_q[13]             ; clk          ; clk         ; 0.000        ; 0.230      ; 1.535      ;
; 1.221 ; packer_ppa_boundary:u_boundary|meta_sync2 ; posit_pack:u_packer|g_rne.d_q[19]             ; clk          ; clk         ; 0.000        ; 0.230      ; 1.535      ;
; 1.221 ; packer_ppa_boundary:u_boundary|meta_sync2 ; posit_pack:u_packer|g_rne.flags_q[1]          ; clk          ; clk         ; 0.000        ; 0.230      ; 1.535      ;
; 1.221 ; packer_ppa_boundary:u_boundary|meta_sync2 ; posit_pack:u_packer|g_rne.flags_q[3]          ; clk          ; clk         ; 0.000        ; 0.230      ; 1.535      ;
; 1.221 ; packer_ppa_boundary:u_boundary|meta_sync2 ; posit_pack:u_packer|g_rne.flags_q[4]          ; clk          ; clk         ; 0.000        ; 0.230      ; 1.535      ;
; 1.231 ; packer_ppa_boundary:u_boundary|meta_sync2 ; posit_pack:u_packer|g_rne.d_q[21]             ; clk          ; clk         ; 0.000        ; 0.221      ; 1.536      ;
; 1.231 ; packer_ppa_boundary:u_boundary|meta_sync2 ; posit_pack:u_packer|g_rne.d_q[23]             ; clk          ; clk         ; 0.000        ; 0.221      ; 1.536      ;
; 1.231 ; packer_ppa_boundary:u_boundary|meta_sync2 ; posit_pack:u_packer|g_rne.d_q[25]             ; clk          ; clk         ; 0.000        ; 0.221      ; 1.536      ;
; 1.231 ; packer_ppa_boundary:u_boundary|meta_sync2 ; posit_pack:u_packer|g_rne.d_q[27]             ; clk          ; clk         ; 0.000        ; 0.221      ; 1.536      ;
; 1.234 ; packer_ppa_boundary:u_boundary|meta_sync2 ; posit_pack:u_packer|g_rne.d_q[0]              ; clk          ; clk         ; 0.000        ; 0.218      ; 1.536      ;
; 1.234 ; packer_ppa_boundary:u_boundary|meta_sync2 ; posit_pack:u_packer|g_rne.d_q[1]              ; clk          ; clk         ; 0.000        ; 0.217      ; 1.535      ;
; 1.234 ; packer_ppa_boundary:u_boundary|meta_sync2 ; posit_pack:u_packer|g_rne.d_q[2]              ; clk          ; clk         ; 0.000        ; 0.217      ; 1.535      ;
; 1.234 ; packer_ppa_boundary:u_boundary|meta_sync2 ; posit_pack:u_packer|g_rne.d_q[3]              ; clk          ; clk         ; 0.000        ; 0.215      ; 1.533      ;
; 1.234 ; packer_ppa_boundary:u_boundary|meta_sync2 ; posit_pack:u_packer|g_rne.d_q[4]              ; clk          ; clk         ; 0.000        ; 0.217      ; 1.535      ;
; 1.234 ; packer_ppa_boundary:u_boundary|meta_sync2 ; posit_pack:u_packer|g_rne.d_q[5]              ; clk          ; clk         ; 0.000        ; 0.215      ; 1.533      ;
; 1.234 ; packer_ppa_boundary:u_boundary|meta_sync2 ; posit_pack:u_packer|g_rne.d_q[6]              ; clk          ; clk         ; 0.000        ; 0.218      ; 1.536      ;
; 1.234 ; packer_ppa_boundary:u_boundary|meta_sync2 ; posit_pack:u_packer|g_rne.d_q[7]              ; clk          ; clk         ; 0.000        ; 0.215      ; 1.533      ;
; 1.234 ; packer_ppa_boundary:u_boundary|meta_sync2 ; posit_pack:u_packer|g_rne.d_q[8]              ; clk          ; clk         ; 0.000        ; 0.218      ; 1.536      ;
; 1.234 ; packer_ppa_boundary:u_boundary|meta_sync2 ; posit_pack:u_packer|g_rne.d_q[9]              ; clk          ; clk         ; 0.000        ; 0.215      ; 1.533      ;
; 1.234 ; packer_ppa_boundary:u_boundary|meta_sync2 ; posit_pack:u_packer|g_rne.d_q[10]             ; clk          ; clk         ; 0.000        ; 0.218      ; 1.536      ;
; 1.234 ; packer_ppa_boundary:u_boundary|meta_sync2 ; posit_pack:u_packer|g_rne.d_q[11]             ; clk          ; clk         ; 0.000        ; 0.215      ; 1.533      ;
; 1.234 ; packer_ppa_boundary:u_boundary|meta_sync2 ; posit_pack:u_packer|g_rne.d_q[12]             ; clk          ; clk         ; 0.000        ; 0.218      ; 1.536      ;
; 1.234 ; packer_ppa_boundary:u_boundary|meta_sync2 ; posit_pack:u_packer|g_rne.d_q[14]             ; clk          ; clk         ; 0.000        ; 0.218      ; 1.536      ;
; 1.234 ; packer_ppa_boundary:u_boundary|meta_sync2 ; posit_pack:u_packer|g_rne.d_q[15]             ; clk          ; clk         ; 0.000        ; 0.215      ; 1.533      ;
; 1.234 ; packer_ppa_boundary:u_boundary|meta_sync2 ; posit_pack:u_packer|g_rne.d_q[16]             ; clk          ; clk         ; 0.000        ; 0.218      ; 1.536      ;
; 1.234 ; packer_ppa_boundary:u_boundary|meta_sync2 ; posit_pack:u_packer|g_rne.d_q[17]             ; clk          ; clk         ; 0.000        ; 0.218      ; 1.536      ;
; 1.234 ; packer_ppa_boundary:u_boundary|meta_sync2 ; posit_pack:u_packer|g_rne.d_q[18]             ; clk          ; clk         ; 0.000        ; 0.218      ; 1.536      ;
; 1.234 ; packer_ppa_boundary:u_boundary|meta_sync2 ; posit_pack:u_packer|g_rne.d_q[20]             ; clk          ; clk         ; 0.000        ; 0.217      ; 1.535      ;
; 1.234 ; packer_ppa_boundary:u_boundary|meta_sync2 ; posit_pack:u_packer|g_rne.d_q[22]             ; clk          ; clk         ; 0.000        ; 0.217      ; 1.535      ;
; 1.234 ; packer_ppa_boundary:u_boundary|meta_sync2 ; posit_pack:u_packer|g_rne.d_q[24]             ; clk          ; clk         ; 0.000        ; 0.217      ; 1.535      ;
; 1.234 ; packer_ppa_boundary:u_boundary|meta_sync2 ; posit_pack:u_packer|g_rne.d_q[26]             ; clk          ; clk         ; 0.000        ; 0.217      ; 1.535      ;
; 1.234 ; packer_ppa_boundary:u_boundary|meta_sync2 ; posit_pack:u_packer|g_rne.d_q[28]             ; clk          ; clk         ; 0.000        ; 0.218      ; 1.536      ;
; 1.234 ; packer_ppa_boundary:u_boundary|meta_sync2 ; posit_pack:u_packer|g_rne.d_q[29]             ; clk          ; clk         ; 0.000        ; 0.218      ; 1.536      ;
; 1.234 ; packer_ppa_boundary:u_boundary|meta_sync2 ; posit_pack:u_packer|g_rne.d_q[30]             ; clk          ; clk         ; 0.000        ; 0.218      ; 1.536      ;
; 1.234 ; packer_ppa_boundary:u_boundary|meta_sync2 ; posit_pack:u_packer|g_rne.d_q[31]             ; clk          ; clk         ; 0.000        ; 0.215      ; 1.533      ;
; 1.234 ; packer_ppa_boundary:u_boundary|meta_sync2 ; posit_pack:u_packer|g_rne.flags_q[0]          ; clk          ; clk         ; 0.000        ; 0.217      ; 1.535      ;
; 1.234 ; packer_ppa_boundary:u_boundary|meta_sync2 ; posit_pack:u_packer|g_rne.flags_q[2]          ; clk          ; clk         ; 0.000        ; 0.217      ; 1.535      ;
; 1.408 ; packer_ppa_boundary:u_boundary|meta_sync2 ; packer_ppa_boundary:u_boundary|d[16]          ; clk          ; clk         ; 0.000        ; 0.040      ; 1.532      ;
; 1.415 ; packer_ppa_boundary:u_boundary|meta_sync2 ; packer_ppa_boundary:u_boundary|is_nar_q       ; clk          ; clk         ; 0.000        ; 0.033      ; 1.532      ;
; 1.415 ; packer_ppa_boundary:u_boundary|meta_sync2 ; packer_ppa_boundary:u_boundary|flags_in_q[4]  ; clk          ; clk         ; 0.000        ; 0.033      ; 1.532      ;
; 1.415 ; packer_ppa_boundary:u_boundary|meta_sync2 ; packer_ppa_boundary:u_boundary|is_zero_q      ; clk          ; clk         ; 0.000        ; 0.033      ; 1.532      ;
; 1.415 ; packer_ppa_boundary:u_boundary|meta_sync2 ; packer_ppa_boundary:u_boundary|sf_q[0]        ; clk          ; clk         ; 0.000        ; 0.037      ; 1.536      ;
; 1.415 ; packer_ppa_boundary:u_boundary|meta_sync2 ; packer_ppa_boundary:u_boundary|sf_q[1]        ; clk          ; clk         ; 0.000        ; 0.037      ; 1.536      ;
; 1.415 ; packer_ppa_boundary:u_boundary|meta_sync2 ; packer_ppa_boundary:u_boundary|frac_q[54]     ; clk          ; clk         ; 0.000        ; 0.037      ; 1.536      ;
; 1.415 ; packer_ppa_boundary:u_boundary|meta_sync2 ; posit_pack:u_packer|g_rne.p1_mag_trunc_q[4]   ; clk          ; clk         ; 0.000        ; 0.036      ; 1.535      ;
; 1.415 ; packer_ppa_boundary:u_boundary|meta_sync2 ; posit_pack:u_packer|g_rne.p1_mag_trunc_q[5]   ; clk          ; clk         ; 0.000        ; 0.036      ; 1.535      ;
; 1.415 ; packer_ppa_boundary:u_boundary|meta_sync2 ; posit_pack:u_packer|g_rne.p1_mag_trunc_q[16]  ; clk          ; clk         ; 0.000        ; 0.037      ; 1.536      ;
; 1.415 ; packer_ppa_boundary:u_boundary|meta_sync2 ; posit_pack:u_packer|g_rne.p1_mag_trunc_q[17]  ; clk          ; clk         ; 0.000        ; 0.037      ; 1.536      ;
; 1.415 ; packer_ppa_boundary:u_boundary|meta_sync2 ; posit_pack:u_packer|g_rne.p1_mag_trunc_q[18]  ; clk          ; clk         ; 0.000        ; 0.037      ; 1.536      ;
; 1.415 ; packer_ppa_boundary:u_boundary|meta_sync2 ; posit_pack:u_packer|g_rne.p1_mag_trunc_q[19]  ; clk          ; clk         ; 0.000        ; 0.037      ; 1.536      ;
; 1.415 ; packer_ppa_boundary:u_boundary|meta_sync2 ; posit_pack:u_packer|g_rne.p1_mag_trunc_q[20]  ; clk          ; clk         ; 0.000        ; 0.037      ; 1.536      ;
; 1.415 ; packer_ppa_boundary:u_boundary|meta_sync2 ; posit_pack:u_packer|g_rne.p1_mag_trunc_q[24]  ; clk          ; clk         ; 0.000        ; 0.037      ; 1.536      ;
; 1.415 ; packer_ppa_boundary:u_boundary|meta_sync2 ; posit_pack:u_packer|g_rne.p1_mag_trunc_q[25]  ; clk          ; clk         ; 0.000        ; 0.036      ; 1.535      ;
; 1.415 ; packer_ppa_boundary:u_boundary|meta_sync2 ; posit_pack:u_packer|g_rne.p1_mag_trunc_q[26]  ; clk          ; clk         ; 0.000        ; 0.037      ; 1.536      ;
; 1.415 ; packer_ppa_boundary:u_boundary|meta_sync2 ; posit_pack:u_packer|g_rne.p1_mag_trunc_q[27]  ; clk          ; clk         ; 0.000        ; 0.037      ; 1.536      ;
; 1.415 ; packer_ppa_boundary:u_boundary|meta_sync2 ; posit_pack:u_packer|g_rne.p1_mag_trunc_q[28]  ; clk          ; clk         ; 0.000        ; 0.037      ; 1.536      ;
; 1.415 ; packer_ppa_boundary:u_boundary|meta_sync2 ; posit_pack:u_packer|g_rne.p1_mag_trunc_q[29]  ; clk          ; clk         ; 0.000        ; 0.037      ; 1.536      ;
; 1.415 ; packer_ppa_boundary:u_boundary|meta_sync2 ; posit_pack:u_packer|g_rne.p1_mag_trunc_q[30]  ; clk          ; clk         ; 0.000        ; 0.037      ; 1.536      ;
; 1.415 ; packer_ppa_boundary:u_boundary|meta_sync2 ; posit_pack:u_packer|g_rne.p1_valid_q          ; clk          ; clk         ; 0.000        ; 0.037      ; 1.536      ;
; 1.415 ; packer_ppa_boundary:u_boundary|meta_sync2 ; packer_ppa_boundary:u_boundary|out_valid      ; clk          ; clk         ; 0.000        ; 0.037      ; 1.536      ;
; 1.415 ; packer_ppa_boundary:u_boundary|meta_sync2 ; packer_ppa_boundary:u_boundary|sign_q         ; clk          ; clk         ; 0.000        ; 0.034      ; 1.533      ;
; 1.415 ; packer_ppa_boundary:u_boundary|meta_sync2 ; posit_pack:u_packer|g_rne.p1_sign_q           ; clk          ; clk         ; 0.000        ; 0.034      ; 1.533      ;
; 1.415 ; packer_ppa_boundary:u_boundary|meta_sync2 ; posit_pack:u_packer|g_rne.p1_special_sel_q[2] ; clk          ; clk         ; 0.000        ; 0.033      ; 1.532      ;
; 1.415 ; packer_ppa_boundary:u_boundary|meta_sync2 ; posit_pack:u_packer|g_rne.p1_special_sel_q[0] ; clk          ; clk         ; 0.000        ; 0.033      ; 1.532      ;
; 1.415 ; packer_ppa_boundary:u_boundary|meta_sync2 ; posit_pack:u_packer|g_rne.p1_special_sel_q[1] ; clk          ; clk         ; 0.000        ; 0.033      ; 1.532      ;
; 1.415 ; packer_ppa_boundary:u_boundary|meta_sync2 ; packer_ppa_boundary:u_boundary|d[0]           ; clk          ; clk         ; 0.000        ; 0.037      ; 1.536      ;
; 1.415 ; packer_ppa_boundary:u_boundary|meta_sync2 ; packer_ppa_boundary:u_boundary|d[1]           ; clk          ; clk         ; 0.000        ; 0.036      ; 1.535      ;
; 1.415 ; packer_ppa_boundary:u_boundary|meta_sync2 ; packer_ppa_boundary:u_boundary|d[2]           ; clk          ; clk         ; 0.000        ; 0.036      ; 1.535      ;
; 1.415 ; packer_ppa_boundary:u_boundary|meta_sync2 ; packer_ppa_boundary:u_boundary|d[3]           ; clk          ; clk         ; 0.000        ; 0.034      ; 1.533      ;
; 1.415 ; packer_ppa_boundary:u_boundary|meta_sync2 ; packer_ppa_boundary:u_boundary|d[4]           ; clk          ; clk         ; 0.000        ; 0.036      ; 1.535      ;
; 1.415 ; packer_ppa_boundary:u_boundary|meta_sync2 ; packer_ppa_boundary:u_boundary|d[6]           ; clk          ; clk         ; 0.000        ; 0.037      ; 1.536      ;
; 1.415 ; packer_ppa_boundary:u_boundary|meta_sync2 ; packer_ppa_boundary:u_boundary|d[8]           ; clk          ; clk         ; 0.000        ; 0.037      ; 1.536      ;
; 1.415 ; packer_ppa_boundary:u_boundary|meta_sync2 ; packer_ppa_boundary:u_boundary|d[9]           ; clk          ; clk         ; 0.000        ; 0.034      ; 1.533      ;
; 1.415 ; packer_ppa_boundary:u_boundary|meta_sync2 ; packer_ppa_boundary:u_boundary|d[10]          ; clk          ; clk         ; 0.000        ; 0.033      ; 1.532      ;
; 1.415 ; packer_ppa_boundary:u_boundary|meta_sync2 ; packer_ppa_boundary:u_boundary|d[11]          ; clk          ; clk         ; 0.000        ; 0.034      ; 1.533      ;
; 1.415 ; packer_ppa_boundary:u_boundary|meta_sync2 ; packer_ppa_boundary:u_boundary|d[12]          ; clk          ; clk         ; 0.000        ; 0.037      ; 1.536      ;
; 1.415 ; packer_ppa_boundary:u_boundary|meta_sync2 ; packer_ppa_boundary:u_boundary|d[13]          ; clk          ; clk         ; 0.000        ; 0.036      ; 1.535      ;
; 1.415 ; packer_ppa_boundary:u_boundary|meta_sync2 ; packer_ppa_boundary:u_boundary|d[14]          ; clk          ; clk         ; 0.000        ; 0.037      ; 1.536      ;
; 1.415 ; packer_ppa_boundary:u_boundary|meta_sync2 ; packer_ppa_boundary:u_boundary|d[15]          ; clk          ; clk         ; 0.000        ; 0.033      ; 1.532      ;
; 1.415 ; packer_ppa_boundary:u_boundary|meta_sync2 ; packer_ppa_boundary:u_boundary|d[17]          ; clk          ; clk         ; 0.000        ; 0.033      ; 1.532      ;
; 1.415 ; packer_ppa_boundary:u_boundary|meta_sync2 ; packer_ppa_boundary:u_boundary|d[18]          ; clk          ; clk         ; 0.000        ; 0.037      ; 1.536      ;
; 1.415 ; packer_ppa_boundary:u_boundary|meta_sync2 ; packer_ppa_boundary:u_boundary|d[19]          ; clk          ; clk         ; 0.000        ; 0.036      ; 1.535      ;
; 1.415 ; packer_ppa_boundary:u_boundary|meta_sync2 ; packer_ppa_boundary:u_boundary|d[20]          ; clk          ; clk         ; 0.000        ; 0.036      ; 1.535      ;
; 1.415 ; packer_ppa_boundary:u_boundary|meta_sync2 ; packer_ppa_boundary:u_boundary|d[21]          ; clk          ; clk         ; 0.000        ; 0.037      ; 1.536      ;
; 1.415 ; packer_ppa_boundary:u_boundary|meta_sync2 ; packer_ppa_boundary:u_boundary|d[22]          ; clk          ; clk         ; 0.000        ; 0.036      ; 1.535      ;
; 1.415 ; packer_ppa_boundary:u_boundary|meta_sync2 ; packer_ppa_boundary:u_boundary|d[23]          ; clk          ; clk         ; 0.000        ; 0.037      ; 1.536      ;
; 1.415 ; packer_ppa_boundary:u_boundary|meta_sync2 ; packer_ppa_boundary:u_boundary|d[24]          ; clk          ; clk         ; 0.000        ; 0.036      ; 1.535      ;
; 1.415 ; packer_ppa_boundary:u_boundary|meta_sync2 ; packer_ppa_boundary:u_boundary|d[25]          ; clk          ; clk         ; 0.000        ; 0.037      ; 1.536      ;
; 1.415 ; packer_ppa_boundary:u_boundary|meta_sync2 ; packer_ppa_boundary:u_boundary|d[26]          ; clk          ; clk         ; 0.000        ; 0.036      ; 1.535      ;
; 1.415 ; packer_ppa_boundary:u_boundary|meta_sync2 ; packer_ppa_boundary:u_boundary|d[27]          ; clk          ; clk         ; 0.000        ; 0.037      ; 1.536      ;
; 1.415 ; packer_ppa_boundary:u_boundary|meta_sync2 ; packer_ppa_boundary:u_boundary|d[31]          ; clk          ; clk         ; 0.000        ; 0.034      ; 1.533      ;
; 1.415 ; packer_ppa_boundary:u_boundary|meta_sync2 ; packer_ppa_boundary:u_boundary|flags_in_q[0]  ; clk          ; clk         ; 0.000        ; 0.033      ; 1.532      ;
; 1.415 ; packer_ppa_boundary:u_boundary|meta_sync2 ; posit_pack:u_packer|g_rne.p1_flags_q[0]       ; clk          ; clk         ; 0.000        ; 0.033      ; 1.532      ;
; 1.415 ; packer_ppa_boundary:u_boundary|meta_sync2 ; packer_ppa_boundary:u_boundary|flags[0]       ; clk          ; clk         ; 0.000        ; 0.036      ; 1.535      ;
; 1.415 ; packer_ppa_boundary:u_boundary|meta_sync2 ; packer_ppa_boundary:u_boundary|flags[1]       ; clk          ; clk         ; 0.000        ; 0.036      ; 1.535      ;
; 1.415 ; packer_ppa_boundary:u_boundary|meta_sync2 ; posit_pack:u_packer|g_rne.p1_flags_q[2]       ; clk          ; clk         ; 0.000        ; 0.033      ; 1.532      ;
; 1.415 ; packer_ppa_boundary:u_boundary|meta_sync2 ; packer_ppa_boundary:u_boundary|flags[2]       ; clk          ; clk         ; 0.000        ; 0.036      ; 1.535      ;
; 1.415 ; packer_ppa_boundary:u_boundary|meta_sync2 ; posit_pack:u_packer|g_rne.p1_flags_q[3]       ; clk          ; clk         ; 0.000        ; 0.033      ; 1.532      ;
+-------+-------------------------------------------+-----------------------------------------------+--------------+-------------+--------------+------------+------------+


+-----------------------------------------------------------------------------------------------------------------------------+
; Fast 1200mV 0C Model Minimum Pulse Width: 'clk'                                                                             ;
+-------+--------------+----------------+-----------------+-------+------------+----------------------------------------------+
; Slack ; Actual Width ; Required Width ; Type            ; Clock ; Clock Edge ; Target                                       ;
+-------+--------------+----------------+-----------------+-------+------------+----------------------------------------------+
; 4.418 ; 4.602        ; 0.184          ; Low Pulse Width ; clk   ; Rise       ; packer_ppa_boundary:u_boundary|flags_in_q[1] ;
; 4.418 ; 4.602        ; 0.184          ; Low Pulse Width ; clk   ; Rise       ; posit_pack:u_packer|g_rne.p2_valid_q         ;
; 4.422 ; 4.606        ; 0.184          ; Low Pulse Width ; clk   ; Rise       ; posit_pack:u_packer|g_rne.d_q[13]            ;
; 4.422 ; 4.606        ; 0.184          ; Low Pulse Width ; clk   ; Rise       ; posit_pack:u_packer|g_rne.d_q[19]            ;
; 4.422 ; 4.606        ; 0.184          ; Low Pulse Width ; clk   ; Rise       ; posit_pack:u_packer|g_rne.flags_q[1]         ;
; 4.422 ; 4.606        ; 0.184          ; Low Pulse Width ; clk   ; Rise       ; posit_pack:u_packer|g_rne.flags_q[3]         ;
; 4.422 ; 4.606        ; 0.184          ; Low Pulse Width ; clk   ; Rise       ; posit_pack:u_packer|g_rne.flags_q[4]         ;
; 4.426 ; 4.610        ; 0.184          ; Low Pulse Width ; clk   ; Rise       ; posit_pack:u_packer|g_rne.d_q[21]            ;
; 4.426 ; 4.610        ; 0.184          ; Low Pulse Width ; clk   ; Rise       ; posit_pack:u_packer|g_rne.d_q[23]            ;
; 4.426 ; 4.610        ; 0.184          ; Low Pulse Width ; clk   ; Rise       ; posit_pack:u_packer|g_rne.d_q[25]            ;
; 4.426 ; 4.610        ; 0.184          ; Low Pulse Width ; clk   ; Rise       ; posit_pack:u_packer|g_rne.d_q[27]            ;
; 4.428 ; 4.612        ; 0.184          ; Low Pulse Width ; clk   ; Rise       ; posit_pack:u_packer|g_rne.d_q[0]             ;
; 4.428 ; 4.612        ; 0.184          ; Low Pulse Width ; clk   ; Rise       ; posit_pack:u_packer|g_rne.d_q[10]            ;
; 4.428 ; 4.612        ; 0.184          ; Low Pulse Width ; clk   ; Rise       ; posit_pack:u_packer|g_rne.d_q[11]            ;
; 4.428 ; 4.612        ; 0.184          ; Low Pulse Width ; clk   ; Rise       ; posit_pack:u_packer|g_rne.d_q[12]            ;
; 4.428 ; 4.612        ; 0.184          ; Low Pulse Width ; clk   ; Rise       ; posit_pack:u_packer|g_rne.d_q[14]            ;
; 4.428 ; 4.612        ; 0.184          ; Low Pulse Width ; clk   ; Rise       ; posit_pack:u_packer|g_rne.d_q[15]            ;
; 4.428 ; 4.612        ; 0.184          ; Low Pulse Width ; clk   ; Rise       ; posit_pack:u_packer|g_rne.d_q[17]            ;
; 4.428 ; 4.612        ; 0.184          ; Low Pulse Width ; clk   ; Rise       ; posit_pack:u_packer|g_rne.d_q[18]            ;
; 4.428 ; 4.612        ; 0.184          ; Low Pulse Width ; clk   ; Rise       ; posit_pack:u_packer|g_rne.d_q[1]             ;
; 4.428 ; 4.612        ; 0.184          ; Low Pulse Width ; clk   ; Rise       ; posit_pack:u_packer|g_rne.d_q[20]            ;
; 4.428 ; 4.612        ; 0.184          ; Low Pulse Width ; clk   ; Rise       ; posit_pack:u_packer|g_rne.d_q[22]            ;
; 4.428 ; 4.612        ; 0.184          ; Low Pulse Width ; clk   ; Rise       ; posit_pack:u_packer|g_rne.d_q[24]            ;
; 4.428 ; 4.612        ; 0.184          ; Low Pulse Width ; clk   ; Rise       ; posit_pack:u_packer|g_rne.d_q[26]            ;
; 4.428 ; 4.612        ; 0.184          ; Low Pulse Width ; clk   ; Rise       ; posit_pack:u_packer|g_rne.d_q[2]             ;
; 4.428 ; 4.612        ; 0.184          ; Low Pulse Width ; clk   ; Rise       ; posit_pack:u_packer|g_rne.d_q[3]             ;
; 4.428 ; 4.612        ; 0.184          ; Low Pulse Width ; clk   ; Rise       ; posit_pack:u_packer|g_rne.d_q[4]             ;
; 4.428 ; 4.612        ; 0.184          ; Low Pulse Width ; clk   ; Rise       ; posit_pack:u_packer|g_rne.d_q[5]             ;
; 4.428 ; 4.612        ; 0.184          ; Low Pulse Width ; clk   ; Rise       ; posit_pack:u_packer|g_rne.d_q[6]             ;
; 4.428 ; 4.612        ; 0.184          ; Low Pulse Width ; clk   ; Rise       ; posit_pack:u_packer|g_rne.d_q[7]             ;
; 4.428 ; 4.612        ; 0.184          ; Low Pulse Width ; clk   ; Rise       ; posit_pack:u_packer|g_rne.d_q[8]             ;
; 4.428 ; 4.612        ; 0.184          ; Low Pulse Width ; clk   ; Rise       ; posit_pack:u_packer|g_rne.d_q[9]             ;
; 4.428 ; 4.612        ; 0.184          ; Low Pulse Width ; clk   ; Rise       ; posit_pack:u_packer|g_rne.flags_q[0]         ;
; 4.428 ; 4.612        ; 0.184          ; Low Pulse Width ; clk   ; Rise       ; posit_pack:u_packer|g_rne.flags_q[2]         ;
; 4.429 ; 4.613        ; 0.184          ; Low Pulse Width ; clk   ; Rise       ; posit_pack:u_packer|g_rne.d_q[16]            ;
; 4.429 ; 4.613        ; 0.184          ; Low Pulse Width ; clk   ; Rise       ; posit_pack:u_packer|g_rne.d_q[28]            ;
; 4.429 ; 4.613        ; 0.184          ; Low Pulse Width ; clk   ; Rise       ; posit_pack:u_packer|g_rne.d_q[29]            ;
; 4.429 ; 4.613        ; 0.184          ; Low Pulse Width ; clk   ; Rise       ; posit_pack:u_packer|g_rne.d_q[30]            ;
; 4.429 ; 4.613        ; 0.184          ; Low Pulse Width ; clk   ; Rise       ; posit_pack:u_packer|g_rne.d_q[31]            ;
; 4.440 ; 4.624        ; 0.184          ; Low Pulse Width ; clk   ; Rise       ; packer_ppa_boundary:u_boundary|frac_q[0]     ;
; 4.440 ; 4.624        ; 0.184          ; Low Pulse Width ; clk   ; Rise       ; packer_ppa_boundary:u_boundary|frac_q[14]    ;
; 4.440 ; 4.624        ; 0.184          ; Low Pulse Width ; clk   ; Rise       ; packer_ppa_boundary:u_boundary|frac_q[15]    ;
; 4.440 ; 4.624        ; 0.184          ; Low Pulse Width ; clk   ; Rise       ; packer_ppa_boundary:u_boundary|frac_q[16]    ;
; 4.440 ; 4.624        ; 0.184          ; Low Pulse Width ; clk   ; Rise       ; packer_ppa_boundary:u_boundary|frac_q[17]    ;
; 4.440 ; 4.624        ; 0.184          ; Low Pulse Width ; clk   ; Rise       ; packer_ppa_boundary:u_boundary|frac_q[18]    ;
; 4.440 ; 4.624        ; 0.184          ; Low Pulse Width ; clk   ; Rise       ; packer_ppa_boundary:u_boundary|frac_q[19]    ;
; 4.440 ; 4.624        ; 0.184          ; Low Pulse Width ; clk   ; Rise       ; packer_ppa_boundary:u_boundary|frac_q[20]    ;
; 4.441 ; 4.625        ; 0.184          ; Low Pulse Width ; clk   ; Rise       ; packer_ppa_boundary:u_boundary|frac_q[21]    ;
; 4.441 ; 4.625        ; 0.184          ; Low Pulse Width ; clk   ; Rise       ; packer_ppa_boundary:u_boundary|frac_q[22]    ;
; 4.441 ; 4.625        ; 0.184          ; Low Pulse Width ; clk   ; Rise       ; packer_ppa_boundary:u_boundary|frac_q[23]    ;
; 4.441 ; 4.625        ; 0.184          ; Low Pulse Width ; clk   ; Rise       ; packer_ppa_boundary:u_boundary|frac_q[24]    ;
; 4.441 ; 4.625        ; 0.184          ; Low Pulse Width ; clk   ; Rise       ; packer_ppa_boundary:u_boundary|frac_q[47]    ;
; 4.441 ; 4.625        ; 0.184          ; Low Pulse Width ; clk   ; Rise       ; packer_ppa_boundary:u_boundary|frac_q[48]    ;
; 4.441 ; 4.625        ; 0.184          ; Low Pulse Width ; clk   ; Rise       ; packer_ppa_boundary:u_boundary|frac_q[49]    ;
; 4.441 ; 4.625        ; 0.184          ; Low Pulse Width ; clk   ; Rise       ; packer_ppa_boundary:u_boundary|frac_q[50]    ;
; 4.441 ; 4.625        ; 0.184          ; Low Pulse Width ; clk   ; Rise       ; packer_ppa_boundary:u_boundary|frac_q[51]    ;
; 4.441 ; 4.625        ; 0.184          ; Low Pulse Width ; clk   ; Rise       ; packer_ppa_boundary:u_boundary|frac_q[52]    ;
; 4.441 ; 4.625        ; 0.184          ; Low Pulse Width ; clk   ; Rise       ; packer_ppa_boundary:u_boundary|frac_q[53]    ;
; 4.441 ; 4.625        ; 0.184          ; Low Pulse Width ; clk   ; Rise       ; packer_ppa_boundary:u_boundary|meta_sync1    ;
; 4.441 ; 4.625        ; 0.184          ; Low Pulse Width ; clk   ; Rise       ; packer_ppa_boundary:u_boundary|meta_sync2    ;
; 4.441 ; 4.625        ; 0.184          ; Low Pulse Width ; clk   ; Rise       ; packer_ppa_boundary:u_boundary|sf_q[3]       ;
; 4.442 ; 4.626        ; 0.184          ; Low Pulse Width ; clk   ; Rise       ; packer_ppa_boundary:u_boundary|flags_in_q[2] ;
; 4.442 ; 4.626        ; 0.184          ; Low Pulse Width ; clk   ; Rise       ; packer_ppa_boundary:u_boundary|flags_in_q[3] ;
; 4.443 ; 4.627        ; 0.184          ; Low Pulse Width ; clk   ; Rise       ; packer_ppa_boundary:u_boundary|d[10]         ;
; 4.443 ; 4.627        ; 0.184          ; Low Pulse Width ; clk   ; Rise       ; packer_ppa_boundary:u_boundary|d[11]         ;
; 4.443 ; 4.627        ; 0.184          ; Low Pulse Width ; clk   ; Rise       ; packer_ppa_boundary:u_boundary|d[13]         ;
; 4.443 ; 4.627        ; 0.184          ; Low Pulse Width ; clk   ; Rise       ; packer_ppa_boundary:u_boundary|d[15]         ;
; 4.443 ; 4.627        ; 0.184          ; Low Pulse Width ; clk   ; Rise       ; packer_ppa_boundary:u_boundary|d[17]         ;
; 4.443 ; 4.627        ; 0.184          ; Low Pulse Width ; clk   ; Rise       ; packer_ppa_boundary:u_boundary|d[19]         ;
; 4.443 ; 4.627        ; 0.184          ; Low Pulse Width ; clk   ; Rise       ; packer_ppa_boundary:u_boundary|d[1]          ;
; 4.443 ; 4.627        ; 0.184          ; Low Pulse Width ; clk   ; Rise       ; packer_ppa_boundary:u_boundary|d[20]         ;
; 4.443 ; 4.627        ; 0.184          ; Low Pulse Width ; clk   ; Rise       ; packer_ppa_boundary:u_boundary|d[22]         ;
; 4.443 ; 4.627        ; 0.184          ; Low Pulse Width ; clk   ; Rise       ; packer_ppa_boundary:u_boundary|d[24]         ;
; 4.443 ; 4.627        ; 0.184          ; Low Pulse Width ; clk   ; Rise       ; packer_ppa_boundary:u_boundary|d[26]         ;
; 4.443 ; 4.627        ; 0.184          ; Low Pulse Width ; clk   ; Rise       ; packer_ppa_boundary:u_boundary|d[28]         ;
; 4.443 ; 4.627        ; 0.184          ; Low Pulse Width ; clk   ; Rise       ; packer_ppa_boundary:u_boundary|d[29]         ;
; 4.443 ; 4.627        ; 0.184          ; Low Pulse Width ; clk   ; Rise       ; packer_ppa_boundary:u_boundary|d[2]          ;
; 4.443 ; 4.627        ; 0.184          ; Low Pulse Width ; clk   ; Rise       ; packer_ppa_boundary:u_boundary|d[30]         ;
; 4.443 ; 4.627        ; 0.184          ; Low Pulse Width ; clk   ; Rise       ; packer_ppa_boundary:u_boundary|d[3]          ;
; 4.443 ; 4.627        ; 0.184          ; Low Pulse Width ; clk   ; Rise       ; packer_ppa_boundary:u_boundary|d[4]          ;
; 4.443 ; 4.627        ; 0.184          ; Low Pulse Width ; clk   ; Rise       ; packer_ppa_boundary:u_boundary|d[5]          ;
; 4.443 ; 4.627        ; 0.184          ; Low Pulse Width ; clk   ; Rise       ; packer_ppa_boundary:u_boundary|d[7]          ;
; 4.443 ; 4.627        ; 0.184          ; Low Pulse Width ; clk   ; Rise       ; packer_ppa_boundary:u_boundary|d[9]          ;
; 4.443 ; 4.627        ; 0.184          ; Low Pulse Width ; clk   ; Rise       ; packer_ppa_boundary:u_boundary|flags[0]      ;
; 4.443 ; 4.627        ; 0.184          ; Low Pulse Width ; clk   ; Rise       ; packer_ppa_boundary:u_boundary|flags[1]      ;
; 4.443 ; 4.627        ; 0.184          ; Low Pulse Width ; clk   ; Rise       ; packer_ppa_boundary:u_boundary|flags[2]      ;
; 4.443 ; 4.627        ; 0.184          ; Low Pulse Width ; clk   ; Rise       ; packer_ppa_boundary:u_boundary|flags[3]      ;
; 4.443 ; 4.627        ; 0.184          ; Low Pulse Width ; clk   ; Rise       ; packer_ppa_boundary:u_boundary|flags[4]      ;
; 4.443 ; 4.627        ; 0.184          ; Low Pulse Width ; clk   ; Rise       ; packer_ppa_boundary:u_boundary|flags_in_q[0] ;
; 4.443 ; 4.627        ; 0.184          ; Low Pulse Width ; clk   ; Rise       ; packer_ppa_boundary:u_boundary|flags_in_q[4] ;
; 4.443 ; 4.627        ; 0.184          ; Low Pulse Width ; clk   ; Rise       ; packer_ppa_boundary:u_boundary|frac_q[10]    ;
; 4.443 ; 4.627        ; 0.184          ; Low Pulse Width ; clk   ; Rise       ; packer_ppa_boundary:u_boundary|frac_q[11]    ;
; 4.443 ; 4.627        ; 0.184          ; Low Pulse Width ; clk   ; Rise       ; packer_ppa_boundary:u_boundary|frac_q[12]    ;
; 4.443 ; 4.627        ; 0.184          ; Low Pulse Width ; clk   ; Rise       ; packer_ppa_boundary:u_boundary|frac_q[13]    ;
; 4.443 ; 4.627        ; 0.184          ; Low Pulse Width ; clk   ; Rise       ; packer_ppa_boundary:u_boundary|frac_q[1]     ;
; 4.443 ; 4.627        ; 0.184          ; Low Pulse Width ; clk   ; Rise       ; packer_ppa_boundary:u_boundary|frac_q[2]     ;
; 4.443 ; 4.627        ; 0.184          ; Low Pulse Width ; clk   ; Rise       ; packer_ppa_boundary:u_boundary|frac_q[35]    ;
; 4.443 ; 4.627        ; 0.184          ; Low Pulse Width ; clk   ; Rise       ; packer_ppa_boundary:u_boundary|frac_q[36]    ;
; 4.443 ; 4.627        ; 0.184          ; Low Pulse Width ; clk   ; Rise       ; packer_ppa_boundary:u_boundary|frac_q[37]    ;
; 4.443 ; 4.627        ; 0.184          ; Low Pulse Width ; clk   ; Rise       ; packer_ppa_boundary:u_boundary|frac_q[38]    ;
+-------+--------------+----------------+-----------------+-------+------------+----------------------------------------------+


+---------------------------------------------------------------------------+
; Setup Times                                                               ;
+--------------+------------+--------+-------+------------+-----------------+
; Data Port    ; Clock Port ; Rise   ; Fall  ; Clock Edge ; Clock Reference ;
+--------------+------------+--------+-------+------------+-----------------+
; flags_in[*]  ; clk        ; 1.137  ; 1.797 ; Rise       ; clk             ;
;  flags_in[0] ; clk        ; 1.015  ; 1.637 ; Rise       ; clk             ;
;  flags_in[1] ; clk        ; 1.119  ; 1.774 ; Rise       ; clk             ;
;  flags_in[2] ; clk        ; 1.137  ; 1.797 ; Rise       ; clk             ;
;  flags_in[3] ; clk        ; 1.035  ; 1.664 ; Rise       ; clk             ;
;  flags_in[4] ; clk        ; 0.939  ; 1.542 ; Rise       ; clk             ;
; frac[*]      ; clk        ; 1.402  ; 2.064 ; Rise       ; clk             ;
;  frac[0]     ; clk        ; 0.906  ; 1.510 ; Rise       ; clk             ;
;  frac[1]     ; clk        ; 1.178  ; 1.826 ; Rise       ; clk             ;
;  frac[2]     ; clk        ; 1.127  ; 1.762 ; Rise       ; clk             ;
;  frac[3]     ; clk        ; 1.343  ; 1.981 ; Rise       ; clk             ;
;  frac[4]     ; clk        ; -0.131 ; 0.164 ; Rise       ; clk             ;
;  frac[5]     ; clk        ; 1.360  ; 2.045 ; Rise       ; clk             ;
;  frac[6]     ; clk        ; 1.179  ; 1.818 ; Rise       ; clk             ;
;  frac[7]     ; clk        ; 0.996  ; 1.585 ; Rise       ; clk             ;
;  frac[8]     ; clk        ; 1.005  ; 1.605 ; Rise       ; clk             ;
;  frac[9]     ; clk        ; 1.243  ; 1.878 ; Rise       ; clk             ;
;  frac[10]    ; clk        ; 1.309  ; 1.961 ; Rise       ; clk             ;
;  frac[11]    ; clk        ; 1.268  ; 1.914 ; Rise       ; clk             ;
;  frac[12]    ; clk        ; 1.245  ; 1.876 ; Rise       ; clk             ;
;  frac[13]    ; clk        ; 1.334  ; 2.010 ; Rise       ; clk             ;
;  frac[14]    ; clk        ; 1.287  ; 1.973 ; Rise       ; clk             ;
;  frac[15]    ; clk        ; 1.109  ; 1.732 ; Rise       ; clk             ;
;  frac[16]    ; clk        ; 1.330  ; 1.993 ; Rise       ; clk             ;
;  frac[17]    ; clk        ; 1.059  ; 1.670 ; Rise       ; clk             ;
;  frac[18]    ; clk        ; 1.276  ; 1.931 ; Rise       ; clk             ;
;  frac[19]    ; clk        ; 1.272  ; 1.926 ; Rise       ; clk             ;
;  frac[20]    ; clk        ; 1.354  ; 2.015 ; Rise       ; clk             ;
;  frac[21]    ; clk        ; 1.312  ; 1.956 ; Rise       ; clk             ;
;  frac[22]    ; clk        ; 1.402  ; 2.064 ; Rise       ; clk             ;
;  frac[23]    ; clk        ; -0.078 ; 0.209 ; Rise       ; clk             ;
;  frac[24]    ; clk        ; 1.254  ; 1.908 ; Rise       ; clk             ;
;  frac[25]    ; clk        ; 0.025  ; 0.290 ; Rise       ; clk             ;
;  frac[26]    ; clk        ; 1.255  ; 1.887 ; Rise       ; clk             ;
;  frac[27]    ; clk        ; 1.197  ; 1.859 ; Rise       ; clk             ;
;  frac[28]    ; clk        ; 1.249  ; 1.924 ; Rise       ; clk             ;
;  frac[29]    ; clk        ; 1.341  ; 1.991 ; Rise       ; clk             ;
;  frac[30]    ; clk        ; 1.185  ; 1.804 ; Rise       ; clk             ;
;  frac[31]    ; clk        ; 1.180  ; 1.826 ; Rise       ; clk             ;
;  frac[32]    ; clk        ; 1.050  ; 1.658 ; Rise       ; clk             ;
;  frac[33]    ; clk        ; 1.216  ; 1.868 ; Rise       ; clk             ;
;  frac[34]    ; clk        ; 1.221  ; 1.852 ; Rise       ; clk             ;
;  frac[35]    ; clk        ; -0.053 ; 0.225 ; Rise       ; clk             ;
;  frac[36]    ; clk        ; -0.055 ; 0.225 ; Rise       ; clk             ;
;  frac[37]    ; clk        ; -0.113 ; 0.177 ; Rise       ; clk             ;
;  frac[38]    ; clk        ; 1.235  ; 1.856 ; Rise       ; clk             ;
;  frac[39]    ; clk        ; 1.167  ; 1.789 ; Rise       ; clk             ;
;  frac[40]    ; clk        ; -0.258 ; 0.051 ; Rise       ; clk             ;
;  frac[41]    ; clk        ; 1.339  ; 2.014 ; Rise       ; clk             ;
;  frac[42]    ; clk        ; 1.203  ; 1.871 ; Rise       ; clk             ;
;  frac[43]    ; clk        ; 1.186  ; 1.841 ; Rise       ; clk             ;
;  frac[44]    ; clk        ; 1.199  ; 1.838 ; Rise       ; clk             ;
;  frac[45]    ; clk        ; 1.159  ; 1.766 ; Rise       ; clk             ;
;  frac[46]    ; clk        ; 1.344  ; 2.010 ; Rise       ; clk             ;
;  frac[47]    ; clk        ; 1.136  ; 1.740 ; Rise       ; clk             ;
;  frac[48]    ; clk        ; 1.129  ; 1.760 ; Rise       ; clk             ;
;  frac[49]    ; clk        ; 1.229  ; 1.867 ; Rise       ; clk             ;
;  frac[50]    ; clk        ; 1.168  ; 1.809 ; Rise       ; clk             ;
;  frac[51]    ; clk        ; 1.157  ; 1.802 ; Rise       ; clk             ;
;  frac[52]    ; clk        ; 1.369  ; 2.026 ; Rise       ; clk             ;
;  frac[53]    ; clk        ; 1.148  ; 1.785 ; Rise       ; clk             ;
;  frac[54]    ; clk        ; 1.301  ; 1.929 ; Rise       ; clk             ;
; is_nar       ; clk        ; 1.117  ; 1.757 ; Rise       ; clk             ;
; is_zero      ; clk        ; 1.054  ; 1.701 ; Rise       ; clk             ;
; sf[*]        ; clk        ; 1.433  ; 2.074 ; Rise       ; clk             ;
;  sf[0]       ; clk        ; 1.107  ; 1.719 ; Rise       ; clk             ;
;  sf[1]       ; clk        ; 1.273  ; 1.924 ; Rise       ; clk             ;
;  sf[2]       ; clk        ; 1.093  ; 1.712 ; Rise       ; clk             ;
;  sf[3]       ; clk        ; 1.354  ; 2.026 ; Rise       ; clk             ;
;  sf[4]       ; clk        ; 1.142  ; 1.776 ; Rise       ; clk             ;
;  sf[5]       ; clk        ; 1.127  ; 1.770 ; Rise       ; clk             ;
;  sf[6]       ; clk        ; 1.058  ; 1.695 ; Rise       ; clk             ;
;  sf[7]       ; clk        ; 1.433  ; 2.074 ; Rise       ; clk             ;
;  sf[8]       ; clk        ; 1.216  ; 1.868 ; Rise       ; clk             ;
;  sf[9]       ; clk        ; 0.999  ; 1.603 ; Rise       ; clk             ;
; sign         ; clk        ; 1.174  ; 1.821 ; Rise       ; clk             ;
; sticky       ; clk        ; 1.272  ; 1.934 ; Rise       ; clk             ;
+--------------+------------+--------+-------+------------+-----------------+


+----------------------------------------------------------------------------+
; Hold Times                                                                 ;
+--------------+------------+--------+--------+------------+-----------------+
; Data Port    ; Clock Port ; Rise   ; Fall   ; Clock Edge ; Clock Reference ;
+--------------+------------+--------+--------+------------+-----------------+
; flags_in[*]  ; clk        ; -0.725 ; -1.314 ; Rise       ; clk             ;
;  flags_in[0] ; clk        ; -0.800 ; -1.405 ; Rise       ; clk             ;
;  flags_in[1] ; clk        ; -0.889 ; -1.532 ; Rise       ; clk             ;
;  flags_in[2] ; clk        ; -0.918 ; -1.560 ; Rise       ; clk             ;
;  flags_in[3] ; clk        ; -0.820 ; -1.432 ; Rise       ; clk             ;
;  flags_in[4] ; clk        ; -0.725 ; -1.314 ; Rise       ; clk             ;
; frac[*]      ; clk        ; 0.414  ; 0.103  ; Rise       ; clk             ;
;  frac[0]     ; clk        ; -0.693 ; -1.283 ; Rise       ; clk             ;
;  frac[1]     ; clk        ; -0.961 ; -1.597 ; Rise       ; clk             ;
;  frac[2]     ; clk        ; -0.912 ; -1.536 ; Rise       ; clk             ;
;  frac[3]     ; clk        ; -1.118 ; -1.746 ; Rise       ; clk             ;
;  frac[4]     ; clk        ; 0.293  ; -0.006 ; Rise       ; clk             ;
;  frac[5]     ; clk        ; -1.136 ; -1.808 ; Rise       ; clk             ;
;  frac[6]     ; clk        ; -0.962 ; -1.590 ; Rise       ; clk             ;
;  frac[7]     ; clk        ; -0.784 ; -1.366 ; Rise       ; clk             ;
;  frac[8]     ; clk        ; -0.792 ; -1.386 ; Rise       ; clk             ;
;  frac[9]     ; clk        ; -1.021 ; -1.648 ; Rise       ; clk             ;
;  frac[10]    ; clk        ; -1.086 ; -1.728 ; Rise       ; clk             ;
;  frac[11]    ; clk        ; -1.048 ; -1.682 ; Rise       ; clk             ;
;  frac[12]    ; clk        ; -1.026 ; -1.646 ; Rise       ; clk             ;
;  frac[13]    ; clk        ; -1.110 ; -1.774 ; Rise       ; clk             ;
;  frac[14]    ; clk        ; -1.065 ; -1.739 ; Rise       ; clk             ;
;  frac[15]    ; clk        ; -0.894 ; -1.507 ; Rise       ; clk             ;
;  frac[16]    ; clk        ; -1.107 ; -1.758 ; Rise       ; clk             ;
;  frac[17]    ; clk        ; -0.844 ; -1.448 ; Rise       ; clk             ;
;  frac[18]    ; clk        ; -1.055 ; -1.699 ; Rise       ; clk             ;
;  frac[19]    ; clk        ; -1.051 ; -1.693 ; Rise       ; clk             ;
;  frac[20]    ; clk        ; -1.128 ; -1.779 ; Rise       ; clk             ;
;  frac[21]    ; clk        ; -1.086 ; -1.721 ; Rise       ; clk             ;
;  frac[22]    ; clk        ; -1.174 ; -1.825 ; Rise       ; clk             ;
;  frac[23]    ; clk        ; 0.242  ; -0.048 ; Rise       ; clk             ;
;  frac[24]    ; clk        ; -1.030 ; -1.675 ; Rise       ; clk             ;
;  frac[25]    ; clk        ; 0.144  ; -0.126 ; Rise       ; clk             ;
;  frac[26]    ; clk        ; -1.034 ; -1.655 ; Rise       ; clk             ;
;  frac[27]    ; clk        ; -0.978 ; -1.629 ; Rise       ; clk             ;
;  frac[28]    ; clk        ; -1.028 ; -1.691 ; Rise       ; clk             ;
;  frac[29]    ; clk        ; -1.115 ; -1.755 ; Rise       ; clk             ;
;  frac[30]    ; clk        ; -0.965 ; -1.576 ; Rise       ; clk             ;
;  frac[31]    ; clk        ; -0.962 ; -1.597 ; Rise       ; clk             ;
;  frac[32]    ; clk        ; -0.835 ; -1.435 ; Rise       ; clk             ;
;  frac[33]    ; clk        ; -0.997 ; -1.637 ; Rise       ; clk             ;
;  frac[34]    ; clk        ; -0.999 ; -1.621 ; Rise       ; clk             ;
;  frac[35]    ; clk        ; 0.217  ; -0.064 ; Rise       ; clk             ;
;  frac[36]    ; clk        ; 0.219  ; -0.064 ; Rise       ; clk             ;
;  frac[37]    ; clk        ; 0.276  ; -0.019 ; Rise       ; clk             ;
;  frac[38]    ; clk        ; -1.014 ; -1.627 ; Rise       ; clk             ;
;  frac[39]    ; clk        ; -0.949 ; -1.562 ; Rise       ; clk             ;
;  frac[40]    ; clk        ; 0.414  ; 0.103  ; Rise       ; clk             ;
;  frac[41]    ; clk        ; -1.116 ; -1.778 ; Rise       ; clk             ;
;  frac[42]    ; clk        ; -0.985 ; -1.642 ; Rise       ; clk             ;
;  frac[43]    ; clk        ; -0.968 ; -1.612 ; Rise       ; clk             ;
;  frac[44]    ; clk        ; -0.981 ; -1.610 ; Rise       ; clk             ;
;  frac[45]    ; clk        ; -0.941 ; -1.540 ; Rise       ; clk             ;
;  frac[46]    ; clk        ; -1.119 ; -1.775 ; Rise       ; clk             ;
;  frac[47]    ; clk        ; -0.917 ; -1.514 ; Rise       ; clk             ;
;  frac[48]    ; clk        ; -0.912 ; -1.533 ; Rise       ; clk             ;
;  frac[49]    ; clk        ; -1.007 ; -1.636 ; Rise       ; clk             ;
;  frac[50]    ; clk        ; -0.950 ; -1.581 ; Rise       ; clk             ;
;  frac[51]    ; clk        ; -0.940 ; -1.573 ; Rise       ; clk             ;
;  frac[52]    ; clk        ; -1.141 ; -1.789 ; Rise       ; clk             ;
;  frac[53]    ; clk        ; -0.931 ; -1.557 ; Rise       ; clk             ;
;  frac[54]    ; clk        ; -1.078 ; -1.697 ; Rise       ; clk             ;
; is_nar       ; clk        ; -0.896 ; -1.521 ; Rise       ; clk             ;
; is_zero      ; clk        ; -0.837 ; -1.467 ; Rise       ; clk             ;
; sf[*]        ; clk        ; -0.786 ; -1.383 ; Rise       ; clk             ;
;  sf[0]       ; clk        ; -0.893 ; -1.496 ; Rise       ; clk             ;
;  sf[1]       ; clk        ; -1.052 ; -1.692 ; Rise       ; clk             ;
;  sf[2]       ; clk        ; -0.879 ; -1.488 ; Rise       ; clk             ;
;  sf[3]       ; clk        ; -1.128 ; -1.789 ; Rise       ; clk             ;
;  sf[4]       ; clk        ; -0.921 ; -1.538 ; Rise       ; clk             ;
;  sf[5]       ; clk        ; -0.905 ; -1.532 ; Rise       ; clk             ;
;  sf[6]       ; clk        ; -0.846 ; -1.472 ; Rise       ; clk             ;
;  sf[7]       ; clk        ; -1.203 ; -1.836 ; Rise       ; clk             ;
;  sf[8]       ; clk        ; -0.998 ; -1.638 ; Rise       ; clk             ;
;  sf[9]       ; clk        ; -0.786 ; -1.383 ; Rise       ; clk             ;
; sign         ; clk        ; -0.952 ; -1.582 ; Rise       ; clk             ;
; sticky       ; clk        ; -1.051 ; -1.701 ; Rise       ; clk             ;
+--------------+------------+--------+--------+------------+-----------------+


+-----------------------------------------------------------------------+
; Clock to Output Times                                                 ;
+-----------+------------+-------+-------+------------+-----------------+
; Data Port ; Clock Port ; Rise  ; Fall  ; Clock Edge ; Clock Reference ;
+-----------+------------+-------+-------+------------+-----------------+
; d[*]      ; clk        ; 5.156 ; 5.415 ; Rise       ; clk             ;
;  d[0]     ; clk        ; 3.907 ; 4.059 ; Rise       ; clk             ;
;  d[1]     ; clk        ; 3.946 ; 4.094 ; Rise       ; clk             ;
;  d[2]     ; clk        ; 4.281 ; 4.438 ; Rise       ; clk             ;
;  d[3]     ; clk        ; 3.890 ; 4.022 ; Rise       ; clk             ;
;  d[4]     ; clk        ; 3.645 ; 3.782 ; Rise       ; clk             ;
;  d[5]     ; clk        ; 3.890 ; 4.038 ; Rise       ; clk             ;
;  d[6]     ; clk        ; 4.020 ; 4.203 ; Rise       ; clk             ;
;  d[7]     ; clk        ; 3.412 ; 3.511 ; Rise       ; clk             ;
;  d[8]     ; clk        ; 3.859 ; 4.006 ; Rise       ; clk             ;
;  d[9]     ; clk        ; 3.686 ; 3.807 ; Rise       ; clk             ;
;  d[10]    ; clk        ; 3.770 ; 3.908 ; Rise       ; clk             ;
;  d[11]    ; clk        ; 4.091 ; 4.258 ; Rise       ; clk             ;
;  d[12]    ; clk        ; 3.804 ; 3.942 ; Rise       ; clk             ;
;  d[13]    ; clk        ; 3.667 ; 3.768 ; Rise       ; clk             ;
;  d[14]    ; clk        ; 3.531 ; 3.665 ; Rise       ; clk             ;
;  d[15]    ; clk        ; 3.629 ; 3.751 ; Rise       ; clk             ;
;  d[16]    ; clk        ; 3.668 ; 3.784 ; Rise       ; clk             ;
;  d[17]    ; clk        ; 3.697 ; 3.840 ; Rise       ; clk             ;
;  d[18]    ; clk        ; 3.902 ; 4.044 ; Rise       ; clk             ;
;  d[19]    ; clk        ; 4.244 ; 4.439 ; Rise       ; clk             ;
;  d[20]    ; clk        ; 3.895 ; 4.033 ; Rise       ; clk             ;
;  d[21]    ; clk        ; 3.758 ; 3.920 ; Rise       ; clk             ;
;  d[22]    ; clk        ; 3.954 ; 4.110 ; Rise       ; clk             ;
;  d[23]    ; clk        ; 4.470 ; 4.724 ; Rise       ; clk             ;
;  d[24]    ; clk        ; 4.147 ; 4.318 ; Rise       ; clk             ;
;  d[25]    ; clk        ; 4.520 ; 4.759 ; Rise       ; clk             ;
;  d[26]    ; clk        ; 5.156 ; 5.415 ; Rise       ; clk             ;
;  d[27]    ; clk        ; 3.941 ; 4.102 ; Rise       ; clk             ;
;  d[28]    ; clk        ; 4.719 ; 5.004 ; Rise       ; clk             ;
;  d[29]    ; clk        ; 5.033 ; 5.262 ; Rise       ; clk             ;
;  d[30]    ; clk        ; 4.250 ; 4.447 ; Rise       ; clk             ;
;  d[31]    ; clk        ; 3.865 ; 3.996 ; Rise       ; clk             ;
; flags[*]  ; clk        ; 3.926 ; 4.080 ; Rise       ; clk             ;
;  flags[0] ; clk        ; 3.865 ; 4.018 ; Rise       ; clk             ;
;  flags[1] ; clk        ; 3.838 ; 3.968 ; Rise       ; clk             ;
;  flags[2] ; clk        ; 3.585 ; 3.686 ; Rise       ; clk             ;
;  flags[3] ; clk        ; 3.926 ; 4.080 ; Rise       ; clk             ;
;  flags[4] ; clk        ; 3.605 ; 3.710 ; Rise       ; clk             ;
; out_valid ; clk        ; 3.754 ; 3.880 ; Rise       ; clk             ;
+-----------+------------+-------+-------+------------+-----------------+


+-----------------------------------------------------------------------+
; Minimum Clock to Output Times                                         ;
+-----------+------------+-------+-------+------------+-----------------+
; Data Port ; Clock Port ; Rise  ; Fall  ; Clock Edge ; Clock Reference ;
+-----------+------------+-------+-------+------------+-----------------+
; d[*]      ; clk        ; 3.301 ; 3.398 ; Rise       ; clk             ;
;  d[0]     ; clk        ; 3.773 ; 3.919 ; Rise       ; clk             ;
;  d[1]     ; clk        ; 3.813 ; 3.957 ; Rise       ; clk             ;
;  d[2]     ; clk        ; 4.131 ; 4.283 ; Rise       ; clk             ;
;  d[3]     ; clk        ; 3.756 ; 3.883 ; Rise       ; clk             ;
;  d[4]     ; clk        ; 3.522 ; 3.654 ; Rise       ; clk             ;
;  d[5]     ; clk        ; 3.757 ; 3.899 ; Rise       ; clk             ;
;  d[6]     ; clk        ; 3.881 ; 4.057 ; Rise       ; clk             ;
;  d[7]     ; clk        ; 3.301 ; 3.398 ; Rise       ; clk             ;
;  d[8]     ; clk        ; 3.726 ; 3.868 ; Rise       ; clk             ;
;  d[9]     ; clk        ; 3.563 ; 3.680 ; Rise       ; clk             ;
;  d[10]    ; clk        ; 3.641 ; 3.773 ; Rise       ; clk             ;
;  d[11]    ; clk        ; 3.952 ; 4.113 ; Rise       ; clk             ;
;  d[12]    ; clk        ; 3.677 ; 3.811 ; Rise       ; clk             ;
;  d[13]    ; clk        ; 3.542 ; 3.639 ; Rise       ; clk             ;
;  d[14]    ; clk        ; 3.415 ; 3.544 ; Rise       ; clk             ;
;  d[15]    ; clk        ; 3.509 ; 3.627 ; Rise       ; clk             ;
;  d[16]    ; clk        ; 3.543 ; 3.655 ; Rise       ; clk             ;
;  d[17]    ; clk        ; 3.574 ; 3.712 ; Rise       ; clk             ;
;  d[18]    ; clk        ; 3.767 ; 3.905 ; Rise       ; clk             ;
;  d[19]    ; clk        ; 4.096 ; 4.283 ; Rise       ; clk             ;
;  d[20]    ; clk        ; 3.761 ; 3.893 ; Rise       ; clk             ;
;  d[21]    ; clk        ; 3.633 ; 3.789 ; Rise       ; clk             ;
;  d[22]    ; clk        ; 3.819 ; 3.969 ; Rise       ; clk             ;
;  d[23]    ; clk        ; 4.316 ; 4.562 ; Rise       ; clk             ;
;  d[24]    ; clk        ; 4.003 ; 4.167 ; Rise       ; clk             ;
;  d[25]    ; clk        ; 4.360 ; 4.591 ; Rise       ; clk             ;
;  d[26]    ; clk        ; 5.009 ; 5.260 ; Rise       ; clk             ;
;  d[27]    ; clk        ; 3.805 ; 3.960 ; Rise       ; clk             ;
;  d[28]    ; clk        ; 4.556 ; 4.830 ; Rise       ; clk             ;
;  d[29]    ; clk        ; 4.892 ; 5.114 ; Rise       ; clk             ;
;  d[30]    ; clk        ; 4.103 ; 4.292 ; Rise       ; clk             ;
;  d[31]    ; clk        ; 3.732 ; 3.858 ; Rise       ; clk             ;
; flags[*]  ; clk        ; 3.463 ; 3.560 ; Rise       ; clk             ;
;  flags[0] ; clk        ; 3.732 ; 3.879 ; Rise       ; clk             ;
;  flags[1] ; clk        ; 3.707 ; 3.831 ; Rise       ; clk             ;
;  flags[2] ; clk        ; 3.463 ; 3.560 ; Rise       ; clk             ;
;  flags[3] ; clk        ; 3.791 ; 3.939 ; Rise       ; clk             ;
;  flags[4] ; clk        ; 3.482 ; 3.584 ; Rise       ; clk             ;
; out_valid ; clk        ; 3.626 ; 3.747 ; Rise       ; clk             ;
+-----------+------------+-------+-------+------------+-----------------+


---------------------------------------------
; Fast 1200mV 0C Model Metastability Report ;
---------------------------------------------
No synchronizer chains to report.


+-----------------------------------------------------------------------------+
; Multicorner Timing Analysis Summary                                         ;
+------------------+-------+-------+----------+---------+---------------------+
; Clock            ; Setup ; Hold  ; Recovery ; Removal ; Minimum Pulse Width ;
+------------------+-------+-------+----------+---------+---------------------+
; Worst-case Slack ; 0.262 ; 0.193 ; 7.038    ; 1.218   ; 4.418               ;
;  clk             ; 0.262 ; 0.193 ; 7.038    ; 1.218   ; 4.418               ;
; Design-wide TNS  ; 0.0   ; 0.0   ; 0.0      ; 0.0     ; 0.0                 ;
;  clk             ; 0.000 ; 0.000 ; 0.000    ; 0.000   ; 0.000               ;
+------------------+-------+-------+----------+---------+---------------------+


+---------------------------------------------------------------------------+
; Setup Times                                                               ;
+--------------+------------+--------+-------+------------+-----------------+
; Data Port    ; Clock Port ; Rise   ; Fall  ; Clock Edge ; Clock Reference ;
+--------------+------------+--------+-------+------------+-----------------+
; flags_in[*]  ; clk        ; 2.004  ; 2.527 ; Rise       ; clk             ;
;  flags_in[0] ; clk        ; 1.793  ; 2.248 ; Rise       ; clk             ;
;  flags_in[1] ; clk        ; 1.990  ; 2.491 ; Rise       ; clk             ;
;  flags_in[2] ; clk        ; 2.004  ; 2.527 ; Rise       ; clk             ;
;  flags_in[3] ; clk        ; 1.836  ; 2.303 ; Rise       ; clk             ;
;  flags_in[4] ; clk        ; 1.675  ; 2.102 ; Rise       ; clk             ;
; frac[*]      ; clk        ; 2.472  ; 2.980 ; Rise       ; clk             ;
;  frac[0]     ; clk        ; 1.640  ; 2.072 ; Rise       ; clk             ;
;  frac[1]     ; clk        ; 2.092  ; 2.563 ; Rise       ; clk             ;
;  frac[2]     ; clk        ; 1.992  ; 2.482 ; Rise       ; clk             ;
;  frac[3]     ; clk        ; 2.381  ; 2.852 ; Rise       ; clk             ;
;  frac[4]     ; clk        ; -0.131 ; 0.164 ; Rise       ; clk             ;
;  frac[5]     ; clk        ; 2.416  ; 2.948 ; Rise       ; clk             ;
;  frac[6]     ; clk        ; 2.074  ; 2.567 ; Rise       ; clk             ;
;  frac[7]     ; clk        ; 1.792  ; 2.221 ; Rise       ; clk             ;
;  frac[8]     ; clk        ; 1.841  ; 2.274 ; Rise       ; clk             ;
;  frac[9]     ; clk        ; 2.187  ; 2.660 ; Rise       ; clk             ;
;  frac[10]    ; clk        ; 2.331  ; 2.826 ; Rise       ; clk             ;
;  frac[11]    ; clk        ; 2.256  ; 2.746 ; Rise       ; clk             ;
;  frac[12]    ; clk        ; 2.220  ; 2.668 ; Rise       ; clk             ;
;  frac[13]    ; clk        ; 2.377  ; 2.897 ; Rise       ; clk             ;
;  frac[14]    ; clk        ; 2.236  ; 2.774 ; Rise       ; clk             ;
;  frac[15]    ; clk        ; 1.998  ; 2.460 ; Rise       ; clk             ;
;  frac[16]    ; clk        ; 2.359  ; 2.859 ; Rise       ; clk             ;
;  frac[17]    ; clk        ; 1.868  ; 2.341 ; Rise       ; clk             ;
;  frac[18]    ; clk        ; 2.281  ; 2.766 ; Rise       ; clk             ;
;  frac[19]    ; clk        ; 2.282  ; 2.779 ; Rise       ; clk             ;
;  frac[20]    ; clk        ; 2.439  ; 2.903 ; Rise       ; clk             ;
;  frac[21]    ; clk        ; 2.333  ; 2.804 ; Rise       ; clk             ;
;  frac[22]    ; clk        ; 2.472  ; 2.980 ; Rise       ; clk             ;
;  frac[23]    ; clk        ; -0.078 ; 0.209 ; Rise       ; clk             ;
;  frac[24]    ; clk        ; 2.189  ; 2.682 ; Rise       ; clk             ;
;  frac[25]    ; clk        ; 0.036  ; 0.290 ; Rise       ; clk             ;
;  frac[26]    ; clk        ; 2.217  ; 2.697 ; Rise       ; clk             ;
;  frac[27]    ; clk        ; 2.115  ; 2.647 ; Rise       ; clk             ;
;  frac[28]    ; clk        ; 2.202  ; 2.722 ; Rise       ; clk             ;
;  frac[29]    ; clk        ; 2.374  ; 2.856 ; Rise       ; clk             ;
;  frac[30]    ; clk        ; 2.103  ; 2.550 ; Rise       ; clk             ;
;  frac[31]    ; clk        ; 2.069  ; 2.591 ; Rise       ; clk             ;
;  frac[32]    ; clk        ; 1.876  ; 2.336 ; Rise       ; clk             ;
;  frac[33]    ; clk        ; 2.129  ; 2.666 ; Rise       ; clk             ;
;  frac[34]    ; clk        ; 2.182  ; 2.648 ; Rise       ; clk             ;
;  frac[35]    ; clk        ; -0.053 ; 0.225 ; Rise       ; clk             ;
;  frac[36]    ; clk        ; -0.055 ; 0.225 ; Rise       ; clk             ;
;  frac[37]    ; clk        ; -0.113 ; 0.177 ; Rise       ; clk             ;
;  frac[38]    ; clk        ; 2.219  ; 2.671 ; Rise       ; clk             ;
;  frac[39]    ; clk        ; 2.080  ; 2.557 ; Rise       ; clk             ;
;  frac[40]    ; clk        ; -0.258 ; 0.051 ; Rise       ; clk             ;
;  frac[41]    ; clk        ; 2.379  ; 2.898 ; Rise       ; clk             ;
;  frac[42]    ; clk        ; 2.123  ; 2.640 ; Rise       ; clk             ;
;  frac[43]    ; clk        ; 2.097  ; 2.582 ; Rise       ; clk             ;
;  frac[44]    ; clk        ; 2.087  ; 2.598 ; Rise       ; clk             ;
;  frac[45]    ; clk        ; 2.074  ; 2.493 ; Rise       ; clk             ;
;  frac[46]    ; clk        ; 2.427  ; 2.941 ; Rise       ; clk             ;
;  frac[47]    ; clk        ; 2.014  ; 2.460 ; Rise       ; clk             ;
;  frac[48]    ; clk        ; 1.995  ; 2.496 ; Rise       ; clk             ;
;  frac[49]    ; clk        ; 2.186  ; 2.662 ; Rise       ; clk             ;
;  frac[50]    ; clk        ; 2.075  ; 2.570 ; Rise       ; clk             ;
;  frac[51]    ; clk        ; 2.073  ; 2.574 ; Rise       ; clk             ;
;  frac[52]    ; clk        ; 2.392  ; 2.929 ; Rise       ; clk             ;
;  frac[53]    ; clk        ; 2.050  ; 2.533 ; Rise       ; clk             ;
;  frac[54]    ; clk        ; 2.304  ; 2.768 ; Rise       ; clk             ;
; is_nar       ; clk        ; 1.989  ; 2.442 ; Rise       ; clk             ;
; is_zero      ; clk        ; 1.877  ; 2.333 ; Rise       ; clk             ;
; sf[*]        ; clk        ; 2.548  ; 2.995 ; Rise       ; clk             ;
;  sf[0]       ; clk        ; 1.981  ; 2.436 ; Rise       ; clk             ;
;  sf[1]       ; clk        ; 2.257  ; 2.780 ; Rise       ; clk             ;
;  sf[2]       ; clk        ; 1.974  ; 2.428 ; Rise       ; clk             ;
;  sf[3]       ; clk        ; 2.364  ; 2.905 ; Rise       ; clk             ;
;  sf[4]       ; clk        ; 2.043  ; 2.502 ; Rise       ; clk             ;
;  sf[5]       ; clk        ; 1.992  ; 2.470 ; Rise       ; clk             ;
;  sf[6]       ; clk        ; 1.850  ; 2.362 ; Rise       ; clk             ;
;  sf[7]       ; clk        ; 2.548  ; 2.995 ; Rise       ; clk             ;
;  sf[8]       ; clk        ; 2.107  ; 2.626 ; Rise       ; clk             ;
;  sf[9]       ; clk        ; 1.818  ; 2.257 ; Rise       ; clk             ;
; sign         ; clk        ; 2.087  ; 2.555 ; Rise       ; clk             ;
; sticky       ; clk        ; 2.266  ; 2.766 ; Rise       ; clk             ;
+--------------+------------+--------+-------+------------+-----------------+


+----------------------------------------------------------------------------+
; Hold Times                                                                 ;
+--------------+------------+--------+--------+------------+-----------------+
; Data Port    ; Clock Port ; Rise   ; Fall   ; Clock Edge ; Clock Reference ;
+--------------+------------+--------+--------+------------+-----------------+
; flags_in[*]  ; clk        ; -0.725 ; -1.314 ; Rise       ; clk             ;
;  flags_in[0] ; clk        ; -0.800 ; -1.405 ; Rise       ; clk             ;
;  flags_in[1] ; clk        ; -0.889 ; -1.532 ; Rise       ; clk             ;
;  flags_in[2] ; clk        ; -0.918 ; -1.560 ; Rise       ; clk             ;
;  flags_in[3] ; clk        ; -0.820 ; -1.432 ; Rise       ; clk             ;
;  flags_in[4] ; clk        ; -0.725 ; -1.314 ; Rise       ; clk             ;
; frac[*]      ; clk        ; 0.707  ; 0.577  ; Rise       ; clk             ;
;  frac[0]     ; clk        ; -0.693 ; -1.283 ; Rise       ; clk             ;
;  frac[1]     ; clk        ; -0.961 ; -1.597 ; Rise       ; clk             ;
;  frac[2]     ; clk        ; -0.912 ; -1.536 ; Rise       ; clk             ;
;  frac[3]     ; clk        ; -1.118 ; -1.746 ; Rise       ; clk             ;
;  frac[4]     ; clk        ; 0.518  ; 0.406  ; Rise       ; clk             ;
;  frac[5]     ; clk        ; -1.136 ; -1.808 ; Rise       ; clk             ;
;  frac[6]     ; clk        ; -0.962 ; -1.590 ; Rise       ; clk             ;
;  frac[7]     ; clk        ; -0.784 ; -1.366 ; Rise       ; clk             ;
;  frac[8]     ; clk        ; -0.792 ; -1.386 ; Rise       ; clk             ;
;  frac[9]     ; clk        ; -1.021 ; -1.648 ; Rise       ; clk             ;
;  frac[10]    ; clk        ; -1.086 ; -1.728 ; Rise       ; clk             ;
;  frac[11]    ; clk        ; -1.048 ; -1.682 ; Rise       ; clk             ;
;  frac[12]    ; clk        ; -1.026 ; -1.646 ; Rise       ; clk             ;
;  frac[13]    ; clk        ; -1.110 ; -1.774 ; Rise       ; clk             ;
;  frac[14]    ; clk        ; -1.065 ; -1.739 ; Rise       ; clk             ;
;  frac[15]    ; clk        ; -0.894 ; -1.507 ; Rise       ; clk             ;
;  frac[16]    ; clk        ; -1.107 ; -1.758 ; Rise       ; clk             ;
;  frac[17]    ; clk        ; -0.844 ; -1.448 ; Rise       ; clk             ;
;  frac[18]    ; clk        ; -1.055 ; -1.699 ; Rise       ; clk             ;
;  frac[19]    ; clk        ; -1.051 ; -1.693 ; Rise       ; clk             ;
;  frac[20]    ; clk        ; -1.128 ; -1.779 ; Rise       ; clk             ;
;  frac[21]    ; clk        ; -1.086 ; -1.721 ; Rise       ; clk             ;
;  frac[22]    ; clk        ; -1.174 ; -1.825 ; Rise       ; clk             ;
;  frac[23]    ; clk        ; 0.411  ; 0.295  ; Rise       ; clk             ;
;  frac[24]    ; clk        ; -1.030 ; -1.675 ; Rise       ; clk             ;
;  frac[25]    ; clk        ; 0.265  ; 0.160  ; Rise       ; clk             ;
;  frac[26]    ; clk        ; -1.034 ; -1.655 ; Rise       ; clk             ;
;  frac[27]    ; clk        ; -0.978 ; -1.629 ; Rise       ; clk             ;
;  frac[28]    ; clk        ; -1.028 ; -1.691 ; Rise       ; clk             ;
;  frac[29]    ; clk        ; -1.115 ; -1.755 ; Rise       ; clk             ;
;  frac[30]    ; clk        ; -0.965 ; -1.576 ; Rise       ; clk             ;
;  frac[31]    ; clk        ; -0.962 ; -1.597 ; Rise       ; clk             ;
;  frac[32]    ; clk        ; -0.835 ; -1.435 ; Rise       ; clk             ;
;  frac[33]    ; clk        ; -0.997 ; -1.637 ; Rise       ; clk             ;
;  frac[34]    ; clk        ; -0.999 ; -1.621 ; Rise       ; clk             ;
;  frac[35]    ; clk        ; 0.409  ; 0.289  ; Rise       ; clk             ;
;  frac[36]    ; clk        ; 0.405  ; 0.269  ; Rise       ; clk             ;
;  frac[37]    ; clk        ; 0.479  ; 0.341  ; Rise       ; clk             ;
;  frac[38]    ; clk        ; -1.014 ; -1.627 ; Rise       ; clk             ;
;  frac[39]    ; clk        ; -0.949 ; -1.562 ; Rise       ; clk             ;
;  frac[40]    ; clk        ; 0.707  ; 0.577  ; Rise       ; clk             ;
;  frac[41]    ; clk        ; -1.116 ; -1.778 ; Rise       ; clk             ;
;  frac[42]    ; clk        ; -0.985 ; -1.642 ; Rise       ; clk             ;
;  frac[43]    ; clk        ; -0.968 ; -1.612 ; Rise       ; clk             ;
;  frac[44]    ; clk        ; -0.981 ; -1.610 ; Rise       ; clk             ;
;  frac[45]    ; clk        ; -0.941 ; -1.540 ; Rise       ; clk             ;
;  frac[46]    ; clk        ; -1.119 ; -1.775 ; Rise       ; clk             ;
;  frac[47]    ; clk        ; -0.917 ; -1.514 ; Rise       ; clk             ;
;  frac[48]    ; clk        ; -0.912 ; -1.533 ; Rise       ; clk             ;
;  frac[49]    ; clk        ; -1.007 ; -1.636 ; Rise       ; clk             ;
;  frac[50]    ; clk        ; -0.950 ; -1.581 ; Rise       ; clk             ;
;  frac[51]    ; clk        ; -0.940 ; -1.573 ; Rise       ; clk             ;
;  frac[52]    ; clk        ; -1.141 ; -1.789 ; Rise       ; clk             ;
;  frac[53]    ; clk        ; -0.931 ; -1.557 ; Rise       ; clk             ;
;  frac[54]    ; clk        ; -1.078 ; -1.697 ; Rise       ; clk             ;
; is_nar       ; clk        ; -0.896 ; -1.521 ; Rise       ; clk             ;
; is_zero      ; clk        ; -0.837 ; -1.467 ; Rise       ; clk             ;
; sf[*]        ; clk        ; -0.786 ; -1.383 ; Rise       ; clk             ;
;  sf[0]       ; clk        ; -0.893 ; -1.496 ; Rise       ; clk             ;
;  sf[1]       ; clk        ; -1.052 ; -1.692 ; Rise       ; clk             ;
;  sf[2]       ; clk        ; -0.879 ; -1.488 ; Rise       ; clk             ;
;  sf[3]       ; clk        ; -1.128 ; -1.789 ; Rise       ; clk             ;
;  sf[4]       ; clk        ; -0.921 ; -1.538 ; Rise       ; clk             ;
;  sf[5]       ; clk        ; -0.905 ; -1.532 ; Rise       ; clk             ;
;  sf[6]       ; clk        ; -0.846 ; -1.472 ; Rise       ; clk             ;
;  sf[7]       ; clk        ; -1.203 ; -1.836 ; Rise       ; clk             ;
;  sf[8]       ; clk        ; -0.998 ; -1.638 ; Rise       ; clk             ;
;  sf[9]       ; clk        ; -0.786 ; -1.383 ; Rise       ; clk             ;
; sign         ; clk        ; -0.952 ; -1.582 ; Rise       ; clk             ;
; sticky       ; clk        ; -1.051 ; -1.701 ; Rise       ; clk             ;
+--------------+------------+--------+--------+------------+-----------------+


+-----------------------------------------------------------------------+
; Clock to Output Times                                                 ;
+-----------+------------+-------+-------+------------+-----------------+
; Data Port ; Clock Port ; Rise  ; Fall  ; Clock Edge ; Clock Reference ;
+-----------+------------+-------+-------+------------+-----------------+
; d[*]      ; clk        ; 8.545 ; 8.755 ; Rise       ; clk             ;
;  d[0]     ; clk        ; 6.721 ; 6.821 ; Rise       ; clk             ;
;  d[1]     ; clk        ; 6.783 ; 6.790 ; Rise       ; clk             ;
;  d[2]     ; clk        ; 7.395 ; 7.409 ; Rise       ; clk             ;
;  d[3]     ; clk        ; 6.624 ; 6.701 ; Rise       ; clk             ;
;  d[4]     ; clk        ; 6.212 ; 6.311 ; Rise       ; clk             ;
;  d[5]     ; clk        ; 6.667 ; 6.737 ; Rise       ; clk             ;
;  d[6]     ; clk        ; 6.861 ; 7.003 ; Rise       ; clk             ;
;  d[7]     ; clk        ; 5.860 ; 5.885 ; Rise       ; clk             ;
;  d[8]     ; clk        ; 6.639 ; 6.687 ; Rise       ; clk             ;
;  d[9]     ; clk        ; 6.368 ; 6.344 ; Rise       ; clk             ;
;  d[10]    ; clk        ; 6.435 ; 6.519 ; Rise       ; clk             ;
;  d[11]    ; clk        ; 7.052 ; 7.063 ; Rise       ; clk             ;
;  d[12]    ; clk        ; 6.568 ; 6.574 ; Rise       ; clk             ;
;  d[13]    ; clk        ; 6.283 ; 6.309 ; Rise       ; clk             ;
;  d[14]    ; clk        ; 6.011 ; 6.104 ; Rise       ; clk             ;
;  d[15]    ; clk        ; 6.206 ; 6.251 ; Rise       ; clk             ;
;  d[16]    ; clk        ; 6.331 ; 6.350 ; Rise       ; clk             ;
;  d[17]    ; clk        ; 6.365 ; 6.406 ; Rise       ; clk             ;
;  d[18]    ; clk        ; 6.679 ; 6.751 ; Rise       ; clk             ;
;  d[19]    ; clk        ; 7.262 ; 7.341 ; Rise       ; clk             ;
;  d[20]    ; clk        ; 6.701 ; 6.729 ; Rise       ; clk             ;
;  d[21]    ; clk        ; 6.465 ; 6.556 ; Rise       ; clk             ;
;  d[22]    ; clk        ; 6.799 ; 6.871 ; Rise       ; clk             ;
;  d[23]    ; clk        ; 7.650 ; 7.827 ; Rise       ; clk             ;
;  d[24]    ; clk        ; 7.119 ; 7.158 ; Rise       ; clk             ;
;  d[25]    ; clk        ; 7.785 ; 7.909 ; Rise       ; clk             ;
;  d[26]    ; clk        ; 8.545 ; 8.755 ; Rise       ; clk             ;
;  d[27]    ; clk        ; 6.728 ; 6.832 ; Rise       ; clk             ;
;  d[28]    ; clk        ; 8.114 ; 8.280 ; Rise       ; clk             ;
;  d[29]    ; clk        ; 8.291 ; 8.468 ; Rise       ; clk             ;
;  d[30]    ; clk        ; 7.270 ; 7.380 ; Rise       ; clk             ;
;  d[31]    ; clk        ; 6.699 ; 6.713 ; Rise       ; clk             ;
; flags[*]  ; clk        ; 6.699 ; 6.788 ; Rise       ; clk             ;
;  flags[0] ; clk        ; 6.630 ; 6.689 ; Rise       ; clk             ;
;  flags[1] ; clk        ; 6.597 ; 6.637 ; Rise       ; clk             ;
;  flags[2] ; clk        ; 6.141 ; 6.180 ; Rise       ; clk             ;
;  flags[3] ; clk        ; 6.699 ; 6.788 ; Rise       ; clk             ;
;  flags[4] ; clk        ; 6.163 ; 6.209 ; Rise       ; clk             ;
; out_valid ; clk        ; 6.440 ; 6.476 ; Rise       ; clk             ;
+-----------+------------+-------+-------+------------+-----------------+


+-----------------------------------------------------------------------+
; Minimum Clock to Output Times                                         ;
+-----------+------------+-------+-------+------------+-----------------+
; Data Port ; Clock Port ; Rise  ; Fall  ; Clock Edge ; Clock Reference ;
+-----------+------------+-------+-------+------------+-----------------+
; d[*]      ; clk        ; 3.301 ; 3.398 ; Rise       ; clk             ;
;  d[0]     ; clk        ; 3.773 ; 3.919 ; Rise       ; clk             ;
;  d[1]     ; clk        ; 3.813 ; 3.957 ; Rise       ; clk             ;
;  d[2]     ; clk        ; 4.131 ; 4.283 ; Rise       ; clk             ;
;  d[3]     ; clk        ; 3.756 ; 3.883 ; Rise       ; clk             ;
;  d[4]     ; clk        ; 3.522 ; 3.654 ; Rise       ; clk             ;
;  d[5]     ; clk        ; 3.757 ; 3.899 ; Rise       ; clk             ;
;  d[6]     ; clk        ; 3.881 ; 4.057 ; Rise       ; clk             ;
;  d[7]     ; clk        ; 3.301 ; 3.398 ; Rise       ; clk             ;
;  d[8]     ; clk        ; 3.726 ; 3.868 ; Rise       ; clk             ;
;  d[9]     ; clk        ; 3.563 ; 3.680 ; Rise       ; clk             ;
;  d[10]    ; clk        ; 3.641 ; 3.773 ; Rise       ; clk             ;
;  d[11]    ; clk        ; 3.952 ; 4.113 ; Rise       ; clk             ;
;  d[12]    ; clk        ; 3.677 ; 3.811 ; Rise       ; clk             ;
;  d[13]    ; clk        ; 3.542 ; 3.639 ; Rise       ; clk             ;
;  d[14]    ; clk        ; 3.415 ; 3.544 ; Rise       ; clk             ;
;  d[15]    ; clk        ; 3.509 ; 3.627 ; Rise       ; clk             ;
;  d[16]    ; clk        ; 3.543 ; 3.655 ; Rise       ; clk             ;
;  d[17]    ; clk        ; 3.574 ; 3.712 ; Rise       ; clk             ;
;  d[18]    ; clk        ; 3.767 ; 3.905 ; Rise       ; clk             ;
;  d[19]    ; clk        ; 4.096 ; 4.283 ; Rise       ; clk             ;
;  d[20]    ; clk        ; 3.761 ; 3.893 ; Rise       ; clk             ;
;  d[21]    ; clk        ; 3.633 ; 3.789 ; Rise       ; clk             ;
;  d[22]    ; clk        ; 3.819 ; 3.969 ; Rise       ; clk             ;
;  d[23]    ; clk        ; 4.316 ; 4.562 ; Rise       ; clk             ;
;  d[24]    ; clk        ; 4.003 ; 4.167 ; Rise       ; clk             ;
;  d[25]    ; clk        ; 4.360 ; 4.591 ; Rise       ; clk             ;
;  d[26]    ; clk        ; 5.009 ; 5.260 ; Rise       ; clk             ;
;  d[27]    ; clk        ; 3.805 ; 3.960 ; Rise       ; clk             ;
;  d[28]    ; clk        ; 4.556 ; 4.830 ; Rise       ; clk             ;
;  d[29]    ; clk        ; 4.892 ; 5.114 ; Rise       ; clk             ;
;  d[30]    ; clk        ; 4.103 ; 4.292 ; Rise       ; clk             ;
;  d[31]    ; clk        ; 3.732 ; 3.858 ; Rise       ; clk             ;
; flags[*]  ; clk        ; 3.463 ; 3.560 ; Rise       ; clk             ;
;  flags[0] ; clk        ; 3.732 ; 3.879 ; Rise       ; clk             ;
;  flags[1] ; clk        ; 3.707 ; 3.831 ; Rise       ; clk             ;
;  flags[2] ; clk        ; 3.463 ; 3.560 ; Rise       ; clk             ;
;  flags[3] ; clk        ; 3.791 ; 3.939 ; Rise       ; clk             ;
;  flags[4] ; clk        ; 3.482 ; 3.584 ; Rise       ; clk             ;
; out_valid ; clk        ; 3.626 ; 3.747 ; Rise       ; clk             ;
+-----------+------------+-------+-------+------------+-----------------+


+------------------------------------------------------------------------------------------------------------------------------------------------------------------------------------------------------------------------------------------------------------------------------------------------------------------------------------------------------------------------------------------------------------------+
; Board Trace Model Assignments                                                                                                                                                                                                                                                                                                                                                                                    ;
+---------------+--------------+-------------------+-------------------------+-------------------------+---------------+---------------------+----------------+------------------+--------+------------------+------------------------+------------------------+--------------+---------------+-----------------+-------+---------------------+--------------------+---------------+-----------------+-------------+
; Pin           ; I/O Standard ; Near Tline Length ; Near Tline L per Length ; Near Tline C per Length ; Near Series R ; Near Differential R ; Near Pull-up R ; Near Pull-down R ; Near C ; Far Tline Length ; Far Tline L per Length ; Far Tline C per Length ; Far Series R ; Far Pull-up R ; Far Pull-down R ; Far C ; Termination Voltage ; Far Differential R ; EBD File Name ; EBD Signal Name ; EBD Far-end ;
+---------------+--------------+-------------------+-------------------------+-------------------------+---------------+---------------------+----------------+------------------+--------+------------------+------------------------+------------------------+--------------+---------------+-----------------+-------+---------------------+--------------------+---------------+-----------------+-------------+
; out_valid     ; 2.5 V        ; 0 in              ; 0 H/in                  ; 0 F/in                  ; short         ; -                   ; open           ; open             ; open   ; 0 in             ; 0 H/in                 ; 0 F/in                 ; short        ; open          ; open            ; open  ; 0 V                 ; -                  ; n/a           ; n/a             ; n/a         ;
; d[0]          ; 2.5 V        ; 0 in              ; 0 H/in                  ; 0 F/in                  ; short         ; -                   ; open           ; open             ; open   ; 0 in             ; 0 H/in                 ; 0 F/in                 ; short        ; open          ; open            ; open  ; 0 V                 ; -                  ; n/a           ; n/a             ; n/a         ;
; d[1]          ; 2.5 V        ; 0 in              ; 0 H/in                  ; 0 F/in                  ; short         ; -                   ; open           ; open             ; open   ; 0 in             ; 0 H/in                 ; 0 F/in                 ; short        ; open          ; open            ; open  ; 0 V                 ; -                  ; n/a           ; n/a             ; n/a         ;
; d[2]          ; 2.5 V        ; 0 in              ; 0 H/in                  ; 0 F/in                  ; short         ; -                   ; open           ; open             ; open   ; 0 in             ; 0 H/in                 ; 0 F/in                 ; short        ; open          ; open            ; open  ; 0 V                 ; -                  ; n/a           ; n/a             ; n/a         ;
; d[3]          ; 2.5 V        ; 0 in              ; 0 H/in                  ; 0 F/in                  ; short         ; -                   ; open           ; open             ; open   ; 0 in             ; 0 H/in                 ; 0 F/in                 ; short        ; open          ; open            ; open  ; 0 V                 ; -                  ; n/a           ; n/a             ; n/a         ;
; d[4]          ; 2.5 V        ; 0 in              ; 0 H/in                  ; 0 F/in                  ; short         ; -                   ; open           ; open             ; open   ; 0 in             ; 0 H/in                 ; 0 F/in                 ; short        ; open          ; open            ; open  ; 0 V                 ; -                  ; n/a           ; n/a             ; n/a         ;
; d[5]          ; 2.5 V        ; 0 in              ; 0 H/in                  ; 0 F/in                  ; short         ; -                   ; open           ; open             ; open   ; 0 in             ; 0 H/in                 ; 0 F/in                 ; short        ; open          ; open            ; open  ; 0 V                 ; -                  ; n/a           ; n/a             ; n/a         ;
; d[6]          ; 2.5 V        ; 0 in              ; 0 H/in                  ; 0 F/in                  ; short         ; -                   ; open           ; open             ; open   ; 0 in             ; 0 H/in                 ; 0 F/in                 ; short        ; open          ; open            ; open  ; 0 V                 ; -                  ; n/a           ; n/a             ; n/a         ;
; d[7]          ; 2.5 V        ; 0 in              ; 0 H/in                  ; 0 F/in                  ; short         ; -                   ; open           ; open             ; open   ; 0 in             ; 0 H/in                 ; 0 F/in                 ; short        ; open          ; open            ; open  ; 0 V                 ; -                  ; n/a           ; n/a             ; n/a         ;
; d[8]          ; 2.5 V        ; 0 in              ; 0 H/in                  ; 0 F/in                  ; short         ; -                   ; open           ; open             ; open   ; 0 in             ; 0 H/in                 ; 0 F/in                 ; short        ; open          ; open            ; open  ; 0 V                 ; -                  ; n/a           ; n/a             ; n/a         ;
; d[9]          ; 2.5 V        ; 0 in              ; 0 H/in                  ; 0 F/in                  ; short         ; -                   ; open           ; open             ; open   ; 0 in             ; 0 H/in                 ; 0 F/in                 ; short        ; open          ; open            ; open  ; 0 V                 ; -                  ; n/a           ; n/a             ; n/a         ;
; d[10]         ; 2.5 V        ; 0 in              ; 0 H/in                  ; 0 F/in                  ; short         ; -                   ; open           ; open             ; open   ; 0 in             ; 0 H/in                 ; 0 F/in                 ; short        ; open          ; open            ; open  ; 0 V                 ; -                  ; n/a           ; n/a             ; n/a         ;
; d[11]         ; 2.5 V        ; 0 in              ; 0 H/in                  ; 0 F/in                  ; short         ; -                   ; open           ; open             ; open   ; 0 in             ; 0 H/in                 ; 0 F/in                 ; short        ; open          ; open            ; open  ; 0 V                 ; -                  ; n/a           ; n/a             ; n/a         ;
; d[12]         ; 2.5 V        ; 0 in              ; 0 H/in                  ; 0 F/in                  ; short         ; -                   ; open           ; open             ; open   ; 0 in             ; 0 H/in                 ; 0 F/in                 ; short        ; open          ; open            ; open  ; 0 V                 ; -                  ; n/a           ; n/a             ; n/a         ;
; d[13]         ; 2.5 V        ; 0 in              ; 0 H/in                  ; 0 F/in                  ; short         ; -                   ; open           ; open             ; open   ; 0 in             ; 0 H/in                 ; 0 F/in                 ; short        ; open          ; open            ; open  ; 0 V                 ; -                  ; n/a           ; n/a             ; n/a         ;
; d[14]         ; 2.5 V        ; 0 in              ; 0 H/in                  ; 0 F/in                  ; short         ; -                   ; open           ; open             ; open   ; 0 in             ; 0 H/in                 ; 0 F/in                 ; short        ; open          ; open            ; open  ; 0 V                 ; -                  ; n/a           ; n/a             ; n/a         ;
; d[15]         ; 2.5 V        ; 0 in              ; 0 H/in                  ; 0 F/in                  ; short         ; -                   ; open           ; open             ; open   ; 0 in             ; 0 H/in                 ; 0 F/in                 ; short        ; open          ; open            ; open  ; 0 V                 ; -                  ; n/a           ; n/a             ; n/a         ;
; d[16]         ; 2.5 V        ; 0 in              ; 0 H/in                  ; 0 F/in                  ; short         ; -                   ; open           ; open             ; open   ; 0 in             ; 0 H/in                 ; 0 F/in                 ; short        ; open          ; open            ; open  ; 0 V                 ; -                  ; n/a           ; n/a             ; n/a         ;
; d[17]         ; 2.5 V        ; 0 in              ; 0 H/in                  ; 0 F/in                  ; short         ; -                   ; open           ; open             ; open   ; 0 in             ; 0 H/in                 ; 0 F/in                 ; short        ; open          ; open            ; open  ; 0 V                 ; -                  ; n/a           ; n/a             ; n/a         ;
; d[18]         ; 2.5 V        ; 0 in              ; 0 H/in                  ; 0 F/in                  ; short         ; -                   ; open           ; open             ; open   ; 0 in             ; 0 H/in                 ; 0 F/in                 ; short        ; open          ; open            ; open  ; 0 V                 ; -                  ; n/a           ; n/a             ; n/a         ;
; d[19]         ; 2.5 V        ; 0 in              ; 0 H/in                  ; 0 F/in                  ; short         ; -                   ; open           ; open             ; open   ; 0 in             ; 0 H/in                 ; 0 F/in                 ; short        ; open          ; open            ; open  ; 0 V                 ; -                  ; n/a           ; n/a             ; n/a         ;
; d[20]         ; 2.5 V        ; 0 in              ; 0 H/in                  ; 0 F/in                  ; short         ; -                   ; open           ; open             ; open   ; 0 in             ; 0 H/in                 ; 0 F/in                 ; short        ; open          ; open            ; open  ; 0 V                 ; -                  ; n/a           ; n/a             ; n/a         ;
; d[21]         ; 2.5 V        ; 0 in              ; 0 H/in                  ; 0 F/in                  ; short         ; -                   ; open           ; open             ; open   ; 0 in             ; 0 H/in                 ; 0 F/in                 ; short        ; open          ; open            ; open  ; 0 V                 ; -                  ; n/a           ; n/a             ; n/a         ;
; d[22]         ; 2.5 V        ; 0 in              ; 0 H/in                  ; 0 F/in                  ; short         ; -                   ; open           ; open             ; open   ; 0 in             ; 0 H/in                 ; 0 F/in                 ; short        ; open          ; open            ; open  ; 0 V                 ; -                  ; n/a           ; n/a             ; n/a         ;
; d[23]         ; 2.5 V        ; 0 in              ; 0 H/in                  ; 0 F/in                  ; short         ; -                   ; open           ; open             ; open   ; 0 in             ; 0 H/in                 ; 0 F/in                 ; short        ; open          ; open            ; open  ; 0 V                 ; -                  ; n/a           ; n/a             ; n/a         ;
; d[24]         ; 2.5 V        ; 0 in              ; 0 H/in                  ; 0 F/in                  ; short         ; -                   ; open           ; open             ; open   ; 0 in             ; 0 H/in                 ; 0 F/in                 ; short        ; open          ; open            ; open  ; 0 V                 ; -                  ; n/a           ; n/a             ; n/a         ;
; d[25]         ; 2.5 V        ; 0 in              ; 0 H/in                  ; 0 F/in                  ; short         ; -                   ; open           ; open             ; open   ; 0 in             ; 0 H/in                 ; 0 F/in                 ; short        ; open          ; open            ; open  ; 0 V                 ; -                  ; n/a           ; n/a             ; n/a         ;
; d[26]         ; 2.5 V        ; 0 in              ; 0 H/in                  ; 0 F/in                  ; short         ; -                   ; open           ; open             ; open   ; 0 in             ; 0 H/in                 ; 0 F/in                 ; short        ; open          ; open            ; open  ; 0 V                 ; -                  ; n/a           ; n/a             ; n/a         ;
; d[27]         ; 2.5 V        ; 0 in              ; 0 H/in                  ; 0 F/in                  ; short         ; -                   ; open           ; open             ; open   ; 0 in             ; 0 H/in                 ; 0 F/in                 ; short        ; open          ; open            ; open  ; 0 V                 ; -                  ; n/a           ; n/a             ; n/a         ;
; d[28]         ; 2.5 V        ; 0 in              ; 0 H/in                  ; 0 F/in                  ; short         ; -                   ; open           ; open             ; open   ; 0 in             ; 0 H/in                 ; 0 F/in                 ; short        ; open          ; open            ; open  ; 0 V                 ; -                  ; n/a           ; n/a             ; n/a         ;
; d[29]         ; 2.5 V        ; 0 in              ; 0 H/in                  ; 0 F/in                  ; short         ; -                   ; open           ; open             ; open   ; 0 in             ; 0 H/in                 ; 0 F/in                 ; short        ; open          ; open            ; open  ; 0 V                 ; -                  ; n/a           ; n/a             ; n/a         ;
; d[30]         ; 2.5 V        ; 0 in              ; 0 H/in                  ; 0 F/in                  ; short         ; -                   ; open           ; open             ; open   ; 0 in             ; 0 H/in                 ; 0 F/in                 ; short        ; open          ; open            ; open  ; 0 V                 ; -                  ; n/a           ; n/a             ; n/a         ;
; d[31]         ; 2.5 V        ; 0 in              ; 0 H/in                  ; 0 F/in                  ; short         ; -                   ; open           ; open             ; open   ; 0 in             ; 0 H/in                 ; 0 F/in                 ; short        ; open          ; open            ; open  ; 0 V                 ; -                  ; n/a           ; n/a             ; n/a         ;
; flags[0]      ; 2.5 V        ; 0 in              ; 0 H/in                  ; 0 F/in                  ; short         ; -                   ; open           ; open             ; open   ; 0 in             ; 0 H/in                 ; 0 F/in                 ; short        ; open          ; open            ; open  ; 0 V                 ; -                  ; n/a           ; n/a             ; n/a         ;
; flags[1]      ; 2.5 V        ; 0 in              ; 0 H/in                  ; 0 F/in                  ; short         ; -                   ; open           ; open             ; open   ; 0 in             ; 0 H/in                 ; 0 F/in                 ; short        ; open          ; open            ; open  ; 0 V                 ; -                  ; n/a           ; n/a             ; n/a         ;
; flags[2]      ; 2.5 V        ; 0 in              ; 0 H/in                  ; 0 F/in                  ; short         ; -                   ; open           ; open             ; open   ; 0 in             ; 0 H/in                 ; 0 F/in                 ; short        ; open          ; open            ; open  ; 0 V                 ; -                  ; n/a           ; n/a             ; n/a         ;
; flags[3]      ; 2.5 V        ; 0 in              ; 0 H/in                  ; 0 F/in                  ; short         ; -                   ; open           ; open             ; open   ; 0 in             ; 0 H/in                 ; 0 F/in                 ; short        ; open          ; open            ; open  ; 0 V                 ; -                  ; n/a           ; n/a             ; n/a         ;
; flags[4]      ; 2.5 V        ; 0 in              ; 0 H/in                  ; 0 F/in                  ; short         ; -                   ; open           ; open             ; open   ; 0 in             ; 0 H/in                 ; 0 F/in                 ; short        ; open          ; open            ; open  ; 0 V                 ; -                  ; n/a           ; n/a             ; n/a         ;
; ~ALTERA_DCLK~ ; 2.5 V        ; 0 in              ; 0 H/in                  ; 0 F/in                  ; short         ; -                   ; open           ; open             ; open   ; 0 in             ; 0 H/in                 ; 0 F/in                 ; short        ; open          ; open            ; open  ; 0 V                 ; -                  ; n/a           ; n/a             ; n/a         ;
; ~ALTERA_nCEO~ ; 2.5 V        ; 0 in              ; 0 H/in                  ; 0 F/in                  ; short         ; -                   ; open           ; open             ; open   ; 0 in             ; 0 H/in                 ; 0 F/in                 ; short        ; open          ; open            ; open  ; 0 V                 ; -                  ; n/a           ; n/a             ; n/a         ;
+---------------+--------------+-------------------+-------------------------+-------------------------+---------------+---------------------+----------------+------------------+--------+------------------+------------------------+------------------------+--------------+---------------+-----------------+-------+---------------------+--------------------+---------------+-----------------+-------------+


+----------------------------------------------------------------------------+
; Input Transition Times                                                     ;
+-------------------------+--------------+-----------------+-----------------+
; Pin                     ; I/O Standard ; 10-90 Rise Time ; 90-10 Fall Time ;
+-------------------------+--------------+-----------------+-----------------+
; clk                     ; 2.5 V        ; 2000 ps         ; 2000 ps         ;
; reset_n                 ; 2.5 V        ; 2000 ps         ; 2000 ps         ;
; is_zero                 ; 2.5 V        ; 2000 ps         ; 2000 ps         ;
; is_nar                  ; 2.5 V        ; 2000 ps         ; 2000 ps         ;
; flags_in[4]             ; 2.5 V        ; 2000 ps         ; 2000 ps         ;
; sf[9]                   ; 2.5 V        ; 2000 ps         ; 2000 ps         ;
; sf[8]                   ; 2.5 V        ; 2000 ps         ; 2000 ps         ;
; sf[7]                   ; 2.5 V        ; 2000 ps         ; 2000 ps         ;
; sf[6]                   ; 2.5 V        ; 2000 ps         ; 2000 ps         ;
; sf[5]                   ; 2.5 V        ; 2000 ps         ; 2000 ps         ;
; sf[4]                   ; 2.5 V        ; 2000 ps         ; 2000 ps         ;
; sf[3]                   ; 2.5 V        ; 2000 ps         ; 2000 ps         ;
; frac[33]                ; 2.5 V        ; 2000 ps         ; 2000 ps         ;
; frac[34]                ; 2.5 V        ; 2000 ps         ; 2000 ps         ;
; sf[2]                   ; 2.5 V        ; 2000 ps         ; 2000 ps         ;
; frac[31]                ; 2.5 V        ; 2000 ps         ; 2000 ps         ;
; frac[32]                ; 2.5 V        ; 2000 ps         ; 2000 ps         ;
; frac[29]                ; 2.5 V        ; 2000 ps         ; 2000 ps         ;
; frac[30]                ; 2.5 V        ; 2000 ps         ; 2000 ps         ;
; frac[27]                ; 2.5 V        ; 2000 ps         ; 2000 ps         ;
; frac[28]                ; 2.5 V        ; 2000 ps         ; 2000 ps         ;
; frac[41]                ; 2.5 V        ; 2000 ps         ; 2000 ps         ;
; frac[42]                ; 2.5 V        ; 2000 ps         ; 2000 ps         ;
; frac[39]                ; 2.5 V        ; 2000 ps         ; 2000 ps         ;
; frac[40]                ; 2.5 V        ; 2000 ps         ; 2000 ps         ;
; frac[37]                ; 2.5 V        ; 2000 ps         ; 2000 ps         ;
; frac[38]                ; 2.5 V        ; 2000 ps         ; 2000 ps         ;
; frac[35]                ; 2.5 V        ; 2000 ps         ; 2000 ps         ;
; frac[36]                ; 2.5 V        ; 2000 ps         ; 2000 ps         ;
; sf[0]                   ; 2.5 V        ; 2000 ps         ; 2000 ps         ;
; sf[1]                   ; 2.5 V        ; 2000 ps         ; 2000 ps         ;
; frac[53]                ; 2.5 V        ; 2000 ps         ; 2000 ps         ;
; frac[54]                ; 2.5 V        ; 2000 ps         ; 2000 ps         ;
; frac[51]                ; 2.5 V        ; 2000 ps         ; 2000 ps         ;
; frac[52]                ; 2.5 V        ; 2000 ps         ; 2000 ps         ;
; frac[49]                ; 2.5 V        ; 2000 ps         ; 2000 ps         ;
; frac[50]                ; 2.5 V        ; 2000 ps         ; 2000 ps         ;
; frac[47]                ; 2.5 V        ; 2000 ps         ; 2000 ps         ;
; frac[48]                ; 2.5 V        ; 2000 ps         ; 2000 ps         ;
; frac[45]                ; 2.5 V        ; 2000 ps         ; 2000 ps         ;
; frac[46]                ; 2.5 V        ; 2000 ps         ; 2000 ps         ;
; frac[43]                ; 2.5 V        ; 2000 ps         ; 2000 ps         ;
; frac[44]                ; 2.5 V        ; 2000 ps         ; 2000 ps         ;
; frac[9]                 ; 2.5 V        ; 2000 ps         ; 2000 ps         ;
; frac[7]                 ; 2.5 V        ; 2000 ps         ; 2000 ps         ;
; frac[11]                ; 2.5 V        ; 2000 ps         ; 2000 ps         ;
; frac[13]                ; 2.5 V        ; 2000 ps         ; 2000 ps         ;
; frac[6]                 ; 2.5 V        ; 2000 ps         ; 2000 ps         ;
; frac[2]                 ; 2.5 V        ; 2000 ps         ; 2000 ps         ;
; frac[10]                ; 2.5 V        ; 2000 ps         ; 2000 ps         ;
; frac[0]                 ; 2.5 V        ; 2000 ps         ; 2000 ps         ;
; frac[3]                 ; 2.5 V        ; 2000 ps         ; 2000 ps         ;
; frac[1]                 ; 2.5 V        ; 2000 ps         ; 2000 ps         ;
; sticky                  ; 2.5 V        ; 2000 ps         ; 2000 ps         ;
; frac[8]                 ; 2.5 V        ; 2000 ps         ; 2000 ps         ;
; frac[17]                ; 2.5 V        ; 2000 ps         ; 2000 ps         ;
; frac[18]                ; 2.5 V        ; 2000 ps         ; 2000 ps         ;
; frac[15]                ; 2.5 V        ; 2000 ps         ; 2000 ps         ;
; frac[16]                ; 2.5 V        ; 2000 ps         ; 2000 ps         ;
; frac[14]                ; 2.5 V        ; 2000 ps         ; 2000 ps         ;
; frac[12]                ; 2.5 V        ; 2000 ps         ; 2000 ps         ;
; frac[5]                 ; 2.5 V        ; 2000 ps         ; 2000 ps         ;
; frac[4]                 ; 2.5 V        ; 2000 ps         ; 2000 ps         ;
; frac[25]                ; 2.5 V        ; 2000 ps         ; 2000 ps         ;
; frac[26]                ; 2.5 V        ; 2000 ps         ; 2000 ps         ;
; frac[23]                ; 2.5 V        ; 2000 ps         ; 2000 ps         ;
; frac[24]                ; 2.5 V        ; 2000 ps         ; 2000 ps         ;
; frac[21]                ; 2.5 V        ; 2000 ps         ; 2000 ps         ;
; frac[22]                ; 2.5 V        ; 2000 ps         ; 2000 ps         ;
; frac[19]                ; 2.5 V        ; 2000 ps         ; 2000 ps         ;
; frac[20]                ; 2.5 V        ; 2000 ps         ; 2000 ps         ;
; sign                    ; 2.5 V        ; 2000 ps         ; 2000 ps         ;
; flags_in[0]             ; 2.5 V        ; 2000 ps         ; 2000 ps         ;
; flags_in[1]             ; 2.5 V        ; 2000 ps         ; 2000 ps         ;
; flags_in[2]             ; 2.5 V        ; 2000 ps         ; 2000 ps         ;
; flags_in[3]             ; 2.5 V        ; 2000 ps         ; 2000 ps         ;
; ~ALTERA_ASDO_DATA1~     ; 2.5 V        ; 2000 ps         ; 2000 ps         ;
; ~ALTERA_FLASH_nCE_nCSO~ ; 2.5 V        ; 2000 ps         ; 2000 ps         ;
; ~ALTERA_DATA0~          ; 2.5 V        ; 2000 ps         ; 2000 ps         ;
+-------------------------+--------------+-----------------+-----------------+


+--------------------------------------------------------------------------------------------------------------------------------------------------------------------------------------------------------------------------------------------------------------------------------------------------------------------------------------------------------------------------------------------------------------------------------------------------------------------------------------------------------------------------------------------------------------------------------------------------------------------------------------------------------------------------------------------+
; Signal Integrity Metrics (Slow 1200mv 0c Model)                                                                                                                                                                                                                                                                                                                                                                                                                                                                                                                                                                                                                                            ;
+---------------+--------------+---------------------+---------------------+------------------------------+------------------------------+---------------------+---------------------+--------------------------------------+--------------------------------------+-----------------------------+-----------------------------+----------------------------+----------------------------+-----------------------------+-----------------------------+--------------------+--------------------+-------------------------------------+-------------------------------------+----------------------------+----------------------------+---------------------------+---------------------------+
; Pin           ; I/O Standard ; Board Delay on Rise ; Board Delay on Fall ; Steady State Voh at FPGA Pin ; Steady State Vol at FPGA Pin ; Voh Max at FPGA Pin ; Vol Min at FPGA Pin ; Ringback Voltage on Rise at FPGA Pin ; Ringback Voltage on Fall at FPGA Pin ; 10-90 Rise Time at FPGA Pin ; 90-10 Fall Time at FPGA Pin ; Monotonic Rise at FPGA Pin ; Monotonic Fall at FPGA Pin ; Steady State Voh at Far-end ; Steady State Vol at Far-end ; Voh Max at Far-end ; Vol Min at Far-end ; Ringback Voltage on Rise at Far-end ; Ringback Voltage on Fall at Far-end ; 10-90 Rise Time at Far-end ; 90-10 Fall Time at Far-end ; Monotonic Rise at Far-end ; Monotonic Fall at Far-end ;
+---------------+--------------+---------------------+---------------------+------------------------------+------------------------------+---------------------+---------------------+--------------------------------------+--------------------------------------+-----------------------------+-----------------------------+----------------------------+----------------------------+-----------------------------+-----------------------------+--------------------+--------------------+-------------------------------------+-------------------------------------+----------------------------+----------------------------+---------------------------+---------------------------+
; out_valid     ; 2.5 V        ; 0 s                 ; 0 s                 ; 2.32 V                       ; 5.95e-09 V                   ; 2.38 V              ; -0.016 V            ; 0.22 V                               ; 0.025 V                              ; 3.06e-10 s                  ; 3.3e-10 s                   ; Yes                        ; Yes                        ; 2.32 V                      ; 5.95e-09 V                  ; 2.38 V             ; -0.016 V           ; 0.22 V                              ; 0.025 V                             ; 3.06e-10 s                 ; 3.3e-10 s                  ; Yes                       ; Yes                       ;
; d[0]          ; 2.5 V        ; 0 s                 ; 0 s                 ; 2.32 V                       ; 5.95e-09 V                   ; 2.38 V              ; -0.016 V            ; 0.22 V                               ; 0.025 V                              ; 3.06e-10 s                  ; 3.3e-10 s                   ; Yes                        ; Yes                        ; 2.32 V                      ; 5.95e-09 V                  ; 2.38 V             ; -0.016 V           ; 0.22 V                              ; 0.025 V                             ; 3.06e-10 s                 ; 3.3e-10 s                  ; Yes                       ; Yes                       ;
; d[1]          ; 2.5 V        ; 0 s                 ; 0 s                 ; 2.32 V                       ; 4.44e-09 V                   ; 2.38 V              ; -0.0145 V           ; 0.169 V                              ; 0.026 V                              ; 4.83e-10 s                  ; 4.71e-10 s                  ; Yes                        ; Yes                        ; 2.32 V                      ; 4.44e-09 V                  ; 2.38 V             ; -0.0145 V          ; 0.169 V                             ; 0.026 V                             ; 4.83e-10 s                 ; 4.71e-10 s                 ; Yes                       ; Yes                       ;
; d[2]          ; 2.5 V        ; 0 s                 ; 0 s                 ; 2.32 V                       ; 5.95e-09 V                   ; 2.38 V              ; -0.016 V            ; 0.22 V                               ; 0.025 V                              ; 3.06e-10 s                  ; 3.3e-10 s                   ; Yes                        ; Yes                        ; 2.32 V                      ; 5.95e-09 V                  ; 2.38 V             ; -0.016 V           ; 0.22 V                              ; 0.025 V                             ; 3.06e-10 s                 ; 3.3e-10 s                  ; Yes                       ; Yes                       ;
; d[3]          ; 2.5 V        ; 0 s                 ; 0 s                 ; 2.32 V                       ; 5.95e-09 V                   ; 2.38 V              ; -0.016 V            ; 0.22 V                               ; 0.025 V                              ; 3.06e-10 s                  ; 3.3e-10 s                   ; Yes                        ; Yes                        ; 2.32 V                      ; 5.95e-09 V                  ; 2.38 V             ; -0.016 V           ; 0.22 V                              ; 0.025 V                             ; 3.06e-10 s                 ; 3.3e-10 s                  ; Yes                       ; Yes                       ;
; d[4]          ; 2.5 V        ; 0 s                 ; 0 s                 ; 2.32 V                       ; 4.44e-09 V                   ; 2.39 V              ; -0.0265 V           ; 0.2 V                                ; 0.033 V                              ; 2.94e-10 s                  ; 3.12e-10 s                  ; Yes                        ; Yes                        ; 2.32 V                      ; 4.44e-09 V                  ; 2.39 V             ; -0.0265 V          ; 0.2 V                               ; 0.033 V                             ; 2.94e-10 s                 ; 3.12e-10 s                 ; Yes                       ; Yes                       ;
; d[5]          ; 2.5 V        ; 0 s                 ; 0 s                 ; 2.32 V                       ; 5.95e-09 V                   ; 2.38 V              ; -0.016 V            ; 0.22 V                               ; 0.025 V                              ; 3.06e-10 s                  ; 3.3e-10 s                   ; Yes                        ; Yes                        ; 2.32 V                      ; 5.95e-09 V                  ; 2.38 V             ; -0.016 V           ; 0.22 V                              ; 0.025 V                             ; 3.06e-10 s                 ; 3.3e-10 s                  ; Yes                       ; Yes                       ;
; d[6]          ; 2.5 V        ; 0 s                 ; 0 s                 ; 2.32 V                       ; 5.95e-09 V                   ; 2.38 V              ; -0.016 V            ; 0.22 V                               ; 0.025 V                              ; 3.06e-10 s                  ; 3.3e-10 s                   ; Yes                        ; Yes                        ; 2.32 V                      ; 5.95e-09 V                  ; 2.38 V             ; -0.016 V           ; 0.22 V                              ; 0.025 V                             ; 3.06e-10 s                 ; 3.3e-10 s                  ; Yes                       ; Yes                       ;
; d[7]          ; 2.5 V        ; 0 s                 ; 0 s                 ; 2.32 V                       ; 4.44e-09 V                   ; 2.38 V              ; -0.0145 V           ; 0.169 V                              ; 0.026 V                              ; 4.83e-10 s                  ; 4.71e-10 s                  ; Yes                        ; Yes                        ; 2.32 V                      ; 4.44e-09 V                  ; 2.38 V             ; -0.0145 V          ; 0.169 V                             ; 0.026 V                             ; 4.83e-10 s                 ; 4.71e-10 s                 ; Yes                       ; Yes                       ;
; d[8]          ; 2.5 V        ; 0 s                 ; 0 s                 ; 2.32 V                       ; 5.95e-09 V                   ; 2.38 V              ; -0.016 V            ; 0.22 V                               ; 0.025 V                              ; 3.06e-10 s                  ; 3.3e-10 s                   ; Yes                        ; Yes                        ; 2.32 V                      ; 5.95e-09 V                  ; 2.38 V             ; -0.016 V           ; 0.22 V                              ; 0.025 V                             ; 3.06e-10 s                 ; 3.3e-10 s                  ; Yes                       ; Yes                       ;
; d[9]          ; 2.5 V        ; 0 s                 ; 0 s                 ; 2.32 V                       ; 4.44e-09 V                   ; 2.38 V              ; -0.0145 V           ; 0.169 V                              ; 0.026 V                              ; 4.83e-10 s                  ; 4.71e-10 s                  ; Yes                        ; Yes                        ; 2.32 V                      ; 4.44e-09 V                  ; 2.38 V             ; -0.0145 V          ; 0.169 V                             ; 0.026 V                             ; 4.83e-10 s                 ; 4.71e-10 s                 ; Yes                       ; Yes                       ;
; d[10]         ; 2.5 V        ; 0 s                 ; 0 s                 ; 2.32 V                       ; 5.95e-09 V                   ; 2.38 V              ; -0.016 V            ; 0.22 V                               ; 0.025 V                              ; 3.06e-10 s                  ; 3.3e-10 s                   ; Yes                        ; Yes                        ; 2.32 V                      ; 5.95e-09 V                  ; 2.38 V             ; -0.016 V           ; 0.22 V                              ; 0.025 V                             ; 3.06e-10 s                 ; 3.3e-10 s                  ; Yes                       ; Yes                       ;
; d[11]         ; 2.5 V        ; 0 s                 ; 0 s                 ; 2.32 V                       ; 4.44e-09 V                   ; 2.38 V              ; -0.0145 V           ; 0.169 V                              ; 0.026 V                              ; 4.83e-10 s                  ; 4.71e-10 s                  ; Yes                        ; Yes                        ; 2.32 V                      ; 4.44e-09 V                  ; 2.38 V             ; -0.0145 V          ; 0.169 V                             ; 0.026 V                             ; 4.83e-10 s                 ; 4.71e-10 s                 ; Yes                       ; Yes                       ;
; d[12]         ; 2.5 V        ; 0 s                 ; 0 s                 ; 2.32 V                       ; 4.44e-09 V                   ; 2.38 V              ; -0.0145 V           ; 0.169 V                              ; 0.026 V                              ; 4.83e-10 s                  ; 4.71e-10 s                  ; Yes                        ; Yes                        ; 2.32 V                      ; 4.44e-09 V                  ; 2.38 V             ; -0.0145 V          ; 0.169 V                             ; 0.026 V                             ; 4.83e-10 s                 ; 4.71e-10 s                 ; Yes                       ; Yes                       ;
; d[13]         ; 2.5 V        ; 0 s                 ; 0 s                 ; 2.32 V                       ; 5.95e-09 V                   ; 2.38 V              ; -0.016 V            ; 0.22 V                               ; 0.025 V                              ; 3.06e-10 s                  ; 3.3e-10 s                   ; Yes                        ; Yes                        ; 2.32 V                      ; 5.95e-09 V                  ; 2.38 V             ; -0.016 V           ; 0.22 V                              ; 0.025 V                             ; 3.06e-10 s                 ; 3.3e-10 s                  ; Yes                       ; Yes                       ;
; d[14]         ; 2.5 V        ; 0 s                 ; 0 s                 ; 2.32 V                       ; 4.44e-09 V                   ; 2.38 V              ; -0.0145 V           ; 0.169 V                              ; 0.026 V                              ; 4.83e-10 s                  ; 4.71e-10 s                  ; Yes                        ; Yes                        ; 2.32 V                      ; 4.44e-09 V                  ; 2.38 V             ; -0.0145 V          ; 0.169 V                             ; 0.026 V                             ; 4.83e-10 s                 ; 4.71e-10 s                 ; Yes                       ; Yes                       ;
; d[15]         ; 2.5 V        ; 0 s                 ; 0 s                 ; 2.32 V                       ; 4.44e-09 V                   ; 2.38 V              ; -0.0145 V           ; 0.169 V                              ; 0.026 V                              ; 4.83e-10 s                  ; 4.71e-10 s                  ; Yes                        ; Yes                        ; 2.32 V                      ; 4.44e-09 V                  ; 2.38 V             ; -0.0145 V          ; 0.169 V                             ; 0.026 V                             ; 4.83e-10 s                 ; 4.71e-10 s                 ; Yes                       ; Yes                       ;
; d[16]         ; 2.5 V        ; 0 s                 ; 0 s                 ; 2.32 V                       ; 5.95e-09 V                   ; 2.38 V              ; -0.016 V            ; 0.22 V                               ; 0.025 V                              ; 3.06e-10 s                  ; 3.3e-10 s                   ; Yes                        ; Yes                        ; 2.32 V                      ; 5.95e-09 V                  ; 2.38 V             ; -0.016 V           ; 0.22 V                              ; 0.025 V                             ; 3.06e-10 s                 ; 3.3e-10 s                  ; Yes                       ; Yes                       ;
; d[17]         ; 2.5 V        ; 0 s                 ; 0 s                 ; 2.32 V                       ; 4.44e-09 V                   ; 2.38 V              ; -0.0145 V           ; 0.169 V                              ; 0.026 V                              ; 4.83e-10 s                  ; 4.71e-10 s                  ; Yes                        ; Yes                        ; 2.32 V                      ; 4.44e-09 V                  ; 2.38 V             ; -0.0145 V          ; 0.169 V                             ; 0.026 V                             ; 4.83e-10 s                 ; 4.71e-10 s                 ; Yes                       ; Yes                       ;
; d[18]         ; 2.5 V        ; 0 s                 ; 0 s                 ; 2.32 V                       ; 5.95e-09 V                   ; 2.38 V              ; -0.016 V            ; 0.22 V                               ; 0.025 V                              ; 3.06e-10 s                  ; 3.3e-10 s                   ; Yes                        ; Yes                        ; 2.32 V                      ; 5.95e-09 V                  ; 2.38 V             ; -0.016 V           ; 0.22 V                              ; 0.025 V                             ; 3.06e-10 s                 ; 3.3e-10 s                  ; Yes                       ; Yes                       ;
; d[19]         ; 2.5 V        ; 0 s                 ; 0 s                 ; 2.32 V                       ; 5.95e-09 V                   ; 2.38 V              ; -0.016 V            ; 0.22 V                               ; 0.025 V                              ; 3.06e-10 s                  ; 3.3e-10 s                   ; Yes                        ; Yes                        ; 2.32 V                      ; 5.95e-09 V                  ; 2.38 V             ; -0.016 V           ; 0.22 V                              ; 0.025 V                             ; 3.06e-10 s                 ; 3.3e-10 s                  ; Yes                       ; Yes                       ;
; d[20]         ; 2.5 V        ; 0 s                 ; 0 s                 ; 2.32 V                       ; 5.95e-09 V                   ; 2.38 V              ; -0.016 V            ; 0.22 V                               ; 0.025 V                              ; 3.06e-10 s                  ; 3.3e-10 s                   ; Yes                        ; Yes                        ; 2.32 V                      ; 5.95e-09 V                  ; 2.38 V             ; -0.016 V           ; 0.22 V                              ; 0.025 V                             ; 3.06e-10 s                 ; 3.3e-10 s                  ; Yes                       ; Yes                       ;
; d[21]         ; 2.5 V        ; 0 s                 ; 0 s                 ; 2.32 V                       ; 4.44e-09 V                   ; 2.38 V              ; -0.0145 V           ; 0.169 V                              ; 0.026 V                              ; 4.83e-10 s                  ; 4.71e-10 s                  ; Yes                        ; Yes                        ; 2.32 V                      ; 4.44e-09 V                  ; 2.38 V             ; -0.0145 V          ; 0.169 V                             ; 0.026 V                             ; 4.83e-10 s                 ; 4.71e-10 s                 ; Yes                       ; Yes                       ;
; d[22]         ; 2.5 V        ; 0 s                 ; 0 s                 ; 2.32 V                       ; 4.44e-09 V                   ; 2.39 V              ; -0.0265 V           ; 0.2 V                                ; 0.033 V                              ; 2.94e-10 s                  ; 3.12e-10 s                  ; Yes                        ; Yes                        ; 2.32 V                      ; 4.44e-09 V                  ; 2.39 V             ; -0.0265 V          ; 0.2 V                               ; 0.033 V                             ; 2.94e-10 s                 ; 3.12e-10 s                 ; Yes                       ; Yes                       ;
; d[23]         ; 2.5 V        ; 0 s                 ; 0 s                 ; 2.32 V                       ; 4.44e-09 V                   ; 2.38 V              ; -0.0145 V           ; 0.169 V                              ; 0.026 V                              ; 4.83e-10 s                  ; 4.71e-10 s                  ; Yes                        ; Yes                        ; 2.32 V                      ; 4.44e-09 V                  ; 2.38 V             ; -0.0145 V          ; 0.169 V                             ; 0.026 V                             ; 4.83e-10 s                 ; 4.71e-10 s                 ; Yes                       ; Yes                       ;
; d[24]         ; 2.5 V        ; 0 s                 ; 0 s                 ; 2.32 V                       ; 5.95e-09 V                   ; 2.38 V              ; -0.016 V            ; 0.22 V                               ; 0.025 V                              ; 3.06e-10 s                  ; 3.3e-10 s                   ; Yes                        ; Yes                        ; 2.32 V                      ; 5.95e-09 V                  ; 2.38 V             ; -0.016 V           ; 0.22 V                              ; 0.025 V                             ; 3.06e-10 s                 ; 3.3e-10 s                  ; Yes                       ; Yes                       ;
; d[25]         ; 2.5 V        ; 0 s                 ; 0 s                 ; 2.32 V                       ; 5.95e-09 V                   ; 2.38 V              ; -0.016 V            ; 0.22 V                               ; 0.025 V                              ; 3.06e-10 s                  ; 3.3e-10 s                   ; Yes                        ; Yes                        ; 2.32 V                      ; 5.95e-09 V                  ; 2.38 V             ; -0.016 V           ; 0.22 V                              ; 0.025 V                             ; 3.06e-10 s                 ; 3.3e-10 s                  ; Yes                       ; Yes                       ;
; d[26]         ; 2.5 V        ; 0 s                 ; 0 s                 ; 2.32 V                       ; 5.95e-09 V                   ; 2.33 V              ; -0.00616 V          ; 0.191 V                              ; 0.099 V                              ; 2.83e-09 s                  ; 2.56e-09 s                  ; No                         ; Yes                        ; 2.32 V                      ; 5.95e-09 V                  ; 2.33 V             ; -0.00616 V         ; 0.191 V                             ; 0.099 V                             ; 2.83e-09 s                 ; 2.56e-09 s                 ; No                        ; Yes                       ;
; d[27]         ; 2.5 V        ; 0 s                 ; 0 s                 ; 2.32 V                       ; 5.95e-09 V                   ; 2.38 V              ; -0.016 V            ; 0.22 V                               ; 0.025 V                              ; 3.06e-10 s                  ; 3.3e-10 s                   ; Yes                        ; Yes                        ; 2.32 V                      ; 5.95e-09 V                  ; 2.38 V             ; -0.016 V           ; 0.22 V                              ; 0.025 V                             ; 3.06e-10 s                 ; 3.3e-10 s                  ; Yes                       ; Yes                       ;
; d[28]         ; 2.5 V        ; 0 s                 ; 0 s                 ; 2.32 V                       ; 4.44e-09 V                   ; 2.38 V              ; -0.0145 V           ; 0.169 V                              ; 0.026 V                              ; 4.83e-10 s                  ; 4.71e-10 s                  ; Yes                        ; Yes                        ; 2.32 V                      ; 4.44e-09 V                  ; 2.38 V             ; -0.0145 V          ; 0.169 V                             ; 0.026 V                             ; 4.83e-10 s                 ; 4.71e-10 s                 ; Yes                       ; Yes                       ;
; d[29]         ; 2.5 V        ; 0 s                 ; 0 s                 ; 2.32 V                       ; 5.95e-09 V                   ; 2.33 V              ; -0.00616 V          ; 0.191 V                              ; 0.099 V                              ; 2.83e-09 s                  ; 2.56e-09 s                  ; No                         ; Yes                        ; 2.32 V                      ; 5.95e-09 V                  ; 2.33 V             ; -0.00616 V         ; 0.191 V                             ; 0.099 V                             ; 2.83e-09 s                 ; 2.56e-09 s                 ; No                        ; Yes                       ;
; d[30]         ; 2.5 V        ; 0 s                 ; 0 s                 ; 2.32 V                       ; 5.95e-09 V                   ; 2.38 V              ; -0.016 V            ; 0.22 V                               ; 0.025 V                              ; 3.06e-10 s                  ; 3.3e-10 s                   ; Yes                        ; Yes                        ; 2.32 V                      ; 5.95e-09 V                  ; 2.38 V             ; -0.016 V           ; 0.22 V                              ; 0.025 V                             ; 3.06e-10 s                 ; 3.3e-10 s                  ; Yes                       ; Yes                       ;
; d[31]         ; 2.5 V        ; 0 s                 ; 0 s                 ; 2.32 V                       ; 5.95e-09 V                   ; 2.38 V              ; -0.016 V            ; 0.22 V                               ; 0.025 V                              ; 3.06e-10 s                  ; 3.3e-10 s                   ; Yes                        ; Yes                        ; 2.32 V                      ; 5.95e-09 V                  ; 2.38 V             ; -0.016 V           ; 0.22 V                              ; 0.025 V                             ; 3.06e-10 s                 ; 3.3e-10 s                  ; Yes                       ; Yes                       ;
; flags[0]      ; 2.5 V        ; 0 s                 ; 0 s                 ; 2.32 V                       ; 5.95e-09 V                   ; 2.38 V              ; -0.016 V            ; 0.22 V                               ; 0.025 V                              ; 3.06e-10 s                  ; 3.3e-10 s                   ; Yes                        ; Yes                        ; 2.32 V                      ; 5.95e-09 V                  ; 2.38 V             ; -0.016 V           ; 0.22 V                              ; 0.025 V                             ; 3.06e-10 s                 ; 3.3e-10 s                  ; Yes                       ; Yes                       ;
; flags[1]      ; 2.5 V        ; 0 s                 ; 0 s                 ; 2.32 V                       ; 5.95e-09 V                   ; 2.38 V              ; -0.016 V            ; 0.22 V                               ; 0.025 V                              ; 3.06e-10 s                  ; 3.3e-10 s                   ; Yes                        ; Yes                        ; 2.32 V                      ; 5.95e-09 V                  ; 2.38 V             ; -0.016 V           ; 0.22 V                              ; 0.025 V                             ; 3.06e-10 s                 ; 3.3e-10 s                  ; Yes                       ; Yes                       ;
; flags[2]      ; 2.5 V        ; 0 s                 ; 0 s                 ; 2.32 V                       ; 5.95e-09 V                   ; 2.38 V              ; -0.016 V            ; 0.22 V                               ; 0.025 V                              ; 3.06e-10 s                  ; 3.3e-10 s                   ; Yes                        ; Yes                        ; 2.32 V                      ; 5.95e-09 V                  ; 2.38 V             ; -0.016 V           ; 0.22 V                              ; 0.025 V                             ; 3.06e-10 s                 ; 3.3e-10 s                  ; Yes                       ; Yes                       ;
; flags[3]      ; 2.5 V        ; 0 s                 ; 0 s                 ; 2.32 V                       ; 5.95e-09 V                   ; 2.38 V              ; -0.016 V            ; 0.22 V                               ; 0.025 V                              ; 3.06e-10 s                  ; 3.3e-10 s                   ; Yes                        ; Yes                        ; 2.32 V                      ; 5.95e-09 V                  ; 2.38 V             ; -0.016 V           ; 0.22 V                              ; 0.025 V                             ; 3.06e-10 s                 ; 3.3e-10 s                  ; Yes                       ; Yes                       ;
; flags[4]      ; 2.5 V        ; 0 s                 ; 0 s                 ; 2.32 V                       ; 5.95e-09 V                   ; 2.38 V              ; -0.016 V            ; 0.22 V                               ; 0.025 V                              ; 3.06e-10 s                  ; 3.3e-10 s                   ; Yes                        ; Yes                        ; 2.32 V                      ; 5.95e-09 V                  ; 2.38 V             ; -0.016 V           ; 0.22 V                              ; 0.025 V                             ; 3.06e-10 s                 ; 3.3e-10 s                  ; Yes                       ; Yes                       ;
; ~ALTERA_DCLK~ ; 2.5 V        ; 0 s                 ; 0 s                 ; 2.32 V                       ; 3.45e-09 V                   ; 2.38 V              ; -0.0609 V           ; 0.148 V                              ; 0.095 V                              ; 2.82e-10 s                  ; 2.59e-10 s                  ; Yes                        ; Yes                        ; 2.32 V                      ; 3.45e-09 V                  ; 2.38 V             ; -0.0609 V          ; 0.148 V                             ; 0.095 V                             ; 2.82e-10 s                 ; 2.59e-10 s                 ; Yes                       ; Yes                       ;
; ~ALTERA_nCEO~ ; 2.5 V        ; 0 s                 ; 0 s                 ; 2.32 V                       ; 5.61e-09 V                   ; 2.38 V              ; -0.00274 V          ; 0.141 V                              ; 0.006 V                              ; 4.7e-10 s                   ; 6.02e-10 s                  ; Yes                        ; Yes                        ; 2.32 V                      ; 5.61e-09 V                  ; 2.38 V             ; -0.00274 V         ; 0.141 V                             ; 0.006 V                             ; 4.7e-10 s                  ; 6.02e-10 s                 ; Yes                       ; Yes                       ;
+---------------+--------------+---------------------+---------------------+------------------------------+------------------------------+---------------------+---------------------+--------------------------------------+--------------------------------------+-----------------------------+-----------------------------+----------------------------+----------------------------+-----------------------------+-----------------------------+--------------------+--------------------+-------------------------------------+-------------------------------------+----------------------------+----------------------------+---------------------------+---------------------------+


+--------------------------------------------------------------------------------------------------------------------------------------------------------------------------------------------------------------------------------------------------------------------------------------------------------------------------------------------------------------------------------------------------------------------------------------------------------------------------------------------------------------------------------------------------------------------------------------------------------------------------------------------------------------------------------------------+
; Signal Integrity Metrics (Slow 1200mv 85c Model)                                                                                                                                                                                                                                                                                                                                                                                                                                                                                                                                                                                                                                           ;
+---------------+--------------+---------------------+---------------------+------------------------------+------------------------------+---------------------+---------------------+--------------------------------------+--------------------------------------+-----------------------------+-----------------------------+----------------------------+----------------------------+-----------------------------+-----------------------------+--------------------+--------------------+-------------------------------------+-------------------------------------+----------------------------+----------------------------+---------------------------+---------------------------+
; Pin           ; I/O Standard ; Board Delay on Rise ; Board Delay on Fall ; Steady State Voh at FPGA Pin ; Steady State Vol at FPGA Pin ; Voh Max at FPGA Pin ; Vol Min at FPGA Pin ; Ringback Voltage on Rise at FPGA Pin ; Ringback Voltage on Fall at FPGA Pin ; 10-90 Rise Time at FPGA Pin ; 90-10 Fall Time at FPGA Pin ; Monotonic Rise at FPGA Pin ; Monotonic Fall at FPGA Pin ; Steady State Voh at Far-end ; Steady State Vol at Far-end ; Voh Max at Far-end ; Vol Min at Far-end ; Ringback Voltage on Rise at Far-end ; Ringback Voltage on Fall at Far-end ; 10-90 Rise Time at Far-end ; 90-10 Fall Time at Far-end ; Monotonic Rise at Far-end ; Monotonic Fall at Far-end ;
+---------------+--------------+---------------------+---------------------+------------------------------+------------------------------+---------------------+---------------------+--------------------------------------+--------------------------------------+-----------------------------+-----------------------------+----------------------------+----------------------------+-----------------------------+-----------------------------+--------------------+--------------------+-------------------------------------+-------------------------------------+----------------------------+----------------------------+---------------------------+---------------------------+
; out_valid     ; 2.5 V        ; 0 s                 ; 0 s                 ; 2.32 V                       ; 1.06e-06 V                   ; 2.36 V              ; -0.00724 V          ; 0.107 V                              ; 0.02 V                               ; 4.5e-10 s                   ; 4.25e-10 s                  ; Yes                        ; Yes                        ; 2.32 V                      ; 1.06e-06 V                  ; 2.36 V             ; -0.00724 V         ; 0.107 V                             ; 0.02 V                              ; 4.5e-10 s                  ; 4.25e-10 s                 ; Yes                       ; Yes                       ;
; d[0]          ; 2.5 V        ; 0 s                 ; 0 s                 ; 2.32 V                       ; 1.06e-06 V                   ; 2.36 V              ; -0.00724 V          ; 0.107 V                              ; 0.02 V                               ; 4.5e-10 s                   ; 4.25e-10 s                  ; Yes                        ; Yes                        ; 2.32 V                      ; 1.06e-06 V                  ; 2.36 V             ; -0.00724 V         ; 0.107 V                             ; 0.02 V                              ; 4.5e-10 s                  ; 4.25e-10 s                 ; Yes                       ; Yes                       ;
; d[1]          ; 2.5 V        ; 0 s                 ; 0 s                 ; 2.32 V                       ; 7.16e-07 V                   ; 2.35 V              ; -0.00832 V          ; 0.101 V                              ; 0.024 V                              ; 6.39e-10 s                  ; 6e-10 s                     ; Yes                        ; Yes                        ; 2.32 V                      ; 7.16e-07 V                  ; 2.35 V             ; -0.00832 V         ; 0.101 V                             ; 0.024 V                             ; 6.39e-10 s                 ; 6e-10 s                    ; Yes                       ; Yes                       ;
; d[2]          ; 2.5 V        ; 0 s                 ; 0 s                 ; 2.32 V                       ; 1.06e-06 V                   ; 2.36 V              ; -0.00724 V          ; 0.107 V                              ; 0.02 V                               ; 4.5e-10 s                   ; 4.25e-10 s                  ; Yes                        ; Yes                        ; 2.32 V                      ; 1.06e-06 V                  ; 2.36 V             ; -0.00724 V         ; 0.107 V                             ; 0.02 V                              ; 4.5e-10 s                  ; 4.25e-10 s                 ; Yes                       ; Yes                       ;
; d[3]          ; 2.5 V        ; 0 s                 ; 0 s                 ; 2.32 V                       ; 1.06e-06 V                   ; 2.36 V              ; -0.00724 V          ; 0.107 V                              ; 0.02 V                               ; 4.5e-10 s                   ; 4.25e-10 s                  ; Yes                        ; Yes                        ; 2.32 V                      ; 1.06e-06 V                  ; 2.36 V             ; -0.00724 V         ; 0.107 V                             ; 0.02 V                              ; 4.5e-10 s                  ; 4.25e-10 s                 ; Yes                       ; Yes                       ;
; d[4]          ; 2.5 V        ; 0 s                 ; 0 s                 ; 2.32 V                       ; 7.16e-07 V                   ; 2.36 V              ; -0.00476 V          ; 0.096 V                              ; 0.013 V                              ; 4.39e-10 s                  ; 4.15e-10 s                  ; Yes                        ; Yes                        ; 2.32 V                      ; 7.16e-07 V                  ; 2.36 V             ; -0.00476 V         ; 0.096 V                             ; 0.013 V                             ; 4.39e-10 s                 ; 4.15e-10 s                 ; Yes                       ; Yes                       ;
; d[5]          ; 2.5 V        ; 0 s                 ; 0 s                 ; 2.32 V                       ; 1.06e-06 V                   ; 2.36 V              ; -0.00724 V          ; 0.107 V                              ; 0.02 V                               ; 4.5e-10 s                   ; 4.25e-10 s                  ; Yes                        ; Yes                        ; 2.32 V                      ; 1.06e-06 V                  ; 2.36 V             ; -0.00724 V         ; 0.107 V                             ; 0.02 V                              ; 4.5e-10 s                  ; 4.25e-10 s                 ; Yes                       ; Yes                       ;
; d[6]          ; 2.5 V        ; 0 s                 ; 0 s                 ; 2.32 V                       ; 1.06e-06 V                   ; 2.36 V              ; -0.00724 V          ; 0.107 V                              ; 0.02 V                               ; 4.5e-10 s                   ; 4.25e-10 s                  ; Yes                        ; Yes                        ; 2.32 V                      ; 1.06e-06 V                  ; 2.36 V             ; -0.00724 V         ; 0.107 V                             ; 0.02 V                              ; 4.5e-10 s                  ; 4.25e-10 s                 ; Yes                       ; Yes                       ;
; d[7]          ; 2.5 V        ; 0 s                 ; 0 s                 ; 2.32 V                       ; 7.16e-07 V                   ; 2.35 V              ; -0.00832 V          ; 0.101 V                              ; 0.024 V                              ; 6.39e-10 s                  ; 6e-10 s                     ; Yes                        ; Yes                        ; 2.32 V                      ; 7.16e-07 V                  ; 2.35 V             ; -0.00832 V         ; 0.101 V                             ; 0.024 V                             ; 6.39e-10 s                 ; 6e-10 s                    ; Yes                       ; Yes                       ;
; d[8]          ; 2.5 V        ; 0 s                 ; 0 s                 ; 2.32 V                       ; 1.06e-06 V                   ; 2.36 V              ; -0.00724 V          ; 0.107 V                              ; 0.02 V                               ; 4.5e-10 s                   ; 4.25e-10 s                  ; Yes                        ; Yes                        ; 2.32 V                      ; 1.06e-06 V                  ; 2.36 V             ; -0.00724 V         ; 0.107 V                             ; 0.02 V                              ; 4.5e-10 s                  ; 4.25e-10 s                 ; Yes                       ; Yes                       ;
; d[9]          ; 2.5 V        ; 0 s                 ; 0 s                 ; 2.32 V                       ; 7.16e-07 V                   ; 2.35 V              ; -0.00832 V          ; 0.101 V                              ; 0.024 V                              ; 6.39e-10 s                  ; 6e-10 s                     ; Yes                        ; Yes                        ; 2.32 V                      ; 7.16e-07 V                  ; 2.35 V             ; -0.00832 V         ; 0.101 V                             ; 0.024 V                             ; 6.39e-10 s                 ; 6e-10 s                    ; Yes                       ; Yes                       ;
; d[10]         ; 2.5 V        ; 0 s                 ; 0 s                 ; 2.32 V                       ; 1.06e-06 V                   ; 2.36 V              ; -0.00724 V          ; 0.107 V                              ; 0.02 V                               ; 4.5e-10 s                   ; 4.25e-10 s                  ; Yes                        ; Yes                        ; 2.32 V                      ; 1.06e-06 V                  ; 2.36 V             ; -0.00724 V         ; 0.107 V                             ; 0.02 V                              ; 4.5e-10 s                  ; 4.25e-10 s                 ; Yes                       ; Yes                       ;
; d[11]         ; 2.5 V        ; 0 s                 ; 0 s                 ; 2.32 V                       ; 7.16e-07 V                   ; 2.35 V              ; -0.00832 V          ; 0.101 V                              ; 0.024 V                              ; 6.39e-10 s                  ; 6e-10 s                     ; Yes                        ; Yes                        ; 2.32 V                      ; 7.16e-07 V                  ; 2.35 V             ; -0.00832 V         ; 0.101 V                             ; 0.024 V                             ; 6.39e-10 s                 ; 6e-10 s                    ; Yes                       ; Yes                       ;
; d[12]         ; 2.5 V        ; 0 s                 ; 0 s                 ; 2.32 V                       ; 7.16e-07 V                   ; 2.35 V              ; -0.00832 V          ; 0.101 V                              ; 0.024 V                              ; 6.39e-10 s                  ; 6e-10 s                     ; Yes                        ; Yes                        ; 2.32 V                      ; 7.16e-07 V                  ; 2.35 V             ; -0.00832 V         ; 0.101 V                             ; 0.024 V                             ; 6.39e-10 s                 ; 6e-10 s                    ; Yes                       ; Yes                       ;
; d[13]         ; 2.5 V        ; 0 s                 ; 0 s                 ; 2.32 V                       ; 1.06e-06 V                   ; 2.36 V              ; -0.00724 V          ; 0.107 V                              ; 0.02 V                               ; 4.5e-10 s                   ; 4.25e-10 s                  ; Yes                        ; Yes                        ; 2.32 V                      ; 1.06e-06 V                  ; 2.36 V             ; -0.00724 V         ; 0.107 V                             ; 0.02 V                              ; 4.5e-10 s                  ; 4.25e-10 s                 ; Yes                       ; Yes                       ;
; d[14]         ; 2.5 V        ; 0 s                 ; 0 s                 ; 2.32 V                       ; 7.16e-07 V                   ; 2.35 V              ; -0.00832 V          ; 0.101 V                              ; 0.024 V                              ; 6.39e-10 s                  ; 6e-10 s                     ; Yes                        ; Yes                        ; 2.32 V                      ; 7.16e-07 V                  ; 2.35 V             ; -0.00832 V         ; 0.101 V                             ; 0.024 V                             ; 6.39e-10 s                 ; 6e-10 s                    ; Yes                       ; Yes                       ;
; d[15]         ; 2.5 V        ; 0 s                 ; 0 s                 ; 2.32 V                       ; 7.16e-07 V                   ; 2.35 V              ; -0.00832 V          ; 0.101 V                              ; 0.024 V                              ; 6.39e-10 s                  ; 6e-10 s                     ; Yes                        ; Yes                        ; 2.32 V                      ; 7.16e-07 V                  ; 2.35 V             ; -0.00832 V         ; 0.101 V                             ; 0.024 V                             ; 6.39e-10 s                 ; 6e-10 s                    ; Yes                       ; Yes                       ;
; d[16]         ; 2.5 V        ; 0 s                 ; 0 s                 ; 2.32 V                       ; 1.06e-06 V                   ; 2.36 V              ; -0.00724 V          ; 0.107 V                              ; 0.02 V                               ; 4.5e-10 s                   ; 4.25e-10 s                  ; Yes                        ; Yes                        ; 2.32 V                      ; 1.06e-06 V                  ; 2.36 V             ; -0.00724 V         ; 0.107 V                             ; 0.02 V                              ; 4.5e-10 s                  ; 4.25e-10 s                 ; Yes                       ; Yes                       ;
; d[17]         ; 2.5 V        ; 0 s                 ; 0 s                 ; 2.32 V                       ; 7.16e-07 V                   ; 2.35 V              ; -0.00832 V          ; 0.101 V                              ; 0.024 V                              ; 6.39e-10 s                  ; 6e-10 s                     ; Yes                        ; Yes                        ; 2.32 V                      ; 7.16e-07 V                  ; 2.35 V             ; -0.00832 V         ; 0.101 V                             ; 0.024 V                             ; 6.39e-10 s                 ; 6e-10 s                    ; Yes                       ; Yes                       ;
; d[18]         ; 2.5 V        ; 0 s                 ; 0 s                 ; 2.32 V                       ; 1.06e-06 V                   ; 2.36 V              ; -0.00724 V          ; 0.107 V                              ; 0.02 V                               ; 4.5e-10 s                   ; 4.25e-10 s                  ; Yes                        ; Yes                        ; 2.32 V                      ; 1.06e-06 V                  ; 2.36 V             ; -0.00724 V         ; 0.107 V                             ; 0.02 V                              ; 4.5e-10 s                  ; 4.25e-10 s                 ; Yes                       ; Yes                       ;
; d[19]         ; 2.5 V        ; 0 s                 ; 0 s                 ; 2.32 V                       ; 1.06e-06 V                   ; 2.36 V              ; -0.00724 V          ; 0.107 V                              ; 0.02 V                               ; 4.5e-10 s                   ; 4.25e-10 s                  ; Yes                        ; Yes                        ; 2.32 V                      ; 1.06e-06 V                  ; 2.36 V             ; -0.00724 V         ; 0.107 V                             ; 0.02 V                              ; 4.5e-10 s                  ; 4.25e-10 s                 ; Yes                       ; Yes                       ;
; d[20]         ; 2.5 V        ; 0 s                 ; 0 s                 ; 2.32 V                       ; 1.06e-06 V                   ; 2.36 V              ; -0.00724 V          ; 0.107 V                              ; 0.02 V                               ; 4.5e-10 s                   ; 4.25e-10 s                  ; Yes                        ; Yes                        ; 2.32 V                      ; 1.06e-06 V                  ; 2.36 V             ; -0.00724 V         ; 0.107 V                             ; 0.02 V                              ; 4.5e-10 s                  ; 4.25e-10 s                 ; Yes                       ; Yes                       ;
; d[21]         ; 2.5 V        ; 0 s                 ; 0 s                 ; 2.32 V                       ; 7.16e-07 V                   ; 2.35 V              ; -0.00832 V          ; 0.101 V                              ; 0.024 V                              ; 6.39e-10 s                  ; 6e-10 s                     ; Yes                        ; Yes                        ; 2.32 V                      ; 7.16e-07 V                  ; 2.35 V             ; -0.00832 V         ; 0.101 V                             ; 0.024 V                             ; 6.39e-10 s                 ; 6e-10 s                    ; Yes                       ; Yes                       ;
; d[22]         ; 2.5 V        ; 0 s                 ; 0 s                 ; 2.32 V                       ; 7.16e-07 V                   ; 2.36 V              ; -0.00476 V          ; 0.096 V                              ; 0.013 V                              ; 4.39e-10 s                  ; 4.15e-10 s                  ; Yes                        ; Yes                        ; 2.32 V                      ; 7.16e-07 V                  ; 2.36 V             ; -0.00476 V         ; 0.096 V                             ; 0.013 V                             ; 4.39e-10 s                 ; 4.15e-10 s                 ; Yes                       ; Yes                       ;
; d[23]         ; 2.5 V        ; 0 s                 ; 0 s                 ; 2.32 V                       ; 7.16e-07 V                   ; 2.35 V              ; -0.00832 V          ; 0.101 V                              ; 0.024 V                              ; 6.39e-10 s                  ; 6e-10 s                     ; Yes                        ; Yes                        ; 2.32 V                      ; 7.16e-07 V                  ; 2.35 V             ; -0.00832 V         ; 0.101 V                             ; 0.024 V                             ; 6.39e-10 s                 ; 6e-10 s                    ; Yes                       ; Yes                       ;
; d[24]         ; 2.5 V        ; 0 s                 ; 0 s                 ; 2.32 V                       ; 1.06e-06 V                   ; 2.36 V              ; -0.00724 V          ; 0.107 V                              ; 0.02 V                               ; 4.5e-10 s                   ; 4.25e-10 s                  ; Yes                        ; Yes                        ; 2.32 V                      ; 1.06e-06 V                  ; 2.36 V             ; -0.00724 V         ; 0.107 V                             ; 0.02 V                              ; 4.5e-10 s                  ; 4.25e-10 s                 ; Yes                       ; Yes                       ;
; d[25]         ; 2.5 V        ; 0 s                 ; 0 s                 ; 2.32 V                       ; 1.06e-06 V                   ; 2.36 V              ; -0.00724 V          ; 0.107 V                              ; 0.02 V                               ; 4.5e-10 s                   ; 4.25e-10 s                  ; Yes                        ; Yes                        ; 2.32 V                      ; 1.06e-06 V                  ; 2.36 V             ; -0.00724 V         ; 0.107 V                             ; 0.02 V                              ; 4.5e-10 s                  ; 4.25e-10 s                 ; Yes                       ; Yes                       ;
; d[26]         ; 2.5 V        ; 0 s                 ; 0 s                 ; 2.32 V                       ; 1.06e-06 V                   ; 2.33 V              ; -0.00344 V          ; 0.134 V                              ; 0.075 V                              ; 3.33e-09 s                  ; 3.16e-09 s                  ; Yes                        ; Yes                        ; 2.32 V                      ; 1.06e-06 V                  ; 2.33 V             ; -0.00344 V         ; 0.134 V                             ; 0.075 V                             ; 3.33e-09 s                 ; 3.16e-09 s                 ; Yes                       ; Yes                       ;
; d[27]         ; 2.5 V        ; 0 s                 ; 0 s                 ; 2.32 V                       ; 1.06e-06 V                   ; 2.36 V              ; -0.00724 V          ; 0.107 V                              ; 0.02 V                               ; 4.5e-10 s                   ; 4.25e-10 s                  ; Yes                        ; Yes                        ; 2.32 V                      ; 1.06e-06 V                  ; 2.36 V             ; -0.00724 V         ; 0.107 V                             ; 0.02 V                              ; 4.5e-10 s                  ; 4.25e-10 s                 ; Yes                       ; Yes                       ;
; d[28]         ; 2.5 V        ; 0 s                 ; 0 s                 ; 2.32 V                       ; 7.16e-07 V                   ; 2.35 V              ; -0.00832 V          ; 0.101 V                              ; 0.024 V                              ; 6.39e-10 s                  ; 6e-10 s                     ; Yes                        ; Yes                        ; 2.32 V                      ; 7.16e-07 V                  ; 2.35 V             ; -0.00832 V         ; 0.101 V                             ; 0.024 V                             ; 6.39e-10 s                 ; 6e-10 s                    ; Yes                       ; Yes                       ;
; d[29]         ; 2.5 V        ; 0 s                 ; 0 s                 ; 2.32 V                       ; 1.06e-06 V                   ; 2.33 V              ; -0.00344 V          ; 0.134 V                              ; 0.075 V                              ; 3.33e-09 s                  ; 3.16e-09 s                  ; Yes                        ; Yes                        ; 2.32 V                      ; 1.06e-06 V                  ; 2.33 V             ; -0.00344 V         ; 0.134 V                             ; 0.075 V                             ; 3.33e-09 s                 ; 3.16e-09 s                 ; Yes                       ; Yes                       ;
; d[30]         ; 2.5 V        ; 0 s                 ; 0 s                 ; 2.32 V                       ; 1.06e-06 V                   ; 2.36 V              ; -0.00724 V          ; 0.107 V                              ; 0.02 V                               ; 4.5e-10 s                   ; 4.25e-10 s                  ; Yes                        ; Yes                        ; 2.32 V                      ; 1.06e-06 V                  ; 2.36 V             ; -0.00724 V         ; 0.107 V                             ; 0.02 V                              ; 4.5e-10 s                  ; 4.25e-10 s                 ; Yes                       ; Yes                       ;
; d[31]         ; 2.5 V        ; 0 s                 ; 0 s                 ; 2.32 V                       ; 1.06e-06 V                   ; 2.36 V              ; -0.00724 V          ; 0.107 V                              ; 0.02 V                               ; 4.5e-10 s                   ; 4.25e-10 s                  ; Yes                        ; Yes                        ; 2.32 V                      ; 1.06e-06 V                  ; 2.36 V             ; -0.00724 V         ; 0.107 V                             ; 0.02 V                              ; 4.5e-10 s                  ; 4.25e-10 s                 ; Yes                       ; Yes                       ;
; flags[0]      ; 2.5 V        ; 0 s                 ; 0 s                 ; 2.32 V                       ; 1.06e-06 V                   ; 2.36 V              ; -0.00724 V          ; 0.107 V                              ; 0.02 V                               ; 4.5e-10 s                   ; 4.25e-10 s                  ; Yes                        ; Yes                        ; 2.32 V                      ; 1.06e-06 V                  ; 2.36 V             ; -0.00724 V         ; 0.107 V                             ; 0.02 V                              ; 4.5e-10 s                  ; 4.25e-10 s                 ; Yes                       ; Yes                       ;
; flags[1]      ; 2.5 V        ; 0 s                 ; 0 s                 ; 2.32 V                       ; 1.06e-06 V                   ; 2.36 V              ; -0.00724 V          ; 0.107 V                              ; 0.02 V                               ; 4.5e-10 s                   ; 4.25e-10 s                  ; Yes                        ; Yes                        ; 2.32 V                      ; 1.06e-06 V                  ; 2.36 V             ; -0.00724 V         ; 0.107 V                             ; 0.02 V                              ; 4.5e-10 s                  ; 4.25e-10 s                 ; Yes                       ; Yes                       ;
; flags[2]      ; 2.5 V        ; 0 s                 ; 0 s                 ; 2.32 V                       ; 1.06e-06 V                   ; 2.36 V              ; -0.00724 V          ; 0.107 V                              ; 0.02 V                               ; 4.5e-10 s                   ; 4.25e-10 s                  ; Yes                        ; Yes                        ; 2.32 V                      ; 1.06e-06 V                  ; 2.36 V             ; -0.00724 V         ; 0.107 V                             ; 0.02 V                              ; 4.5e-10 s                  ; 4.25e-10 s                 ; Yes                       ; Yes                       ;
; flags[3]      ; 2.5 V        ; 0 s                 ; 0 s                 ; 2.32 V                       ; 1.06e-06 V                   ; 2.36 V              ; -0.00724 V          ; 0.107 V                              ; 0.02 V                               ; 4.5e-10 s                   ; 4.25e-10 s                  ; Yes                        ; Yes                        ; 2.32 V                      ; 1.06e-06 V                  ; 2.36 V             ; -0.00724 V         ; 0.107 V                             ; 0.02 V                              ; 4.5e-10 s                  ; 4.25e-10 s                 ; Yes                       ; Yes                       ;
; flags[4]      ; 2.5 V        ; 0 s                 ; 0 s                 ; 2.32 V                       ; 1.06e-06 V                   ; 2.36 V              ; -0.00724 V          ; 0.107 V                              ; 0.02 V                               ; 4.5e-10 s                   ; 4.25e-10 s                  ; Yes                        ; Yes                        ; 2.32 V                      ; 1.06e-06 V                  ; 2.36 V             ; -0.00724 V         ; 0.107 V                             ; 0.02 V                              ; 4.5e-10 s                  ; 4.25e-10 s                 ; Yes                       ; Yes                       ;
; ~ALTERA_DCLK~ ; 2.5 V        ; 0 s                 ; 0 s                 ; 2.32 V                       ; 5.74e-07 V                   ; 2.36 V              ; -0.0201 V           ; 0.072 V                              ; 0.033 V                              ; 4.04e-10 s                  ; 3.29e-10 s                  ; Yes                        ; Yes                        ; 2.32 V                      ; 5.74e-07 V                  ; 2.36 V             ; -0.0201 V          ; 0.072 V                             ; 0.033 V                             ; 4.04e-10 s                 ; 3.29e-10 s                 ; Yes                       ; Yes                       ;
; ~ALTERA_nCEO~ ; 2.5 V        ; 0 s                 ; 0 s                 ; 2.32 V                       ; 9.45e-07 V                   ; 2.35 V              ; -0.00643 V          ; 0.081 V                              ; 0.031 V                              ; 5.31e-10 s                  ; 7.59e-10 s                  ; Yes                        ; Yes                        ; 2.32 V                      ; 9.45e-07 V                  ; 2.35 V             ; -0.00643 V         ; 0.081 V                             ; 0.031 V                             ; 5.31e-10 s                 ; 7.59e-10 s                 ; Yes                       ; Yes                       ;
+---------------+--------------+---------------------+---------------------+------------------------------+------------------------------+---------------------+---------------------+--------------------------------------+--------------------------------------+-----------------------------+-----------------------------+----------------------------+----------------------------+-----------------------------+-----------------------------+--------------------+--------------------+-------------------------------------+-------------------------------------+----------------------------+----------------------------+---------------------------+---------------------------+


+--------------------------------------------------------------------------------------------------------------------------------------------------------------------------------------------------------------------------------------------------------------------------------------------------------------------------------------------------------------------------------------------------------------------------------------------------------------------------------------------------------------------------------------------------------------------------------------------------------------------------------------------------------------------------------------------+
; Signal Integrity Metrics (Fast 1200mv 0c Model)                                                                                                                                                                                                                                                                                                                                                                                                                                                                                                                                                                                                                                            ;
+---------------+--------------+---------------------+---------------------+------------------------------+------------------------------+---------------------+---------------------+--------------------------------------+--------------------------------------+-----------------------------+-----------------------------+----------------------------+----------------------------+-----------------------------+-----------------------------+--------------------+--------------------+-------------------------------------+-------------------------------------+----------------------------+----------------------------+---------------------------+---------------------------+
; Pin           ; I/O Standard ; Board Delay on Rise ; Board Delay on Fall ; Steady State Voh at FPGA Pin ; Steady State Vol at FPGA Pin ; Voh Max at FPGA Pin ; Vol Min at FPGA Pin ; Ringback Voltage on Rise at FPGA Pin ; Ringback Voltage on Fall at FPGA Pin ; 10-90 Rise Time at FPGA Pin ; 90-10 Fall Time at FPGA Pin ; Monotonic Rise at FPGA Pin ; Monotonic Fall at FPGA Pin ; Steady State Voh at Far-end ; Steady State Vol at Far-end ; Voh Max at Far-end ; Vol Min at Far-end ; Ringback Voltage on Rise at Far-end ; Ringback Voltage on Fall at Far-end ; 10-90 Rise Time at Far-end ; 90-10 Fall Time at Far-end ; Monotonic Rise at Far-end ; Monotonic Fall at Far-end ;
+---------------+--------------+---------------------+---------------------+------------------------------+------------------------------+---------------------+---------------------+--------------------------------------+--------------------------------------+-----------------------------+-----------------------------+----------------------------+----------------------------+-----------------------------+-----------------------------+--------------------+--------------------+-------------------------------------+-------------------------------------+----------------------------+----------------------------+---------------------------+---------------------------+
; out_valid     ; 2.5 V        ; 0 s                 ; 0 s                 ; 2.62 V                       ; 4.05e-08 V                   ; 2.72 V              ; -0.0349 V           ; 0.173 V                              ; 0.1 V                                ; 2.72e-10 s                  ; 2.69e-10 s                  ; Yes                        ; Yes                        ; 2.62 V                      ; 4.05e-08 V                  ; 2.72 V             ; -0.0349 V          ; 0.173 V                             ; 0.1 V                               ; 2.72e-10 s                 ; 2.69e-10 s                 ; Yes                       ; Yes                       ;
; d[0]          ; 2.5 V        ; 0 s                 ; 0 s                 ; 2.62 V                       ; 4.05e-08 V                   ; 2.72 V              ; -0.0349 V           ; 0.173 V                              ; 0.1 V                                ; 2.72e-10 s                  ; 2.69e-10 s                  ; Yes                        ; Yes                        ; 2.62 V                      ; 4.05e-08 V                  ; 2.72 V             ; -0.0349 V          ; 0.173 V                             ; 0.1 V                               ; 2.72e-10 s                 ; 2.69e-10 s                 ; Yes                       ; Yes                       ;
; d[1]          ; 2.5 V        ; 0 s                 ; 0 s                 ; 2.62 V                       ; 2.74e-08 V                   ; 2.71 V              ; -0.0317 V           ; 0.148 V                              ; 0.064 V                              ; 4.51e-10 s                  ; 4.15e-10 s                  ; No                         ; Yes                        ; 2.62 V                      ; 2.74e-08 V                  ; 2.71 V             ; -0.0317 V          ; 0.148 V                             ; 0.064 V                             ; 4.51e-10 s                 ; 4.15e-10 s                 ; No                        ; Yes                       ;
; d[2]          ; 2.5 V        ; 0 s                 ; 0 s                 ; 2.62 V                       ; 4.05e-08 V                   ; 2.72 V              ; -0.0349 V           ; 0.173 V                              ; 0.1 V                                ; 2.72e-10 s                  ; 2.69e-10 s                  ; Yes                        ; Yes                        ; 2.62 V                      ; 4.05e-08 V                  ; 2.72 V             ; -0.0349 V          ; 0.173 V                             ; 0.1 V                               ; 2.72e-10 s                 ; 2.69e-10 s                 ; Yes                       ; Yes                       ;
; d[3]          ; 2.5 V        ; 0 s                 ; 0 s                 ; 2.62 V                       ; 4.05e-08 V                   ; 2.72 V              ; -0.0349 V           ; 0.173 V                              ; 0.1 V                                ; 2.72e-10 s                  ; 2.69e-10 s                  ; Yes                        ; Yes                        ; 2.62 V                      ; 4.05e-08 V                  ; 2.72 V             ; -0.0349 V          ; 0.173 V                             ; 0.1 V                               ; 2.72e-10 s                 ; 2.69e-10 s                 ; Yes                       ; Yes                       ;
; d[4]          ; 2.5 V        ; 0 s                 ; 0 s                 ; 2.62 V                       ; 2.74e-08 V                   ; 2.73 V              ; -0.0384 V           ; 0.169 V                              ; 0.089 V                              ; 2.7e-10 s                   ; 2.62e-10 s                  ; Yes                        ; Yes                        ; 2.62 V                      ; 2.74e-08 V                  ; 2.73 V             ; -0.0384 V          ; 0.169 V                             ; 0.089 V                             ; 2.7e-10 s                  ; 2.62e-10 s                 ; Yes                       ; Yes                       ;
; d[5]          ; 2.5 V        ; 0 s                 ; 0 s                 ; 2.62 V                       ; 4.05e-08 V                   ; 2.72 V              ; -0.0349 V           ; 0.173 V                              ; 0.1 V                                ; 2.72e-10 s                  ; 2.69e-10 s                  ; Yes                        ; Yes                        ; 2.62 V                      ; 4.05e-08 V                  ; 2.72 V             ; -0.0349 V          ; 0.173 V                             ; 0.1 V                               ; 2.72e-10 s                 ; 2.69e-10 s                 ; Yes                       ; Yes                       ;
; d[6]          ; 2.5 V        ; 0 s                 ; 0 s                 ; 2.62 V                       ; 4.05e-08 V                   ; 2.72 V              ; -0.0349 V           ; 0.173 V                              ; 0.1 V                                ; 2.72e-10 s                  ; 2.69e-10 s                  ; Yes                        ; Yes                        ; 2.62 V                      ; 4.05e-08 V                  ; 2.72 V             ; -0.0349 V          ; 0.173 V                             ; 0.1 V                               ; 2.72e-10 s                 ; 2.69e-10 s                 ; Yes                       ; Yes                       ;
; d[7]          ; 2.5 V        ; 0 s                 ; 0 s                 ; 2.62 V                       ; 2.74e-08 V                   ; 2.71 V              ; -0.0317 V           ; 0.148 V                              ; 0.064 V                              ; 4.51e-10 s                  ; 4.15e-10 s                  ; No                         ; Yes                        ; 2.62 V                      ; 2.74e-08 V                  ; 2.71 V             ; -0.0317 V          ; 0.148 V                             ; 0.064 V                             ; 4.51e-10 s                 ; 4.15e-10 s                 ; No                        ; Yes                       ;
; d[8]          ; 2.5 V        ; 0 s                 ; 0 s                 ; 2.62 V                       ; 4.05e-08 V                   ; 2.72 V              ; -0.0349 V           ; 0.173 V                              ; 0.1 V                                ; 2.72e-10 s                  ; 2.69e-10 s                  ; Yes                        ; Yes                        ; 2.62 V                      ; 4.05e-08 V                  ; 2.72 V             ; -0.0349 V          ; 0.173 V                             ; 0.1 V                               ; 2.72e-10 s                 ; 2.69e-10 s                 ; Yes                       ; Yes                       ;
; d[9]          ; 2.5 V        ; 0 s                 ; 0 s                 ; 2.62 V                       ; 2.74e-08 V                   ; 2.71 V              ; -0.0317 V           ; 0.148 V                              ; 0.064 V                              ; 4.51e-10 s                  ; 4.15e-10 s                  ; No                         ; Yes                        ; 2.62 V                      ; 2.74e-08 V                  ; 2.71 V             ; -0.0317 V          ; 0.148 V                             ; 0.064 V                             ; 4.51e-10 s                 ; 4.15e-10 s                 ; No                        ; Yes                       ;
; d[10]         ; 2.5 V        ; 0 s                 ; 0 s                 ; 2.62 V                       ; 4.05e-08 V                   ; 2.72 V              ; -0.0349 V           ; 0.173 V                              ; 0.1 V                                ; 2.72e-10 s                  ; 2.69e-10 s                  ; Yes                        ; Yes                        ; 2.62 V                      ; 4.05e-08 V                  ; 2.72 V             ; -0.0349 V          ; 0.173 V                             ; 0.1 V                               ; 2.72e-10 s                 ; 2.69e-10 s                 ; Yes                       ; Yes                       ;
; d[11]         ; 2.5 V        ; 0 s                 ; 0 s                 ; 2.62 V                       ; 2.74e-08 V                   ; 2.71 V              ; -0.0317 V           ; 0.148 V                              ; 0.064 V                              ; 4.51e-10 s                  ; 4.15e-10 s                  ; No                         ; Yes                        ; 2.62 V                      ; 2.74e-08 V                  ; 2.71 V             ; -0.0317 V          ; 0.148 V                             ; 0.064 V                             ; 4.51e-10 s                 ; 4.15e-10 s                 ; No                        ; Yes                       ;
; d[12]         ; 2.5 V        ; 0 s                 ; 0 s                 ; 2.62 V                       ; 2.74e-08 V                   ; 2.71 V              ; -0.0317 V           ; 0.148 V                              ; 0.064 V                              ; 4.51e-10 s                  ; 4.15e-10 s                  ; No                         ; Yes                        ; 2.62 V                      ; 2.74e-08 V                  ; 2.71 V             ; -0.0317 V          ; 0.148 V                             ; 0.064 V                             ; 4.51e-10 s                 ; 4.15e-10 s                 ; No                        ; Yes                       ;
; d[13]         ; 2.5 V        ; 0 s                 ; 0 s                 ; 2.62 V                       ; 4.05e-08 V                   ; 2.72 V              ; -0.0349 V           ; 0.173 V                              ; 0.1 V                                ; 2.72e-10 s                  ; 2.69e-10 s                  ; Yes                        ; Yes                        ; 2.62 V                      ; 4.05e-08 V                  ; 2.72 V             ; -0.0349 V          ; 0.173 V                             ; 0.1 V                               ; 2.72e-10 s                 ; 2.69e-10 s                 ; Yes                       ; Yes                       ;
; d[14]         ; 2.5 V        ; 0 s                 ; 0 s                 ; 2.62 V                       ; 2.74e-08 V                   ; 2.71 V              ; -0.0317 V           ; 0.148 V                              ; 0.064 V                              ; 4.51e-10 s                  ; 4.15e-10 s                  ; No                         ; Yes                        ; 2.62 V                      ; 2.74e-08 V                  ; 2.71 V             ; -0.0317 V          ; 0.148 V                             ; 0.064 V                             ; 4.51e-10 s                 ; 4.15e-10 s                 ; No                        ; Yes                       ;
; d[15]         ; 2.5 V        ; 0 s                 ; 0 s                 ; 2.62 V                       ; 2.74e-08 V                   ; 2.71 V              ; -0.0317 V           ; 0.148 V                              ; 0.064 V                              ; 4.51e-10 s                  ; 4.15e-10 s                  ; No                         ; Yes                        ; 2.62 V                      ; 2.74e-08 V                  ; 2.71 V             ; -0.0317 V          ; 0.148 V                             ; 0.064 V                             ; 4.51e-10 s                 ; 4.15e-10 s                 ; No                        ; Yes                       ;
; d[16]         ; 2.5 V        ; 0 s                 ; 0 s                 ; 2.62 V                       ; 4.05e-08 V                   ; 2.72 V              ; -0.0349 V           ; 0.173 V                              ; 0.1 V                                ; 2.72e-10 s                  ; 2.69e-10 s                  ; Yes                        ; Yes                        ; 2.62 V                      ; 4.05e-08 V                  ; 2.72 V             ; -0.0349 V          ; 0.173 V                             ; 0.1 V                               ; 2.72e-10 s                 ; 2.69e-10 s                 ; Yes                       ; Yes                       ;
; d[17]         ; 2.5 V        ; 0 s                 ; 0 s                 ; 2.62 V                       ; 2.74e-08 V                   ; 2.71 V              ; -0.0317 V           ; 0.148 V                              ; 0.064 V                              ; 4.51e-10 s                  ; 4.15e-10 s                  ; No                         ; Yes                        ; 2.62 V                      ; 2.74e-08 V                  ; 2.71 V             ; -0.0317 V          ; 0.148 V                             ; 0.064 V                             ; 4.51e-10 s                 ; 4.15e-10 s                 ; No                        ; Yes                       ;
; d[18]         ; 2.5 V        ; 0 s                 ; 0 s                 ; 2.62 V                       ; 4.05e-08 V                   ; 2.72 V              ; -0.0349 V           ; 0.173 V                              ; 0.1 V                                ; 2.72e-10 s                  ; 2.69e-10 s                  ; Yes                        ; Yes                        ; 2.62 V                      ; 4.05e-08 V                  ; 2.72 V             ; -0.0349 V          ; 0.173 V                             ; 0.1 V                               ; 2.72e-10 s                 ; 2.69e-10 s                 ; Yes                       ; Yes                       ;
; d[19]         ; 2.5 V        ; 0 s                 ; 0 s                 ; 2.62 V                       ; 4.05e-08 V                   ; 2.72 V              ; -0.0349 V           ; 0.173 V                              ; 0.1 V                                ; 2.72e-10 s                  ; 2.69e-10 s                  ; Yes                        ; Yes                        ; 2.62 V                      ; 4.05e-08 V                  ; 2.72 V             ; -0.0349 V          ; 0.173 V                             ; 0.1 V                               ; 2.72e-10 s                 ; 2.69e-10 s                 ; Yes                       ; Yes                       ;
; d[20]         ; 2.5 V        ; 0 s                 ; 0 s                 ; 2.62 V                       ; 4.05e-08 V                   ; 2.72 V              ; -0.0349 V           ; 0.173 V                              ; 0.1 V                                ; 2.72e-10 s                  ; 2.69e-10 s                  ; Yes                        ; Yes                        ; 2.62 V                      ; 4.05e-08 V                  ; 2.72 V             ; -0.0349 V          ; 0.173 V                             ; 0.1 V                               ; 2.72e-10 s                 ; 2.69e-10 s                 ; Yes                       ; Yes                       ;
; d[21]         ; 2.5 V        ; 0 s                 ; 0 s                 ; 2.62 V                       ; 2.74e-08 V                   ; 2.71 V              ; -0.0317 V           ; 0.148 V                              ; 0.064 V                              ; 4.51e-10 s                  ; 4.15e-10 s                  ; No                         ; Yes                        ; 2.62 V                      ; 2.74e-08 V                  ; 2.71 V             ; -0.0317 V          ; 0.148 V                             ; 0.064 V                             ; 4.51e-10 s                 ; 4.15e-10 s                 ; No                        ; Yes                       ;
; d[22]         ; 2.5 V        ; 0 s                 ; 0 s                 ; 2.62 V                       ; 2.74e-08 V                   ; 2.73 V              ; -0.0384 V           ; 0.169 V                              ; 0.089 V                              ; 2.7e-10 s                   ; 2.62e-10 s                  ; Yes                        ; Yes                        ; 2.62 V                      ; 2.74e-08 V                  ; 2.73 V             ; -0.0384 V          ; 0.169 V                             ; 0.089 V                             ; 2.7e-10 s                  ; 2.62e-10 s                 ; Yes                       ; Yes                       ;
; d[23]         ; 2.5 V        ; 0 s                 ; 0 s                 ; 2.62 V                       ; 2.74e-08 V                   ; 2.71 V              ; -0.0317 V           ; 0.148 V                              ; 0.064 V                              ; 4.51e-10 s                  ; 4.15e-10 s                  ; No                         ; Yes                        ; 2.62 V                      ; 2.74e-08 V                  ; 2.71 V             ; -0.0317 V          ; 0.148 V                             ; 0.064 V                             ; 4.51e-10 s                 ; 4.15e-10 s                 ; No                        ; Yes                       ;
; d[24]         ; 2.5 V        ; 0 s                 ; 0 s                 ; 2.62 V                       ; 4.05e-08 V                   ; 2.72 V              ; -0.0349 V           ; 0.173 V                              ; 0.1 V                                ; 2.72e-10 s                  ; 2.69e-10 s                  ; Yes                        ; Yes                        ; 2.62 V                      ; 4.05e-08 V                  ; 2.72 V             ; -0.0349 V          ; 0.173 V                             ; 0.1 V                               ; 2.72e-10 s                 ; 2.69e-10 s                 ; Yes                       ; Yes                       ;
; d[25]         ; 2.5 V        ; 0 s                 ; 0 s                 ; 2.62 V                       ; 4.05e-08 V                   ; 2.72 V              ; -0.0349 V           ; 0.173 V                              ; 0.1 V                                ; 2.72e-10 s                  ; 2.69e-10 s                  ; Yes                        ; Yes                        ; 2.62 V                      ; 4.05e-08 V                  ; 2.72 V             ; -0.0349 V          ; 0.173 V                             ; 0.1 V                               ; 2.72e-10 s                 ; 2.69e-10 s                 ; Yes                       ; Yes                       ;
; d[26]         ; 2.5 V        ; 0 s                 ; 0 s                 ; 2.62 V                       ; 4.05e-08 V                   ; 2.64 V              ; -0.0113 V           ; 0.208 V                              ; 0.179 V                              ; 2.38e-09 s                  ; 2.23e-09 s                  ; No                         ; Yes                        ; 2.62 V                      ; 4.05e-08 V                  ; 2.64 V             ; -0.0113 V          ; 0.208 V                             ; 0.179 V                             ; 2.38e-09 s                 ; 2.23e-09 s                 ; No                        ; Yes                       ;
; d[27]         ; 2.5 V        ; 0 s                 ; 0 s                 ; 2.62 V                       ; 4.05e-08 V                   ; 2.72 V              ; -0.0349 V           ; 0.173 V                              ; 0.1 V                                ; 2.72e-10 s                  ; 2.69e-10 s                  ; Yes                        ; Yes                        ; 2.62 V                      ; 4.05e-08 V                  ; 2.72 V             ; -0.0349 V          ; 0.173 V                             ; 0.1 V                               ; 2.72e-10 s                 ; 2.69e-10 s                 ; Yes                       ; Yes                       ;
; d[28]         ; 2.5 V        ; 0 s                 ; 0 s                 ; 2.62 V                       ; 2.74e-08 V                   ; 2.71 V              ; -0.0317 V           ; 0.148 V                              ; 0.064 V                              ; 4.51e-10 s                  ; 4.15e-10 s                  ; No                         ; Yes                        ; 2.62 V                      ; 2.74e-08 V                  ; 2.71 V             ; -0.0317 V          ; 0.148 V                             ; 0.064 V                             ; 4.51e-10 s                 ; 4.15e-10 s                 ; No                        ; Yes                       ;
; d[29]         ; 2.5 V        ; 0 s                 ; 0 s                 ; 2.62 V                       ; 4.05e-08 V                   ; 2.64 V              ; -0.0113 V           ; 0.208 V                              ; 0.179 V                              ; 2.38e-09 s                  ; 2.23e-09 s                  ; No                         ; Yes                        ; 2.62 V                      ; 4.05e-08 V                  ; 2.64 V             ; -0.0113 V          ; 0.208 V                             ; 0.179 V                             ; 2.38e-09 s                 ; 2.23e-09 s                 ; No                        ; Yes                       ;
; d[30]         ; 2.5 V        ; 0 s                 ; 0 s                 ; 2.62 V                       ; 4.05e-08 V                   ; 2.72 V              ; -0.0349 V           ; 0.173 V                              ; 0.1 V                                ; 2.72e-10 s                  ; 2.69e-10 s                  ; Yes                        ; Yes                        ; 2.62 V                      ; 4.05e-08 V                  ; 2.72 V             ; -0.0349 V          ; 0.173 V                             ; 0.1 V                               ; 2.72e-10 s                 ; 2.69e-10 s                 ; Yes                       ; Yes                       ;
; d[31]         ; 2.5 V        ; 0 s                 ; 0 s                 ; 2.62 V                       ; 4.05e-08 V                   ; 2.72 V              ; -0.0349 V           ; 0.173 V                              ; 0.1 V                                ; 2.72e-10 s                  ; 2.69e-10 s                  ; Yes                        ; Yes                        ; 2.62 V                      ; 4.05e-08 V                  ; 2.72 V             ; -0.0349 V          ; 0.173 V                             ; 0.1 V                               ; 2.72e-10 s                 ; 2.69e-10 s                 ; Yes                       ; Yes                       ;
; flags[0]      ; 2.5 V        ; 0 s                 ; 0 s                 ; 2.62 V                       ; 4.05e-08 V                   ; 2.72 V              ; -0.0349 V           ; 0.173 V                              ; 0.1 V                                ; 2.72e-10 s                  ; 2.69e-10 s                  ; Yes                        ; Yes                        ; 2.62 V                      ; 4.05e-08 V                  ; 2.72 V             ; -0.0349 V          ; 0.173 V                             ; 0.1 V                               ; 2.72e-10 s                 ; 2.69e-10 s                 ; Yes                       ; Yes                       ;
; flags[1]      ; 2.5 V        ; 0 s                 ; 0 s                 ; 2.62 V                       ; 4.05e-08 V                   ; 2.72 V              ; -0.0349 V           ; 0.173 V                              ; 0.1 V                                ; 2.72e-10 s                  ; 2.69e-10 s                  ; Yes                        ; Yes                        ; 2.62 V                      ; 4.05e-08 V                  ; 2.72 V             ; -0.0349 V          ; 0.173 V                             ; 0.1 V                               ; 2.72e-10 s                 ; 2.69e-10 s                 ; Yes                       ; Yes                       ;
; flags[2]      ; 2.5 V        ; 0 s                 ; 0 s                 ; 2.62 V                       ; 4.05e-08 V                   ; 2.72 V              ; -0.0349 V           ; 0.173 V                              ; 0.1 V                                ; 2.72e-10 s                  ; 2.69e-10 s                  ; Yes                        ; Yes                        ; 2.62 V                      ; 4.05e-08 V                  ; 2.72 V             ; -0.0349 V          ; 0.173 V                             ; 0.1 V                               ; 2.72e-10 s                 ; 2.69e-10 s                 ; Yes                       ; Yes                       ;
; flags[3]      ; 2.5 V        ; 0 s                 ; 0 s                 ; 2.62 V                       ; 4.05e-08 V                   ; 2.72 V              ; -0.0349 V           ; 0.173 V                              ; 0.1 V                                ; 2.72e-10 s                  ; 2.69e-10 s                  ; Yes                        ; Yes                        ; 2.62 V                      ; 4.05e-08 V                  ; 2.72 V             ; -0.0349 V          ; 0.173 V                             ; 0.1 V                               ; 2.72e-10 s                 ; 2.69e-10 s                 ; Yes                       ; Yes                       ;
; flags[4]      ; 2.5 V        ; 0 s                 ; 0 s                 ; 2.62 V                       ; 4.05e-08 V                   ; 2.72 V              ; -0.0349 V           ; 0.173 V                              ; 0.1 V                                ; 2.72e-10 s                  ; 2.69e-10 s                  ; Yes                        ; Yes                        ; 2.62 V                      ; 4.05e-08 V                  ; 2.72 V             ; -0.0349 V          ; 0.173 V                             ; 0.1 V                               ; 2.72e-10 s                 ; 2.69e-10 s                 ; Yes                       ; Yes                       ;
; ~ALTERA_DCLK~ ; 2.5 V        ; 0 s                 ; 0 s                 ; 2.62 V                       ; 2.22e-08 V                   ; 2.74 V              ; -0.06 V             ; 0.158 V                              ; 0.08 V                               ; 2.68e-10 s                  ; 2.19e-10 s                  ; Yes                        ; Yes                        ; 2.62 V                      ; 2.22e-08 V                  ; 2.74 V             ; -0.06 V            ; 0.158 V                             ; 0.08 V                              ; 2.68e-10 s                 ; 2.19e-10 s                 ; Yes                       ; Yes                       ;
; ~ALTERA_nCEO~ ; 2.5 V        ; 0 s                 ; 0 s                 ; 2.62 V                       ; 3.54e-08 V                   ; 2.7 V               ; -0.00943 V          ; 0.276 V                              ; 0.035 V                              ; 3.19e-10 s                  ; 4.99e-10 s                  ; No                         ; Yes                        ; 2.62 V                      ; 3.54e-08 V                  ; 2.7 V              ; -0.00943 V         ; 0.276 V                             ; 0.035 V                             ; 3.19e-10 s                 ; 4.99e-10 s                 ; No                        ; Yes                       ;
+---------------+--------------+---------------------+---------------------+------------------------------+------------------------------+---------------------+---------------------+--------------------------------------+--------------------------------------+-----------------------------+-----------------------------+----------------------------+----------------------------+-----------------------------+-----------------------------+--------------------+--------------------+-------------------------------------+-------------------------------------+----------------------------+----------------------------+---------------------------+---------------------------+


+-------------------------------------------------------------------+
; Setup Transfers                                                   ;
+------------+----------+----------+----------+----------+----------+
; From Clock ; To Clock ; RR Paths ; FR Paths ; RF Paths ; FF Paths ;
+------------+----------+----------+----------+----------+----------+
; clk        ; clk      ; 382647   ; 0        ; 0        ; 0        ;
+------------+----------+----------+----------+----------+----------+
Entries labeled "false path" only account for clock-to-clock false paths and not path-based false paths. As a result, actual path counts may be lower than reported.


+-------------------------------------------------------------------+
; Hold Transfers                                                    ;
+------------+----------+----------+----------+----------+----------+
; From Clock ; To Clock ; RR Paths ; FR Paths ; RF Paths ; FF Paths ;
+------------+----------+----------+----------+----------+----------+
; clk        ; clk      ; 382647   ; 0        ; 0        ; 0        ;
+------------+----------+----------+----------+----------+----------+
Entries labeled "false path" only account for clock-to-clock false paths and not path-based false paths. As a result, actual path counts may be lower than reported.


+-------------------------------------------------------------------+
; Recovery Transfers                                                ;
+------------+----------+----------+----------+----------+----------+
; From Clock ; To Clock ; RR Paths ; FR Paths ; RF Paths ; FF Paths ;
+------------+----------+----------+----------+----------+----------+
; clk        ; clk      ; 194      ; 0        ; 0        ; 0        ;
+------------+----------+----------+----------+----------+----------+
Entries labeled "false path" only account for clock-to-clock false paths and not path-based false paths. As a result, actual path counts may be lower than reported.


+-------------------------------------------------------------------+
; Removal Transfers                                                 ;
+------------+----------+----------+----------+----------+----------+
; From Clock ; To Clock ; RR Paths ; FR Paths ; RF Paths ; FF Paths ;
+------------+----------+----------+----------+----------+----------+
; clk        ; clk      ; 194      ; 0        ; 0        ; 0        ;
+------------+----------+----------+----------+----------+----------+
Entries labeled "false path" only account for clock-to-clock false paths and not path-based false paths. As a result, actual path counts may be lower than reported.


---------------
; Report TCCS ;
---------------
No dedicated SERDES Transmitter circuitry present in device or used in design


---------------
; Report RSKM ;
---------------
No dedicated SERDES Receiver circuitry present in device or used in design


+------------------------------------------------+
; Unconstrained Paths                            ;
+---------------------------------+-------+------+
; Property                        ; Setup ; Hold ;
+---------------------------------+-------+------+
; Illegal Clocks                  ; 0     ; 0    ;
; Unconstrained Clocks            ; 0     ; 0    ;
; Unconstrained Input Ports       ; 75    ; 75   ;
; Unconstrained Input Port Paths  ; 76    ; 76   ;
; Unconstrained Output Ports      ; 38    ; 38   ;
; Unconstrained Output Port Paths ; 38    ; 38   ;
+---------------------------------+-------+------+


+------------------------------------+
; TimeQuest Timing Analyzer Messages ;
+------------------------------------+
Info: *******************************************************************
Info: Running Quartus II 64-Bit TimeQuest Timing Analyzer
    Info: Version 13.0.1 Build 232 06/12/2013 Service Pack 1 SJ Web Edition
    Info: Processing started: Wed Oct 07 00:21:22 2026
Info: Command: quartus_sta packer -c packer
Info: qsta_default_script.tcl version: #1
Warning (20028): Parallel compilation is not licensed and has been disabled
Info (21076): High junction temperature operating condition is not set. Assuming a default value of '85'.
Info (21076): Low junction temperature operating condition is not set. Assuming a default value of '0'.
Info (332104): Reading SDC File: 'packer.sdc'
Info (332151): Clock uncertainty is not calculated until you update the timing netlist.
Info (332123): Deriving Clock Uncertainty. Please refer to report_sdc in TimeQuest to see clock uncertainties.
Info: Found TIMEQUEST_REPORT_SCRIPT_INCLUDE_DEFAULT_ANALYSIS = ON
Info: Analyzing Slow 1200mV 85C Model
Info (332146): Worst-case setup slack is 0.262
    Info (332119):     Slack End Point TNS Clock 
    Info (332119): ========= ============= =====================
    Info (332119):     0.262         0.000 clk 
Info (332146): Worst-case hold slack is 0.373
    Info (332119):     Slack End Point TNS Clock 
    Info (332119): ========= ============= =====================
    Info (332119):     0.373         0.000 clk 
Info (332146): Worst-case recovery slack is 7.038
    Info (332119):     Slack End Point TNS Clock 
    Info (332119): ========= ============= =====================
    Info (332119):     7.038         0.000 clk 
Info (332146): Worst-case removal slack is 2.083
    Info (332119):     Slack End Point TNS Clock 
    Info (332119): ========= ============= =====================
    Info (332119):     2.083         0.000 clk 
Info (332146): Worst-case minimum pulse width slack is 4.671
    Info (332119):     Slack End Point TNS Clock 
    Info (332119): ========= ============= =====================
    Info (332119):     4.671         0.000 clk 
Info: Analyzing Slow 1200mV 0C Model
Info (334003): Started post-fitting delay annotation
Info (334004): Delay annotation completed successfully
Info (332123): Deriving Clock Uncertainty. Please refer to report_sdc in TimeQuest to see clock uncertainties.
Info (332146): Worst-case setup slack is 1.411
    Info (332119):     Slack End Point TNS Clock 
    Info (332119): ========= ============= =====================
    Info (332119):     1.411         0.000 clk 
Info (332146): Worst-case hold slack is 0.339
    Info (332119):     Slack End Point TNS Clock 
    Info (332119): ========= ============= =====================
    Info (332119):     0.339         0.000 clk 
Info (332146): Worst-case recovery slack is 7.372
    Info (332119):     Slack End Point TNS Clock 
    Info (332119): ========= ============= =====================
    Info (332119):     7.372         0.000 clk 
Info (332146): Worst-case removal slack is 1.862
    Info (332119):     Slack End Point TNS Clock 
    Info (332119): ========= ============= =====================
    Info (332119):     1.862         0.000 clk 
Info (332146): Worst-case minimum pulse width slack is 4.698
    Info (332119):     Slack End Point TNS Clock 
    Info (332119): ========= ============= =====================
    Info (332119):     4.698         0.000 clk 
Info: Analyzing Fast 1200mV 0C Model
Info (332123): Deriving Clock Uncertainty. Please refer to report_sdc in TimeQuest to see clock uncertainties.
Info (332146): Worst-case setup slack is 4.410
    Info (332119):     Slack End Point TNS Clock 
    Info (332119): ========= ============= =====================
    Info (332119):     4.410         0.000 clk 
Info (332146): Worst-case hold slack is 0.193
    Info (332119):     Slack End Point TNS Clock 
    Info (332119): ========= ============= =====================
    Info (332119):     0.193         0.000 clk 
Info (332146): Worst-case recovery slack is 8.231
    Info (332119):     Slack End Point TNS Clock 
    Info (332119): ========= ============= =====================
    Info (332119):     8.231         0.000 clk 
Info (332146): Worst-case removal slack is 1.218
    Info (332119):     Slack End Point TNS Clock 
    Info (332119): ========= ============= =====================
    Info (332119):     1.218         0.000 clk 
Info (332146): Worst-case minimum pulse width slack is 4.418
    Info (332119):     Slack End Point TNS Clock 
    Info (332119): ========= ============= =====================
    Info (332119):     4.418         0.000 clk 
Info (332102): Design is not fully constrained for setup requirements
Info (332102): Design is not fully constrained for hold requirements
Info: Quartus II 64-Bit TimeQuest Timing Analyzer was successful. 0 errors, 1 warning
    Info: Peak virtual memory: 4629 megabytes
    Info: Processing ended: Wed Oct 07 00:21:26 2026
    Info: Elapsed time: 00:00:04
    Info: Total CPU time (on all processors): 00:00:04


