TimeQuest Timing Analyzer report for packer
Wed Oct 07 00:22:28 2026
Quartus II 64-Bit Version 13.0.1 Build 232 06/12/2013 Service Pack 1 SJ Web Edition


---------------------
; Table of Contents ;
---------------------
  1. Legal Notice
  2. TimeQuest Timing Analyzer Summary
  3. Parallel Compilation
  4. SDC File List
  5. Clocks
  6. Slow 1200mV 85C Model Fmax Summary
  7. Timing Closure Recommendations
  8. Slow 1200mV 85C Model Setup Summary
  9. Slow 1200mV 85C Model Hold Summary
 10. Slow 1200mV 85C Model Recovery Summary
 11. Slow 1200mV 85C Model Removal Summary
 12. Slow 1200mV 85C Model Minimum Pulse Width Summary
 13. Slow 1200mV 85C Model Setup: 'clk'
 14. Slow 1200mV 85C Model Hold: 'clk'
 15. Slow 1200mV 85C Model Recovery: 'clk'
 16. Slow 1200mV 85C Model Removal: 'clk'
 17. Slow 1200mV 85C Model Minimum Pulse Width: 'clk'
 18. Setup Times
 19. Hold Times
 20. Clock to Output Times
 21. Minimum Clock to Output Times
 22. Slow 1200mV 85C Model Metastability Report
 23. Slow 1200mV 0C Model Fmax Summary
 24. Slow 1200mV 0C Model Setup Summary
 25. Slow 1200mV 0C Model Hold Summary
 26. Slow 1200mV 0C Model Recovery Summary
 27. Slow 1200mV 0C Model Removal Summary
 28. Slow 1200mV 0C Model Minimum Pulse Width Summary
 29. Slow 1200mV 0C Model Setup: 'clk'
 30. Slow 1200mV 0C Model Hold: 'clk'
 31. Slow 1200mV 0C Model Recovery: 'clk'
 32. Slow 1200mV 0C Model Removal: 'clk'
 33. Slow 1200mV 0C Model Minimum Pulse Width: 'clk'
 34. Setup Times
 35. Hold Times
 36. Clock to Output Times
 37. Minimum Clock to Output Times
 38. Slow 1200mV 0C Model Metastability Report
 39. Fast 1200mV 0C Model Setup Summary
 40. Fast 1200mV 0C Model Hold Summary
 41. Fast 1200mV 0C Model Recovery Summary
 42. Fast 1200mV 0C Model Removal Summary
 43. Fast 1200mV 0C Model Minimum Pulse Width Summary
 44. Fast 1200mV 0C Model Setup: 'clk'
 45. Fast 1200mV 0C Model Hold: 'clk'
 46. Fast 1200mV 0C Model Recovery: 'clk'
 47. Fast 1200mV 0C Model Removal: 'clk'
 48. Fast 1200mV 0C Model Minimum Pulse Width: 'clk'
 49. Setup Times
 50. Hold Times
 51. Clock to Output Times
 52. Minimum Clock to Output Times
 53. Fast 1200mV 0C Model Metastability Report
 54. Multicorner Timing Analysis Summary
 55. Setup Times
 56. Hold Times
 57. Clock to Output Times
 58. Minimum Clock to Output Times
 59. Board Trace Model Assignments
 60. Input Transition Times
 61. Signal Integrity Metrics (Slow 1200mv 0c Model)
 62. Signal Integrity Metrics (Slow 1200mv 85c Model)
 63. Signal Integrity Metrics (Fast 1200mv 0c Model)
 64. Setup Transfers
 65. Hold Transfers
 66. Recovery Transfers
 67. Removal Transfers
 68. Report TCCS
 69. Report RSKM
 70. Unconstrained Paths
 71. TimeQuest Timing Analyzer Messages



----------------
; Legal Notice ;
----------------
Copyright (C) 1991-2013 Altera Corporation
Your use of Altera Corporation's design tools, logic functions 
and other software and tools, and its AMPP partner logic 
functions, and any output files from any of the foregoing 
(including device programming or simulation files), and any 
associated documentation or information are expressly subject 
to the terms and conditions of the Altera Program License 
Subscription Agreement, Altera MegaCore Function License 
Agreement, or other applicable license agreement, including, 
without limitation, that your use is for the sole purpose of 
programming logic devices manufactured by Altera and sold by 
Altera or its authorized distributors.  Please refer to the 
applicable agreement for further details.



+----------------------------------------------------------------------------------------+
; TimeQuest Timing Analyzer Summary                                                      ;
+--------------------+-------------------------------------------------------------------+
; Quartus II Version ; Version 13.0.1 Build 232 06/12/2013 Service Pack 1 SJ Web Edition ;
; Revision Name      ; packer                                                            ;
; Device Family      ; Cyclone IV E                                                      ;
; Device Name        ; EP4CE22F17C6                                                      ;
; Timing Models      ; Final                                                             ;
; Delay Model        ; Combined                                                          ;
; Rise/Fall Delays   ; Enabled                                                           ;
+--------------------+-------------------------------------------------------------------+


Parallel compilation was disabled, but you have multiple processors available. Enable parallel compilation to reduce compilation time.
+-------------------------------------+
; Parallel Compilation                ;
+----------------------------+--------+
; Processors                 ; Number ;
+----------------------------+--------+
; Number detected on machine ; 12     ;
; Maximum allowed            ; 1      ;
+----------------------------+--------+


+---------------------------------------------------+
; SDC File List                                     ;
+---------------+--------+--------------------------+
; SDC File Path ; Status ; Read at                  ;
+---------------+--------+--------------------------+
; packer.sdc    ; OK     ; Wed Oct 07 00:22:25 2026 ;
+---------------+--------+--------------------------+


+--------------------------------------------------------------------------------------------------------------------------------------------------------------------------------+
; Clocks                                                                                                                                                                         ;
+------------+------+--------+-----------+-------+-------+------------+-----------+-------------+-------+--------+-----------+------------+----------+--------+--------+---------+
; Clock Name ; Type ; Period ; Frequency ; Rise  ; Fall  ; Duty Cycle ; Divide by ; Multiply by ; Phase ; Offset ; Edge List ; Edge Shift ; Inverted ; Master ; Source ; Targets ;
+------------+------+--------+-----------+-------+-------+------------+-----------+-------------+-------+--------+-----------+------------+----------+--------+--------+---------+
; clk        ; Base ; 10.000 ; 100.0 MHz ; 0.000 ; 5.000 ;            ;           ;             ;       ;        ;           ;            ;          ;        ;        ; { clk } ;
+------------+------+--------+-----------+-------+-------+------------+-----------+-------------+-------+--------+-----------+------------+----------+--------+--------+---------+


+-------------------------------------------------+
; Slow 1200mV 85C Model Fmax Summary              ;
+-----------+-----------------+------------+------+
; Fmax      ; Restricted Fmax ; Clock Name ; Note ;
+-----------+-----------------+------------+------+
; 98.73 MHz ; 98.73 MHz       ; clk        ;      ;
+-----------+-----------------+------------+------+
This panel reports FMAX for every clock in the design, regardless of the user-specified clock periods.  FMAX is only computed for paths where the source and destination registers or ports are driven by the same clock.  Paths of different clocks, including generated clocks, are ignored.  For paths between a clock and its inversion, FMAX is computed as if the rising and falling edges are scaled along with FMAX, such that the duty cycle (in terms of a percentage) is maintained. Altera recommends that you always use clock constraints and other slack reports for sign-off analysis.


----------------------------------
; Timing Closure Recommendations ;
----------------------------------
HTML report is unavailable in plain text report export.


+-------------------------------------+
; Slow 1200mV 85C Model Setup Summary ;
+-------+--------+--------------------+
; Clock ; Slack  ; End Point TNS      ;
+-------+--------+--------------------+
; clk   ; -0.129 ; -0.129             ;
+-------+--------+--------------------+


+------------------------------------+
; Slow 1200mV 85C Model Hold Summary ;
+-------+-------+--------------------+
; Clock ; Slack ; End Point TNS      ;
+-------+-------+--------------------+
; clk   ; 0.372 ; 0.000              ;
+-------+-------+--------------------+


+----------------------------------------+
; Slow 1200mV 85C Model Recovery Summary ;
+-------+-------+------------------------+
; Clock ; Slack ; End Point TNS          ;
+-------+-------+------------------------+
; clk   ; 7.324 ; 0.000                  ;
+-------+-------+------------------------+


+---------------------------------------+
; Slow 1200mV 85C Model Removal Summary ;
+-------+-------+-----------------------+
; Clock ; Slack ; End Point TNS         ;
+-------+-------+-----------------------+
; clk   ; 1.787 ; 0.000                 ;
+-------+-------+-----------------------+


+---------------------------------------------------+
; Slow 1200mV 85C Model Minimum Pulse Width Summary ;
+-------+-------+-----------------------------------+
; Clock ; Slack ; End Point TNS                     ;
+-------+-------+-----------------------------------+
; clk   ; 4.659 ; 0.000                             ;
+-------+-------+-----------------------------------+


+-------------------------------------------------------------------------------------------------------------------------------------------------------------------+
; Slow 1200mV 85C Model Setup: 'clk'                                                                                                                                ;
+--------+----------------------------------------------+-------------------------------------+--------------+-------------+--------------+------------+------------+
; Slack  ; From Node                                    ; To Node                             ; Launch Clock ; Latch Clock ; Relationship ; Clock Skew ; Data Delay ;
+--------+----------------------------------------------+-------------------------------------+--------------+-------------+--------------+------------+------------+
; -0.129 ; packer_ppa_boundary:u_boundary|sf_q[9]       ; posit_pack:u_packer|g_trunc.d_q[25] ; clk          ; clk         ; 10.000       ; -0.084     ; 10.040     ;
; 0.021  ; packer_ppa_boundary:u_boundary|sf_q[9]       ; posit_pack:u_packer|g_trunc.d_q[30] ; clk          ; clk         ; 10.000       ; 0.264      ; 10.238     ;
; 0.155  ; packer_ppa_boundary:u_boundary|sf_q[5]       ; posit_pack:u_packer|g_trunc.d_q[25] ; clk          ; clk         ; 10.000       ; -0.087     ; 9.753      ;
; 0.247  ; packer_ppa_boundary:u_boundary|sf_q[4]       ; posit_pack:u_packer|g_trunc.d_q[25] ; clk          ; clk         ; 10.000       ; -0.087     ; 9.661      ;
; 0.269  ; packer_ppa_boundary:u_boundary|sf_q[3]       ; posit_pack:u_packer|g_trunc.d_q[25] ; clk          ; clk         ; 10.000       ; -0.085     ; 9.641      ;
; 0.272  ; packer_ppa_boundary:u_boundary|sf_q[0]       ; posit_pack:u_packer|g_trunc.d_q[25] ; clk          ; clk         ; 10.000       ; -0.084     ; 9.639      ;
; 0.305  ; packer_ppa_boundary:u_boundary|sf_q[5]       ; posit_pack:u_packer|g_trunc.d_q[30] ; clk          ; clk         ; 10.000       ; 0.261      ; 9.951      ;
; 0.340  ; packer_ppa_boundary:u_boundary|sf_q[9]       ; posit_pack:u_packer|g_trunc.d_q[29] ; clk          ; clk         ; 10.000       ; 0.304      ; 9.959      ;
; 0.348  ; packer_ppa_boundary:u_boundary|sf_q[2]       ; posit_pack:u_packer|g_trunc.d_q[25] ; clk          ; clk         ; 10.000       ; -0.084     ; 9.563      ;
; 0.354  ; packer_ppa_boundary:u_boundary|frac_q[45]    ; posit_pack:u_packer|g_trunc.d_q[25] ; clk          ; clk         ; 10.000       ; -0.087     ; 9.554      ;
; 0.368  ; packer_ppa_boundary:u_boundary|frac_q[46]    ; posit_pack:u_packer|g_trunc.d_q[25] ; clk          ; clk         ; 10.000       ; -0.085     ; 9.542      ;
; 0.368  ; packer_ppa_boundary:u_boundary|sf_q[0]       ; posit_pack:u_packer|g_trunc.d_q[30] ; clk          ; clk         ; 10.000       ; 0.264      ; 9.891      ;
; 0.372  ; packer_ppa_boundary:u_boundary|frac_q[33]    ; posit_pack:u_packer|g_trunc.d_q[25] ; clk          ; clk         ; 10.000       ; -0.059     ; 9.564      ;
; 0.376  ; packer_ppa_boundary:u_boundary|frac_q[33]    ; posit_pack:u_packer|g_trunc.d_q[30] ; clk          ; clk         ; 10.000       ; 0.289      ; 9.908      ;
; 0.376  ; packer_ppa_boundary:u_boundary|frac_q[34]    ; posit_pack:u_packer|g_trunc.d_q[25] ; clk          ; clk         ; 10.000       ; -0.059     ; 9.560      ;
; 0.377  ; packer_ppa_boundary:u_boundary|sf_q[3]       ; posit_pack:u_packer|g_trunc.d_q[30] ; clk          ; clk         ; 10.000       ; 0.263      ; 9.881      ;
; 0.380  ; packer_ppa_boundary:u_boundary|frac_q[34]    ; posit_pack:u_packer|g_trunc.d_q[30] ; clk          ; clk         ; 10.000       ; 0.289      ; 9.904      ;
; 0.391  ; packer_ppa_boundary:u_boundary|sf_q[9]       ; posit_pack:u_packer|g_trunc.d_q[27] ; clk          ; clk         ; 10.000       ; 0.280      ; 9.884      ;
; 0.397  ; packer_ppa_boundary:u_boundary|sf_q[4]       ; posit_pack:u_packer|g_trunc.d_q[30] ; clk          ; clk         ; 10.000       ; 0.261      ; 9.859      ;
; 0.413  ; packer_ppa_boundary:u_boundary|frac_q[48]    ; posit_pack:u_packer|g_trunc.d_q[25] ; clk          ; clk         ; 10.000       ; -0.084     ; 9.498      ;
; 0.454  ; packer_ppa_boundary:u_boundary|frac_q[45]    ; posit_pack:u_packer|g_trunc.d_q[30] ; clk          ; clk         ; 10.000       ; 0.261      ; 9.802      ;
; 0.478  ; packer_ppa_boundary:u_boundary|sf_q[9]       ; posit_pack:u_packer|g_trunc.d_q[23] ; clk          ; clk         ; 10.000       ; 0.280      ; 9.797      ;
; 0.483  ; packer_ppa_boundary:u_boundary|sf_q[9]       ; posit_pack:u_packer|g_trunc.d_q[19] ; clk          ; clk         ; 10.000       ; 0.270      ; 9.782      ;
; 0.485  ; packer_ppa_boundary:u_boundary|frac_q[46]    ; posit_pack:u_packer|g_trunc.d_q[30] ; clk          ; clk         ; 10.000       ; 0.263      ; 9.773      ;
; 0.487  ; packer_ppa_boundary:u_boundary|frac_q[47]    ; posit_pack:u_packer|g_trunc.d_q[25] ; clk          ; clk         ; 10.000       ; -0.084     ; 9.424      ;
; 0.493  ; packer_ppa_boundary:u_boundary|sf_q[1]       ; posit_pack:u_packer|g_trunc.d_q[25] ; clk          ; clk         ; 10.000       ; -0.084     ; 9.418      ;
; 0.498  ; packer_ppa_boundary:u_boundary|sf_q[2]       ; posit_pack:u_packer|g_trunc.d_q[30] ; clk          ; clk         ; 10.000       ; 0.264      ; 9.761      ;
; 0.512  ; packer_ppa_boundary:u_boundary|frac_q[49]    ; posit_pack:u_packer|g_trunc.d_q[25] ; clk          ; clk         ; 10.000       ; -0.084     ; 9.399      ;
; 0.531  ; packer_ppa_boundary:u_boundary|frac_q[49]    ; posit_pack:u_packer|g_trunc.d_q[30] ; clk          ; clk         ; 10.000       ; 0.264      ; 9.728      ;
; 0.533  ; packer_ppa_boundary:u_boundary|frac_q[51]    ; posit_pack:u_packer|g_trunc.d_q[25] ; clk          ; clk         ; 10.000       ; -0.084     ; 9.378      ;
; 0.538  ; packer_ppa_boundary:u_boundary|sf_q[9]       ; posit_pack:u_packer|g_trunc.d_q[15] ; clk          ; clk         ; 10.000       ; 0.304      ; 9.761      ;
; 0.539  ; packer_ppa_boundary:u_boundary|sf_q[6]       ; posit_pack:u_packer|g_trunc.d_q[25] ; clk          ; clk         ; 10.000       ; -0.087     ; 9.369      ;
; 0.563  ; packer_ppa_boundary:u_boundary|frac_q[48]    ; posit_pack:u_packer|g_trunc.d_q[30] ; clk          ; clk         ; 10.000       ; 0.264      ; 9.696      ;
; 0.574  ; packer_ppa_boundary:u_boundary|frac_q[51]    ; posit_pack:u_packer|g_trunc.d_q[30] ; clk          ; clk         ; 10.000       ; 0.264      ; 9.685      ;
; 0.588  ; packer_ppa_boundary:u_boundary|frac_q[47]    ; posit_pack:u_packer|g_trunc.d_q[30] ; clk          ; clk         ; 10.000       ; 0.264      ; 9.671      ;
; 0.594  ; packer_ppa_boundary:u_boundary|sf_q[7]       ; posit_pack:u_packer|g_trunc.d_q[25] ; clk          ; clk         ; 10.000       ; -0.087     ; 9.314      ;
; 0.595  ; packer_ppa_boundary:u_boundary|frac_q[41]    ; posit_pack:u_packer|g_trunc.d_q[25] ; clk          ; clk         ; 10.000       ; -0.085     ; 9.315      ;
; 0.613  ; packer_ppa_boundary:u_boundary|sf_q[9]       ; posit_pack:u_packer|g_trunc.d_q[26] ; clk          ; clk         ; 10.000       ; 0.305      ; 9.687      ;
; 0.616  ; packer_ppa_boundary:u_boundary|frac_q[44]    ; posit_pack:u_packer|g_trunc.d_q[25] ; clk          ; clk         ; 10.000       ; -0.085     ; 9.294      ;
; 0.619  ; packer_ppa_boundary:u_boundary|sf_q[9]       ; posit_pack:u_packer|g_trunc.d_q[21] ; clk          ; clk         ; 10.000       ; 0.280      ; 9.656      ;
; 0.624  ; packer_ppa_boundary:u_boundary|sf_q[5]       ; posit_pack:u_packer|g_trunc.d_q[29] ; clk          ; clk         ; 10.000       ; 0.301      ; 9.672      ;
; 0.634  ; packer_ppa_boundary:u_boundary|frac_q[50]    ; posit_pack:u_packer|g_trunc.d_q[25] ; clk          ; clk         ; 10.000       ; -0.084     ; 9.277      ;
; 0.635  ; packer_ppa_boundary:u_boundary|sf_q[1]       ; posit_pack:u_packer|g_trunc.d_q[30] ; clk          ; clk         ; 10.000       ; 0.264      ; 9.624      ;
; 0.675  ; packer_ppa_boundary:u_boundary|sf_q[5]       ; posit_pack:u_packer|g_trunc.d_q[27] ; clk          ; clk         ; 10.000       ; 0.277      ; 9.597      ;
; 0.680  ; packer_ppa_boundary:u_boundary|frac_q[54]    ; posit_pack:u_packer|g_trunc.d_q[25] ; clk          ; clk         ; 10.000       ; -0.084     ; 9.231      ;
; 0.689  ; packer_ppa_boundary:u_boundary|sf_q[6]       ; posit_pack:u_packer|g_trunc.d_q[30] ; clk          ; clk         ; 10.000       ; 0.261      ; 9.567      ;
; 0.693  ; packer_ppa_boundary:u_boundary|frac_q[50]    ; posit_pack:u_packer|g_trunc.d_q[30] ; clk          ; clk         ; 10.000       ; 0.264      ; 9.566      ;
; 0.695  ; packer_ppa_boundary:u_boundary|frac_q[44]    ; posit_pack:u_packer|g_trunc.d_q[30] ; clk          ; clk         ; 10.000       ; 0.263      ; 9.563      ;
; 0.697  ; packer_ppa_boundary:u_boundary|frac_q[39]    ; posit_pack:u_packer|g_trunc.d_q[25] ; clk          ; clk         ; 10.000       ; -0.059     ; 9.239      ;
; 0.716  ; packer_ppa_boundary:u_boundary|sf_q[4]       ; posit_pack:u_packer|g_trunc.d_q[29] ; clk          ; clk         ; 10.000       ; 0.301      ; 9.580      ;
; 0.732  ; packer_ppa_boundary:u_boundary|is_nar_q      ; posit_pack:u_packer|g_trunc.d_q[25] ; clk          ; clk         ; 10.000       ; -0.087     ; 9.176      ;
; 0.737  ; packer_ppa_boundary:u_boundary|frac_q[42]    ; posit_pack:u_packer|g_trunc.d_q[25] ; clk          ; clk         ; 10.000       ; -0.085     ; 9.173      ;
; 0.738  ; packer_ppa_boundary:u_boundary|sf_q[3]       ; posit_pack:u_packer|g_trunc.d_q[29] ; clk          ; clk         ; 10.000       ; 0.303      ; 9.560      ;
; 0.739  ; packer_ppa_boundary:u_boundary|sf_q[9]       ; posit_pack:u_packer|g_trunc.d_q[28] ; clk          ; clk         ; 10.000       ; 0.304      ; 9.560      ;
; 0.741  ; packer_ppa_boundary:u_boundary|sf_q[0]       ; posit_pack:u_packer|g_trunc.d_q[29] ; clk          ; clk         ; 10.000       ; 0.304      ; 9.558      ;
; 0.744  ; packer_ppa_boundary:u_boundary|sf_q[7]       ; posit_pack:u_packer|g_trunc.d_q[30] ; clk          ; clk         ; 10.000       ; 0.261      ; 9.512      ;
; 0.744  ; packer_ppa_boundary:u_boundary|frac_q[54]    ; posit_pack:u_packer|g_trunc.d_q[30] ; clk          ; clk         ; 10.000       ; 0.264      ; 9.515      ;
; 0.745  ; packer_ppa_boundary:u_boundary|frac_q[41]    ; posit_pack:u_packer|g_trunc.d_q[30] ; clk          ; clk         ; 10.000       ; 0.263      ; 9.513      ;
; 0.748  ; packer_ppa_boundary:u_boundary|flags_in_q[4] ; posit_pack:u_packer|g_trunc.d_q[25] ; clk          ; clk         ; 10.000       ; -0.061     ; 9.186      ;
; 0.752  ; packer_ppa_boundary:u_boundary|frac_q[39]    ; posit_pack:u_packer|g_trunc.d_q[30] ; clk          ; clk         ; 10.000       ; 0.289      ; 9.532      ;
; 0.762  ; packer_ppa_boundary:u_boundary|sf_q[5]       ; posit_pack:u_packer|g_trunc.d_q[23] ; clk          ; clk         ; 10.000       ; 0.277      ; 9.510      ;
; 0.767  ; packer_ppa_boundary:u_boundary|sf_q[4]       ; posit_pack:u_packer|g_trunc.d_q[27] ; clk          ; clk         ; 10.000       ; 0.277      ; 9.505      ;
; 0.767  ; packer_ppa_boundary:u_boundary|sf_q[5]       ; posit_pack:u_packer|g_trunc.d_q[19] ; clk          ; clk         ; 10.000       ; 0.267      ; 9.495      ;
; 0.772  ; packer_ppa_boundary:u_boundary|sf_q[9]       ; posit_pack:u_packer|g_trunc.d_q[24] ; clk          ; clk         ; 10.000       ; 0.305      ; 9.528      ;
; 0.776  ; packer_ppa_boundary:u_boundary|frac_q[52]    ; posit_pack:u_packer|g_trunc.d_q[25] ; clk          ; clk         ; 10.000       ; -0.084     ; 9.135      ;
; 0.789  ; packer_ppa_boundary:u_boundary|sf_q[3]       ; posit_pack:u_packer|g_trunc.d_q[27] ; clk          ; clk         ; 10.000       ; 0.279      ; 9.485      ;
; 0.792  ; packer_ppa_boundary:u_boundary|sf_q[0]       ; posit_pack:u_packer|g_trunc.d_q[27] ; clk          ; clk         ; 10.000       ; 0.280      ; 9.483      ;
; 0.794  ; packer_ppa_boundary:u_boundary|frac_q[43]    ; posit_pack:u_packer|g_trunc.d_q[25] ; clk          ; clk         ; 10.000       ; -0.085     ; 9.116      ;
; 0.817  ; packer_ppa_boundary:u_boundary|sf_q[2]       ; posit_pack:u_packer|g_trunc.d_q[29] ; clk          ; clk         ; 10.000       ; 0.304      ; 9.482      ;
; 0.822  ; packer_ppa_boundary:u_boundary|sf_q[5]       ; posit_pack:u_packer|g_trunc.d_q[15] ; clk          ; clk         ; 10.000       ; 0.301      ; 9.474      ;
; 0.823  ; packer_ppa_boundary:u_boundary|frac_q[45]    ; posit_pack:u_packer|g_trunc.d_q[29] ; clk          ; clk         ; 10.000       ; 0.301      ; 9.473      ;
; 0.824  ; packer_ppa_boundary:u_boundary|frac_q[38]    ; posit_pack:u_packer|g_trunc.d_q[25] ; clk          ; clk         ; 10.000       ; -0.059     ; 9.112      ;
; 0.826  ; packer_ppa_boundary:u_boundary|frac_q[40]    ; posit_pack:u_packer|g_trunc.d_q[25] ; clk          ; clk         ; 10.000       ; -0.059     ; 9.110      ;
; 0.829  ; packer_ppa_boundary:u_boundary|frac_q[33]    ; posit_pack:u_packer|g_trunc.d_q[29] ; clk          ; clk         ; 10.000       ; 0.329      ; 9.495      ;
; 0.833  ; packer_ppa_boundary:u_boundary|frac_q[34]    ; posit_pack:u_packer|g_trunc.d_q[29] ; clk          ; clk         ; 10.000       ; 0.329      ; 9.491      ;
; 0.835  ; packer_ppa_boundary:u_boundary|frac_q[42]    ; posit_pack:u_packer|g_trunc.d_q[30] ; clk          ; clk         ; 10.000       ; 0.263      ; 9.423      ;
; 0.836  ; packer_ppa_boundary:u_boundary|sf_q[9]       ; posit_pack:u_packer|g_trunc.d_q[31] ; clk          ; clk         ; 10.000       ; 0.304      ; 9.463      ;
; 0.837  ; packer_ppa_boundary:u_boundary|frac_q[46]    ; posit_pack:u_packer|g_trunc.d_q[29] ; clk          ; clk         ; 10.000       ; 0.303      ; 9.461      ;
; 0.842  ; packer_ppa_boundary:u_boundary|frac_q[52]    ; posit_pack:u_packer|g_trunc.d_q[30] ; clk          ; clk         ; 10.000       ; 0.264      ; 9.417      ;
; 0.843  ; packer_ppa_boundary:u_boundary|frac_q[36]    ; posit_pack:u_packer|g_trunc.d_q[25] ; clk          ; clk         ; 10.000       ; -0.059     ; 9.093      ;
; 0.852  ; packer_ppa_boundary:u_boundary|frac_q[53]    ; posit_pack:u_packer|g_trunc.d_q[25] ; clk          ; clk         ; 10.000       ; -0.084     ; 9.059      ;
; 0.854  ; packer_ppa_boundary:u_boundary|sf_q[4]       ; posit_pack:u_packer|g_trunc.d_q[23] ; clk          ; clk         ; 10.000       ; 0.277      ; 9.418      ;
; 0.859  ; packer_ppa_boundary:u_boundary|sf_q[4]       ; posit_pack:u_packer|g_trunc.d_q[19] ; clk          ; clk         ; 10.000       ; 0.267      ; 9.403      ;
; 0.864  ; packer_ppa_boundary:u_boundary|sf_q[8]       ; posit_pack:u_packer|g_trunc.d_q[25] ; clk          ; clk         ; 10.000       ; -0.087     ; 9.044      ;
; 0.866  ; packer_ppa_boundary:u_boundary|sf_q[9]       ; posit_pack:u_packer|g_trunc.d_q[14] ; clk          ; clk         ; 10.000       ; -0.088     ; 9.041      ;
; 0.868  ; packer_ppa_boundary:u_boundary|sf_q[2]       ; posit_pack:u_packer|g_trunc.d_q[27] ; clk          ; clk         ; 10.000       ; 0.280      ; 9.407      ;
; 0.874  ; packer_ppa_boundary:u_boundary|frac_q[45]    ; posit_pack:u_packer|g_trunc.d_q[27] ; clk          ; clk         ; 10.000       ; 0.277      ; 9.398      ;
; 0.876  ; packer_ppa_boundary:u_boundary|sf_q[3]       ; posit_pack:u_packer|g_trunc.d_q[23] ; clk          ; clk         ; 10.000       ; 0.279      ; 9.398      ;
; 0.876  ; packer_ppa_boundary:u_boundary|frac_q[36]    ; posit_pack:u_packer|g_trunc.d_q[30] ; clk          ; clk         ; 10.000       ; 0.289      ; 9.408      ;
; 0.879  ; packer_ppa_boundary:u_boundary|sf_q[0]       ; posit_pack:u_packer|g_trunc.d_q[23] ; clk          ; clk         ; 10.000       ; 0.280      ; 9.396      ;
; 0.881  ; packer_ppa_boundary:u_boundary|sf_q[3]       ; posit_pack:u_packer|g_trunc.d_q[19] ; clk          ; clk         ; 10.000       ; 0.269      ; 9.383      ;
; 0.882  ; packer_ppa_boundary:u_boundary|frac_q[48]    ; posit_pack:u_packer|g_trunc.d_q[29] ; clk          ; clk         ; 10.000       ; 0.304      ; 9.417      ;
; 0.882  ; packer_ppa_boundary:u_boundary|is_nar_q      ; posit_pack:u_packer|g_trunc.d_q[30] ; clk          ; clk         ; 10.000       ; 0.261      ; 9.374      ;
; 0.883  ; packer_ppa_boundary:u_boundary|frac_q[33]    ; posit_pack:u_packer|g_trunc.d_q[27] ; clk          ; clk         ; 10.000       ; 0.305      ; 9.417      ;
; 0.884  ; packer_ppa_boundary:u_boundary|sf_q[0]       ; posit_pack:u_packer|g_trunc.d_q[19] ; clk          ; clk         ; 10.000       ; 0.270      ; 9.381      ;
; 0.885  ; packer_ppa_boundary:u_boundary|sf_q[9]       ; posit_pack:u_packer|g_trunc.d_q[22] ; clk          ; clk         ; 10.000       ; 0.305      ; 9.415      ;
; 0.887  ; packer_ppa_boundary:u_boundary|frac_q[34]    ; posit_pack:u_packer|g_trunc.d_q[27] ; clk          ; clk         ; 10.000       ; 0.305      ; 9.413      ;
; 0.888  ; packer_ppa_boundary:u_boundary|frac_q[46]    ; posit_pack:u_packer|g_trunc.d_q[27] ; clk          ; clk         ; 10.000       ; 0.279      ; 9.386      ;
; 0.897  ; packer_ppa_boundary:u_boundary|sf_q[5]       ; posit_pack:u_packer|g_trunc.d_q[26] ; clk          ; clk         ; 10.000       ; 0.302      ; 9.400      ;
; 0.898  ; packer_ppa_boundary:u_boundary|flags_in_q[4] ; posit_pack:u_packer|g_trunc.d_q[30] ; clk          ; clk         ; 10.000       ; 0.287      ; 9.384      ;
+--------+----------------------------------------------+-------------------------------------+--------------+-------------+--------------+------------+------------+


+------------------------------------------------------------------------------------------------------------------------------------------------------------------------+
; Slow 1200mV 85C Model Hold: 'clk'                                                                                                                                      ;
+-------+----------------------------------------------+-------------------------------------------+--------------+-------------+--------------+------------+------------+
; Slack ; From Node                                    ; To Node                                   ; Launch Clock ; Latch Clock ; Relationship ; Clock Skew ; Data Delay ;
+-------+----------------------------------------------+-------------------------------------------+--------------+-------------+--------------+------------+------------+
; 0.372 ; packer_ppa_boundary:u_boundary|flags_in_q[0] ; posit_pack:u_packer|g_trunc.flags_q[0]    ; clk          ; clk         ; 0.000        ; 0.062      ; 0.591      ;
; 0.373 ; posit_pack:u_packer|g_trunc.flags_q[3]       ; packer_ppa_boundary:u_boundary|flags[3]   ; clk          ; clk         ; 0.000        ; 0.062      ; 0.592      ;
; 0.375 ; packer_ppa_boundary:u_boundary|meta_sync1    ; packer_ppa_boundary:u_boundary|meta_sync2 ; clk          ; clk         ; 0.000        ; 0.062      ; 0.594      ;
; 0.375 ; posit_pack:u_packer|g_trunc.flags_q[2]       ; packer_ppa_boundary:u_boundary|flags[2]   ; clk          ; clk         ; 0.000        ; 0.062      ; 0.594      ;
; 0.375 ; posit_pack:u_packer|g_trunc.valid_q          ; packer_ppa_boundary:u_boundary|out_valid  ; clk          ; clk         ; 0.000        ; 0.062      ; 0.594      ;
; 0.494 ; packer_ppa_boundary:u_boundary|flags_in_q[1] ; posit_pack:u_packer|g_trunc.flags_q[1]    ; clk          ; clk         ; 0.000        ; 0.062      ; 0.713      ;
; 0.517 ; posit_pack:u_packer|g_trunc.flags_q[1]       ; packer_ppa_boundary:u_boundary|flags[1]   ; clk          ; clk         ; 0.000        ; 0.062      ; 0.736      ;
; 0.518 ; posit_pack:u_packer|g_trunc.d_q[0]           ; packer_ppa_boundary:u_boundary|d[0]       ; clk          ; clk         ; 0.000        ; 0.061      ; 0.736      ;
; 0.540 ; posit_pack:u_packer|g_trunc.flags_q[0]       ; packer_ppa_boundary:u_boundary|flags[0]   ; clk          ; clk         ; 0.000        ; 0.061      ; 0.758      ;
; 0.552 ; packer_ppa_boundary:u_boundary|flags_in_q[2] ; posit_pack:u_packer|g_trunc.flags_q[2]    ; clk          ; clk         ; 0.000        ; 0.062      ; 0.771      ;
; 0.566 ; packer_ppa_boundary:u_boundary|flags_in_q[3] ; posit_pack:u_packer|g_trunc.flags_q[3]    ; clk          ; clk         ; 0.000        ; 0.062      ; 0.785      ;
; 0.602 ; packer_ppa_boundary:u_boundary|flags_in_q[4] ; posit_pack:u_packer|g_trunc.d_q[3]        ; clk          ; clk         ; 0.000        ; 0.061      ; 0.820      ;
; 0.602 ; packer_ppa_boundary:u_boundary|flags_in_q[4] ; posit_pack:u_packer|g_trunc.d_q[25]       ; clk          ; clk         ; 0.000        ; 0.061      ; 0.820      ;
; 0.604 ; packer_ppa_boundary:u_boundary|flags_in_q[4] ; posit_pack:u_packer|g_trunc.d_q[5]        ; clk          ; clk         ; 0.000        ; 0.061      ; 0.822      ;
; 0.606 ; packer_ppa_boundary:u_boundary|flags_in_q[4] ; posit_pack:u_packer|g_trunc.d_q[1]        ; clk          ; clk         ; 0.000        ; 0.061      ; 0.824      ;
; 0.642 ; packer_ppa_boundary:u_boundary|flags_in_q[4] ; posit_pack:u_packer|g_trunc.d_q[7]        ; clk          ; clk         ; 0.000        ; 0.061      ; 0.860      ;
; 0.726 ; posit_pack:u_packer|g_trunc.d_q[6]           ; packer_ppa_boundary:u_boundary|d[6]       ; clk          ; clk         ; 0.000        ; -0.290     ; 0.593      ;
; 0.759 ; posit_pack:u_packer|g_trunc.d_q[14]          ; packer_ppa_boundary:u_boundary|d[14]      ; clk          ; clk         ; 0.000        ; 0.059      ; 0.975      ;
; 0.784 ; packer_ppa_boundary:u_boundary|sign_q        ; posit_pack:u_packer|g_trunc.d_q[31]       ; clk          ; clk         ; 0.000        ; 0.469      ; 1.410      ;
; 0.800 ; posit_pack:u_packer|g_trunc.d_q[7]           ; packer_ppa_boundary:u_boundary|d[7]       ; clk          ; clk         ; 0.000        ; 0.066      ; 1.023      ;
; 0.809 ; posit_pack:u_packer|g_trunc.d_q[1]           ; packer_ppa_boundary:u_boundary|d[1]       ; clk          ; clk         ; 0.000        ; 0.066      ; 1.032      ;
; 0.866 ; posit_pack:u_packer|g_trunc.d_q[8]           ; packer_ppa_boundary:u_boundary|d[8]       ; clk          ; clk         ; 0.000        ; -0.290     ; 0.733      ;
; 0.869 ; posit_pack:u_packer|g_trunc.d_q[30]          ; packer_ppa_boundary:u_boundary|d[30]      ; clk          ; clk         ; 0.000        ; -0.290     ; 0.736      ;
; 0.889 ; posit_pack:u_packer|g_trunc.d_q[4]           ; packer_ppa_boundary:u_boundary|d[4]       ; clk          ; clk         ; 0.000        ; -0.290     ; 0.756      ;
; 0.912 ; posit_pack:u_packer|g_trunc.d_q[5]           ; packer_ppa_boundary:u_boundary|d[5]       ; clk          ; clk         ; 0.000        ; 0.066      ; 1.135      ;
; 0.947 ; posit_pack:u_packer|g_trunc.d_q[3]           ; packer_ppa_boundary:u_boundary|d[3]       ; clk          ; clk         ; 0.000        ; 0.066      ; 1.170      ;
; 0.979 ; posit_pack:u_packer|g_trunc.flags_q[4]       ; packer_ppa_boundary:u_boundary|flags[4]   ; clk          ; clk         ; 0.000        ; 0.055      ; 1.191      ;
; 1.021 ; posit_pack:u_packer|g_trunc.d_q[25]          ; packer_ppa_boundary:u_boundary|d[25]      ; clk          ; clk         ; 0.000        ; 0.066      ; 1.244      ;
; 1.024 ; posit_pack:u_packer|g_trunc.d_q[23]          ; packer_ppa_boundary:u_boundary|d[23]      ; clk          ; clk         ; 0.000        ; -0.289     ; 0.892      ;
; 1.031 ; posit_pack:u_packer|g_trunc.d_q[17]          ; packer_ppa_boundary:u_boundary|d[17]      ; clk          ; clk         ; 0.000        ; -0.313     ; 0.875      ;
; 1.070 ; posit_pack:u_packer|g_trunc.d_q[16]          ; packer_ppa_boundary:u_boundary|d[16]      ; clk          ; clk         ; 0.000        ; -0.323     ; 0.904      ;
; 1.074 ; posit_pack:u_packer|g_trunc.d_q[24]          ; packer_ppa_boundary:u_boundary|d[24]      ; clk          ; clk         ; 0.000        ; -0.300     ; 0.931      ;
; 1.084 ; packer_ppa_boundary:u_boundary|is_nar_q      ; posit_pack:u_packer|g_trunc.d_q[29]       ; clk          ; clk         ; 0.000        ; 0.473      ; 1.714      ;
; 1.087 ; packer_ppa_boundary:u_boundary|is_zero_q     ; posit_pack:u_packer|g_trunc.d_q[29]       ; clk          ; clk         ; 0.000        ; 0.097      ; 1.341      ;
; 1.121 ; posit_pack:u_packer|g_trunc.d_q[9]           ; packer_ppa_boundary:u_boundary|d[9]       ; clk          ; clk         ; 0.000        ; -0.298     ; 0.980      ;
; 1.166 ; posit_pack:u_packer|g_trunc.d_q[31]          ; packer_ppa_boundary:u_boundary|d[31]      ; clk          ; clk         ; 0.000        ; -0.323     ; 1.000      ;
; 1.171 ; posit_pack:u_packer|g_trunc.d_q[18]          ; packer_ppa_boundary:u_boundary|d[18]      ; clk          ; clk         ; 0.000        ; -0.322     ; 1.006      ;
; 1.174 ; packer_ppa_boundary:u_boundary|is_nar_q      ; posit_pack:u_packer|g_trunc.d_q[11]       ; clk          ; clk         ; 0.000        ; 0.438      ; 1.769      ;
; 1.175 ; packer_ppa_boundary:u_boundary|is_nar_q      ; posit_pack:u_packer|g_trunc.d_q[10]       ; clk          ; clk         ; 0.000        ; 0.438      ; 1.770      ;
; 1.175 ; packer_ppa_boundary:u_boundary|is_nar_q      ; posit_pack:u_packer|g_trunc.d_q[12]       ; clk          ; clk         ; 0.000        ; 0.438      ; 1.770      ;
; 1.179 ; posit_pack:u_packer|g_trunc.d_q[29]          ; packer_ppa_boundary:u_boundary|d[29]      ; clk          ; clk         ; 0.000        ; -0.322     ; 1.014      ;
; 1.180 ; packer_ppa_boundary:u_boundary|is_nar_q      ; posit_pack:u_packer|g_trunc.d_q[13]       ; clk          ; clk         ; 0.000        ; 0.438      ; 1.775      ;
; 1.180 ; packer_ppa_boundary:u_boundary|is_nar_q      ; posit_pack:u_packer|g_trunc.d_q[19]       ; clk          ; clk         ; 0.000        ; 0.438      ; 1.775      ;
; 1.209 ; packer_ppa_boundary:u_boundary|flags_in_q[4] ; posit_pack:u_packer|g_trunc.d_q[15]       ; clk          ; clk         ; 0.000        ; 0.466      ; 1.832      ;
; 1.210 ; packer_ppa_boundary:u_boundary|flags_in_q[4] ; posit_pack:u_packer|g_trunc.d_q[28]       ; clk          ; clk         ; 0.000        ; 0.466      ; 1.833      ;
; 1.211 ; packer_ppa_boundary:u_boundary|flags_in_q[4] ; posit_pack:u_packer|g_trunc.d_q[18]       ; clk          ; clk         ; 0.000        ; 0.466      ; 1.834      ;
; 1.213 ; packer_ppa_boundary:u_boundary|flags_in_q[4] ; posit_pack:u_packer|g_trunc.d_q[17]       ; clk          ; clk         ; 0.000        ; 0.466      ; 1.836      ;
; 1.214 ; packer_ppa_boundary:u_boundary|flags_in_q[4] ; posit_pack:u_packer|g_trunc.d_q[16]       ; clk          ; clk         ; 0.000        ; 0.466      ; 1.837      ;
; 1.274 ; packer_ppa_boundary:u_boundary|is_zero_q     ; posit_pack:u_packer|g_trunc.d_q[26]       ; clk          ; clk         ; 0.000        ; 0.097      ; 1.528      ;
; 1.275 ; packer_ppa_boundary:u_boundary|is_zero_q     ; posit_pack:u_packer|g_trunc.d_q[20]       ; clk          ; clk         ; 0.000        ; 0.097      ; 1.529      ;
; 1.275 ; packer_ppa_boundary:u_boundary|is_zero_q     ; posit_pack:u_packer|g_trunc.d_q[24]       ; clk          ; clk         ; 0.000        ; 0.097      ; 1.529      ;
; 1.276 ; packer_ppa_boundary:u_boundary|is_zero_q     ; posit_pack:u_packer|g_trunc.d_q[22]       ; clk          ; clk         ; 0.000        ; 0.097      ; 1.530      ;
; 1.276 ; posit_pack:u_packer|g_trunc.d_q[21]          ; packer_ppa_boundary:u_boundary|d[21]      ; clk          ; clk         ; 0.000        ; -0.276     ; 1.157      ;
; 1.302 ; packer_ppa_boundary:u_boundary|is_nar_q      ; posit_pack:u_packer|g_trunc.d_q[2]        ; clk          ; clk         ; 0.000        ; 0.447      ; 1.906      ;
; 1.303 ; packer_ppa_boundary:u_boundary|is_nar_q      ; posit_pack:u_packer|g_trunc.d_q[9]        ; clk          ; clk         ; 0.000        ; 0.447      ; 1.907      ;
; 1.303 ; packer_ppa_boundary:u_boundary|is_nar_q      ; posit_pack:u_packer|g_trunc.d_q[21]       ; clk          ; clk         ; 0.000        ; 0.447      ; 1.907      ;
; 1.303 ; packer_ppa_boundary:u_boundary|is_nar_q      ; posit_pack:u_packer|g_trunc.d_q[23]       ; clk          ; clk         ; 0.000        ; 0.447      ; 1.907      ;
; 1.304 ; packer_ppa_boundary:u_boundary|is_nar_q      ; posit_pack:u_packer|g_trunc.d_q[27]       ; clk          ; clk         ; 0.000        ; 0.447      ; 1.908      ;
; 1.306 ; packer_ppa_boundary:u_boundary|is_zero_q     ; posit_pack:u_packer|g_trunc.d_q[17]       ; clk          ; clk         ; 0.000        ; 0.097      ; 1.560      ;
; 1.306 ; packer_ppa_boundary:u_boundary|is_zero_q     ; posit_pack:u_packer|g_trunc.d_q[18]       ; clk          ; clk         ; 0.000        ; 0.097      ; 1.560      ;
; 1.307 ; packer_ppa_boundary:u_boundary|is_zero_q     ; posit_pack:u_packer|g_trunc.d_q[4]        ; clk          ; clk         ; 0.000        ; 0.055      ; 1.519      ;
; 1.307 ; packer_ppa_boundary:u_boundary|is_zero_q     ; posit_pack:u_packer|g_trunc.d_q[6]        ; clk          ; clk         ; 0.000        ; 0.055      ; 1.519      ;
; 1.307 ; packer_ppa_boundary:u_boundary|is_zero_q     ; posit_pack:u_packer|g_trunc.d_q[8]        ; clk          ; clk         ; 0.000        ; 0.055      ; 1.519      ;
; 1.307 ; packer_ppa_boundary:u_boundary|is_zero_q     ; posit_pack:u_packer|g_trunc.d_q[16]       ; clk          ; clk         ; 0.000        ; 0.097      ; 1.561      ;
; 1.307 ; packer_ppa_boundary:u_boundary|is_zero_q     ; posit_pack:u_packer|g_trunc.d_q[30]       ; clk          ; clk         ; 0.000        ; 0.055      ; 1.519      ;
; 1.309 ; packer_ppa_boundary:u_boundary|is_zero_q     ; posit_pack:u_packer|g_trunc.d_q[15]       ; clk          ; clk         ; 0.000        ; 0.097      ; 1.563      ;
; 1.309 ; packer_ppa_boundary:u_boundary|is_zero_q     ; posit_pack:u_packer|g_trunc.d_q[28]       ; clk          ; clk         ; 0.000        ; 0.097      ; 1.563      ;
; 1.320 ; posit_pack:u_packer|g_trunc.d_q[11]          ; packer_ppa_boundary:u_boundary|d[11]      ; clk          ; clk         ; 0.000        ; -0.295     ; 1.182      ;
; 1.321 ; posit_pack:u_packer|g_trunc.d_q[22]          ; packer_ppa_boundary:u_boundary|d[22]      ; clk          ; clk         ; 0.000        ; -0.317     ; 1.161      ;
; 1.333 ; posit_pack:u_packer|g_trunc.d_q[28]          ; packer_ppa_boundary:u_boundary|d[28]      ; clk          ; clk         ; 0.000        ; -0.318     ; 1.172      ;
; 1.367 ; posit_pack:u_packer|g_trunc.d_q[10]          ; packer_ppa_boundary:u_boundary|d[10]      ; clk          ; clk         ; 0.000        ; -0.295     ; 1.229      ;
; 1.368 ; packer_ppa_boundary:u_boundary|sign_q        ; posit_pack:u_packer|g_trunc.d_q[0]        ; clk          ; clk         ; 0.000        ; 0.068      ; 1.593      ;
; 1.373 ; packer_ppa_boundary:u_boundary|sticky_q      ; posit_pack:u_packer|g_trunc.flags_q[3]    ; clk          ; clk         ; 0.000        ; 0.063      ; 1.593      ;
; 1.376 ; posit_pack:u_packer|g_trunc.d_q[26]          ; packer_ppa_boundary:u_boundary|d[26]      ; clk          ; clk         ; 0.000        ; -0.319     ; 1.214      ;
; 1.385 ; posit_pack:u_packer|g_trunc.d_q[15]          ; packer_ppa_boundary:u_boundary|d[15]      ; clk          ; clk         ; 0.000        ; -0.323     ; 1.219      ;
; 1.389 ; packer_ppa_boundary:u_boundary|flags_in_q[4] ; posit_pack:u_packer|g_trunc.d_q[13]       ; clk          ; clk         ; 0.000        ; 0.431      ; 1.977      ;
; 1.391 ; packer_ppa_boundary:u_boundary|flags_in_q[4] ; posit_pack:u_packer|g_trunc.d_q[10]       ; clk          ; clk         ; 0.000        ; 0.431      ; 1.979      ;
; 1.391 ; posit_pack:u_packer|g_trunc.d_q[13]          ; packer_ppa_boundary:u_boundary|d[13]      ; clk          ; clk         ; 0.000        ; -0.282     ; 1.266      ;
; 1.391 ; packer_ppa_boundary:u_boundary|flags_in_q[4] ; posit_pack:u_packer|g_trunc.d_q[19]       ; clk          ; clk         ; 0.000        ; 0.431      ; 1.979      ;
; 1.393 ; packer_ppa_boundary:u_boundary|flags_in_q[4] ; posit_pack:u_packer|g_trunc.d_q[11]       ; clk          ; clk         ; 0.000        ; 0.431      ; 1.981      ;
; 1.395 ; packer_ppa_boundary:u_boundary|flags_in_q[4] ; posit_pack:u_packer|g_trunc.d_q[12]       ; clk          ; clk         ; 0.000        ; 0.431      ; 1.983      ;
; 1.402 ; packer_ppa_boundary:u_boundary|frac_q[3]     ; posit_pack:u_packer|g_trunc.flags_q[3]    ; clk          ; clk         ; 0.000        ; 0.063      ; 1.622      ;
; 1.412 ; packer_ppa_boundary:u_boundary|is_zero_q     ; posit_pack:u_packer|g_trunc.flags_q[2]    ; clk          ; clk         ; 0.000        ; -0.310     ; 1.259      ;
; 1.414 ; posit_pack:u_packer|g_trunc.d_q[19]          ; packer_ppa_boundary:u_boundary|d[19]      ; clk          ; clk         ; 0.000        ; -0.296     ; 1.275      ;
; 1.424 ; packer_ppa_boundary:u_boundary|is_zero_q     ; posit_pack:u_packer|g_trunc.d_q[12]       ; clk          ; clk         ; 0.000        ; 0.062      ; 1.643      ;
; 1.427 ; packer_ppa_boundary:u_boundary|is_zero_q     ; posit_pack:u_packer|g_trunc.d_q[11]       ; clk          ; clk         ; 0.000        ; 0.062      ; 1.646      ;
; 1.429 ; packer_ppa_boundary:u_boundary|is_zero_q     ; posit_pack:u_packer|g_trunc.d_q[10]       ; clk          ; clk         ; 0.000        ; 0.062      ; 1.648      ;
; 1.430 ; packer_ppa_boundary:u_boundary|is_zero_q     ; posit_pack:u_packer|g_trunc.d_q[19]       ; clk          ; clk         ; 0.000        ; 0.062      ; 1.649      ;
; 1.431 ; packer_ppa_boundary:u_boundary|is_zero_q     ; posit_pack:u_packer|g_trunc.d_q[13]       ; clk          ; clk         ; 0.000        ; 0.062      ; 1.650      ;
; 1.432 ; posit_pack:u_packer|g_trunc.d_q[2]           ; packer_ppa_boundary:u_boundary|d[2]       ; clk          ; clk         ; 0.000        ; -0.302     ; 1.287      ;
; 1.439 ; packer_ppa_boundary:u_boundary|is_nar_q      ; posit_pack:u_packer|g_trunc.flags_q[3]    ; clk          ; clk         ; 0.000        ; 0.066      ; 1.662      ;
; 1.439 ; posit_pack:u_packer|g_trunc.d_q[12]          ; packer_ppa_boundary:u_boundary|d[12]      ; clk          ; clk         ; 0.000        ; -0.295     ; 1.301      ;
; 1.439 ; posit_pack:u_packer|g_trunc.d_q[27]          ; packer_ppa_boundary:u_boundary|d[27]      ; clk          ; clk         ; 0.000        ; -0.276     ; 1.320      ;
; 1.460 ; packer_ppa_boundary:u_boundary|is_zero_q     ; posit_pack:u_packer|g_trunc.d_q[5]        ; clk          ; clk         ; 0.000        ; -0.308     ; 1.309      ;
; 1.461 ; packer_ppa_boundary:u_boundary|is_zero_q     ; posit_pack:u_packer|g_trunc.d_q[1]        ; clk          ; clk         ; 0.000        ; -0.308     ; 1.310      ;
; 1.463 ; packer_ppa_boundary:u_boundary|is_zero_q     ; posit_pack:u_packer|g_trunc.d_q[3]        ; clk          ; clk         ; 0.000        ; -0.308     ; 1.312      ;
; 1.463 ; packer_ppa_boundary:u_boundary|is_zero_q     ; posit_pack:u_packer|g_trunc.d_q[25]       ; clk          ; clk         ; 0.000        ; -0.308     ; 1.312      ;
; 1.480 ; packer_ppa_boundary:u_boundary|frac_q[7]     ; posit_pack:u_packer|g_trunc.flags_q[3]    ; clk          ; clk         ; 0.000        ; 0.062      ; 1.699      ;
; 1.481 ; posit_pack:u_packer|g_trunc.d_q[20]          ; packer_ppa_boundary:u_boundary|d[20]      ; clk          ; clk         ; 0.000        ; -0.327     ; 1.311      ;
; 1.484 ; packer_ppa_boundary:u_boundary|is_nar_q      ; posit_pack:u_packer|g_trunc.flags_q[4]    ; clk          ; clk         ; 0.000        ; 0.066      ; 1.707      ;
+-------+----------------------------------------------+-------------------------------------------+--------------+-------------+--------------+------------+------------+


+------------------------------------------------------------------------------------------------------------------------------------------------------------------------+
; Slow 1200mV 85C Model Recovery: 'clk'                                                                                                                                  ;
+-------+-------------------------------------------+----------------------------------------------+--------------+-------------+--------------+------------+------------+
; Slack ; From Node                                 ; To Node                                      ; Launch Clock ; Latch Clock ; Relationship ; Clock Skew ; Data Delay ;
+-------+-------------------------------------------+----------------------------------------------+--------------+-------------+--------------+------------+------------+
; 7.324 ; packer_ppa_boundary:u_boundary|meta_sync2 ; packer_ppa_boundary:u_boundary|d[4]          ; clk          ; clk         ; 10.000       ; -0.094     ; 2.577      ;
; 7.324 ; packer_ppa_boundary:u_boundary|meta_sync2 ; packer_ppa_boundary:u_boundary|d[8]          ; clk          ; clk         ; 10.000       ; -0.094     ; 2.577      ;
; 7.324 ; packer_ppa_boundary:u_boundary|meta_sync2 ; posit_pack:u_packer|g_trunc.d_q[14]          ; clk          ; clk         ; 10.000       ; -0.094     ; 2.577      ;
; 7.324 ; packer_ppa_boundary:u_boundary|meta_sync2 ; packer_ppa_boundary:u_boundary|d[19]         ; clk          ; clk         ; 10.000       ; -0.094     ; 2.577      ;
; 7.324 ; packer_ppa_boundary:u_boundary|meta_sync2 ; packer_ppa_boundary:u_boundary|d[26]         ; clk          ; clk         ; 10.000       ; -0.082     ; 2.589      ;
; 7.324 ; packer_ppa_boundary:u_boundary|meta_sync2 ; packer_ppa_boundary:u_boundary|d[28]         ; clk          ; clk         ; 10.000       ; -0.082     ; 2.589      ;
; 7.324 ; packer_ppa_boundary:u_boundary|meta_sync2 ; packer_ppa_boundary:u_boundary|flags_in_q[0] ; clk          ; clk         ; 10.000       ; -0.081     ; 2.590      ;
; 7.324 ; packer_ppa_boundary:u_boundary|meta_sync2 ; posit_pack:u_packer|g_trunc.flags_q[0]       ; clk          ; clk         ; 10.000       ; -0.081     ; 2.590      ;
; 7.324 ; packer_ppa_boundary:u_boundary|meta_sync2 ; packer_ppa_boundary:u_boundary|flags[0]      ; clk          ; clk         ; 10.000       ; -0.082     ; 2.589      ;
; 7.325 ; packer_ppa_boundary:u_boundary|meta_sync2 ; packer_ppa_boundary:u_boundary|flags_in_q[4] ; clk          ; clk         ; 10.000       ; -0.090     ; 2.580      ;
; 7.325 ; packer_ppa_boundary:u_boundary|meta_sync2 ; packer_ppa_boundary:u_boundary|frac_q[36]    ; clk          ; clk         ; 10.000       ; -0.092     ; 2.578      ;
; 7.325 ; packer_ppa_boundary:u_boundary|meta_sync2 ; packer_ppa_boundary:u_boundary|frac_q[38]    ; clk          ; clk         ; 10.000       ; -0.092     ; 2.578      ;
; 7.325 ; packer_ppa_boundary:u_boundary|meta_sync2 ; packer_ppa_boundary:u_boundary|frac_q[37]    ; clk          ; clk         ; 10.000       ; -0.092     ; 2.578      ;
; 7.325 ; packer_ppa_boundary:u_boundary|meta_sync2 ; packer_ppa_boundary:u_boundary|frac_q[39]    ; clk          ; clk         ; 10.000       ; -0.092     ; 2.578      ;
; 7.325 ; packer_ppa_boundary:u_boundary|meta_sync2 ; packer_ppa_boundary:u_boundary|frac_q[40]    ; clk          ; clk         ; 10.000       ; -0.092     ; 2.578      ;
; 7.325 ; packer_ppa_boundary:u_boundary|meta_sync2 ; packer_ppa_boundary:u_boundary|frac_q[33]    ; clk          ; clk         ; 10.000       ; -0.092     ; 2.578      ;
; 7.325 ; packer_ppa_boundary:u_boundary|meta_sync2 ; packer_ppa_boundary:u_boundary|frac_q[35]    ; clk          ; clk         ; 10.000       ; -0.092     ; 2.578      ;
; 7.325 ; packer_ppa_boundary:u_boundary|meta_sync2 ; packer_ppa_boundary:u_boundary|frac_q[34]    ; clk          ; clk         ; 10.000       ; -0.092     ; 2.578      ;
; 7.325 ; packer_ppa_boundary:u_boundary|meta_sync2 ; posit_pack:u_packer|g_trunc.valid_q          ; clk          ; clk         ; 10.000       ; -0.062     ; 2.608      ;
; 7.325 ; packer_ppa_boundary:u_boundary|meta_sync2 ; packer_ppa_boundary:u_boundary|out_valid     ; clk          ; clk         ; 10.000       ; -0.062     ; 2.608      ;
; 7.325 ; packer_ppa_boundary:u_boundary|meta_sync2 ; posit_pack:u_packer|g_trunc.d_q[1]           ; clk          ; clk         ; 10.000       ; -0.090     ; 2.580      ;
; 7.325 ; packer_ppa_boundary:u_boundary|meta_sync2 ; posit_pack:u_packer|g_trunc.d_q[3]           ; clk          ; clk         ; 10.000       ; -0.090     ; 2.580      ;
; 7.325 ; packer_ppa_boundary:u_boundary|meta_sync2 ; posit_pack:u_packer|g_trunc.d_q[5]           ; clk          ; clk         ; 10.000       ; -0.090     ; 2.580      ;
; 7.325 ; packer_ppa_boundary:u_boundary|meta_sync2 ; packer_ppa_boundary:u_boundary|d[6]          ; clk          ; clk         ; 10.000       ; -0.093     ; 2.577      ;
; 7.325 ; packer_ppa_boundary:u_boundary|meta_sync2 ; posit_pack:u_packer|g_trunc.d_q[7]           ; clk          ; clk         ; 10.000       ; -0.090     ; 2.580      ;
; 7.325 ; packer_ppa_boundary:u_boundary|meta_sync2 ; packer_ppa_boundary:u_boundary|d[13]         ; clk          ; clk         ; 10.000       ; -0.080     ; 2.590      ;
; 7.325 ; packer_ppa_boundary:u_boundary|meta_sync2 ; packer_ppa_boundary:u_boundary|d[14]         ; clk          ; clk         ; 10.000       ; -0.096     ; 2.574      ;
; 7.325 ; packer_ppa_boundary:u_boundary|meta_sync2 ; packer_ppa_boundary:u_boundary|d[17]         ; clk          ; clk         ; 10.000       ; -0.077     ; 2.593      ;
; 7.325 ; packer_ppa_boundary:u_boundary|meta_sync2 ; packer_ppa_boundary:u_boundary|d[22]         ; clk          ; clk         ; 10.000       ; -0.080     ; 2.590      ;
; 7.325 ; packer_ppa_boundary:u_boundary|meta_sync2 ; packer_ppa_boundary:u_boundary|d[23]         ; clk          ; clk         ; 10.000       ; -0.077     ; 2.593      ;
; 7.325 ; packer_ppa_boundary:u_boundary|meta_sync2 ; posit_pack:u_packer|g_trunc.d_q[25]          ; clk          ; clk         ; 10.000       ; -0.090     ; 2.580      ;
; 7.325 ; packer_ppa_boundary:u_boundary|meta_sync2 ; packer_ppa_boundary:u_boundary|d[30]         ; clk          ; clk         ; 10.000       ; -0.093     ; 2.577      ;
; 7.326 ; packer_ppa_boundary:u_boundary|meta_sync2 ; posit_pack:u_packer|g_trunc.d_q[0]           ; clk          ; clk         ; 10.000       ; -0.086     ; 2.583      ;
; 7.326 ; packer_ppa_boundary:u_boundary|meta_sync2 ; packer_ppa_boundary:u_boundary|d[0]          ; clk          ; clk         ; 10.000       ; -0.086     ; 2.583      ;
; 7.326 ; packer_ppa_boundary:u_boundary|meta_sync2 ; packer_ppa_boundary:u_boundary|d[1]          ; clk          ; clk         ; 10.000       ; -0.086     ; 2.583      ;
; 7.326 ; packer_ppa_boundary:u_boundary|meta_sync2 ; packer_ppa_boundary:u_boundary|d[2]          ; clk          ; clk         ; 10.000       ; -0.090     ; 2.579      ;
; 7.326 ; packer_ppa_boundary:u_boundary|meta_sync2 ; packer_ppa_boundary:u_boundary|d[3]          ; clk          ; clk         ; 10.000       ; -0.086     ; 2.583      ;
; 7.326 ; packer_ppa_boundary:u_boundary|meta_sync2 ; packer_ppa_boundary:u_boundary|d[5]          ; clk          ; clk         ; 10.000       ; -0.086     ; 2.583      ;
; 7.326 ; packer_ppa_boundary:u_boundary|meta_sync2 ; packer_ppa_boundary:u_boundary|d[7]          ; clk          ; clk         ; 10.000       ; -0.086     ; 2.583      ;
; 7.326 ; packer_ppa_boundary:u_boundary|meta_sync2 ; packer_ppa_boundary:u_boundary|d[10]         ; clk          ; clk         ; 10.000       ; -0.092     ; 2.577      ;
; 7.326 ; packer_ppa_boundary:u_boundary|meta_sync2 ; packer_ppa_boundary:u_boundary|d[11]         ; clk          ; clk         ; 10.000       ; -0.092     ; 2.577      ;
; 7.326 ; packer_ppa_boundary:u_boundary|meta_sync2 ; packer_ppa_boundary:u_boundary|d[12]         ; clk          ; clk         ; 10.000       ; -0.092     ; 2.577      ;
; 7.326 ; packer_ppa_boundary:u_boundary|meta_sync2 ; packer_ppa_boundary:u_boundary|d[15]         ; clk          ; clk         ; 10.000       ; -0.087     ; 2.582      ;
; 7.326 ; packer_ppa_boundary:u_boundary|meta_sync2 ; packer_ppa_boundary:u_boundary|d[16]         ; clk          ; clk         ; 10.000       ; -0.086     ; 2.583      ;
; 7.326 ; packer_ppa_boundary:u_boundary|meta_sync2 ; packer_ppa_boundary:u_boundary|d[20]         ; clk          ; clk         ; 10.000       ; -0.089     ; 2.580      ;
; 7.326 ; packer_ppa_boundary:u_boundary|meta_sync2 ; packer_ppa_boundary:u_boundary|d[25]         ; clk          ; clk         ; 10.000       ; -0.086     ; 2.583      ;
; 7.326 ; packer_ppa_boundary:u_boundary|meta_sync2 ; packer_ppa_boundary:u_boundary|d[31]         ; clk          ; clk         ; 10.000       ; -0.086     ; 2.583      ;
; 7.327 ; packer_ppa_boundary:u_boundary|meta_sync2 ; packer_ppa_boundary:u_boundary|d[9]          ; clk          ; clk         ; 10.000       ; -0.085     ; 2.583      ;
; 7.327 ; packer_ppa_boundary:u_boundary|meta_sync2 ; packer_ppa_boundary:u_boundary|d[18]         ; clk          ; clk         ; 10.000       ; -0.085     ; 2.583      ;
; 7.327 ; packer_ppa_boundary:u_boundary|meta_sync2 ; packer_ppa_boundary:u_boundary|d[29]         ; clk          ; clk         ; 10.000       ; -0.085     ; 2.583      ;
; 7.340 ; packer_ppa_boundary:u_boundary|meta_sync2 ; packer_ppa_boundary:u_boundary|frac_q[53]    ; clk          ; clk         ; 10.000       ; -0.068     ; 2.587      ;
; 7.340 ; packer_ppa_boundary:u_boundary|meta_sync2 ; packer_ppa_boundary:u_boundary|frac_q[45]    ; clk          ; clk         ; 10.000       ; -0.065     ; 2.590      ;
; 7.340 ; packer_ppa_boundary:u_boundary|meta_sync2 ; packer_ppa_boundary:u_boundary|frac_q[47]    ; clk          ; clk         ; 10.000       ; -0.068     ; 2.587      ;
; 7.340 ; packer_ppa_boundary:u_boundary|meta_sync2 ; packer_ppa_boundary:u_boundary|frac_q[51]    ; clk          ; clk         ; 10.000       ; -0.068     ; 2.587      ;
; 7.340 ; packer_ppa_boundary:u_boundary|meta_sync2 ; packer_ppa_boundary:u_boundary|frac_q[49]    ; clk          ; clk         ; 10.000       ; -0.068     ; 2.587      ;
; 7.340 ; packer_ppa_boundary:u_boundary|meta_sync2 ; packer_ppa_boundary:u_boundary|frac_q[48]    ; clk          ; clk         ; 10.000       ; -0.068     ; 2.587      ;
; 7.340 ; packer_ppa_boundary:u_boundary|meta_sync2 ; packer_ppa_boundary:u_boundary|frac_q[21]    ; clk          ; clk         ; 10.000       ; -0.068     ; 2.587      ;
; 7.340 ; packer_ppa_boundary:u_boundary|meta_sync2 ; packer_ppa_boundary:u_boundary|flags[4]      ; clk          ; clk         ; 10.000       ; -0.068     ; 2.587      ;
; 7.341 ; packer_ppa_boundary:u_boundary|meta_sync2 ; packer_ppa_boundary:u_boundary|sf_q[9]       ; clk          ; clk         ; 10.000       ; -0.067     ; 2.587      ;
; 7.341 ; packer_ppa_boundary:u_boundary|meta_sync2 ; packer_ppa_boundary:u_boundary|sf_q[4]       ; clk          ; clk         ; 10.000       ; -0.065     ; 2.589      ;
; 7.341 ; packer_ppa_boundary:u_boundary|meta_sync2 ; packer_ppa_boundary:u_boundary|sf_q[2]       ; clk          ; clk         ; 10.000       ; -0.067     ; 2.587      ;
; 7.341 ; packer_ppa_boundary:u_boundary|meta_sync2 ; packer_ppa_boundary:u_boundary|sf_q[3]       ; clk          ; clk         ; 10.000       ; -0.067     ; 2.587      ;
; 7.341 ; packer_ppa_boundary:u_boundary|meta_sync2 ; packer_ppa_boundary:u_boundary|frac_q[52]    ; clk          ; clk         ; 10.000       ; -0.067     ; 2.587      ;
; 7.341 ; packer_ppa_boundary:u_boundary|meta_sync2 ; packer_ppa_boundary:u_boundary|frac_q[54]    ; clk          ; clk         ; 10.000       ; -0.067     ; 2.587      ;
; 7.341 ; packer_ppa_boundary:u_boundary|meta_sync2 ; packer_ppa_boundary:u_boundary|sf_q[0]       ; clk          ; clk         ; 10.000       ; -0.067     ; 2.587      ;
; 7.341 ; packer_ppa_boundary:u_boundary|meta_sync2 ; packer_ppa_boundary:u_boundary|sf_q[1]       ; clk          ; clk         ; 10.000       ; -0.067     ; 2.587      ;
; 7.341 ; packer_ppa_boundary:u_boundary|meta_sync2 ; packer_ppa_boundary:u_boundary|frac_q[46]    ; clk          ; clk         ; 10.000       ; -0.067     ; 2.587      ;
; 7.341 ; packer_ppa_boundary:u_boundary|meta_sync2 ; packer_ppa_boundary:u_boundary|frac_q[44]    ; clk          ; clk         ; 10.000       ; -0.067     ; 2.587      ;
; 7.341 ; packer_ppa_boundary:u_boundary|meta_sync2 ; packer_ppa_boundary:u_boundary|frac_q[50]    ; clk          ; clk         ; 10.000       ; -0.067     ; 2.587      ;
; 7.341 ; packer_ppa_boundary:u_boundary|meta_sync2 ; packer_ppa_boundary:u_boundary|sf_q[5]       ; clk          ; clk         ; 10.000       ; -0.065     ; 2.589      ;
; 7.341 ; packer_ppa_boundary:u_boundary|meta_sync2 ; packer_ppa_boundary:u_boundary|is_nar_q      ; clk          ; clk         ; 10.000       ; -0.065     ; 2.589      ;
; 7.341 ; packer_ppa_boundary:u_boundary|meta_sync2 ; packer_ppa_boundary:u_boundary|sf_q[6]       ; clk          ; clk         ; 10.000       ; -0.065     ; 2.589      ;
; 7.341 ; packer_ppa_boundary:u_boundary|meta_sync2 ; packer_ppa_boundary:u_boundary|sf_q[8]       ; clk          ; clk         ; 10.000       ; -0.065     ; 2.589      ;
; 7.341 ; packer_ppa_boundary:u_boundary|meta_sync2 ; packer_ppa_boundary:u_boundary|sf_q[7]       ; clk          ; clk         ; 10.000       ; -0.065     ; 2.589      ;
; 7.341 ; packer_ppa_boundary:u_boundary|meta_sync2 ; packer_ppa_boundary:u_boundary|frac_q[42]    ; clk          ; clk         ; 10.000       ; -0.067     ; 2.587      ;
; 7.341 ; packer_ppa_boundary:u_boundary|meta_sync2 ; packer_ppa_boundary:u_boundary|frac_q[41]    ; clk          ; clk         ; 10.000       ; -0.067     ; 2.587      ;
; 7.341 ; packer_ppa_boundary:u_boundary|meta_sync2 ; packer_ppa_boundary:u_boundary|frac_q[43]    ; clk          ; clk         ; 10.000       ; -0.067     ; 2.587      ;
; 7.341 ; packer_ppa_boundary:u_boundary|meta_sync2 ; packer_ppa_boundary:u_boundary|frac_q[29]    ; clk          ; clk         ; 10.000       ; -0.067     ; 2.587      ;
; 7.341 ; packer_ppa_boundary:u_boundary|meta_sync2 ; packer_ppa_boundary:u_boundary|d[21]         ; clk          ; clk         ; 10.000       ; -0.064     ; 2.590      ;
; 7.341 ; packer_ppa_boundary:u_boundary|meta_sync2 ; packer_ppa_boundary:u_boundary|d[27]         ; clk          ; clk         ; 10.000       ; -0.064     ; 2.590      ;
; 7.341 ; packer_ppa_boundary:u_boundary|meta_sync2 ; packer_ppa_boundary:u_boundary|frac_q[20]    ; clk          ; clk         ; 10.000       ; -0.067     ; 2.587      ;
; 7.342 ; packer_ppa_boundary:u_boundary|meta_sync2 ; packer_ppa_boundary:u_boundary|frac_q[32]    ; clk          ; clk         ; 10.000       ; -0.061     ; 2.592      ;
; 7.342 ; packer_ppa_boundary:u_boundary|meta_sync2 ; packer_ppa_boundary:u_boundary|frac_q[31]    ; clk          ; clk         ; 10.000       ; -0.061     ; 2.592      ;
; 7.342 ; packer_ppa_boundary:u_boundary|meta_sync2 ; packer_ppa_boundary:u_boundary|frac_q[28]    ; clk          ; clk         ; 10.000       ; -0.061     ; 2.592      ;
; 7.342 ; packer_ppa_boundary:u_boundary|meta_sync2 ; packer_ppa_boundary:u_boundary|frac_q[30]    ; clk          ; clk         ; 10.000       ; -0.061     ; 2.592      ;
; 7.342 ; packer_ppa_boundary:u_boundary|meta_sync2 ; packer_ppa_boundary:u_boundary|sign_q        ; clk          ; clk         ; 10.000       ; -0.061     ; 2.592      ;
; 7.342 ; packer_ppa_boundary:u_boundary|meta_sync2 ; packer_ppa_boundary:u_boundary|d[24]         ; clk          ; clk         ; 10.000       ; -0.063     ; 2.590      ;
; 7.342 ; packer_ppa_boundary:u_boundary|meta_sync2 ; packer_ppa_boundary:u_boundary|frac_q[25]    ; clk          ; clk         ; 10.000       ; -0.060     ; 2.593      ;
; 7.342 ; packer_ppa_boundary:u_boundary|meta_sync2 ; packer_ppa_boundary:u_boundary|frac_q[23]    ; clk          ; clk         ; 10.000       ; -0.060     ; 2.593      ;
; 7.342 ; packer_ppa_boundary:u_boundary|meta_sync2 ; packer_ppa_boundary:u_boundary|frac_q[22]    ; clk          ; clk         ; 10.000       ; -0.060     ; 2.593      ;
; 7.342 ; packer_ppa_boundary:u_boundary|meta_sync2 ; packer_ppa_boundary:u_boundary|frac_q[24]    ; clk          ; clk         ; 10.000       ; -0.060     ; 2.593      ;
; 7.342 ; packer_ppa_boundary:u_boundary|meta_sync2 ; packer_ppa_boundary:u_boundary|frac_q[26]    ; clk          ; clk         ; 10.000       ; -0.060     ; 2.593      ;
; 7.342 ; packer_ppa_boundary:u_boundary|meta_sync2 ; packer_ppa_boundary:u_boundary|frac_q[27]    ; clk          ; clk         ; 10.000       ; -0.060     ; 2.593      ;
; 7.342 ; packer_ppa_boundary:u_boundary|meta_sync2 ; packer_ppa_boundary:u_boundary|frac_q[17]    ; clk          ; clk         ; 10.000       ; -0.062     ; 2.591      ;
; 7.342 ; packer_ppa_boundary:u_boundary|meta_sync2 ; packer_ppa_boundary:u_boundary|frac_q[19]    ; clk          ; clk         ; 10.000       ; -0.061     ; 2.592      ;
; 7.342 ; packer_ppa_boundary:u_boundary|meta_sync2 ; packer_ppa_boundary:u_boundary|frac_q[16]    ; clk          ; clk         ; 10.000       ; -0.061     ; 2.592      ;
; 7.342 ; packer_ppa_boundary:u_boundary|meta_sync2 ; packer_ppa_boundary:u_boundary|frac_q[18]    ; clk          ; clk         ; 10.000       ; -0.061     ; 2.592      ;
; 7.342 ; packer_ppa_boundary:u_boundary|meta_sync2 ; packer_ppa_boundary:u_boundary|frac_q[0]     ; clk          ; clk         ; 10.000       ; -0.062     ; 2.591      ;
; 7.342 ; packer_ppa_boundary:u_boundary|meta_sync2 ; packer_ppa_boundary:u_boundary|frac_q[2]     ; clk          ; clk         ; 10.000       ; -0.062     ; 2.591      ;
; 7.342 ; packer_ppa_boundary:u_boundary|meta_sync2 ; packer_ppa_boundary:u_boundary|frac_q[3]     ; clk          ; clk         ; 10.000       ; -0.062     ; 2.591      ;
+-------+-------------------------------------------+----------------------------------------------+--------------+-------------+--------------+------------+------------+


+------------------------------------------------------------------------------------------------------------------------------------------------------------------------+
; Slow 1200mV 85C Model Removal: 'clk'                                                                                                                                   ;
+-------+-------------------------------------------+----------------------------------------------+--------------+-------------+--------------+------------+------------+
; Slack ; From Node                                 ; To Node                                      ; Launch Clock ; Latch Clock ; Relationship ; Clock Skew ; Data Delay ;
+-------+-------------------------------------------+----------------------------------------------+--------------+-------------+--------------+------------+------------+
; 1.787 ; packer_ppa_boundary:u_boundary|meta_sync2 ; posit_pack:u_packer|g_trunc.d_q[15]          ; clk          ; clk         ; 0.000        ; 0.470      ; 2.414      ;
; 1.787 ; packer_ppa_boundary:u_boundary|meta_sync2 ; posit_pack:u_packer|g_trunc.d_q[16]          ; clk          ; clk         ; 0.000        ; 0.470      ; 2.414      ;
; 1.787 ; packer_ppa_boundary:u_boundary|meta_sync2 ; posit_pack:u_packer|g_trunc.d_q[17]          ; clk          ; clk         ; 0.000        ; 0.470      ; 2.414      ;
; 1.787 ; packer_ppa_boundary:u_boundary|meta_sync2 ; posit_pack:u_packer|g_trunc.d_q[18]          ; clk          ; clk         ; 0.000        ; 0.470      ; 2.414      ;
; 1.787 ; packer_ppa_boundary:u_boundary|meta_sync2 ; posit_pack:u_packer|g_trunc.d_q[20]          ; clk          ; clk         ; 0.000        ; 0.470      ; 2.414      ;
; 1.787 ; packer_ppa_boundary:u_boundary|meta_sync2 ; posit_pack:u_packer|g_trunc.d_q[22]          ; clk          ; clk         ; 0.000        ; 0.470      ; 2.414      ;
; 1.787 ; packer_ppa_boundary:u_boundary|meta_sync2 ; posit_pack:u_packer|g_trunc.d_q[24]          ; clk          ; clk         ; 0.000        ; 0.470      ; 2.414      ;
; 1.787 ; packer_ppa_boundary:u_boundary|meta_sync2 ; posit_pack:u_packer|g_trunc.d_q[26]          ; clk          ; clk         ; 0.000        ; 0.470      ; 2.414      ;
; 1.787 ; packer_ppa_boundary:u_boundary|meta_sync2 ; posit_pack:u_packer|g_trunc.d_q[28]          ; clk          ; clk         ; 0.000        ; 0.470      ; 2.414      ;
; 1.787 ; packer_ppa_boundary:u_boundary|meta_sync2 ; posit_pack:u_packer|g_trunc.d_q[29]          ; clk          ; clk         ; 0.000        ; 0.470      ; 2.414      ;
; 1.787 ; packer_ppa_boundary:u_boundary|meta_sync2 ; posit_pack:u_packer|g_trunc.d_q[31]          ; clk          ; clk         ; 0.000        ; 0.470      ; 2.414      ;
; 1.802 ; packer_ppa_boundary:u_boundary|meta_sync2 ; packer_ppa_boundary:u_boundary|is_zero_q     ; clk          ; clk         ; 0.000        ; 0.451      ; 2.410      ;
; 1.812 ; packer_ppa_boundary:u_boundary|meta_sync2 ; posit_pack:u_packer|g_trunc.d_q[10]          ; clk          ; clk         ; 0.000        ; 0.435      ; 2.404      ;
; 1.812 ; packer_ppa_boundary:u_boundary|meta_sync2 ; posit_pack:u_packer|g_trunc.d_q[11]          ; clk          ; clk         ; 0.000        ; 0.435      ; 2.404      ;
; 1.812 ; packer_ppa_boundary:u_boundary|meta_sync2 ; posit_pack:u_packer|g_trunc.d_q[12]          ; clk          ; clk         ; 0.000        ; 0.435      ; 2.404      ;
; 1.812 ; packer_ppa_boundary:u_boundary|meta_sync2 ; posit_pack:u_packer|g_trunc.d_q[13]          ; clk          ; clk         ; 0.000        ; 0.435      ; 2.404      ;
; 1.812 ; packer_ppa_boundary:u_boundary|meta_sync2 ; posit_pack:u_packer|g_trunc.d_q[19]          ; clk          ; clk         ; 0.000        ; 0.435      ; 2.404      ;
; 1.813 ; packer_ppa_boundary:u_boundary|meta_sync2 ; posit_pack:u_packer|g_trunc.d_q[2]           ; clk          ; clk         ; 0.000        ; 0.444      ; 2.414      ;
; 1.813 ; packer_ppa_boundary:u_boundary|meta_sync2 ; posit_pack:u_packer|g_trunc.d_q[4]           ; clk          ; clk         ; 0.000        ; 0.428      ; 2.398      ;
; 1.813 ; packer_ppa_boundary:u_boundary|meta_sync2 ; posit_pack:u_packer|g_trunc.d_q[6]           ; clk          ; clk         ; 0.000        ; 0.428      ; 2.398      ;
; 1.813 ; packer_ppa_boundary:u_boundary|meta_sync2 ; posit_pack:u_packer|g_trunc.d_q[8]           ; clk          ; clk         ; 0.000        ; 0.428      ; 2.398      ;
; 1.813 ; packer_ppa_boundary:u_boundary|meta_sync2 ; posit_pack:u_packer|g_trunc.d_q[9]           ; clk          ; clk         ; 0.000        ; 0.444      ; 2.414      ;
; 1.813 ; packer_ppa_boundary:u_boundary|meta_sync2 ; posit_pack:u_packer|g_trunc.d_q[21]          ; clk          ; clk         ; 0.000        ; 0.444      ; 2.414      ;
; 1.813 ; packer_ppa_boundary:u_boundary|meta_sync2 ; posit_pack:u_packer|g_trunc.d_q[23]          ; clk          ; clk         ; 0.000        ; 0.444      ; 2.414      ;
; 1.813 ; packer_ppa_boundary:u_boundary|meta_sync2 ; posit_pack:u_packer|g_trunc.d_q[27]          ; clk          ; clk         ; 0.000        ; 0.444      ; 2.414      ;
; 1.813 ; packer_ppa_boundary:u_boundary|meta_sync2 ; posit_pack:u_packer|g_trunc.d_q[30]          ; clk          ; clk         ; 0.000        ; 0.428      ; 2.398      ;
; 2.178 ; packer_ppa_boundary:u_boundary|meta_sync2 ; posit_pack:u_packer|g_trunc.valid_q          ; clk          ; clk         ; 0.000        ; 0.094      ; 2.429      ;
; 2.178 ; packer_ppa_boundary:u_boundary|meta_sync2 ; packer_ppa_boundary:u_boundary|out_valid     ; clk          ; clk         ; 0.000        ; 0.094      ; 2.429      ;
; 2.178 ; packer_ppa_boundary:u_boundary|meta_sync2 ; packer_ppa_boundary:u_boundary|d[1]          ; clk          ; clk         ; 0.000        ; 0.070      ; 2.405      ;
; 2.178 ; packer_ppa_boundary:u_boundary|meta_sync2 ; packer_ppa_boundary:u_boundary|d[2]          ; clk          ; clk         ; 0.000        ; 0.066      ; 2.401      ;
; 2.178 ; packer_ppa_boundary:u_boundary|meta_sync2 ; packer_ppa_boundary:u_boundary|d[3]          ; clk          ; clk         ; 0.000        ; 0.070      ; 2.405      ;
; 2.178 ; packer_ppa_boundary:u_boundary|meta_sync2 ; packer_ppa_boundary:u_boundary|d[5]          ; clk          ; clk         ; 0.000        ; 0.070      ; 2.405      ;
; 2.178 ; packer_ppa_boundary:u_boundary|meta_sync2 ; packer_ppa_boundary:u_boundary|d[7]          ; clk          ; clk         ; 0.000        ; 0.070      ; 2.405      ;
; 2.178 ; packer_ppa_boundary:u_boundary|meta_sync2 ; packer_ppa_boundary:u_boundary|d[9]          ; clk          ; clk         ; 0.000        ; 0.070      ; 2.405      ;
; 2.178 ; packer_ppa_boundary:u_boundary|meta_sync2 ; packer_ppa_boundary:u_boundary|d[13]         ; clk          ; clk         ; 0.000        ; 0.076      ; 2.411      ;
; 2.178 ; packer_ppa_boundary:u_boundary|meta_sync2 ; packer_ppa_boundary:u_boundary|d[15]         ; clk          ; clk         ; 0.000        ; 0.069      ; 2.404      ;
; 2.178 ; packer_ppa_boundary:u_boundary|meta_sync2 ; packer_ppa_boundary:u_boundary|d[17]         ; clk          ; clk         ; 0.000        ; 0.079      ; 2.414      ;
; 2.178 ; packer_ppa_boundary:u_boundary|meta_sync2 ; packer_ppa_boundary:u_boundary|d[18]         ; clk          ; clk         ; 0.000        ; 0.070      ; 2.405      ;
; 2.178 ; packer_ppa_boundary:u_boundary|meta_sync2 ; packer_ppa_boundary:u_boundary|d[22]         ; clk          ; clk         ; 0.000        ; 0.076      ; 2.411      ;
; 2.178 ; packer_ppa_boundary:u_boundary|meta_sync2 ; packer_ppa_boundary:u_boundary|d[23]         ; clk          ; clk         ; 0.000        ; 0.079      ; 2.414      ;
; 2.178 ; packer_ppa_boundary:u_boundary|meta_sync2 ; packer_ppa_boundary:u_boundary|d[25]         ; clk          ; clk         ; 0.000        ; 0.070      ; 2.405      ;
; 2.178 ; packer_ppa_boundary:u_boundary|meta_sync2 ; packer_ppa_boundary:u_boundary|d[26]         ; clk          ; clk         ; 0.000        ; 0.074      ; 2.409      ;
; 2.178 ; packer_ppa_boundary:u_boundary|meta_sync2 ; packer_ppa_boundary:u_boundary|d[28]         ; clk          ; clk         ; 0.000        ; 0.074      ; 2.409      ;
; 2.178 ; packer_ppa_boundary:u_boundary|meta_sync2 ; packer_ppa_boundary:u_boundary|d[29]         ; clk          ; clk         ; 0.000        ; 0.070      ; 2.405      ;
; 2.178 ; packer_ppa_boundary:u_boundary|meta_sync2 ; packer_ppa_boundary:u_boundary|flags[0]      ; clk          ; clk         ; 0.000        ; 0.074      ; 2.409      ;
; 2.179 ; packer_ppa_boundary:u_boundary|meta_sync2 ; packer_ppa_boundary:u_boundary|flags_in_q[4] ; clk          ; clk         ; 0.000        ; 0.065      ; 2.401      ;
; 2.179 ; packer_ppa_boundary:u_boundary|meta_sync2 ; posit_pack:u_packer|g_trunc.d_q[0]           ; clk          ; clk         ; 0.000        ; 0.069      ; 2.405      ;
; 2.179 ; packer_ppa_boundary:u_boundary|meta_sync2 ; packer_ppa_boundary:u_boundary|d[0]          ; clk          ; clk         ; 0.000        ; 0.069      ; 2.405      ;
; 2.179 ; packer_ppa_boundary:u_boundary|meta_sync2 ; posit_pack:u_packer|g_trunc.d_q[1]           ; clk          ; clk         ; 0.000        ; 0.065      ; 2.401      ;
; 2.179 ; packer_ppa_boundary:u_boundary|meta_sync2 ; posit_pack:u_packer|g_trunc.d_q[3]           ; clk          ; clk         ; 0.000        ; 0.065      ; 2.401      ;
; 2.179 ; packer_ppa_boundary:u_boundary|meta_sync2 ; packer_ppa_boundary:u_boundary|d[4]          ; clk          ; clk         ; 0.000        ; 0.062      ; 2.398      ;
; 2.179 ; packer_ppa_boundary:u_boundary|meta_sync2 ; posit_pack:u_packer|g_trunc.d_q[5]           ; clk          ; clk         ; 0.000        ; 0.065      ; 2.401      ;
; 2.179 ; packer_ppa_boundary:u_boundary|meta_sync2 ; packer_ppa_boundary:u_boundary|d[6]          ; clk          ; clk         ; 0.000        ; 0.062      ; 2.398      ;
; 2.179 ; packer_ppa_boundary:u_boundary|meta_sync2 ; posit_pack:u_packer|g_trunc.d_q[7]           ; clk          ; clk         ; 0.000        ; 0.065      ; 2.401      ;
; 2.179 ; packer_ppa_boundary:u_boundary|meta_sync2 ; packer_ppa_boundary:u_boundary|d[8]          ; clk          ; clk         ; 0.000        ; 0.062      ; 2.398      ;
; 2.179 ; packer_ppa_boundary:u_boundary|meta_sync2 ; packer_ppa_boundary:u_boundary|d[10]         ; clk          ; clk         ; 0.000        ; 0.063      ; 2.399      ;
; 2.179 ; packer_ppa_boundary:u_boundary|meta_sync2 ; packer_ppa_boundary:u_boundary|d[11]         ; clk          ; clk         ; 0.000        ; 0.063      ; 2.399      ;
; 2.179 ; packer_ppa_boundary:u_boundary|meta_sync2 ; packer_ppa_boundary:u_boundary|d[12]         ; clk          ; clk         ; 0.000        ; 0.063      ; 2.399      ;
; 2.179 ; packer_ppa_boundary:u_boundary|meta_sync2 ; posit_pack:u_packer|g_trunc.d_q[14]          ; clk          ; clk         ; 0.000        ; 0.062      ; 2.398      ;
; 2.179 ; packer_ppa_boundary:u_boundary|meta_sync2 ; packer_ppa_boundary:u_boundary|d[16]         ; clk          ; clk         ; 0.000        ; 0.069      ; 2.405      ;
; 2.179 ; packer_ppa_boundary:u_boundary|meta_sync2 ; packer_ppa_boundary:u_boundary|d[19]         ; clk          ; clk         ; 0.000        ; 0.062      ; 2.398      ;
; 2.179 ; packer_ppa_boundary:u_boundary|meta_sync2 ; packer_ppa_boundary:u_boundary|d[20]         ; clk          ; clk         ; 0.000        ; 0.066      ; 2.402      ;
; 2.179 ; packer_ppa_boundary:u_boundary|meta_sync2 ; posit_pack:u_packer|g_trunc.d_q[25]          ; clk          ; clk         ; 0.000        ; 0.065      ; 2.401      ;
; 2.179 ; packer_ppa_boundary:u_boundary|meta_sync2 ; packer_ppa_boundary:u_boundary|d[30]         ; clk          ; clk         ; 0.000        ; 0.062      ; 2.398      ;
; 2.179 ; packer_ppa_boundary:u_boundary|meta_sync2 ; packer_ppa_boundary:u_boundary|d[31]         ; clk          ; clk         ; 0.000        ; 0.069      ; 2.405      ;
; 2.179 ; packer_ppa_boundary:u_boundary|meta_sync2 ; packer_ppa_boundary:u_boundary|flags_in_q[0] ; clk          ; clk         ; 0.000        ; 0.075      ; 2.411      ;
; 2.179 ; packer_ppa_boundary:u_boundary|meta_sync2 ; posit_pack:u_packer|g_trunc.flags_q[0]       ; clk          ; clk         ; 0.000        ; 0.075      ; 2.411      ;
; 2.180 ; packer_ppa_boundary:u_boundary|meta_sync2 ; packer_ppa_boundary:u_boundary|frac_q[36]    ; clk          ; clk         ; 0.000        ; 0.063      ; 2.400      ;
; 2.180 ; packer_ppa_boundary:u_boundary|meta_sync2 ; packer_ppa_boundary:u_boundary|frac_q[38]    ; clk          ; clk         ; 0.000        ; 0.063      ; 2.400      ;
; 2.180 ; packer_ppa_boundary:u_boundary|meta_sync2 ; packer_ppa_boundary:u_boundary|frac_q[37]    ; clk          ; clk         ; 0.000        ; 0.063      ; 2.400      ;
; 2.180 ; packer_ppa_boundary:u_boundary|meta_sync2 ; packer_ppa_boundary:u_boundary|frac_q[39]    ; clk          ; clk         ; 0.000        ; 0.063      ; 2.400      ;
; 2.180 ; packer_ppa_boundary:u_boundary|meta_sync2 ; packer_ppa_boundary:u_boundary|frac_q[40]    ; clk          ; clk         ; 0.000        ; 0.063      ; 2.400      ;
; 2.180 ; packer_ppa_boundary:u_boundary|meta_sync2 ; packer_ppa_boundary:u_boundary|frac_q[33]    ; clk          ; clk         ; 0.000        ; 0.063      ; 2.400      ;
; 2.180 ; packer_ppa_boundary:u_boundary|meta_sync2 ; packer_ppa_boundary:u_boundary|frac_q[35]    ; clk          ; clk         ; 0.000        ; 0.063      ; 2.400      ;
; 2.180 ; packer_ppa_boundary:u_boundary|meta_sync2 ; packer_ppa_boundary:u_boundary|frac_q[34]    ; clk          ; clk         ; 0.000        ; 0.063      ; 2.400      ;
; 2.180 ; packer_ppa_boundary:u_boundary|meta_sync2 ; packer_ppa_boundary:u_boundary|d[14]         ; clk          ; clk         ; 0.000        ; 0.059      ; 2.396      ;
; 2.193 ; packer_ppa_boundary:u_boundary|meta_sync2 ; packer_ppa_boundary:u_boundary|sign_q        ; clk          ; clk         ; 0.000        ; 0.063      ; 2.413      ;
; 2.193 ; packer_ppa_boundary:u_boundary|meta_sync2 ; packer_ppa_boundary:u_boundary|frac_q[19]    ; clk          ; clk         ; 0.000        ; 0.063      ; 2.413      ;
; 2.193 ; packer_ppa_boundary:u_boundary|meta_sync2 ; packer_ppa_boundary:u_boundary|frac_q[16]    ; clk          ; clk         ; 0.000        ; 0.063      ; 2.413      ;
; 2.193 ; packer_ppa_boundary:u_boundary|meta_sync2 ; packer_ppa_boundary:u_boundary|frac_q[18]    ; clk          ; clk         ; 0.000        ; 0.063      ; 2.413      ;
; 2.193 ; packer_ppa_boundary:u_boundary|meta_sync2 ; packer_ppa_boundary:u_boundary|frac_q[14]    ; clk          ; clk         ; 0.000        ; 0.063      ; 2.413      ;
; 2.194 ; packer_ppa_boundary:u_boundary|meta_sync2 ; packer_ppa_boundary:u_boundary|sf_q[4]       ; clk          ; clk         ; 0.000        ; 0.059      ; 2.410      ;
; 2.194 ; packer_ppa_boundary:u_boundary|meta_sync2 ; packer_ppa_boundary:u_boundary|sf_q[5]       ; clk          ; clk         ; 0.000        ; 0.059      ; 2.410      ;
; 2.194 ; packer_ppa_boundary:u_boundary|meta_sync2 ; packer_ppa_boundary:u_boundary|is_nar_q      ; clk          ; clk         ; 0.000        ; 0.059      ; 2.410      ;
; 2.194 ; packer_ppa_boundary:u_boundary|meta_sync2 ; packer_ppa_boundary:u_boundary|sf_q[6]       ; clk          ; clk         ; 0.000        ; 0.059      ; 2.410      ;
; 2.194 ; packer_ppa_boundary:u_boundary|meta_sync2 ; packer_ppa_boundary:u_boundary|sf_q[8]       ; clk          ; clk         ; 0.000        ; 0.059      ; 2.410      ;
; 2.194 ; packer_ppa_boundary:u_boundary|meta_sync2 ; packer_ppa_boundary:u_boundary|sf_q[7]       ; clk          ; clk         ; 0.000        ; 0.059      ; 2.410      ;
; 2.194 ; packer_ppa_boundary:u_boundary|meta_sync2 ; packer_ppa_boundary:u_boundary|frac_q[32]    ; clk          ; clk         ; 0.000        ; 0.063      ; 2.414      ;
; 2.194 ; packer_ppa_boundary:u_boundary|meta_sync2 ; packer_ppa_boundary:u_boundary|frac_q[31]    ; clk          ; clk         ; 0.000        ; 0.063      ; 2.414      ;
; 2.194 ; packer_ppa_boundary:u_boundary|meta_sync2 ; packer_ppa_boundary:u_boundary|frac_q[28]    ; clk          ; clk         ; 0.000        ; 0.063      ; 2.414      ;
; 2.194 ; packer_ppa_boundary:u_boundary|meta_sync2 ; packer_ppa_boundary:u_boundary|frac_q[30]    ; clk          ; clk         ; 0.000        ; 0.063      ; 2.414      ;
; 2.194 ; packer_ppa_boundary:u_boundary|meta_sync2 ; packer_ppa_boundary:u_boundary|d[24]         ; clk          ; clk         ; 0.000        ; 0.061      ; 2.412      ;
; 2.194 ; packer_ppa_boundary:u_boundary|meta_sync2 ; packer_ppa_boundary:u_boundary|frac_q[25]    ; clk          ; clk         ; 0.000        ; 0.064      ; 2.415      ;
; 2.194 ; packer_ppa_boundary:u_boundary|meta_sync2 ; packer_ppa_boundary:u_boundary|frac_q[23]    ; clk          ; clk         ; 0.000        ; 0.064      ; 2.415      ;
; 2.194 ; packer_ppa_boundary:u_boundary|meta_sync2 ; packer_ppa_boundary:u_boundary|frac_q[22]    ; clk          ; clk         ; 0.000        ; 0.064      ; 2.415      ;
; 2.194 ; packer_ppa_boundary:u_boundary|meta_sync2 ; packer_ppa_boundary:u_boundary|frac_q[24]    ; clk          ; clk         ; 0.000        ; 0.064      ; 2.415      ;
; 2.194 ; packer_ppa_boundary:u_boundary|meta_sync2 ; packer_ppa_boundary:u_boundary|frac_q[26]    ; clk          ; clk         ; 0.000        ; 0.064      ; 2.415      ;
; 2.194 ; packer_ppa_boundary:u_boundary|meta_sync2 ; packer_ppa_boundary:u_boundary|frac_q[27]    ; clk          ; clk         ; 0.000        ; 0.064      ; 2.415      ;
; 2.194 ; packer_ppa_boundary:u_boundary|meta_sync2 ; packer_ppa_boundary:u_boundary|frac_q[17]    ; clk          ; clk         ; 0.000        ; 0.062      ; 2.413      ;
; 2.194 ; packer_ppa_boundary:u_boundary|meta_sync2 ; packer_ppa_boundary:u_boundary|frac_q[0]     ; clk          ; clk         ; 0.000        ; 0.062      ; 2.413      ;
+-------+-------------------------------------------+----------------------------------------------+--------------+-------------+--------------+------------+------------+


+-----------------------------------------------------------------------------------------------------------------------------+
; Slow 1200mV 85C Model Minimum Pulse Width: 'clk'                                                                            ;
+-------+--------------+----------------+-----------------+-------+------------+----------------------------------------------+
; Slack ; Actual Width ; Required Width ; Type            ; Clock ; Clock Edge ; Target                                       ;
+-------+--------------+----------------+-----------------+-------+------------+----------------------------------------------+
; 4.659 ; 4.843        ; 0.184          ; Low Pulse Width ; clk   ; Rise       ; posit_pack:u_packer|g_trunc.d_q[21]          ;
; 4.659 ; 4.843        ; 0.184          ; Low Pulse Width ; clk   ; Rise       ; posit_pack:u_packer|g_trunc.d_q[23]          ;
; 4.659 ; 4.843        ; 0.184          ; Low Pulse Width ; clk   ; Rise       ; posit_pack:u_packer|g_trunc.d_q[27]          ;
; 4.659 ; 4.843        ; 0.184          ; Low Pulse Width ; clk   ; Rise       ; posit_pack:u_packer|g_trunc.d_q[2]           ;
; 4.659 ; 4.843        ; 0.184          ; Low Pulse Width ; clk   ; Rise       ; posit_pack:u_packer|g_trunc.d_q[9]           ;
; 4.664 ; 4.848        ; 0.184          ; Low Pulse Width ; clk   ; Rise       ; posit_pack:u_packer|g_trunc.d_q[15]          ;
; 4.664 ; 4.848        ; 0.184          ; Low Pulse Width ; clk   ; Rise       ; posit_pack:u_packer|g_trunc.d_q[16]          ;
; 4.664 ; 4.848        ; 0.184          ; Low Pulse Width ; clk   ; Rise       ; posit_pack:u_packer|g_trunc.d_q[17]          ;
; 4.664 ; 4.848        ; 0.184          ; Low Pulse Width ; clk   ; Rise       ; posit_pack:u_packer|g_trunc.d_q[18]          ;
; 4.664 ; 4.848        ; 0.184          ; Low Pulse Width ; clk   ; Rise       ; posit_pack:u_packer|g_trunc.d_q[20]          ;
; 4.664 ; 4.848        ; 0.184          ; Low Pulse Width ; clk   ; Rise       ; posit_pack:u_packer|g_trunc.d_q[22]          ;
; 4.664 ; 4.848        ; 0.184          ; Low Pulse Width ; clk   ; Rise       ; posit_pack:u_packer|g_trunc.d_q[24]          ;
; 4.664 ; 4.848        ; 0.184          ; Low Pulse Width ; clk   ; Rise       ; posit_pack:u_packer|g_trunc.d_q[26]          ;
; 4.664 ; 4.848        ; 0.184          ; Low Pulse Width ; clk   ; Rise       ; posit_pack:u_packer|g_trunc.d_q[28]          ;
; 4.664 ; 4.848        ; 0.184          ; Low Pulse Width ; clk   ; Rise       ; posit_pack:u_packer|g_trunc.d_q[29]          ;
; 4.664 ; 4.848        ; 0.184          ; Low Pulse Width ; clk   ; Rise       ; posit_pack:u_packer|g_trunc.d_q[31]          ;
; 4.669 ; 4.853        ; 0.184          ; Low Pulse Width ; clk   ; Rise       ; packer_ppa_boundary:u_boundary|is_zero_q     ;
; 4.670 ; 4.854        ; 0.184          ; Low Pulse Width ; clk   ; Rise       ; posit_pack:u_packer|g_trunc.d_q[10]          ;
; 4.670 ; 4.854        ; 0.184          ; Low Pulse Width ; clk   ; Rise       ; posit_pack:u_packer|g_trunc.d_q[11]          ;
; 4.670 ; 4.854        ; 0.184          ; Low Pulse Width ; clk   ; Rise       ; posit_pack:u_packer|g_trunc.d_q[12]          ;
; 4.670 ; 4.854        ; 0.184          ; Low Pulse Width ; clk   ; Rise       ; posit_pack:u_packer|g_trunc.d_q[13]          ;
; 4.670 ; 4.854        ; 0.184          ; Low Pulse Width ; clk   ; Rise       ; posit_pack:u_packer|g_trunc.d_q[19]          ;
; 4.671 ; 4.855        ; 0.184          ; Low Pulse Width ; clk   ; Rise       ; posit_pack:u_packer|g_trunc.d_q[30]          ;
; 4.671 ; 4.855        ; 0.184          ; Low Pulse Width ; clk   ; Rise       ; posit_pack:u_packer|g_trunc.d_q[4]           ;
; 4.671 ; 4.855        ; 0.184          ; Low Pulse Width ; clk   ; Rise       ; posit_pack:u_packer|g_trunc.d_q[6]           ;
; 4.671 ; 4.855        ; 0.184          ; Low Pulse Width ; clk   ; Rise       ; posit_pack:u_packer|g_trunc.d_q[8]           ;
; 4.676 ; 4.860        ; 0.184          ; Low Pulse Width ; clk   ; Rise       ; packer_ppa_boundary:u_boundary|d[13]         ;
; 4.676 ; 4.860        ; 0.184          ; Low Pulse Width ; clk   ; Rise       ; packer_ppa_boundary:u_boundary|d[17]         ;
; 4.676 ; 4.860        ; 0.184          ; Low Pulse Width ; clk   ; Rise       ; packer_ppa_boundary:u_boundary|d[22]         ;
; 4.676 ; 4.860        ; 0.184          ; Low Pulse Width ; clk   ; Rise       ; packer_ppa_boundary:u_boundary|d[23]         ;
; 4.676 ; 4.860        ; 0.184          ; Low Pulse Width ; clk   ; Rise       ; packer_ppa_boundary:u_boundary|d[26]         ;
; 4.676 ; 4.860        ; 0.184          ; Low Pulse Width ; clk   ; Rise       ; packer_ppa_boundary:u_boundary|d[28]         ;
; 4.676 ; 4.860        ; 0.184          ; Low Pulse Width ; clk   ; Rise       ; packer_ppa_boundary:u_boundary|flags[0]      ;
; 4.676 ; 4.860        ; 0.184          ; Low Pulse Width ; clk   ; Rise       ; packer_ppa_boundary:u_boundary|flags_in_q[0] ;
; 4.676 ; 4.860        ; 0.184          ; Low Pulse Width ; clk   ; Rise       ; packer_ppa_boundary:u_boundary|out_valid     ;
; 4.676 ; 4.860        ; 0.184          ; Low Pulse Width ; clk   ; Rise       ; posit_pack:u_packer|g_trunc.flags_q[0]       ;
; 4.676 ; 4.860        ; 0.184          ; Low Pulse Width ; clk   ; Rise       ; posit_pack:u_packer|g_trunc.valid_q          ;
; 4.680 ; 4.864        ; 0.184          ; Low Pulse Width ; clk   ; Rise       ; packer_ppa_boundary:u_boundary|d[0]          ;
; 4.680 ; 4.864        ; 0.184          ; Low Pulse Width ; clk   ; Rise       ; packer_ppa_boundary:u_boundary|d[10]         ;
; 4.680 ; 4.864        ; 0.184          ; Low Pulse Width ; clk   ; Rise       ; packer_ppa_boundary:u_boundary|d[11]         ;
; 4.680 ; 4.864        ; 0.184          ; Low Pulse Width ; clk   ; Rise       ; packer_ppa_boundary:u_boundary|d[12]         ;
; 4.680 ; 4.864        ; 0.184          ; Low Pulse Width ; clk   ; Rise       ; packer_ppa_boundary:u_boundary|d[14]         ;
; 4.680 ; 4.864        ; 0.184          ; Low Pulse Width ; clk   ; Rise       ; packer_ppa_boundary:u_boundary|d[15]         ;
; 4.680 ; 4.864        ; 0.184          ; Low Pulse Width ; clk   ; Rise       ; packer_ppa_boundary:u_boundary|d[16]         ;
; 4.680 ; 4.864        ; 0.184          ; Low Pulse Width ; clk   ; Rise       ; packer_ppa_boundary:u_boundary|d[18]         ;
; 4.680 ; 4.864        ; 0.184          ; Low Pulse Width ; clk   ; Rise       ; packer_ppa_boundary:u_boundary|d[19]         ;
; 4.680 ; 4.864        ; 0.184          ; Low Pulse Width ; clk   ; Rise       ; packer_ppa_boundary:u_boundary|d[1]          ;
; 4.680 ; 4.864        ; 0.184          ; Low Pulse Width ; clk   ; Rise       ; packer_ppa_boundary:u_boundary|d[20]         ;
; 4.680 ; 4.864        ; 0.184          ; Low Pulse Width ; clk   ; Rise       ; packer_ppa_boundary:u_boundary|d[25]         ;
; 4.680 ; 4.864        ; 0.184          ; Low Pulse Width ; clk   ; Rise       ; packer_ppa_boundary:u_boundary|d[29]         ;
; 4.680 ; 4.864        ; 0.184          ; Low Pulse Width ; clk   ; Rise       ; packer_ppa_boundary:u_boundary|d[30]         ;
; 4.680 ; 4.864        ; 0.184          ; Low Pulse Width ; clk   ; Rise       ; packer_ppa_boundary:u_boundary|d[31]         ;
; 4.680 ; 4.864        ; 0.184          ; Low Pulse Width ; clk   ; Rise       ; packer_ppa_boundary:u_boundary|d[3]          ;
; 4.680 ; 4.864        ; 0.184          ; Low Pulse Width ; clk   ; Rise       ; packer_ppa_boundary:u_boundary|d[4]          ;
; 4.680 ; 4.864        ; 0.184          ; Low Pulse Width ; clk   ; Rise       ; packer_ppa_boundary:u_boundary|d[5]          ;
; 4.680 ; 4.864        ; 0.184          ; Low Pulse Width ; clk   ; Rise       ; packer_ppa_boundary:u_boundary|d[6]          ;
; 4.680 ; 4.864        ; 0.184          ; Low Pulse Width ; clk   ; Rise       ; packer_ppa_boundary:u_boundary|d[7]          ;
; 4.680 ; 4.864        ; 0.184          ; Low Pulse Width ; clk   ; Rise       ; packer_ppa_boundary:u_boundary|d[8]          ;
; 4.680 ; 4.864        ; 0.184          ; Low Pulse Width ; clk   ; Rise       ; packer_ppa_boundary:u_boundary|d[9]          ;
; 4.680 ; 4.864        ; 0.184          ; Low Pulse Width ; clk   ; Rise       ; packer_ppa_boundary:u_boundary|flags[3]      ;
; 4.680 ; 4.864        ; 0.184          ; Low Pulse Width ; clk   ; Rise       ; packer_ppa_boundary:u_boundary|flags_in_q[3] ;
; 4.680 ; 4.864        ; 0.184          ; Low Pulse Width ; clk   ; Rise       ; packer_ppa_boundary:u_boundary|flags_in_q[4] ;
; 4.680 ; 4.864        ; 0.184          ; Low Pulse Width ; clk   ; Rise       ; packer_ppa_boundary:u_boundary|frac_q[0]     ;
; 4.680 ; 4.864        ; 0.184          ; Low Pulse Width ; clk   ; Rise       ; packer_ppa_boundary:u_boundary|frac_q[17]    ;
; 4.680 ; 4.864        ; 0.184          ; Low Pulse Width ; clk   ; Rise       ; packer_ppa_boundary:u_boundary|frac_q[1]     ;
; 4.680 ; 4.864        ; 0.184          ; Low Pulse Width ; clk   ; Rise       ; packer_ppa_boundary:u_boundary|frac_q[2]     ;
; 4.680 ; 4.864        ; 0.184          ; Low Pulse Width ; clk   ; Rise       ; packer_ppa_boundary:u_boundary|frac_q[33]    ;
; 4.680 ; 4.864        ; 0.184          ; Low Pulse Width ; clk   ; Rise       ; packer_ppa_boundary:u_boundary|frac_q[34]    ;
; 4.680 ; 4.864        ; 0.184          ; Low Pulse Width ; clk   ; Rise       ; packer_ppa_boundary:u_boundary|frac_q[35]    ;
; 4.680 ; 4.864        ; 0.184          ; Low Pulse Width ; clk   ; Rise       ; packer_ppa_boundary:u_boundary|frac_q[36]    ;
; 4.680 ; 4.864        ; 0.184          ; Low Pulse Width ; clk   ; Rise       ; packer_ppa_boundary:u_boundary|frac_q[37]    ;
; 4.680 ; 4.864        ; 0.184          ; Low Pulse Width ; clk   ; Rise       ; packer_ppa_boundary:u_boundary|frac_q[38]    ;
; 4.680 ; 4.864        ; 0.184          ; Low Pulse Width ; clk   ; Rise       ; packer_ppa_boundary:u_boundary|frac_q[39]    ;
; 4.680 ; 4.864        ; 0.184          ; Low Pulse Width ; clk   ; Rise       ; packer_ppa_boundary:u_boundary|frac_q[3]     ;
; 4.680 ; 4.864        ; 0.184          ; Low Pulse Width ; clk   ; Rise       ; packer_ppa_boundary:u_boundary|frac_q[40]    ;
; 4.680 ; 4.864        ; 0.184          ; Low Pulse Width ; clk   ; Rise       ; packer_ppa_boundary:u_boundary|frac_q[48]    ;
; 4.680 ; 4.864        ; 0.184          ; Low Pulse Width ; clk   ; Rise       ; packer_ppa_boundary:u_boundary|frac_q[4]     ;
; 4.680 ; 4.864        ; 0.184          ; Low Pulse Width ; clk   ; Rise       ; packer_ppa_boundary:u_boundary|frac_q[50]    ;
; 4.680 ; 4.864        ; 0.184          ; Low Pulse Width ; clk   ; Rise       ; packer_ppa_boundary:u_boundary|frac_q[52]    ;
; 4.680 ; 4.864        ; 0.184          ; Low Pulse Width ; clk   ; Rise       ; packer_ppa_boundary:u_boundary|frac_q[54]    ;
; 4.680 ; 4.864        ; 0.184          ; Low Pulse Width ; clk   ; Rise       ; packer_ppa_boundary:u_boundary|frac_q[5]     ;
; 4.680 ; 4.864        ; 0.184          ; Low Pulse Width ; clk   ; Rise       ; packer_ppa_boundary:u_boundary|frac_q[6]     ;
; 4.680 ; 4.864        ; 0.184          ; Low Pulse Width ; clk   ; Rise       ; packer_ppa_boundary:u_boundary|frac_q[7]     ;
; 4.680 ; 4.864        ; 0.184          ; Low Pulse Width ; clk   ; Rise       ; packer_ppa_boundary:u_boundary|sf_q[0]       ;
; 4.680 ; 4.864        ; 0.184          ; Low Pulse Width ; clk   ; Rise       ; packer_ppa_boundary:u_boundary|sf_q[1]       ;
; 4.680 ; 4.864        ; 0.184          ; Low Pulse Width ; clk   ; Rise       ; packer_ppa_boundary:u_boundary|sf_q[2]       ;
; 4.680 ; 4.864        ; 0.184          ; Low Pulse Width ; clk   ; Rise       ; packer_ppa_boundary:u_boundary|sf_q[9]       ;
; 4.680 ; 4.864        ; 0.184          ; Low Pulse Width ; clk   ; Rise       ; packer_ppa_boundary:u_boundary|sticky_q      ;
; 4.680 ; 4.864        ; 0.184          ; Low Pulse Width ; clk   ; Rise       ; posit_pack:u_packer|g_trunc.d_q[0]           ;
; 4.680 ; 4.864        ; 0.184          ; Low Pulse Width ; clk   ; Rise       ; posit_pack:u_packer|g_trunc.d_q[14]          ;
; 4.680 ; 4.864        ; 0.184          ; Low Pulse Width ; clk   ; Rise       ; posit_pack:u_packer|g_trunc.d_q[1]           ;
; 4.680 ; 4.864        ; 0.184          ; Low Pulse Width ; clk   ; Rise       ; posit_pack:u_packer|g_trunc.d_q[25]          ;
; 4.680 ; 4.864        ; 0.184          ; Low Pulse Width ; clk   ; Rise       ; posit_pack:u_packer|g_trunc.d_q[3]           ;
; 4.680 ; 4.864        ; 0.184          ; Low Pulse Width ; clk   ; Rise       ; posit_pack:u_packer|g_trunc.d_q[5]           ;
; 4.680 ; 4.864        ; 0.184          ; Low Pulse Width ; clk   ; Rise       ; posit_pack:u_packer|g_trunc.d_q[7]           ;
; 4.680 ; 4.864        ; 0.184          ; Low Pulse Width ; clk   ; Rise       ; posit_pack:u_packer|g_trunc.flags_q[3]       ;
; 4.680 ; 4.864        ; 0.184          ; Low Pulse Width ; clk   ; Rise       ; posit_pack:u_packer|g_trunc.flags_q[4]       ;
; 4.681 ; 4.865        ; 0.184          ; Low Pulse Width ; clk   ; Rise       ; packer_ppa_boundary:u_boundary|d[21]         ;
; 4.681 ; 4.865        ; 0.184          ; Low Pulse Width ; clk   ; Rise       ; packer_ppa_boundary:u_boundary|d[24]         ;
; 4.681 ; 4.865        ; 0.184          ; Low Pulse Width ; clk   ; Rise       ; packer_ppa_boundary:u_boundary|d[27]         ;
+-------+--------------+----------------+-----------------+-------+------------+----------------------------------------------+


+---------------------------------------------------------------------------+
; Setup Times                                                               ;
+--------------+------------+--------+-------+------------+-----------------+
; Data Port    ; Clock Port ; Rise   ; Fall  ; Clock Edge ; Clock Reference ;
+--------------+------------+--------+-------+------------+-----------------+
; flags_in[*]  ; clk        ; 2.312  ; 2.870 ; Rise       ; clk             ;
;  flags_in[0] ; clk        ; 1.866  ; 2.342 ; Rise       ; clk             ;
;  flags_in[1] ; clk        ; 1.652  ; 2.076 ; Rise       ; clk             ;
;  flags_in[2] ; clk        ; 1.822  ; 2.258 ; Rise       ; clk             ;
;  flags_in[3] ; clk        ; 2.312  ; 2.870 ; Rise       ; clk             ;
;  flags_in[4] ; clk        ; 2.129  ; 2.617 ; Rise       ; clk             ;
; frac[*]      ; clk        ; 2.846  ; 3.439 ; Rise       ; clk             ;
;  frac[0]     ; clk        ; 1.775  ; 2.281 ; Rise       ; clk             ;
;  frac[1]     ; clk        ; 1.996  ; 2.516 ; Rise       ; clk             ;
;  frac[2]     ; clk        ; -0.076 ; 0.077 ; Rise       ; clk             ;
;  frac[3]     ; clk        ; 1.789  ; 2.228 ; Rise       ; clk             ;
;  frac[4]     ; clk        ; 2.311  ; 2.813 ; Rise       ; clk             ;
;  frac[5]     ; clk        ; 2.393  ; 2.933 ; Rise       ; clk             ;
;  frac[6]     ; clk        ; -0.094 ; 0.025 ; Rise       ; clk             ;
;  frac[7]     ; clk        ; 2.396  ; 2.912 ; Rise       ; clk             ;
;  frac[8]     ; clk        ; 2.421  ; 2.962 ; Rise       ; clk             ;
;  frac[9]     ; clk        ; 2.460  ; 3.008 ; Rise       ; clk             ;
;  frac[10]    ; clk        ; 2.288  ; 2.733 ; Rise       ; clk             ;
;  frac[11]    ; clk        ; 2.346  ; 2.870 ; Rise       ; clk             ;
;  frac[12]    ; clk        ; 2.404  ; 2.940 ; Rise       ; clk             ;
;  frac[13]    ; clk        ; 2.311  ; 2.792 ; Rise       ; clk             ;
;  frac[14]    ; clk        ; 2.424  ; 2.948 ; Rise       ; clk             ;
;  frac[15]    ; clk        ; 1.736  ; 2.192 ; Rise       ; clk             ;
;  frac[16]    ; clk        ; 2.343  ; 2.804 ; Rise       ; clk             ;
;  frac[17]    ; clk        ; 2.376  ; 2.857 ; Rise       ; clk             ;
;  frac[18]    ; clk        ; 2.389  ; 2.899 ; Rise       ; clk             ;
;  frac[19]    ; clk        ; 2.102  ; 2.611 ; Rise       ; clk             ;
;  frac[20]    ; clk        ; 2.096  ; 2.597 ; Rise       ; clk             ;
;  frac[21]    ; clk        ; 2.271  ; 2.738 ; Rise       ; clk             ;
;  frac[22]    ; clk        ; 2.414  ; 2.923 ; Rise       ; clk             ;
;  frac[23]    ; clk        ; 2.290  ; 2.775 ; Rise       ; clk             ;
;  frac[24]    ; clk        ; 2.286  ; 2.802 ; Rise       ; clk             ;
;  frac[25]    ; clk        ; 0.218  ; 0.328 ; Rise       ; clk             ;
;  frac[26]    ; clk        ; 2.468  ; 2.933 ; Rise       ; clk             ;
;  frac[27]    ; clk        ; 2.135  ; 2.628 ; Rise       ; clk             ;
;  frac[28]    ; clk        ; 2.846  ; 3.439 ; Rise       ; clk             ;
;  frac[29]    ; clk        ; 0.097  ; 0.162 ; Rise       ; clk             ;
;  frac[30]    ; clk        ; 2.579  ; 3.112 ; Rise       ; clk             ;
;  frac[31]    ; clk        ; 0.074  ; 0.145 ; Rise       ; clk             ;
;  frac[32]    ; clk        ; 2.324  ; 2.870 ; Rise       ; clk             ;
;  frac[33]    ; clk        ; 2.574  ; 3.117 ; Rise       ; clk             ;
;  frac[34]    ; clk        ; 2.581  ; 3.137 ; Rise       ; clk             ;
;  frac[35]    ; clk        ; 2.214  ; 2.752 ; Rise       ; clk             ;
;  frac[36]    ; clk        ; 2.072  ; 2.562 ; Rise       ; clk             ;
;  frac[37]    ; clk        ; 2.306  ; 2.803 ; Rise       ; clk             ;
;  frac[38]    ; clk        ; 2.209  ; 2.679 ; Rise       ; clk             ;
;  frac[39]    ; clk        ; 2.527  ; 3.069 ; Rise       ; clk             ;
;  frac[40]    ; clk        ; 2.141  ; 2.677 ; Rise       ; clk             ;
;  frac[41]    ; clk        ; 1.952  ; 2.403 ; Rise       ; clk             ;
;  frac[42]    ; clk        ; 2.659  ; 3.162 ; Rise       ; clk             ;
;  frac[43]    ; clk        ; 2.426  ; 2.929 ; Rise       ; clk             ;
;  frac[44]    ; clk        ; 2.086  ; 2.593 ; Rise       ; clk             ;
;  frac[45]    ; clk        ; 2.326  ; 2.855 ; Rise       ; clk             ;
;  frac[46]    ; clk        ; 2.348  ; 2.869 ; Rise       ; clk             ;
;  frac[47]    ; clk        ; 1.749  ; 2.216 ; Rise       ; clk             ;
;  frac[48]    ; clk        ; 1.898  ; 2.406 ; Rise       ; clk             ;
;  frac[49]    ; clk        ; 1.751  ; 2.219 ; Rise       ; clk             ;
;  frac[50]    ; clk        ; 2.020  ; 2.505 ; Rise       ; clk             ;
;  frac[51]    ; clk        ; 2.327  ; 2.859 ; Rise       ; clk             ;
;  frac[52]    ; clk        ; 2.665  ; 3.177 ; Rise       ; clk             ;
;  frac[53]    ; clk        ; 2.452  ; 3.007 ; Rise       ; clk             ;
;  frac[54]    ; clk        ; 2.415  ; 2.967 ; Rise       ; clk             ;
; is_nar       ; clk        ; 2.650  ; 3.153 ; Rise       ; clk             ;
; is_zero      ; clk        ; 2.021  ; 2.475 ; Rise       ; clk             ;
; sf[*]        ; clk        ; 2.642  ; 3.246 ; Rise       ; clk             ;
;  sf[0]       ; clk        ; 2.165  ; 2.701 ; Rise       ; clk             ;
;  sf[1]       ; clk        ; 0.358  ; 0.405 ; Rise       ; clk             ;
;  sf[2]       ; clk        ; 1.977  ; 2.424 ; Rise       ; clk             ;
;  sf[3]       ; clk        ; 1.977  ; 2.437 ; Rise       ; clk             ;
;  sf[4]       ; clk        ; 2.119  ; 2.600 ; Rise       ; clk             ;
;  sf[5]       ; clk        ; 2.361  ; 2.875 ; Rise       ; clk             ;
;  sf[6]       ; clk        ; 2.642  ; 3.246 ; Rise       ; clk             ;
;  sf[7]       ; clk        ; 2.352  ; 2.854 ; Rise       ; clk             ;
;  sf[8]       ; clk        ; 0.247  ; 0.348 ; Rise       ; clk             ;
;  sf[9]       ; clk        ; 2.452  ; 2.968 ; Rise       ; clk             ;
; sign         ; clk        ; 2.374  ; 2.881 ; Rise       ; clk             ;
; sticky       ; clk        ; 2.178  ; 2.645 ; Rise       ; clk             ;
+--------------+------------+--------+-------+------------+-----------------+


+----------------------------------------------------------------------------+
; Hold Times                                                                 ;
+--------------+------------+--------+--------+------------+-----------------+
; Data Port    ; Clock Port ; Rise   ; Fall   ; Clock Edge ; Clock Reference ;
+--------------+------------+--------+--------+------------+-----------------+
; flags_in[*]  ; clk        ; -1.277 ; -1.678 ; Rise       ; clk             ;
;  flags_in[0] ; clk        ; -1.478 ; -1.933 ; Rise       ; clk             ;
;  flags_in[1] ; clk        ; -1.277 ; -1.678 ; Rise       ; clk             ;
;  flags_in[2] ; clk        ; -1.451 ; -1.875 ; Rise       ; clk             ;
;  flags_in[3] ; clk        ; -1.907 ; -2.440 ; Rise       ; clk             ;
;  flags_in[4] ; clk        ; -1.747 ; -2.221 ; Rise       ; clk             ;
; frac[*]      ; clk        ; 0.383  ; 0.262  ; Rise       ; clk             ;
;  frac[0]     ; clk        ; -1.403 ; -1.896 ; Rise       ; clk             ;
;  frac[1]     ; clk        ; -1.603 ; -2.100 ; Rise       ; clk             ;
;  frac[2]     ; clk        ; 0.365  ; 0.212  ; Rise       ; clk             ;
;  frac[3]     ; clk        ; -1.419 ; -1.847 ; Rise       ; clk             ;
;  frac[4]     ; clk        ; -1.917 ; -2.406 ; Rise       ; clk             ;
;  frac[5]     ; clk        ; -1.996 ; -2.522 ; Rise       ; clk             ;
;  frac[6]     ; clk        ; 0.383  ; 0.262  ; Rise       ; clk             ;
;  frac[7]     ; clk        ; -2.002 ; -2.503 ; Rise       ; clk             ;
;  frac[8]     ; clk        ; -2.023 ; -2.549 ; Rise       ; clk             ;
;  frac[9]     ; clk        ; -2.060 ; -2.594 ; Rise       ; clk             ;
;  frac[10]    ; clk        ; -1.898 ; -2.331 ; Rise       ; clk             ;
;  frac[11]    ; clk        ; -1.951 ; -2.461 ; Rise       ; clk             ;
;  frac[12]    ; clk        ; -2.006 ; -2.528 ; Rise       ; clk             ;
;  frac[13]    ; clk        ; -1.921 ; -2.387 ; Rise       ; clk             ;
;  frac[14]    ; clk        ; -2.029 ; -2.538 ; Rise       ; clk             ;
;  frac[15]    ; clk        ; -1.366 ; -1.811 ; Rise       ; clk             ;
;  frac[16]    ; clk        ; -1.952 ; -2.399 ; Rise       ; clk             ;
;  frac[17]    ; clk        ; -1.983 ; -2.450 ; Rise       ; clk             ;
;  frac[18]    ; clk        ; -1.996 ; -2.490 ; Rise       ; clk             ;
;  frac[19]    ; clk        ; -1.717 ; -2.212 ; Rise       ; clk             ;
;  frac[20]    ; clk        ; -1.711 ; -2.199 ; Rise       ; clk             ;
;  frac[21]    ; clk        ; -1.879 ; -2.335 ; Rise       ; clk             ;
;  frac[22]    ; clk        ; -2.019 ; -2.514 ; Rise       ; clk             ;
;  frac[23]    ; clk        ; -1.897 ; -2.371 ; Rise       ; clk             ;
;  frac[24]    ; clk        ; -1.894 ; -2.396 ; Rise       ; clk             ;
;  frac[25]    ; clk        ; 0.083  ; -0.029 ; Rise       ; clk             ;
;  frac[26]    ; clk        ; -2.067 ; -2.521 ; Rise       ; clk             ;
;  frac[27]    ; clk        ; -1.751 ; -2.230 ; Rise       ; clk             ;
;  frac[28]    ; clk        ; -2.434 ; -3.009 ; Rise       ; clk             ;
;  frac[29]    ; clk        ; 0.199  ; 0.130  ; Rise       ; clk             ;
;  frac[30]    ; clk        ; -2.178 ; -2.694 ; Rise       ; clk             ;
;  frac[31]    ; clk        ; 0.221  ; 0.146  ; Rise       ; clk             ;
;  frac[32]    ; clk        ; -1.930 ; -2.461 ; Rise       ; clk             ;
;  frac[33]    ; clk        ; -2.171 ; -2.700 ; Rise       ; clk             ;
;  frac[34]    ; clk        ; -2.178 ; -2.720 ; Rise       ; clk             ;
;  frac[35]    ; clk        ; -1.826 ; -2.350 ; Rise       ; clk             ;
;  frac[36]    ; clk        ; -1.693 ; -2.169 ; Rise       ; clk             ;
;  frac[37]    ; clk        ; -1.914 ; -2.399 ; Rise       ; clk             ;
;  frac[38]    ; clk        ; -1.824 ; -2.281 ; Rise       ; clk             ;
;  frac[39]    ; clk        ; -2.130 ; -2.656 ; Rise       ; clk             ;
;  frac[40]    ; clk        ; -1.756 ; -2.278 ; Rise       ; clk             ;
;  frac[41]    ; clk        ; -1.573 ; -2.013 ; Rise       ; clk             ;
;  frac[42]    ; clk        ; -2.255 ; -2.743 ; Rise       ; clk             ;
;  frac[43]    ; clk        ; -2.031 ; -2.519 ; Rise       ; clk             ;
;  frac[44]    ; clk        ; -1.702 ; -2.196 ; Rise       ; clk             ;
;  frac[45]    ; clk        ; -1.932 ; -2.448 ; Rise       ; clk             ;
;  frac[46]    ; clk        ; -1.953 ; -2.461 ; Rise       ; clk             ;
;  frac[47]    ; clk        ; -1.378 ; -1.834 ; Rise       ; clk             ;
;  frac[48]    ; clk        ; -1.509 ; -1.994 ; Rise       ; clk             ;
;  frac[49]    ; clk        ; -1.380 ; -1.837 ; Rise       ; clk             ;
;  frac[50]    ; clk        ; -1.639 ; -2.112 ; Rise       ; clk             ;
;  frac[51]    ; clk        ; -1.933 ; -2.452 ; Rise       ; clk             ;
;  frac[52]    ; clk        ; -2.259 ; -2.757 ; Rise       ; clk             ;
;  frac[53]    ; clk        ; -2.053 ; -2.593 ; Rise       ; clk             ;
;  frac[54]    ; clk        ; -2.018 ; -2.555 ; Rise       ; clk             ;
; is_nar       ; clk        ; -2.243 ; -2.734 ; Rise       ; clk             ;
; is_zero      ; clk        ; -1.611 ; -2.052 ; Rise       ; clk             ;
; sf[*]        ; clk        ; 0.056  ; -0.049 ; Rise       ; clk             ;
;  sf[0]       ; clk        ; -1.778 ; -2.301 ; Rise       ; clk             ;
;  sf[1]       ; clk        ; -0.053 ; -0.104 ; Rise       ; clk             ;
;  sf[2]       ; clk        ; -1.598 ; -2.035 ; Rise       ; clk             ;
;  sf[3]       ; clk        ; -1.597 ; -2.046 ; Rise       ; clk             ;
;  sf[4]       ; clk        ; -1.736 ; -2.203 ; Rise       ; clk             ;
;  sf[5]       ; clk        ; -1.966 ; -2.466 ; Rise       ; clk             ;
;  sf[6]       ; clk        ; -2.235 ; -2.823 ; Rise       ; clk             ;
;  sf[7]       ; clk        ; -1.957 ; -2.446 ; Rise       ; clk             ;
;  sf[8]       ; clk        ; 0.056  ; -0.049 ; Rise       ; clk             ;
;  sf[9]       ; clk        ; -2.058 ; -2.558 ; Rise       ; clk             ;
; sign         ; clk        ; -1.981 ; -2.473 ; Rise       ; clk             ;
; sticky       ; clk        ; -1.793 ; -2.247 ; Rise       ; clk             ;
+--------------+------------+--------+--------+------------+-----------------+


+-----------------------------------------------------------------------+
; Clock to Output Times                                                 ;
+-----------+------------+-------+-------+------------+-----------------+
; Data Port ; Clock Port ; Rise  ; Fall  ; Clock Edge ; Clock Reference ;
+-----------+------------+-------+-------+------------+-----------------+
; d[*]      ; clk        ; 8.268 ; 8.500 ; Rise       ; clk             ;
;  d[0]     ; clk        ; 6.955 ; 6.992 ; Rise       ; clk             ;
;  d[1]     ; clk        ; 6.671 ; 6.723 ; Rise       ; clk             ;
;  d[2]     ; clk        ; 6.704 ; 6.820 ; Rise       ; clk             ;
;  d[3]     ; clk        ; 6.941 ; 6.977 ; Rise       ; clk             ;
;  d[4]     ; clk        ; 5.865 ; 5.909 ; Rise       ; clk             ;
;  d[5]     ; clk        ; 6.976 ; 7.051 ; Rise       ; clk             ;
;  d[6]     ; clk        ; 6.424 ; 6.422 ; Rise       ; clk             ;
;  d[7]     ; clk        ; 6.798 ; 6.914 ; Rise       ; clk             ;
;  d[8]     ; clk        ; 7.075 ; 7.132 ; Rise       ; clk             ;
;  d[9]     ; clk        ; 6.739 ; 6.821 ; Rise       ; clk             ;
;  d[10]    ; clk        ; 8.268 ; 8.500 ; Rise       ; clk             ;
;  d[11]    ; clk        ; 6.470 ; 6.527 ; Rise       ; clk             ;
;  d[12]    ; clk        ; 6.575 ; 6.618 ; Rise       ; clk             ;
;  d[13]    ; clk        ; 6.361 ; 6.355 ; Rise       ; clk             ;
;  d[14]    ; clk        ; 6.033 ; 6.065 ; Rise       ; clk             ;
;  d[15]    ; clk        ; 6.510 ; 6.619 ; Rise       ; clk             ;
;  d[16]    ; clk        ; 6.800 ; 6.859 ; Rise       ; clk             ;
;  d[17]    ; clk        ; 6.604 ; 6.642 ; Rise       ; clk             ;
;  d[18]    ; clk        ; 6.628 ; 6.693 ; Rise       ; clk             ;
;  d[19]    ; clk        ; 5.863 ; 5.888 ; Rise       ; clk             ;
;  d[20]    ; clk        ; 7.681 ; 7.821 ; Rise       ; clk             ;
;  d[21]    ; clk        ; 7.191 ; 7.213 ; Rise       ; clk             ;
;  d[22]    ; clk        ; 7.367 ; 7.520 ; Rise       ; clk             ;
;  d[23]    ; clk        ; 6.362 ; 6.401 ; Rise       ; clk             ;
;  d[24]    ; clk        ; 6.502 ; 6.596 ; Rise       ; clk             ;
;  d[25]    ; clk        ; 7.673 ; 7.784 ; Rise       ; clk             ;
;  d[26]    ; clk        ; 6.122 ; 6.178 ; Rise       ; clk             ;
;  d[27]    ; clk        ; 6.503 ; 6.491 ; Rise       ; clk             ;
;  d[28]    ; clk        ; 6.947 ; 6.991 ; Rise       ; clk             ;
;  d[29]    ; clk        ; 6.319 ; 6.427 ; Rise       ; clk             ;
;  d[30]    ; clk        ; 6.316 ; 6.341 ; Rise       ; clk             ;
;  d[31]    ; clk        ; 6.596 ; 6.660 ; Rise       ; clk             ;
; flags[*]  ; clk        ; 7.596 ; 7.731 ; Rise       ; clk             ;
;  flags[0] ; clk        ; 6.382 ; 6.446 ; Rise       ; clk             ;
;  flags[1] ; clk        ; 6.376 ; 6.382 ; Rise       ; clk             ;
;  flags[2] ; clk        ; 7.266 ; 7.380 ; Rise       ; clk             ;
;  flags[3] ; clk        ; 7.596 ; 7.731 ; Rise       ; clk             ;
;  flags[4] ; clk        ; 7.160 ; 7.293 ; Rise       ; clk             ;
; out_valid ; clk        ; 6.062 ; 6.093 ; Rise       ; clk             ;
+-----------+------------+-------+-------+------------+-----------------+


+-----------------------------------------------------------------------+
; Minimum Clock to Output Times                                         ;
+-----------+------------+-------+-------+------------+-----------------+
; Data Port ; Clock Port ; Rise  ; Fall  ; Clock Edge ; Clock Reference ;
+-----------+------------+-------+-------+------------+-----------------+
; d[*]      ; clk        ; 5.672 ; 5.695 ; Rise       ; clk             ;
;  d[0]     ; clk        ; 6.720 ; 6.754 ; Rise       ; clk             ;
;  d[1]     ; clk        ; 6.446 ; 6.494 ; Rise       ; clk             ;
;  d[2]     ; clk        ; 6.477 ; 6.588 ; Rise       ; clk             ;
;  d[3]     ; clk        ; 6.705 ; 6.738 ; Rise       ; clk             ;
;  d[4]     ; clk        ; 5.673 ; 5.715 ; Rise       ; clk             ;
;  d[5]     ; clk        ; 6.739 ; 6.809 ; Rise       ; clk             ;
;  d[6]     ; clk        ; 6.211 ; 6.208 ; Rise       ; clk             ;
;  d[7]     ; clk        ; 6.568 ; 6.678 ; Rise       ; clk             ;
;  d[8]     ; clk        ; 6.835 ; 6.889 ; Rise       ; clk             ;
;  d[9]     ; clk        ; 6.512 ; 6.590 ; Rise       ; clk             ;
;  d[10]    ; clk        ; 8.030 ; 8.254 ; Rise       ; clk             ;
;  d[11]    ; clk        ; 6.256 ; 6.309 ; Rise       ; clk             ;
;  d[12]    ; clk        ; 6.354 ; 6.395 ; Rise       ; clk             ;
;  d[13]    ; clk        ; 6.149 ; 6.142 ; Rise       ; clk             ;
;  d[14]    ; clk        ; 5.835 ; 5.864 ; Rise       ; clk             ;
;  d[15]    ; clk        ; 6.291 ; 6.395 ; Rise       ; clk             ;
;  d[16]    ; clk        ; 6.571 ; 6.626 ; Rise       ; clk             ;
;  d[17]    ; clk        ; 6.382 ; 6.417 ; Rise       ; clk             ;
;  d[18]    ; clk        ; 6.405 ; 6.467 ; Rise       ; clk             ;
;  d[19]    ; clk        ; 5.672 ; 5.695 ; Rise       ; clk             ;
;  d[20]    ; clk        ; 7.468 ; 7.604 ; Rise       ; clk             ;
;  d[21]    ; clk        ; 6.947 ; 6.967 ; Rise       ; clk             ;
;  d[22]    ; clk        ; 7.164 ; 7.313 ; Rise       ; clk             ;
;  d[23]    ; clk        ; 6.147 ; 6.184 ; Rise       ; clk             ;
;  d[24]    ; clk        ; 6.284 ; 6.373 ; Rise       ; clk             ;
;  d[25]    ; clk        ; 7.459 ; 7.568 ; Rise       ; clk             ;
;  d[26]    ; clk        ; 5.919 ; 5.972 ; Rise       ; clk             ;
;  d[27]    ; clk        ; 6.286 ; 6.274 ; Rise       ; clk             ;
;  d[28]    ; clk        ; 6.711 ; 6.752 ; Rise       ; clk             ;
;  d[29]    ; clk        ; 6.111 ; 6.214 ; Rise       ; clk             ;
;  d[30]    ; clk        ; 6.106 ; 6.129 ; Rise       ; clk             ;
;  d[31]    ; clk        ; 6.375 ; 6.435 ; Rise       ; clk             ;
; flags[*]  ; clk        ; 6.163 ; 6.168 ; Rise       ; clk             ;
;  flags[0] ; clk        ; 6.169 ; 6.229 ; Rise       ; clk             ;
;  flags[1] ; clk        ; 6.163 ; 6.168 ; Rise       ; clk             ;
;  flags[2] ; clk        ; 7.018 ; 7.125 ; Rise       ; clk             ;
;  flags[3] ; clk        ; 7.336 ; 7.464 ; Rise       ; clk             ;
;  flags[4] ; clk        ; 6.965 ; 7.095 ; Rise       ; clk             ;
; out_valid ; clk        ; 5.864 ; 5.893 ; Rise       ; clk             ;
+-----------+------------+-------+-------+------------+-----------------+


----------------------------------------------
; Slow 1200mV 85C Model Metastability Report ;
----------------------------------------------
No synchronizer chains to report.


+--------------------------------------------------+
; Slow 1200mV 0C Model Fmax Summary                ;
+------------+-----------------+------------+------+
; Fmax       ; Restricted Fmax ; Clock Name ; Note ;
+------------+-----------------+------------+------+
; 110.51 MHz ; 110.51 MHz      ; clk        ;      ;
+------------+-----------------+------------+------+
This panel reports FMAX for every clock in the design, regardless of the user-specified clock periods.  FMAX is only computed for paths where the source and destination registers or ports are driven by the same clock.  Paths of different clocks, including generated clocks, are ignored.  For paths between a clock and its inversion, FMAX is computed as if the rising and falling edges are scaled along with FMAX, such that the duty cycle (in terms of a percentage) is maintained. Altera recommends that you always use clock constraints and other slack reports for sign-off analysis.


+------------------------------------+
; Slow 1200mV 0C Model Setup Summary ;
+-------+-------+--------------------+
; Clock ; Slack ; End Point TNS      ;
+-------+-------+--------------------+
; clk   ; 0.951 ; 0.000              ;
+-------+-------+--------------------+


+-----------------------------------+
; Slow 1200mV 0C Model Hold Summary ;
+-------+-------+-------------------+
; Clock ; Slack ; End Point TNS     ;
+-------+-------+-------------------+
; clk   ; 0.338 ; 0.000             ;
+-------+-------+-------------------+


+---------------------------------------+
; Slow 1200mV 0C Model Recovery Summary ;
+-------+-------+-----------------------+
; Clock ; Slack ; End Point TNS         ;
+-------+-------+-----------------------+
; clk   ; 7.628 ; 0.000                 ;
+-------+-------+-----------------------+


+--------------------------------------+
; Slow 1200mV 0C Model Removal Summary ;
+-------+-------+----------------------+
; Clock ; Slack ; End Point TNS        ;
+-------+-------+----------------------+
; clk   ; 1.588 ; 0.000                ;
+-------+-------+----------------------+


+--------------------------------------------------+
; Slow 1200mV 0C Model Minimum Pulse Width Summary ;
+-------+-------+----------------------------------+
; Clock ; Slack ; End Point TNS                    ;
+-------+-------+----------------------------------+
; clk   ; 4.690 ; 0.000                            ;
+-------+-------+----------------------------------+


+------------------------------------------------------------------------------------------------------------------------------------------------------------------+
; Slow 1200mV 0C Model Setup: 'clk'                                                                                                                                ;
+-------+----------------------------------------------+-------------------------------------+--------------+-------------+--------------+------------+------------+
; Slack ; From Node                                    ; To Node                             ; Launch Clock ; Latch Clock ; Relationship ; Clock Skew ; Data Delay ;
+-------+----------------------------------------------+-------------------------------------+--------------+-------------+--------------+------------+------------+
; 0.951 ; packer_ppa_boundary:u_boundary|sf_q[9]       ; posit_pack:u_packer|g_trunc.d_q[25] ; clk          ; clk         ; 10.000       ; -0.076     ; 8.968      ;
; 1.110 ; packer_ppa_boundary:u_boundary|sf_q[9]       ; posit_pack:u_packer|g_trunc.d_q[30] ; clk          ; clk         ; 10.000       ; 0.235      ; 9.120      ;
; 1.192 ; packer_ppa_boundary:u_boundary|sf_q[5]       ; posit_pack:u_packer|g_trunc.d_q[25] ; clk          ; clk         ; 10.000       ; -0.078     ; 8.725      ;
; 1.255 ; packer_ppa_boundary:u_boundary|sf_q[0]       ; posit_pack:u_packer|g_trunc.d_q[25] ; clk          ; clk         ; 10.000       ; -0.076     ; 8.664      ;
; 1.274 ; packer_ppa_boundary:u_boundary|sf_q[3]       ; posit_pack:u_packer|g_trunc.d_q[25] ; clk          ; clk         ; 10.000       ; -0.076     ; 8.645      ;
; 1.292 ; packer_ppa_boundary:u_boundary|sf_q[4]       ; posit_pack:u_packer|g_trunc.d_q[25] ; clk          ; clk         ; 10.000       ; -0.078     ; 8.625      ;
; 1.349 ; packer_ppa_boundary:u_boundary|frac_q[45]    ; posit_pack:u_packer|g_trunc.d_q[25] ; clk          ; clk         ; 10.000       ; -0.078     ; 8.568      ;
; 1.351 ; packer_ppa_boundary:u_boundary|sf_q[5]       ; posit_pack:u_packer|g_trunc.d_q[30] ; clk          ; clk         ; 10.000       ; 0.233      ; 8.877      ;
; 1.357 ; packer_ppa_boundary:u_boundary|frac_q[46]    ; posit_pack:u_packer|g_trunc.d_q[25] ; clk          ; clk         ; 10.000       ; -0.076     ; 8.562      ;
; 1.358 ; packer_ppa_boundary:u_boundary|sf_q[2]       ; posit_pack:u_packer|g_trunc.d_q[25] ; clk          ; clk         ; 10.000       ; -0.076     ; 8.561      ;
; 1.372 ; packer_ppa_boundary:u_boundary|frac_q[34]    ; posit_pack:u_packer|g_trunc.d_q[25] ; clk          ; clk         ; 10.000       ; -0.053     ; 8.570      ;
; 1.372 ; packer_ppa_boundary:u_boundary|frac_q[33]    ; posit_pack:u_packer|g_trunc.d_q[30] ; clk          ; clk         ; 10.000       ; 0.258      ; 8.881      ;
; 1.376 ; packer_ppa_boundary:u_boundary|frac_q[48]    ; posit_pack:u_packer|g_trunc.d_q[25] ; clk          ; clk         ; 10.000       ; -0.075     ; 8.544      ;
; 1.383 ; packer_ppa_boundary:u_boundary|sf_q[0]       ; posit_pack:u_packer|g_trunc.d_q[30] ; clk          ; clk         ; 10.000       ; 0.235      ; 8.847      ;
; 1.386 ; packer_ppa_boundary:u_boundary|sf_q[3]       ; posit_pack:u_packer|g_trunc.d_q[30] ; clk          ; clk         ; 10.000       ; 0.235      ; 8.844      ;
; 1.389 ; packer_ppa_boundary:u_boundary|frac_q[34]    ; posit_pack:u_packer|g_trunc.d_q[30] ; clk          ; clk         ; 10.000       ; 0.258      ; 8.864      ;
; 1.402 ; packer_ppa_boundary:u_boundary|sf_q[9]       ; posit_pack:u_packer|g_trunc.d_q[29] ; clk          ; clk         ; 10.000       ; 0.271      ; 8.864      ;
; 1.402 ; packer_ppa_boundary:u_boundary|frac_q[33]    ; posit_pack:u_packer|g_trunc.d_q[25] ; clk          ; clk         ; 10.000       ; -0.053     ; 8.540      ;
; 1.419 ; packer_ppa_boundary:u_boundary|sf_q[9]       ; posit_pack:u_packer|g_trunc.d_q[27] ; clk          ; clk         ; 10.000       ; 0.247      ; 8.823      ;
; 1.444 ; packer_ppa_boundary:u_boundary|frac_q[47]    ; posit_pack:u_packer|g_trunc.d_q[25] ; clk          ; clk         ; 10.000       ; -0.075     ; 8.476      ;
; 1.451 ; packer_ppa_boundary:u_boundary|sf_q[4]       ; posit_pack:u_packer|g_trunc.d_q[30] ; clk          ; clk         ; 10.000       ; 0.233      ; 8.777      ;
; 1.454 ; packer_ppa_boundary:u_boundary|frac_q[45]    ; posit_pack:u_packer|g_trunc.d_q[30] ; clk          ; clk         ; 10.000       ; 0.233      ; 8.774      ;
; 1.461 ; packer_ppa_boundary:u_boundary|sf_q[1]       ; posit_pack:u_packer|g_trunc.d_q[25] ; clk          ; clk         ; 10.000       ; -0.076     ; 8.458      ;
; 1.478 ; packer_ppa_boundary:u_boundary|frac_q[46]    ; posit_pack:u_packer|g_trunc.d_q[30] ; clk          ; clk         ; 10.000       ; 0.235      ; 8.752      ;
; 1.486 ; packer_ppa_boundary:u_boundary|frac_q[49]    ; posit_pack:u_packer|g_trunc.d_q[25] ; clk          ; clk         ; 10.000       ; -0.075     ; 8.434      ;
; 1.493 ; packer_ppa_boundary:u_boundary|sf_q[9]       ; posit_pack:u_packer|g_trunc.d_q[19] ; clk          ; clk         ; 10.000       ; 0.241      ; 8.743      ;
; 1.504 ; packer_ppa_boundary:u_boundary|frac_q[51]    ; posit_pack:u_packer|g_trunc.d_q[25] ; clk          ; clk         ; 10.000       ; -0.075     ; 8.416      ;
; 1.509 ; packer_ppa_boundary:u_boundary|sf_q[9]       ; posit_pack:u_packer|g_trunc.d_q[23] ; clk          ; clk         ; 10.000       ; 0.247      ; 8.733      ;
; 1.517 ; packer_ppa_boundary:u_boundary|sf_q[2]       ; posit_pack:u_packer|g_trunc.d_q[30] ; clk          ; clk         ; 10.000       ; 0.235      ; 8.713      ;
; 1.522 ; packer_ppa_boundary:u_boundary|frac_q[49]    ; posit_pack:u_packer|g_trunc.d_q[30] ; clk          ; clk         ; 10.000       ; 0.236      ; 8.709      ;
; 1.535 ; packer_ppa_boundary:u_boundary|frac_q[48]    ; posit_pack:u_packer|g_trunc.d_q[30] ; clk          ; clk         ; 10.000       ; 0.236      ; 8.696      ;
; 1.552 ; packer_ppa_boundary:u_boundary|sf_q[9]       ; posit_pack:u_packer|g_trunc.d_q[15] ; clk          ; clk         ; 10.000       ; 0.271      ; 8.714      ;
; 1.561 ; packer_ppa_boundary:u_boundary|frac_q[51]    ; posit_pack:u_packer|g_trunc.d_q[30] ; clk          ; clk         ; 10.000       ; 0.236      ; 8.670      ;
; 1.569 ; packer_ppa_boundary:u_boundary|frac_q[41]    ; posit_pack:u_packer|g_trunc.d_q[25] ; clk          ; clk         ; 10.000       ; -0.076     ; 8.350      ;
; 1.574 ; packer_ppa_boundary:u_boundary|frac_q[47]    ; posit_pack:u_packer|g_trunc.d_q[30] ; clk          ; clk         ; 10.000       ; 0.236      ; 8.657      ;
; 1.577 ; packer_ppa_boundary:u_boundary|sf_q[6]       ; posit_pack:u_packer|g_trunc.d_q[25] ; clk          ; clk         ; 10.000       ; -0.078     ; 8.340      ;
; 1.601 ; packer_ppa_boundary:u_boundary|frac_q[44]    ; posit_pack:u_packer|g_trunc.d_q[25] ; clk          ; clk         ; 10.000       ; -0.076     ; 8.318      ;
; 1.602 ; packer_ppa_boundary:u_boundary|frac_q[50]    ; posit_pack:u_packer|g_trunc.d_q[25] ; clk          ; clk         ; 10.000       ; -0.076     ; 8.317      ;
; 1.619 ; packer_ppa_boundary:u_boundary|sf_q[7]       ; posit_pack:u_packer|g_trunc.d_q[25] ; clk          ; clk         ; 10.000       ; -0.078     ; 8.298      ;
; 1.620 ; packer_ppa_boundary:u_boundary|sf_q[1]       ; posit_pack:u_packer|g_trunc.d_q[30] ; clk          ; clk         ; 10.000       ; 0.235      ; 8.610      ;
; 1.629 ; packer_ppa_boundary:u_boundary|sf_q[9]       ; posit_pack:u_packer|g_trunc.d_q[21] ; clk          ; clk         ; 10.000       ; 0.247      ; 8.613      ;
; 1.639 ; packer_ppa_boundary:u_boundary|frac_q[54]    ; posit_pack:u_packer|g_trunc.d_q[25] ; clk          ; clk         ; 10.000       ; -0.076     ; 8.280      ;
; 1.641 ; packer_ppa_boundary:u_boundary|sf_q[9]       ; posit_pack:u_packer|g_trunc.d_q[26] ; clk          ; clk         ; 10.000       ; 0.272      ; 8.626      ;
; 1.643 ; packer_ppa_boundary:u_boundary|sf_q[5]       ; posit_pack:u_packer|g_trunc.d_q[29] ; clk          ; clk         ; 10.000       ; 0.269      ; 8.621      ;
; 1.659 ; packer_ppa_boundary:u_boundary|frac_q[39]    ; posit_pack:u_packer|g_trunc.d_q[25] ; clk          ; clk         ; 10.000       ; -0.053     ; 8.283      ;
; 1.660 ; packer_ppa_boundary:u_boundary|sf_q[5]       ; posit_pack:u_packer|g_trunc.d_q[27] ; clk          ; clk         ; 10.000       ; 0.245      ; 8.580      ;
; 1.670 ; packer_ppa_boundary:u_boundary|frac_q[44]    ; posit_pack:u_packer|g_trunc.d_q[30] ; clk          ; clk         ; 10.000       ; 0.235      ; 8.560      ;
; 1.672 ; packer_ppa_boundary:u_boundary|frac_q[50]    ; posit_pack:u_packer|g_trunc.d_q[30] ; clk          ; clk         ; 10.000       ; 0.235      ; 8.558      ;
; 1.695 ; packer_ppa_boundary:u_boundary|frac_q[42]    ; posit_pack:u_packer|g_trunc.d_q[25] ; clk          ; clk         ; 10.000       ; -0.076     ; 8.224      ;
; 1.706 ; packer_ppa_boundary:u_boundary|sf_q[0]       ; posit_pack:u_packer|g_trunc.d_q[29] ; clk          ; clk         ; 10.000       ; 0.271      ; 8.560      ;
; 1.713 ; packer_ppa_boundary:u_boundary|frac_q[54]    ; posit_pack:u_packer|g_trunc.d_q[30] ; clk          ; clk         ; 10.000       ; 0.235      ; 8.517      ;
; 1.718 ; packer_ppa_boundary:u_boundary|frac_q[41]    ; posit_pack:u_packer|g_trunc.d_q[30] ; clk          ; clk         ; 10.000       ; 0.235      ; 8.512      ;
; 1.723 ; packer_ppa_boundary:u_boundary|sf_q[0]       ; posit_pack:u_packer|g_trunc.d_q[27] ; clk          ; clk         ; 10.000       ; 0.247      ; 8.519      ;
; 1.725 ; packer_ppa_boundary:u_boundary|sf_q[3]       ; posit_pack:u_packer|g_trunc.d_q[29] ; clk          ; clk         ; 10.000       ; 0.271      ; 8.541      ;
; 1.729 ; packer_ppa_boundary:u_boundary|frac_q[52]    ; posit_pack:u_packer|g_trunc.d_q[25] ; clk          ; clk         ; 10.000       ; -0.076     ; 8.190      ;
; 1.731 ; packer_ppa_boundary:u_boundary|flags_in_q[4] ; posit_pack:u_packer|g_trunc.d_q[25] ; clk          ; clk         ; 10.000       ; -0.054     ; 8.210      ;
; 1.734 ; packer_ppa_boundary:u_boundary|sf_q[5]       ; posit_pack:u_packer|g_trunc.d_q[19] ; clk          ; clk         ; 10.000       ; 0.239      ; 8.500      ;
; 1.736 ; packer_ppa_boundary:u_boundary|sf_q[6]       ; posit_pack:u_packer|g_trunc.d_q[30] ; clk          ; clk         ; 10.000       ; 0.233      ; 8.492      ;
; 1.737 ; packer_ppa_boundary:u_boundary|frac_q[40]    ; posit_pack:u_packer|g_trunc.d_q[25] ; clk          ; clk         ; 10.000       ; -0.053     ; 8.205      ;
; 1.742 ; packer_ppa_boundary:u_boundary|sf_q[3]       ; posit_pack:u_packer|g_trunc.d_q[27] ; clk          ; clk         ; 10.000       ; 0.247      ; 8.500      ;
; 1.743 ; packer_ppa_boundary:u_boundary|sf_q[4]       ; posit_pack:u_packer|g_trunc.d_q[29] ; clk          ; clk         ; 10.000       ; 0.269      ; 8.521      ;
; 1.750 ; packer_ppa_boundary:u_boundary|sf_q[5]       ; posit_pack:u_packer|g_trunc.d_q[23] ; clk          ; clk         ; 10.000       ; 0.245      ; 8.490      ;
; 1.753 ; packer_ppa_boundary:u_boundary|frac_q[38]    ; posit_pack:u_packer|g_trunc.d_q[25] ; clk          ; clk         ; 10.000       ; -0.053     ; 8.189      ;
; 1.755 ; packer_ppa_boundary:u_boundary|frac_q[39]    ; posit_pack:u_packer|g_trunc.d_q[30] ; clk          ; clk         ; 10.000       ; 0.258      ; 8.498      ;
; 1.760 ; packer_ppa_boundary:u_boundary|sf_q[4]       ; posit_pack:u_packer|g_trunc.d_q[27] ; clk          ; clk         ; 10.000       ; 0.245      ; 8.480      ;
; 1.763 ; packer_ppa_boundary:u_boundary|is_nar_q      ; posit_pack:u_packer|g_trunc.d_q[25] ; clk          ; clk         ; 10.000       ; -0.078     ; 8.154      ;
; 1.764 ; packer_ppa_boundary:u_boundary|sf_q[9]       ; posit_pack:u_packer|g_trunc.d_q[28] ; clk          ; clk         ; 10.000       ; 0.271      ; 8.502      ;
; 1.769 ; packer_ppa_boundary:u_boundary|sf_q[9]       ; posit_pack:u_packer|g_trunc.d_q[24] ; clk          ; clk         ; 10.000       ; 0.272      ; 8.498      ;
; 1.769 ; packer_ppa_boundary:u_boundary|frac_q[43]    ; posit_pack:u_packer|g_trunc.d_q[25] ; clk          ; clk         ; 10.000       ; -0.076     ; 8.150      ;
; 1.778 ; packer_ppa_boundary:u_boundary|sf_q[7]       ; posit_pack:u_packer|g_trunc.d_q[30] ; clk          ; clk         ; 10.000       ; 0.233      ; 8.450      ;
; 1.792 ; packer_ppa_boundary:u_boundary|frac_q[42]    ; posit_pack:u_packer|g_trunc.d_q[30] ; clk          ; clk         ; 10.000       ; 0.235      ; 8.438      ;
; 1.793 ; packer_ppa_boundary:u_boundary|sf_q[5]       ; posit_pack:u_packer|g_trunc.d_q[15] ; clk          ; clk         ; 10.000       ; 0.269      ; 8.471      ;
; 1.794 ; packer_ppa_boundary:u_boundary|frac_q[53]    ; posit_pack:u_packer|g_trunc.d_q[25] ; clk          ; clk         ; 10.000       ; -0.075     ; 8.126      ;
; 1.797 ; packer_ppa_boundary:u_boundary|sf_q[0]       ; posit_pack:u_packer|g_trunc.d_q[19] ; clk          ; clk         ; 10.000       ; 0.241      ; 8.439      ;
; 1.799 ; packer_ppa_boundary:u_boundary|frac_q[52]    ; posit_pack:u_packer|g_trunc.d_q[30] ; clk          ; clk         ; 10.000       ; 0.235      ; 8.431      ;
; 1.800 ; packer_ppa_boundary:u_boundary|frac_q[45]    ; posit_pack:u_packer|g_trunc.d_q[29] ; clk          ; clk         ; 10.000       ; 0.269      ; 8.464      ;
; 1.801 ; packer_ppa_boundary:u_boundary|frac_q[36]    ; posit_pack:u_packer|g_trunc.d_q[25] ; clk          ; clk         ; 10.000       ; -0.053     ; 8.141      ;
; 1.808 ; packer_ppa_boundary:u_boundary|frac_q[46]    ; posit_pack:u_packer|g_trunc.d_q[29] ; clk          ; clk         ; 10.000       ; 0.271      ; 8.458      ;
; 1.809 ; packer_ppa_boundary:u_boundary|sf_q[2]       ; posit_pack:u_packer|g_trunc.d_q[29] ; clk          ; clk         ; 10.000       ; 0.271      ; 8.457      ;
; 1.813 ; packer_ppa_boundary:u_boundary|sf_q[0]       ; posit_pack:u_packer|g_trunc.d_q[23] ; clk          ; clk         ; 10.000       ; 0.247      ; 8.429      ;
; 1.816 ; packer_ppa_boundary:u_boundary|sf_q[3]       ; posit_pack:u_packer|g_trunc.d_q[19] ; clk          ; clk         ; 10.000       ; 0.241      ; 8.420      ;
; 1.817 ; packer_ppa_boundary:u_boundary|frac_q[45]    ; posit_pack:u_packer|g_trunc.d_q[27] ; clk          ; clk         ; 10.000       ; 0.245      ; 8.423      ;
; 1.820 ; packer_ppa_boundary:u_boundary|frac_q[33]    ; posit_pack:u_packer|g_trunc.d_q[29] ; clk          ; clk         ; 10.000       ; 0.294      ; 8.469      ;
; 1.823 ; packer_ppa_boundary:u_boundary|frac_q[34]    ; posit_pack:u_packer|g_trunc.d_q[29] ; clk          ; clk         ; 10.000       ; 0.294      ; 8.466      ;
; 1.825 ; packer_ppa_boundary:u_boundary|frac_q[46]    ; posit_pack:u_packer|g_trunc.d_q[27] ; clk          ; clk         ; 10.000       ; 0.247      ; 8.417      ;
; 1.826 ; packer_ppa_boundary:u_boundary|sf_q[2]       ; posit_pack:u_packer|g_trunc.d_q[27] ; clk          ; clk         ; 10.000       ; 0.247      ; 8.416      ;
; 1.827 ; packer_ppa_boundary:u_boundary|frac_q[48]    ; posit_pack:u_packer|g_trunc.d_q[29] ; clk          ; clk         ; 10.000       ; 0.272      ; 8.440      ;
; 1.832 ; packer_ppa_boundary:u_boundary|sf_q[3]       ; posit_pack:u_packer|g_trunc.d_q[23] ; clk          ; clk         ; 10.000       ; 0.247      ; 8.410      ;
; 1.834 ; packer_ppa_boundary:u_boundary|sf_q[4]       ; posit_pack:u_packer|g_trunc.d_q[19] ; clk          ; clk         ; 10.000       ; 0.239      ; 8.400      ;
; 1.840 ; packer_ppa_boundary:u_boundary|frac_q[34]    ; posit_pack:u_packer|g_trunc.d_q[27] ; clk          ; clk         ; 10.000       ; 0.270      ; 8.425      ;
; 1.844 ; packer_ppa_boundary:u_boundary|frac_q[48]    ; posit_pack:u_packer|g_trunc.d_q[27] ; clk          ; clk         ; 10.000       ; 0.248      ; 8.399      ;
; 1.850 ; packer_ppa_boundary:u_boundary|sf_q[4]       ; posit_pack:u_packer|g_trunc.d_q[23] ; clk          ; clk         ; 10.000       ; 0.245      ; 8.390      ;
; 1.853 ; packer_ppa_boundary:u_boundary|sf_q[9]       ; posit_pack:u_packer|g_trunc.d_q[14] ; clk          ; clk         ; 10.000       ; -0.079     ; 8.063      ;
; 1.853 ; packer_ppa_boundary:u_boundary|sf_q[9]       ; posit_pack:u_packer|g_trunc.d_q[31] ; clk          ; clk         ; 10.000       ; 0.271      ; 8.413      ;
; 1.854 ; packer_ppa_boundary:u_boundary|sf_q[9]       ; posit_pack:u_packer|g_trunc.d_q[13] ; clk          ; clk         ; 10.000       ; 0.241      ; 8.382      ;
; 1.856 ; packer_ppa_boundary:u_boundary|sf_q[0]       ; posit_pack:u_packer|g_trunc.d_q[15] ; clk          ; clk         ; 10.000       ; 0.271      ; 8.410      ;
; 1.863 ; packer_ppa_boundary:u_boundary|sf_q[9]       ; posit_pack:u_packer|g_trunc.d_q[7]  ; clk          ; clk         ; 10.000       ; -0.076     ; 8.056      ;
; 1.864 ; packer_ppa_boundary:u_boundary|sf_q[9]       ; posit_pack:u_packer|g_trunc.d_q[1]  ; clk          ; clk         ; 10.000       ; -0.076     ; 8.055      ;
; 1.864 ; packer_ppa_boundary:u_boundary|frac_q[33]    ; posit_pack:u_packer|g_trunc.d_q[27] ; clk          ; clk         ; 10.000       ; 0.270      ; 8.401      ;
; 1.867 ; packer_ppa_boundary:u_boundary|frac_q[36]    ; posit_pack:u_packer|g_trunc.d_q[30] ; clk          ; clk         ; 10.000       ; 0.258      ; 8.386      ;
+-------+----------------------------------------------+-------------------------------------+--------------+-------------+--------------+------------+------------+


+------------------------------------------------------------------------------------------------------------------------------------------------------------------------+
; Slow 1200mV 0C Model Hold: 'clk'                                                                                                                                       ;
+-------+----------------------------------------------+-------------------------------------------+--------------+-------------+--------------+------------+------------+
; Slack ; From Node                                    ; To Node                                   ; Launch Clock ; Latch Clock ; Relationship ; Clock Skew ; Data Delay ;
+-------+----------------------------------------------+-------------------------------------------+--------------+-------------+--------------+------------+------------+
; 0.338 ; posit_pack:u_packer|g_trunc.flags_q[3]       ; packer_ppa_boundary:u_boundary|flags[3]   ; clk          ; clk         ; 0.000        ; 0.055      ; 0.537      ;
; 0.338 ; packer_ppa_boundary:u_boundary|flags_in_q[0] ; posit_pack:u_packer|g_trunc.flags_q[0]    ; clk          ; clk         ; 0.000        ; 0.055      ; 0.537      ;
; 0.340 ; packer_ppa_boundary:u_boundary|meta_sync1    ; packer_ppa_boundary:u_boundary|meta_sync2 ; clk          ; clk         ; 0.000        ; 0.055      ; 0.539      ;
; 0.340 ; posit_pack:u_packer|g_trunc.flags_q[2]       ; packer_ppa_boundary:u_boundary|flags[2]   ; clk          ; clk         ; 0.000        ; 0.055      ; 0.539      ;
; 0.340 ; posit_pack:u_packer|g_trunc.valid_q          ; packer_ppa_boundary:u_boundary|out_valid  ; clk          ; clk         ; 0.000        ; 0.055      ; 0.539      ;
; 0.443 ; packer_ppa_boundary:u_boundary|flags_in_q[1] ; posit_pack:u_packer|g_trunc.flags_q[1]    ; clk          ; clk         ; 0.000        ; 0.055      ; 0.642      ;
; 0.466 ; posit_pack:u_packer|g_trunc.flags_q[1]       ; packer_ppa_boundary:u_boundary|flags[1]   ; clk          ; clk         ; 0.000        ; 0.055      ; 0.665      ;
; 0.467 ; posit_pack:u_packer|g_trunc.d_q[0]           ; packer_ppa_boundary:u_boundary|d[0]       ; clk          ; clk         ; 0.000        ; 0.054      ; 0.665      ;
; 0.495 ; packer_ppa_boundary:u_boundary|flags_in_q[2] ; posit_pack:u_packer|g_trunc.flags_q[2]    ; clk          ; clk         ; 0.000        ; 0.055      ; 0.694      ;
; 0.497 ; posit_pack:u_packer|g_trunc.flags_q[0]       ; packer_ppa_boundary:u_boundary|flags[0]   ; clk          ; clk         ; 0.000        ; 0.054      ; 0.695      ;
; 0.511 ; packer_ppa_boundary:u_boundary|flags_in_q[3] ; posit_pack:u_packer|g_trunc.flags_q[3]    ; clk          ; clk         ; 0.000        ; 0.055      ; 0.710      ;
; 0.541 ; packer_ppa_boundary:u_boundary|flags_in_q[4] ; posit_pack:u_packer|g_trunc.d_q[3]        ; clk          ; clk         ; 0.000        ; 0.054      ; 0.739      ;
; 0.541 ; packer_ppa_boundary:u_boundary|flags_in_q[4] ; posit_pack:u_packer|g_trunc.d_q[25]       ; clk          ; clk         ; 0.000        ; 0.054      ; 0.739      ;
; 0.543 ; packer_ppa_boundary:u_boundary|flags_in_q[4] ; posit_pack:u_packer|g_trunc.d_q[5]        ; clk          ; clk         ; 0.000        ; 0.054      ; 0.741      ;
; 0.545 ; packer_ppa_boundary:u_boundary|flags_in_q[4] ; posit_pack:u_packer|g_trunc.d_q[1]        ; clk          ; clk         ; 0.000        ; 0.054      ; 0.743      ;
; 0.576 ; packer_ppa_boundary:u_boundary|flags_in_q[4] ; posit_pack:u_packer|g_trunc.d_q[7]        ; clk          ; clk         ; 0.000        ; 0.054      ; 0.774      ;
; 0.654 ; posit_pack:u_packer|g_trunc.d_q[6]           ; packer_ppa_boundary:u_boundary|d[6]       ; clk          ; clk         ; 0.000        ; -0.259     ; 0.539      ;
; 0.704 ; posit_pack:u_packer|g_trunc.d_q[14]          ; packer_ppa_boundary:u_boundary|d[14]      ; clk          ; clk         ; 0.000        ; 0.052      ; 0.900      ;
; 0.730 ; posit_pack:u_packer|g_trunc.d_q[7]           ; packer_ppa_boundary:u_boundary|d[7]       ; clk          ; clk         ; 0.000        ; 0.060      ; 0.934      ;
; 0.734 ; packer_ppa_boundary:u_boundary|sign_q        ; posit_pack:u_packer|g_trunc.d_q[31]       ; clk          ; clk         ; 0.000        ; 0.418      ; 1.296      ;
; 0.736 ; posit_pack:u_packer|g_trunc.d_q[1]           ; packer_ppa_boundary:u_boundary|d[1]       ; clk          ; clk         ; 0.000        ; 0.060      ; 0.940      ;
; 0.780 ; posit_pack:u_packer|g_trunc.d_q[30]          ; packer_ppa_boundary:u_boundary|d[30]      ; clk          ; clk         ; 0.000        ; -0.259     ; 0.665      ;
; 0.790 ; posit_pack:u_packer|g_trunc.d_q[8]           ; packer_ppa_boundary:u_boundary|d[8]       ; clk          ; clk         ; 0.000        ; -0.260     ; 0.674      ;
; 0.809 ; posit_pack:u_packer|g_trunc.d_q[4]           ; packer_ppa_boundary:u_boundary|d[4]       ; clk          ; clk         ; 0.000        ; -0.260     ; 0.693      ;
; 0.839 ; posit_pack:u_packer|g_trunc.d_q[5]           ; packer_ppa_boundary:u_boundary|d[5]       ; clk          ; clk         ; 0.000        ; 0.060      ; 1.043      ;
; 0.860 ; posit_pack:u_packer|g_trunc.d_q[3]           ; packer_ppa_boundary:u_boundary|d[3]       ; clk          ; clk         ; 0.000        ; 0.060      ; 1.064      ;
; 0.904 ; posit_pack:u_packer|g_trunc.flags_q[4]       ; packer_ppa_boundary:u_boundary|flags[4]   ; clk          ; clk         ; 0.000        ; 0.047      ; 1.095      ;
; 0.929 ; posit_pack:u_packer|g_trunc.d_q[23]          ; packer_ppa_boundary:u_boundary|d[23]      ; clk          ; clk         ; 0.000        ; -0.258     ; 0.815      ;
; 0.937 ; posit_pack:u_packer|g_trunc.d_q[17]          ; packer_ppa_boundary:u_boundary|d[17]      ; clk          ; clk         ; 0.000        ; -0.282     ; 0.799      ;
; 0.949 ; posit_pack:u_packer|g_trunc.d_q[25]          ; packer_ppa_boundary:u_boundary|d[25]      ; clk          ; clk         ; 0.000        ; 0.060      ; 1.153      ;
; 0.967 ; posit_pack:u_packer|g_trunc.d_q[16]          ; packer_ppa_boundary:u_boundary|d[16]      ; clk          ; clk         ; 0.000        ; -0.289     ; 0.822      ;
; 0.974 ; posit_pack:u_packer|g_trunc.d_q[24]          ; packer_ppa_boundary:u_boundary|d[24]      ; clk          ; clk         ; 0.000        ; -0.268     ; 0.850      ;
; 0.993 ; packer_ppa_boundary:u_boundary|is_zero_q     ; posit_pack:u_packer|g_trunc.d_q[29]       ; clk          ; clk         ; 0.000        ; 0.082      ; 1.219      ;
; 1.008 ; packer_ppa_boundary:u_boundary|is_nar_q      ; posit_pack:u_packer|g_trunc.d_q[29]       ; clk          ; clk         ; 0.000        ; 0.421      ; 1.573      ;
; 1.019 ; posit_pack:u_packer|g_trunc.d_q[9]           ; packer_ppa_boundary:u_boundary|d[9]       ; clk          ; clk         ; 0.000        ; -0.263     ; 0.900      ;
; 1.062 ; posit_pack:u_packer|g_trunc.d_q[18]          ; packer_ppa_boundary:u_boundary|d[18]      ; clk          ; clk         ; 0.000        ; -0.287     ; 0.919      ;
; 1.063 ; posit_pack:u_packer|g_trunc.d_q[31]          ; packer_ppa_boundary:u_boundary|d[31]      ; clk          ; clk         ; 0.000        ; -0.289     ; 0.918      ;
; 1.070 ; posit_pack:u_packer|g_trunc.d_q[29]          ; packer_ppa_boundary:u_boundary|d[29]      ; clk          ; clk         ; 0.000        ; -0.287     ; 0.927      ;
; 1.094 ; packer_ppa_boundary:u_boundary|is_nar_q      ; posit_pack:u_packer|g_trunc.d_q[10]       ; clk          ; clk         ; 0.000        ; 0.389      ; 1.627      ;
; 1.094 ; packer_ppa_boundary:u_boundary|is_nar_q      ; posit_pack:u_packer|g_trunc.d_q[11]       ; clk          ; clk         ; 0.000        ; 0.389      ; 1.627      ;
; 1.094 ; packer_ppa_boundary:u_boundary|is_nar_q      ; posit_pack:u_packer|g_trunc.d_q[12]       ; clk          ; clk         ; 0.000        ; 0.389      ; 1.627      ;
; 1.099 ; packer_ppa_boundary:u_boundary|is_nar_q      ; posit_pack:u_packer|g_trunc.d_q[13]       ; clk          ; clk         ; 0.000        ; 0.389      ; 1.632      ;
; 1.099 ; packer_ppa_boundary:u_boundary|is_nar_q      ; posit_pack:u_packer|g_trunc.d_q[19]       ; clk          ; clk         ; 0.000        ; 0.389      ; 1.632      ;
; 1.127 ; packer_ppa_boundary:u_boundary|flags_in_q[4] ; posit_pack:u_packer|g_trunc.d_q[15]       ; clk          ; clk         ; 0.000        ; 0.416      ; 1.687      ;
; 1.127 ; packer_ppa_boundary:u_boundary|flags_in_q[4] ; posit_pack:u_packer|g_trunc.d_q[28]       ; clk          ; clk         ; 0.000        ; 0.416      ; 1.687      ;
; 1.128 ; packer_ppa_boundary:u_boundary|flags_in_q[4] ; posit_pack:u_packer|g_trunc.d_q[18]       ; clk          ; clk         ; 0.000        ; 0.416      ; 1.688      ;
; 1.130 ; packer_ppa_boundary:u_boundary|flags_in_q[4] ; posit_pack:u_packer|g_trunc.d_q[17]       ; clk          ; clk         ; 0.000        ; 0.416      ; 1.690      ;
; 1.131 ; packer_ppa_boundary:u_boundary|flags_in_q[4] ; posit_pack:u_packer|g_trunc.d_q[16]       ; clk          ; clk         ; 0.000        ; 0.416      ; 1.691      ;
; 1.148 ; posit_pack:u_packer|g_trunc.d_q[21]          ; packer_ppa_boundary:u_boundary|d[21]      ; clk          ; clk         ; 0.000        ; -0.244     ; 1.048      ;
; 1.161 ; packer_ppa_boundary:u_boundary|is_zero_q     ; posit_pack:u_packer|g_trunc.d_q[20]       ; clk          ; clk         ; 0.000        ; 0.083      ; 1.388      ;
; 1.161 ; packer_ppa_boundary:u_boundary|is_zero_q     ; posit_pack:u_packer|g_trunc.d_q[24]       ; clk          ; clk         ; 0.000        ; 0.083      ; 1.388      ;
; 1.161 ; packer_ppa_boundary:u_boundary|is_zero_q     ; posit_pack:u_packer|g_trunc.d_q[26]       ; clk          ; clk         ; 0.000        ; 0.083      ; 1.388      ;
; 1.162 ; packer_ppa_boundary:u_boundary|is_zero_q     ; posit_pack:u_packer|g_trunc.d_q[22]       ; clk          ; clk         ; 0.000        ; 0.083      ; 1.389      ;
; 1.193 ; packer_ppa_boundary:u_boundary|is_zero_q     ; posit_pack:u_packer|g_trunc.d_q[17]       ; clk          ; clk         ; 0.000        ; 0.082      ; 1.419      ;
; 1.194 ; packer_ppa_boundary:u_boundary|is_zero_q     ; posit_pack:u_packer|g_trunc.d_q[16]       ; clk          ; clk         ; 0.000        ; 0.082      ; 1.420      ;
; 1.194 ; packer_ppa_boundary:u_boundary|is_zero_q     ; posit_pack:u_packer|g_trunc.d_q[18]       ; clk          ; clk         ; 0.000        ; 0.082      ; 1.420      ;
; 1.196 ; packer_ppa_boundary:u_boundary|is_zero_q     ; posit_pack:u_packer|g_trunc.d_q[15]       ; clk          ; clk         ; 0.000        ; 0.082      ; 1.422      ;
; 1.197 ; packer_ppa_boundary:u_boundary|is_zero_q     ; posit_pack:u_packer|g_trunc.d_q[28]       ; clk          ; clk         ; 0.000        ; 0.082      ; 1.423      ;
; 1.205 ; posit_pack:u_packer|g_trunc.d_q[22]          ; packer_ppa_boundary:u_boundary|d[22]      ; clk          ; clk         ; 0.000        ; -0.286     ; 1.063      ;
; 1.206 ; packer_ppa_boundary:u_boundary|is_zero_q     ; posit_pack:u_packer|g_trunc.d_q[4]        ; clk          ; clk         ; 0.000        ; 0.044      ; 1.394      ;
; 1.206 ; packer_ppa_boundary:u_boundary|is_zero_q     ; posit_pack:u_packer|g_trunc.d_q[6]        ; clk          ; clk         ; 0.000        ; 0.044      ; 1.394      ;
; 1.207 ; packer_ppa_boundary:u_boundary|is_zero_q     ; posit_pack:u_packer|g_trunc.d_q[8]        ; clk          ; clk         ; 0.000        ; 0.044      ; 1.395      ;
; 1.207 ; packer_ppa_boundary:u_boundary|is_zero_q     ; posit_pack:u_packer|g_trunc.d_q[30]       ; clk          ; clk         ; 0.000        ; 0.044      ; 1.395      ;
; 1.208 ; posit_pack:u_packer|g_trunc.d_q[11]          ; packer_ppa_boundary:u_boundary|d[11]      ; clk          ; clk         ; 0.000        ; -0.265     ; 1.087      ;
; 1.210 ; packer_ppa_boundary:u_boundary|is_nar_q      ; posit_pack:u_packer|g_trunc.d_q[2]        ; clk          ; clk         ; 0.000        ; 0.396      ; 1.750      ;
; 1.210 ; packer_ppa_boundary:u_boundary|is_nar_q      ; posit_pack:u_packer|g_trunc.d_q[23]       ; clk          ; clk         ; 0.000        ; 0.396      ; 1.750      ;
; 1.211 ; packer_ppa_boundary:u_boundary|sticky_q      ; posit_pack:u_packer|g_trunc.flags_q[3]    ; clk          ; clk         ; 0.000        ; 0.057      ; 1.412      ;
; 1.211 ; packer_ppa_boundary:u_boundary|is_nar_q      ; posit_pack:u_packer|g_trunc.d_q[9]        ; clk          ; clk         ; 0.000        ; 0.396      ; 1.751      ;
; 1.211 ; packer_ppa_boundary:u_boundary|is_nar_q      ; posit_pack:u_packer|g_trunc.d_q[21]       ; clk          ; clk         ; 0.000        ; 0.396      ; 1.751      ;
; 1.211 ; packer_ppa_boundary:u_boundary|is_nar_q      ; posit_pack:u_packer|g_trunc.d_q[27]       ; clk          ; clk         ; 0.000        ; 0.396      ; 1.751      ;
; 1.211 ; posit_pack:u_packer|g_trunc.d_q[28]          ; packer_ppa_boundary:u_boundary|d[28]      ; clk          ; clk         ; 0.000        ; -0.286     ; 1.069      ;
; 1.245 ; packer_ppa_boundary:u_boundary|sign_q        ; posit_pack:u_packer|g_trunc.d_q[0]        ; clk          ; clk         ; 0.000        ; 0.060      ; 1.449      ;
; 1.245 ; posit_pack:u_packer|g_trunc.d_q[10]          ; packer_ppa_boundary:u_boundary|d[10]      ; clk          ; clk         ; 0.000        ; -0.265     ; 1.124      ;
; 1.249 ; posit_pack:u_packer|g_trunc.d_q[26]          ; packer_ppa_boundary:u_boundary|d[26]      ; clk          ; clk         ; 0.000        ; -0.287     ; 1.106      ;
; 1.256 ; posit_pack:u_packer|g_trunc.d_q[15]          ; packer_ppa_boundary:u_boundary|d[15]      ; clk          ; clk         ; 0.000        ; -0.289     ; 1.111      ;
; 1.275 ; posit_pack:u_packer|g_trunc.d_q[13]          ; packer_ppa_boundary:u_boundary|d[13]      ; clk          ; clk         ; 0.000        ; -0.255     ; 1.164      ;
; 1.283 ; packer_ppa_boundary:u_boundary|flags_in_q[4] ; posit_pack:u_packer|g_trunc.d_q[13]       ; clk          ; clk         ; 0.000        ; 0.384      ; 1.811      ;
; 1.284 ; packer_ppa_boundary:u_boundary|is_zero_q     ; posit_pack:u_packer|g_trunc.flags_q[2]    ; clk          ; clk         ; 0.000        ; -0.280     ; 1.148      ;
; 1.284 ; packer_ppa_boundary:u_boundary|frac_q[3]     ; posit_pack:u_packer|g_trunc.flags_q[3]    ; clk          ; clk         ; 0.000        ; 0.057      ; 1.485      ;
; 1.284 ; packer_ppa_boundary:u_boundary|flags_in_q[4] ; posit_pack:u_packer|g_trunc.d_q[10]       ; clk          ; clk         ; 0.000        ; 0.384      ; 1.812      ;
; 1.284 ; packer_ppa_boundary:u_boundary|flags_in_q[4] ; posit_pack:u_packer|g_trunc.d_q[19]       ; clk          ; clk         ; 0.000        ; 0.384      ; 1.812      ;
; 1.285 ; packer_ppa_boundary:u_boundary|flags_in_q[4] ; posit_pack:u_packer|g_trunc.d_q[11]       ; clk          ; clk         ; 0.000        ; 0.384      ; 1.813      ;
; 1.288 ; packer_ppa_boundary:u_boundary|flags_in_q[4] ; posit_pack:u_packer|g_trunc.d_q[12]       ; clk          ; clk         ; 0.000        ; 0.384      ; 1.816      ;
; 1.295 ; posit_pack:u_packer|g_trunc.d_q[19]          ; packer_ppa_boundary:u_boundary|d[19]      ; clk          ; clk         ; 0.000        ; -0.266     ; 1.173      ;
; 1.305 ; packer_ppa_boundary:u_boundary|is_nar_q      ; posit_pack:u_packer|g_trunc.flags_q[3]    ; clk          ; clk         ; 0.000        ; 0.060      ; 1.509      ;
; 1.305 ; packer_ppa_boundary:u_boundary|is_zero_q     ; posit_pack:u_packer|g_trunc.d_q[12]       ; clk          ; clk         ; 0.000        ; 0.050      ; 1.499      ;
; 1.308 ; packer_ppa_boundary:u_boundary|is_zero_q     ; posit_pack:u_packer|g_trunc.d_q[11]       ; clk          ; clk         ; 0.000        ; 0.050      ; 1.502      ;
; 1.309 ; packer_ppa_boundary:u_boundary|is_zero_q     ; posit_pack:u_packer|g_trunc.d_q[10]       ; clk          ; clk         ; 0.000        ; 0.050      ; 1.503      ;
; 1.309 ; packer_ppa_boundary:u_boundary|is_zero_q     ; posit_pack:u_packer|g_trunc.d_q[19]       ; clk          ; clk         ; 0.000        ; 0.050      ; 1.503      ;
; 1.309 ; packer_ppa_boundary:u_boundary|is_zero_q     ; posit_pack:u_packer|g_trunc.d_q[13]       ; clk          ; clk         ; 0.000        ; 0.050      ; 1.503      ;
; 1.311 ; posit_pack:u_packer|g_trunc.d_q[2]           ; packer_ppa_boundary:u_boundary|d[2]       ; clk          ; clk         ; 0.000        ; -0.268     ; 1.187      ;
; 1.314 ; posit_pack:u_packer|g_trunc.d_q[27]          ; packer_ppa_boundary:u_boundary|d[27]      ; clk          ; clk         ; 0.000        ; -0.244     ; 1.214      ;
; 1.324 ; packer_ppa_boundary:u_boundary|is_zero_q     ; posit_pack:u_packer|g_trunc.d_q[5]        ; clk          ; clk         ; 0.000        ; -0.280     ; 1.188      ;
; 1.325 ; packer_ppa_boundary:u_boundary|is_zero_q     ; posit_pack:u_packer|g_trunc.d_q[1]        ; clk          ; clk         ; 0.000        ; -0.280     ; 1.189      ;
; 1.327 ; packer_ppa_boundary:u_boundary|is_zero_q     ; posit_pack:u_packer|g_trunc.d_q[3]        ; clk          ; clk         ; 0.000        ; -0.280     ; 1.191      ;
; 1.327 ; packer_ppa_boundary:u_boundary|is_zero_q     ; posit_pack:u_packer|g_trunc.d_q[25]       ; clk          ; clk         ; 0.000        ; -0.280     ; 1.191      ;
; 1.327 ; posit_pack:u_packer|g_trunc.d_q[12]          ; packer_ppa_boundary:u_boundary|d[12]      ; clk          ; clk         ; 0.000        ; -0.265     ; 1.206      ;
; 1.333 ; packer_ppa_boundary:u_boundary|frac_q[7]     ; posit_pack:u_packer|g_trunc.flags_q[3]    ; clk          ; clk         ; 0.000        ; 0.055      ; 1.532      ;
; 1.345 ; posit_pack:u_packer|g_trunc.d_q[20]          ; packer_ppa_boundary:u_boundary|d[20]      ; clk          ; clk         ; 0.000        ; -0.293     ; 1.196      ;
; 1.353 ; packer_ppa_boundary:u_boundary|is_nar_q      ; posit_pack:u_packer|g_trunc.flags_q[4]    ; clk          ; clk         ; 0.000        ; 0.060      ; 1.557      ;
+-------+----------------------------------------------+-------------------------------------------+--------------+-------------+--------------+------------+------------+


+------------------------------------------------------------------------------------------------------------------------------------------------------------------------+
; Slow 1200mV 0C Model Recovery: 'clk'                                                                                                                                   ;
+-------+-------------------------------------------+----------------------------------------------+--------------+-------------+--------------+------------+------------+
; Slack ; From Node                                 ; To Node                                      ; Launch Clock ; Latch Clock ; Relationship ; Clock Skew ; Data Delay ;
+-------+-------------------------------------------+----------------------------------------------+--------------+-------------+--------------+------------+------------+
; 7.628 ; packer_ppa_boundary:u_boundary|meta_sync2 ; packer_ppa_boundary:u_boundary|d[17]         ; clk          ; clk         ; 10.000       ; -0.071     ; 2.296      ;
; 7.628 ; packer_ppa_boundary:u_boundary|meta_sync2 ; packer_ppa_boundary:u_boundary|d[23]         ; clk          ; clk         ; 10.000       ; -0.071     ; 2.296      ;
; 7.629 ; packer_ppa_boundary:u_boundary|meta_sync2 ; packer_ppa_boundary:u_boundary|d[13]         ; clk          ; clk         ; 10.000       ; -0.073     ; 2.293      ;
; 7.629 ; packer_ppa_boundary:u_boundary|meta_sync2 ; packer_ppa_boundary:u_boundary|d[22]         ; clk          ; clk         ; 10.000       ; -0.073     ; 2.293      ;
; 7.629 ; packer_ppa_boundary:u_boundary|meta_sync2 ; packer_ppa_boundary:u_boundary|d[26]         ; clk          ; clk         ; 10.000       ; -0.075     ; 2.291      ;
; 7.629 ; packer_ppa_boundary:u_boundary|meta_sync2 ; packer_ppa_boundary:u_boundary|d[28]         ; clk          ; clk         ; 10.000       ; -0.075     ; 2.291      ;
; 7.629 ; packer_ppa_boundary:u_boundary|meta_sync2 ; packer_ppa_boundary:u_boundary|flags_in_q[0] ; clk          ; clk         ; 10.000       ; -0.074     ; 2.292      ;
; 7.629 ; packer_ppa_boundary:u_boundary|meta_sync2 ; posit_pack:u_packer|g_trunc.flags_q[0]       ; clk          ; clk         ; 10.000       ; -0.074     ; 2.292      ;
; 7.629 ; packer_ppa_boundary:u_boundary|meta_sync2 ; packer_ppa_boundary:u_boundary|flags[0]      ; clk          ; clk         ; 10.000       ; -0.075     ; 2.291      ;
; 7.630 ; packer_ppa_boundary:u_boundary|meta_sync2 ; posit_pack:u_packer|g_trunc.valid_q          ; clk          ; clk         ; 10.000       ; -0.056     ; 2.309      ;
; 7.630 ; packer_ppa_boundary:u_boundary|meta_sync2 ; packer_ppa_boundary:u_boundary|out_valid     ; clk          ; clk         ; 10.000       ; -0.056     ; 2.309      ;
; 7.633 ; packer_ppa_boundary:u_boundary|meta_sync2 ; packer_ppa_boundary:u_boundary|flags_in_q[4] ; clk          ; clk         ; 10.000       ; -0.081     ; 2.281      ;
; 7.633 ; packer_ppa_boundary:u_boundary|meta_sync2 ; posit_pack:u_packer|g_trunc.d_q[1]           ; clk          ; clk         ; 10.000       ; -0.081     ; 2.281      ;
; 7.633 ; packer_ppa_boundary:u_boundary|meta_sync2 ; posit_pack:u_packer|g_trunc.d_q[3]           ; clk          ; clk         ; 10.000       ; -0.081     ; 2.281      ;
; 7.633 ; packer_ppa_boundary:u_boundary|meta_sync2 ; posit_pack:u_packer|g_trunc.d_q[5]           ; clk          ; clk         ; 10.000       ; -0.081     ; 2.281      ;
; 7.633 ; packer_ppa_boundary:u_boundary|meta_sync2 ; posit_pack:u_packer|g_trunc.d_q[7]           ; clk          ; clk         ; 10.000       ; -0.081     ; 2.281      ;
; 7.633 ; packer_ppa_boundary:u_boundary|meta_sync2 ; packer_ppa_boundary:u_boundary|d[15]         ; clk          ; clk         ; 10.000       ; -0.078     ; 2.284      ;
; 7.633 ; packer_ppa_boundary:u_boundary|meta_sync2 ; posit_pack:u_packer|g_trunc.d_q[25]          ; clk          ; clk         ; 10.000       ; -0.081     ; 2.281      ;
; 7.634 ; packer_ppa_boundary:u_boundary|meta_sync2 ; packer_ppa_boundary:u_boundary|frac_q[36]    ; clk          ; clk         ; 10.000       ; -0.082     ; 2.279      ;
; 7.634 ; packer_ppa_boundary:u_boundary|meta_sync2 ; packer_ppa_boundary:u_boundary|frac_q[38]    ; clk          ; clk         ; 10.000       ; -0.082     ; 2.279      ;
; 7.634 ; packer_ppa_boundary:u_boundary|meta_sync2 ; packer_ppa_boundary:u_boundary|frac_q[37]    ; clk          ; clk         ; 10.000       ; -0.082     ; 2.279      ;
; 7.634 ; packer_ppa_boundary:u_boundary|meta_sync2 ; packer_ppa_boundary:u_boundary|frac_q[39]    ; clk          ; clk         ; 10.000       ; -0.082     ; 2.279      ;
; 7.634 ; packer_ppa_boundary:u_boundary|meta_sync2 ; packer_ppa_boundary:u_boundary|frac_q[40]    ; clk          ; clk         ; 10.000       ; -0.082     ; 2.279      ;
; 7.634 ; packer_ppa_boundary:u_boundary|meta_sync2 ; packer_ppa_boundary:u_boundary|frac_q[33]    ; clk          ; clk         ; 10.000       ; -0.082     ; 2.279      ;
; 7.634 ; packer_ppa_boundary:u_boundary|meta_sync2 ; packer_ppa_boundary:u_boundary|frac_q[35]    ; clk          ; clk         ; 10.000       ; -0.082     ; 2.279      ;
; 7.634 ; packer_ppa_boundary:u_boundary|meta_sync2 ; packer_ppa_boundary:u_boundary|frac_q[34]    ; clk          ; clk         ; 10.000       ; -0.082     ; 2.279      ;
; 7.634 ; packer_ppa_boundary:u_boundary|meta_sync2 ; posit_pack:u_packer|g_trunc.d_q[0]           ; clk          ; clk         ; 10.000       ; -0.077     ; 2.284      ;
; 7.634 ; packer_ppa_boundary:u_boundary|meta_sync2 ; packer_ppa_boundary:u_boundary|d[0]          ; clk          ; clk         ; 10.000       ; -0.077     ; 2.284      ;
; 7.634 ; packer_ppa_boundary:u_boundary|meta_sync2 ; packer_ppa_boundary:u_boundary|d[1]          ; clk          ; clk         ; 10.000       ; -0.076     ; 2.285      ;
; 7.634 ; packer_ppa_boundary:u_boundary|meta_sync2 ; packer_ppa_boundary:u_boundary|d[2]          ; clk          ; clk         ; 10.000       ; -0.080     ; 2.281      ;
; 7.634 ; packer_ppa_boundary:u_boundary|meta_sync2 ; packer_ppa_boundary:u_boundary|d[3]          ; clk          ; clk         ; 10.000       ; -0.076     ; 2.285      ;
; 7.634 ; packer_ppa_boundary:u_boundary|meta_sync2 ; packer_ppa_boundary:u_boundary|d[4]          ; clk          ; clk         ; 10.000       ; -0.084     ; 2.277      ;
; 7.634 ; packer_ppa_boundary:u_boundary|meta_sync2 ; packer_ppa_boundary:u_boundary|d[5]          ; clk          ; clk         ; 10.000       ; -0.076     ; 2.285      ;
; 7.634 ; packer_ppa_boundary:u_boundary|meta_sync2 ; packer_ppa_boundary:u_boundary|d[6]          ; clk          ; clk         ; 10.000       ; -0.083     ; 2.278      ;
; 7.634 ; packer_ppa_boundary:u_boundary|meta_sync2 ; packer_ppa_boundary:u_boundary|d[7]          ; clk          ; clk         ; 10.000       ; -0.076     ; 2.285      ;
; 7.634 ; packer_ppa_boundary:u_boundary|meta_sync2 ; packer_ppa_boundary:u_boundary|d[8]          ; clk          ; clk         ; 10.000       ; -0.084     ; 2.277      ;
; 7.634 ; packer_ppa_boundary:u_boundary|meta_sync2 ; packer_ppa_boundary:u_boundary|d[9]          ; clk          ; clk         ; 10.000       ; -0.076     ; 2.285      ;
; 7.634 ; packer_ppa_boundary:u_boundary|meta_sync2 ; packer_ppa_boundary:u_boundary|d[10]         ; clk          ; clk         ; 10.000       ; -0.083     ; 2.278      ;
; 7.634 ; packer_ppa_boundary:u_boundary|meta_sync2 ; packer_ppa_boundary:u_boundary|d[11]         ; clk          ; clk         ; 10.000       ; -0.083     ; 2.278      ;
; 7.634 ; packer_ppa_boundary:u_boundary|meta_sync2 ; packer_ppa_boundary:u_boundary|d[12]         ; clk          ; clk         ; 10.000       ; -0.083     ; 2.278      ;
; 7.634 ; packer_ppa_boundary:u_boundary|meta_sync2 ; posit_pack:u_packer|g_trunc.d_q[14]          ; clk          ; clk         ; 10.000       ; -0.084     ; 2.277      ;
; 7.634 ; packer_ppa_boundary:u_boundary|meta_sync2 ; packer_ppa_boundary:u_boundary|d[14]         ; clk          ; clk         ; 10.000       ; -0.086     ; 2.275      ;
; 7.634 ; packer_ppa_boundary:u_boundary|meta_sync2 ; packer_ppa_boundary:u_boundary|d[16]         ; clk          ; clk         ; 10.000       ; -0.077     ; 2.284      ;
; 7.634 ; packer_ppa_boundary:u_boundary|meta_sync2 ; packer_ppa_boundary:u_boundary|d[18]         ; clk          ; clk         ; 10.000       ; -0.076     ; 2.285      ;
; 7.634 ; packer_ppa_boundary:u_boundary|meta_sync2 ; packer_ppa_boundary:u_boundary|d[19]         ; clk          ; clk         ; 10.000       ; -0.084     ; 2.277      ;
; 7.634 ; packer_ppa_boundary:u_boundary|meta_sync2 ; packer_ppa_boundary:u_boundary|d[20]         ; clk          ; clk         ; 10.000       ; -0.080     ; 2.281      ;
; 7.634 ; packer_ppa_boundary:u_boundary|meta_sync2 ; packer_ppa_boundary:u_boundary|d[25]         ; clk          ; clk         ; 10.000       ; -0.076     ; 2.285      ;
; 7.634 ; packer_ppa_boundary:u_boundary|meta_sync2 ; packer_ppa_boundary:u_boundary|d[29]         ; clk          ; clk         ; 10.000       ; -0.076     ; 2.285      ;
; 7.634 ; packer_ppa_boundary:u_boundary|meta_sync2 ; packer_ppa_boundary:u_boundary|d[30]         ; clk          ; clk         ; 10.000       ; -0.083     ; 2.278      ;
; 7.634 ; packer_ppa_boundary:u_boundary|meta_sync2 ; packer_ppa_boundary:u_boundary|d[31]         ; clk          ; clk         ; 10.000       ; -0.077     ; 2.284      ;
; 7.647 ; packer_ppa_boundary:u_boundary|meta_sync2 ; packer_ppa_boundary:u_boundary|frac_q[32]    ; clk          ; clk         ; 10.000       ; -0.055     ; 2.293      ;
; 7.647 ; packer_ppa_boundary:u_boundary|meta_sync2 ; packer_ppa_boundary:u_boundary|frac_q[31]    ; clk          ; clk         ; 10.000       ; -0.055     ; 2.293      ;
; 7.647 ; packer_ppa_boundary:u_boundary|meta_sync2 ; packer_ppa_boundary:u_boundary|frac_q[28]    ; clk          ; clk         ; 10.000       ; -0.055     ; 2.293      ;
; 7.647 ; packer_ppa_boundary:u_boundary|meta_sync2 ; packer_ppa_boundary:u_boundary|frac_q[30]    ; clk          ; clk         ; 10.000       ; -0.055     ; 2.293      ;
; 7.647 ; packer_ppa_boundary:u_boundary|meta_sync2 ; packer_ppa_boundary:u_boundary|sign_q        ; clk          ; clk         ; 10.000       ; -0.055     ; 2.293      ;
; 7.647 ; packer_ppa_boundary:u_boundary|meta_sync2 ; packer_ppa_boundary:u_boundary|d[21]         ; clk          ; clk         ; 10.000       ; -0.057     ; 2.291      ;
; 7.647 ; packer_ppa_boundary:u_boundary|meta_sync2 ; packer_ppa_boundary:u_boundary|d[27]         ; clk          ; clk         ; 10.000       ; -0.057     ; 2.291      ;
; 7.647 ; packer_ppa_boundary:u_boundary|meta_sync2 ; packer_ppa_boundary:u_boundary|frac_q[19]    ; clk          ; clk         ; 10.000       ; -0.055     ; 2.293      ;
; 7.647 ; packer_ppa_boundary:u_boundary|meta_sync2 ; packer_ppa_boundary:u_boundary|frac_q[16]    ; clk          ; clk         ; 10.000       ; -0.055     ; 2.293      ;
; 7.647 ; packer_ppa_boundary:u_boundary|meta_sync2 ; packer_ppa_boundary:u_boundary|frac_q[18]    ; clk          ; clk         ; 10.000       ; -0.055     ; 2.293      ;
; 7.647 ; packer_ppa_boundary:u_boundary|meta_sync2 ; packer_ppa_boundary:u_boundary|frac_q[15]    ; clk          ; clk         ; 10.000       ; -0.055     ; 2.293      ;
; 7.647 ; packer_ppa_boundary:u_boundary|meta_sync2 ; packer_ppa_boundary:u_boundary|frac_q[14]    ; clk          ; clk         ; 10.000       ; -0.055     ; 2.293      ;
; 7.648 ; packer_ppa_boundary:u_boundary|meta_sync2 ; packer_ppa_boundary:u_boundary|sf_q[9]       ; clk          ; clk         ; 10.000       ; -0.060     ; 2.287      ;
; 7.648 ; packer_ppa_boundary:u_boundary|meta_sync2 ; packer_ppa_boundary:u_boundary|sf_q[4]       ; clk          ; clk         ; 10.000       ; -0.058     ; 2.289      ;
; 7.648 ; packer_ppa_boundary:u_boundary|meta_sync2 ; packer_ppa_boundary:u_boundary|sf_q[2]       ; clk          ; clk         ; 10.000       ; -0.060     ; 2.287      ;
; 7.648 ; packer_ppa_boundary:u_boundary|meta_sync2 ; packer_ppa_boundary:u_boundary|sf_q[3]       ; clk          ; clk         ; 10.000       ; -0.060     ; 2.287      ;
; 7.648 ; packer_ppa_boundary:u_boundary|meta_sync2 ; packer_ppa_boundary:u_boundary|frac_q[52]    ; clk          ; clk         ; 10.000       ; -0.060     ; 2.287      ;
; 7.648 ; packer_ppa_boundary:u_boundary|meta_sync2 ; packer_ppa_boundary:u_boundary|frac_q[54]    ; clk          ; clk         ; 10.000       ; -0.060     ; 2.287      ;
; 7.648 ; packer_ppa_boundary:u_boundary|meta_sync2 ; packer_ppa_boundary:u_boundary|sf_q[0]       ; clk          ; clk         ; 10.000       ; -0.060     ; 2.287      ;
; 7.648 ; packer_ppa_boundary:u_boundary|meta_sync2 ; packer_ppa_boundary:u_boundary|sf_q[1]       ; clk          ; clk         ; 10.000       ; -0.060     ; 2.287      ;
; 7.648 ; packer_ppa_boundary:u_boundary|meta_sync2 ; packer_ppa_boundary:u_boundary|frac_q[46]    ; clk          ; clk         ; 10.000       ; -0.060     ; 2.287      ;
; 7.648 ; packer_ppa_boundary:u_boundary|meta_sync2 ; packer_ppa_boundary:u_boundary|frac_q[44]    ; clk          ; clk         ; 10.000       ; -0.060     ; 2.287      ;
; 7.648 ; packer_ppa_boundary:u_boundary|meta_sync2 ; packer_ppa_boundary:u_boundary|frac_q[45]    ; clk          ; clk         ; 10.000       ; -0.058     ; 2.289      ;
; 7.648 ; packer_ppa_boundary:u_boundary|meta_sync2 ; packer_ppa_boundary:u_boundary|frac_q[50]    ; clk          ; clk         ; 10.000       ; -0.060     ; 2.287      ;
; 7.648 ; packer_ppa_boundary:u_boundary|meta_sync2 ; packer_ppa_boundary:u_boundary|frac_q[48]    ; clk          ; clk         ; 10.000       ; -0.060     ; 2.287      ;
; 7.648 ; packer_ppa_boundary:u_boundary|meta_sync2 ; packer_ppa_boundary:u_boundary|sf_q[5]       ; clk          ; clk         ; 10.000       ; -0.058     ; 2.289      ;
; 7.648 ; packer_ppa_boundary:u_boundary|meta_sync2 ; packer_ppa_boundary:u_boundary|is_nar_q      ; clk          ; clk         ; 10.000       ; -0.058     ; 2.289      ;
; 7.648 ; packer_ppa_boundary:u_boundary|meta_sync2 ; packer_ppa_boundary:u_boundary|sf_q[6]       ; clk          ; clk         ; 10.000       ; -0.058     ; 2.289      ;
; 7.648 ; packer_ppa_boundary:u_boundary|meta_sync2 ; packer_ppa_boundary:u_boundary|sf_q[8]       ; clk          ; clk         ; 10.000       ; -0.058     ; 2.289      ;
; 7.648 ; packer_ppa_boundary:u_boundary|meta_sync2 ; packer_ppa_boundary:u_boundary|sf_q[7]       ; clk          ; clk         ; 10.000       ; -0.058     ; 2.289      ;
; 7.648 ; packer_ppa_boundary:u_boundary|meta_sync2 ; packer_ppa_boundary:u_boundary|frac_q[42]    ; clk          ; clk         ; 10.000       ; -0.060     ; 2.287      ;
; 7.648 ; packer_ppa_boundary:u_boundary|meta_sync2 ; packer_ppa_boundary:u_boundary|frac_q[41]    ; clk          ; clk         ; 10.000       ; -0.060     ; 2.287      ;
; 7.648 ; packer_ppa_boundary:u_boundary|meta_sync2 ; packer_ppa_boundary:u_boundary|frac_q[43]    ; clk          ; clk         ; 10.000       ; -0.060     ; 2.287      ;
; 7.648 ; packer_ppa_boundary:u_boundary|meta_sync2 ; packer_ppa_boundary:u_boundary|frac_q[29]    ; clk          ; clk         ; 10.000       ; -0.060     ; 2.287      ;
; 7.648 ; packer_ppa_boundary:u_boundary|meta_sync2 ; packer_ppa_boundary:u_boundary|d[24]         ; clk          ; clk         ; 10.000       ; -0.056     ; 2.291      ;
; 7.648 ; packer_ppa_boundary:u_boundary|meta_sync2 ; packer_ppa_boundary:u_boundary|frac_q[25]    ; clk          ; clk         ; 10.000       ; -0.053     ; 2.294      ;
; 7.648 ; packer_ppa_boundary:u_boundary|meta_sync2 ; packer_ppa_boundary:u_boundary|frac_q[23]    ; clk          ; clk         ; 10.000       ; -0.053     ; 2.294      ;
; 7.648 ; packer_ppa_boundary:u_boundary|meta_sync2 ; packer_ppa_boundary:u_boundary|frac_q[22]    ; clk          ; clk         ; 10.000       ; -0.053     ; 2.294      ;
; 7.648 ; packer_ppa_boundary:u_boundary|meta_sync2 ; packer_ppa_boundary:u_boundary|frac_q[24]    ; clk          ; clk         ; 10.000       ; -0.053     ; 2.294      ;
; 7.648 ; packer_ppa_boundary:u_boundary|meta_sync2 ; packer_ppa_boundary:u_boundary|frac_q[26]    ; clk          ; clk         ; 10.000       ; -0.053     ; 2.294      ;
; 7.648 ; packer_ppa_boundary:u_boundary|meta_sync2 ; packer_ppa_boundary:u_boundary|frac_q[27]    ; clk          ; clk         ; 10.000       ; -0.053     ; 2.294      ;
; 7.648 ; packer_ppa_boundary:u_boundary|meta_sync2 ; packer_ppa_boundary:u_boundary|frac_q[17]    ; clk          ; clk         ; 10.000       ; -0.055     ; 2.292      ;
; 7.648 ; packer_ppa_boundary:u_boundary|meta_sync2 ; packer_ppa_boundary:u_boundary|frac_q[0]     ; clk          ; clk         ; 10.000       ; -0.055     ; 2.292      ;
; 7.648 ; packer_ppa_boundary:u_boundary|meta_sync2 ; packer_ppa_boundary:u_boundary|frac_q[2]     ; clk          ; clk         ; 10.000       ; -0.055     ; 2.292      ;
; 7.648 ; packer_ppa_boundary:u_boundary|meta_sync2 ; packer_ppa_boundary:u_boundary|frac_q[3]     ; clk          ; clk         ; 10.000       ; -0.055     ; 2.292      ;
; 7.648 ; packer_ppa_boundary:u_boundary|meta_sync2 ; packer_ppa_boundary:u_boundary|frac_q[1]     ; clk          ; clk         ; 10.000       ; -0.055     ; 2.292      ;
; 7.648 ; packer_ppa_boundary:u_boundary|meta_sync2 ; packer_ppa_boundary:u_boundary|frac_q[13]    ; clk          ; clk         ; 10.000       ; -0.053     ; 2.294      ;
; 7.648 ; packer_ppa_boundary:u_boundary|meta_sync2 ; packer_ppa_boundary:u_boundary|frac_q[11]    ; clk          ; clk         ; 10.000       ; -0.053     ; 2.294      ;
; 7.648 ; packer_ppa_boundary:u_boundary|meta_sync2 ; packer_ppa_boundary:u_boundary|frac_q[10]    ; clk          ; clk         ; 10.000       ; -0.053     ; 2.294      ;
; 7.648 ; packer_ppa_boundary:u_boundary|meta_sync2 ; packer_ppa_boundary:u_boundary|frac_q[12]    ; clk          ; clk         ; 10.000       ; -0.053     ; 2.294      ;
+-------+-------------------------------------------+----------------------------------------------+--------------+-------------+--------------+------------+------------+


+------------------------------------------------------------------------------------------------------------------------------------------------------------------------+
; Slow 1200mV 0C Model Removal: 'clk'                                                                                                                                    ;
+-------+-------------------------------------------+----------------------------------------------+--------------+-------------+--------------+------------+------------+
; Slack ; From Node                                 ; To Node                                      ; Launch Clock ; Latch Clock ; Relationship ; Clock Skew ; Data Delay ;
+-------+-------------------------------------------+----------------------------------------------+--------------+-------------+--------------+------------+------------+
; 1.588 ; packer_ppa_boundary:u_boundary|meta_sync2 ; posit_pack:u_packer|g_trunc.d_q[20]          ; clk          ; clk         ; 0.000        ; 0.419      ; 2.151      ;
; 1.588 ; packer_ppa_boundary:u_boundary|meta_sync2 ; posit_pack:u_packer|g_trunc.d_q[22]          ; clk          ; clk         ; 0.000        ; 0.419      ; 2.151      ;
; 1.588 ; packer_ppa_boundary:u_boundary|meta_sync2 ; posit_pack:u_packer|g_trunc.d_q[24]          ; clk          ; clk         ; 0.000        ; 0.419      ; 2.151      ;
; 1.588 ; packer_ppa_boundary:u_boundary|meta_sync2 ; posit_pack:u_packer|g_trunc.d_q[26]          ; clk          ; clk         ; 0.000        ; 0.419      ; 2.151      ;
; 1.589 ; packer_ppa_boundary:u_boundary|meta_sync2 ; posit_pack:u_packer|g_trunc.d_q[15]          ; clk          ; clk         ; 0.000        ; 0.418      ; 2.151      ;
; 1.589 ; packer_ppa_boundary:u_boundary|meta_sync2 ; posit_pack:u_packer|g_trunc.d_q[16]          ; clk          ; clk         ; 0.000        ; 0.418      ; 2.151      ;
; 1.589 ; packer_ppa_boundary:u_boundary|meta_sync2 ; posit_pack:u_packer|g_trunc.d_q[17]          ; clk          ; clk         ; 0.000        ; 0.418      ; 2.151      ;
; 1.589 ; packer_ppa_boundary:u_boundary|meta_sync2 ; posit_pack:u_packer|g_trunc.d_q[18]          ; clk          ; clk         ; 0.000        ; 0.418      ; 2.151      ;
; 1.589 ; packer_ppa_boundary:u_boundary|meta_sync2 ; posit_pack:u_packer|g_trunc.d_q[28]          ; clk          ; clk         ; 0.000        ; 0.418      ; 2.151      ;
; 1.589 ; packer_ppa_boundary:u_boundary|meta_sync2 ; posit_pack:u_packer|g_trunc.d_q[29]          ; clk          ; clk         ; 0.000        ; 0.418      ; 2.151      ;
; 1.589 ; packer_ppa_boundary:u_boundary|meta_sync2 ; posit_pack:u_packer|g_trunc.d_q[31]          ; clk          ; clk         ; 0.000        ; 0.418      ; 2.151      ;
; 1.599 ; packer_ppa_boundary:u_boundary|meta_sync2 ; packer_ppa_boundary:u_boundary|is_zero_q     ; clk          ; clk         ; 0.000        ; 0.405      ; 2.148      ;
; 1.613 ; packer_ppa_boundary:u_boundary|meta_sync2 ; posit_pack:u_packer|g_trunc.d_q[4]           ; clk          ; clk         ; 0.000        ; 0.380      ; 2.137      ;
; 1.613 ; packer_ppa_boundary:u_boundary|meta_sync2 ; posit_pack:u_packer|g_trunc.d_q[6]           ; clk          ; clk         ; 0.000        ; 0.380      ; 2.137      ;
; 1.613 ; packer_ppa_boundary:u_boundary|meta_sync2 ; posit_pack:u_packer|g_trunc.d_q[8]           ; clk          ; clk         ; 0.000        ; 0.380      ; 2.137      ;
; 1.613 ; packer_ppa_boundary:u_boundary|meta_sync2 ; posit_pack:u_packer|g_trunc.d_q[30]          ; clk          ; clk         ; 0.000        ; 0.380      ; 2.137      ;
; 1.614 ; packer_ppa_boundary:u_boundary|meta_sync2 ; posit_pack:u_packer|g_trunc.d_q[2]           ; clk          ; clk         ; 0.000        ; 0.393      ; 2.151      ;
; 1.614 ; packer_ppa_boundary:u_boundary|meta_sync2 ; posit_pack:u_packer|g_trunc.d_q[9]           ; clk          ; clk         ; 0.000        ; 0.393      ; 2.151      ;
; 1.614 ; packer_ppa_boundary:u_boundary|meta_sync2 ; posit_pack:u_packer|g_trunc.d_q[10]          ; clk          ; clk         ; 0.000        ; 0.386      ; 2.144      ;
; 1.614 ; packer_ppa_boundary:u_boundary|meta_sync2 ; posit_pack:u_packer|g_trunc.d_q[11]          ; clk          ; clk         ; 0.000        ; 0.386      ; 2.144      ;
; 1.614 ; packer_ppa_boundary:u_boundary|meta_sync2 ; posit_pack:u_packer|g_trunc.d_q[12]          ; clk          ; clk         ; 0.000        ; 0.386      ; 2.144      ;
; 1.614 ; packer_ppa_boundary:u_boundary|meta_sync2 ; posit_pack:u_packer|g_trunc.d_q[13]          ; clk          ; clk         ; 0.000        ; 0.386      ; 2.144      ;
; 1.614 ; packer_ppa_boundary:u_boundary|meta_sync2 ; posit_pack:u_packer|g_trunc.d_q[19]          ; clk          ; clk         ; 0.000        ; 0.386      ; 2.144      ;
; 1.614 ; packer_ppa_boundary:u_boundary|meta_sync2 ; posit_pack:u_packer|g_trunc.d_q[21]          ; clk          ; clk         ; 0.000        ; 0.393      ; 2.151      ;
; 1.614 ; packer_ppa_boundary:u_boundary|meta_sync2 ; posit_pack:u_packer|g_trunc.d_q[23]          ; clk          ; clk         ; 0.000        ; 0.393      ; 2.151      ;
; 1.614 ; packer_ppa_boundary:u_boundary|meta_sync2 ; posit_pack:u_packer|g_trunc.d_q[27]          ; clk          ; clk         ; 0.000        ; 0.393      ; 2.151      ;
; 1.938 ; packer_ppa_boundary:u_boundary|meta_sync2 ; packer_ppa_boundary:u_boundary|d[1]          ; clk          ; clk         ; 0.000        ; 0.062      ; 2.144      ;
; 1.938 ; packer_ppa_boundary:u_boundary|meta_sync2 ; packer_ppa_boundary:u_boundary|d[3]          ; clk          ; clk         ; 0.000        ; 0.062      ; 2.144      ;
; 1.938 ; packer_ppa_boundary:u_boundary|meta_sync2 ; packer_ppa_boundary:u_boundary|d[5]          ; clk          ; clk         ; 0.000        ; 0.062      ; 2.144      ;
; 1.938 ; packer_ppa_boundary:u_boundary|meta_sync2 ; packer_ppa_boundary:u_boundary|d[7]          ; clk          ; clk         ; 0.000        ; 0.062      ; 2.144      ;
; 1.938 ; packer_ppa_boundary:u_boundary|meta_sync2 ; packer_ppa_boundary:u_boundary|d[25]         ; clk          ; clk         ; 0.000        ; 0.062      ; 2.144      ;
; 1.939 ; packer_ppa_boundary:u_boundary|meta_sync2 ; packer_ppa_boundary:u_boundary|flags_in_q[4] ; clk          ; clk         ; 0.000        ; 0.056      ; 2.139      ;
; 1.939 ; packer_ppa_boundary:u_boundary|meta_sync2 ; posit_pack:u_packer|g_trunc.valid_q          ; clk          ; clk         ; 0.000        ; 0.082      ; 2.165      ;
; 1.939 ; packer_ppa_boundary:u_boundary|meta_sync2 ; packer_ppa_boundary:u_boundary|out_valid     ; clk          ; clk         ; 0.000        ; 0.082      ; 2.165      ;
; 1.939 ; packer_ppa_boundary:u_boundary|meta_sync2 ; posit_pack:u_packer|g_trunc.d_q[1]           ; clk          ; clk         ; 0.000        ; 0.056      ; 2.139      ;
; 1.939 ; packer_ppa_boundary:u_boundary|meta_sync2 ; packer_ppa_boundary:u_boundary|d[2]          ; clk          ; clk         ; 0.000        ; 0.057      ; 2.140      ;
; 1.939 ; packer_ppa_boundary:u_boundary|meta_sync2 ; posit_pack:u_packer|g_trunc.d_q[3]           ; clk          ; clk         ; 0.000        ; 0.056      ; 2.139      ;
; 1.939 ; packer_ppa_boundary:u_boundary|meta_sync2 ; packer_ppa_boundary:u_boundary|d[4]          ; clk          ; clk         ; 0.000        ; 0.053      ; 2.136      ;
; 1.939 ; packer_ppa_boundary:u_boundary|meta_sync2 ; posit_pack:u_packer|g_trunc.d_q[5]           ; clk          ; clk         ; 0.000        ; 0.056      ; 2.139      ;
; 1.939 ; packer_ppa_boundary:u_boundary|meta_sync2 ; packer_ppa_boundary:u_boundary|d[6]          ; clk          ; clk         ; 0.000        ; 0.054      ; 2.137      ;
; 1.939 ; packer_ppa_boundary:u_boundary|meta_sync2 ; posit_pack:u_packer|g_trunc.d_q[7]           ; clk          ; clk         ; 0.000        ; 0.056      ; 2.139      ;
; 1.939 ; packer_ppa_boundary:u_boundary|meta_sync2 ; packer_ppa_boundary:u_boundary|d[8]          ; clk          ; clk         ; 0.000        ; 0.053      ; 2.136      ;
; 1.939 ; packer_ppa_boundary:u_boundary|meta_sync2 ; packer_ppa_boundary:u_boundary|d[9]          ; clk          ; clk         ; 0.000        ; 0.062      ; 2.145      ;
; 1.939 ; packer_ppa_boundary:u_boundary|meta_sync2 ; posit_pack:u_packer|g_trunc.d_q[14]          ; clk          ; clk         ; 0.000        ; 0.053      ; 2.136      ;
; 1.939 ; packer_ppa_boundary:u_boundary|meta_sync2 ; packer_ppa_boundary:u_boundary|d[15]         ; clk          ; clk         ; 0.000        ; 0.060      ; 2.143      ;
; 1.939 ; packer_ppa_boundary:u_boundary|meta_sync2 ; packer_ppa_boundary:u_boundary|d[18]         ; clk          ; clk         ; 0.000        ; 0.062      ; 2.145      ;
; 1.939 ; packer_ppa_boundary:u_boundary|meta_sync2 ; packer_ppa_boundary:u_boundary|d[19]         ; clk          ; clk         ; 0.000        ; 0.053      ; 2.136      ;
; 1.939 ; packer_ppa_boundary:u_boundary|meta_sync2 ; posit_pack:u_packer|g_trunc.d_q[25]          ; clk          ; clk         ; 0.000        ; 0.056      ; 2.139      ;
; 1.939 ; packer_ppa_boundary:u_boundary|meta_sync2 ; packer_ppa_boundary:u_boundary|d[26]         ; clk          ; clk         ; 0.000        ; 0.063      ; 2.146      ;
; 1.939 ; packer_ppa_boundary:u_boundary|meta_sync2 ; packer_ppa_boundary:u_boundary|d[28]         ; clk          ; clk         ; 0.000        ; 0.063      ; 2.146      ;
; 1.939 ; packer_ppa_boundary:u_boundary|meta_sync2 ; packer_ppa_boundary:u_boundary|d[29]         ; clk          ; clk         ; 0.000        ; 0.062      ; 2.145      ;
; 1.939 ; packer_ppa_boundary:u_boundary|meta_sync2 ; packer_ppa_boundary:u_boundary|d[30]         ; clk          ; clk         ; 0.000        ; 0.054      ; 2.137      ;
; 1.939 ; packer_ppa_boundary:u_boundary|meta_sync2 ; packer_ppa_boundary:u_boundary|flags[0]      ; clk          ; clk         ; 0.000        ; 0.063      ; 2.146      ;
; 1.940 ; packer_ppa_boundary:u_boundary|meta_sync2 ; packer_ppa_boundary:u_boundary|frac_q[36]    ; clk          ; clk         ; 0.000        ; 0.055      ; 2.139      ;
; 1.940 ; packer_ppa_boundary:u_boundary|meta_sync2 ; packer_ppa_boundary:u_boundary|frac_q[38]    ; clk          ; clk         ; 0.000        ; 0.055      ; 2.139      ;
; 1.940 ; packer_ppa_boundary:u_boundary|meta_sync2 ; packer_ppa_boundary:u_boundary|frac_q[37]    ; clk          ; clk         ; 0.000        ; 0.055      ; 2.139      ;
; 1.940 ; packer_ppa_boundary:u_boundary|meta_sync2 ; packer_ppa_boundary:u_boundary|frac_q[39]    ; clk          ; clk         ; 0.000        ; 0.055      ; 2.139      ;
; 1.940 ; packer_ppa_boundary:u_boundary|meta_sync2 ; packer_ppa_boundary:u_boundary|frac_q[40]    ; clk          ; clk         ; 0.000        ; 0.055      ; 2.139      ;
; 1.940 ; packer_ppa_boundary:u_boundary|meta_sync2 ; packer_ppa_boundary:u_boundary|frac_q[33]    ; clk          ; clk         ; 0.000        ; 0.055      ; 2.139      ;
; 1.940 ; packer_ppa_boundary:u_boundary|meta_sync2 ; packer_ppa_boundary:u_boundary|frac_q[35]    ; clk          ; clk         ; 0.000        ; 0.055      ; 2.139      ;
; 1.940 ; packer_ppa_boundary:u_boundary|meta_sync2 ; packer_ppa_boundary:u_boundary|frac_q[34]    ; clk          ; clk         ; 0.000        ; 0.055      ; 2.139      ;
; 1.940 ; packer_ppa_boundary:u_boundary|meta_sync2 ; posit_pack:u_packer|g_trunc.d_q[0]           ; clk          ; clk         ; 0.000        ; 0.060      ; 2.144      ;
; 1.940 ; packer_ppa_boundary:u_boundary|meta_sync2 ; packer_ppa_boundary:u_boundary|d[0]          ; clk          ; clk         ; 0.000        ; 0.060      ; 2.144      ;
; 1.940 ; packer_ppa_boundary:u_boundary|meta_sync2 ; packer_ppa_boundary:u_boundary|d[10]         ; clk          ; clk         ; 0.000        ; 0.054      ; 2.138      ;
; 1.940 ; packer_ppa_boundary:u_boundary|meta_sync2 ; packer_ppa_boundary:u_boundary|d[11]         ; clk          ; clk         ; 0.000        ; 0.054      ; 2.138      ;
; 1.940 ; packer_ppa_boundary:u_boundary|meta_sync2 ; packer_ppa_boundary:u_boundary|d[12]         ; clk          ; clk         ; 0.000        ; 0.054      ; 2.138      ;
; 1.940 ; packer_ppa_boundary:u_boundary|meta_sync2 ; packer_ppa_boundary:u_boundary|d[13]         ; clk          ; clk         ; 0.000        ; 0.064      ; 2.148      ;
; 1.940 ; packer_ppa_boundary:u_boundary|meta_sync2 ; packer_ppa_boundary:u_boundary|d[14]         ; clk          ; clk         ; 0.000        ; 0.051      ; 2.135      ;
; 1.940 ; packer_ppa_boundary:u_boundary|meta_sync2 ; packer_ppa_boundary:u_boundary|d[16]         ; clk          ; clk         ; 0.000        ; 0.060      ; 2.144      ;
; 1.940 ; packer_ppa_boundary:u_boundary|meta_sync2 ; packer_ppa_boundary:u_boundary|d[17]         ; clk          ; clk         ; 0.000        ; 0.067      ; 2.151      ;
; 1.940 ; packer_ppa_boundary:u_boundary|meta_sync2 ; packer_ppa_boundary:u_boundary|d[20]         ; clk          ; clk         ; 0.000        ; 0.057      ; 2.141      ;
; 1.940 ; packer_ppa_boundary:u_boundary|meta_sync2 ; packer_ppa_boundary:u_boundary|d[22]         ; clk          ; clk         ; 0.000        ; 0.064      ; 2.148      ;
; 1.940 ; packer_ppa_boundary:u_boundary|meta_sync2 ; packer_ppa_boundary:u_boundary|d[23]         ; clk          ; clk         ; 0.000        ; 0.067      ; 2.151      ;
; 1.940 ; packer_ppa_boundary:u_boundary|meta_sync2 ; packer_ppa_boundary:u_boundary|d[31]         ; clk          ; clk         ; 0.000        ; 0.060      ; 2.144      ;
; 1.940 ; packer_ppa_boundary:u_boundary|meta_sync2 ; packer_ppa_boundary:u_boundary|flags_in_q[0] ; clk          ; clk         ; 0.000        ; 0.064      ; 2.148      ;
; 1.940 ; packer_ppa_boundary:u_boundary|meta_sync2 ; posit_pack:u_packer|g_trunc.flags_q[0]       ; clk          ; clk         ; 0.000        ; 0.064      ; 2.148      ;
; 1.952 ; packer_ppa_boundary:u_boundary|meta_sync2 ; packer_ppa_boundary:u_boundary|sf_q[4]       ; clk          ; clk         ; 0.000        ; 0.052      ; 2.148      ;
; 1.952 ; packer_ppa_boundary:u_boundary|meta_sync2 ; packer_ppa_boundary:u_boundary|frac_q[45]    ; clk          ; clk         ; 0.000        ; 0.052      ; 2.148      ;
; 1.952 ; packer_ppa_boundary:u_boundary|meta_sync2 ; packer_ppa_boundary:u_boundary|sf_q[5]       ; clk          ; clk         ; 0.000        ; 0.052      ; 2.148      ;
; 1.952 ; packer_ppa_boundary:u_boundary|meta_sync2 ; packer_ppa_boundary:u_boundary|is_nar_q      ; clk          ; clk         ; 0.000        ; 0.052      ; 2.148      ;
; 1.952 ; packer_ppa_boundary:u_boundary|meta_sync2 ; packer_ppa_boundary:u_boundary|sf_q[6]       ; clk          ; clk         ; 0.000        ; 0.052      ; 2.148      ;
; 1.952 ; packer_ppa_boundary:u_boundary|meta_sync2 ; packer_ppa_boundary:u_boundary|sf_q[8]       ; clk          ; clk         ; 0.000        ; 0.052      ; 2.148      ;
; 1.952 ; packer_ppa_boundary:u_boundary|meta_sync2 ; packer_ppa_boundary:u_boundary|sf_q[7]       ; clk          ; clk         ; 0.000        ; 0.052      ; 2.148      ;
; 1.952 ; packer_ppa_boundary:u_boundary|meta_sync2 ; packer_ppa_boundary:u_boundary|frac_q[25]    ; clk          ; clk         ; 0.000        ; 0.057      ; 2.153      ;
; 1.952 ; packer_ppa_boundary:u_boundary|meta_sync2 ; packer_ppa_boundary:u_boundary|frac_q[23]    ; clk          ; clk         ; 0.000        ; 0.057      ; 2.153      ;
; 1.952 ; packer_ppa_boundary:u_boundary|meta_sync2 ; packer_ppa_boundary:u_boundary|frac_q[22]    ; clk          ; clk         ; 0.000        ; 0.057      ; 2.153      ;
; 1.952 ; packer_ppa_boundary:u_boundary|meta_sync2 ; packer_ppa_boundary:u_boundary|frac_q[24]    ; clk          ; clk         ; 0.000        ; 0.057      ; 2.153      ;
; 1.952 ; packer_ppa_boundary:u_boundary|meta_sync2 ; packer_ppa_boundary:u_boundary|frac_q[26]    ; clk          ; clk         ; 0.000        ; 0.057      ; 2.153      ;
; 1.952 ; packer_ppa_boundary:u_boundary|meta_sync2 ; packer_ppa_boundary:u_boundary|frac_q[27]    ; clk          ; clk         ; 0.000        ; 0.057      ; 2.153      ;
; 1.952 ; packer_ppa_boundary:u_boundary|meta_sync2 ; packer_ppa_boundary:u_boundary|frac_q[13]    ; clk          ; clk         ; 0.000        ; 0.057      ; 2.153      ;
; 1.952 ; packer_ppa_boundary:u_boundary|meta_sync2 ; packer_ppa_boundary:u_boundary|frac_q[11]    ; clk          ; clk         ; 0.000        ; 0.057      ; 2.153      ;
; 1.952 ; packer_ppa_boundary:u_boundary|meta_sync2 ; packer_ppa_boundary:u_boundary|frac_q[10]    ; clk          ; clk         ; 0.000        ; 0.057      ; 2.153      ;
; 1.952 ; packer_ppa_boundary:u_boundary|meta_sync2 ; packer_ppa_boundary:u_boundary|frac_q[12]    ; clk          ; clk         ; 0.000        ; 0.057      ; 2.153      ;
; 1.952 ; packer_ppa_boundary:u_boundary|meta_sync2 ; packer_ppa_boundary:u_boundary|frac_q[9]     ; clk          ; clk         ; 0.000        ; 0.057      ; 2.153      ;
; 1.952 ; packer_ppa_boundary:u_boundary|meta_sync2 ; packer_ppa_boundary:u_boundary|frac_q[7]     ; clk          ; clk         ; 0.000        ; 0.057      ; 2.153      ;
; 1.952 ; packer_ppa_boundary:u_boundary|meta_sync2 ; packer_ppa_boundary:u_boundary|frac_q[8]     ; clk          ; clk         ; 0.000        ; 0.057      ; 2.153      ;
; 1.952 ; packer_ppa_boundary:u_boundary|meta_sync2 ; packer_ppa_boundary:u_boundary|flags_in_q[3] ; clk          ; clk         ; 0.000        ; 0.057      ; 2.153      ;
; 1.952 ; packer_ppa_boundary:u_boundary|meta_sync2 ; posit_pack:u_packer|g_trunc.flags_q[3]       ; clk          ; clk         ; 0.000        ; 0.057      ; 2.153      ;
; 1.952 ; packer_ppa_boundary:u_boundary|meta_sync2 ; packer_ppa_boundary:u_boundary|flags[3]      ; clk          ; clk         ; 0.000        ; 0.057      ; 2.153      ;
; 1.952 ; packer_ppa_boundary:u_boundary|meta_sync2 ; posit_pack:u_packer|g_trunc.flags_q[4]       ; clk          ; clk         ; 0.000        ; 0.057      ; 2.153      ;
+-------+-------------------------------------------+----------------------------------------------+--------------+-------------+--------------+------------+------------+


+-----------------------------------------------------------------------------------------------------------------------------+
; Slow 1200mV 0C Model Minimum Pulse Width: 'clk'                                                                             ;
+-------+--------------+----------------+-----------------+-------+------------+----------------------------------------------+
; Slack ; Actual Width ; Required Width ; Type            ; Clock ; Clock Edge ; Target                                       ;
+-------+--------------+----------------+-----------------+-------+------------+----------------------------------------------+
; 4.690 ; 4.874        ; 0.184          ; Low Pulse Width ; clk   ; Rise       ; posit_pack:u_packer|g_trunc.d_q[21]          ;
; 4.690 ; 4.874        ; 0.184          ; Low Pulse Width ; clk   ; Rise       ; posit_pack:u_packer|g_trunc.d_q[23]          ;
; 4.690 ; 4.874        ; 0.184          ; Low Pulse Width ; clk   ; Rise       ; posit_pack:u_packer|g_trunc.d_q[27]          ;
; 4.690 ; 4.874        ; 0.184          ; Low Pulse Width ; clk   ; Rise       ; posit_pack:u_packer|g_trunc.d_q[2]           ;
; 4.690 ; 4.874        ; 0.184          ; Low Pulse Width ; clk   ; Rise       ; posit_pack:u_packer|g_trunc.d_q[9]           ;
; 4.697 ; 4.881        ; 0.184          ; Low Pulse Width ; clk   ; Rise       ; posit_pack:u_packer|g_trunc.d_q[15]          ;
; 4.697 ; 4.881        ; 0.184          ; Low Pulse Width ; clk   ; Rise       ; posit_pack:u_packer|g_trunc.d_q[16]          ;
; 4.697 ; 4.881        ; 0.184          ; Low Pulse Width ; clk   ; Rise       ; posit_pack:u_packer|g_trunc.d_q[17]          ;
; 4.697 ; 4.881        ; 0.184          ; Low Pulse Width ; clk   ; Rise       ; posit_pack:u_packer|g_trunc.d_q[18]          ;
; 4.697 ; 4.881        ; 0.184          ; Low Pulse Width ; clk   ; Rise       ; posit_pack:u_packer|g_trunc.d_q[28]          ;
; 4.697 ; 4.881        ; 0.184          ; Low Pulse Width ; clk   ; Rise       ; posit_pack:u_packer|g_trunc.d_q[29]          ;
; 4.697 ; 4.881        ; 0.184          ; Low Pulse Width ; clk   ; Rise       ; posit_pack:u_packer|g_trunc.d_q[31]          ;
; 4.698 ; 4.882        ; 0.184          ; Low Pulse Width ; clk   ; Rise       ; posit_pack:u_packer|g_trunc.d_q[10]          ;
; 4.698 ; 4.882        ; 0.184          ; Low Pulse Width ; clk   ; Rise       ; posit_pack:u_packer|g_trunc.d_q[11]          ;
; 4.698 ; 4.882        ; 0.184          ; Low Pulse Width ; clk   ; Rise       ; posit_pack:u_packer|g_trunc.d_q[12]          ;
; 4.698 ; 4.882        ; 0.184          ; Low Pulse Width ; clk   ; Rise       ; posit_pack:u_packer|g_trunc.d_q[13]          ;
; 4.698 ; 4.882        ; 0.184          ; Low Pulse Width ; clk   ; Rise       ; posit_pack:u_packer|g_trunc.d_q[19]          ;
; 4.698 ; 4.882        ; 0.184          ; Low Pulse Width ; clk   ; Rise       ; posit_pack:u_packer|g_trunc.d_q[20]          ;
; 4.698 ; 4.882        ; 0.184          ; Low Pulse Width ; clk   ; Rise       ; posit_pack:u_packer|g_trunc.d_q[22]          ;
; 4.698 ; 4.882        ; 0.184          ; Low Pulse Width ; clk   ; Rise       ; posit_pack:u_packer|g_trunc.d_q[24]          ;
; 4.698 ; 4.882        ; 0.184          ; Low Pulse Width ; clk   ; Rise       ; posit_pack:u_packer|g_trunc.d_q[26]          ;
; 4.699 ; 4.883        ; 0.184          ; Low Pulse Width ; clk   ; Rise       ; posit_pack:u_packer|g_trunc.d_q[30]          ;
; 4.699 ; 4.883        ; 0.184          ; Low Pulse Width ; clk   ; Rise       ; posit_pack:u_packer|g_trunc.d_q[4]           ;
; 4.699 ; 4.883        ; 0.184          ; Low Pulse Width ; clk   ; Rise       ; posit_pack:u_packer|g_trunc.d_q[6]           ;
; 4.699 ; 4.883        ; 0.184          ; Low Pulse Width ; clk   ; Rise       ; posit_pack:u_packer|g_trunc.d_q[8]           ;
; 4.701 ; 4.885        ; 0.184          ; Low Pulse Width ; clk   ; Rise       ; packer_ppa_boundary:u_boundary|d[13]         ;
; 4.701 ; 4.885        ; 0.184          ; Low Pulse Width ; clk   ; Rise       ; packer_ppa_boundary:u_boundary|d[17]         ;
; 4.701 ; 4.885        ; 0.184          ; Low Pulse Width ; clk   ; Rise       ; packer_ppa_boundary:u_boundary|d[22]         ;
; 4.701 ; 4.885        ; 0.184          ; Low Pulse Width ; clk   ; Rise       ; packer_ppa_boundary:u_boundary|d[23]         ;
; 4.701 ; 4.885        ; 0.184          ; Low Pulse Width ; clk   ; Rise       ; packer_ppa_boundary:u_boundary|flags_in_q[0] ;
; 4.701 ; 4.885        ; 0.184          ; Low Pulse Width ; clk   ; Rise       ; packer_ppa_boundary:u_boundary|is_zero_q     ;
; 4.701 ; 4.885        ; 0.184          ; Low Pulse Width ; clk   ; Rise       ; posit_pack:u_packer|g_trunc.flags_q[0]       ;
; 4.702 ; 4.886        ; 0.184          ; Low Pulse Width ; clk   ; Rise       ; packer_ppa_boundary:u_boundary|d[0]          ;
; 4.702 ; 4.886        ; 0.184          ; Low Pulse Width ; clk   ; Rise       ; packer_ppa_boundary:u_boundary|d[10]         ;
; 4.702 ; 4.886        ; 0.184          ; Low Pulse Width ; clk   ; Rise       ; packer_ppa_boundary:u_boundary|d[11]         ;
; 4.702 ; 4.886        ; 0.184          ; Low Pulse Width ; clk   ; Rise       ; packer_ppa_boundary:u_boundary|d[12]         ;
; 4.702 ; 4.886        ; 0.184          ; Low Pulse Width ; clk   ; Rise       ; packer_ppa_boundary:u_boundary|d[15]         ;
; 4.702 ; 4.886        ; 0.184          ; Low Pulse Width ; clk   ; Rise       ; packer_ppa_boundary:u_boundary|d[16]         ;
; 4.702 ; 4.886        ; 0.184          ; Low Pulse Width ; clk   ; Rise       ; packer_ppa_boundary:u_boundary|d[19]         ;
; 4.702 ; 4.886        ; 0.184          ; Low Pulse Width ; clk   ; Rise       ; packer_ppa_boundary:u_boundary|d[20]         ;
; 4.702 ; 4.886        ; 0.184          ; Low Pulse Width ; clk   ; Rise       ; packer_ppa_boundary:u_boundary|d[26]         ;
; 4.702 ; 4.886        ; 0.184          ; Low Pulse Width ; clk   ; Rise       ; packer_ppa_boundary:u_boundary|d[28]         ;
; 4.702 ; 4.886        ; 0.184          ; Low Pulse Width ; clk   ; Rise       ; packer_ppa_boundary:u_boundary|d[2]          ;
; 4.702 ; 4.886        ; 0.184          ; Low Pulse Width ; clk   ; Rise       ; packer_ppa_boundary:u_boundary|d[31]         ;
; 4.702 ; 4.886        ; 0.184          ; Low Pulse Width ; clk   ; Rise       ; packer_ppa_boundary:u_boundary|d[4]          ;
; 4.702 ; 4.886        ; 0.184          ; Low Pulse Width ; clk   ; Rise       ; packer_ppa_boundary:u_boundary|d[8]          ;
; 4.702 ; 4.886        ; 0.184          ; Low Pulse Width ; clk   ; Rise       ; packer_ppa_boundary:u_boundary|flags[0]      ;
; 4.702 ; 4.886        ; 0.184          ; Low Pulse Width ; clk   ; Rise       ; packer_ppa_boundary:u_boundary|flags_in_q[4] ;
; 4.702 ; 4.886        ; 0.184          ; Low Pulse Width ; clk   ; Rise       ; packer_ppa_boundary:u_boundary|frac_q[14]    ;
; 4.702 ; 4.886        ; 0.184          ; Low Pulse Width ; clk   ; Rise       ; packer_ppa_boundary:u_boundary|frac_q[15]    ;
; 4.702 ; 4.886        ; 0.184          ; Low Pulse Width ; clk   ; Rise       ; packer_ppa_boundary:u_boundary|frac_q[16]    ;
; 4.702 ; 4.886        ; 0.184          ; Low Pulse Width ; clk   ; Rise       ; packer_ppa_boundary:u_boundary|frac_q[18]    ;
; 4.702 ; 4.886        ; 0.184          ; Low Pulse Width ; clk   ; Rise       ; packer_ppa_boundary:u_boundary|frac_q[19]    ;
; 4.702 ; 4.886        ; 0.184          ; Low Pulse Width ; clk   ; Rise       ; packer_ppa_boundary:u_boundary|frac_q[28]    ;
; 4.702 ; 4.886        ; 0.184          ; Low Pulse Width ; clk   ; Rise       ; packer_ppa_boundary:u_boundary|frac_q[30]    ;
; 4.702 ; 4.886        ; 0.184          ; Low Pulse Width ; clk   ; Rise       ; packer_ppa_boundary:u_boundary|frac_q[31]    ;
; 4.702 ; 4.886        ; 0.184          ; Low Pulse Width ; clk   ; Rise       ; packer_ppa_boundary:u_boundary|frac_q[32]    ;
; 4.702 ; 4.886        ; 0.184          ; Low Pulse Width ; clk   ; Rise       ; packer_ppa_boundary:u_boundary|out_valid     ;
; 4.702 ; 4.886        ; 0.184          ; Low Pulse Width ; clk   ; Rise       ; packer_ppa_boundary:u_boundary|sign_q        ;
; 4.702 ; 4.886        ; 0.184          ; Low Pulse Width ; clk   ; Rise       ; posit_pack:u_packer|g_trunc.d_q[0]           ;
; 4.702 ; 4.886        ; 0.184          ; Low Pulse Width ; clk   ; Rise       ; posit_pack:u_packer|g_trunc.d_q[14]          ;
; 4.702 ; 4.886        ; 0.184          ; Low Pulse Width ; clk   ; Rise       ; posit_pack:u_packer|g_trunc.d_q[1]           ;
; 4.702 ; 4.886        ; 0.184          ; Low Pulse Width ; clk   ; Rise       ; posit_pack:u_packer|g_trunc.d_q[25]          ;
; 4.702 ; 4.886        ; 0.184          ; Low Pulse Width ; clk   ; Rise       ; posit_pack:u_packer|g_trunc.d_q[3]           ;
; 4.702 ; 4.886        ; 0.184          ; Low Pulse Width ; clk   ; Rise       ; posit_pack:u_packer|g_trunc.d_q[5]           ;
; 4.702 ; 4.886        ; 0.184          ; Low Pulse Width ; clk   ; Rise       ; posit_pack:u_packer|g_trunc.d_q[7]           ;
; 4.702 ; 4.886        ; 0.184          ; Low Pulse Width ; clk   ; Rise       ; posit_pack:u_packer|g_trunc.valid_q          ;
; 4.703 ; 4.887        ; 0.184          ; Low Pulse Width ; clk   ; Rise       ; packer_ppa_boundary:u_boundary|d[14]         ;
; 4.703 ; 4.887        ; 0.184          ; Low Pulse Width ; clk   ; Rise       ; packer_ppa_boundary:u_boundary|d[18]         ;
; 4.703 ; 4.887        ; 0.184          ; Low Pulse Width ; clk   ; Rise       ; packer_ppa_boundary:u_boundary|d[1]          ;
; 4.703 ; 4.887        ; 0.184          ; Low Pulse Width ; clk   ; Rise       ; packer_ppa_boundary:u_boundary|d[21]         ;
; 4.703 ; 4.887        ; 0.184          ; Low Pulse Width ; clk   ; Rise       ; packer_ppa_boundary:u_boundary|d[25]         ;
; 4.703 ; 4.887        ; 0.184          ; Low Pulse Width ; clk   ; Rise       ; packer_ppa_boundary:u_boundary|d[27]         ;
; 4.703 ; 4.887        ; 0.184          ; Low Pulse Width ; clk   ; Rise       ; packer_ppa_boundary:u_boundary|d[29]         ;
; 4.703 ; 4.887        ; 0.184          ; Low Pulse Width ; clk   ; Rise       ; packer_ppa_boundary:u_boundary|d[30]         ;
; 4.703 ; 4.887        ; 0.184          ; Low Pulse Width ; clk   ; Rise       ; packer_ppa_boundary:u_boundary|d[3]          ;
; 4.703 ; 4.887        ; 0.184          ; Low Pulse Width ; clk   ; Rise       ; packer_ppa_boundary:u_boundary|d[5]          ;
; 4.703 ; 4.887        ; 0.184          ; Low Pulse Width ; clk   ; Rise       ; packer_ppa_boundary:u_boundary|d[6]          ;
; 4.703 ; 4.887        ; 0.184          ; Low Pulse Width ; clk   ; Rise       ; packer_ppa_boundary:u_boundary|d[7]          ;
; 4.703 ; 4.887        ; 0.184          ; Low Pulse Width ; clk   ; Rise       ; packer_ppa_boundary:u_boundary|d[9]          ;
; 4.703 ; 4.887        ; 0.184          ; Low Pulse Width ; clk   ; Rise       ; packer_ppa_boundary:u_boundary|flags[1]      ;
; 4.703 ; 4.887        ; 0.184          ; Low Pulse Width ; clk   ; Rise       ; packer_ppa_boundary:u_boundary|flags[2]      ;
; 4.703 ; 4.887        ; 0.184          ; Low Pulse Width ; clk   ; Rise       ; packer_ppa_boundary:u_boundary|flags[4]      ;
; 4.703 ; 4.887        ; 0.184          ; Low Pulse Width ; clk   ; Rise       ; packer_ppa_boundary:u_boundary|flags_in_q[1] ;
; 4.703 ; 4.887        ; 0.184          ; Low Pulse Width ; clk   ; Rise       ; packer_ppa_boundary:u_boundary|flags_in_q[2] ;
; 4.703 ; 4.887        ; 0.184          ; Low Pulse Width ; clk   ; Rise       ; packer_ppa_boundary:u_boundary|frac_q[0]     ;
; 4.703 ; 4.887        ; 0.184          ; Low Pulse Width ; clk   ; Rise       ; packer_ppa_boundary:u_boundary|frac_q[10]    ;
; 4.703 ; 4.887        ; 0.184          ; Low Pulse Width ; clk   ; Rise       ; packer_ppa_boundary:u_boundary|frac_q[11]    ;
; 4.703 ; 4.887        ; 0.184          ; Low Pulse Width ; clk   ; Rise       ; packer_ppa_boundary:u_boundary|frac_q[12]    ;
; 4.703 ; 4.887        ; 0.184          ; Low Pulse Width ; clk   ; Rise       ; packer_ppa_boundary:u_boundary|frac_q[13]    ;
; 4.703 ; 4.887        ; 0.184          ; Low Pulse Width ; clk   ; Rise       ; packer_ppa_boundary:u_boundary|frac_q[17]    ;
; 4.703 ; 4.887        ; 0.184          ; Low Pulse Width ; clk   ; Rise       ; packer_ppa_boundary:u_boundary|frac_q[1]     ;
; 4.703 ; 4.887        ; 0.184          ; Low Pulse Width ; clk   ; Rise       ; packer_ppa_boundary:u_boundary|frac_q[20]    ;
; 4.703 ; 4.887        ; 0.184          ; Low Pulse Width ; clk   ; Rise       ; packer_ppa_boundary:u_boundary|frac_q[21]    ;
; 4.703 ; 4.887        ; 0.184          ; Low Pulse Width ; clk   ; Rise       ; packer_ppa_boundary:u_boundary|frac_q[22]    ;
; 4.703 ; 4.887        ; 0.184          ; Low Pulse Width ; clk   ; Rise       ; packer_ppa_boundary:u_boundary|frac_q[23]    ;
; 4.703 ; 4.887        ; 0.184          ; Low Pulse Width ; clk   ; Rise       ; packer_ppa_boundary:u_boundary|frac_q[24]    ;
; 4.703 ; 4.887        ; 0.184          ; Low Pulse Width ; clk   ; Rise       ; packer_ppa_boundary:u_boundary|frac_q[25]    ;
; 4.703 ; 4.887        ; 0.184          ; Low Pulse Width ; clk   ; Rise       ; packer_ppa_boundary:u_boundary|frac_q[26]    ;
; 4.703 ; 4.887        ; 0.184          ; Low Pulse Width ; clk   ; Rise       ; packer_ppa_boundary:u_boundary|frac_q[27]    ;
+-------+--------------+----------------+-----------------+-------+------------+----------------------------------------------+


+---------------------------------------------------------------------------+
; Setup Times                                                               ;
+--------------+------------+--------+-------+------------+-----------------+
; Data Port    ; Clock Port ; Rise   ; Fall  ; Clock Edge ; Clock Reference ;
+--------------+------------+--------+-------+------------+-----------------+
; flags_in[*]  ; clk        ; 2.021  ; 2.440 ; Rise       ; clk             ;
;  flags_in[0] ; clk        ; 1.606  ; 1.966 ; Rise       ; clk             ;
;  flags_in[1] ; clk        ; 1.407  ; 1.727 ; Rise       ; clk             ;
;  flags_in[2] ; clk        ; 1.565  ; 1.900 ; Rise       ; clk             ;
;  flags_in[3] ; clk        ; 2.021  ; 2.440 ; Rise       ; clk             ;
;  flags_in[4] ; clk        ; 1.848  ; 2.217 ; Rise       ; clk             ;
; frac[*]      ; clk        ; 2.517  ; 2.938 ; Rise       ; clk             ;
;  frac[0]     ; clk        ; 1.522  ; 1.917 ; Rise       ; clk             ;
;  frac[1]     ; clk        ; 1.732  ; 2.124 ; Rise       ; clk             ;
;  frac[2]     ; clk        ; -0.037 ; 0.122 ; Rise       ; clk             ;
;  frac[3]     ; clk        ; 1.534  ; 1.873 ; Rise       ; clk             ;
;  frac[4]     ; clk        ; 2.021  ; 2.388 ; Rise       ; clk             ;
;  frac[5]     ; clk        ; 2.099  ; 2.511 ; Rise       ; clk             ;
;  frac[6]     ; clk        ; -0.072 ; 0.066 ; Rise       ; clk             ;
;  frac[7]     ; clk        ; 2.101  ; 2.469 ; Rise       ; clk             ;
;  frac[8]     ; clk        ; 2.119  ; 2.536 ; Rise       ; clk             ;
;  frac[9]     ; clk        ; 2.154  ; 2.587 ; Rise       ; clk             ;
;  frac[10]    ; clk        ; 1.995  ; 2.317 ; Rise       ; clk             ;
;  frac[11]    ; clk        ; 2.055  ; 2.440 ; Rise       ; clk             ;
;  frac[12]    ; clk        ; 2.105  ; 2.515 ; Rise       ; clk             ;
;  frac[13]    ; clk        ; 2.013  ; 2.366 ; Rise       ; clk             ;
;  frac[14]    ; clk        ; 2.127  ; 2.513 ; Rise       ; clk             ;
;  frac[15]    ; clk        ; 1.480  ; 1.848 ; Rise       ; clk             ;
;  frac[16]    ; clk        ; 2.043  ; 2.377 ; Rise       ; clk             ;
;  frac[17]    ; clk        ; 2.073  ; 2.426 ; Rise       ; clk             ;
;  frac[18]    ; clk        ; 2.097  ; 2.475 ; Rise       ; clk             ;
;  frac[19]    ; clk        ; 1.810  ; 2.206 ; Rise       ; clk             ;
;  frac[20]    ; clk        ; 1.817  ; 2.205 ; Rise       ; clk             ;
;  frac[21]    ; clk        ; 1.983  ; 2.323 ; Rise       ; clk             ;
;  frac[22]    ; clk        ; 2.108  ; 2.491 ; Rise       ; clk             ;
;  frac[23]    ; clk        ; 1.991  ; 2.363 ; Rise       ; clk             ;
;  frac[24]    ; clk        ; 2.004  ; 2.386 ; Rise       ; clk             ;
;  frac[25]    ; clk        ; 0.199  ; 0.354 ; Rise       ; clk             ;
;  frac[26]    ; clk        ; 2.173  ; 2.493 ; Rise       ; clk             ;
;  frac[27]    ; clk        ; 1.853  ; 2.224 ; Rise       ; clk             ;
;  frac[28]    ; clk        ; 2.517  ; 2.938 ; Rise       ; clk             ;
;  frac[29]    ; clk        ; 0.107  ; 0.199 ; Rise       ; clk             ;
;  frac[30]    ; clk        ; 2.253  ; 2.664 ; Rise       ; clk             ;
;  frac[31]    ; clk        ; 0.100  ; 0.187 ; Rise       ; clk             ;
;  frac[32]    ; clk        ; 2.024  ; 2.447 ; Rise       ; clk             ;
;  frac[33]    ; clk        ; 2.261  ; 2.655 ; Rise       ; clk             ;
;  frac[34]    ; clk        ; 2.270  ; 2.690 ; Rise       ; clk             ;
;  frac[35]    ; clk        ; 1.924  ; 2.352 ; Rise       ; clk             ;
;  frac[36]    ; clk        ; 1.803  ; 2.168 ; Rise       ; clk             ;
;  frac[37]    ; clk        ; 2.015  ; 2.396 ; Rise       ; clk             ;
;  frac[38]    ; clk        ; 1.909  ; 2.274 ; Rise       ; clk             ;
;  frac[39]    ; clk        ; 2.218  ; 2.615 ; Rise       ; clk             ;
;  frac[40]    ; clk        ; 1.858  ; 2.274 ; Rise       ; clk             ;
;  frac[41]    ; clk        ; 1.680  ; 2.028 ; Rise       ; clk             ;
;  frac[42]    ; clk        ; 2.343  ; 2.701 ; Rise       ; clk             ;
;  frac[43]    ; clk        ; 2.129  ; 2.498 ; Rise       ; clk             ;
;  frac[44]    ; clk        ; 1.806  ; 2.195 ; Rise       ; clk             ;
;  frac[45]    ; clk        ; 2.034  ; 2.415 ; Rise       ; clk             ;
;  frac[46]    ; clk        ; 2.046  ; 2.454 ; Rise       ; clk             ;
;  frac[47]    ; clk        ; 1.491  ; 1.856 ; Rise       ; clk             ;
;  frac[48]    ; clk        ; 1.637  ; 2.025 ; Rise       ; clk             ;
;  frac[49]    ; clk        ; 1.495  ; 1.871 ; Rise       ; clk             ;
;  frac[50]    ; clk        ; 1.743  ; 2.108 ; Rise       ; clk             ;
;  frac[51]    ; clk        ; 2.032  ; 2.433 ; Rise       ; clk             ;
;  frac[52]    ; clk        ; 2.347  ; 2.729 ; Rise       ; clk             ;
;  frac[53]    ; clk        ; 2.150  ; 2.568 ; Rise       ; clk             ;
;  frac[54]    ; clk        ; 2.109  ; 2.532 ; Rise       ; clk             ;
; is_nar       ; clk        ; 2.328  ; 2.703 ; Rise       ; clk             ;
; is_zero      ; clk        ; 1.751  ; 2.085 ; Rise       ; clk             ;
; sf[*]        ; clk        ; 2.320  ; 2.789 ; Rise       ; clk             ;
;  sf[0]       ; clk        ; 1.877  ; 2.297 ; Rise       ; clk             ;
;  sf[1]       ; clk        ; 0.324  ; 0.432 ; Rise       ; clk             ;
;  sf[2]       ; clk        ; 1.710  ; 2.061 ; Rise       ; clk             ;
;  sf[3]       ; clk        ; 1.700  ; 2.059 ; Rise       ; clk             ;
;  sf[4]       ; clk        ; 1.839  ; 2.197 ; Rise       ; clk             ;
;  sf[5]       ; clk        ; 2.056  ; 2.449 ; Rise       ; clk             ;
;  sf[6]       ; clk        ; 2.320  ; 2.789 ; Rise       ; clk             ;
;  sf[7]       ; clk        ; 2.059  ; 2.447 ; Rise       ; clk             ;
;  sf[8]       ; clk        ; 0.256  ; 0.359 ; Rise       ; clk             ;
;  sf[9]       ; clk        ; 2.150  ; 2.529 ; Rise       ; clk             ;
; sign         ; clk        ; 2.082  ; 2.458 ; Rise       ; clk             ;
; sticky       ; clk        ; 1.896  ; 2.249 ; Rise       ; clk             ;
+--------------+------------+--------+-------+------------+-----------------+


+----------------------------------------------------------------------------+
; Hold Times                                                                 ;
+--------------+------------+--------+--------+------------+-----------------+
; Data Port    ; Clock Port ; Rise   ; Fall   ; Clock Edge ; Clock Reference ;
+--------------+------------+--------+--------+------------+-----------------+
; flags_in[*]  ; clk        ; -1.075 ; -1.380 ; Rise       ; clk             ;
;  flags_in[0] ; clk        ; -1.264 ; -1.609 ; Rise       ; clk             ;
;  flags_in[1] ; clk        ; -1.075 ; -1.380 ; Rise       ; clk             ;
;  flags_in[2] ; clk        ; -1.237 ; -1.563 ; Rise       ; clk             ;
;  flags_in[3] ; clk        ; -1.662 ; -2.064 ; Rise       ; clk             ;
;  flags_in[4] ; clk        ; -1.511 ; -1.869 ; Rise       ; clk             ;
; frac[*]      ; clk        ; 0.331  ; 0.193  ; Rise       ; clk             ;
;  frac[0]     ; clk        ; -1.194 ; -1.578 ; Rise       ; clk             ;
;  frac[1]     ; clk        ; -1.385 ; -1.760 ; Rise       ; clk             ;
;  frac[2]     ; clk        ; 0.298  ; 0.140  ; Rise       ; clk             ;
;  frac[3]     ; clk        ; -1.208 ; -1.537 ; Rise       ; clk             ;
;  frac[4]     ; clk        ; -1.673 ; -2.030 ; Rise       ; clk             ;
;  frac[5]     ; clk        ; -1.747 ; -2.149 ; Rise       ; clk             ;
;  frac[6]     ; clk        ; 0.331  ; 0.193  ; Rise       ; clk             ;
;  frac[7]     ; clk        ; -1.752 ; -2.109 ; Rise       ; clk             ;
;  frac[8]     ; clk        ; -1.767 ; -2.173 ; Rise       ; clk             ;
;  frac[9]     ; clk        ; -1.800 ; -2.221 ; Rise       ; clk             ;
;  frac[10]    ; clk        ; -1.650 ; -1.963 ; Rise       ; clk             ;
;  frac[11]    ; clk        ; -1.705 ; -2.080 ; Rise       ; clk             ;
;  frac[12]    ; clk        ; -1.754 ; -2.153 ; Rise       ; clk             ;
;  frac[13]    ; clk        ; -1.668 ; -2.011 ; Rise       ; clk             ;
;  frac[14]    ; clk        ; -1.778 ; -2.152 ; Rise       ; clk             ;
;  frac[15]    ; clk        ; -1.153 ; -1.512 ; Rise       ; clk             ;
;  frac[16]    ; clk        ; -1.697 ; -2.021 ; Rise       ; clk             ;
;  frac[17]    ; clk        ; -1.725 ; -2.068 ; Rise       ; clk             ;
;  frac[18]    ; clk        ; -1.748 ; -2.115 ; Rise       ; clk             ;
;  frac[19]    ; clk        ; -1.471 ; -1.855 ; Rise       ; clk             ;
;  frac[20]    ; clk        ; -1.477 ; -1.855 ; Rise       ; clk             ;
;  frac[21]    ; clk        ; -1.638 ; -1.969 ; Rise       ; clk             ;
;  frac[22]    ; clk        ; -1.759 ; -2.131 ; Rise       ; clk             ;
;  frac[23]    ; clk        ; -1.644 ; -2.006 ; Rise       ; clk             ;
;  frac[24]    ; clk        ; -1.657 ; -2.029 ; Rise       ; clk             ;
;  frac[25]    ; clk        ; 0.071  ; -0.083 ; Rise       ; clk             ;
;  frac[26]    ; clk        ; -1.819 ; -2.131 ; Rise       ; clk             ;
;  frac[27]    ; clk        ; -1.514 ; -1.874 ; Rise       ; clk             ;
;  frac[28]    ; clk        ; -2.152 ; -2.559 ; Rise       ; clk             ;
;  frac[29]    ; clk        ; 0.159  ; 0.066  ; Rise       ; clk             ;
;  frac[30]    ; clk        ; -1.898 ; -2.296 ; Rise       ; clk             ;
;  frac[31]    ; clk        ; 0.166  ; 0.078  ; Rise       ; clk             ;
;  frac[32]    ; clk        ; -1.676 ; -2.087 ; Rise       ; clk             ;
;  frac[33]    ; clk        ; -1.905 ; -2.288 ; Rise       ; clk             ;
;  frac[34]    ; clk        ; -1.914 ; -2.322 ; Rise       ; clk             ;
;  frac[35]    ; clk        ; -1.581 ; -1.997 ; Rise       ; clk             ;
;  frac[36]    ; clk        ; -1.468 ; -1.822 ; Rise       ; clk             ;
;  frac[37]    ; clk        ; -1.669 ; -2.040 ; Rise       ; clk             ;
;  frac[38]    ; clk        ; -1.569 ; -1.923 ; Rise       ; clk             ;
;  frac[39]    ; clk        ; -1.866 ; -2.251 ; Rise       ; clk             ;
;  frac[40]    ; clk        ; -1.518 ; -1.923 ; Rise       ; clk             ;
;  frac[41]    ; clk        ; -1.346 ; -1.685 ; Rise       ; clk             ;
;  frac[42]    ; clk        ; -1.985 ; -2.332 ; Rise       ; clk             ;
;  frac[43]    ; clk        ; -1.779 ; -2.137 ; Rise       ; clk             ;
;  frac[44]    ; clk        ; -1.467 ; -1.845 ; Rise       ; clk             ;
;  frac[45]    ; clk        ; -1.685 ; -2.057 ; Rise       ; clk             ;
;  frac[46]    ; clk        ; -1.698 ; -2.094 ; Rise       ; clk             ;
;  frac[47]    ; clk        ; -1.165 ; -1.520 ; Rise       ; clk             ;
;  frac[48]    ; clk        ; -1.295 ; -1.667 ; Rise       ; clk             ;
;  frac[49]    ; clk        ; -1.170 ; -1.535 ; Rise       ; clk             ;
;  frac[50]    ; clk        ; -1.406 ; -1.762 ; Rise       ; clk             ;
;  frac[51]    ; clk        ; -1.685 ; -2.074 ; Rise       ; clk             ;
;  frac[52]    ; clk        ; -1.987 ; -2.358 ; Rise       ; clk             ;
;  frac[53]    ; clk        ; -1.798 ; -2.204 ; Rise       ; clk             ;
;  frac[54]    ; clk        ; -1.758 ; -2.169 ; Rise       ; clk             ;
; is_nar       ; clk        ; -1.968 ; -2.333 ; Rise       ; clk             ;
; is_zero      ; clk        ; -1.389 ; -1.713 ; Rise       ; clk             ;
; sf[*]        ; clk        ; 0.017  ; -0.088 ; Rise       ; clk             ;
;  sf[0]       ; clk        ; -1.535 ; -1.943 ; Rise       ; clk             ;
;  sf[1]       ; clk        ; -0.049 ; -0.158 ; Rise       ; clk             ;
;  sf[2]       ; clk        ; -1.374 ; -1.717 ; Rise       ; clk             ;
;  sf[3]       ; clk        ; -1.365 ; -1.715 ; Rise       ; clk             ;
;  sf[4]       ; clk        ; -1.501 ; -1.848 ; Rise       ; clk             ;
;  sf[5]       ; clk        ; -1.707 ; -2.089 ; Rise       ; clk             ;
;  sf[6]       ; clk        ; -1.961 ; -2.415 ; Rise       ; clk             ;
;  sf[7]       ; clk        ; -1.709 ; -2.087 ; Rise       ; clk             ;
;  sf[8]       ; clk        ; 0.017  ; -0.088 ; Rise       ; clk             ;
;  sf[9]       ; clk        ; -1.799 ; -2.167 ; Rise       ; clk             ;
; sign         ; clk        ; -1.734 ; -2.099 ; Rise       ; clk             ;
; sticky       ; clk        ; -1.556 ; -1.898 ; Rise       ; clk             ;
+--------------+------------+--------+--------+------------+-----------------+


+-----------------------------------------------------------------------+
; Clock to Output Times                                                 ;
+-----------+------------+-------+-------+------------+-----------------+
; Data Port ; Clock Port ; Rise  ; Fall  ; Clock Edge ; Clock Reference ;
+-----------+------------+-------+-------+------------+-----------------+
; d[*]      ; clk        ; 7.427 ; 7.515 ; Rise       ; clk             ;
;  d[0]     ; clk        ; 6.265 ; 6.249 ; Rise       ; clk             ;
;  d[1]     ; clk        ; 6.006 ; 6.003 ; Rise       ; clk             ;
;  d[2]     ; clk        ; 6.023 ; 6.060 ; Rise       ; clk             ;
;  d[3]     ; clk        ; 6.272 ; 6.246 ; Rise       ; clk             ;
;  d[4]     ; clk        ; 5.273 ; 5.271 ; Rise       ; clk             ;
;  d[5]     ; clk        ; 6.285 ; 6.331 ; Rise       ; clk             ;
;  d[6]     ; clk        ; 5.813 ; 5.738 ; Rise       ; clk             ;
;  d[7]     ; clk        ; 6.126 ; 6.185 ; Rise       ; clk             ;
;  d[8]     ; clk        ; 6.409 ; 6.386 ; Rise       ; clk             ;
;  d[9]     ; clk        ; 6.062 ; 6.076 ; Rise       ; clk             ;
;  d[10]    ; clk        ; 7.427 ; 7.515 ; Rise       ; clk             ;
;  d[11]    ; clk        ; 5.825 ; 5.835 ; Rise       ; clk             ;
;  d[12]    ; clk        ; 5.925 ; 5.925 ; Rise       ; clk             ;
;  d[13]    ; clk        ; 5.716 ; 5.728 ; Rise       ; clk             ;
;  d[14]    ; clk        ; 5.405 ; 5.401 ; Rise       ; clk             ;
;  d[15]    ; clk        ; 5.852 ; 5.919 ; Rise       ; clk             ;
;  d[16]    ; clk        ; 6.122 ; 6.127 ; Rise       ; clk             ;
;  d[17]    ; clk        ; 5.941 ; 5.918 ; Rise       ; clk             ;
;  d[18]    ; clk        ; 5.968 ; 5.953 ; Rise       ; clk             ;
;  d[19]    ; clk        ; 5.276 ; 5.260 ; Rise       ; clk             ;
;  d[20]    ; clk        ; 6.894 ; 6.917 ; Rise       ; clk             ;
;  d[21]    ; clk        ; 6.524 ; 6.428 ; Rise       ; clk             ;
;  d[22]    ; clk        ; 6.601 ; 6.650 ; Rise       ; clk             ;
;  d[23]    ; clk        ; 5.705 ; 5.727 ; Rise       ; clk             ;
;  d[24]    ; clk        ; 5.843 ; 5.884 ; Rise       ; clk             ;
;  d[25]    ; clk        ; 6.881 ; 6.905 ; Rise       ; clk             ;
;  d[26]    ; clk        ; 5.499 ; 5.514 ; Rise       ; clk             ;
;  d[27]    ; clk        ; 5.863 ; 5.788 ; Rise       ; clk             ;
;  d[28]    ; clk        ; 6.252 ; 6.267 ; Rise       ; clk             ;
;  d[29]    ; clk        ; 5.694 ; 5.742 ; Rise       ; clk             ;
;  d[30]    ; clk        ; 5.670 ; 5.655 ; Rise       ; clk             ;
;  d[31]    ; clk        ; 5.935 ; 5.934 ; Rise       ; clk             ;
; flags[*]  ; clk        ; 6.876 ; 6.903 ; Rise       ; clk             ;
;  flags[0] ; clk        ; 5.733 ; 5.744 ; Rise       ; clk             ;
;  flags[1] ; clk        ; 5.733 ; 5.710 ; Rise       ; clk             ;
;  flags[2] ; clk        ; 6.551 ; 6.575 ; Rise       ; clk             ;
;  flags[3] ; clk        ; 6.876 ; 6.903 ; Rise       ; clk             ;
;  flags[4] ; clk        ; 6.405 ; 6.455 ; Rise       ; clk             ;
; out_valid ; clk        ; 5.449 ; 5.432 ; Rise       ; clk             ;
+-----------+------------+-------+-------+------------+-----------------+


+-----------------------------------------------------------------------+
; Minimum Clock to Output Times                                         ;
+-----------+------------+-------+-------+------------+-----------------+
; Data Port ; Clock Port ; Rise  ; Fall  ; Clock Edge ; Clock Reference ;
+-----------+------------+-------+-------+------------+-----------------+
; d[*]      ; clk        ; 5.091 ; 5.077 ; Rise       ; clk             ;
;  d[0]     ; clk        ; 6.042 ; 6.025 ; Rise       ; clk             ;
;  d[1]     ; clk        ; 5.792 ; 5.789 ; Rise       ; clk             ;
;  d[2]     ; clk        ; 5.809 ; 5.844 ; Rise       ; clk             ;
;  d[3]     ; clk        ; 6.047 ; 6.022 ; Rise       ; clk             ;
;  d[4]     ; clk        ; 5.091 ; 5.088 ; Rise       ; clk             ;
;  d[5]     ; clk        ; 6.060 ; 6.103 ; Rise       ; clk             ;
;  d[6]     ; clk        ; 5.610 ; 5.537 ; Rise       ; clk             ;
;  d[7]     ; clk        ; 5.907 ; 5.963 ; Rise       ; clk             ;
;  d[8]     ; clk        ; 6.182 ; 6.159 ; Rise       ; clk             ;
;  d[9]     ; clk        ; 5.845 ; 5.858 ; Rise       ; clk             ;
;  d[10]    ; clk        ; 7.200 ; 7.286 ; Rise       ; clk             ;
;  d[11]    ; clk        ; 5.621 ; 5.629 ; Rise       ; clk             ;
;  d[12]    ; clk        ; 5.715 ; 5.715 ; Rise       ; clk             ;
;  d[13]    ; clk        ; 5.514 ; 5.525 ; Rise       ; clk             ;
;  d[14]    ; clk        ; 5.215 ; 5.211 ; Rise       ; clk             ;
;  d[15]    ; clk        ; 5.644 ; 5.707 ; Rise       ; clk             ;
;  d[16]    ; clk        ; 5.904 ; 5.908 ; Rise       ; clk             ;
;  d[17]    ; clk        ; 5.730 ; 5.707 ; Rise       ; clk             ;
;  d[18]    ; clk        ; 5.756 ; 5.740 ; Rise       ; clk             ;
;  d[19]    ; clk        ; 5.094 ; 5.077 ; Rise       ; clk             ;
;  d[20]    ; clk        ; 6.691 ; 6.714 ; Rise       ; clk             ;
;  d[21]    ; clk        ; 6.292 ; 6.198 ; Rise       ; clk             ;
;  d[22]    ; clk        ; 6.409 ; 6.456 ; Rise       ; clk             ;
;  d[23]    ; clk        ; 5.501 ; 5.523 ; Rise       ; clk             ;
;  d[24]    ; clk        ; 5.636 ; 5.674 ; Rise       ; clk             ;
;  d[25]    ; clk        ; 6.678 ; 6.701 ; Rise       ; clk             ;
;  d[26]    ; clk        ; 5.305 ; 5.319 ; Rise       ; clk             ;
;  d[27]    ; clk        ; 5.657 ; 5.585 ; Rise       ; clk             ;
;  d[28]    ; clk        ; 6.028 ; 6.042 ; Rise       ; clk             ;
;  d[29]    ; clk        ; 5.495 ; 5.540 ; Rise       ; clk             ;
;  d[30]    ; clk        ; 5.470 ; 5.455 ; Rise       ; clk             ;
;  d[31]    ; clk        ; 5.724 ; 5.723 ; Rise       ; clk             ;
; flags[*]  ; clk        ; 5.530 ; 5.507 ; Rise       ; clk             ;
;  flags[0] ; clk        ; 5.530 ; 5.540 ; Rise       ; clk             ;
;  flags[1] ; clk        ; 5.530 ; 5.507 ; Rise       ; clk             ;
;  flags[2] ; clk        ; 6.315 ; 6.338 ; Rise       ; clk             ;
;  flags[3] ; clk        ; 6.630 ; 6.655 ; Rise       ; clk             ;
;  flags[4] ; clk        ; 6.220 ; 6.269 ; Rise       ; clk             ;
; out_valid ; clk        ; 5.261 ; 5.243 ; Rise       ; clk             ;
+-----------+------------+-------+-------+------------+-----------------+


---------------------------------------------
; Slow 1200mV 0C Model Metastability Report ;
---------------------------------------------
No synchronizer chains to report.


+------------------------------------+
; Fast 1200mV 0C Model Setup Summary ;
+-------+-------+--------------------+
; Clock ; Slack ; End Point TNS      ;
+-------+-------+--------------------+
; clk   ; 4.257 ; 0.000              ;
+-------+-------+--------------------+


+-----------------------------------+
; Fast 1200mV 0C Model Hold Summary ;
+-------+-------+-------------------+
; Clock ; Slack ; End Point TNS     ;
+-------+-------+-------------------+
; clk   ; 0.193 ; 0.000             ;
+-------+-------+-------------------+


+---------------------------------------+
; Fast 1200mV 0C Model Recovery Summary ;
+-------+-------+-----------------------+
; Clock ; Slack ; End Point TNS         ;
+-------+-------+-----------------------+
; clk   ; 8.416 ; 0.000                 ;
+-------+-------+-----------------------+


+--------------------------------------+
; Fast 1200mV 0C Model Removal Summary ;
+-------+-------+----------------------+
; Clock ; Slack ; End Point TNS        ;
+-------+-------+----------------------+
; clk   ; 1.052 ; 0.000                ;
+-------+-------+----------------------+


+--------------------------------------------------+
; Fast 1200mV 0C Model Minimum Pulse Width Summary ;
+-------+-------+----------------------------------+
; Clock ; Slack ; End Point TNS                    ;
+-------+-------+----------------------------------+
; clk   ; 4.411 ; 0.000                            ;
+-------+-------+----------------------------------+


+------------------------------------------------------------------------------------------------------------------------------------------------------------------+
; Fast 1200mV 0C Model Setup: 'clk'                                                                                                                                ;
+-------+----------------------------------------------+-------------------------------------+--------------+-------------+--------------+------------+------------+
; Slack ; From Node                                    ; To Node                             ; Launch Clock ; Latch Clock ; Relationship ; Clock Skew ; Data Delay ;
+-------+----------------------------------------------+-------------------------------------+--------------+-------------+--------------+------------+------------+
; 4.257 ; packer_ppa_boundary:u_boundary|sf_q[9]       ; posit_pack:u_packer|g_trunc.d_q[25] ; clk          ; clk         ; 10.000       ; -0.050     ; 5.680      ;
; 4.290 ; packer_ppa_boundary:u_boundary|sf_q[9]       ; posit_pack:u_packer|g_trunc.d_q[30] ; clk          ; clk         ; 10.000       ; 0.137      ; 5.834      ;
; 4.429 ; packer_ppa_boundary:u_boundary|sf_q[5]       ; posit_pack:u_packer|g_trunc.d_q[25] ; clk          ; clk         ; 10.000       ; -0.052     ; 5.506      ;
; 4.438 ; packer_ppa_boundary:u_boundary|frac_q[33]    ; posit_pack:u_packer|g_trunc.d_q[30] ; clk          ; clk         ; 10.000       ; 0.153      ; 5.702      ;
; 4.461 ; packer_ppa_boundary:u_boundary|sf_q[3]       ; posit_pack:u_packer|g_trunc.d_q[30] ; clk          ; clk         ; 10.000       ; 0.136      ; 5.662      ;
; 4.462 ; packer_ppa_boundary:u_boundary|sf_q[5]       ; posit_pack:u_packer|g_trunc.d_q[30] ; clk          ; clk         ; 10.000       ; 0.135      ; 5.660      ;
; 4.465 ; packer_ppa_boundary:u_boundary|frac_q[33]    ; posit_pack:u_packer|g_trunc.d_q[25] ; clk          ; clk         ; 10.000       ; -0.034     ; 5.488      ;
; 4.466 ; packer_ppa_boundary:u_boundary|frac_q[34]    ; posit_pack:u_packer|g_trunc.d_q[30] ; clk          ; clk         ; 10.000       ; 0.153      ; 5.674      ;
; 4.488 ; packer_ppa_boundary:u_boundary|sf_q[3]       ; posit_pack:u_packer|g_trunc.d_q[25] ; clk          ; clk         ; 10.000       ; -0.051     ; 5.448      ;
; 4.493 ; packer_ppa_boundary:u_boundary|frac_q[34]    ; posit_pack:u_packer|g_trunc.d_q[25] ; clk          ; clk         ; 10.000       ; -0.034     ; 5.460      ;
; 4.497 ; packer_ppa_boundary:u_boundary|sf_q[4]       ; posit_pack:u_packer|g_trunc.d_q[25] ; clk          ; clk         ; 10.000       ; -0.052     ; 5.438      ;
; 4.522 ; packer_ppa_boundary:u_boundary|sf_q[0]       ; posit_pack:u_packer|g_trunc.d_q[30] ; clk          ; clk         ; 10.000       ; 0.137      ; 5.602      ;
; 4.530 ; packer_ppa_boundary:u_boundary|sf_q[4]       ; posit_pack:u_packer|g_trunc.d_q[30] ; clk          ; clk         ; 10.000       ; 0.135      ; 5.592      ;
; 4.531 ; packer_ppa_boundary:u_boundary|sf_q[9]       ; posit_pack:u_packer|g_trunc.d_q[29] ; clk          ; clk         ; 10.000       ; 0.158      ; 5.614      ;
; 4.546 ; packer_ppa_boundary:u_boundary|frac_q[45]    ; posit_pack:u_packer|g_trunc.d_q[30] ; clk          ; clk         ; 10.000       ; 0.134      ; 5.575      ;
; 4.549 ; packer_ppa_boundary:u_boundary|sf_q[0]       ; posit_pack:u_packer|g_trunc.d_q[25] ; clk          ; clk         ; 10.000       ; -0.050     ; 5.388      ;
; 4.559 ; packer_ppa_boundary:u_boundary|sf_q[9]       ; posit_pack:u_packer|g_trunc.d_q[27] ; clk          ; clk         ; 10.000       ; 0.147      ; 5.575      ;
; 4.567 ; packer_ppa_boundary:u_boundary|frac_q[48]    ; posit_pack:u_packer|g_trunc.d_q[30] ; clk          ; clk         ; 10.000       ; 0.137      ; 5.557      ;
; 4.573 ; packer_ppa_boundary:u_boundary|frac_q[45]    ; posit_pack:u_packer|g_trunc.d_q[25] ; clk          ; clk         ; 10.000       ; -0.053     ; 5.361      ;
; 4.576 ; packer_ppa_boundary:u_boundary|sf_q[2]       ; posit_pack:u_packer|g_trunc.d_q[25] ; clk          ; clk         ; 10.000       ; -0.050     ; 5.361      ;
; 4.577 ; packer_ppa_boundary:u_boundary|frac_q[46]    ; posit_pack:u_packer|g_trunc.d_q[30] ; clk          ; clk         ; 10.000       ; 0.136      ; 5.546      ;
; 4.594 ; packer_ppa_boundary:u_boundary|frac_q[48]    ; posit_pack:u_packer|g_trunc.d_q[25] ; clk          ; clk         ; 10.000       ; -0.050     ; 5.343      ;
; 4.595 ; packer_ppa_boundary:u_boundary|sf_q[6]       ; posit_pack:u_packer|g_trunc.d_q[25] ; clk          ; clk         ; 10.000       ; -0.052     ; 5.340      ;
; 4.604 ; packer_ppa_boundary:u_boundary|frac_q[46]    ; posit_pack:u_packer|g_trunc.d_q[25] ; clk          ; clk         ; 10.000       ; -0.051     ; 5.332      ;
; 4.607 ; packer_ppa_boundary:u_boundary|frac_q[47]    ; posit_pack:u_packer|g_trunc.d_q[30] ; clk          ; clk         ; 10.000       ; 0.137      ; 5.517      ;
; 4.608 ; packer_ppa_boundary:u_boundary|sf_q[9]       ; posit_pack:u_packer|g_trunc.d_q[19] ; clk          ; clk         ; 10.000       ; 0.143      ; 5.522      ;
; 4.609 ; packer_ppa_boundary:u_boundary|sf_q[2]       ; posit_pack:u_packer|g_trunc.d_q[30] ; clk          ; clk         ; 10.000       ; 0.137      ; 5.515      ;
; 4.618 ; packer_ppa_boundary:u_boundary|sf_q[9]       ; posit_pack:u_packer|g_trunc.d_q[23] ; clk          ; clk         ; 10.000       ; 0.147      ; 5.516      ;
; 4.622 ; packer_ppa_boundary:u_boundary|frac_q[49]    ; posit_pack:u_packer|g_trunc.d_q[30] ; clk          ; clk         ; 10.000       ; 0.137      ; 5.502      ;
; 4.628 ; packer_ppa_boundary:u_boundary|sf_q[6]       ; posit_pack:u_packer|g_trunc.d_q[30] ; clk          ; clk         ; 10.000       ; 0.135      ; 5.494      ;
; 4.633 ; packer_ppa_boundary:u_boundary|sf_q[9]       ; posit_pack:u_packer|g_trunc.d_q[15] ; clk          ; clk         ; 10.000       ; 0.158      ; 5.512      ;
; 4.633 ; packer_ppa_boundary:u_boundary|sf_q[7]       ; posit_pack:u_packer|g_trunc.d_q[25] ; clk          ; clk         ; 10.000       ; -0.052     ; 5.302      ;
; 4.634 ; packer_ppa_boundary:u_boundary|frac_q[47]    ; posit_pack:u_packer|g_trunc.d_q[25] ; clk          ; clk         ; 10.000       ; -0.050     ; 5.303      ;
; 4.643 ; packer_ppa_boundary:u_boundary|frac_q[51]    ; posit_pack:u_packer|g_trunc.d_q[30] ; clk          ; clk         ; 10.000       ; 0.137      ; 5.481      ;
; 4.649 ; packer_ppa_boundary:u_boundary|frac_q[49]    ; posit_pack:u_packer|g_trunc.d_q[25] ; clk          ; clk         ; 10.000       ; -0.050     ; 5.288      ;
; 4.659 ; packer_ppa_boundary:u_boundary|sf_q[1]       ; posit_pack:u_packer|g_trunc.d_q[30] ; clk          ; clk         ; 10.000       ; 0.137      ; 5.465      ;
; 4.664 ; packer_ppa_boundary:u_boundary|sf_q[9]       ; posit_pack:u_packer|g_trunc.d_q[26] ; clk          ; clk         ; 10.000       ; 0.158      ; 5.481      ;
; 4.666 ; packer_ppa_boundary:u_boundary|sf_q[7]       ; posit_pack:u_packer|g_trunc.d_q[30] ; clk          ; clk         ; 10.000       ; 0.135      ; 5.456      ;
; 4.670 ; packer_ppa_boundary:u_boundary|frac_q[51]    ; posit_pack:u_packer|g_trunc.d_q[25] ; clk          ; clk         ; 10.000       ; -0.050     ; 5.267      ;
; 4.686 ; packer_ppa_boundary:u_boundary|sf_q[1]       ; posit_pack:u_packer|g_trunc.d_q[25] ; clk          ; clk         ; 10.000       ; -0.050     ; 5.251      ;
; 4.696 ; packer_ppa_boundary:u_boundary|is_nar_q      ; posit_pack:u_packer|g_trunc.d_q[25] ; clk          ; clk         ; 10.000       ; -0.052     ; 5.239      ;
; 4.696 ; packer_ppa_boundary:u_boundary|flags_in_q[4] ; posit_pack:u_packer|g_trunc.d_q[25] ; clk          ; clk         ; 10.000       ; -0.036     ; 5.255      ;
; 4.701 ; packer_ppa_boundary:u_boundary|sf_q[9]       ; posit_pack:u_packer|g_trunc.d_q[21] ; clk          ; clk         ; 10.000       ; 0.147      ; 5.433      ;
; 4.703 ; packer_ppa_boundary:u_boundary|sf_q[5]       ; posit_pack:u_packer|g_trunc.d_q[29] ; clk          ; clk         ; 10.000       ; 0.156      ; 5.440      ;
; 4.708 ; packer_ppa_boundary:u_boundary|frac_q[44]    ; posit_pack:u_packer|g_trunc.d_q[30] ; clk          ; clk         ; 10.000       ; 0.136      ; 5.415      ;
; 4.719 ; packer_ppa_boundary:u_boundary|frac_q[41]    ; posit_pack:u_packer|g_trunc.d_q[30] ; clk          ; clk         ; 10.000       ; 0.136      ; 5.404      ;
; 4.722 ; packer_ppa_boundary:u_boundary|frac_q[50]    ; posit_pack:u_packer|g_trunc.d_q[30] ; clk          ; clk         ; 10.000       ; 0.137      ; 5.402      ;
; 4.729 ; packer_ppa_boundary:u_boundary|is_nar_q      ; posit_pack:u_packer|g_trunc.d_q[30] ; clk          ; clk         ; 10.000       ; 0.135      ; 5.393      ;
; 4.729 ; packer_ppa_boundary:u_boundary|flags_in_q[4] ; posit_pack:u_packer|g_trunc.d_q[30] ; clk          ; clk         ; 10.000       ; 0.151      ; 5.409      ;
; 4.731 ; packer_ppa_boundary:u_boundary|sf_q[5]       ; posit_pack:u_packer|g_trunc.d_q[27] ; clk          ; clk         ; 10.000       ; 0.145      ; 5.401      ;
; 4.735 ; packer_ppa_boundary:u_boundary|frac_q[44]    ; posit_pack:u_packer|g_trunc.d_q[25] ; clk          ; clk         ; 10.000       ; -0.051     ; 5.201      ;
; 4.739 ; packer_ppa_boundary:u_boundary|frac_q[33]    ; posit_pack:u_packer|g_trunc.d_q[29] ; clk          ; clk         ; 10.000       ; 0.174      ; 5.422      ;
; 4.739 ; packer_ppa_boundary:u_boundary|frac_q[38]    ; posit_pack:u_packer|g_trunc.d_q[30] ; clk          ; clk         ; 10.000       ; 0.153      ; 5.401      ;
; 4.742 ; packer_ppa_boundary:u_boundary|frac_q[54]    ; posit_pack:u_packer|g_trunc.d_q[30] ; clk          ; clk         ; 10.000       ; 0.137      ; 5.382      ;
; 4.743 ; packer_ppa_boundary:u_boundary|sf_q[9]       ; posit_pack:u_packer|g_trunc.d_q[28] ; clk          ; clk         ; 10.000       ; 0.158      ; 5.402      ;
; 4.746 ; packer_ppa_boundary:u_boundary|frac_q[41]    ; posit_pack:u_packer|g_trunc.d_q[25] ; clk          ; clk         ; 10.000       ; -0.051     ; 5.190      ;
; 4.749 ; packer_ppa_boundary:u_boundary|frac_q[50]    ; posit_pack:u_packer|g_trunc.d_q[25] ; clk          ; clk         ; 10.000       ; -0.050     ; 5.188      ;
; 4.757 ; packer_ppa_boundary:u_boundary|sf_q[9]       ; posit_pack:u_packer|g_trunc.d_q[24] ; clk          ; clk         ; 10.000       ; 0.158      ; 5.388      ;
; 4.760 ; packer_ppa_boundary:u_boundary|frac_q[39]    ; posit_pack:u_packer|g_trunc.d_q[30] ; clk          ; clk         ; 10.000       ; 0.153      ; 5.380      ;
; 4.762 ; packer_ppa_boundary:u_boundary|sf_q[3]       ; posit_pack:u_packer|g_trunc.d_q[29] ; clk          ; clk         ; 10.000       ; 0.157      ; 5.382      ;
; 4.762 ; packer_ppa_boundary:u_boundary|frac_q[40]    ; posit_pack:u_packer|g_trunc.d_q[30] ; clk          ; clk         ; 10.000       ; 0.153      ; 5.378      ;
; 4.766 ; packer_ppa_boundary:u_boundary|frac_q[38]    ; posit_pack:u_packer|g_trunc.d_q[25] ; clk          ; clk         ; 10.000       ; -0.034     ; 5.187      ;
; 4.767 ; packer_ppa_boundary:u_boundary|frac_q[33]    ; posit_pack:u_packer|g_trunc.d_q[27] ; clk          ; clk         ; 10.000       ; 0.163      ; 5.383      ;
; 4.767 ; packer_ppa_boundary:u_boundary|frac_q[34]    ; posit_pack:u_packer|g_trunc.d_q[29] ; clk          ; clk         ; 10.000       ; 0.174      ; 5.394      ;
; 4.769 ; packer_ppa_boundary:u_boundary|frac_q[54]    ; posit_pack:u_packer|g_trunc.d_q[25] ; clk          ; clk         ; 10.000       ; -0.050     ; 5.168      ;
; 4.771 ; packer_ppa_boundary:u_boundary|sf_q[4]       ; posit_pack:u_packer|g_trunc.d_q[29] ; clk          ; clk         ; 10.000       ; 0.156      ; 5.372      ;
; 4.773 ; packer_ppa_boundary:u_boundary|frac_q[42]    ; posit_pack:u_packer|g_trunc.d_q[30] ; clk          ; clk         ; 10.000       ; 0.136      ; 5.350      ;
; 4.780 ; packer_ppa_boundary:u_boundary|sf_q[5]       ; posit_pack:u_packer|g_trunc.d_q[19] ; clk          ; clk         ; 10.000       ; 0.141      ; 5.348      ;
; 4.781 ; packer_ppa_boundary:u_boundary|sf_q[8]       ; posit_pack:u_packer|g_trunc.d_q[25] ; clk          ; clk         ; 10.000       ; -0.052     ; 5.154      ;
; 4.787 ; packer_ppa_boundary:u_boundary|frac_q[39]    ; posit_pack:u_packer|g_trunc.d_q[25] ; clk          ; clk         ; 10.000       ; -0.034     ; 5.166      ;
; 4.789 ; packer_ppa_boundary:u_boundary|frac_q[40]    ; posit_pack:u_packer|g_trunc.d_q[25] ; clk          ; clk         ; 10.000       ; -0.034     ; 5.164      ;
; 4.790 ; packer_ppa_boundary:u_boundary|sf_q[3]       ; posit_pack:u_packer|g_trunc.d_q[27] ; clk          ; clk         ; 10.000       ; 0.146      ; 5.343      ;
; 4.790 ; packer_ppa_boundary:u_boundary|sf_q[5]       ; posit_pack:u_packer|g_trunc.d_q[23] ; clk          ; clk         ; 10.000       ; 0.145      ; 5.342      ;
; 4.795 ; packer_ppa_boundary:u_boundary|sf_q[9]       ; posit_pack:u_packer|g_trunc.d_q[31] ; clk          ; clk         ; 10.000       ; 0.158      ; 5.350      ;
; 4.795 ; packer_ppa_boundary:u_boundary|frac_q[34]    ; posit_pack:u_packer|g_trunc.d_q[27] ; clk          ; clk         ; 10.000       ; 0.163      ; 5.355      ;
; 4.799 ; packer_ppa_boundary:u_boundary|sf_q[4]       ; posit_pack:u_packer|g_trunc.d_q[27] ; clk          ; clk         ; 10.000       ; 0.145      ; 5.333      ;
; 4.800 ; packer_ppa_boundary:u_boundary|frac_q[42]    ; posit_pack:u_packer|g_trunc.d_q[25] ; clk          ; clk         ; 10.000       ; -0.051     ; 5.136      ;
; 4.805 ; packer_ppa_boundary:u_boundary|sf_q[5]       ; posit_pack:u_packer|g_trunc.d_q[15] ; clk          ; clk         ; 10.000       ; 0.156      ; 5.338      ;
; 4.810 ; packer_ppa_boundary:u_boundary|frac_q[52]    ; posit_pack:u_packer|g_trunc.d_q[30] ; clk          ; clk         ; 10.000       ; 0.137      ; 5.314      ;
; 4.812 ; packer_ppa_boundary:u_boundary|frac_q[33]    ; posit_pack:u_packer|g_trunc.d_q[26] ; clk          ; clk         ; 10.000       ; 0.174      ; 5.349      ;
; 4.814 ; packer_ppa_boundary:u_boundary|sf_q[8]       ; posit_pack:u_packer|g_trunc.d_q[30] ; clk          ; clk         ; 10.000       ; 0.135      ; 5.308      ;
; 4.816 ; packer_ppa_boundary:u_boundary|frac_q[33]    ; posit_pack:u_packer|g_trunc.d_q[19] ; clk          ; clk         ; 10.000       ; 0.159      ; 5.330      ;
; 4.819 ; packer_ppa_boundary:u_boundary|sf_q[9]       ; posit_pack:u_packer|g_trunc.d_q[14] ; clk          ; clk         ; 10.000       ; -0.053     ; 5.115      ;
; 4.823 ; packer_ppa_boundary:u_boundary|sf_q[0]       ; posit_pack:u_packer|g_trunc.d_q[29] ; clk          ; clk         ; 10.000       ; 0.158      ; 5.322      ;
; 4.826 ; packer_ppa_boundary:u_boundary|frac_q[33]    ; posit_pack:u_packer|g_trunc.d_q[23] ; clk          ; clk         ; 10.000       ; 0.163      ; 5.324      ;
; 4.827 ; packer_ppa_boundary:u_boundary|sf_q[9]       ; posit_pack:u_packer|g_trunc.d_q[22] ; clk          ; clk         ; 10.000       ; 0.158      ; 5.318      ;
; 4.830 ; packer_ppa_boundary:u_boundary|frac_q[36]    ; posit_pack:u_packer|g_trunc.d_q[30] ; clk          ; clk         ; 10.000       ; 0.153      ; 5.310      ;
; 4.835 ; packer_ppa_boundary:u_boundary|sf_q[3]       ; posit_pack:u_packer|g_trunc.d_q[26] ; clk          ; clk         ; 10.000       ; 0.157      ; 5.309      ;
; 4.836 ; packer_ppa_boundary:u_boundary|sf_q[5]       ; posit_pack:u_packer|g_trunc.d_q[26] ; clk          ; clk         ; 10.000       ; 0.156      ; 5.307      ;
; 4.837 ; packer_ppa_boundary:u_boundary|frac_q[52]    ; posit_pack:u_packer|g_trunc.d_q[25] ; clk          ; clk         ; 10.000       ; -0.050     ; 5.100      ;
; 4.838 ; packer_ppa_boundary:u_boundary|frac_q[43]    ; posit_pack:u_packer|g_trunc.d_q[30] ; clk          ; clk         ; 10.000       ; 0.136      ; 5.285      ;
; 4.839 ; packer_ppa_boundary:u_boundary|sf_q[3]       ; posit_pack:u_packer|g_trunc.d_q[19] ; clk          ; clk         ; 10.000       ; 0.142      ; 5.290      ;
; 4.840 ; packer_ppa_boundary:u_boundary|frac_q[34]    ; posit_pack:u_packer|g_trunc.d_q[26] ; clk          ; clk         ; 10.000       ; 0.174      ; 5.321      ;
; 4.841 ; packer_ppa_boundary:u_boundary|frac_q[33]    ; posit_pack:u_packer|g_trunc.d_q[15] ; clk          ; clk         ; 10.000       ; 0.174      ; 5.320      ;
; 4.844 ; packer_ppa_boundary:u_boundary|sf_q[9]       ; posit_pack:u_packer|g_trunc.d_q[13] ; clk          ; clk         ; 10.000       ; 0.143      ; 5.286      ;
; 4.844 ; packer_ppa_boundary:u_boundary|frac_q[34]    ; posit_pack:u_packer|g_trunc.d_q[19] ; clk          ; clk         ; 10.000       ; 0.159      ; 5.302      ;
; 4.847 ; packer_ppa_boundary:u_boundary|frac_q[45]    ; posit_pack:u_packer|g_trunc.d_q[29] ; clk          ; clk         ; 10.000       ; 0.155      ; 5.295      ;
; 4.848 ; packer_ppa_boundary:u_boundary|sf_q[4]       ; posit_pack:u_packer|g_trunc.d_q[19] ; clk          ; clk         ; 10.000       ; 0.141      ; 5.280      ;
; 4.849 ; packer_ppa_boundary:u_boundary|sf_q[3]       ; posit_pack:u_packer|g_trunc.d_q[23] ; clk          ; clk         ; 10.000       ; 0.146      ; 5.284      ;
; 4.850 ; packer_ppa_boundary:u_boundary|sf_q[2]       ; posit_pack:u_packer|g_trunc.d_q[29] ; clk          ; clk         ; 10.000       ; 0.158      ; 5.295      ;
+-------+----------------------------------------------+-------------------------------------+--------------+-------------+--------------+------------+------------+


+------------------------------------------------------------------------------------------------------------------------------------------------------------------------+
; Fast 1200mV 0C Model Hold: 'clk'                                                                                                                                       ;
+-------+----------------------------------------------+-------------------------------------------+--------------+-------------+--------------+------------+------------+
; Slack ; From Node                                    ; To Node                                   ; Launch Clock ; Latch Clock ; Relationship ; Clock Skew ; Data Delay ;
+-------+----------------------------------------------+-------------------------------------------+--------------+-------------+--------------+------------+------------+
; 0.193 ; posit_pack:u_packer|g_trunc.flags_q[3]       ; packer_ppa_boundary:u_boundary|flags[3]   ; clk          ; clk         ; 0.000        ; 0.037      ; 0.314      ;
; 0.193 ; packer_ppa_boundary:u_boundary|flags_in_q[0] ; posit_pack:u_packer|g_trunc.flags_q[0]    ; clk          ; clk         ; 0.000        ; 0.036      ; 0.313      ;
; 0.194 ; posit_pack:u_packer|g_trunc.flags_q[2]       ; packer_ppa_boundary:u_boundary|flags[2]   ; clk          ; clk         ; 0.000        ; 0.037      ; 0.315      ;
; 0.195 ; packer_ppa_boundary:u_boundary|meta_sync1    ; packer_ppa_boundary:u_boundary|meta_sync2 ; clk          ; clk         ; 0.000        ; 0.036      ; 0.315      ;
; 0.195 ; posit_pack:u_packer|g_trunc.valid_q          ; packer_ppa_boundary:u_boundary|out_valid  ; clk          ; clk         ; 0.000        ; 0.036      ; 0.315      ;
; 0.260 ; packer_ppa_boundary:u_boundary|flags_in_q[1] ; posit_pack:u_packer|g_trunc.flags_q[1]    ; clk          ; clk         ; 0.000        ; 0.037      ; 0.381      ;
; 0.267 ; posit_pack:u_packer|g_trunc.flags_q[1]       ; packer_ppa_boundary:u_boundary|flags[1]   ; clk          ; clk         ; 0.000        ; 0.037      ; 0.388      ;
; 0.267 ; posit_pack:u_packer|g_trunc.d_q[0]           ; packer_ppa_boundary:u_boundary|d[0]       ; clk          ; clk         ; 0.000        ; 0.036      ; 0.387      ;
; 0.276 ; posit_pack:u_packer|g_trunc.flags_q[0]       ; packer_ppa_boundary:u_boundary|flags[0]   ; clk          ; clk         ; 0.000        ; 0.035      ; 0.395      ;
; 0.293 ; packer_ppa_boundary:u_boundary|flags_in_q[2] ; posit_pack:u_packer|g_trunc.flags_q[2]    ; clk          ; clk         ; 0.000        ; 0.037      ; 0.414      ;
; 0.301 ; packer_ppa_boundary:u_boundary|flags_in_q[3] ; posit_pack:u_packer|g_trunc.flags_q[3]    ; clk          ; clk         ; 0.000        ; 0.037      ; 0.422      ;
; 0.325 ; packer_ppa_boundary:u_boundary|flags_in_q[4] ; posit_pack:u_packer|g_trunc.d_q[25]       ; clk          ; clk         ; 0.000        ; 0.036      ; 0.445      ;
; 0.326 ; packer_ppa_boundary:u_boundary|flags_in_q[4] ; posit_pack:u_packer|g_trunc.d_q[3]        ; clk          ; clk         ; 0.000        ; 0.036      ; 0.446      ;
; 0.329 ; packer_ppa_boundary:u_boundary|flags_in_q[4] ; posit_pack:u_packer|g_trunc.d_q[1]        ; clk          ; clk         ; 0.000        ; 0.036      ; 0.449      ;
; 0.329 ; packer_ppa_boundary:u_boundary|flags_in_q[4] ; posit_pack:u_packer|g_trunc.d_q[5]        ; clk          ; clk         ; 0.000        ; 0.036      ; 0.449      ;
; 0.350 ; packer_ppa_boundary:u_boundary|flags_in_q[4] ; posit_pack:u_packer|g_trunc.d_q[7]        ; clk          ; clk         ; 0.000        ; 0.036      ; 0.470      ;
; 0.384 ; posit_pack:u_packer|g_trunc.d_q[6]           ; packer_ppa_boundary:u_boundary|d[6]       ; clk          ; clk         ; 0.000        ; -0.154     ; 0.314      ;
; 0.401 ; posit_pack:u_packer|g_trunc.d_q[14]          ; packer_ppa_boundary:u_boundary|d[14]      ; clk          ; clk         ; 0.000        ; 0.034      ; 0.519      ;
; 0.426 ; posit_pack:u_packer|g_trunc.d_q[7]           ; packer_ppa_boundary:u_boundary|d[7]       ; clk          ; clk         ; 0.000        ; 0.041      ; 0.551      ;
; 0.429 ; posit_pack:u_packer|g_trunc.d_q[1]           ; packer_ppa_boundary:u_boundary|d[1]       ; clk          ; clk         ; 0.000        ; 0.041      ; 0.554      ;
; 0.438 ; packer_ppa_boundary:u_boundary|sign_q        ; posit_pack:u_packer|g_trunc.d_q[31]       ; clk          ; clk         ; 0.000        ; 0.253      ; 0.775      ;
; 0.454 ; posit_pack:u_packer|g_trunc.d_q[8]           ; packer_ppa_boundary:u_boundary|d[8]       ; clk          ; clk         ; 0.000        ; -0.154     ; 0.384      ;
; 0.459 ; posit_pack:u_packer|g_trunc.d_q[30]          ; packer_ppa_boundary:u_boundary|d[30]      ; clk          ; clk         ; 0.000        ; -0.154     ; 0.389      ;
; 0.463 ; posit_pack:u_packer|g_trunc.d_q[4]           ; packer_ppa_boundary:u_boundary|d[4]       ; clk          ; clk         ; 0.000        ; -0.154     ; 0.393      ;
; 0.489 ; posit_pack:u_packer|g_trunc.d_q[5]           ; packer_ppa_boundary:u_boundary|d[5]       ; clk          ; clk         ; 0.000        ; 0.041      ; 0.614      ;
; 0.506 ; posit_pack:u_packer|g_trunc.d_q[3]           ; packer_ppa_boundary:u_boundary|d[3]       ; clk          ; clk         ; 0.000        ; 0.041      ; 0.631      ;
; 0.528 ; posit_pack:u_packer|g_trunc.flags_q[4]       ; packer_ppa_boundary:u_boundary|flags[4]   ; clk          ; clk         ; 0.000        ; 0.030      ; 0.642      ;
; 0.532 ; posit_pack:u_packer|g_trunc.d_q[23]          ; packer_ppa_boundary:u_boundary|d[23]      ; clk          ; clk         ; 0.000        ; -0.153     ; 0.463      ;
; 0.537 ; posit_pack:u_packer|g_trunc.d_q[17]          ; packer_ppa_boundary:u_boundary|d[17]      ; clk          ; clk         ; 0.000        ; -0.164     ; 0.457      ;
; 0.540 ; posit_pack:u_packer|g_trunc.d_q[25]          ; packer_ppa_boundary:u_boundary|d[25]      ; clk          ; clk         ; 0.000        ; 0.041      ; 0.665      ;
; 0.556 ; posit_pack:u_packer|g_trunc.d_q[16]          ; packer_ppa_boundary:u_boundary|d[16]      ; clk          ; clk         ; 0.000        ; -0.168     ; 0.472      ;
; 0.561 ; posit_pack:u_packer|g_trunc.d_q[24]          ; packer_ppa_boundary:u_boundary|d[24]      ; clk          ; clk         ; 0.000        ; -0.154     ; 0.491      ;
; 0.590 ; packer_ppa_boundary:u_boundary|is_zero_q     ; posit_pack:u_packer|g_trunc.d_q[29]       ; clk          ; clk         ; 0.000        ; 0.055      ; 0.729      ;
; 0.600 ; posit_pack:u_packer|g_trunc.d_q[9]           ; packer_ppa_boundary:u_boundary|d[9]       ; clk          ; clk         ; 0.000        ; -0.156     ; 0.528      ;
; 0.614 ; posit_pack:u_packer|g_trunc.d_q[31]          ; packer_ppa_boundary:u_boundary|d[31]      ; clk          ; clk         ; 0.000        ; -0.168     ; 0.530      ;
; 0.616 ; packer_ppa_boundary:u_boundary|is_nar_q      ; posit_pack:u_packer|g_trunc.d_q[29]       ; clk          ; clk         ; 0.000        ; 0.256      ; 0.956      ;
; 0.619 ; posit_pack:u_packer|g_trunc.d_q[18]          ; packer_ppa_boundary:u_boundary|d[18]      ; clk          ; clk         ; 0.000        ; -0.167     ; 0.536      ;
; 0.625 ; posit_pack:u_packer|g_trunc.d_q[29]          ; packer_ppa_boundary:u_boundary|d[29]      ; clk          ; clk         ; 0.000        ; -0.167     ; 0.542      ;
; 0.666 ; packer_ppa_boundary:u_boundary|is_nar_q      ; posit_pack:u_packer|g_trunc.d_q[12]       ; clk          ; clk         ; 0.000        ; 0.240      ; 0.990      ;
; 0.668 ; packer_ppa_boundary:u_boundary|is_nar_q      ; posit_pack:u_packer|g_trunc.d_q[10]       ; clk          ; clk         ; 0.000        ; 0.240      ; 0.992      ;
; 0.668 ; packer_ppa_boundary:u_boundary|is_nar_q      ; posit_pack:u_packer|g_trunc.d_q[11]       ; clk          ; clk         ; 0.000        ; 0.240      ; 0.992      ;
; 0.669 ; packer_ppa_boundary:u_boundary|is_nar_q      ; posit_pack:u_packer|g_trunc.d_q[13]       ; clk          ; clk         ; 0.000        ; 0.240      ; 0.993      ;
; 0.669 ; packer_ppa_boundary:u_boundary|is_nar_q      ; posit_pack:u_packer|g_trunc.d_q[19]       ; clk          ; clk         ; 0.000        ; 0.240      ; 0.993      ;
; 0.669 ; packer_ppa_boundary:u_boundary|flags_in_q[4] ; posit_pack:u_packer|g_trunc.d_q[15]       ; clk          ; clk         ; 0.000        ; 0.252      ; 1.005      ;
; 0.669 ; packer_ppa_boundary:u_boundary|flags_in_q[4] ; posit_pack:u_packer|g_trunc.d_q[28]       ; clk          ; clk         ; 0.000        ; 0.252      ; 1.005      ;
; 0.671 ; packer_ppa_boundary:u_boundary|flags_in_q[4] ; posit_pack:u_packer|g_trunc.d_q[18]       ; clk          ; clk         ; 0.000        ; 0.252      ; 1.007      ;
; 0.672 ; packer_ppa_boundary:u_boundary|flags_in_q[4] ; posit_pack:u_packer|g_trunc.d_q[17]       ; clk          ; clk         ; 0.000        ; 0.252      ; 1.008      ;
; 0.674 ; packer_ppa_boundary:u_boundary|flags_in_q[4] ; posit_pack:u_packer|g_trunc.d_q[16]       ; clk          ; clk         ; 0.000        ; 0.252      ; 1.010      ;
; 0.676 ; posit_pack:u_packer|g_trunc.d_q[21]          ; packer_ppa_boundary:u_boundary|d[21]      ; clk          ; clk         ; 0.000        ; -0.143     ; 0.617      ;
; 0.689 ; packer_ppa_boundary:u_boundary|is_zero_q     ; posit_pack:u_packer|g_trunc.d_q[24]       ; clk          ; clk         ; 0.000        ; 0.055      ; 0.828      ;
; 0.689 ; packer_ppa_boundary:u_boundary|is_zero_q     ; posit_pack:u_packer|g_trunc.d_q[26]       ; clk          ; clk         ; 0.000        ; 0.055      ; 0.828      ;
; 0.690 ; packer_ppa_boundary:u_boundary|is_zero_q     ; posit_pack:u_packer|g_trunc.d_q[20]       ; clk          ; clk         ; 0.000        ; 0.055      ; 0.829      ;
; 0.691 ; packer_ppa_boundary:u_boundary|is_zero_q     ; posit_pack:u_packer|g_trunc.d_q[22]       ; clk          ; clk         ; 0.000        ; 0.055      ; 0.830      ;
; 0.698 ; posit_pack:u_packer|g_trunc.d_q[22]          ; packer_ppa_boundary:u_boundary|d[22]      ; clk          ; clk         ; 0.000        ; -0.167     ; 0.615      ;
; 0.705 ; packer_ppa_boundary:u_boundary|is_zero_q     ; posit_pack:u_packer|g_trunc.d_q[16]       ; clk          ; clk         ; 0.000        ; 0.055      ; 0.844      ;
; 0.707 ; packer_ppa_boundary:u_boundary|is_zero_q     ; posit_pack:u_packer|g_trunc.d_q[17]       ; clk          ; clk         ; 0.000        ; 0.055      ; 0.846      ;
; 0.707 ; posit_pack:u_packer|g_trunc.d_q[11]          ; packer_ppa_boundary:u_boundary|d[11]      ; clk          ; clk         ; 0.000        ; -0.159     ; 0.632      ;
; 0.708 ; packer_ppa_boundary:u_boundary|is_zero_q     ; posit_pack:u_packer|g_trunc.d_q[18]       ; clk          ; clk         ; 0.000        ; 0.055      ; 0.847      ;
; 0.710 ; packer_ppa_boundary:u_boundary|is_zero_q     ; posit_pack:u_packer|g_trunc.d_q[15]       ; clk          ; clk         ; 0.000        ; 0.055      ; 0.849      ;
; 0.711 ; packer_ppa_boundary:u_boundary|is_zero_q     ; posit_pack:u_packer|g_trunc.d_q[28]       ; clk          ; clk         ; 0.000        ; 0.055      ; 0.850      ;
; 0.712 ; posit_pack:u_packer|g_trunc.d_q[28]          ; packer_ppa_boundary:u_boundary|d[28]      ; clk          ; clk         ; 0.000        ; -0.168     ; 0.628      ;
; 0.716 ; packer_ppa_boundary:u_boundary|is_zero_q     ; posit_pack:u_packer|g_trunc.d_q[4]        ; clk          ; clk         ; 0.000        ; 0.033      ; 0.833      ;
; 0.718 ; packer_ppa_boundary:u_boundary|is_zero_q     ; posit_pack:u_packer|g_trunc.d_q[6]        ; clk          ; clk         ; 0.000        ; 0.033      ; 0.835      ;
; 0.719 ; packer_ppa_boundary:u_boundary|is_zero_q     ; posit_pack:u_packer|g_trunc.d_q[8]        ; clk          ; clk         ; 0.000        ; 0.033      ; 0.836      ;
; 0.719 ; packer_ppa_boundary:u_boundary|is_zero_q     ; posit_pack:u_packer|g_trunc.d_q[30]       ; clk          ; clk         ; 0.000        ; 0.033      ; 0.836      ;
; 0.723 ; packer_ppa_boundary:u_boundary|sticky_q      ; posit_pack:u_packer|g_trunc.flags_q[3]    ; clk          ; clk         ; 0.000        ; 0.038      ; 0.845      ;
; 0.725 ; packer_ppa_boundary:u_boundary|is_nar_q      ; posit_pack:u_packer|g_trunc.d_q[9]        ; clk          ; clk         ; 0.000        ; 0.245      ; 1.054      ;
; 0.725 ; packer_ppa_boundary:u_boundary|is_nar_q      ; posit_pack:u_packer|g_trunc.d_q[23]       ; clk          ; clk         ; 0.000        ; 0.245      ; 1.054      ;
; 0.725 ; posit_pack:u_packer|g_trunc.d_q[10]          ; packer_ppa_boundary:u_boundary|d[10]      ; clk          ; clk         ; 0.000        ; -0.159     ; 0.650      ;
; 0.726 ; packer_ppa_boundary:u_boundary|is_nar_q      ; posit_pack:u_packer|g_trunc.d_q[2]        ; clk          ; clk         ; 0.000        ; 0.245      ; 1.055      ;
; 0.726 ; packer_ppa_boundary:u_boundary|is_nar_q      ; posit_pack:u_packer|g_trunc.d_q[21]       ; clk          ; clk         ; 0.000        ; 0.245      ; 1.055      ;
; 0.726 ; packer_ppa_boundary:u_boundary|is_nar_q      ; posit_pack:u_packer|g_trunc.d_q[27]       ; clk          ; clk         ; 0.000        ; 0.245      ; 1.055      ;
; 0.732 ; posit_pack:u_packer|g_trunc.d_q[26]          ; packer_ppa_boundary:u_boundary|d[26]      ; clk          ; clk         ; 0.000        ; -0.168     ; 0.648      ;
; 0.736 ; posit_pack:u_packer|g_trunc.d_q[15]          ; packer_ppa_boundary:u_boundary|d[15]      ; clk          ; clk         ; 0.000        ; -0.169     ; 0.651      ;
; 0.738 ; packer_ppa_boundary:u_boundary|sign_q        ; posit_pack:u_packer|g_trunc.d_q[0]        ; clk          ; clk         ; 0.000        ; 0.041      ; 0.863      ;
; 0.739 ; packer_ppa_boundary:u_boundary|frac_q[3]     ; posit_pack:u_packer|g_trunc.flags_q[3]    ; clk          ; clk         ; 0.000        ; 0.038      ; 0.861      ;
; 0.753 ; posit_pack:u_packer|g_trunc.d_q[13]          ; packer_ppa_boundary:u_boundary|d[13]      ; clk          ; clk         ; 0.000        ; -0.152     ; 0.685      ;
; 0.759 ; posit_pack:u_packer|g_trunc.d_q[27]          ; packer_ppa_boundary:u_boundary|d[27]      ; clk          ; clk         ; 0.000        ; -0.143     ; 0.700      ;
; 0.760 ; packer_ppa_boundary:u_boundary|flags_in_q[4] ; posit_pack:u_packer|g_trunc.d_q[13]       ; clk          ; clk         ; 0.000        ; 0.236      ; 1.080      ;
; 0.760 ; packer_ppa_boundary:u_boundary|flags_in_q[4] ; posit_pack:u_packer|g_trunc.d_q[19]       ; clk          ; clk         ; 0.000        ; 0.236      ; 1.080      ;
; 0.761 ; packer_ppa_boundary:u_boundary|flags_in_q[4] ; posit_pack:u_packer|g_trunc.d_q[10]       ; clk          ; clk         ; 0.000        ; 0.236      ; 1.081      ;
; 0.762 ; packer_ppa_boundary:u_boundary|flags_in_q[4] ; posit_pack:u_packer|g_trunc.d_q[11]       ; clk          ; clk         ; 0.000        ; 0.236      ; 1.082      ;
; 0.764 ; packer_ppa_boundary:u_boundary|flags_in_q[4] ; posit_pack:u_packer|g_trunc.d_q[12]       ; clk          ; clk         ; 0.000        ; 0.236      ; 1.084      ;
; 0.767 ; packer_ppa_boundary:u_boundary|is_zero_q     ; posit_pack:u_packer|g_trunc.d_q[12]       ; clk          ; clk         ; 0.000        ; 0.039      ; 0.890      ;
; 0.767 ; posit_pack:u_packer|g_trunc.d_q[19]          ; packer_ppa_boundary:u_boundary|d[19]      ; clk          ; clk         ; 0.000        ; -0.160     ; 0.691      ;
; 0.769 ; posit_pack:u_packer|g_trunc.d_q[12]          ; packer_ppa_boundary:u_boundary|d[12]      ; clk          ; clk         ; 0.000        ; -0.159     ; 0.694      ;
; 0.770 ; packer_ppa_boundary:u_boundary|is_zero_q     ; posit_pack:u_packer|g_trunc.flags_q[2]    ; clk          ; clk         ; 0.000        ; -0.160     ; 0.694      ;
; 0.770 ; packer_ppa_boundary:u_boundary|is_zero_q     ; posit_pack:u_packer|g_trunc.d_q[11]       ; clk          ; clk         ; 0.000        ; 0.039      ; 0.893      ;
; 0.771 ; packer_ppa_boundary:u_boundary|is_zero_q     ; posit_pack:u_packer|g_trunc.d_q[10]       ; clk          ; clk         ; 0.000        ; 0.039      ; 0.894      ;
; 0.772 ; packer_ppa_boundary:u_boundary|is_zero_q     ; posit_pack:u_packer|g_trunc.d_q[13]       ; clk          ; clk         ; 0.000        ; 0.039      ; 0.895      ;
; 0.772 ; packer_ppa_boundary:u_boundary|is_zero_q     ; posit_pack:u_packer|g_trunc.d_q[19]       ; clk          ; clk         ; 0.000        ; 0.039      ; 0.895      ;
; 0.775 ; posit_pack:u_packer|g_trunc.d_q[2]           ; packer_ppa_boundary:u_boundary|d[2]       ; clk          ; clk         ; 0.000        ; -0.161     ; 0.698      ;
; 0.784 ; packer_ppa_boundary:u_boundary|is_zero_q     ; posit_pack:u_packer|g_trunc.d_q[5]        ; clk          ; clk         ; 0.000        ; -0.161     ; 0.707      ;
; 0.785 ; packer_ppa_boundary:u_boundary|is_zero_q     ; posit_pack:u_packer|g_trunc.d_q[1]        ; clk          ; clk         ; 0.000        ; -0.161     ; 0.708      ;
; 0.787 ; packer_ppa_boundary:u_boundary|is_zero_q     ; posit_pack:u_packer|g_trunc.d_q[3]        ; clk          ; clk         ; 0.000        ; -0.161     ; 0.710      ;
; 0.788 ; packer_ppa_boundary:u_boundary|is_nar_q      ; posit_pack:u_packer|g_trunc.flags_q[3]    ; clk          ; clk         ; 0.000        ; 0.041      ; 0.913      ;
; 0.788 ; packer_ppa_boundary:u_boundary|is_zero_q     ; posit_pack:u_packer|g_trunc.d_q[25]       ; clk          ; clk         ; 0.000        ; -0.161     ; 0.711      ;
; 0.789 ; posit_pack:u_packer|g_trunc.d_q[20]          ; packer_ppa_boundary:u_boundary|d[20]      ; clk          ; clk         ; 0.000        ; -0.172     ; 0.701      ;
; 0.797 ; packer_ppa_boundary:u_boundary|frac_q[7]     ; posit_pack:u_packer|g_trunc.flags_q[3]    ; clk          ; clk         ; 0.000        ; 0.037      ; 0.918      ;
; 0.801 ; packer_ppa_boundary:u_boundary|sign_q        ; posit_pack:u_packer|g_trunc.d_q[10]       ; clk          ; clk         ; 0.000        ; 0.237      ; 1.122      ;
+-------+----------------------------------------------+-------------------------------------------+--------------+-------------+--------------+------------+------------+


+------------------------------------------------------------------------------------------------------------------------------------------------------------------------+
; Fast 1200mV 0C Model Recovery: 'clk'                                                                                                                                   ;
+-------+-------------------------------------------+----------------------------------------------+--------------+-------------+--------------+------------+------------+
; Slack ; From Node                                 ; To Node                                      ; Launch Clock ; Latch Clock ; Relationship ; Clock Skew ; Data Delay ;
+-------+-------------------------------------------+----------------------------------------------+--------------+-------------+--------------+------------+------------+
; 8.416 ; packer_ppa_boundary:u_boundary|meta_sync2 ; packer_ppa_boundary:u_boundary|d[13]         ; clk          ; clk         ; 10.000       ; -0.051     ; 1.520      ;
; 8.416 ; packer_ppa_boundary:u_boundary|meta_sync2 ; packer_ppa_boundary:u_boundary|d[22]         ; clk          ; clk         ; 10.000       ; -0.051     ; 1.520      ;
; 8.417 ; packer_ppa_boundary:u_boundary|meta_sync2 ; posit_pack:u_packer|g_trunc.valid_q          ; clk          ; clk         ; 10.000       ; -0.038     ; 1.532      ;
; 8.417 ; packer_ppa_boundary:u_boundary|meta_sync2 ; packer_ppa_boundary:u_boundary|out_valid     ; clk          ; clk         ; 10.000       ; -0.038     ; 1.532      ;
; 8.417 ; packer_ppa_boundary:u_boundary|meta_sync2 ; packer_ppa_boundary:u_boundary|d[17]         ; clk          ; clk         ; 10.000       ; -0.048     ; 1.522      ;
; 8.417 ; packer_ppa_boundary:u_boundary|meta_sync2 ; packer_ppa_boundary:u_boundary|d[23]         ; clk          ; clk         ; 10.000       ; -0.048     ; 1.522      ;
; 8.417 ; packer_ppa_boundary:u_boundary|meta_sync2 ; packer_ppa_boundary:u_boundary|d[26]         ; clk          ; clk         ; 10.000       ; -0.052     ; 1.518      ;
; 8.417 ; packer_ppa_boundary:u_boundary|meta_sync2 ; packer_ppa_boundary:u_boundary|d[28]         ; clk          ; clk         ; 10.000       ; -0.052     ; 1.518      ;
; 8.417 ; packer_ppa_boundary:u_boundary|meta_sync2 ; packer_ppa_boundary:u_boundary|flags_in_q[0] ; clk          ; clk         ; 10.000       ; -0.051     ; 1.519      ;
; 8.417 ; packer_ppa_boundary:u_boundary|meta_sync2 ; posit_pack:u_packer|g_trunc.flags_q[0]       ; clk          ; clk         ; 10.000       ; -0.051     ; 1.519      ;
; 8.417 ; packer_ppa_boundary:u_boundary|meta_sync2 ; packer_ppa_boundary:u_boundary|flags[0]      ; clk          ; clk         ; 10.000       ; -0.052     ; 1.518      ;
; 8.419 ; packer_ppa_boundary:u_boundary|meta_sync2 ; packer_ppa_boundary:u_boundary|flags_in_q[4] ; clk          ; clk         ; 10.000       ; -0.056     ; 1.512      ;
; 8.419 ; packer_ppa_boundary:u_boundary|meta_sync2 ; packer_ppa_boundary:u_boundary|frac_q[36]    ; clk          ; clk         ; 10.000       ; -0.057     ; 1.511      ;
; 8.419 ; packer_ppa_boundary:u_boundary|meta_sync2 ; packer_ppa_boundary:u_boundary|frac_q[38]    ; clk          ; clk         ; 10.000       ; -0.057     ; 1.511      ;
; 8.419 ; packer_ppa_boundary:u_boundary|meta_sync2 ; packer_ppa_boundary:u_boundary|frac_q[37]    ; clk          ; clk         ; 10.000       ; -0.057     ; 1.511      ;
; 8.419 ; packer_ppa_boundary:u_boundary|meta_sync2 ; packer_ppa_boundary:u_boundary|frac_q[39]    ; clk          ; clk         ; 10.000       ; -0.057     ; 1.511      ;
; 8.419 ; packer_ppa_boundary:u_boundary|meta_sync2 ; packer_ppa_boundary:u_boundary|frac_q[40]    ; clk          ; clk         ; 10.000       ; -0.057     ; 1.511      ;
; 8.419 ; packer_ppa_boundary:u_boundary|meta_sync2 ; packer_ppa_boundary:u_boundary|frac_q[33]    ; clk          ; clk         ; 10.000       ; -0.057     ; 1.511      ;
; 8.419 ; packer_ppa_boundary:u_boundary|meta_sync2 ; packer_ppa_boundary:u_boundary|frac_q[35]    ; clk          ; clk         ; 10.000       ; -0.057     ; 1.511      ;
; 8.419 ; packer_ppa_boundary:u_boundary|meta_sync2 ; packer_ppa_boundary:u_boundary|frac_q[34]    ; clk          ; clk         ; 10.000       ; -0.057     ; 1.511      ;
; 8.419 ; packer_ppa_boundary:u_boundary|meta_sync2 ; posit_pack:u_packer|g_trunc.d_q[1]           ; clk          ; clk         ; 10.000       ; -0.056     ; 1.512      ;
; 8.419 ; packer_ppa_boundary:u_boundary|meta_sync2 ; posit_pack:u_packer|g_trunc.d_q[3]           ; clk          ; clk         ; 10.000       ; -0.056     ; 1.512      ;
; 8.419 ; packer_ppa_boundary:u_boundary|meta_sync2 ; packer_ppa_boundary:u_boundary|d[4]          ; clk          ; clk         ; 10.000       ; -0.059     ; 1.509      ;
; 8.419 ; packer_ppa_boundary:u_boundary|meta_sync2 ; posit_pack:u_packer|g_trunc.d_q[5]           ; clk          ; clk         ; 10.000       ; -0.056     ; 1.512      ;
; 8.419 ; packer_ppa_boundary:u_boundary|meta_sync2 ; packer_ppa_boundary:u_boundary|d[6]          ; clk          ; clk         ; 10.000       ; -0.059     ; 1.509      ;
; 8.419 ; packer_ppa_boundary:u_boundary|meta_sync2 ; posit_pack:u_packer|g_trunc.d_q[7]           ; clk          ; clk         ; 10.000       ; -0.056     ; 1.512      ;
; 8.419 ; packer_ppa_boundary:u_boundary|meta_sync2 ; packer_ppa_boundary:u_boundary|d[8]          ; clk          ; clk         ; 10.000       ; -0.059     ; 1.509      ;
; 8.419 ; packer_ppa_boundary:u_boundary|meta_sync2 ; posit_pack:u_packer|g_trunc.d_q[14]          ; clk          ; clk         ; 10.000       ; -0.059     ; 1.509      ;
; 8.419 ; packer_ppa_boundary:u_boundary|meta_sync2 ; packer_ppa_boundary:u_boundary|d[14]         ; clk          ; clk         ; 10.000       ; -0.061     ; 1.507      ;
; 8.419 ; packer_ppa_boundary:u_boundary|meta_sync2 ; packer_ppa_boundary:u_boundary|d[15]         ; clk          ; clk         ; 10.000       ; -0.053     ; 1.515      ;
; 8.419 ; packer_ppa_boundary:u_boundary|meta_sync2 ; packer_ppa_boundary:u_boundary|d[19]         ; clk          ; clk         ; 10.000       ; -0.059     ; 1.509      ;
; 8.419 ; packer_ppa_boundary:u_boundary|meta_sync2 ; posit_pack:u_packer|g_trunc.d_q[25]          ; clk          ; clk         ; 10.000       ; -0.056     ; 1.512      ;
; 8.419 ; packer_ppa_boundary:u_boundary|meta_sync2 ; packer_ppa_boundary:u_boundary|d[30]         ; clk          ; clk         ; 10.000       ; -0.059     ; 1.509      ;
; 8.420 ; packer_ppa_boundary:u_boundary|meta_sync2 ; posit_pack:u_packer|g_trunc.d_q[0]           ; clk          ; clk         ; 10.000       ; -0.052     ; 1.515      ;
; 8.420 ; packer_ppa_boundary:u_boundary|meta_sync2 ; packer_ppa_boundary:u_boundary|d[0]          ; clk          ; clk         ; 10.000       ; -0.052     ; 1.515      ;
; 8.420 ; packer_ppa_boundary:u_boundary|meta_sync2 ; packer_ppa_boundary:u_boundary|d[1]          ; clk          ; clk         ; 10.000       ; -0.052     ; 1.515      ;
; 8.420 ; packer_ppa_boundary:u_boundary|meta_sync2 ; packer_ppa_boundary:u_boundary|d[2]          ; clk          ; clk         ; 10.000       ; -0.055     ; 1.512      ;
; 8.420 ; packer_ppa_boundary:u_boundary|meta_sync2 ; packer_ppa_boundary:u_boundary|d[3]          ; clk          ; clk         ; 10.000       ; -0.052     ; 1.515      ;
; 8.420 ; packer_ppa_boundary:u_boundary|meta_sync2 ; packer_ppa_boundary:u_boundary|d[5]          ; clk          ; clk         ; 10.000       ; -0.052     ; 1.515      ;
; 8.420 ; packer_ppa_boundary:u_boundary|meta_sync2 ; packer_ppa_boundary:u_boundary|d[7]          ; clk          ; clk         ; 10.000       ; -0.052     ; 1.515      ;
; 8.420 ; packer_ppa_boundary:u_boundary|meta_sync2 ; packer_ppa_boundary:u_boundary|d[9]          ; clk          ; clk         ; 10.000       ; -0.051     ; 1.516      ;
; 8.420 ; packer_ppa_boundary:u_boundary|meta_sync2 ; packer_ppa_boundary:u_boundary|d[10]         ; clk          ; clk         ; 10.000       ; -0.058     ; 1.509      ;
; 8.420 ; packer_ppa_boundary:u_boundary|meta_sync2 ; packer_ppa_boundary:u_boundary|d[11]         ; clk          ; clk         ; 10.000       ; -0.058     ; 1.509      ;
; 8.420 ; packer_ppa_boundary:u_boundary|meta_sync2 ; packer_ppa_boundary:u_boundary|d[12]         ; clk          ; clk         ; 10.000       ; -0.058     ; 1.509      ;
; 8.420 ; packer_ppa_boundary:u_boundary|meta_sync2 ; packer_ppa_boundary:u_boundary|d[16]         ; clk          ; clk         ; 10.000       ; -0.052     ; 1.515      ;
; 8.420 ; packer_ppa_boundary:u_boundary|meta_sync2 ; packer_ppa_boundary:u_boundary|d[18]         ; clk          ; clk         ; 10.000       ; -0.051     ; 1.516      ;
; 8.420 ; packer_ppa_boundary:u_boundary|meta_sync2 ; packer_ppa_boundary:u_boundary|d[20]         ; clk          ; clk         ; 10.000       ; -0.055     ; 1.512      ;
; 8.420 ; packer_ppa_boundary:u_boundary|meta_sync2 ; packer_ppa_boundary:u_boundary|d[25]         ; clk          ; clk         ; 10.000       ; -0.052     ; 1.515      ;
; 8.420 ; packer_ppa_boundary:u_boundary|meta_sync2 ; packer_ppa_boundary:u_boundary|d[29]         ; clk          ; clk         ; 10.000       ; -0.051     ; 1.516      ;
; 8.420 ; packer_ppa_boundary:u_boundary|meta_sync2 ; packer_ppa_boundary:u_boundary|d[31]         ; clk          ; clk         ; 10.000       ; -0.052     ; 1.515      ;
; 8.428 ; packer_ppa_boundary:u_boundary|meta_sync2 ; packer_ppa_boundary:u_boundary|sf_q[3]       ; clk          ; clk         ; 10.000       ; -0.042     ; 1.517      ;
; 8.428 ; packer_ppa_boundary:u_boundary|meta_sync2 ; packer_ppa_boundary:u_boundary|frac_q[46]    ; clk          ; clk         ; 10.000       ; -0.042     ; 1.517      ;
; 8.428 ; packer_ppa_boundary:u_boundary|meta_sync2 ; packer_ppa_boundary:u_boundary|frac_q[44]    ; clk          ; clk         ; 10.000       ; -0.042     ; 1.517      ;
; 8.428 ; packer_ppa_boundary:u_boundary|meta_sync2 ; packer_ppa_boundary:u_boundary|frac_q[42]    ; clk          ; clk         ; 10.000       ; -0.042     ; 1.517      ;
; 8.428 ; packer_ppa_boundary:u_boundary|meta_sync2 ; packer_ppa_boundary:u_boundary|frac_q[41]    ; clk          ; clk         ; 10.000       ; -0.042     ; 1.517      ;
; 8.428 ; packer_ppa_boundary:u_boundary|meta_sync2 ; packer_ppa_boundary:u_boundary|frac_q[43]    ; clk          ; clk         ; 10.000       ; -0.042     ; 1.517      ;
; 8.428 ; packer_ppa_boundary:u_boundary|meta_sync2 ; packer_ppa_boundary:u_boundary|frac_q[29]    ; clk          ; clk         ; 10.000       ; -0.042     ; 1.517      ;
; 8.428 ; packer_ppa_boundary:u_boundary|meta_sync2 ; packer_ppa_boundary:u_boundary|frac_q[20]    ; clk          ; clk         ; 10.000       ; -0.042     ; 1.517      ;
; 8.429 ; packer_ppa_boundary:u_boundary|meta_sync2 ; packer_ppa_boundary:u_boundary|sf_q[9]       ; clk          ; clk         ; 10.000       ; -0.042     ; 1.516      ;
; 8.429 ; packer_ppa_boundary:u_boundary|meta_sync2 ; packer_ppa_boundary:u_boundary|sf_q[4]       ; clk          ; clk         ; 10.000       ; -0.040     ; 1.518      ;
; 8.429 ; packer_ppa_boundary:u_boundary|meta_sync2 ; packer_ppa_boundary:u_boundary|sf_q[2]       ; clk          ; clk         ; 10.000       ; -0.042     ; 1.516      ;
; 8.429 ; packer_ppa_boundary:u_boundary|meta_sync2 ; packer_ppa_boundary:u_boundary|frac_q[52]    ; clk          ; clk         ; 10.000       ; -0.042     ; 1.516      ;
; 8.429 ; packer_ppa_boundary:u_boundary|meta_sync2 ; packer_ppa_boundary:u_boundary|frac_q[54]    ; clk          ; clk         ; 10.000       ; -0.042     ; 1.516      ;
; 8.429 ; packer_ppa_boundary:u_boundary|meta_sync2 ; packer_ppa_boundary:u_boundary|frac_q[53]    ; clk          ; clk         ; 10.000       ; -0.042     ; 1.516      ;
; 8.429 ; packer_ppa_boundary:u_boundary|meta_sync2 ; packer_ppa_boundary:u_boundary|sf_q[0]       ; clk          ; clk         ; 10.000       ; -0.042     ; 1.516      ;
; 8.429 ; packer_ppa_boundary:u_boundary|meta_sync2 ; packer_ppa_boundary:u_boundary|sf_q[1]       ; clk          ; clk         ; 10.000       ; -0.042     ; 1.516      ;
; 8.429 ; packer_ppa_boundary:u_boundary|meta_sync2 ; packer_ppa_boundary:u_boundary|frac_q[45]    ; clk          ; clk         ; 10.000       ; -0.040     ; 1.518      ;
; 8.429 ; packer_ppa_boundary:u_boundary|meta_sync2 ; packer_ppa_boundary:u_boundary|frac_q[47]    ; clk          ; clk         ; 10.000       ; -0.042     ; 1.516      ;
; 8.429 ; packer_ppa_boundary:u_boundary|meta_sync2 ; packer_ppa_boundary:u_boundary|frac_q[51]    ; clk          ; clk         ; 10.000       ; -0.042     ; 1.516      ;
; 8.429 ; packer_ppa_boundary:u_boundary|meta_sync2 ; packer_ppa_boundary:u_boundary|frac_q[49]    ; clk          ; clk         ; 10.000       ; -0.042     ; 1.516      ;
; 8.429 ; packer_ppa_boundary:u_boundary|meta_sync2 ; packer_ppa_boundary:u_boundary|frac_q[50]    ; clk          ; clk         ; 10.000       ; -0.042     ; 1.516      ;
; 8.429 ; packer_ppa_boundary:u_boundary|meta_sync2 ; packer_ppa_boundary:u_boundary|frac_q[48]    ; clk          ; clk         ; 10.000       ; -0.042     ; 1.516      ;
; 8.429 ; packer_ppa_boundary:u_boundary|meta_sync2 ; packer_ppa_boundary:u_boundary|sf_q[5]       ; clk          ; clk         ; 10.000       ; -0.040     ; 1.518      ;
; 8.429 ; packer_ppa_boundary:u_boundary|meta_sync2 ; packer_ppa_boundary:u_boundary|is_nar_q      ; clk          ; clk         ; 10.000       ; -0.040     ; 1.518      ;
; 8.429 ; packer_ppa_boundary:u_boundary|meta_sync2 ; packer_ppa_boundary:u_boundary|sf_q[6]       ; clk          ; clk         ; 10.000       ; -0.040     ; 1.518      ;
; 8.429 ; packer_ppa_boundary:u_boundary|meta_sync2 ; packer_ppa_boundary:u_boundary|sf_q[8]       ; clk          ; clk         ; 10.000       ; -0.040     ; 1.518      ;
; 8.429 ; packer_ppa_boundary:u_boundary|meta_sync2 ; packer_ppa_boundary:u_boundary|sf_q[7]       ; clk          ; clk         ; 10.000       ; -0.040     ; 1.518      ;
; 8.429 ; packer_ppa_boundary:u_boundary|meta_sync2 ; packer_ppa_boundary:u_boundary|sign_q        ; clk          ; clk         ; 10.000       ; -0.037     ; 1.521      ;
; 8.429 ; packer_ppa_boundary:u_boundary|meta_sync2 ; packer_ppa_boundary:u_boundary|d[24]         ; clk          ; clk         ; 10.000       ; -0.038     ; 1.520      ;
; 8.429 ; packer_ppa_boundary:u_boundary|meta_sync2 ; packer_ppa_boundary:u_boundary|frac_q[17]    ; clk          ; clk         ; 10.000       ; -0.037     ; 1.521      ;
; 8.429 ; packer_ppa_boundary:u_boundary|meta_sync2 ; packer_ppa_boundary:u_boundary|frac_q[19]    ; clk          ; clk         ; 10.000       ; -0.037     ; 1.521      ;
; 8.429 ; packer_ppa_boundary:u_boundary|meta_sync2 ; packer_ppa_boundary:u_boundary|frac_q[16]    ; clk          ; clk         ; 10.000       ; -0.037     ; 1.521      ;
; 8.429 ; packer_ppa_boundary:u_boundary|meta_sync2 ; packer_ppa_boundary:u_boundary|frac_q[18]    ; clk          ; clk         ; 10.000       ; -0.037     ; 1.521      ;
; 8.429 ; packer_ppa_boundary:u_boundary|meta_sync2 ; packer_ppa_boundary:u_boundary|frac_q[0]     ; clk          ; clk         ; 10.000       ; -0.037     ; 1.521      ;
; 8.429 ; packer_ppa_boundary:u_boundary|meta_sync2 ; packer_ppa_boundary:u_boundary|frac_q[2]     ; clk          ; clk         ; 10.000       ; -0.037     ; 1.521      ;
; 8.429 ; packer_ppa_boundary:u_boundary|meta_sync2 ; packer_ppa_boundary:u_boundary|frac_q[3]     ; clk          ; clk         ; 10.000       ; -0.037     ; 1.521      ;
; 8.429 ; packer_ppa_boundary:u_boundary|meta_sync2 ; packer_ppa_boundary:u_boundary|frac_q[1]     ; clk          ; clk         ; 10.000       ; -0.037     ; 1.521      ;
; 8.429 ; packer_ppa_boundary:u_boundary|meta_sync2 ; packer_ppa_boundary:u_boundary|frac_q[14]    ; clk          ; clk         ; 10.000       ; -0.037     ; 1.521      ;
; 8.429 ; packer_ppa_boundary:u_boundary|meta_sync2 ; packer_ppa_boundary:u_boundary|frac_q[21]    ; clk          ; clk         ; 10.000       ; -0.042     ; 1.516      ;
; 8.429 ; packer_ppa_boundary:u_boundary|meta_sync2 ; packer_ppa_boundary:u_boundary|frac_q[4]     ; clk          ; clk         ; 10.000       ; -0.037     ; 1.521      ;
; 8.429 ; packer_ppa_boundary:u_boundary|meta_sync2 ; packer_ppa_boundary:u_boundary|frac_q[5]     ; clk          ; clk         ; 10.000       ; -0.037     ; 1.521      ;
; 8.429 ; packer_ppa_boundary:u_boundary|meta_sync2 ; packer_ppa_boundary:u_boundary|frac_q[6]     ; clk          ; clk         ; 10.000       ; -0.037     ; 1.521      ;
; 8.429 ; packer_ppa_boundary:u_boundary|meta_sync2 ; packer_ppa_boundary:u_boundary|frac_q[7]     ; clk          ; clk         ; 10.000       ; -0.036     ; 1.522      ;
; 8.429 ; packer_ppa_boundary:u_boundary|meta_sync2 ; packer_ppa_boundary:u_boundary|sticky_q      ; clk          ; clk         ; 10.000       ; -0.037     ; 1.521      ;
; 8.429 ; packer_ppa_boundary:u_boundary|meta_sync2 ; packer_ppa_boundary:u_boundary|flags_in_q[3] ; clk          ; clk         ; 10.000       ; -0.036     ; 1.522      ;
; 8.429 ; packer_ppa_boundary:u_boundary|meta_sync2 ; posit_pack:u_packer|g_trunc.flags_q[3]       ; clk          ; clk         ; 10.000       ; -0.036     ; 1.522      ;
; 8.429 ; packer_ppa_boundary:u_boundary|meta_sync2 ; packer_ppa_boundary:u_boundary|flags[3]      ; clk          ; clk         ; 10.000       ; -0.036     ; 1.522      ;
; 8.429 ; packer_ppa_boundary:u_boundary|meta_sync2 ; posit_pack:u_packer|g_trunc.flags_q[4]       ; clk          ; clk         ; 10.000       ; -0.036     ; 1.522      ;
; 8.429 ; packer_ppa_boundary:u_boundary|meta_sync2 ; packer_ppa_boundary:u_boundary|flags[4]      ; clk          ; clk         ; 10.000       ; -0.042     ; 1.516      ;
; 8.430 ; packer_ppa_boundary:u_boundary|meta_sync2 ; packer_ppa_boundary:u_boundary|frac_q[32]    ; clk          ; clk         ; 10.000       ; -0.036     ; 1.521      ;
+-------+-------------------------------------------+----------------------------------------------+--------------+-------------+--------------+------------+------------+


+------------------------------------------------------------------------------------------------------------------------------------------------------------------------+
; Fast 1200mV 0C Model Removal: 'clk'                                                                                                                                    ;
+-------+-------------------------------------------+----------------------------------------------+--------------+-------------+--------------+------------+------------+
; Slack ; From Node                                 ; To Node                                      ; Launch Clock ; Latch Clock ; Relationship ; Clock Skew ; Data Delay ;
+-------+-------------------------------------------+----------------------------------------------+--------------+-------------+--------------+------------+------------+
; 1.052 ; packer_ppa_boundary:u_boundary|meta_sync2 ; posit_pack:u_packer|g_trunc.d_q[15]          ; clk          ; clk         ; 0.000        ; 0.252      ; 1.388      ;
; 1.052 ; packer_ppa_boundary:u_boundary|meta_sync2 ; posit_pack:u_packer|g_trunc.d_q[16]          ; clk          ; clk         ; 0.000        ; 0.252      ; 1.388      ;
; 1.052 ; packer_ppa_boundary:u_boundary|meta_sync2 ; posit_pack:u_packer|g_trunc.d_q[17]          ; clk          ; clk         ; 0.000        ; 0.252      ; 1.388      ;
; 1.052 ; packer_ppa_boundary:u_boundary|meta_sync2 ; posit_pack:u_packer|g_trunc.d_q[18]          ; clk          ; clk         ; 0.000        ; 0.252      ; 1.388      ;
; 1.052 ; packer_ppa_boundary:u_boundary|meta_sync2 ; posit_pack:u_packer|g_trunc.d_q[20]          ; clk          ; clk         ; 0.000        ; 0.252      ; 1.388      ;
; 1.052 ; packer_ppa_boundary:u_boundary|meta_sync2 ; posit_pack:u_packer|g_trunc.d_q[22]          ; clk          ; clk         ; 0.000        ; 0.252      ; 1.388      ;
; 1.052 ; packer_ppa_boundary:u_boundary|meta_sync2 ; posit_pack:u_packer|g_trunc.d_q[24]          ; clk          ; clk         ; 0.000        ; 0.252      ; 1.388      ;
; 1.052 ; packer_ppa_boundary:u_boundary|meta_sync2 ; posit_pack:u_packer|g_trunc.d_q[26]          ; clk          ; clk         ; 0.000        ; 0.252      ; 1.388      ;
; 1.052 ; packer_ppa_boundary:u_boundary|meta_sync2 ; posit_pack:u_packer|g_trunc.d_q[28]          ; clk          ; clk         ; 0.000        ; 0.252      ; 1.388      ;
; 1.052 ; packer_ppa_boundary:u_boundary|meta_sync2 ; posit_pack:u_packer|g_trunc.d_q[29]          ; clk          ; clk         ; 0.000        ; 0.252      ; 1.388      ;
; 1.052 ; packer_ppa_boundary:u_boundary|meta_sync2 ; posit_pack:u_packer|g_trunc.d_q[31]          ; clk          ; clk         ; 0.000        ; 0.252      ; 1.388      ;
; 1.062 ; packer_ppa_boundary:u_boundary|meta_sync2 ; packer_ppa_boundary:u_boundary|is_zero_q     ; clk          ; clk         ; 0.000        ; 0.241      ; 1.387      ;
; 1.063 ; packer_ppa_boundary:u_boundary|meta_sync2 ; posit_pack:u_packer|g_trunc.d_q[2]           ; clk          ; clk         ; 0.000        ; 0.241      ; 1.388      ;
; 1.063 ; packer_ppa_boundary:u_boundary|meta_sync2 ; posit_pack:u_packer|g_trunc.d_q[9]           ; clk          ; clk         ; 0.000        ; 0.241      ; 1.388      ;
; 1.063 ; packer_ppa_boundary:u_boundary|meta_sync2 ; posit_pack:u_packer|g_trunc.d_q[21]          ; clk          ; clk         ; 0.000        ; 0.241      ; 1.388      ;
; 1.063 ; packer_ppa_boundary:u_boundary|meta_sync2 ; posit_pack:u_packer|g_trunc.d_q[23]          ; clk          ; clk         ; 0.000        ; 0.241      ; 1.388      ;
; 1.063 ; packer_ppa_boundary:u_boundary|meta_sync2 ; posit_pack:u_packer|g_trunc.d_q[27]          ; clk          ; clk         ; 0.000        ; 0.241      ; 1.388      ;
; 1.064 ; packer_ppa_boundary:u_boundary|meta_sync2 ; posit_pack:u_packer|g_trunc.d_q[4]           ; clk          ; clk         ; 0.000        ; 0.230      ; 1.378      ;
; 1.064 ; packer_ppa_boundary:u_boundary|meta_sync2 ; posit_pack:u_packer|g_trunc.d_q[6]           ; clk          ; clk         ; 0.000        ; 0.230      ; 1.378      ;
; 1.064 ; packer_ppa_boundary:u_boundary|meta_sync2 ; posit_pack:u_packer|g_trunc.d_q[8]           ; clk          ; clk         ; 0.000        ; 0.230      ; 1.378      ;
; 1.064 ; packer_ppa_boundary:u_boundary|meta_sync2 ; posit_pack:u_packer|g_trunc.d_q[10]          ; clk          ; clk         ; 0.000        ; 0.236      ; 1.384      ;
; 1.064 ; packer_ppa_boundary:u_boundary|meta_sync2 ; posit_pack:u_packer|g_trunc.d_q[11]          ; clk          ; clk         ; 0.000        ; 0.236      ; 1.384      ;
; 1.064 ; packer_ppa_boundary:u_boundary|meta_sync2 ; posit_pack:u_packer|g_trunc.d_q[12]          ; clk          ; clk         ; 0.000        ; 0.236      ; 1.384      ;
; 1.064 ; packer_ppa_boundary:u_boundary|meta_sync2 ; posit_pack:u_packer|g_trunc.d_q[13]          ; clk          ; clk         ; 0.000        ; 0.236      ; 1.384      ;
; 1.064 ; packer_ppa_boundary:u_boundary|meta_sync2 ; posit_pack:u_packer|g_trunc.d_q[19]          ; clk          ; clk         ; 0.000        ; 0.236      ; 1.384      ;
; 1.064 ; packer_ppa_boundary:u_boundary|meta_sync2 ; posit_pack:u_packer|g_trunc.d_q[30]          ; clk          ; clk         ; 0.000        ; 0.230      ; 1.378      ;
; 1.260 ; packer_ppa_boundary:u_boundary|meta_sync2 ; packer_ppa_boundary:u_boundary|frac_q[36]    ; clk          ; clk         ; 0.000        ; 0.034      ; 1.378      ;
; 1.260 ; packer_ppa_boundary:u_boundary|meta_sync2 ; packer_ppa_boundary:u_boundary|frac_q[38]    ; clk          ; clk         ; 0.000        ; 0.034      ; 1.378      ;
; 1.260 ; packer_ppa_boundary:u_boundary|meta_sync2 ; packer_ppa_boundary:u_boundary|frac_q[37]    ; clk          ; clk         ; 0.000        ; 0.034      ; 1.378      ;
; 1.260 ; packer_ppa_boundary:u_boundary|meta_sync2 ; packer_ppa_boundary:u_boundary|frac_q[39]    ; clk          ; clk         ; 0.000        ; 0.034      ; 1.378      ;
; 1.260 ; packer_ppa_boundary:u_boundary|meta_sync2 ; packer_ppa_boundary:u_boundary|frac_q[40]    ; clk          ; clk         ; 0.000        ; 0.034      ; 1.378      ;
; 1.260 ; packer_ppa_boundary:u_boundary|meta_sync2 ; packer_ppa_boundary:u_boundary|frac_q[33]    ; clk          ; clk         ; 0.000        ; 0.034      ; 1.378      ;
; 1.260 ; packer_ppa_boundary:u_boundary|meta_sync2 ; packer_ppa_boundary:u_boundary|frac_q[35]    ; clk          ; clk         ; 0.000        ; 0.034      ; 1.378      ;
; 1.260 ; packer_ppa_boundary:u_boundary|meta_sync2 ; packer_ppa_boundary:u_boundary|frac_q[34]    ; clk          ; clk         ; 0.000        ; 0.034      ; 1.378      ;
; 1.260 ; packer_ppa_boundary:u_boundary|meta_sync2 ; posit_pack:u_packer|g_trunc.valid_q          ; clk          ; clk         ; 0.000        ; 0.054      ; 1.398      ;
; 1.260 ; packer_ppa_boundary:u_boundary|meta_sync2 ; packer_ppa_boundary:u_boundary|out_valid     ; clk          ; clk         ; 0.000        ; 0.054      ; 1.398      ;
; 1.260 ; packer_ppa_boundary:u_boundary|meta_sync2 ; posit_pack:u_packer|g_trunc.d_q[0]           ; clk          ; clk         ; 0.000        ; 0.040      ; 1.384      ;
; 1.260 ; packer_ppa_boundary:u_boundary|meta_sync2 ; packer_ppa_boundary:u_boundary|d[0]          ; clk          ; clk         ; 0.000        ; 0.040      ; 1.384      ;
; 1.260 ; packer_ppa_boundary:u_boundary|meta_sync2 ; packer_ppa_boundary:u_boundary|d[1]          ; clk          ; clk         ; 0.000        ; 0.041      ; 1.385      ;
; 1.260 ; packer_ppa_boundary:u_boundary|meta_sync2 ; packer_ppa_boundary:u_boundary|d[3]          ; clk          ; clk         ; 0.000        ; 0.041      ; 1.385      ;
; 1.260 ; packer_ppa_boundary:u_boundary|meta_sync2 ; packer_ppa_boundary:u_boundary|d[4]          ; clk          ; clk         ; 0.000        ; 0.033      ; 1.377      ;
; 1.260 ; packer_ppa_boundary:u_boundary|meta_sync2 ; packer_ppa_boundary:u_boundary|d[5]          ; clk          ; clk         ; 0.000        ; 0.041      ; 1.385      ;
; 1.260 ; packer_ppa_boundary:u_boundary|meta_sync2 ; packer_ppa_boundary:u_boundary|d[7]          ; clk          ; clk         ; 0.000        ; 0.041      ; 1.385      ;
; 1.260 ; packer_ppa_boundary:u_boundary|meta_sync2 ; packer_ppa_boundary:u_boundary|d[8]          ; clk          ; clk         ; 0.000        ; 0.033      ; 1.377      ;
; 1.260 ; packer_ppa_boundary:u_boundary|meta_sync2 ; packer_ppa_boundary:u_boundary|d[9]          ; clk          ; clk         ; 0.000        ; 0.041      ; 1.385      ;
; 1.260 ; packer_ppa_boundary:u_boundary|meta_sync2 ; packer_ppa_boundary:u_boundary|d[10]         ; clk          ; clk         ; 0.000        ; 0.034      ; 1.378      ;
; 1.260 ; packer_ppa_boundary:u_boundary|meta_sync2 ; packer_ppa_boundary:u_boundary|d[11]         ; clk          ; clk         ; 0.000        ; 0.034      ; 1.378      ;
; 1.260 ; packer_ppa_boundary:u_boundary|meta_sync2 ; packer_ppa_boundary:u_boundary|d[12]         ; clk          ; clk         ; 0.000        ; 0.034      ; 1.378      ;
; 1.260 ; packer_ppa_boundary:u_boundary|meta_sync2 ; posit_pack:u_packer|g_trunc.d_q[14]          ; clk          ; clk         ; 0.000        ; 0.033      ; 1.377      ;
; 1.260 ; packer_ppa_boundary:u_boundary|meta_sync2 ; packer_ppa_boundary:u_boundary|d[14]         ; clk          ; clk         ; 0.000        ; 0.031      ; 1.375      ;
; 1.260 ; packer_ppa_boundary:u_boundary|meta_sync2 ; packer_ppa_boundary:u_boundary|d[16]         ; clk          ; clk         ; 0.000        ; 0.040      ; 1.384      ;
; 1.260 ; packer_ppa_boundary:u_boundary|meta_sync2 ; packer_ppa_boundary:u_boundary|d[17]         ; clk          ; clk         ; 0.000        ; 0.044      ; 1.388      ;
; 1.260 ; packer_ppa_boundary:u_boundary|meta_sync2 ; packer_ppa_boundary:u_boundary|d[18]         ; clk          ; clk         ; 0.000        ; 0.041      ; 1.385      ;
; 1.260 ; packer_ppa_boundary:u_boundary|meta_sync2 ; packer_ppa_boundary:u_boundary|d[19]         ; clk          ; clk         ; 0.000        ; 0.033      ; 1.377      ;
; 1.260 ; packer_ppa_boundary:u_boundary|meta_sync2 ; packer_ppa_boundary:u_boundary|d[23]         ; clk          ; clk         ; 0.000        ; 0.044      ; 1.388      ;
; 1.260 ; packer_ppa_boundary:u_boundary|meta_sync2 ; packer_ppa_boundary:u_boundary|d[25]         ; clk          ; clk         ; 0.000        ; 0.041      ; 1.385      ;
; 1.260 ; packer_ppa_boundary:u_boundary|meta_sync2 ; packer_ppa_boundary:u_boundary|d[26]         ; clk          ; clk         ; 0.000        ; 0.040      ; 1.384      ;
; 1.260 ; packer_ppa_boundary:u_boundary|meta_sync2 ; packer_ppa_boundary:u_boundary|d[28]         ; clk          ; clk         ; 0.000        ; 0.040      ; 1.384      ;
; 1.260 ; packer_ppa_boundary:u_boundary|meta_sync2 ; packer_ppa_boundary:u_boundary|d[29]         ; clk          ; clk         ; 0.000        ; 0.041      ; 1.385      ;
; 1.260 ; packer_ppa_boundary:u_boundary|meta_sync2 ; packer_ppa_boundary:u_boundary|d[31]         ; clk          ; clk         ; 0.000        ; 0.040      ; 1.384      ;
; 1.260 ; packer_ppa_boundary:u_boundary|meta_sync2 ; packer_ppa_boundary:u_boundary|flags_in_q[0] ; clk          ; clk         ; 0.000        ; 0.041      ; 1.385      ;
; 1.260 ; packer_ppa_boundary:u_boundary|meta_sync2 ; posit_pack:u_packer|g_trunc.flags_q[0]       ; clk          ; clk         ; 0.000        ; 0.041      ; 1.385      ;
; 1.260 ; packer_ppa_boundary:u_boundary|meta_sync2 ; packer_ppa_boundary:u_boundary|flags[0]      ; clk          ; clk         ; 0.000        ; 0.040      ; 1.384      ;
; 1.261 ; packer_ppa_boundary:u_boundary|meta_sync2 ; packer_ppa_boundary:u_boundary|flags_in_q[4] ; clk          ; clk         ; 0.000        ; 0.036      ; 1.381      ;
; 1.261 ; packer_ppa_boundary:u_boundary|meta_sync2 ; posit_pack:u_packer|g_trunc.d_q[1]           ; clk          ; clk         ; 0.000        ; 0.036      ; 1.381      ;
; 1.261 ; packer_ppa_boundary:u_boundary|meta_sync2 ; packer_ppa_boundary:u_boundary|d[2]          ; clk          ; clk         ; 0.000        ; 0.036      ; 1.381      ;
; 1.261 ; packer_ppa_boundary:u_boundary|meta_sync2 ; posit_pack:u_packer|g_trunc.d_q[3]           ; clk          ; clk         ; 0.000        ; 0.036      ; 1.381      ;
; 1.261 ; packer_ppa_boundary:u_boundary|meta_sync2 ; posit_pack:u_packer|g_trunc.d_q[5]           ; clk          ; clk         ; 0.000        ; 0.036      ; 1.381      ;
; 1.261 ; packer_ppa_boundary:u_boundary|meta_sync2 ; packer_ppa_boundary:u_boundary|d[6]          ; clk          ; clk         ; 0.000        ; 0.033      ; 1.378      ;
; 1.261 ; packer_ppa_boundary:u_boundary|meta_sync2 ; posit_pack:u_packer|g_trunc.d_q[7]           ; clk          ; clk         ; 0.000        ; 0.036      ; 1.381      ;
; 1.261 ; packer_ppa_boundary:u_boundary|meta_sync2 ; packer_ppa_boundary:u_boundary|d[13]         ; clk          ; clk         ; 0.000        ; 0.041      ; 1.386      ;
; 1.261 ; packer_ppa_boundary:u_boundary|meta_sync2 ; packer_ppa_boundary:u_boundary|d[15]         ; clk          ; clk         ; 0.000        ; 0.039      ; 1.384      ;
; 1.261 ; packer_ppa_boundary:u_boundary|meta_sync2 ; packer_ppa_boundary:u_boundary|d[20]         ; clk          ; clk         ; 0.000        ; 0.036      ; 1.381      ;
; 1.261 ; packer_ppa_boundary:u_boundary|meta_sync2 ; packer_ppa_boundary:u_boundary|d[22]         ; clk          ; clk         ; 0.000        ; 0.041      ; 1.386      ;
; 1.261 ; packer_ppa_boundary:u_boundary|meta_sync2 ; posit_pack:u_packer|g_trunc.d_q[25]          ; clk          ; clk         ; 0.000        ; 0.036      ; 1.381      ;
; 1.261 ; packer_ppa_boundary:u_boundary|meta_sync2 ; packer_ppa_boundary:u_boundary|d[30]         ; clk          ; clk         ; 0.000        ; 0.033      ; 1.378      ;
; 1.269 ; packer_ppa_boundary:u_boundary|meta_sync2 ; packer_ppa_boundary:u_boundary|sf_q[3]       ; clk          ; clk         ; 0.000        ; 0.031      ; 1.384      ;
; 1.269 ; packer_ppa_boundary:u_boundary|meta_sync2 ; packer_ppa_boundary:u_boundary|frac_q[46]    ; clk          ; clk         ; 0.000        ; 0.031      ; 1.384      ;
; 1.269 ; packer_ppa_boundary:u_boundary|meta_sync2 ; packer_ppa_boundary:u_boundary|frac_q[44]    ; clk          ; clk         ; 0.000        ; 0.031      ; 1.384      ;
; 1.269 ; packer_ppa_boundary:u_boundary|meta_sync2 ; packer_ppa_boundary:u_boundary|frac_q[42]    ; clk          ; clk         ; 0.000        ; 0.031      ; 1.384      ;
; 1.269 ; packer_ppa_boundary:u_boundary|meta_sync2 ; packer_ppa_boundary:u_boundary|frac_q[41]    ; clk          ; clk         ; 0.000        ; 0.031      ; 1.384      ;
; 1.269 ; packer_ppa_boundary:u_boundary|meta_sync2 ; packer_ppa_boundary:u_boundary|frac_q[43]    ; clk          ; clk         ; 0.000        ; 0.031      ; 1.384      ;
; 1.269 ; packer_ppa_boundary:u_boundary|meta_sync2 ; packer_ppa_boundary:u_boundary|frac_q[29]    ; clk          ; clk         ; 0.000        ; 0.031      ; 1.384      ;
; 1.269 ; packer_ppa_boundary:u_boundary|meta_sync2 ; packer_ppa_boundary:u_boundary|frac_q[20]    ; clk          ; clk         ; 0.000        ; 0.031      ; 1.384      ;
; 1.269 ; packer_ppa_boundary:u_boundary|meta_sync2 ; packer_ppa_boundary:u_boundary|flags_in_q[1] ; clk          ; clk         ; 0.000        ; 0.037      ; 1.390      ;
; 1.269 ; packer_ppa_boundary:u_boundary|meta_sync2 ; posit_pack:u_packer|g_trunc.flags_q[1]       ; clk          ; clk         ; 0.000        ; 0.037      ; 1.390      ;
; 1.269 ; packer_ppa_boundary:u_boundary|meta_sync2 ; packer_ppa_boundary:u_boundary|flags[1]      ; clk          ; clk         ; 0.000        ; 0.037      ; 1.390      ;
; 1.269 ; packer_ppa_boundary:u_boundary|meta_sync2 ; packer_ppa_boundary:u_boundary|flags_in_q[2] ; clk          ; clk         ; 0.000        ; 0.037      ; 1.390      ;
; 1.269 ; packer_ppa_boundary:u_boundary|meta_sync2 ; posit_pack:u_packer|g_trunc.flags_q[2]       ; clk          ; clk         ; 0.000        ; 0.037      ; 1.390      ;
; 1.269 ; packer_ppa_boundary:u_boundary|meta_sync2 ; packer_ppa_boundary:u_boundary|flags[2]      ; clk          ; clk         ; 0.000        ; 0.037      ; 1.390      ;
; 1.270 ; packer_ppa_boundary:u_boundary|meta_sync2 ; packer_ppa_boundary:u_boundary|sf_q[9]       ; clk          ; clk         ; 0.000        ; 0.030      ; 1.384      ;
; 1.270 ; packer_ppa_boundary:u_boundary|meta_sync2 ; packer_ppa_boundary:u_boundary|sf_q[2]       ; clk          ; clk         ; 0.000        ; 0.030      ; 1.384      ;
; 1.270 ; packer_ppa_boundary:u_boundary|meta_sync2 ; packer_ppa_boundary:u_boundary|frac_q[52]    ; clk          ; clk         ; 0.000        ; 0.030      ; 1.384      ;
; 1.270 ; packer_ppa_boundary:u_boundary|meta_sync2 ; packer_ppa_boundary:u_boundary|frac_q[54]    ; clk          ; clk         ; 0.000        ; 0.030      ; 1.384      ;
; 1.270 ; packer_ppa_boundary:u_boundary|meta_sync2 ; packer_ppa_boundary:u_boundary|frac_q[53]    ; clk          ; clk         ; 0.000        ; 0.030      ; 1.384      ;
; 1.270 ; packer_ppa_boundary:u_boundary|meta_sync2 ; packer_ppa_boundary:u_boundary|sf_q[0]       ; clk          ; clk         ; 0.000        ; 0.030      ; 1.384      ;
; 1.270 ; packer_ppa_boundary:u_boundary|meta_sync2 ; packer_ppa_boundary:u_boundary|sf_q[1]       ; clk          ; clk         ; 0.000        ; 0.030      ; 1.384      ;
; 1.270 ; packer_ppa_boundary:u_boundary|meta_sync2 ; packer_ppa_boundary:u_boundary|frac_q[45]    ; clk          ; clk         ; 0.000        ; 0.033      ; 1.387      ;
; 1.270 ; packer_ppa_boundary:u_boundary|meta_sync2 ; packer_ppa_boundary:u_boundary|frac_q[47]    ; clk          ; clk         ; 0.000        ; 0.030      ; 1.384      ;
; 1.270 ; packer_ppa_boundary:u_boundary|meta_sync2 ; packer_ppa_boundary:u_boundary|frac_q[51]    ; clk          ; clk         ; 0.000        ; 0.030      ; 1.384      ;
+-------+-------------------------------------------+----------------------------------------------+--------------+-------------+--------------+------------+------------+


+-----------------------------------------------------------------------------------------------------------------------------+
; Fast 1200mV 0C Model Minimum Pulse Width: 'clk'                                                                             ;
+-------+--------------+----------------+-----------------+-------+------------+----------------------------------------------+
; Slack ; Actual Width ; Required Width ; Type            ; Clock ; Clock Edge ; Target                                       ;
+-------+--------------+----------------+-----------------+-------+------------+----------------------------------------------+
; 4.411 ; 4.595        ; 0.184          ; Low Pulse Width ; clk   ; Rise       ; posit_pack:u_packer|g_trunc.d_q[21]          ;
; 4.411 ; 4.595        ; 0.184          ; Low Pulse Width ; clk   ; Rise       ; posit_pack:u_packer|g_trunc.d_q[23]          ;
; 4.411 ; 4.595        ; 0.184          ; Low Pulse Width ; clk   ; Rise       ; posit_pack:u_packer|g_trunc.d_q[27]          ;
; 4.411 ; 4.595        ; 0.184          ; Low Pulse Width ; clk   ; Rise       ; posit_pack:u_packer|g_trunc.d_q[2]           ;
; 4.411 ; 4.595        ; 0.184          ; Low Pulse Width ; clk   ; Rise       ; posit_pack:u_packer|g_trunc.d_q[9]           ;
; 4.412 ; 4.596        ; 0.184          ; Low Pulse Width ; clk   ; Rise       ; posit_pack:u_packer|g_trunc.d_q[15]          ;
; 4.412 ; 4.596        ; 0.184          ; Low Pulse Width ; clk   ; Rise       ; posit_pack:u_packer|g_trunc.d_q[16]          ;
; 4.412 ; 4.596        ; 0.184          ; Low Pulse Width ; clk   ; Rise       ; posit_pack:u_packer|g_trunc.d_q[17]          ;
; 4.412 ; 4.596        ; 0.184          ; Low Pulse Width ; clk   ; Rise       ; posit_pack:u_packer|g_trunc.d_q[18]          ;
; 4.412 ; 4.596        ; 0.184          ; Low Pulse Width ; clk   ; Rise       ; posit_pack:u_packer|g_trunc.d_q[20]          ;
; 4.412 ; 4.596        ; 0.184          ; Low Pulse Width ; clk   ; Rise       ; posit_pack:u_packer|g_trunc.d_q[22]          ;
; 4.412 ; 4.596        ; 0.184          ; Low Pulse Width ; clk   ; Rise       ; posit_pack:u_packer|g_trunc.d_q[24]          ;
; 4.412 ; 4.596        ; 0.184          ; Low Pulse Width ; clk   ; Rise       ; posit_pack:u_packer|g_trunc.d_q[26]          ;
; 4.412 ; 4.596        ; 0.184          ; Low Pulse Width ; clk   ; Rise       ; posit_pack:u_packer|g_trunc.d_q[28]          ;
; 4.412 ; 4.596        ; 0.184          ; Low Pulse Width ; clk   ; Rise       ; posit_pack:u_packer|g_trunc.d_q[29]          ;
; 4.412 ; 4.596        ; 0.184          ; Low Pulse Width ; clk   ; Rise       ; posit_pack:u_packer|g_trunc.d_q[31]          ;
; 4.416 ; 4.600        ; 0.184          ; Low Pulse Width ; clk   ; Rise       ; packer_ppa_boundary:u_boundary|is_zero_q     ;
; 4.418 ; 4.602        ; 0.184          ; Low Pulse Width ; clk   ; Rise       ; posit_pack:u_packer|g_trunc.d_q[10]          ;
; 4.418 ; 4.602        ; 0.184          ; Low Pulse Width ; clk   ; Rise       ; posit_pack:u_packer|g_trunc.d_q[11]          ;
; 4.418 ; 4.602        ; 0.184          ; Low Pulse Width ; clk   ; Rise       ; posit_pack:u_packer|g_trunc.d_q[12]          ;
; 4.418 ; 4.602        ; 0.184          ; Low Pulse Width ; clk   ; Rise       ; posit_pack:u_packer|g_trunc.d_q[13]          ;
; 4.418 ; 4.602        ; 0.184          ; Low Pulse Width ; clk   ; Rise       ; posit_pack:u_packer|g_trunc.d_q[19]          ;
; 4.418 ; 4.602        ; 0.184          ; Low Pulse Width ; clk   ; Rise       ; posit_pack:u_packer|g_trunc.d_q[30]          ;
; 4.418 ; 4.602        ; 0.184          ; Low Pulse Width ; clk   ; Rise       ; posit_pack:u_packer|g_trunc.d_q[4]           ;
; 4.418 ; 4.602        ; 0.184          ; Low Pulse Width ; clk   ; Rise       ; posit_pack:u_packer|g_trunc.d_q[6]           ;
; 4.418 ; 4.602        ; 0.184          ; Low Pulse Width ; clk   ; Rise       ; posit_pack:u_packer|g_trunc.d_q[8]           ;
; 4.440 ; 4.624        ; 0.184          ; Low Pulse Width ; clk   ; Rise       ; packer_ppa_boundary:u_boundary|d[13]         ;
; 4.440 ; 4.624        ; 0.184          ; Low Pulse Width ; clk   ; Rise       ; packer_ppa_boundary:u_boundary|d[22]         ;
; 4.441 ; 4.625        ; 0.184          ; Low Pulse Width ; clk   ; Rise       ; packer_ppa_boundary:u_boundary|d[17]         ;
; 4.441 ; 4.625        ; 0.184          ; Low Pulse Width ; clk   ; Rise       ; packer_ppa_boundary:u_boundary|d[23]         ;
; 4.441 ; 4.625        ; 0.184          ; Low Pulse Width ; clk   ; Rise       ; packer_ppa_boundary:u_boundary|d[26]         ;
; 4.441 ; 4.625        ; 0.184          ; Low Pulse Width ; clk   ; Rise       ; packer_ppa_boundary:u_boundary|d[28]         ;
; 4.441 ; 4.625        ; 0.184          ; Low Pulse Width ; clk   ; Rise       ; packer_ppa_boundary:u_boundary|flags[0]      ;
; 4.441 ; 4.625        ; 0.184          ; Low Pulse Width ; clk   ; Rise       ; packer_ppa_boundary:u_boundary|flags_in_q[0] ;
; 4.441 ; 4.625        ; 0.184          ; Low Pulse Width ; clk   ; Rise       ; packer_ppa_boundary:u_boundary|out_valid     ;
; 4.441 ; 4.625        ; 0.184          ; Low Pulse Width ; clk   ; Rise       ; posit_pack:u_packer|g_trunc.flags_q[0]       ;
; 4.441 ; 4.625        ; 0.184          ; Low Pulse Width ; clk   ; Rise       ; posit_pack:u_packer|g_trunc.valid_q          ;
; 4.443 ; 4.627        ; 0.184          ; Low Pulse Width ; clk   ; Rise       ; packer_ppa_boundary:u_boundary|d[10]         ;
; 4.443 ; 4.627        ; 0.184          ; Low Pulse Width ; clk   ; Rise       ; packer_ppa_boundary:u_boundary|d[11]         ;
; 4.443 ; 4.627        ; 0.184          ; Low Pulse Width ; clk   ; Rise       ; packer_ppa_boundary:u_boundary|d[12]         ;
; 4.443 ; 4.627        ; 0.184          ; Low Pulse Width ; clk   ; Rise       ; packer_ppa_boundary:u_boundary|d[14]         ;
; 4.443 ; 4.627        ; 0.184          ; Low Pulse Width ; clk   ; Rise       ; packer_ppa_boundary:u_boundary|d[15]         ;
; 4.443 ; 4.627        ; 0.184          ; Low Pulse Width ; clk   ; Rise       ; packer_ppa_boundary:u_boundary|d[19]         ;
; 4.443 ; 4.627        ; 0.184          ; Low Pulse Width ; clk   ; Rise       ; packer_ppa_boundary:u_boundary|d[20]         ;
; 4.443 ; 4.627        ; 0.184          ; Low Pulse Width ; clk   ; Rise       ; packer_ppa_boundary:u_boundary|d[2]          ;
; 4.443 ; 4.627        ; 0.184          ; Low Pulse Width ; clk   ; Rise       ; packer_ppa_boundary:u_boundary|d[30]         ;
; 4.443 ; 4.627        ; 0.184          ; Low Pulse Width ; clk   ; Rise       ; packer_ppa_boundary:u_boundary|d[4]          ;
; 4.443 ; 4.627        ; 0.184          ; Low Pulse Width ; clk   ; Rise       ; packer_ppa_boundary:u_boundary|d[6]          ;
; 4.443 ; 4.627        ; 0.184          ; Low Pulse Width ; clk   ; Rise       ; packer_ppa_boundary:u_boundary|d[8]          ;
; 4.443 ; 4.627        ; 0.184          ; Low Pulse Width ; clk   ; Rise       ; packer_ppa_boundary:u_boundary|flags[4]      ;
; 4.443 ; 4.627        ; 0.184          ; Low Pulse Width ; clk   ; Rise       ; packer_ppa_boundary:u_boundary|flags_in_q[4] ;
; 4.443 ; 4.627        ; 0.184          ; Low Pulse Width ; clk   ; Rise       ; packer_ppa_boundary:u_boundary|frac_q[1]     ;
; 4.443 ; 4.627        ; 0.184          ; Low Pulse Width ; clk   ; Rise       ; packer_ppa_boundary:u_boundary|frac_q[21]    ;
; 4.443 ; 4.627        ; 0.184          ; Low Pulse Width ; clk   ; Rise       ; packer_ppa_boundary:u_boundary|frac_q[2]     ;
; 4.443 ; 4.627        ; 0.184          ; Low Pulse Width ; clk   ; Rise       ; packer_ppa_boundary:u_boundary|frac_q[33]    ;
; 4.443 ; 4.627        ; 0.184          ; Low Pulse Width ; clk   ; Rise       ; packer_ppa_boundary:u_boundary|frac_q[34]    ;
; 4.443 ; 4.627        ; 0.184          ; Low Pulse Width ; clk   ; Rise       ; packer_ppa_boundary:u_boundary|frac_q[35]    ;
; 4.443 ; 4.627        ; 0.184          ; Low Pulse Width ; clk   ; Rise       ; packer_ppa_boundary:u_boundary|frac_q[36]    ;
; 4.443 ; 4.627        ; 0.184          ; Low Pulse Width ; clk   ; Rise       ; packer_ppa_boundary:u_boundary|frac_q[37]    ;
; 4.443 ; 4.627        ; 0.184          ; Low Pulse Width ; clk   ; Rise       ; packer_ppa_boundary:u_boundary|frac_q[38]    ;
; 4.443 ; 4.627        ; 0.184          ; Low Pulse Width ; clk   ; Rise       ; packer_ppa_boundary:u_boundary|frac_q[39]    ;
; 4.443 ; 4.627        ; 0.184          ; Low Pulse Width ; clk   ; Rise       ; packer_ppa_boundary:u_boundary|frac_q[3]     ;
; 4.443 ; 4.627        ; 0.184          ; Low Pulse Width ; clk   ; Rise       ; packer_ppa_boundary:u_boundary|frac_q[40]    ;
; 4.443 ; 4.627        ; 0.184          ; Low Pulse Width ; clk   ; Rise       ; packer_ppa_boundary:u_boundary|frac_q[47]    ;
; 4.443 ; 4.627        ; 0.184          ; Low Pulse Width ; clk   ; Rise       ; packer_ppa_boundary:u_boundary|frac_q[48]    ;
; 4.443 ; 4.627        ; 0.184          ; Low Pulse Width ; clk   ; Rise       ; packer_ppa_boundary:u_boundary|frac_q[49]    ;
; 4.443 ; 4.627        ; 0.184          ; Low Pulse Width ; clk   ; Rise       ; packer_ppa_boundary:u_boundary|frac_q[4]     ;
; 4.443 ; 4.627        ; 0.184          ; Low Pulse Width ; clk   ; Rise       ; packer_ppa_boundary:u_boundary|frac_q[50]    ;
; 4.443 ; 4.627        ; 0.184          ; Low Pulse Width ; clk   ; Rise       ; packer_ppa_boundary:u_boundary|frac_q[51]    ;
; 4.443 ; 4.627        ; 0.184          ; Low Pulse Width ; clk   ; Rise       ; packer_ppa_boundary:u_boundary|frac_q[52]    ;
; 4.443 ; 4.627        ; 0.184          ; Low Pulse Width ; clk   ; Rise       ; packer_ppa_boundary:u_boundary|frac_q[53]    ;
; 4.443 ; 4.627        ; 0.184          ; Low Pulse Width ; clk   ; Rise       ; packer_ppa_boundary:u_boundary|frac_q[54]    ;
; 4.443 ; 4.627        ; 0.184          ; Low Pulse Width ; clk   ; Rise       ; packer_ppa_boundary:u_boundary|frac_q[5]     ;
; 4.443 ; 4.627        ; 0.184          ; Low Pulse Width ; clk   ; Rise       ; packer_ppa_boundary:u_boundary|frac_q[6]     ;
; 4.443 ; 4.627        ; 0.184          ; Low Pulse Width ; clk   ; Rise       ; packer_ppa_boundary:u_boundary|is_nar_q      ;
; 4.443 ; 4.627        ; 0.184          ; Low Pulse Width ; clk   ; Rise       ; packer_ppa_boundary:u_boundary|sf_q[0]       ;
; 4.443 ; 4.627        ; 0.184          ; Low Pulse Width ; clk   ; Rise       ; packer_ppa_boundary:u_boundary|sf_q[1]       ;
; 4.443 ; 4.627        ; 0.184          ; Low Pulse Width ; clk   ; Rise       ; packer_ppa_boundary:u_boundary|sf_q[2]       ;
; 4.443 ; 4.627        ; 0.184          ; Low Pulse Width ; clk   ; Rise       ; packer_ppa_boundary:u_boundary|sf_q[4]       ;
; 4.443 ; 4.627        ; 0.184          ; Low Pulse Width ; clk   ; Rise       ; packer_ppa_boundary:u_boundary|sf_q[5]       ;
; 4.443 ; 4.627        ; 0.184          ; Low Pulse Width ; clk   ; Rise       ; packer_ppa_boundary:u_boundary|sf_q[6]       ;
; 4.443 ; 4.627        ; 0.184          ; Low Pulse Width ; clk   ; Rise       ; packer_ppa_boundary:u_boundary|sf_q[7]       ;
; 4.443 ; 4.627        ; 0.184          ; Low Pulse Width ; clk   ; Rise       ; packer_ppa_boundary:u_boundary|sf_q[8]       ;
; 4.443 ; 4.627        ; 0.184          ; Low Pulse Width ; clk   ; Rise       ; packer_ppa_boundary:u_boundary|sf_q[9]       ;
; 4.443 ; 4.627        ; 0.184          ; Low Pulse Width ; clk   ; Rise       ; packer_ppa_boundary:u_boundary|sticky_q      ;
; 4.443 ; 4.627        ; 0.184          ; Low Pulse Width ; clk   ; Rise       ; posit_pack:u_packer|g_trunc.d_q[14]          ;
; 4.443 ; 4.627        ; 0.184          ; Low Pulse Width ; clk   ; Rise       ; posit_pack:u_packer|g_trunc.d_q[1]           ;
; 4.443 ; 4.627        ; 0.184          ; Low Pulse Width ; clk   ; Rise       ; posit_pack:u_packer|g_trunc.d_q[25]          ;
; 4.443 ; 4.627        ; 0.184          ; Low Pulse Width ; clk   ; Rise       ; posit_pack:u_packer|g_trunc.d_q[3]           ;
; 4.443 ; 4.627        ; 0.184          ; Low Pulse Width ; clk   ; Rise       ; posit_pack:u_packer|g_trunc.d_q[5]           ;
; 4.443 ; 4.627        ; 0.184          ; Low Pulse Width ; clk   ; Rise       ; posit_pack:u_packer|g_trunc.d_q[7]           ;
; 4.444 ; 4.628        ; 0.184          ; Low Pulse Width ; clk   ; Rise       ; packer_ppa_boundary:u_boundary|d[0]          ;
; 4.444 ; 4.628        ; 0.184          ; Low Pulse Width ; clk   ; Rise       ; packer_ppa_boundary:u_boundary|d[16]         ;
; 4.444 ; 4.628        ; 0.184          ; Low Pulse Width ; clk   ; Rise       ; packer_ppa_boundary:u_boundary|d[18]         ;
; 4.444 ; 4.628        ; 0.184          ; Low Pulse Width ; clk   ; Rise       ; packer_ppa_boundary:u_boundary|d[1]          ;
; 4.444 ; 4.628        ; 0.184          ; Low Pulse Width ; clk   ; Rise       ; packer_ppa_boundary:u_boundary|d[21]         ;
; 4.444 ; 4.628        ; 0.184          ; Low Pulse Width ; clk   ; Rise       ; packer_ppa_boundary:u_boundary|d[24]         ;
; 4.444 ; 4.628        ; 0.184          ; Low Pulse Width ; clk   ; Rise       ; packer_ppa_boundary:u_boundary|d[25]         ;
; 4.444 ; 4.628        ; 0.184          ; Low Pulse Width ; clk   ; Rise       ; packer_ppa_boundary:u_boundary|d[27]         ;
; 4.444 ; 4.628        ; 0.184          ; Low Pulse Width ; clk   ; Rise       ; packer_ppa_boundary:u_boundary|d[29]         ;
+-------+--------------+----------------+-----------------+-------+------------+----------------------------------------------+


+---------------------------------------------------------------------------+
; Setup Times                                                               ;
+--------------+------------+--------+-------+------------+-----------------+
; Data Port    ; Clock Port ; Rise   ; Fall  ; Clock Edge ; Clock Reference ;
+--------------+------------+--------+-------+------------+-----------------+
; flags_in[*]  ; clk        ; 1.321  ; 2.030 ; Rise       ; clk             ;
;  flags_in[0] ; clk        ; 1.057  ; 1.690 ; Rise       ; clk             ;
;  flags_in[1] ; clk        ; 0.909  ; 1.516 ; Rise       ; clk             ;
;  flags_in[2] ; clk        ; 1.001  ; 1.607 ; Rise       ; clk             ;
;  flags_in[3] ; clk        ; 1.321  ; 2.030 ; Rise       ; clk             ;
;  flags_in[4] ; clk        ; 1.193  ; 1.823 ; Rise       ; clk             ;
; frac[*]      ; clk        ; 1.623  ; 2.335 ; Rise       ; clk             ;
;  frac[0]     ; clk        ; 1.018  ; 1.642 ; Rise       ; clk             ;
;  frac[1]     ; clk        ; 1.151  ; 1.822 ; Rise       ; clk             ;
;  frac[2]     ; clk        ; -0.034 ; 0.250 ; Rise       ; clk             ;
;  frac[3]     ; clk        ; 0.989  ; 1.589 ; Rise       ; clk             ;
;  frac[4]     ; clk        ; 1.290  ; 1.966 ; Rise       ; clk             ;
;  frac[5]     ; clk        ; 1.375  ; 2.057 ; Rise       ; clk             ;
;  frac[6]     ; clk        ; -0.057 ; 0.231 ; Rise       ; clk             ;
;  frac[7]     ; clk        ; 1.367  ; 2.027 ; Rise       ; clk             ;
;  frac[8]     ; clk        ; 1.377  ; 2.065 ; Rise       ; clk             ;
;  frac[9]     ; clk        ; 1.415  ; 2.111 ; Rise       ; clk             ;
;  frac[10]    ; clk        ; 1.283  ; 1.916 ; Rise       ; clk             ;
;  frac[11]    ; clk        ; 1.321  ; 1.997 ; Rise       ; clk             ;
;  frac[12]    ; clk        ; 1.376  ; 2.064 ; Rise       ; clk             ;
;  frac[13]    ; clk        ; 1.307  ; 1.948 ; Rise       ; clk             ;
;  frac[14]    ; clk        ; 1.383  ; 2.042 ; Rise       ; clk             ;
;  frac[15]    ; clk        ; 0.972  ; 1.575 ; Rise       ; clk             ;
;  frac[16]    ; clk        ; 1.320  ; 1.956 ; Rise       ; clk             ;
;  frac[17]    ; clk        ; 1.333  ; 1.982 ; Rise       ; clk             ;
;  frac[18]    ; clk        ; 1.350  ; 2.017 ; Rise       ; clk             ;
;  frac[19]    ; clk        ; 1.187  ; 1.837 ; Rise       ; clk             ;
;  frac[20]    ; clk        ; 1.191  ; 1.838 ; Rise       ; clk             ;
;  frac[21]    ; clk        ; 1.255  ; 1.905 ; Rise       ; clk             ;
;  frac[22]    ; clk        ; 1.338  ; 2.005 ; Rise       ; clk             ;
;  frac[23]    ; clk        ; 1.287  ; 1.936 ; Rise       ; clk             ;
;  frac[24]    ; clk        ; 1.287  ; 1.954 ; Rise       ; clk             ;
;  frac[25]    ; clk        ; 0.137  ; 0.412 ; Rise       ; clk             ;
;  frac[26]    ; clk        ; 1.374  ; 2.033 ; Rise       ; clk             ;
;  frac[27]    ; clk        ; 1.202  ; 1.846 ; Rise       ; clk             ;
;  frac[28]    ; clk        ; 1.623  ; 2.335 ; Rise       ; clk             ;
;  frac[29]    ; clk        ; 0.085  ; 0.328 ; Rise       ; clk             ;
;  frac[30]    ; clk        ; 1.465  ; 2.162 ; Rise       ; clk             ;
;  frac[31]    ; clk        ; 0.070  ; 0.317 ; Rise       ; clk             ;
;  frac[32]    ; clk        ; 1.322  ; 2.001 ; Rise       ; clk             ;
;  frac[33]    ; clk        ; 1.478  ; 2.153 ; Rise       ; clk             ;
;  frac[34]    ; clk        ; 1.480  ; 2.185 ; Rise       ; clk             ;
;  frac[35]    ; clk        ; 1.284  ; 1.960 ; Rise       ; clk             ;
;  frac[36]    ; clk        ; 1.161  ; 1.791 ; Rise       ; clk             ;
;  frac[37]    ; clk        ; 1.310  ; 1.978 ; Rise       ; clk             ;
;  frac[38]    ; clk        ; 1.234  ; 1.874 ; Rise       ; clk             ;
;  frac[39]    ; clk        ; 1.445  ; 2.125 ; Rise       ; clk             ;
;  frac[40]    ; clk        ; 1.233  ; 1.890 ; Rise       ; clk             ;
;  frac[41]    ; clk        ; 1.090  ; 1.704 ; Rise       ; clk             ;
;  frac[42]    ; clk        ; 1.486  ; 2.172 ; Rise       ; clk             ;
;  frac[43]    ; clk        ; 1.366  ; 2.029 ; Rise       ; clk             ;
;  frac[44]    ; clk        ; 1.184  ; 1.834 ; Rise       ; clk             ;
;  frac[45]    ; clk        ; 1.326  ; 1.991 ; Rise       ; clk             ;
;  frac[46]    ; clk        ; 1.332  ; 2.005 ; Rise       ; clk             ;
;  frac[47]    ; clk        ; 0.981  ; 1.589 ; Rise       ; clk             ;
;  frac[48]    ; clk        ; 1.068  ; 1.722 ; Rise       ; clk             ;
;  frac[49]    ; clk        ; 0.980  ; 1.585 ; Rise       ; clk             ;
;  frac[50]    ; clk        ; 1.138  ; 1.764 ; Rise       ; clk             ;
;  frac[51]    ; clk        ; 1.321  ; 1.986 ; Rise       ; clk             ;
;  frac[52]    ; clk        ; 1.502  ; 2.203 ; Rise       ; clk             ;
;  frac[53]    ; clk        ; 1.373  ; 2.063 ; Rise       ; clk             ;
;  frac[54]    ; clk        ; 1.355  ; 2.044 ; Rise       ; clk             ;
; is_nar       ; clk        ; 1.498  ; 2.183 ; Rise       ; clk             ;
; is_zero      ; clk        ; 1.132  ; 1.788 ; Rise       ; clk             ;
; sf[*]        ; clk        ; 1.540  ; 2.271 ; Rise       ; clk             ;
;  sf[0]       ; clk        ; 1.242  ; 1.902 ; Rise       ; clk             ;
;  sf[1]       ; clk        ; 0.247  ; 0.475 ; Rise       ; clk             ;
;  sf[2]       ; clk        ; 1.102  ; 1.728 ; Rise       ; clk             ;
;  sf[3]       ; clk        ; 1.103  ; 1.718 ; Rise       ; clk             ;
;  sf[4]       ; clk        ; 1.196  ; 1.824 ; Rise       ; clk             ;
;  sf[5]       ; clk        ; 1.337  ; 2.012 ; Rise       ; clk             ;
;  sf[6]       ; clk        ; 1.540  ; 2.271 ; Rise       ; clk             ;
;  sf[7]       ; clk        ; 1.332  ; 2.003 ; Rise       ; clk             ;
;  sf[8]       ; clk        ; 0.166  ; 0.415 ; Rise       ; clk             ;
;  sf[9]       ; clk        ; 1.388  ; 2.055 ; Rise       ; clk             ;
; sign         ; clk        ; 1.341  ; 1.998 ; Rise       ; clk             ;
; sticky       ; clk        ; 1.224  ; 1.858 ; Rise       ; clk             ;
+--------------+------------+--------+-------+------------+-----------------+


+----------------------------------------------------------------------------+
; Hold Times                                                                 ;
+--------------+------------+--------+--------+------------+-----------------+
; Data Port    ; Clock Port ; Rise   ; Fall   ; Clock Edge ; Clock Reference ;
+--------------+------------+--------+--------+------------+-----------------+
; flags_in[*]  ; clk        ; -0.695 ; -1.288 ; Rise       ; clk             ;
;  flags_in[0] ; clk        ; -0.840 ; -1.456 ; Rise       ; clk             ;
;  flags_in[1] ; clk        ; -0.695 ; -1.288 ; Rise       ; clk             ;
;  flags_in[2] ; clk        ; -0.788 ; -1.386 ; Rise       ; clk             ;
;  flags_in[3] ; clk        ; -1.092 ; -1.781 ; Rise       ; clk             ;
;  flags_in[4] ; clk        ; -0.974 ; -1.595 ; Rise       ; clk             ;
; frac[*]      ; clk        ; 0.222  ; -0.070 ; Rise       ; clk             ;
;  frac[0]     ; clk        ; -0.806 ; -1.420 ; Rise       ; clk             ;
;  frac[1]     ; clk        ; -0.930 ; -1.582 ; Rise       ; clk             ;
;  frac[2]     ; clk        ; 0.200  ; -0.088 ; Rise       ; clk             ;
;  frac[3]     ; clk        ; -0.777 ; -1.370 ; Rise       ; clk             ;
;  frac[4]     ; clk        ; -1.068 ; -1.732 ; Rise       ; clk             ;
;  frac[5]     ; clk        ; -1.150 ; -1.819 ; Rise       ; clk             ;
;  frac[6]     ; clk        ; 0.222  ; -0.070 ; Rise       ; clk             ;
;  frac[7]     ; clk        ; -1.140 ; -1.790 ; Rise       ; clk             ;
;  frac[8]     ; clk        ; -1.152 ; -1.827 ; Rise       ; clk             ;
;  frac[9]     ; clk        ; -1.189 ; -1.871 ; Rise       ; clk             ;
;  frac[10]    ; clk        ; -1.059 ; -1.684 ; Rise       ; clk             ;
;  frac[11]    ; clk        ; -1.098 ; -1.762 ; Rise       ; clk             ;
;  frac[12]    ; clk        ; -1.151 ; -1.826 ; Rise       ; clk             ;
;  frac[13]    ; clk        ; -1.083 ; -1.715 ; Rise       ; clk             ;
;  frac[14]    ; clk        ; -1.155 ; -1.804 ; Rise       ; clk             ;
;  frac[15]    ; clk        ; -0.763 ; -1.357 ; Rise       ; clk             ;
;  frac[16]    ; clk        ; -1.094 ; -1.721 ; Rise       ; clk             ;
;  frac[17]    ; clk        ; -1.107 ; -1.746 ; Rise       ; clk             ;
;  frac[18]    ; clk        ; -1.123 ; -1.780 ; Rise       ; clk             ;
;  frac[19]    ; clk        ; -0.968 ; -1.607 ; Rise       ; clk             ;
;  frac[20]    ; clk        ; -0.972 ; -1.609 ; Rise       ; clk             ;
;  frac[21]    ; clk        ; -1.035 ; -1.674 ; Rise       ; clk             ;
;  frac[22]    ; clk        ; -1.112 ; -1.770 ; Rise       ; clk             ;
;  frac[23]    ; clk        ; -1.065 ; -1.703 ; Rise       ; clk             ;
;  frac[24]    ; clk        ; -1.065 ; -1.720 ; Rise       ; clk             ;
;  frac[25]    ; clk        ; 0.035  ; -0.244 ; Rise       ; clk             ;
;  frac[26]    ; clk        ; -1.149 ; -1.797 ; Rise       ; clk             ;
;  frac[27]    ; clk        ; -0.982 ; -1.617 ; Rise       ; clk             ;
;  frac[28]    ; clk        ; -1.386 ; -2.086 ; Rise       ; clk             ;
;  frac[29]    ; clk        ; 0.086  ; -0.162 ; Rise       ; clk             ;
;  frac[30]    ; clk        ; -1.234 ; -1.920 ; Rise       ; clk             ;
;  frac[31]    ; clk        ; 0.100  ; -0.152 ; Rise       ; clk             ;
;  frac[32]    ; clk        ; -1.099 ; -1.765 ; Rise       ; clk             ;
;  frac[33]    ; clk        ; -1.250 ; -1.913 ; Rise       ; clk             ;
;  frac[34]    ; clk        ; -1.252 ; -1.943 ; Rise       ; clk             ;
;  frac[35]    ; clk        ; -1.064 ; -1.728 ; Rise       ; clk             ;
;  frac[36]    ; clk        ; -0.944 ; -1.565 ; Rise       ; clk             ;
;  frac[37]    ; clk        ; -1.089 ; -1.745 ; Rise       ; clk             ;
;  frac[38]    ; clk        ; -1.014 ; -1.645 ; Rise       ; clk             ;
;  frac[39]    ; clk        ; -1.217 ; -1.886 ; Rise       ; clk             ;
;  frac[40]    ; clk        ; -1.015 ; -1.661 ; Rise       ; clk             ;
;  frac[41]    ; clk        ; -0.876 ; -1.480 ; Rise       ; clk             ;
;  frac[42]    ; clk        ; -1.254 ; -1.929 ; Rise       ; clk             ;
;  frac[43]    ; clk        ; -1.138 ; -1.792 ; Rise       ; clk             ;
;  frac[44]    ; clk        ; -0.966 ; -1.605 ; Rise       ; clk             ;
;  frac[45]    ; clk        ; -1.102 ; -1.755 ; Rise       ; clk             ;
;  frac[46]    ; clk        ; -1.107 ; -1.769 ; Rise       ; clk             ;
;  frac[47]    ; clk        ; -0.772 ; -1.370 ; Rise       ; clk             ;
;  frac[48]    ; clk        ; -0.850 ; -1.487 ; Rise       ; clk             ;
;  frac[49]    ; clk        ; -0.771 ; -1.366 ; Rise       ; clk             ;
;  frac[50]    ; clk        ; -0.923 ; -1.539 ; Rise       ; clk             ;
;  frac[51]    ; clk        ; -1.099 ; -1.752 ; Rise       ; clk             ;
;  frac[52]    ; clk        ; -1.272 ; -1.960 ; Rise       ; clk             ;
;  frac[53]    ; clk        ; -1.148 ; -1.826 ; Rise       ; clk             ;
;  frac[54]    ; clk        ; -1.131 ; -1.807 ; Rise       ; clk             ;
; is_nar       ; clk        ; -1.268 ; -1.940 ; Rise       ; clk             ;
; is_zero      ; clk        ; -0.899 ; -1.546 ; Rise       ; clk             ;
; sf[*]        ; clk        ; 0.007  ; -0.247 ; Rise       ; clk             ;
;  sf[0]       ; clk        ; -1.022 ; -1.670 ; Rise       ; clk             ;
;  sf[1]       ; clk        ; -0.070 ; -0.304 ; Rise       ; clk             ;
;  sf[2]       ; clk        ; -0.888 ; -1.504 ; Rise       ; clk             ;
;  sf[3]       ; clk        ; -0.888 ; -1.494 ; Rise       ; clk             ;
;  sf[4]       ; clk        ; -0.976 ; -1.595 ; Rise       ; clk             ;
;  sf[5]       ; clk        ; -1.113 ; -1.777 ; Rise       ; clk             ;
;  sf[6]       ; clk        ; -1.309 ; -2.025 ; Rise       ; clk             ;
;  sf[7]       ; clk        ; -1.109 ; -1.767 ; Rise       ; clk             ;
;  sf[8]       ; clk        ; 0.007  ; -0.247 ; Rise       ; clk             ;
;  sf[9]       ; clk        ; -1.160 ; -1.817 ; Rise       ; clk             ;
; sign         ; clk        ; -1.114 ; -1.762 ; Rise       ; clk             ;
; sticky       ; clk        ; -1.003 ; -1.628 ; Rise       ; clk             ;
+--------------+------------+--------+--------+------------+-----------------+


+-----------------------------------------------------------------------+
; Clock to Output Times                                                 ;
+-----------+------------+-------+-------+------------+-----------------+
; Data Port ; Clock Port ; Rise  ; Fall  ; Clock Edge ; Clock Reference ;
+-----------+------------+-------+-------+------------+-----------------+
; d[*]      ; clk        ; 5.006 ; 5.256 ; Rise       ; clk             ;
;  d[0]     ; clk        ; 4.037 ; 4.199 ; Rise       ; clk             ;
;  d[1]     ; clk        ; 3.884 ; 4.039 ; Rise       ; clk             ;
;  d[2]     ; clk        ; 3.950 ; 4.092 ; Rise       ; clk             ;
;  d[3]     ; clk        ; 4.027 ; 4.196 ; Rise       ; clk             ;
;  d[4]     ; clk        ; 3.415 ; 3.517 ; Rise       ; clk             ;
;  d[5]     ; clk        ; 4.087 ; 4.255 ; Rise       ; clk             ;
;  d[6]     ; clk        ; 3.713 ; 3.842 ; Rise       ; clk             ;
;  d[7]     ; clk        ; 3.974 ; 4.145 ; Rise       ; clk             ;
;  d[8]     ; clk        ; 4.084 ; 4.280 ; Rise       ; clk             ;
;  d[9]     ; clk        ; 3.948 ; 4.098 ; Rise       ; clk             ;
;  d[10]    ; clk        ; 5.006 ; 5.256 ; Rise       ; clk             ;
;  d[11]    ; clk        ; 3.769 ; 3.916 ; Rise       ; clk             ;
;  d[12]    ; clk        ; 3.825 ; 3.954 ; Rise       ; clk             ;
;  d[13]    ; clk        ; 3.711 ; 3.824 ; Rise       ; clk             ;
;  d[14]    ; clk        ; 3.526 ; 3.610 ; Rise       ; clk             ;
;  d[15]    ; clk        ; 3.818 ; 3.970 ; Rise       ; clk             ;
;  d[16]    ; clk        ; 3.962 ; 4.110 ; Rise       ; clk             ;
;  d[17]    ; clk        ; 3.821 ; 3.952 ; Rise       ; clk             ;
;  d[18]    ; clk        ; 3.855 ; 3.989 ; Rise       ; clk             ;
;  d[19]    ; clk        ; 3.413 ; 3.513 ; Rise       ; clk             ;
;  d[20]    ; clk        ; 4.652 ; 4.832 ; Rise       ; clk             ;
;  d[21]    ; clk        ; 4.151 ; 4.340 ; Rise       ; clk             ;
;  d[22]    ; clk        ; 4.478 ; 4.644 ; Rise       ; clk             ;
;  d[23]    ; clk        ; 3.698 ; 3.818 ; Rise       ; clk             ;
;  d[24]    ; clk        ; 3.795 ; 3.939 ; Rise       ; clk             ;
;  d[25]    ; clk        ; 4.648 ; 4.827 ; Rise       ; clk             ;
;  d[26]    ; clk        ; 3.574 ; 3.673 ; Rise       ; clk             ;
;  d[27]    ; clk        ; 3.766 ; 3.888 ; Rise       ; clk             ;
;  d[28]    ; clk        ; 4.041 ; 4.211 ; Rise       ; clk             ;
;  d[29]    ; clk        ; 3.724 ; 3.874 ; Rise       ; clk             ;
;  d[30]    ; clk        ; 3.661 ; 3.774 ; Rise       ; clk             ;
;  d[31]    ; clk        ; 3.865 ; 3.990 ; Rise       ; clk             ;
; flags[*]  ; clk        ; 4.435 ; 4.689 ; Rise       ; clk             ;
;  flags[0] ; clk        ; 3.714 ; 3.831 ; Rise       ; clk             ;
;  flags[1] ; clk        ; 3.709 ; 3.819 ; Rise       ; clk             ;
;  flags[2] ; clk        ; 4.270 ; 4.452 ; Rise       ; clk             ;
;  flags[3] ; clk        ; 4.435 ; 4.689 ; Rise       ; clk             ;
;  flags[4] ; clk        ; 4.347 ; 4.492 ; Rise       ; clk             ;
; out_valid ; clk        ; 3.548 ; 3.649 ; Rise       ; clk             ;
+-----------+------------+-------+-------+------------+-----------------+


+-----------------------------------------------------------------------+
; Minimum Clock to Output Times                                         ;
+-----------+------------+-------+-------+------------+-----------------+
; Data Port ; Clock Port ; Rise  ; Fall  ; Clock Edge ; Clock Reference ;
+-----------+------------+-------+-------+------------+-----------------+
; d[*]      ; clk        ; 3.302 ; 3.398 ; Rise       ; clk             ;
;  d[0]     ; clk        ; 3.897 ; 4.053 ; Rise       ; clk             ;
;  d[1]     ; clk        ; 3.749 ; 3.898 ; Rise       ; clk             ;
;  d[2]     ; clk        ; 3.815 ; 3.951 ; Rise       ; clk             ;
;  d[3]     ; clk        ; 3.887 ; 4.049 ; Rise       ; clk             ;
;  d[4]     ; clk        ; 3.304 ; 3.402 ; Rise       ; clk             ;
;  d[5]     ; clk        ; 3.944 ; 4.106 ; Rise       ; clk             ;
;  d[6]     ; clk        ; 3.589 ; 3.714 ; Rise       ; clk             ;
;  d[7]     ; clk        ; 3.836 ; 4.001 ; Rise       ; clk             ;
;  d[8]     ; clk        ; 3.945 ; 4.134 ; Rise       ; clk             ;
;  d[9]     ; clk        ; 3.812 ; 3.956 ; Rise       ; clk             ;
;  d[10]    ; clk        ; 4.865 ; 5.108 ; Rise       ; clk             ;
;  d[11]    ; clk        ; 3.643 ; 3.785 ; Rise       ; clk             ;
;  d[12]    ; clk        ; 3.693 ; 3.818 ; Rise       ; clk             ;
;  d[13]    ; clk        ; 3.585 ; 3.693 ; Rise       ; clk             ;
;  d[14]    ; clk        ; 3.407 ; 3.487 ; Rise       ; clk             ;
;  d[15]    ; clk        ; 3.687 ; 3.833 ; Rise       ; clk             ;
;  d[16]    ; clk        ; 3.826 ; 3.968 ; Rise       ; clk             ;
;  d[17]    ; clk        ; 3.690 ; 3.816 ; Rise       ; clk             ;
;  d[18]    ; clk        ; 3.722 ; 3.852 ; Rise       ; clk             ;
;  d[19]    ; clk        ; 3.302 ; 3.398 ; Rise       ; clk             ;
;  d[20]    ; clk        ; 4.526 ; 4.701 ; Rise       ; clk             ;
;  d[21]    ; clk        ; 4.010 ; 4.193 ; Rise       ; clk             ;
;  d[22]    ; clk        ; 4.359 ; 4.521 ; Rise       ; clk             ;
;  d[23]    ; clk        ; 3.573 ; 3.688 ; Rise       ; clk             ;
;  d[24]    ; clk        ; 3.665 ; 3.803 ; Rise       ; clk             ;
;  d[25]    ; clk        ; 4.521 ; 4.695 ; Rise       ; clk             ;
;  d[26]    ; clk        ; 3.453 ; 3.548 ; Rise       ; clk             ;
;  d[27]    ; clk        ; 3.641 ; 3.759 ; Rise       ; clk             ;
;  d[28]    ; clk        ; 3.901 ; 4.065 ; Rise       ; clk             ;
;  d[29]    ; clk        ; 3.600 ; 3.746 ; Rise       ; clk             ;
;  d[30]    ; clk        ; 3.536 ; 3.645 ; Rise       ; clk             ;
;  d[31]    ; clk        ; 3.732 ; 3.852 ; Rise       ; clk             ;
; flags[*]  ; clk        ; 3.582 ; 3.688 ; Rise       ; clk             ;
;  flags[0] ; clk        ; 3.587 ; 3.700 ; Rise       ; clk             ;
;  flags[1] ; clk        ; 3.582 ; 3.688 ; Rise       ; clk             ;
;  flags[2] ; clk        ; 4.120 ; 4.295 ; Rise       ; clk             ;
;  flags[3] ; clk        ; 4.283 ; 4.527 ; Rise       ; clk             ;
;  flags[4] ; clk        ; 4.234 ; 4.375 ; Rise       ; clk             ;
; out_valid ; clk        ; 3.432 ; 3.529 ; Rise       ; clk             ;
+-----------+------------+-------+-------+------------+-----------------+


---------------------------------------------
; Fast 1200mV 0C Model Metastability Report ;
---------------------------------------------
No synchronizer chains to report.


+------------------------------------------------------------------------------+
; Multicorner Timing Analysis Summary                                          ;
+------------------+--------+-------+----------+---------+---------------------+
; Clock            ; Setup  ; Hold  ; Recovery ; Removal ; Minimum Pulse Width ;
+------------------+--------+-------+----------+---------+---------------------+
; Worst-case Slack ; -0.129 ; 0.193 ; 7.324    ; 1.052   ; 4.411               ;
;  clk             ; -0.129 ; 0.193 ; 7.324    ; 1.052   ; 4.411               ;
; Design-wide TNS  ; -0.129 ; 0.0   ; 0.0      ; 0.0     ; 0.0                 ;
;  clk             ; -0.129 ; 0.000 ; 0.000    ; 0.000   ; 0.000               ;
+------------------+--------+-------+----------+---------+---------------------+


+---------------------------------------------------------------------------+
; Setup Times                                                               ;
+--------------+------------+--------+-------+------------+-----------------+
; Data Port    ; Clock Port ; Rise   ; Fall  ; Clock Edge ; Clock Reference ;
+--------------+------------+--------+-------+------------+-----------------+
; flags_in[*]  ; clk        ; 2.312  ; 2.870 ; Rise       ; clk             ;
;  flags_in[0] ; clk        ; 1.866  ; 2.342 ; Rise       ; clk             ;
;  flags_in[1] ; clk        ; 1.652  ; 2.076 ; Rise       ; clk             ;
;  flags_in[2] ; clk        ; 1.822  ; 2.258 ; Rise       ; clk             ;
;  flags_in[3] ; clk        ; 2.312  ; 2.870 ; Rise       ; clk             ;
;  flags_in[4] ; clk        ; 2.129  ; 2.617 ; Rise       ; clk             ;
; frac[*]      ; clk        ; 2.846  ; 3.439 ; Rise       ; clk             ;
;  frac[0]     ; clk        ; 1.775  ; 2.281 ; Rise       ; clk             ;
;  frac[1]     ; clk        ; 1.996  ; 2.516 ; Rise       ; clk             ;
;  frac[2]     ; clk        ; -0.034 ; 0.250 ; Rise       ; clk             ;
;  frac[3]     ; clk        ; 1.789  ; 2.228 ; Rise       ; clk             ;
;  frac[4]     ; clk        ; 2.311  ; 2.813 ; Rise       ; clk             ;
;  frac[5]     ; clk        ; 2.393  ; 2.933 ; Rise       ; clk             ;
;  frac[6]     ; clk        ; -0.057 ; 0.231 ; Rise       ; clk             ;
;  frac[7]     ; clk        ; 2.396  ; 2.912 ; Rise       ; clk             ;
;  frac[8]     ; clk        ; 2.421  ; 2.962 ; Rise       ; clk             ;
;  frac[9]     ; clk        ; 2.460  ; 3.008 ; Rise       ; clk             ;
;  frac[10]    ; clk        ; 2.288  ; 2.733 ; Rise       ; clk             ;
;  frac[11]    ; clk        ; 2.346  ; 2.870 ; Rise       ; clk             ;
;  frac[12]    ; clk        ; 2.404  ; 2.940 ; Rise       ; clk             ;
;  frac[13]    ; clk        ; 2.311  ; 2.792 ; Rise       ; clk             ;
;  frac[14]    ; clk        ; 2.424  ; 2.948 ; Rise       ; clk             ;
;  frac[15]    ; clk        ; 1.736  ; 2.192 ; Rise       ; clk             ;
;  frac[16]    ; clk        ; 2.343  ; 2.804 ; Rise       ; clk             ;
;  frac[17]    ; clk        ; 2.376  ; 2.857 ; Rise       ; clk             ;
;  frac[18]    ; clk        ; 2.389  ; 2.899 ; Rise       ; clk             ;
;  frac[19]    ; clk        ; 2.102  ; 2.611 ; Rise       ; clk             ;
;  frac[20]    ; clk        ; 2.096  ; 2.597 ; Rise       ; clk             ;
;  frac[21]    ; clk        ; 2.271  ; 2.738 ; Rise       ; clk             ;
;  frac[22]    ; clk        ; 2.414  ; 2.923 ; Rise       ; clk             ;
;  frac[23]    ; clk        ; 2.290  ; 2.775 ; Rise       ; clk             ;
;  frac[24]    ; clk        ; 2.286  ; 2.802 ; Rise       ; clk             ;
;  frac[25]    ; clk        ; 0.218  ; 0.412 ; Rise       ; clk             ;
;  frac[26]    ; clk        ; 2.468  ; 2.933 ; Rise       ; clk             ;
;  frac[27]    ; clk        ; 2.135  ; 2.628 ; Rise       ; clk             ;
;  frac[28]    ; clk        ; 2.846  ; 3.439 ; Rise       ; clk             ;
;  frac[29]    ; clk        ; 0.107  ; 0.328 ; Rise       ; clk             ;
;  frac[30]    ; clk        ; 2.579  ; 3.112 ; Rise       ; clk             ;
;  frac[31]    ; clk        ; 0.100  ; 0.317 ; Rise       ; clk             ;
;  frac[32]    ; clk        ; 2.324  ; 2.870 ; Rise       ; clk             ;
;  frac[33]    ; clk        ; 2.574  ; 3.117 ; Rise       ; clk             ;
;  frac[34]    ; clk        ; 2.581  ; 3.137 ; Rise       ; clk             ;
;  frac[35]    ; clk        ; 2.214  ; 2.752 ; Rise       ; clk             ;
;  frac[36]    ; clk        ; 2.072  ; 2.562 ; Rise       ; clk             ;
;  frac[37]    ; clk        ; 2.306  ; 2.803 ; Rise       ; clk             ;
;  frac[38]    ; clk        ; 2.209  ; 2.679 ; Rise       ; clk             ;
;  frac[39]    ; clk        ; 2.527  ; 3.069 ; Rise       ; clk             ;
;  frac[40]    ; clk        ; 2.141  ; 2.677 ; Rise       ; clk             ;
;  frac[41]    ; clk        ; 1.952  ; 2.403 ; Rise       ; clk             ;
;  frac[42]    ; clk        ; 2.659  ; 3.162 ; Rise       ; clk             ;
;  frac[43]    ; clk        ; 2.426  ; 2.929 ; Rise       ; clk             ;
;  frac[44]    ; clk        ; 2.086  ; 2.593 ; Rise       ; clk             ;
;  frac[45]    ; clk        ; 2.326  ; 2.855 ; Rise       ; clk             ;
;  frac[46]    ; clk        ; 2.348  ; 2.869 ; Rise       ; clk             ;
;  frac[47]    ; clk        ; 1.749  ; 2.216 ; Rise       ; clk             ;
;  frac[48]    ; clk        ; 1.898  ; 2.406 ; Rise       ; clk             ;
;  frac[49]    ; clk        ; 1.751  ; 2.219 ; Rise       ; clk             ;
;  frac[50]    ; clk        ; 2.020  ; 2.505 ; Rise       ; clk             ;
;  frac[51]    ; clk        ; 2.327  ; 2.859 ; Rise       ; clk             ;
;  frac[52]    ; clk        ; 2.665  ; 3.177 ; Rise       ; clk             ;
;  frac[53]    ; clk        ; 2.452  ; 3.007 ; Rise       ; clk             ;
;  frac[54]    ; clk        ; 2.415  ; 2.967 ; Rise       ; clk             ;
; is_nar       ; clk        ; 2.650  ; 3.153 ; Rise       ; clk             ;
; is_zero      ; clk        ; 2.021  ; 2.475 ; Rise       ; clk             ;
; sf[*]        ; clk        ; 2.642  ; 3.246 ; Rise       ; clk             ;
;  sf[0]       ; clk        ; 2.165  ; 2.701 ; Rise       ; clk             ;
;  sf[1]       ; clk        ; 0.358  ; 0.475 ; Rise       ; clk             ;
;  sf[2]       ; clk        ; 1.977  ; 2.424 ; Rise       ; clk             ;
;  sf[3]       ; clk        ; 1.977  ; 2.437 ; Rise       ; clk             ;
;  sf[4]       ; clk        ; 2.119  ; 2.600 ; Rise       ; clk             ;
;  sf[5]       ; clk        ; 2.361  ; 2.875 ; Rise       ; clk             ;
;  sf[6]       ; clk        ; 2.642  ; 3.246 ; Rise       ; clk             ;
;  sf[7]       ; clk        ; 2.352  ; 2.854 ; Rise       ; clk             ;
;  sf[8]       ; clk        ; 0.256  ; 0.415 ; Rise       ; clk             ;
;  sf[9]       ; clk        ; 2.452  ; 2.968 ; Rise       ; clk             ;
; sign         ; clk        ; 2.374  ; 2.881 ; Rise       ; clk             ;
; sticky       ; clk        ; 2.178  ; 2.645 ; Rise       ; clk             ;
+--------------+------------+--------+-------+------------+-----------------+


+----------------------------------------------------------------------------+
; Hold Times                                                                 ;
+--------------+------------+--------+--------+------------+-----------------+
; Data Port    ; Clock Port ; Rise   ; Fall   ; Clock Edge ; Clock Reference ;
+--------------+------------+--------+--------+------------+-----------------+
; flags_in[*]  ; clk        ; -0.695 ; -1.288 ; Rise       ; clk             ;
;  flags_in[0] ; clk        ; -0.840 ; -1.456 ; Rise       ; clk             ;
;  flags_in[1] ; clk        ; -0.695 ; -1.288 ; Rise       ; clk             ;
;  flags_in[2] ; clk        ; -0.788 ; -1.386 ; Rise       ; clk             ;
;  flags_in[3] ; clk        ; -1.092 ; -1.781 ; Rise       ; clk             ;
;  flags_in[4] ; clk        ; -0.974 ; -1.595 ; Rise       ; clk             ;
; frac[*]      ; clk        ; 0.383  ; 0.262  ; Rise       ; clk             ;
;  frac[0]     ; clk        ; -0.806 ; -1.420 ; Rise       ; clk             ;
;  frac[1]     ; clk        ; -0.930 ; -1.582 ; Rise       ; clk             ;
;  frac[2]     ; clk        ; 0.365  ; 0.212  ; Rise       ; clk             ;
;  frac[3]     ; clk        ; -0.777 ; -1.370 ; Rise       ; clk             ;
;  frac[4]     ; clk        ; -1.068 ; -1.732 ; Rise       ; clk             ;
;  frac[5]     ; clk        ; -1.150 ; -1.819 ; Rise       ; clk             ;
;  frac[6]     ; clk        ; 0.383  ; 0.262  ; Rise       ; clk             ;
;  frac[7]     ; clk        ; -1.140 ; -1.790 ; Rise       ; clk             ;
;  frac[8]     ; clk        ; -1.152 ; -1.827 ; Rise       ; clk             ;
;  frac[9]     ; clk        ; -1.189 ; -1.871 ; Rise       ; clk             ;
;  frac[10]    ; clk        ; -1.059 ; -1.684 ; Rise       ; clk             ;
;  frac[11]    ; clk        ; -1.098 ; -1.762 ; Rise       ; clk             ;
;  frac[12]    ; clk        ; -1.151 ; -1.826 ; Rise       ; clk             ;
;  frac[13]    ; clk        ; -1.083 ; -1.715 ; Rise       ; clk             ;
;  frac[14]    ; clk        ; -1.155 ; -1.804 ; Rise       ; clk             ;
;  frac[15]    ; clk        ; -0.763 ; -1.357 ; Rise       ; clk             ;
;  frac[16]    ; clk        ; -1.094 ; -1.721 ; Rise       ; clk             ;
;  frac[17]    ; clk        ; -1.107 ; -1.746 ; Rise       ; clk             ;
;  frac[18]    ; clk        ; -1.123 ; -1.780 ; Rise       ; clk             ;
;  frac[19]    ; clk        ; -0.968 ; -1.607 ; Rise       ; clk             ;
;  frac[20]    ; clk        ; -0.972 ; -1.609 ; Rise       ; clk             ;
;  frac[21]    ; clk        ; -1.035 ; -1.674 ; Rise       ; clk             ;
;  frac[22]    ; clk        ; -1.112 ; -1.770 ; Rise       ; clk             ;
;  frac[23]    ; clk        ; -1.065 ; -1.703 ; Rise       ; clk             ;
;  frac[24]    ; clk        ; -1.065 ; -1.720 ; Rise       ; clk             ;
;  frac[25]    ; clk        ; 0.083  ; -0.029 ; Rise       ; clk             ;
;  frac[26]    ; clk        ; -1.149 ; -1.797 ; Rise       ; clk             ;
;  frac[27]    ; clk        ; -0.982 ; -1.617 ; Rise       ; clk             ;
;  frac[28]    ; clk        ; -1.386 ; -2.086 ; Rise       ; clk             ;
;  frac[29]    ; clk        ; 0.199  ; 0.130  ; Rise       ; clk             ;
;  frac[30]    ; clk        ; -1.234 ; -1.920 ; Rise       ; clk             ;
;  frac[31]    ; clk        ; 0.221  ; 0.146  ; Rise       ; clk             ;
;  frac[32]    ; clk        ; -1.099 ; -1.765 ; Rise       ; clk             ;
;  frac[33]    ; clk        ; -1.250 ; -1.913 ; Rise       ; clk             ;
;  frac[34]    ; clk        ; -1.252 ; -1.943 ; Rise       ; clk             ;
;  frac[35]    ; clk        ; -1.064 ; -1.728 ; Rise       ; clk             ;
;  frac[36]    ; clk        ; -0.944 ; -1.565 ; Rise       ; clk             ;
;  frac[37]    ; clk        ; -1.089 ; -1.745 ; Rise       ; clk             ;
;  frac[38]    ; clk        ; -1.014 ; -1.645 ; Rise       ; clk             ;
;  frac[39]    ; clk        ; -1.217 ; -1.886 ; Rise       ; clk             ;
;  frac[40]    ; clk        ; -1.015 ; -1.661 ; Rise       ; clk             ;
;  frac[41]    ; clk        ; -0.876 ; -1.480 ; Rise       ; clk             ;
;  frac[42]    ; clk        ; -1.254 ; -1.929 ; Rise       ; clk             ;
;  frac[43]    ; clk        ; -1.138 ; -1.792 ; Rise       ; clk             ;
;  frac[44]    ; clk        ; -0.966 ; -1.605 ; Rise       ; clk             ;
;  frac[45]    ; clk        ; -1.102 ; -1.755 ; Rise       ; clk             ;
;  frac[46]    ; clk        ; -1.107 ; -1.769 ; Rise       ; clk             ;
;  frac[47]    ; clk        ; -0.772 ; -1.370 ; Rise       ; clk             ;
;  frac[48]    ; clk        ; -0.850 ; -1.487 ; Rise       ; clk             ;
;  frac[49]    ; clk        ; -0.771 ; -1.366 ; Rise       ; clk             ;
;  frac[50]    ; clk        ; -0.923 ; -1.539 ; Rise       ; clk             ;
;  frac[51]    ; clk        ; -1.099 ; -1.752 ; Rise       ; clk             ;
;  frac[52]    ; clk        ; -1.272 ; -1.960 ; Rise       ; clk             ;
;  frac[53]    ; clk        ; -1.148 ; -1.826 ; Rise       ; clk             ;
;  frac[54]    ; clk        ; -1.131 ; -1.807 ; Rise       ; clk             ;
; is_nar       ; clk        ; -1.268 ; -1.940 ; Rise       ; clk             ;
; is_zero      ; clk        ; -0.899 ; -1.546 ; Rise       ; clk             ;
; sf[*]        ; clk        ; 0.056  ; -0.049 ; Rise       ; clk             ;
;  sf[0]       ; clk        ; -1.022 ; -1.670 ; Rise       ; clk             ;
;  sf[1]       ; clk        ; -0.049 ; -0.104 ; Rise       ; clk             ;
;  sf[2]       ; clk        ; -0.888 ; -1.504 ; Rise       ; clk             ;
;  sf[3]       ; clk        ; -0.888 ; -1.494 ; Rise       ; clk             ;
;  sf[4]       ; clk        ; -0.976 ; -1.595 ; Rise       ; clk             ;
;  sf[5]       ; clk        ; -1.113 ; -1.777 ; Rise       ; clk             ;
;  sf[6]       ; clk        ; -1.309 ; -2.025 ; Rise       ; clk             ;
;  sf[7]       ; clk        ; -1.109 ; -1.767 ; Rise       ; clk             ;
;  sf[8]       ; clk        ; 0.056  ; -0.049 ; Rise       ; clk             ;
;  sf[9]       ; clk        ; -1.160 ; -1.817 ; Rise       ; clk             ;
; sign         ; clk        ; -1.114 ; -1.762 ; Rise       ; clk             ;
; sticky       ; clk        ; -1.003 ; -1.628 ; Rise       ; clk             ;
+--------------+------------+--------+--------+------------+-----------------+


+-----------------------------------------------------------------------+
; Clock to Output Times                                                 ;
+-----------+------------+-------+-------+------------+-----------------+
; Data Port ; Clock Port ; Rise  ; Fall  ; Clock Edge ; Clock Reference ;
+-----------+------------+-------+-------+------------+-----------------+
; d[*]      ; clk        ; 8.268 ; 8.500 ; Rise       ; clk             ;
;  d[0]     ; clk        ; 6.955 ; 6.992 ; Rise       ; clk             ;
;  d[1]     ; clk        ; 6.671 ; 6.723 ; Rise       ; clk             ;
;  d[2]     ; clk        ; 6.704 ; 6.820 ; Rise       ; clk             ;
;  d[3]     ; clk        ; 6.941 ; 6.977 ; Rise       ; clk             ;
;  d[4]     ; clk        ; 5.865 ; 5.909 ; Rise       ; clk             ;
;  d[5]     ; clk        ; 6.976 ; 7.051 ; Rise       ; clk             ;
;  d[6]     ; clk        ; 6.424 ; 6.422 ; Rise       ; clk             ;
;  d[7]     ; clk        ; 6.798 ; 6.914 ; Rise       ; clk             ;
;  d[8]     ; clk        ; 7.075 ; 7.132 ; Rise       ; clk             ;
;  d[9]     ; clk        ; 6.739 ; 6.821 ; Rise       ; clk             ;
;  d[10]    ; clk        ; 8.268 ; 8.500 ; Rise       ; clk             ;
;  d[11]    ; clk        ; 6.470 ; 6.527 ; Rise       ; clk             ;
;  d[12]    ; clk        ; 6.575 ; 6.618 ; Rise       ; clk             ;
;  d[13]    ; clk        ; 6.361 ; 6.355 ; Rise       ; clk             ;
;  d[14]    ; clk        ; 6.033 ; 6.065 ; Rise       ; clk             ;
;  d[15]    ; clk        ; 6.510 ; 6.619 ; Rise       ; clk             ;
;  d[16]    ; clk        ; 6.800 ; 6.859 ; Rise       ; clk             ;
;  d[17]    ; clk        ; 6.604 ; 6.642 ; Rise       ; clk             ;
;  d[18]    ; clk        ; 6.628 ; 6.693 ; Rise       ; clk             ;
;  d[19]    ; clk        ; 5.863 ; 5.888 ; Rise       ; clk             ;
;  d[20]    ; clk        ; 7.681 ; 7.821 ; Rise       ; clk             ;
;  d[21]    ; clk        ; 7.191 ; 7.213 ; Rise       ; clk             ;
;  d[22]    ; clk        ; 7.367 ; 7.520 ; Rise       ; clk             ;
;  d[23]    ; clk        ; 6.362 ; 6.401 ; Rise       ; clk             ;
;  d[24]    ; clk        ; 6.502 ; 6.596 ; Rise       ; clk             ;
;  d[25]    ; clk        ; 7.673 ; 7.784 ; Rise       ; clk             ;
;  d[26]    ; clk        ; 6.122 ; 6.178 ; Rise       ; clk             ;
;  d[27]    ; clk        ; 6.503 ; 6.491 ; Rise       ; clk             ;
;  d[28]    ; clk        ; 6.947 ; 6.991 ; Rise       ; clk             ;
;  d[29]    ; clk        ; 6.319 ; 6.427 ; Rise       ; clk             ;
;  d[30]    ; clk        ; 6.316 ; 6.341 ; Rise       ; clk             ;
;  d[31]    ; clk        ; 6.596 ; 6.660 ; Rise       ; clk             ;
; flags[*]  ; clk        ; 7.596 ; 7.731 ; Rise       ; clk             ;
;  flags[0] ; clk        ; 6.382 ; 6.446 ; Rise       ; clk             ;
;  flags[1] ; clk        ; 6.376 ; 6.382 ; Rise       ; clk             ;
;  flags[2] ; clk        ; 7.266 ; 7.380 ; Rise       ; clk             ;
;  flags[3] ; clk        ; 7.596 ; 7.731 ; Rise       ; clk             ;
;  flags[4] ; clk        ; 7.160 ; 7.293 ; Rise       ; clk             ;
; out_valid ; clk        ; 6.062 ; 6.093 ; Rise       ; clk             ;
+-----------+------------+-------+-------+------------+-----------------+


+-----------------------------------------------------------------------+
; Minimum Clock to Output Times                                         ;
+-----------+------------+-------+-------+------------+-----------------+
; Data Port ; Clock Port ; Rise  ; Fall  ; Clock Edge ; Clock Reference ;
+-----------+------------+-------+-------+------------+-----------------+
; d[*]      ; clk        ; 3.302 ; 3.398 ; Rise       ; clk             ;
;  d[0]     ; clk        ; 3.897 ; 4.053 ; Rise       ; clk             ;
;  d[1]     ; clk        ; 3.749 ; 3.898 ; Rise       ; clk             ;
;  d[2]     ; clk        ; 3.815 ; 3.951 ; Rise       ; clk             ;
;  d[3]     ; clk        ; 3.887 ; 4.049 ; Rise       ; clk             ;
;  d[4]     ; clk        ; 3.304 ; 3.402 ; Rise       ; clk             ;
;  d[5]     ; clk        ; 3.944 ; 4.106 ; Rise       ; clk             ;
;  d[6]     ; clk        ; 3.589 ; 3.714 ; Rise       ; clk             ;
;  d[7]     ; clk        ; 3.836 ; 4.001 ; Rise       ; clk             ;
;  d[8]     ; clk        ; 3.945 ; 4.134 ; Rise       ; clk             ;
;  d[9]     ; clk        ; 3.812 ; 3.956 ; Rise       ; clk             ;
;  d[10]    ; clk        ; 4.865 ; 5.108 ; Rise       ; clk             ;
;  d[11]    ; clk        ; 3.643 ; 3.785 ; Rise       ; clk             ;
;  d[12]    ; clk        ; 3.693 ; 3.818 ; Rise       ; clk             ;
;  d[13]    ; clk        ; 3.585 ; 3.693 ; Rise       ; clk             ;
;  d[14]    ; clk        ; 3.407 ; 3.487 ; Rise       ; clk             ;
;  d[15]    ; clk        ; 3.687 ; 3.833 ; Rise       ; clk             ;
;  d[16]    ; clk        ; 3.826 ; 3.968 ; Rise       ; clk             ;
;  d[17]    ; clk        ; 3.690 ; 3.816 ; Rise       ; clk             ;
;  d[18]    ; clk        ; 3.722 ; 3.852 ; Rise       ; clk             ;
;  d[19]    ; clk        ; 3.302 ; 3.398 ; Rise       ; clk             ;
;  d[20]    ; clk        ; 4.526 ; 4.701 ; Rise       ; clk             ;
;  d[21]    ; clk        ; 4.010 ; 4.193 ; Rise       ; clk             ;
;  d[22]    ; clk        ; 4.359 ; 4.521 ; Rise       ; clk             ;
;  d[23]    ; clk        ; 3.573 ; 3.688 ; Rise       ; clk             ;
;  d[24]    ; clk        ; 3.665 ; 3.803 ; Rise       ; clk             ;
;  d[25]    ; clk        ; 4.521 ; 4.695 ; Rise       ; clk             ;
;  d[26]    ; clk        ; 3.453 ; 3.548 ; Rise       ; clk             ;
;  d[27]    ; clk        ; 3.641 ; 3.759 ; Rise       ; clk             ;
;  d[28]    ; clk        ; 3.901 ; 4.065 ; Rise       ; clk             ;
;  d[29]    ; clk        ; 3.600 ; 3.746 ; Rise       ; clk             ;
;  d[30]    ; clk        ; 3.536 ; 3.645 ; Rise       ; clk             ;
;  d[31]    ; clk        ; 3.732 ; 3.852 ; Rise       ; clk             ;
; flags[*]  ; clk        ; 3.582 ; 3.688 ; Rise       ; clk             ;
;  flags[0] ; clk        ; 3.587 ; 3.700 ; Rise       ; clk             ;
;  flags[1] ; clk        ; 3.582 ; 3.688 ; Rise       ; clk             ;
;  flags[2] ; clk        ; 4.120 ; 4.295 ; Rise       ; clk             ;
;  flags[3] ; clk        ; 4.283 ; 4.527 ; Rise       ; clk             ;
;  flags[4] ; clk        ; 4.234 ; 4.375 ; Rise       ; clk             ;
; out_valid ; clk        ; 3.432 ; 3.529 ; Rise       ; clk             ;
+-----------+------------+-------+-------+------------+-----------------+


+------------------------------------------------------------------------------------------------------------------------------------------------------------------------------------------------------------------------------------------------------------------------------------------------------------------------------------------------------------------------------------------------------------------+
; Board Trace Model Assignments                                                                                                                                                                                                                                                                                                                                                                                    ;
+---------------+--------------+-------------------+-------------------------+-------------------------+---------------+---------------------+----------------+------------------+--------+------------------+------------------------+------------------------+--------------+---------------+-----------------+-------+---------------------+--------------------+---------------+-----------------+-------------+
; Pin           ; I/O Standard ; Near Tline Length ; Near Tline L per Length ; Near Tline C per Length ; Near Series R ; Near Differential R ; Near Pull-up R ; Near Pull-down R ; Near C ; Far Tline Length ; Far Tline L per Length ; Far Tline C per Length ; Far Series R ; Far Pull-up R ; Far Pull-down R ; Far C ; Termination Voltage ; Far Differential R ; EBD File Name ; EBD Signal Name ; EBD Far-end ;
+---------------+--------------+-------------------+-------------------------+-------------------------+---------------+---------------------+----------------+------------------+--------+------------------+------------------------+------------------------+--------------+---------------+-----------------+-------+---------------------+--------------------+---------------+-----------------+-------------+
; out_valid     ; 2.5 V        ; 0 in              ; 0 H/in                  ; 0 F/in                  ; short         ; -                   ; open           ; open             ; open   ; 0 in             ; 0 H/in                 ; 0 F/in                 ; short        ; open          ; open            ; open  ; 0 V                 ; -                  ; n/a           ; n/a             ; n/a         ;
; d[0]          ; 2.5 V        ; 0 in              ; 0 H/in                  ; 0 F/in                  ; short         ; -                   ; open           ; open             ; open   ; 0 in             ; 0 H/in                 ; 0 F/in                 ; short        ; open          ; open            ; open  ; 0 V                 ; -                  ; n/a           ; n/a             ; n/a         ;
; d[1]          ; 2.5 V        ; 0 in              ; 0 H/in                  ; 0 F/in                  ; short         ; -                   ; open           ; open             ; open   ; 0 in             ; 0 H/in                 ; 0 F/in                 ; short        ; open          ; open            ; open  ; 0 V                 ; -                  ; n/a           ; n/a             ; n/a         ;
; d[2]          ; 2.5 V        ; 0 in              ; 0 H/in                  ; 0 F/in                  ; short         ; -                   ; open           ; open             ; open   ; 0 in             ; 0 H/in                 ; 0 F/in                 ; short        ; open          ; open            ; open  ; 0 V                 ; -                  ; n/a           ; n/a             ; n/a         ;
; d[3]          ; 2.5 V        ; 0 in              ; 0 H/in                  ; 0 F/in                  ; short         ; -                   ; open           ; open             ; open   ; 0 in             ; 0 H/in                 ; 0 F/in                 ; short        ; open          ; open            ; open  ; 0 V                 ; -                  ; n/a           ; n/a             ; n/a         ;
; d[4]          ; 2.5 V        ; 0 in              ; 0 H/in                  ; 0 F/in                  ; short         ; -                   ; open           ; open             ; open   ; 0 in             ; 0 H/in                 ; 0 F/in                 ; short        ; open          ; open            ; open  ; 0 V                 ; -                  ; n/a           ; n/a             ; n/a         ;
; d[5]          ; 2.5 V        ; 0 in              ; 0 H/in                  ; 0 F/in                  ; short         ; -                   ; open           ; open             ; open   ; 0 in             ; 0 H/in                 ; 0 F/in                 ; short        ; open          ; open            ; open  ; 0 V                 ; -                  ; n/a           ; n/a             ; n/a         ;
; d[6]          ; 2.5 V        ; 0 in              ; 0 H/in                  ; 0 F/in                  ; short         ; -                   ; open           ; open             ; open   ; 0 in             ; 0 H/in                 ; 0 F/in                 ; short        ; open          ; open            ; open  ; 0 V                 ; -                  ; n/a           ; n/a             ; n/a         ;
; d[7]          ; 2.5 V        ; 0 in              ; 0 H/in                  ; 0 F/in                  ; short         ; -                   ; open           ; open             ; open   ; 0 in             ; 0 H/in                 ; 0 F/in                 ; short        ; open          ; open            ; open  ; 0 V                 ; -                  ; n/a           ; n/a             ; n/a         ;
; d[8]          ; 2.5 V        ; 0 in              ; 0 H/in                  ; 0 F/in                  ; short         ; -                   ; open           ; open             ; open   ; 0 in             ; 0 H/in                 ; 0 F/in                 ; short        ; open          ; open            ; open  ; 0 V                 ; -                  ; n/a           ; n/a             ; n/a         ;
; d[9]          ; 2.5 V        ; 0 in              ; 0 H/in                  ; 0 F/in                  ; short         ; -                   ; open           ; open             ; open   ; 0 in             ; 0 H/in                 ; 0 F/in                 ; short        ; open          ; open            ; open  ; 0 V                 ; -                  ; n/a           ; n/a             ; n/a         ;
; d[10]         ; 2.5 V        ; 0 in              ; 0 H/in                  ; 0 F/in                  ; short         ; -                   ; open           ; open             ; open   ; 0 in             ; 0 H/in                 ; 0 F/in                 ; short        ; open          ; open            ; open  ; 0 V                 ; -                  ; n/a           ; n/a             ; n/a         ;
; d[11]         ; 2.5 V        ; 0 in              ; 0 H/in                  ; 0 F/in                  ; short         ; -                   ; open           ; open             ; open   ; 0 in             ; 0 H/in                 ; 0 F/in                 ; short        ; open          ; open            ; open  ; 0 V                 ; -                  ; n/a           ; n/a             ; n/a         ;
; d[12]         ; 2.5 V        ; 0 in              ; 0 H/in                  ; 0 F/in                  ; short         ; -                   ; open           ; open             ; open   ; 0 in             ; 0 H/in                 ; 0 F/in                 ; short        ; open          ; open            ; open  ; 0 V                 ; -                  ; n/a           ; n/a             ; n/a         ;
; d[13]         ; 2.5 V        ; 0 in              ; 0 H/in                  ; 0 F/in                  ; short         ; -                   ; open           ; open             ; open   ; 0 in             ; 0 H/in                 ; 0 F/in                 ; short        ; open          ; open            ; open  ; 0 V                 ; -                  ; n/a           ; n/a             ; n/a         ;
; d[14]         ; 2.5 V        ; 0 in              ; 0 H/in                  ; 0 F/in                  ; short         ; -                   ; open           ; open             ; open   ; 0 in             ; 0 H/in                 ; 0 F/in                 ; short        ; open          ; open            ; open  ; 0 V                 ; -                  ; n/a           ; n/a             ; n/a         ;
; d[15]         ; 2.5 V        ; 0 in              ; 0 H/in                  ; 0 F/in                  ; short         ; -                   ; open           ; open             ; open   ; 0 in             ; 0 H/in                 ; 0 F/in                 ; short        ; open          ; open            ; open  ; 0 V                 ; -                  ; n/a           ; n/a             ; n/a         ;
; d[16]         ; 2.5 V        ; 0 in              ; 0 H/in                  ; 0 F/in                  ; short         ; -                   ; open           ; open             ; open   ; 0 in             ; 0 H/in                 ; 0 F/in                 ; short        ; open          ; open            ; open  ; 0 V                 ; -                  ; n/a           ; n/a             ; n/a         ;
; d[17]         ; 2.5 V        ; 0 in              ; 0 H/in                  ; 0 F/in                  ; short         ; -                   ; open           ; open             ; open   ; 0 in             ; 0 H/in                 ; 0 F/in                 ; short        ; open          ; open            ; open  ; 0 V                 ; -                  ; n/a           ; n/a             ; n/a         ;
; d[18]         ; 2.5 V        ; 0 in              ; 0 H/in                  ; 0 F/in                  ; short         ; -                   ; open           ; open             ; open   ; 0 in             ; 0 H/in                 ; 0 F/in                 ; short        ; open          ; open            ; open  ; 0 V                 ; -                  ; n/a           ; n/a             ; n/a         ;
; d[19]         ; 2.5 V        ; 0 in              ; 0 H/in                  ; 0 F/in                  ; short         ; -                   ; open           ; open             ; open   ; 0 in             ; 0 H/in                 ; 0 F/in                 ; short        ; open          ; open            ; open  ; 0 V                 ; -                  ; n/a           ; n/a             ; n/a         ;
; d[20]         ; 2.5 V        ; 0 in              ; 0 H/in                  ; 0 F/in                  ; short         ; -                   ; open           ; open             ; open   ; 0 in             ; 0 H/in                 ; 0 F/in                 ; short        ; open          ; open            ; open  ; 0 V                 ; -                  ; n/a           ; n/a             ; n/a         ;
; d[21]         ; 2.5 V        ; 0 in              ; 0 H/in                  ; 0 F/in                  ; short         ; -                   ; open           ; open             ; open   ; 0 in             ; 0 H/in                 ; 0 F/in                 ; short        ; open          ; open            ; open  ; 0 V                 ; -                  ; n/a           ; n/a             ; n/a         ;
; d[22]         ; 2.5 V        ; 0 in              ; 0 H/in                  ; 0 F/in                  ; short         ; -                   ; open           ; open             ; open   ; 0 in             ; 0 H/in                 ; 0 F/in                 ; short        ; open          ; open            ; open  ; 0 V                 ; -                  ; n/a           ; n/a             ; n/a         ;
; d[23]         ; 2.5 V        ; 0 in              ; 0 H/in                  ; 0 F/in                  ; short         ; -                   ; open           ; open             ; open   ; 0 in             ; 0 H/in                 ; 0 F/in                 ; short        ; open          ; open            ; open  ; 0 V                 ; -                  ; n/a           ; n/a             ; n/a         ;
; d[24]         ; 2.5 V        ; 0 in              ; 0 H/in                  ; 0 F/in                  ; short         ; -                   ; open           ; open             ; open   ; 0 in             ; 0 H/in                 ; 0 F/in                 ; short        ; open          ; open            ; open  ; 0 V                 ; -                  ; n/a           ; n/a             ; n/a         ;
; d[25]         ; 2.5 V        ; 0 in              ; 0 H/in                  ; 0 F/in                  ; short         ; -                   ; open           ; open             ; open   ; 0 in             ; 0 H/in                 ; 0 F/in                 ; short        ; open          ; open            ; open  ; 0 V                 ; -                  ; n/a           ; n/a             ; n/a         ;
; d[26]         ; 2.5 V        ; 0 in              ; 0 H/in                  ; 0 F/in                  ; short         ; -                   ; open           ; open             ; open   ; 0 in             ; 0 H/in                 ; 0 F/in                 ; short        ; open          ; open            ; open  ; 0 V                 ; -                  ; n/a           ; n/a             ; n/a         ;
; d[27]         ; 2.5 V        ; 0 in              ; 0 H/in                  ; 0 F/in                  ; short         ; -                   ; open           ; open             ; open   ; 0 in             ; 0 H/in                 ; 0 F/in                 ; short        ; open          ; open            ; open  ; 0 V                 ; -                  ; n/a           ; n/a             ; n/a         ;
; d[28]         ; 2.5 V        ; 0 in              ; 0 H/in                  ; 0 F/in                  ; short         ; -                   ; open           ; open             ; open   ; 0 in             ; 0 H/in                 ; 0 F/in                 ; short        ; open          ; open            ; open  ; 0 V                 ; -                  ; n/a           ; n/a             ; n/a         ;
; d[29]         ; 2.5 V        ; 0 in              ; 0 H/in                  ; 0 F/in                  ; short         ; -                   ; open           ; open             ; open   ; 0 in             ; 0 H/in                 ; 0 F/in                 ; short        ; open          ; open            ; open  ; 0 V                 ; -                  ; n/a           ; n/a             ; n/a         ;
; d[30]         ; 2.5 V        ; 0 in              ; 0 H/in                  ; 0 F/in                  ; short         ; -                   ; open           ; open             ; open   ; 0 in             ; 0 H/in                 ; 0 F/in                 ; short        ; open          ; open            ; open  ; 0 V                 ; -                  ; n/a           ; n/a             ; n/a         ;
; d[31]         ; 2.5 V        ; 0 in              ; 0 H/in                  ; 0 F/in                  ; short         ; -                   ; open           ; open             ; open   ; 0 in             ; 0 H/in                 ; 0 F/in                 ; short        ; open          ; open            ; open  ; 0 V                 ; -                  ; n/a           ; n/a             ; n/a         ;
; flags[0]      ; 2.5 V        ; 0 in              ; 0 H/in                  ; 0 F/in                  ; short         ; -                   ; open           ; open             ; open   ; 0 in             ; 0 H/in                 ; 0 F/in                 ; short        ; open          ; open            ; open  ; 0 V                 ; -                  ; n/a           ; n/a             ; n/a         ;
; flags[1]      ; 2.5 V        ; 0 in              ; 0 H/in                  ; 0 F/in                  ; short         ; -                   ; open           ; open             ; open   ; 0 in             ; 0 H/in                 ; 0 F/in                 ; short        ; open          ; open            ; open  ; 0 V                 ; -                  ; n/a           ; n/a             ; n/a         ;
; flags[2]      ; 2.5 V        ; 0 in              ; 0 H/in                  ; 0 F/in                  ; short         ; -                   ; open           ; open             ; open   ; 0 in             ; 0 H/in                 ; 0 F/in                 ; short        ; open          ; open            ; open  ; 0 V                 ; -                  ; n/a           ; n/a             ; n/a         ;
; flags[3]      ; 2.5 V        ; 0 in              ; 0 H/in                  ; 0 F/in                  ; short         ; -                   ; open           ; open             ; open   ; 0 in             ; 0 H/in                 ; 0 F/in                 ; short        ; open          ; open            ; open  ; 0 V                 ; -                  ; n/a           ; n/a             ; n/a         ;
; flags[4]      ; 2.5 V        ; 0 in              ; 0 H/in                  ; 0 F/in                  ; short         ; -                   ; open           ; open             ; open   ; 0 in             ; 0 H/in                 ; 0 F/in                 ; short        ; open          ; open            ; open  ; 0 V                 ; -                  ; n/a           ; n/a             ; n/a         ;
; ~ALTERA_DCLK~ ; 2.5 V        ; 0 in              ; 0 H/in                  ; 0 F/in                  ; short         ; -                   ; open           ; open             ; open   ; 0 in             ; 0 H/in                 ; 0 F/in                 ; short        ; open          ; open            ; open  ; 0 V                 ; -                  ; n/a           ; n/a             ; n/a         ;
; ~ALTERA_nCEO~ ; 2.5 V        ; 0 in              ; 0 H/in                  ; 0 F/in                  ; short         ; -                   ; open           ; open             ; open   ; 0 in             ; 0 H/in                 ; 0 F/in                 ; short        ; open          ; open            ; open  ; 0 V                 ; -                  ; n/a           ; n/a             ; n/a         ;
+---------------+--------------+-------------------+-------------------------+-------------------------+---------------+---------------------+----------------+------------------+--------+------------------+------------------------+------------------------+--------------+---------------+-----------------+-------+---------------------+--------------------+---------------+-----------------+-------------+


+----------------------------------------------------------------------------+
; Input Transition Times                                                     ;
+-------------------------+--------------+-----------------+-----------------+
; Pin                     ; I/O Standard ; 10-90 Rise Time ; 90-10 Fall Time ;
+-------------------------+--------------+-----------------+-----------------+
; clk                     ; 2.5 V        ; 2000 ps         ; 2000 ps         ;
; reset_n                 ; 2.5 V        ; 2000 ps         ; 2000 ps         ;
; sign                    ; 2.5 V        ; 2000 ps         ; 2000 ps         ;
; is_nar                  ; 2.5 V        ; 2000 ps         ; 2000 ps         ;
; flags_in[4]             ; 2.5 V        ; 2000 ps         ; 2000 ps         ;
; is_zero                 ; 2.5 V        ; 2000 ps         ; 2000 ps         ;
; sf[9]                   ; 2.5 V        ; 2000 ps         ; 2000 ps         ;
; sf[6]                   ; 2.5 V        ; 2000 ps         ; 2000 ps         ;
; frac[49]                ; 2.5 V        ; 2000 ps         ; 2000 ps         ;
; frac[51]                ; 2.5 V        ; 2000 ps         ; 2000 ps         ;
; sf[3]                   ; 2.5 V        ; 2000 ps         ; 2000 ps         ;
; frac[48]                ; 2.5 V        ; 2000 ps         ; 2000 ps         ;
; frac[50]                ; 2.5 V        ; 2000 ps         ; 2000 ps         ;
; sf[2]                   ; 2.5 V        ; 2000 ps         ; 2000 ps         ;
; frac[45]                ; 2.5 V        ; 2000 ps         ; 2000 ps         ;
; frac[47]                ; 2.5 V        ; 2000 ps         ; 2000 ps         ;
; frac[44]                ; 2.5 V        ; 2000 ps         ; 2000 ps         ;
; frac[46]                ; 2.5 V        ; 2000 ps         ; 2000 ps         ;
; sf[4]                   ; 2.5 V        ; 2000 ps         ; 2000 ps         ;
; sf[5]                   ; 2.5 V        ; 2000 ps         ; 2000 ps         ;
; frac[53]                ; 2.5 V        ; 2000 ps         ; 2000 ps         ;
; sf[0]                   ; 2.5 V        ; 2000 ps         ; 2000 ps         ;
; frac[52]                ; 2.5 V        ; 2000 ps         ; 2000 ps         ;
; frac[54]                ; 2.5 V        ; 2000 ps         ; 2000 ps         ;
; sf[1]                   ; 2.5 V        ; 2000 ps         ; 2000 ps         ;
; sf[8]                   ; 2.5 V        ; 2000 ps         ; 2000 ps         ;
; sf[7]                   ; 2.5 V        ; 2000 ps         ; 2000 ps         ;
; frac[29]                ; 2.5 V        ; 2000 ps         ; 2000 ps         ;
; frac[31]                ; 2.5 V        ; 2000 ps         ; 2000 ps         ;
; frac[28]                ; 2.5 V        ; 2000 ps         ; 2000 ps         ;
; frac[30]                ; 2.5 V        ; 2000 ps         ; 2000 ps         ;
; frac[33]                ; 2.5 V        ; 2000 ps         ; 2000 ps         ;
; frac[35]                ; 2.5 V        ; 2000 ps         ; 2000 ps         ;
; frac[32]                ; 2.5 V        ; 2000 ps         ; 2000 ps         ;
; frac[34]                ; 2.5 V        ; 2000 ps         ; 2000 ps         ;
; frac[41]                ; 2.5 V        ; 2000 ps         ; 2000 ps         ;
; frac[43]                ; 2.5 V        ; 2000 ps         ; 2000 ps         ;
; frac[40]                ; 2.5 V        ; 2000 ps         ; 2000 ps         ;
; frac[42]                ; 2.5 V        ; 2000 ps         ; 2000 ps         ;
; frac[37]                ; 2.5 V        ; 2000 ps         ; 2000 ps         ;
; frac[39]                ; 2.5 V        ; 2000 ps         ; 2000 ps         ;
; frac[36]                ; 2.5 V        ; 2000 ps         ; 2000 ps         ;
; frac[38]                ; 2.5 V        ; 2000 ps         ; 2000 ps         ;
; flags_in[0]             ; 2.5 V        ; 2000 ps         ; 2000 ps         ;
; flags_in[1]             ; 2.5 V        ; 2000 ps         ; 2000 ps         ;
; frac[9]                 ; 2.5 V        ; 2000 ps         ; 2000 ps         ;
; frac[8]                 ; 2.5 V        ; 2000 ps         ; 2000 ps         ;
; frac[7]                 ; 2.5 V        ; 2000 ps         ; 2000 ps         ;
; frac[5]                 ; 2.5 V        ; 2000 ps         ; 2000 ps         ;
; frac[4]                 ; 2.5 V        ; 2000 ps         ; 2000 ps         ;
; frac[3]                 ; 2.5 V        ; 2000 ps         ; 2000 ps         ;
; frac[1]                 ; 2.5 V        ; 2000 ps         ; 2000 ps         ;
; sticky                  ; 2.5 V        ; 2000 ps         ; 2000 ps         ;
; frac[27]                ; 2.5 V        ; 2000 ps         ; 2000 ps         ;
; frac[24]                ; 2.5 V        ; 2000 ps         ; 2000 ps         ;
; frac[23]                ; 2.5 V        ; 2000 ps         ; 2000 ps         ;
; frac[22]                ; 2.5 V        ; 2000 ps         ; 2000 ps         ;
; frac[15]                ; 2.5 V        ; 2000 ps         ; 2000 ps         ;
; frac[18]                ; 2.5 V        ; 2000 ps         ; 2000 ps         ;
; frac[16]                ; 2.5 V        ; 2000 ps         ; 2000 ps         ;
; frac[14]                ; 2.5 V        ; 2000 ps         ; 2000 ps         ;
; frac[0]                 ; 2.5 V        ; 2000 ps         ; 2000 ps         ;
; frac[6]                 ; 2.5 V        ; 2000 ps         ; 2000 ps         ;
; frac[2]                 ; 2.5 V        ; 2000 ps         ; 2000 ps         ;
; frac[26]                ; 2.5 V        ; 2000 ps         ; 2000 ps         ;
; frac[25]                ; 2.5 V        ; 2000 ps         ; 2000 ps         ;
; frac[21]                ; 2.5 V        ; 2000 ps         ; 2000 ps         ;
; frac[20]                ; 2.5 V        ; 2000 ps         ; 2000 ps         ;
; frac[19]                ; 2.5 V        ; 2000 ps         ; 2000 ps         ;
; frac[17]                ; 2.5 V        ; 2000 ps         ; 2000 ps         ;
; frac[13]                ; 2.5 V        ; 2000 ps         ; 2000 ps         ;
; frac[12]                ; 2.5 V        ; 2000 ps         ; 2000 ps         ;
; frac[11]                ; 2.5 V        ; 2000 ps         ; 2000 ps         ;
; frac[10]                ; 2.5 V        ; 2000 ps         ; 2000 ps         ;
; flags_in[2]             ; 2.5 V        ; 2000 ps         ; 2000 ps         ;
; flags_in[3]             ; 2.5 V        ; 2000 ps         ; 2000 ps         ;
; ~ALTERA_ASDO_DATA1~     ; 2.5 V        ; 2000 ps         ; 2000 ps         ;
; ~ALTERA_FLASH_nCE_nCSO~ ; 2.5 V        ; 2000 ps         ; 2000 ps         ;
; ~ALTERA_DATA0~          ; 2.5 V        ; 2000 ps         ; 2000 ps         ;
+-------------------------+--------------+-----------------+-----------------+


+--------------------------------------------------------------------------------------------------------------------------------------------------------------------------------------------------------------------------------------------------------------------------------------------------------------------------------------------------------------------------------------------------------------------------------------------------------------------------------------------------------------------------------------------------------------------------------------------------------------------------------------------------------------------------------------------+
; Signal Integrity Metrics (Slow 1200mv 0c Model)                                                                                                                                                                                                                                                                                                                                                                                                                                                                                                                                                                                                                                            ;
+---------------+--------------+---------------------+---------------------+------------------------------+------------------------------+---------------------+---------------------+--------------------------------------+--------------------------------------+-----------------------------+-----------------------------+----------------------------+----------------------------+-----------------------------+-----------------------------+--------------------+--------------------+-------------------------------------+-------------------------------------+----------------------------+----------------------------+---------------------------+---------------------------+
; Pin           ; I/O Standard ; Board Delay on Rise ; Board Delay on Fall ; Steady State Voh at FPGA Pin ; Steady State Vol at FPGA Pin ; Voh Max at FPGA Pin ; Vol Min at FPGA Pin ; Ringback Voltage on Rise at FPGA Pin ; Ringback Voltage on Fall at FPGA Pin ; 10-90 Rise Time at FPGA Pin ; 90-10 Fall Time at FPGA Pin ; Monotonic Rise at FPGA Pin ; Monotonic Fall at FPGA Pin ; Steady State Voh at Far-end ; Steady State Vol at Far-end ; Voh Max at Far-end ; Vol Min at Far-end ; Ringback Voltage on Rise at Far-end ; Ringback Voltage on Fall at Far-end ; 10-90 Rise Time at Far-end ; 90-10 Fall Time at Far-end ; Monotonic Rise at Far-end ; Monotonic Fall at Far-end ;
+---------------+--------------+---------------------+---------------------+------------------------------+------------------------------+---------------------+---------------------+--------------------------------------+--------------------------------------+-----------------------------+-----------------------------+----------------------------+----------------------------+-----------------------------+-----------------------------+--------------------+--------------------+-------------------------------------+-------------------------------------+----------------------------+----------------------------+---------------------------+---------------------------+
; out_valid     ; 2.5 V        ; 0 s                 ; 0 s                 ; 2.32 V                       ; 4.44e-09 V                   ; 2.38 V              ; -0.0145 V           ; 0.169 V                              ; 0.026 V                              ; 4.83e-10 s                  ; 4.71e-10 s                  ; Yes                        ; Yes                        ; 2.32 V                      ; 4.44e-09 V                  ; 2.38 V             ; -0.0145 V          ; 0.169 V                             ; 0.026 V                             ; 4.83e-10 s                 ; 4.71e-10 s                 ; Yes                       ; Yes                       ;
; d[0]          ; 2.5 V        ; 0 s                 ; 0 s                 ; 2.32 V                       ; 5.95e-09 V                   ; 2.38 V              ; -0.016 V            ; 0.22 V                               ; 0.025 V                              ; 3.06e-10 s                  ; 3.3e-10 s                   ; Yes                        ; Yes                        ; 2.32 V                      ; 5.95e-09 V                  ; 2.38 V             ; -0.016 V           ; 0.22 V                              ; 0.025 V                             ; 3.06e-10 s                 ; 3.3e-10 s                  ; Yes                       ; Yes                       ;
; d[1]          ; 2.5 V        ; 0 s                 ; 0 s                 ; 2.32 V                       ; 5.95e-09 V                   ; 2.38 V              ; -0.016 V            ; 0.22 V                               ; 0.025 V                              ; 3.06e-10 s                  ; 3.3e-10 s                   ; Yes                        ; Yes                        ; 2.32 V                      ; 5.95e-09 V                  ; 2.38 V             ; -0.016 V           ; 0.22 V                              ; 0.025 V                             ; 3.06e-10 s                 ; 3.3e-10 s                  ; Yes                       ; Yes                       ;
; d[2]          ; 2.5 V        ; 0 s                 ; 0 s                 ; 2.32 V                       ; 5.95e-09 V                   ; 2.38 V              ; -0.016 V            ; 0.22 V                               ; 0.025 V                              ; 3.06e-10 s                  ; 3.3e-10 s                   ; Yes                        ; Yes                        ; 2.32 V                      ; 5.95e-09 V                  ; 2.38 V             ; -0.016 V           ; 0.22 V                              ; 0.025 V                             ; 3.06e-10 s                 ; 3.3e-10 s                  ; Yes                       ; Yes                       ;
; d[3]          ; 2.5 V        ; 0 s                 ; 0 s                 ; 2.32 V                       ; 5.95e-09 V                   ; 2.38 V              ; -0.016 V            ; 0.22 V                               ; 0.025 V                              ; 3.06e-10 s                  ; 3.3e-10 s                   ; Yes                        ; Yes                        ; 2.32 V                      ; 5.95e-09 V                  ; 2.38 V             ; -0.016 V           ; 0.22 V                              ; 0.025 V                             ; 3.06e-10 s                 ; 3.3e-10 s                  ; Yes                       ; Yes                       ;
; d[4]          ; 2.5 V        ; 0 s                 ; 0 s                 ; 2.32 V                       ; 4.44e-09 V                   ; 2.38 V              ; -0.0145 V           ; 0.169 V                              ; 0.026 V                              ; 4.83e-10 s                  ; 4.71e-10 s                  ; Yes                        ; Yes                        ; 2.32 V                      ; 4.44e-09 V                  ; 2.38 V             ; -0.0145 V          ; 0.169 V                             ; 0.026 V                             ; 4.83e-10 s                 ; 4.71e-10 s                 ; Yes                       ; Yes                       ;
; d[5]          ; 2.5 V        ; 0 s                 ; 0 s                 ; 2.32 V                       ; 5.95e-09 V                   ; 2.38 V              ; -0.016 V            ; 0.22 V                               ; 0.025 V                              ; 3.06e-10 s                  ; 3.3e-10 s                   ; Yes                        ; Yes                        ; 2.32 V                      ; 5.95e-09 V                  ; 2.38 V             ; -0.016 V           ; 0.22 V                              ; 0.025 V                             ; 3.06e-10 s                 ; 3.3e-10 s                  ; Yes                       ; Yes                       ;
; d[6]          ; 2.5 V        ; 0 s                 ; 0 s                 ; 2.32 V                       ; 4.44e-09 V                   ; 2.38 V              ; -0.0145 V           ; 0.169 V                              ; 0.026 V                              ; 4.83e-10 s                  ; 4.71e-10 s                  ; Yes                        ; Yes                        ; 2.32 V                      ; 4.44e-09 V                  ; 2.38 V             ; -0.0145 V          ; 0.169 V                             ; 0.026 V                             ; 4.83e-10 s                 ; 4.71e-10 s                 ; Yes                       ; Yes                       ;
; d[7]          ; 2.5 V        ; 0 s                 ; 0 s                 ; 2.32 V                       ; 5.95e-09 V                   ; 2.38 V              ; -0.016 V            ; 0.22 V                               ; 0.025 V                              ; 3.06e-10 s                  ; 3.3e-10 s                   ; Yes                        ; Yes                        ; 2.32 V                      ; 5.95e-09 V                  ; 2.38 V             ; -0.016 V           ; 0.22 V                              ; 0.025 V                             ; 3.06e-10 s                 ; 3.3e-10 s                  ; Yes                       ; Yes                       ;
; d[8]          ; 2.5 V        ; 0 s                 ; 0 s                 ; 2.32 V                       ; 4.44e-09 V                   ; 2.38 V              ; -0.0145 V           ; 0.169 V                              ; 0.026 V                              ; 4.83e-10 s                  ; 4.71e-10 s                  ; Yes                        ; Yes                        ; 2.32 V                      ; 4.44e-09 V                  ; 2.38 V             ; -0.0145 V          ; 0.169 V                             ; 0.026 V                             ; 4.83e-10 s                 ; 4.71e-10 s                 ; Yes                       ; Yes                       ;
; d[9]          ; 2.5 V        ; 0 s                 ; 0 s                 ; 2.32 V                       ; 5.95e-09 V                   ; 2.38 V              ; -0.016 V            ; 0.22 V                               ; 0.025 V                              ; 3.06e-10 s                  ; 3.3e-10 s                   ; Yes                        ; Yes                        ; 2.32 V                      ; 5.95e-09 V                  ; 2.38 V             ; -0.016 V           ; 0.22 V                              ; 0.025 V                             ; 3.06e-10 s                 ; 3.3e-10 s                  ; Yes                       ; Yes                       ;
; d[10]         ; 2.5 V        ; 0 s                 ; 0 s                 ; 2.32 V                       ; 4.44e-09 V                   ; 2.33 V              ; -0.00624 V          ; 0.185 V                              ; 0.097 V                              ; 2.82e-09 s                  ; 2.56e-09 s                  ; No                         ; Yes                        ; 2.32 V                      ; 4.44e-09 V                  ; 2.33 V             ; -0.00624 V         ; 0.185 V                             ; 0.097 V                             ; 2.82e-09 s                 ; 2.56e-09 s                 ; No                        ; Yes                       ;
; d[11]         ; 2.5 V        ; 0 s                 ; 0 s                 ; 2.32 V                       ; 4.44e-09 V                   ; 2.38 V              ; -0.0145 V           ; 0.169 V                              ; 0.026 V                              ; 4.83e-10 s                  ; 4.71e-10 s                  ; Yes                        ; Yes                        ; 2.32 V                      ; 4.44e-09 V                  ; 2.38 V             ; -0.0145 V          ; 0.169 V                             ; 0.026 V                             ; 4.83e-10 s                 ; 4.71e-10 s                 ; Yes                       ; Yes                       ;
; d[12]         ; 2.5 V        ; 0 s                 ; 0 s                 ; 2.32 V                       ; 5.95e-09 V                   ; 2.38 V              ; -0.016 V            ; 0.22 V                               ; 0.025 V                              ; 3.06e-10 s                  ; 3.3e-10 s                   ; Yes                        ; Yes                        ; 2.32 V                      ; 5.95e-09 V                  ; 2.38 V             ; -0.016 V           ; 0.22 V                              ; 0.025 V                             ; 3.06e-10 s                 ; 3.3e-10 s                  ; Yes                       ; Yes                       ;
; d[13]         ; 2.5 V        ; 0 s                 ; 0 s                 ; 2.32 V                       ; 5.95e-09 V                   ; 2.38 V              ; -0.016 V            ; 0.22 V                               ; 0.025 V                              ; 3.06e-10 s                  ; 3.3e-10 s                   ; Yes                        ; Yes                        ; 2.32 V                      ; 5.95e-09 V                  ; 2.38 V             ; -0.016 V           ; 0.22 V                              ; 0.025 V                             ; 3.06e-10 s                 ; 3.3e-10 s                  ; Yes                       ; Yes                       ;
; d[14]         ; 2.5 V        ; 0 s                 ; 0 s                 ; 2.32 V                       ; 5.95e-09 V                   ; 2.38 V              ; -0.016 V            ; 0.22 V                               ; 0.025 V                              ; 3.06e-10 s                  ; 3.3e-10 s                   ; Yes                        ; Yes                        ; 2.32 V                      ; 5.95e-09 V                  ; 2.38 V             ; -0.016 V           ; 0.22 V                              ; 0.025 V                             ; 3.06e-10 s                 ; 3.3e-10 s                  ; Yes                       ; Yes                       ;
; d[15]         ; 2.5 V        ; 0 s                 ; 0 s                 ; 2.32 V                       ; 5.95e-09 V                   ; 2.38 V              ; -0.016 V            ; 0.22 V                               ; 0.025 V                              ; 3.06e-10 s                  ; 3.3e-10 s                   ; Yes                        ; Yes                        ; 2.32 V                      ; 5.95e-09 V                  ; 2.38 V             ; -0.016 V           ; 0.22 V                              ; 0.025 V                             ; 3.06e-10 s                 ; 3.3e-10 s                  ; Yes                       ; Yes                       ;
; d[16]         ; 2.5 V        ; 0 s                 ; 0 s                 ; 2.32 V                       ; 5.95e-09 V                   ; 2.38 V              ; -0.016 V            ; 0.22 V                               ; 0.025 V                              ; 3.06e-10 s                  ; 3.3e-10 s                   ; Yes                        ; Yes                        ; 2.32 V                      ; 5.95e-09 V                  ; 2.38 V             ; -0.016 V           ; 0.22 V                              ; 0.025 V                             ; 3.06e-10 s                 ; 3.3e-10 s                  ; Yes                       ; Yes                       ;
; d[17]         ; 2.5 V        ; 0 s                 ; 0 s                 ; 2.32 V                       ; 5.95e-09 V                   ; 2.38 V              ; -0.016 V            ; 0.22 V                               ; 0.025 V                              ; 3.06e-10 s                  ; 3.3e-10 s                   ; Yes                        ; Yes                        ; 2.32 V                      ; 5.95e-09 V                  ; 2.38 V             ; -0.016 V           ; 0.22 V                              ; 0.025 V                             ; 3.06e-10 s                 ; 3.3e-10 s                  ; Yes                       ; Yes                       ;
; d[18]         ; 2.5 V        ; 0 s                 ; 0 s                 ; 2.32 V                       ; 5.95e-09 V                   ; 2.38 V              ; -0.016 V            ; 0.22 V                               ; 0.025 V                              ; 3.06e-10 s                  ; 3.3e-10 s                   ; Yes                        ; Yes                        ; 2.32 V                      ; 5.95e-09 V                  ; 2.38 V             ; -0.016 V           ; 0.22 V                              ; 0.025 V                             ; 3.06e-10 s                 ; 3.3e-10 s                  ; Yes                       ; Yes                       ;
; d[19]         ; 2.5 V        ; 0 s                 ; 0 s                 ; 2.32 V                       ; 4.44e-09 V                   ; 2.38 V              ; -0.0145 V           ; 0.169 V                              ; 0.026 V                              ; 4.83e-10 s                  ; 4.71e-10 s                  ; Yes                        ; Yes                        ; 2.32 V                      ; 4.44e-09 V                  ; 2.38 V             ; -0.0145 V          ; 0.169 V                             ; 0.026 V                             ; 4.83e-10 s                 ; 4.71e-10 s                 ; Yes                       ; Yes                       ;
; d[20]         ; 2.5 V        ; 0 s                 ; 0 s                 ; 2.32 V                       ; 5.95e-09 V                   ; 2.33 V              ; -0.00616 V          ; 0.191 V                              ; 0.099 V                              ; 2.83e-09 s                  ; 2.56e-09 s                  ; No                         ; Yes                        ; 2.32 V                      ; 5.95e-09 V                  ; 2.33 V             ; -0.00616 V         ; 0.191 V                             ; 0.099 V                             ; 2.83e-09 s                 ; 2.56e-09 s                 ; No                        ; Yes                       ;
; d[21]         ; 2.5 V        ; 0 s                 ; 0 s                 ; 2.32 V                       ; 4.44e-09 V                   ; 2.38 V              ; -0.0145 V           ; 0.169 V                              ; 0.026 V                              ; 4.83e-10 s                  ; 4.71e-10 s                  ; Yes                        ; Yes                        ; 2.32 V                      ; 4.44e-09 V                  ; 2.38 V             ; -0.0145 V          ; 0.169 V                             ; 0.026 V                             ; 4.83e-10 s                 ; 4.71e-10 s                 ; Yes                       ; Yes                       ;
; d[22]         ; 2.5 V        ; 0 s                 ; 0 s                 ; 2.32 V                       ; 4.44e-09 V                   ; 2.33 V              ; -0.00624 V          ; 0.185 V                              ; 0.097 V                              ; 2.82e-09 s                  ; 2.56e-09 s                  ; No                         ; Yes                        ; 2.32 V                      ; 4.44e-09 V                  ; 2.33 V             ; -0.00624 V         ; 0.185 V                             ; 0.097 V                             ; 2.82e-09 s                 ; 2.56e-09 s                 ; No                        ; Yes                       ;
; d[23]         ; 2.5 V        ; 0 s                 ; 0 s                 ; 2.32 V                       ; 4.44e-09 V                   ; 2.39 V              ; -0.0265 V           ; 0.2 V                                ; 0.033 V                              ; 2.94e-10 s                  ; 3.12e-10 s                  ; Yes                        ; Yes                        ; 2.32 V                      ; 4.44e-09 V                  ; 2.39 V             ; -0.0265 V          ; 0.2 V                               ; 0.033 V                             ; 2.94e-10 s                 ; 3.12e-10 s                 ; Yes                       ; Yes                       ;
; d[24]         ; 2.5 V        ; 0 s                 ; 0 s                 ; 2.32 V                       ; 5.95e-09 V                   ; 2.38 V              ; -0.016 V            ; 0.22 V                               ; 0.025 V                              ; 3.06e-10 s                  ; 3.3e-10 s                   ; Yes                        ; Yes                        ; 2.32 V                      ; 5.95e-09 V                  ; 2.38 V             ; -0.016 V           ; 0.22 V                              ; 0.025 V                             ; 3.06e-10 s                 ; 3.3e-10 s                  ; Yes                       ; Yes                       ;
; d[25]         ; 2.5 V        ; 0 s                 ; 0 s                 ; 2.32 V                       ; 5.95e-09 V                   ; 2.33 V              ; -0.00616 V          ; 0.191 V                              ; 0.099 V                              ; 2.83e-09 s                  ; 2.56e-09 s                  ; No                         ; Yes                        ; 2.32 V                      ; 5.95e-09 V                  ; 2.33 V             ; -0.00616 V         ; 0.191 V                             ; 0.099 V                             ; 2.83e-09 s                 ; 2.56e-09 s                 ; No                        ; Yes                       ;
; d[26]         ; 2.5 V        ; 0 s                 ; 0 s                 ; 2.32 V                       ; 5.95e-09 V                   ; 2.38 V              ; -0.016 V            ; 0.22 V                               ; 0.025 V                              ; 3.06e-10 s                  ; 3.3e-10 s                   ; Yes                        ; Yes                        ; 2.32 V                      ; 5.95e-09 V                  ; 2.38 V             ; -0.016 V           ; 0.22 V                              ; 0.025 V                             ; 3.06e-10 s                 ; 3.3e-10 s                  ; Yes                       ; Yes                       ;
; d[27]         ; 2.5 V        ; 0 s                 ; 0 s                 ; 2.32 V                       ; 4.44e-09 V                   ; 2.38 V              ; -0.0145 V           ; 0.169 V                              ; 0.026 V                              ; 4.83e-10 s                  ; 4.71e-10 s                  ; Yes                        ; Yes                        ; 2.32 V                      ; 4.44e-09 V                  ; 2.38 V             ; -0.0145 V          ; 0.169 V                             ; 0.026 V                             ; 4.83e-10 s                 ; 4.71e-10 s                 ; Yes                       ; Yes                       ;
; d[28]         ; 2.5 V        ; 0 s                 ; 0 s                 ; 2.32 V                       ; 5.95e-09 V                   ; 2.38 V              ; -0.016 V            ; 0.22 V                               ; 0.025 V                              ; 3.06e-10 s                  ; 3.3e-10 s                   ; Yes                        ; Yes                        ; 2.32 V                      ; 5.95e-09 V                  ; 2.38 V             ; -0.016 V           ; 0.22 V                              ; 0.025 V                             ; 3.06e-10 s                 ; 3.3e-10 s                  ; Yes                       ; Yes                       ;
; d[29]         ; 2.5 V        ; 0 s                 ; 0 s                 ; 2.32 V                       ; 4.44e-09 V                   ; 2.38 V              ; -0.0145 V           ; 0.169 V                              ; 0.026 V                              ; 4.83e-10 s                  ; 4.71e-10 s                  ; Yes                        ; Yes                        ; 2.32 V                      ; 4.44e-09 V                  ; 2.38 V             ; -0.0145 V          ; 0.169 V                             ; 0.026 V                             ; 4.83e-10 s                 ; 4.71e-10 s                 ; Yes                       ; Yes                       ;
; d[30]         ; 2.5 V        ; 0 s                 ; 0 s                 ; 2.32 V                       ; 5.95e-09 V                   ; 2.38 V              ; -0.016 V            ; 0.22 V                               ; 0.025 V                              ; 3.06e-10 s                  ; 3.3e-10 s                   ; Yes                        ; Yes                        ; 2.32 V                      ; 5.95e-09 V                  ; 2.38 V             ; -0.016 V           ; 0.22 V                              ; 0.025 V                             ; 3.06e-10 s                 ; 3.3e-10 s                  ; Yes                       ; Yes                       ;
; d[31]         ; 2.5 V        ; 0 s                 ; 0 s                 ; 2.32 V                       ; 5.95e-09 V                   ; 2.38 V              ; -0.016 V            ; 0.22 V                               ; 0.025 V                              ; 3.06e-10 s                  ; 3.3e-10 s                   ; Yes                        ; Yes                        ; 2.32 V                      ; 5.95e-09 V                  ; 2.38 V             ; -0.016 V           ; 0.22 V                              ; 0.025 V                             ; 3.06e-10 s                 ; 3.3e-10 s                  ; Yes                       ; Yes                       ;
; flags[0]      ; 2.5 V        ; 0 s                 ; 0 s                 ; 2.32 V                       ; 5.95e-09 V                   ; 2.38 V              ; -0.016 V            ; 0.22 V                               ; 0.025 V                              ; 3.06e-10 s                  ; 3.3e-10 s                   ; Yes                        ; Yes                        ; 2.32 V                      ; 5.95e-09 V                  ; 2.38 V             ; -0.016 V           ; 0.22 V                              ; 0.025 V                             ; 3.06e-10 s                 ; 3.3e-10 s                  ; Yes                       ; Yes                       ;
; flags[1]      ; 2.5 V        ; 0 s                 ; 0 s                 ; 2.32 V                       ; 5.95e-09 V                   ; 2.38 V              ; -0.016 V            ; 0.22 V                               ; 0.025 V                              ; 3.06e-10 s                  ; 3.3e-10 s                   ; Yes                        ; Yes                        ; 2.32 V                      ; 5.95e-09 V                  ; 2.38 V             ; -0.016 V           ; 0.22 V                              ; 0.025 V                             ; 3.06e-10 s                 ; 3.3e-10 s                  ; Yes                       ; Yes                       ;
; flags[2]      ; 2.5 V        ; 0 s                 ; 0 s                 ; 2.32 V                       ; 5.95e-09 V                   ; 2.38 V              ; -0.016 V            ; 0.22 V                               ; 0.025 V                              ; 3.06e-10 s                  ; 3.3e-10 s                   ; Yes                        ; Yes                        ; 2.32 V                      ; 5.95e-09 V                  ; 2.38 V             ; -0.016 V           ; 0.22 V                              ; 0.025 V                             ; 3.06e-10 s                 ; 3.3e-10 s                  ; Yes                       ; Yes                       ;
; flags[3]      ; 2.5 V        ; 0 s                 ; 0 s                 ; 2.32 V                       ; 4.44e-09 V                   ; 2.38 V              ; -0.0145 V           ; 0.169 V                              ; 0.026 V                              ; 4.83e-10 s                  ; 4.71e-10 s                  ; Yes                        ; Yes                        ; 2.32 V                      ; 4.44e-09 V                  ; 2.38 V             ; -0.0145 V          ; 0.169 V                             ; 0.026 V                             ; 4.83e-10 s                 ; 4.71e-10 s                 ; Yes                       ; Yes                       ;
; flags[4]      ; 2.5 V        ; 0 s                 ; 0 s                 ; 2.32 V                       ; 4.44e-09 V                   ; 2.33 V              ; -0.00624 V          ; 0.185 V                              ; 0.097 V                              ; 2.82e-09 s                  ; 2.56e-09 s                  ; No                         ; Yes                        ; 2.32 V                      ; 4.44e-09 V                  ; 2.33 V             ; -0.00624 V         ; 0.185 V                             ; 0.097 V                             ; 2.82e-09 s                 ; 2.56e-09 s                 ; No                        ; Yes                       ;
; ~ALTERA_DCLK~ ; 2.5 V        ; 0 s                 ; 0 s                 ; 2.32 V                       ; 3.45e-09 V                   ; 2.38 V              ; -0.0609 V           ; 0.148 V                              ; 0.095 V                              ; 2.82e-10 s                  ; 2.59e-10 s                  ; Yes                        ; Yes                        ; 2.32 V                      ; 3.45e-09 V                  ; 2.38 V             ; -0.0609 V          ; 0.148 V                             ; 0.095 V                             ; 2.82e-10 s                 ; 2.59e-10 s                 ; Yes                       ; Yes                       ;
; ~ALTERA_nCEO~ ; 2.5 V        ; 0 s                 ; 0 s                 ; 2.32 V                       ; 5.61e-09 V                   ; 2.38 V              ; -0.00274 V          ; 0.141 V                              ; 0.006 V                              ; 4.7e-10 s                   ; 6.02e-10 s                  ; Yes                        ; Yes                        ; 2.32 V                      ; 5.61e-09 V                  ; 2.38 V             ; -0.00274 V         ; 0.141 V                             ; 0.006 V                             ; 4.7e-10 s                  ; 6.02e-10 s                 ; Yes                       ; Yes                       ;
+---------------+--------------+---------------------+---------------------+------------------------------+------------------------------+---------------------+---------------------+--------------------------------------+--------------------------------------+-----------------------------+-----------------------------+----------------------------+----------------------------+-----------------------------+-----------------------------+--------------------+--------------------+-------------------------------------+-------------------------------------+----------------------------+----------------------------+---------------------------+---------------------------+


+--------------------------------------------------------------------------------------------------------------------------------------------------------------------------------------------------------------------------------------------------------------------------------------------------------------------------------------------------------------------------------------------------------------------------------------------------------------------------------------------------------------------------------------------------------------------------------------------------------------------------------------------------------------------------------------------+
; Signal Integrity Metrics (Slow 1200mv 85c Model)                                                                                                                                                                                                                                                                                                                                                                                                                                                                                                                                                                                                                                           ;
+---------------+--------------+---------------------+---------------------+------------------------------+------------------------------+---------------------+---------------------+--------------------------------------+--------------------------------------+-----------------------------+-----------------------------+----------------------------+----------------------------+-----------------------------+-----------------------------+--------------------+--------------------+-------------------------------------+-------------------------------------+----------------------------+----------------------------+---------------------------+---------------------------+
; Pin           ; I/O Standard ; Board Delay on Rise ; Board Delay on Fall ; Steady State Voh at FPGA Pin ; Steady State Vol at FPGA Pin ; Voh Max at FPGA Pin ; Vol Min at FPGA Pin ; Ringback Voltage on Rise at FPGA Pin ; Ringback Voltage on Fall at FPGA Pin ; 10-90 Rise Time at FPGA Pin ; 90-10 Fall Time at FPGA Pin ; Monotonic Rise at FPGA Pin ; Monotonic Fall at FPGA Pin ; Steady State Voh at Far-end ; Steady State Vol at Far-end ; Voh Max at Far-end ; Vol Min at Far-end ; Ringback Voltage on Rise at Far-end ; Ringback Voltage on Fall at Far-end ; 10-90 Rise Time at Far-end ; 90-10 Fall Time at Far-end ; Monotonic Rise at Far-end ; Monotonic Fall at Far-end ;
+---------------+--------------+---------------------+---------------------+------------------------------+------------------------------+---------------------+---------------------+--------------------------------------+--------------------------------------+-----------------------------+-----------------------------+----------------------------+----------------------------+-----------------------------+-----------------------------+--------------------+--------------------+-------------------------------------+-------------------------------------+----------------------------+----------------------------+---------------------------+---------------------------+
; out_valid     ; 2.5 V        ; 0 s                 ; 0 s                 ; 2.32 V                       ; 7.16e-07 V                   ; 2.35 V              ; -0.00832 V          ; 0.101 V                              ; 0.024 V                              ; 6.39e-10 s                  ; 6e-10 s                     ; Yes                        ; Yes                        ; 2.32 V                      ; 7.16e-07 V                  ; 2.35 V             ; -0.00832 V         ; 0.101 V                             ; 0.024 V                             ; 6.39e-10 s                 ; 6e-10 s                    ; Yes                       ; Yes                       ;
; d[0]          ; 2.5 V        ; 0 s                 ; 0 s                 ; 2.32 V                       ; 1.06e-06 V                   ; 2.36 V              ; -0.00724 V          ; 0.107 V                              ; 0.02 V                               ; 4.5e-10 s                   ; 4.25e-10 s                  ; Yes                        ; Yes                        ; 2.32 V                      ; 1.06e-06 V                  ; 2.36 V             ; -0.00724 V         ; 0.107 V                             ; 0.02 V                              ; 4.5e-10 s                  ; 4.25e-10 s                 ; Yes                       ; Yes                       ;
; d[1]          ; 2.5 V        ; 0 s                 ; 0 s                 ; 2.32 V                       ; 1.06e-06 V                   ; 2.36 V              ; -0.00724 V          ; 0.107 V                              ; 0.02 V                               ; 4.5e-10 s                   ; 4.25e-10 s                  ; Yes                        ; Yes                        ; 2.32 V                      ; 1.06e-06 V                  ; 2.36 V             ; -0.00724 V         ; 0.107 V                             ; 0.02 V                              ; 4.5e-10 s                  ; 4.25e-10 s                 ; Yes                       ; Yes                       ;
; d[2]          ; 2.5 V        ; 0 s                 ; 0 s                 ; 2.32 V                       ; 1.06e-06 V                   ; 2.36 V              ; -0.00724 V          ; 0.107 V                              ; 0.02 V                               ; 4.5e-10 s                   ; 4.25e-10 s                  ; Yes                        ; Yes                        ; 2.32 V                      ; 1.06e-06 V                  ; 2.36 V             ; -0.00724 V         ; 0.107 V                             ; 0.02 V                              ; 4.5e-10 s                  ; 4.25e-10 s                 ; Yes                       ; Yes                       ;
; d[3]          ; 2.5 V        ; 0 s                 ; 0 s                 ; 2.32 V                       ; 1.06e-06 V                   ; 2.36 V              ; -0.00724 V          ; 0.107 V                              ; 0.02 V                               ; 4.5e-10 s                   ; 4.25e-10 s                  ; Yes                        ; Yes                        ; 2.32 V                      ; 1.06e-06 V                  ; 2.36 V             ; -0.00724 V         ; 0.107 V                             ; 0.02 V                              ; 4.5e-10 s                  ; 4.25e-10 s                 ; Yes                       ; Yes                       ;
; d[4]          ; 2.5 V        ; 0 s                 ; 0 s                 ; 2.32 V                       ; 7.16e-07 V                   ; 2.35 V              ; -0.00832 V          ; 0.101 V                              ; 0.024 V                              ; 6.39e-10 s                  ; 6e-10 s                     ; Yes                        ; Yes                        ; 2.32 V                      ; 7.16e-07 V                  ; 2.35 V             ; -0.00832 V         ; 0.101 V                             ; 0.024 V                             ; 6.39e-10 s                 ; 6e-10 s                    ; Yes                       ; Yes                       ;
; d[5]          ; 2.5 V        ; 0 s                 ; 0 s                 ; 2.32 V                       ; 1.06e-06 V                   ; 2.36 V              ; -0.00724 V          ; 0.107 V                              ; 0.02 V                               ; 4.5e-10 s                   ; 4.25e-10 s                  ; Yes                        ; Yes                        ; 2.32 V                      ; 1.06e-06 V                  ; 2.36 V             ; -0.00724 V         ; 0.107 V                             ; 0.02 V                              ; 4.5e-10 s                  ; 4.25e-10 s                 ; Yes                       ; Yes                       ;
; d[6]          ; 2.5 V        ; 0 s                 ; 0 s                 ; 2.32 V                       ; 7.16e-07 V                   ; 2.35 V              ; -0.00832 V          ; 0.101 V                              ; 0.024 V                              ; 6.39e-10 s                  ; 6e-10 s                     ; Yes                        ; Yes                        ; 2.32 V                      ; 7.16e-07 V                  ; 2.35 V             ; -0.00832 V         ; 0.101 V                             ; 0.024 V                             ; 6.39e-10 s                 ; 6e-10 s                    ; Yes                       ; Yes                       ;
; d[7]          ; 2.5 V        ; 0 s                 ; 0 s                 ; 2.32 V                       ; 1.06e-06 V                   ; 2.36 V              ; -0.00724 V          ; 0.107 V                              ; 0.02 V                               ; 4.5e-10 s                   ; 4.25e-10 s                  ; Yes                        ; Yes                        ; 2.32 V                      ; 1.06e-06 V                  ; 2.36 V             ; -0.00724 V         ; 0.107 V                             ; 0.02 V                              ; 4.5e-10 s                  ; 4.25e-10 s                 ; Yes                       ; Yes                       ;
; d[8]          ; 2.5 V        ; 0 s                 ; 0 s                 ; 2.32 V                       ; 7.16e-07 V                   ; 2.35 V              ; -0.00832 V          ; 0.101 V                              ; 0.024 V                              ; 6.39e-10 s                  ; 6e-10 s                     ; Yes                        ; Yes                        ; 2.32 V                      ; 7.16e-07 V                  ; 2.35 V             ; -0.00832 V         ; 0.101 V                             ; 0.024 V                             ; 6.39e-10 s                 ; 6e-10 s                    ; Yes                       ; Yes                       ;
; d[9]          ; 2.5 V        ; 0 s                 ; 0 s                 ; 2.32 V                       ; 1.06e-06 V                   ; 2.36 V              ; -0.00724 V          ; 0.107 V                              ; 0.02 V                               ; 4.5e-10 s                   ; 4.25e-10 s                  ; Yes                        ; Yes                        ; 2.32 V                      ; 1.06e-06 V                  ; 2.36 V             ; -0.00724 V         ; 0.107 V                             ; 0.02 V                              ; 4.5e-10 s                  ; 4.25e-10 s                 ; Yes                       ; Yes                       ;
; d[10]         ; 2.5 V        ; 0 s                 ; 0 s                 ; 2.32 V                       ; 7.16e-07 V                   ; 2.33 V              ; -0.00349 V          ; 0.163 V                              ; 0.074 V                              ; 3.33e-09 s                  ; 3.14e-09 s                  ; Yes                        ; Yes                        ; 2.32 V                      ; 7.16e-07 V                  ; 2.33 V             ; -0.00349 V         ; 0.163 V                             ; 0.074 V                             ; 3.33e-09 s                 ; 3.14e-09 s                 ; Yes                       ; Yes                       ;
; d[11]         ; 2.5 V        ; 0 s                 ; 0 s                 ; 2.32 V                       ; 7.16e-07 V                   ; 2.35 V              ; -0.00832 V          ; 0.101 V                              ; 0.024 V                              ; 6.39e-10 s                  ; 6e-10 s                     ; Yes                        ; Yes                        ; 2.32 V                      ; 7.16e-07 V                  ; 2.35 V             ; -0.00832 V         ; 0.101 V                             ; 0.024 V                             ; 6.39e-10 s                 ; 6e-10 s                    ; Yes                       ; Yes                       ;
; d[12]         ; 2.5 V        ; 0 s                 ; 0 s                 ; 2.32 V                       ; 1.06e-06 V                   ; 2.36 V              ; -0.00724 V          ; 0.107 V                              ; 0.02 V                               ; 4.5e-10 s                   ; 4.25e-10 s                  ; Yes                        ; Yes                        ; 2.32 V                      ; 1.06e-06 V                  ; 2.36 V             ; -0.00724 V         ; 0.107 V                             ; 0.02 V                              ; 4.5e-10 s                  ; 4.25e-10 s                 ; Yes                       ; Yes                       ;
; d[13]         ; 2.5 V        ; 0 s                 ; 0 s                 ; 2.32 V                       ; 1.06e-06 V                   ; 2.36 V              ; -0.00724 V          ; 0.107 V                              ; 0.02 V                               ; 4.5e-10 s                   ; 4.25e-10 s                  ; Yes                        ; Yes                        ; 2.32 V                      ; 1.06e-06 V                  ; 2.36 V             ; -0.00724 V         ; 0.107 V                             ; 0.02 V                              ; 4.5e-10 s                  ; 4.25e-10 s                 ; Yes                       ; Yes                       ;
; d[14]         ; 2.5 V        ; 0 s                 ; 0 s                 ; 2.32 V                       ; 1.06e-06 V                   ; 2.36 V              ; -0.00724 V          ; 0.107 V                              ; 0.02 V                               ; 4.5e-10 s                   ; 4.25e-10 s                  ; Yes                        ; Yes                        ; 2.32 V                      ; 1.06e-06 V                  ; 2.36 V             ; -0.00724 V         ; 0.107 V                             ; 0.02 V                              ; 4.5e-10 s                  ; 4.25e-10 s                 ; Yes                       ; Yes                       ;
; d[15]         ; 2.5 V        ; 0 s                 ; 0 s                 ; 2.32 V                       ; 1.06e-06 V                   ; 2.36 V              ; -0.00724 V          ; 0.107 V                              ; 0.02 V                               ; 4.5e-10 s                   ; 4.25e-10 s                  ; Yes                        ; Yes                        ; 2.32 V                      ; 1.06e-06 V                  ; 2.36 V             ; -0.00724 V         ; 0.107 V                             ; 0.02 V                              ; 4.5e-10 s                  ; 4.25e-10 s                 ; Yes                       ; Yes                       ;
; d[16]         ; 2.5 V        ; 0 s                 ; 0 s                 ; 2.32 V                       ; 1.06e-06 V                   ; 2.36 V              ; -0.00724 V          ; 0.107 V                              ; 0.02 V                               ; 4.5e-10 s                   ; 4.25e-10 s                  ; Yes                        ; Yes                        ; 2.32 V                      ; 1.06e-06 V                  ; 2.36 V             ; -0.00724 V         ; 0.107 V                             ; 0.02 V                              ; 4.5e-10 s                  ; 4.25e-10 s                 ; Yes                       ; Yes                       ;
; d[17]         ; 2.5 V        ; 0 s                 ; 0 s                 ; 2.32 V                       ; 1.06e-06 V                   ; 2.36 V              ; -0.00724 V          ; 0.107 V                              ; 0.02 V                               ; 4.5e-10 s                   ; 4.25e-10 s                  ; Yes                        ; Yes                        ; 2.32 V                      ; 1.06e-06 V                  ; 2.36 V             ; -0.00724 V         ; 0.107 V                             ; 0.02 V                              ; 4.5e-10 s                  ; 4.25e-10 s                 ; Yes                       ; Yes                       ;
; d[18]         ; 2.5 V        ; 0 s                 ; 0 s                 ; 2.32 V                       ; 1.06e-06 V                   ; 2.36 V              ; -0.00724 V          ; 0.107 V                              ; 0.02 V                               ; 4.5e-10 s                   ; 4.25e-10 s                  ; Yes                        ; Yes                        ; 2.32 V                      ; 1.06e-06 V                  ; 2.36 V             ; -0.00724 V         ; 0.107 V                             ; 0.02 V                              ; 4.5e-10 s                  ; 4.25e-10 s                 ; Yes                       ; Yes                       ;
; d[19]         ; 2.5 V        ; 0 s                 ; 0 s                 ; 2.32 V                       ; 7.16e-07 V                   ; 2.35 V              ; -0.00832 V          ; 0.101 V                              ; 0.024 V                              ; 6.39e-10 s                  ; 6e-10 s                     ; Yes                        ; Yes                        ; 2.32 V                      ; 7.16e-07 V                  ; 2.35 V             ; -0.00832 V         ; 0.101 V                             ; 0.024 V                             ; 6.39e-10 s                 ; 6e-10 s                    ; Yes                       ; Yes                       ;
; d[20]         ; 2.5 V        ; 0 s                 ; 0 s                 ; 2.32 V                       ; 1.06e-06 V                   ; 2.33 V              ; -0.00344 V          ; 0.134 V                              ; 0.075 V                              ; 3.33e-09 s                  ; 3.16e-09 s                  ; Yes                        ; Yes                        ; 2.32 V                      ; 1.06e-06 V                  ; 2.33 V             ; -0.00344 V         ; 0.134 V                             ; 0.075 V                             ; 3.33e-09 s                 ; 3.16e-09 s                 ; Yes                       ; Yes                       ;
; d[21]         ; 2.5 V        ; 0 s                 ; 0 s                 ; 2.32 V                       ; 7.16e-07 V                   ; 2.35 V              ; -0.00832 V          ; 0.101 V                              ; 0.024 V                              ; 6.39e-10 s                  ; 6e-10 s                     ; Yes                        ; Yes                        ; 2.32 V                      ; 7.16e-07 V                  ; 2.35 V             ; -0.00832 V         ; 0.101 V                             ; 0.024 V                             ; 6.39e-10 s                 ; 6e-10 s                    ; Yes                       ; Yes                       ;
; d[22]         ; 2.5 V        ; 0 s                 ; 0 s                 ; 2.32 V                       ; 7.16e-07 V                   ; 2.33 V              ; -0.00349 V          ; 0.163 V                              ; 0.074 V                              ; 3.33e-09 s                  ; 3.14e-09 s                  ; Yes                        ; Yes                        ; 2.32 V                      ; 7.16e-07 V                  ; 2.33 V             ; -0.00349 V         ; 0.163 V                             ; 0.074 V                             ; 3.33e-09 s                 ; 3.14e-09 s                 ; Yes                       ; Yes                       ;
; d[23]         ; 2.5 V        ; 0 s                 ; 0 s                 ; 2.32 V                       ; 7.16e-07 V                   ; 2.36 V              ; -0.00476 V          ; 0.096 V                              ; 0.013 V                              ; 4.39e-10 s                  ; 4.15e-10 s                  ; Yes                        ; Yes                        ; 2.32 V                      ; 7.16e-07 V                  ; 2.36 V             ; -0.00476 V         ; 0.096 V                             ; 0.013 V                             ; 4.39e-10 s                 ; 4.15e-10 s                 ; Yes                       ; Yes                       ;
; d[24]         ; 2.5 V        ; 0 s                 ; 0 s                 ; 2.32 V                       ; 1.06e-06 V                   ; 2.36 V              ; -0.00724 V          ; 0.107 V                              ; 0.02 V                               ; 4.5e-10 s                   ; 4.25e-10 s                  ; Yes                        ; Yes                        ; 2.32 V                      ; 1.06e-06 V                  ; 2.36 V             ; -0.00724 V         ; 0.107 V                             ; 0.02 V                              ; 4.5e-10 s                  ; 4.25e-10 s                 ; Yes                       ; Yes                       ;
; d[25]         ; 2.5 V        ; 0 s                 ; 0 s                 ; 2.32 V                       ; 1.06e-06 V                   ; 2.33 V              ; -0.00344 V          ; 0.134 V                              ; 0.075 V                              ; 3.33e-09 s                  ; 3.16e-09 s                  ; Yes                        ; Yes                        ; 2.32 V                      ; 1.06e-06 V                  ; 2.33 V             ; -0.00344 V         ; 0.134 V                             ; 0.075 V                             ; 3.33e-09 s                 ; 3.16e-09 s                 ; Yes                       ; Yes                       ;
; d[26]         ; 2.5 V        ; 0 s                 ; 0 s                 ; 2.32 V                       ; 1.06e-06 V                   ; 2.36 V              ; -0.00724 V          ; 0.107 V                              ; 0.02 V                               ; 4.5e-10 s                   ; 4.25e-10 s                  ; Yes                        ; Yes                        ; 2.32 V                      ; 1.06e-06 V                  ; 2.36 V             ; -0.00724 V         ; 0.107 V                             ; 0.02 V                              ; 4.5e-10 s                  ; 4.25e-10 s                 ; Yes                       ; Yes                       ;
; d[27]         ; 2.5 V        ; 0 s                 ; 0 s                 ; 2.32 V                       ; 7.16e-07 V                   ; 2.35 V              ; -0.00832 V          ; 0.101 V                              ; 0.024 V                              ; 6.39e-10 s                  ; 6e-10 s                     ; Yes                        ; Yes                        ; 2.32 V                      ; 7.16e-07 V                  ; 2.35 V             ; -0.00832 V         ; 0.101 V                             ; 0.024 V                             ; 6.39e-10 s                 ; 6e-10 s                    ; Yes                       ; Yes                       ;
; d[28]         ; 2.5 V        ; 0 s                 ; 0 s                 ; 2.32 V                       ; 1.06e-06 V                   ; 2.36 V              ; -0.00724 V          ; 0.107 V                              ; 0.02 V                               ; 4.5e-10 s                   ; 4.25e-10 s                  ; Yes                        ; Yes                        ; 2.32 V                      ; 1.06e-06 V                  ; 2.36 V             ; -0.00724 V         ; 0.107 V                             ; 0.02 V                              ; 4.5e-10 s                  ; 4.25e-10 s                 ; Yes                       ; Yes                       ;
; d[29]         ; 2.5 V        ; 0 s                 ; 0 s                 ; 2.32 V                       ; 7.16e-07 V                   ; 2.35 V              ; -0.00832 V          ; 0.101 V                              ; 0.024 V                              ; 6.39e-10 s                  ; 6e-10 s                     ; Yes                        ; Yes                        ; 2.32 V                      ; 7.16e-07 V                  ; 2.35 V             ; -0.00832 V         ; 0.101 V                             ; 0.024 V                             ; 6.39e-10 s                 ; 6e-10 s                    ; Yes                       ; Yes                       ;
; d[30]         ; 2.5 V        ; 0 s                 ; 0 s                 ; 2.32 V                       ; 1.06e-06 V                   ; 2.36 V              ; -0.00724 V          ; 0.107 V                              ; 0.02 V                               ; 4.5e-10 s                   ; 4.25e-10 s                  ; Yes                        ; Yes                        ; 2.32 V                      ; 1.06e-06 V                  ; 2.36 V             ; -0.00724 V         ; 0.107 V                             ; 0.02 V                              ; 4.5e-10 s                  ; 4.25e-10 s                 ; Yes                       ; Yes                       ;
; d[31]         ; 2.5 V        ; 0 s                 ; 0 s                 ; 2.32 V                       ; 1.06e-06 V                   ; 2.36 V              ; -0.00724 V          ; 0.107 V                              ; 0.02 V                               ; 4.5e-10 s                   ; 4.25e-10 s                  ; Yes                        ; Yes                        ; 2.32 V                      ; 1.06e-06 V                  ; 2.36 V             ; -0.00724 V         ; 0.107 V                             ; 0.02 V                              ; 4.5e-10 s                  ; 4.25e-10 s                 ; Yes                       ; Yes                       ;
; flags[0]      ; 2.5 V        ; 0 s                 ; 0 s                 ; 2.32 V                       ; 1.06e-06 V                   ; 2.36 V              ; -0.00724 V          ; 0.107 V                              ; 0.02 V                               ; 4.5e-10 s                   ; 4.25e-10 s                  ; Yes                        ; Yes                        ; 2.32 V                      ; 1.06e-06 V                  ; 2.36 V             ; -0.00724 V         ; 0.107 V                             ; 0.02 V                              ; 4.5e-10 s                  ; 4.25e-10 s                 ; Yes                       ; Yes                       ;
; flags[1]      ; 2.5 V        ; 0 s                 ; 0 s                 ; 2.32 V                       ; 1.06e-06 V                   ; 2.36 V              ; -0.00724 V          ; 0.107 V                              ; 0.02 V                               ; 4.5e-10 s                   ; 4.25e-10 s                  ; Yes                        ; Yes                        ; 2.32 V                      ; 1.06e-06 V                  ; 2.36 V             ; -0.00724 V         ; 0.107 V                             ; 0.02 V                              ; 4.5e-10 s                  ; 4.25e-10 s                 ; Yes                       ; Yes                       ;
; flags[2]      ; 2.5 V        ; 0 s                 ; 0 s                 ; 2.32 V                       ; 1.06e-06 V                   ; 2.36 V              ; -0.00724 V          ; 0.107 V                              ; 0.02 V                               ; 4.5e-10 s                   ; 4.25e-10 s                  ; Yes                        ; Yes                        ; 2.32 V                      ; 1.06e-06 V                  ; 2.36 V             ; -0.00724 V         ; 0.107 V                             ; 0.02 V                              ; 4.5e-10 s                  ; 4.25e-10 s                 ; Yes                       ; Yes                       ;
; flags[3]      ; 2.5 V        ; 0 s                 ; 0 s                 ; 2.32 V                       ; 7.16e-07 V                   ; 2.35 V              ; -0.00832 V          ; 0.101 V                              ; 0.024 V                              ; 6.39e-10 s                  ; 6e-10 s                     ; Yes                        ; Yes                        ; 2.32 V                      ; 7.16e-07 V                  ; 2.35 V             ; -0.00832 V         ; 0.101 V                             ; 0.024 V                             ; 6.39e-10 s                 ; 6e-10 s                    ; Yes                       ; Yes                       ;
; flags[4]      ; 2.5 V        ; 0 s                 ; 0 s                 ; 2.32 V                       ; 7.16e-07 V                   ; 2.33 V              ; -0.00349 V          ; 0.163 V                              ; 0.074 V                              ; 3.33e-09 s                  ; 3.14e-09 s                  ; Yes                        ; Yes                        ; 2.32 V                      ; 7.16e-07 V                  ; 2.33 V             ; -0.00349 V         ; 0.163 V                             ; 0.074 V                             ; 3.33e-09 s                 ; 3.14e-09 s                 ; Yes                       ; Yes                       ;
; ~ALTERA_DCLK~ ; 2.5 V        ; 0 s                 ; 0 s                 ; 2.32 V                       ; 5.74e-07 V                   ; 2.36 V              ; -0.0201 V           ; 0.072 V                              ; 0.033 V                              ; 4.04e-10 s                  ; 3.29e-10 s                  ; Yes                        ; Yes                        ; 2.32 V                      ; 5.74e-07 V                  ; 2.36 V             ; -0.0201 V          ; 0.072 V                             ; 0.033 V                             ; 4.04e-10 s                 ; 3.29e-10 s                 ; Yes                       ; Yes                       ;
; ~ALTERA_nCEO~ ; 2.5 V        ; 0 s                 ; 0 s                 ; 2.32 V                       ; 9.45e-07 V                   ; 2.35 V              ; -0.00643 V          ; 0.081 V                              ; 0.031 V                              ; 5.31e-10 s                  ; 7.59e-10 s                  ; Yes                        ; Yes                        ; 2.32 V                      ; 9.45e-07 V                  ; 2.35 V             ; -0.00643 V         ; 0.081 V                             ; 0.031 V                             ; 5.31e-10 s                 ; 7.59e-10 s                 ; Yes                       ; Yes                       ;
+---------------+--------------+---------------------+---------------------+------------------------------+------------------------------+---------------------+---------------------+--------------------------------------+--------------------------------------+-----------------------------+-----------------------------+----------------------------+----------------------------+-----------------------------+-----------------------------+--------------------+--------------------+-------------------------------------+-------------------------------------+----------------------------+----------------------------+---------------------------+---------------------------+


+--------------------------------------------------------------------------------------------------------------------------------------------------------------------------------------------------------------------------------------------------------------------------------------------------------------------------------------------------------------------------------------------------------------------------------------------------------------------------------------------------------------------------------------------------------------------------------------------------------------------------------------------------------------------------------------------+
; Signal Integrity Metrics (Fast 1200mv 0c Model)                                                                                                                                                                                                                                                                                                                                                                                                                                                                                                                                                                                                                                            ;
+---------------+--------------+---------------------+---------------------+------------------------------+------------------------------+---------------------+---------------------+--------------------------------------+--------------------------------------+-----------------------------+-----------------------------+----------------------------+----------------------------+-----------------------------+-----------------------------+--------------------+--------------------+-------------------------------------+-------------------------------------+----------------------------+----------------------------+---------------------------+---------------------------+
; Pin           ; I/O Standard ; Board Delay on Rise ; Board Delay on Fall ; Steady State Voh at FPGA Pin ; Steady State Vol at FPGA Pin ; Voh Max at FPGA Pin ; Vol Min at FPGA Pin ; Ringback Voltage on Rise at FPGA Pin ; Ringback Voltage on Fall at FPGA Pin ; 10-90 Rise Time at FPGA Pin ; 90-10 Fall Time at FPGA Pin ; Monotonic Rise at FPGA Pin ; Monotonic Fall at FPGA Pin ; Steady State Voh at Far-end ; Steady State Vol at Far-end ; Voh Max at Far-end ; Vol Min at Far-end ; Ringback Voltage on Rise at Far-end ; Ringback Voltage on Fall at Far-end ; 10-90 Rise Time at Far-end ; 90-10 Fall Time at Far-end ; Monotonic Rise at Far-end ; Monotonic Fall at Far-end ;
+---------------+--------------+---------------------+---------------------+------------------------------+------------------------------+---------------------+---------------------+--------------------------------------+--------------------------------------+-----------------------------+-----------------------------+----------------------------+----------------------------+-----------------------------+-----------------------------+--------------------+--------------------+-------------------------------------+-------------------------------------+----------------------------+----------------------------+---------------------------+---------------------------+
; out_valid     ; 2.5 V        ; 0 s                 ; 0 s                 ; 2.62 V                       ; 2.74e-08 V                   ; 2.71 V              ; -0.0317 V           ; 0.148 V                              ; 0.064 V                              ; 4.51e-10 s                  ; 4.15e-10 s                  ; No                         ; Yes                        ; 2.62 V                      ; 2.74e-08 V                  ; 2.71 V             ; -0.0317 V          ; 0.148 V                             ; 0.064 V                             ; 4.51e-10 s                 ; 4.15e-10 s                 ; No                        ; Yes                       ;
; d[0]          ; 2.5 V        ; 0 s                 ; 0 s                 ; 2.62 V                       ; 4.05e-08 V                   ; 2.72 V              ; -0.0349 V           ; 0.173 V                              ; 0.1 V                                ; 2.72e-10 s                  ; 2.69e-10 s                  ; Yes                        ; Yes                        ; 2.62 V                      ; 4.05e-08 V                  ; 2.72 V             ; -0.0349 V          ; 0.173 V                             ; 0.1 V                               ; 2.72e-10 s                 ; 2.69e-10 s                 ; Yes                       ; Yes                       ;
; d[1]          ; 2.5 V        ; 0 s                 ; 0 s                 ; 2.62 V                       ; 4.05e-08 V                   ; 2.72 V              ; -0.0349 V           ; 0.173 V                              ; 0.1 V                                ; 2.72e-10 s                  ; 2.69e-10 s                  ; Yes                        ; Yes                        ; 2.62 V                      ; 4.05e-08 V                  ; 2.72 V             ; -0.0349 V          ; 0.173 V                             ; 0.1 V                               ; 2.72e-10 s                 ; 2.69e-10 s                 ; Yes                       ; Yes                       ;
; d[2]          ; 2.5 V        ; 0 s                 ; 0 s                 ; 2.62 V                       ; 4.05e-08 V                   ; 2.72 V              ; -0.0349 V           ; 0.173 V                              ; 0.1 V                                ; 2.72e-10 s                  ; 2.69e-10 s                  ; Yes                        ; Yes                        ; 2.62 V                      ; 4.05e-08 V                  ; 2.72 V             ; -0.0349 V          ; 0.173 V                             ; 0.1 V                               ; 2.72e-10 s                 ; 2.69e-10 s                 ; Yes                       ; Yes                       ;
; d[3]          ; 2.5 V        ; 0 s                 ; 0 s                 ; 2.62 V                       ; 4.05e-08 V                   ; 2.72 V              ; -0.0349 V           ; 0.173 V                              ; 0.1 V                                ; 2.72e-10 s                  ; 2.69e-10 s                  ; Yes                        ; Yes                        ; 2.62 V                      ; 4.05e-08 V                  ; 2.72 V             ; -0.0349 V          ; 0.173 V                             ; 0.1 V                               ; 2.72e-10 s                 ; 2.69e-10 s                 ; Yes                       ; Yes                       ;
; d[4]          ; 2.5 V        ; 0 s                 ; 0 s                 ; 2.62 V                       ; 2.74e-08 V                   ; 2.71 V              ; -0.0317 V           ; 0.148 V                              ; 0.064 V                              ; 4.51e-10 s                  ; 4.15e-10 s                  ; No                         ; Yes                        ; 2.62 V                      ; 2.74e-08 V                  ; 2.71 V             ; -0.0317 V          ; 0.148 V                             ; 0.064 V                             ; 4.51e-10 s                 ; 4.15e-10 s                 ; No                        ; Yes                       ;
; d[5]          ; 2.5 V        ; 0 s                 ; 0 s                 ; 2.62 V                       ; 4.05e-08 V                   ; 2.72 V              ; -0.0349 V           ; 0.173 V                              ; 0.1 V                                ; 2.72e-10 s                  ; 2.69e-10 s                  ; Yes                        ; Yes                        ; 2.62 V                      ; 4.05e-08 V                  ; 2.72 V             ; -0.0349 V          ; 0.173 V                             ; 0.1 V                               ; 2.72e-10 s                 ; 2.69e-10 s                 ; Yes                       ; Yes                       ;
; d[6]          ; 2.5 V        ; 0 s                 ; 0 s                 ; 2.62 V                       ; 2.74e-08 V                   ; 2.71 V              ; -0.0317 V           ; 0.148 V                              ; 0.064 V                              ; 4.51e-10 s                  ; 4.15e-10 s                  ; No                         ; Yes                        ; 2.62 V                      ; 2.74e-08 V                  ; 2.71 V             ; -0.0317 V          ; 0.148 V                             ; 0.064 V                             ; 4.51e-10 s                 ; 4.15e-10 s                 ; No                        ; Yes                       ;
; d[7]          ; 2.5 V        ; 0 s                 ; 0 s                 ; 2.62 V                       ; 4.05e-08 V                   ; 2.72 V              ; -0.0349 V           ; 0.173 V                              ; 0.1 V                                ; 2.72e-10 s                  ; 2.69e-10 s                  ; Yes                        ; Yes                        ; 2.62 V                      ; 4.05e-08 V                  ; 2.72 V             ; -0.0349 V          ; 0.173 V                             ; 0.1 V                               ; 2.72e-10 s                 ; 2.69e-10 s                 ; Yes                       ; Yes                       ;
; d[8]          ; 2.5 V        ; 0 s                 ; 0 s                 ; 2.62 V                       ; 2.74e-08 V                   ; 2.71 V              ; -0.0317 V           ; 0.148 V                              ; 0.064 V                              ; 4.51e-10 s                  ; 4.15e-10 s                  ; No                         ; Yes                        ; 2.62 V                      ; 2.74e-08 V                  ; 2.71 V             ; -0.0317 V          ; 0.148 V                             ; 0.064 V                             ; 4.51e-10 s                 ; 4.15e-10 s                 ; No                        ; Yes                       ;
; d[9]          ; 2.5 V        ; 0 s                 ; 0 s                 ; 2.62 V                       ; 4.05e-08 V                   ; 2.72 V              ; -0.0349 V           ; 0.173 V                              ; 0.1 V                                ; 2.72e-10 s                  ; 2.69e-10 s                  ; Yes                        ; Yes                        ; 2.62 V                      ; 4.05e-08 V                  ; 2.72 V             ; -0.0349 V          ; 0.173 V                             ; 0.1 V                               ; 2.72e-10 s                 ; 2.69e-10 s                 ; Yes                       ; Yes                       ;
; d[10]         ; 2.5 V        ; 0 s                 ; 0 s                 ; 2.62 V                       ; 2.74e-08 V                   ; 2.64 V              ; -0.0117 V           ; 0.202 V                              ; 0.176 V                              ; 2.38e-09 s                  ; 2.22e-09 s                  ; No                         ; Yes                        ; 2.62 V                      ; 2.74e-08 V                  ; 2.64 V             ; -0.0117 V          ; 0.202 V                             ; 0.176 V                             ; 2.38e-09 s                 ; 2.22e-09 s                 ; No                        ; Yes                       ;
; d[11]         ; 2.5 V        ; 0 s                 ; 0 s                 ; 2.62 V                       ; 2.74e-08 V                   ; 2.71 V              ; -0.0317 V           ; 0.148 V                              ; 0.064 V                              ; 4.51e-10 s                  ; 4.15e-10 s                  ; No                         ; Yes                        ; 2.62 V                      ; 2.74e-08 V                  ; 2.71 V             ; -0.0317 V          ; 0.148 V                             ; 0.064 V                             ; 4.51e-10 s                 ; 4.15e-10 s                 ; No                        ; Yes                       ;
; d[12]         ; 2.5 V        ; 0 s                 ; 0 s                 ; 2.62 V                       ; 4.05e-08 V                   ; 2.72 V              ; -0.0349 V           ; 0.173 V                              ; 0.1 V                                ; 2.72e-10 s                  ; 2.69e-10 s                  ; Yes                        ; Yes                        ; 2.62 V                      ; 4.05e-08 V                  ; 2.72 V             ; -0.0349 V          ; 0.173 V                             ; 0.1 V                               ; 2.72e-10 s                 ; 2.69e-10 s                 ; Yes                       ; Yes                       ;
; d[13]         ; 2.5 V        ; 0 s                 ; 0 s                 ; 2.62 V                       ; 4.05e-08 V                   ; 2.72 V              ; -0.0349 V           ; 0.173 V                              ; 0.1 V                                ; 2.72e-10 s                  ; 2.69e-10 s                  ; Yes                        ; Yes                        ; 2.62 V                      ; 4.05e-08 V                  ; 2.72 V             ; -0.0349 V          ; 0.173 V                             ; 0.1 V                               ; 2.72e-10 s                 ; 2.69e-10 s                 ; Yes                       ; Yes                       ;
; d[14]         ; 2.5 V        ; 0 s                 ; 0 s                 ; 2.62 V                       ; 4.05e-08 V                   ; 2.72 V              ; -0.0349 V           ; 0.173 V                              ; 0.1 V                                ; 2.72e-10 s                  ; 2.69e-10 s                  ; Yes                        ; Yes                        ; 2.62 V                      ; 4.05e-08 V                  ; 2.72 V             ; -0.0349 V          ; 0.173 V                             ; 0.1 V                               ; 2.72e-10 s                 ; 2.69e-10 s                 ; Yes                       ; Yes                       ;
; d[15]         ; 2.5 V        ; 0 s                 ; 0 s                 ; 2.62 V                       ; 4.05e-08 V                   ; 2.72 V              ; -0.0349 V           ; 0.173 V                              ; 0.1 V                                ; 2.72e-10 s                  ; 2.69e-10 s                  ; Yes                        ; Yes                        ; 2.62 V                      ; 4.05e-08 V                  ; 2.72 V             ; -0.0349 V          ; 0.173 V                             ; 0.1 V                               ; 2.72e-10 s                 ; 2.69e-10 s                 ; Yes                       ; Yes                       ;
; d[16]         ; 2.5 V        ; 0 s                 ; 0 s                 ; 2.62 V                       ; 4.05e-08 V                   ; 2.72 V              ; -0.0349 V           ; 0.173 V                              ; 0.1 V                                ; 2.72e-10 s                  ; 2.69e-10 s                  ; Yes                        ; Yes                        ; 2.62 V                      ; 4.05e-08 V                  ; 2.72 V             ; -0.0349 V          ; 0.173 V                             ; 0.1 V                               ; 2.72e-10 s                 ; 2.69e-10 s                 ; Yes                       ; Yes                       ;
; d[17]         ; 2.5 V        ; 0 s                 ; 0 s                 ; 2.62 V                       ; 4.05e-08 V                   ; 2.72 V              ; -0.0349 V           ; 0.173 V                              ; 0.1 V                                ; 2.72e-10 s                  ; 2.69e-10 s                  ; Yes                        ; Yes                        ; 2.62 V                      ; 4.05e-08 V                  ; 2.72 V             ; -0.0349 V          ; 0.173 V                             ; 0.1 V                               ; 2.72e-10 s                 ; 2.69e-10 s                 ; Yes                       ; Yes                       ;
; d[18]         ; 2.5 V        ; 0 s                 ; 0 s                 ; 2.62 V                       ; 4.05e-08 V                   ; 2.72 V              ; -0.0349 V           ; 0.173 V                              ; 0.1 V                                ; 2.72e-10 s                  ; 2.69e-10 s                  ; Yes                        ; Yes                        ; 2.62 V                      ; 4.05e-08 V                  ; 2.72 V             ; -0.0349 V          ; 0.173 V                             ; 0.1 V                               ; 2.72e-10 s                 ; 2.69e-10 s                 ; Yes                       ; Yes                       ;
; d[19]         ; 2.5 V        ; 0 s                 ; 0 s                 ; 2.62 V                       ; 2.74e-08 V                   ; 2.71 V              ; -0.0317 V           ; 0.148 V                              ; 0.064 V                              ; 4.51e-10 s                  ; 4.15e-10 s                  ; No                         ; Yes                        ; 2.62 V                      ; 2.74e-08 V                  ; 2.71 V             ; -0.0317 V          ; 0.148 V                             ; 0.064 V                             ; 4.51e-10 s                 ; 4.15e-10 s                 ; No                        ; Yes                       ;
; d[20]         ; 2.5 V        ; 0 s                 ; 0 s                 ; 2.62 V                       ; 4.05e-08 V                   ; 2.64 V              ; -0.0113 V           ; 0.208 V                              ; 0.179 V                              ; 2.38e-09 s                  ; 2.23e-09 s                  ; No                         ; Yes                        ; 2.62 V                      ; 4.05e-08 V                  ; 2.64 V             ; -0.0113 V          ; 0.208 V                             ; 0.179 V                             ; 2.38e-09 s                 ; 2.23e-09 s                 ; No                        ; Yes                       ;
; d[21]         ; 2.5 V        ; 0 s                 ; 0 s                 ; 2.62 V                       ; 2.74e-08 V                   ; 2.71 V              ; -0.0317 V           ; 0.148 V                              ; 0.064 V                              ; 4.51e-10 s                  ; 4.15e-10 s                  ; No                         ; Yes                        ; 2.62 V                      ; 2.74e-08 V                  ; 2.71 V             ; -0.0317 V          ; 0.148 V                             ; 0.064 V                             ; 4.51e-10 s                 ; 4.15e-10 s                 ; No                        ; Yes                       ;
; d[22]         ; 2.5 V        ; 0 s                 ; 0 s                 ; 2.62 V                       ; 2.74e-08 V                   ; 2.64 V              ; -0.0117 V           ; 0.202 V                              ; 0.176 V                              ; 2.38e-09 s                  ; 2.22e-09 s                  ; No                         ; Yes                        ; 2.62 V                      ; 2.74e-08 V                  ; 2.64 V             ; -0.0117 V          ; 0.202 V                             ; 0.176 V                             ; 2.38e-09 s                 ; 2.22e-09 s                 ; No                        ; Yes                       ;
; d[23]         ; 2.5 V        ; 0 s                 ; 0 s                 ; 2.62 V                       ; 2.74e-08 V                   ; 2.73 V              ; -0.0384 V           ; 0.169 V                              ; 0.089 V                              ; 2.7e-10 s                   ; 2.62e-10 s                  ; Yes                        ; Yes                        ; 2.62 V                      ; 2.74e-08 V                  ; 2.73 V             ; -0.0384 V          ; 0.169 V                             ; 0.089 V                             ; 2.7e-10 s                  ; 2.62e-10 s                 ; Yes                       ; Yes                       ;
; d[24]         ; 2.5 V        ; 0 s                 ; 0 s                 ; 2.62 V                       ; 4.05e-08 V                   ; 2.72 V              ; -0.0349 V           ; 0.173 V                              ; 0.1 V                                ; 2.72e-10 s                  ; 2.69e-10 s                  ; Yes                        ; Yes                        ; 2.62 V                      ; 4.05e-08 V                  ; 2.72 V             ; -0.0349 V          ; 0.173 V                             ; 0.1 V                               ; 2.72e-10 s                 ; 2.69e-10 s                 ; Yes                       ; Yes                       ;
; d[25]         ; 2.5 V        ; 0 s                 ; 0 s                 ; 2.62 V                       ; 4.05e-08 V                   ; 2.64 V              ; -0.0113 V           ; 0.208 V                              ; 0.179 V                              ; 2.38e-09 s                  ; 2.23e-09 s                  ; No                         ; Yes                        ; 2.62 V                      ; 4.05e-08 V                  ; 2.64 V             ; -0.0113 V          ; 0.208 V                             ; 0.179 V                             ; 2.38e-09 s                 ; 2.23e-09 s                 ; No                        ; Yes                       ;
; d[26]         ; 2.5 V        ; 0 s                 ; 0 s                 ; 2.62 V                       ; 4.05e-08 V                   ; 2.72 V              ; -0.0349 V           ; 0.173 V                              ; 0.1 V                                ; 2.72e-10 s                  ; 2.69e-10 s                  ; Yes                        ; Yes                        ; 2.62 V                      ; 4.05e-08 V                  ; 2.72 V             ; -0.0349 V          ; 0.173 V                             ; 0.1 V                               ; 2.72e-10 s                 ; 2.69e-10 s                 ; Yes                       ; Yes                       ;
; d[27]         ; 2.5 V        ; 0 s                 ; 0 s                 ; 2.62 V                       ; 2.74e-08 V                   ; 2.71 V              ; -0.0317 V           ; 0.148 V                              ; 0.064 V                              ; 4.51e-10 s                  ; 4.15e-10 s                  ; No                         ; Yes                        ; 2.62 V                      ; 2.74e-08 V                  ; 2.71 V             ; -0.0317 V          ; 0.148 V                             ; 0.064 V                             ; 4.51e-10 s                 ; 4.15e-10 s                 ; No                        ; Yes                       ;
; d[28]         ; 2.5 V        ; 0 s                 ; 0 s                 ; 2.62 V                       ; 4.05e-08 V                   ; 2.72 V              ; -0.0349 V           ; 0.173 V                              ; 0.1 V                                ; 2.72e-10 s                  ; 2.69e-10 s                  ; Yes                        ; Yes                        ; 2.62 V                      ; 4.05e-08 V                  ; 2.72 V             ; -0.0349 V          ; 0.173 V                             ; 0.1 V                               ; 2.72e-10 s                 ; 2.69e-10 s                 ; Yes                       ; Yes                       ;
; d[29]         ; 2.5 V        ; 0 s                 ; 0 s                 ; 2.62 V                       ; 2.74e-08 V                   ; 2.71 V              ; -0.0317 V           ; 0.148 V                              ; 0.064 V                              ; 4.51e-10 s                  ; 4.15e-10 s                  ; No                         ; Yes                        ; 2.62 V                      ; 2.74e-08 V                  ; 2.71 V             ; -0.0317 V          ; 0.148 V                             ; 0.064 V                             ; 4.51e-10 s                 ; 4.15e-10 s                 ; No                        ; Yes                       ;
; d[30]         ; 2.5 V        ; 0 s                 ; 0 s                 ; 2.62 V                       ; 4.05e-08 V                   ; 2.72 V              ; -0.0349 V           ; 0.173 V                              ; 0.1 V                                ; 2.72e-10 s                  ; 2.69e-10 s                  ; Yes                        ; Yes                        ; 2.62 V                      ; 4.05e-08 V                  ; 2.72 V             ; -0.0349 V          ; 0.173 V                             ; 0.1 V                               ; 2.72e-10 s                 ; 2.69e-10 s                 ; Yes                       ; Yes                       ;
; d[31]         ; 2.5 V        ; 0 s                 ; 0 s                 ; 2.62 V                       ; 4.05e-08 V                   ; 2.72 V              ; -0.0349 V           ; 0.173 V                              ; 0.1 V                                ; 2.72e-10 s                  ; 2.69e-10 s                  ; Yes                        ; Yes                        ; 2.62 V                      ; 4.05e-08 V                  ; 2.72 V             ; -0.0349 V          ; 0.173 V                             ; 0.1 V                               ; 2.72e-10 s                 ; 2.69e-10 s                 ; Yes                       ; Yes                       ;
; flags[0]      ; 2.5 V        ; 0 s                 ; 0 s                 ; 2.62 V                       ; 4.05e-08 V                   ; 2.72 V              ; -0.0349 V           ; 0.173 V                              ; 0.1 V                                ; 2.72e-10 s                  ; 2.69e-10 s                  ; Yes                        ; Yes                        ; 2.62 V                      ; 4.05e-08 V                  ; 2.72 V             ; -0.0349 V          ; 0.173 V                             ; 0.1 V                               ; 2.72e-10 s                 ; 2.69e-10 s                 ; Yes                       ; Yes                       ;
; flags[1]      ; 2.5 V        ; 0 s                 ; 0 s                 ; 2.62 V                       ; 4.05e-08 V                   ; 2.72 V              ; -0.0349 V           ; 0.173 V                              ; 0.1 V                                ; 2.72e-10 s                  ; 2.69e-10 s                  ; Yes                        ; Yes                        ; 2.62 V                      ; 4.05e-08 V                  ; 2.72 V             ; -0.0349 V          ; 0.173 V                             ; 0.1 V                               ; 2.72e-10 s                 ; 2.69e-10 s                 ; Yes                       ; Yes                       ;
; flags[2]      ; 2.5 V        ; 0 s                 ; 0 s                 ; 2.62 V                       ; 4.05e-08 V                   ; 2.72 V              ; -0.0349 V           ; 0.173 V                              ; 0.1 V                                ; 2.72e-10 s                  ; 2.69e-10 s                  ; Yes                        ; Yes                        ; 2.62 V                      ; 4.05e-08 V                  ; 2.72 V             ; -0.0349 V          ; 0.173 V                             ; 0.1 V                               ; 2.72e-10 s                 ; 2.69e-10 s                 ; Yes                       ; Yes                       ;
; flags[3]      ; 2.5 V        ; 0 s                 ; 0 s                 ; 2.62 V                       ; 2.74e-08 V                   ; 2.71 V              ; -0.0317 V           ; 0.148 V                              ; 0.064 V                              ; 4.51e-10 s                  ; 4.15e-10 s                  ; No                         ; Yes                        ; 2.62 V                      ; 2.74e-08 V                  ; 2.71 V             ; -0.0317 V          ; 0.148 V                             ; 0.064 V                             ; 4.51e-10 s                 ; 4.15e-10 s                 ; No                        ; Yes                       ;
; flags[4]      ; 2.5 V        ; 0 s                 ; 0 s                 ; 2.62 V                       ; 2.74e-08 V                   ; 2.64 V              ; -0.0117 V           ; 0.202 V                              ; 0.176 V                              ; 2.38e-09 s                  ; 2.22e-09 s                  ; No                         ; Yes                        ; 2.62 V                      ; 2.74e-08 V                  ; 2.64 V             ; -0.0117 V          ; 0.202 V                             ; 0.176 V                             ; 2.38e-09 s                 ; 2.22e-09 s                 ; No                        ; Yes                       ;
; ~ALTERA_DCLK~ ; 2.5 V        ; 0 s                 ; 0 s                 ; 2.62 V                       ; 2.22e-08 V                   ; 2.74 V              ; -0.06 V             ; 0.158 V                              ; 0.08 V                               ; 2.68e-10 s                  ; 2.19e-10 s                  ; Yes                        ; Yes                        ; 2.62 V                      ; 2.22e-08 V                  ; 2.74 V             ; -0.06 V            ; 0.158 V                             ; 0.08 V                              ; 2.68e-10 s                 ; 2.19e-10 s                 ; Yes                       ; Yes                       ;
; ~ALTERA_nCEO~ ; 2.5 V        ; 0 s                 ; 0 s                 ; 2.62 V                       ; 3.54e-08 V                   ; 2.7 V               ; -0.00943 V          ; 0.276 V                              ; 0.035 V                              ; 3.19e-10 s                  ; 4.99e-10 s                  ; No                         ; Yes                        ; 2.62 V                      ; 3.54e-08 V                  ; 2.7 V              ; -0.00943 V         ; 0.276 V                             ; 0.035 V                             ; 3.19e-10 s                 ; 4.99e-10 s                 ; No                        ; Yes                       ;
+---------------+--------------+---------------------+---------------------+------------------------------+------------------------------+---------------------+---------------------+--------------------------------------+--------------------------------------+-----------------------------+-----------------------------+----------------------------+----------------------------+-----------------------------+-----------------------------+--------------------+--------------------+-------------------------------------+-------------------------------------+----------------------------+----------------------------+---------------------------+---------------------------+


+-------------------------------------------------------------------+
; Setup Transfers                                                   ;
+------------+----------+----------+----------+----------+----------+
; From Clock ; To Clock ; RR Paths ; FR Paths ; RF Paths ; FF Paths ;
+------------+----------+----------+----------+----------+----------+
; clk        ; clk      ; 147335   ; 0        ; 0        ; 0        ;
+------------+----------+----------+----------+----------+----------+
Entries labeled "false path" only account for clock-to-clock false paths and not path-based false paths. As a result, actual path counts may be lower than reported.


+-------------------------------------------------------------------+
; Hold Transfers                                                    ;
+------------+----------+----------+----------+----------+----------+
; From Clock ; To Clock ; RR Paths ; FR Paths ; RF Paths ; FF Paths ;
+------------+----------+----------+----------+----------+----------+
; clk        ; clk      ; 147335   ; 0        ; 0        ; 0        ;
+------------+----------+----------+----------+----------+----------+
Entries labeled "false path" only account for clock-to-clock false paths and not path-based false paths. As a result, actual path counts may be lower than reported.


+-------------------------------------------------------------------+
; Recovery Transfers                                                ;
+------------+----------+----------+----------+----------+----------+
; From Clock ; To Clock ; RR Paths ; FR Paths ; RF Paths ; FF Paths ;
+------------+----------+----------+----------+----------+----------+
; clk        ; clk      ; 150      ; 0        ; 0        ; 0        ;
+------------+----------+----------+----------+----------+----------+
Entries labeled "false path" only account for clock-to-clock false paths and not path-based false paths. As a result, actual path counts may be lower than reported.


+-------------------------------------------------------------------+
; Removal Transfers                                                 ;
+------------+----------+----------+----------+----------+----------+
; From Clock ; To Clock ; RR Paths ; FR Paths ; RF Paths ; FF Paths ;
+------------+----------+----------+----------+----------+----------+
; clk        ; clk      ; 150      ; 0        ; 0        ; 0        ;
+------------+----------+----------+----------+----------+----------+
Entries labeled "false path" only account for clock-to-clock false paths and not path-based false paths. As a result, actual path counts may be lower than reported.


---------------
; Report TCCS ;
---------------
No dedicated SERDES Transmitter circuitry present in device or used in design


---------------
; Report RSKM ;
---------------
No dedicated SERDES Receiver circuitry present in device or used in design


+------------------------------------------------+
; Unconstrained Paths                            ;
+---------------------------------+-------+------+
; Property                        ; Setup ; Hold ;
+---------------------------------+-------+------+
; Illegal Clocks                  ; 0     ; 0    ;
; Unconstrained Clocks            ; 0     ; 0    ;
; Unconstrained Input Ports       ; 75    ; 75   ;
; Unconstrained Input Port Paths  ; 76    ; 76   ;
; Unconstrained Output Ports      ; 38    ; 38   ;
; Unconstrained Output Port Paths ; 38    ; 38   ;
+---------------------------------+-------+------+


+------------------------------------+
; TimeQuest Timing Analyzer Messages ;
+------------------------------------+
Info: *******************************************************************
Info: Running Quartus II 64-Bit TimeQuest Timing Analyzer
    Info: Version 13.0.1 Build 232 06/12/2013 Service Pack 1 SJ Web Edition
    Info: Processing started: Wed Oct 07 00:22:24 2026
Info: Command: quartus_sta packer -c packer
Info: qsta_default_script.tcl version: #1
Warning (20028): Parallel compilation is not licensed and has been disabled
Info (21076): High junction temperature operating condition is not set. Assuming a default value of '85'.
Info (21076): Low junction temperature operating condition is not set. Assuming a default value of '0'.
Info (332104): Reading SDC File: 'packer.sdc'
Info (332151): Clock uncertainty is not calculated until you update the timing netlist.
Info (332123): Deriving Clock Uncertainty. Please refer to report_sdc in TimeQuest to see clock uncertainties.
Info: Found TIMEQUEST_REPORT_SCRIPT_INCLUDE_DEFAULT_ANALYSIS = ON
Info: Analyzing Slow 1200mV 85C Model
Critical Warning (332148): Timing requirements not met
    Info (11105): For recommendations on closing timing, run Report Timing Closure Recommendations in the TimeQuest Timing Analyzer.
Info (332146): Worst-case setup slack is -0.129
    Info (332119):     Slack End Point TNS Clock 
    Info (332119): ========= ============= =====================
    Info (332119):    -0.129        -0.129 clk 
Info (332146): Worst-case hold slack is 0.372
    Info (332119):     Slack End Point TNS Clock 
    Info (332119): ========= ============= =====================
    Info (332119):     0.372         0.000 clk 
Info (332146): Worst-case recovery slack is 7.324
    Info (332119):     Slack End Point TNS Clock 
    Info (332119): ========= ============= =====================
    Info (332119):     7.324         0.000 clk 
Info (332146): Worst-case removal slack is 1.787
    Info (332119):     Slack End Point TNS Clock 
    Info (332119): ========= ============= =====================
    Info (332119):     1.787         0.000 clk 
Info (332146): Worst-case minimum pulse width slack is 4.659
    Info (332119):     Slack End Point TNS Clock 
    Info (332119): ========= ============= =====================
    Info (332119):     4.659         0.000 clk 
Info: Analyzing Slow 1200mV 0C Model
Info (334003): Started post-fitting delay annotation
Info (334004): Delay annotation completed successfully
Info (332123): Deriving Clock Uncertainty. Please refer to report_sdc in TimeQuest to see clock uncertainties.
Info (332146): Worst-case setup slack is 0.951
    Info (332119):     Slack End Point TNS Clock 
    Info (332119): ========= ============= =====================
    Info (332119):     0.951         0.000 clk 
Info (332146): Worst-case hold slack is 0.338
    Info (332119):     Slack End Point TNS Clock 
    Info (332119): ========= ============= =====================
    Info (332119):     0.338         0.000 clk 
Info (332146): Worst-case recovery slack is 7.628
    Info (332119):     Slack End Point TNS Clock 
    Info (332119): ========= ============= =====================
    Info (332119):     7.628         0.000 clk 
Info (332146): Worst-case removal slack is 1.588
    Info (332119):     Slack End Point TNS Clock 
    Info (332119): ========= ============= =====================
    Info (332119):     1.588         0.000 clk 
Info (332146): Worst-case minimum pulse width slack is 4.690
    Info (332119):     Slack End Point TNS Clock 
    Info (332119): ========= ============= =====================
    Info (332119):     4.690         0.000 clk 
Info: Analyzing Fast 1200mV 0C Model
Info (332123): Deriving Clock Uncertainty. Please refer to report_sdc in TimeQuest to see clock uncertainties.
Info (332146): Worst-case setup slack is 4.257
    Info (332119):     Slack End Point TNS Clock 
    Info (332119): ========= ============= =====================
    Info (332119):     4.257         0.000 clk 
Info (332146): Worst-case hold slack is 0.193
    Info (332119):     Slack End Point TNS Clock 
    Info (332119): ========= ============= =====================
    Info (332119):     0.193         0.000 clk 
Info (332146): Worst-case recovery slack is 8.416
    Info (332119):     Slack End Point TNS Clock 
    Info (332119): ========= ============= =====================
    Info (332119):     8.416         0.000 clk 
Info (332146): Worst-case removal slack is 1.052
    Info (332119):     Slack End Point TNS Clock 
    Info (332119): ========= ============= =====================
    Info (332119):     1.052         0.000 clk 
Info (332146): Worst-case minimum pulse width slack is 4.411
    Info (332119):     Slack End Point TNS Clock 
    Info (332119): ========= ============= =====================
    Info (332119):     4.411         0.000 clk 
Info (332102): Design is not fully constrained for setup requirements
Info (332102): Design is not fully constrained for hold requirements
Info: Quartus II 64-Bit TimeQuest Timing Analyzer was successful. 0 errors, 2 warnings
    Info: Peak virtual memory: 4630 megabytes
    Info: Processing ended: Wed Oct 07 00:22:28 2026
    Info: Elapsed time: 00:00:04
    Info: Total CPU time (on all processors): 00:00:04


