TimeQuest Timing Analyzer report for packer
Wed Oct 07 00:23:31 2026
Quartus II 64-Bit Version 13.0.1 Build 232 06/12/2013 Service Pack 1 SJ Web Edition


---------------------
; Table of Contents ;
---------------------
  1. Legal Notice
  2. TimeQuest Timing Analyzer Summary
  3. Parallel Compilation
  4. SDC File List
  5. Clocks
  6. Slow 1200mV 85C Model Fmax Summary
  7. Timing Closure Recommendations
  8. Slow 1200mV 85C Model Setup Summary
  9. Slow 1200mV 85C Model Hold Summary
 10. Slow 1200mV 85C Model Recovery Summary
 11. Slow 1200mV 85C Model Removal Summary
 12. Slow 1200mV 85C Model Minimum Pulse Width Summary
 13. Slow 1200mV 85C Model Setup: 'clk'
 14. Slow 1200mV 85C Model Hold: 'clk'
 15. Slow 1200mV 85C Model Recovery: 'clk'
 16. Slow 1200mV 85C Model Removal: 'clk'
 17. Slow 1200mV 85C Model Minimum Pulse Width: 'clk'
 18. Setup Times
 19. Hold Times
 20. Clock to Output Times
 21. Minimum Clock to Output Times
 22. Slow 1200mV 85C Model Metastability Report
 23. Slow 1200mV 0C Model Fmax Summary
 24. Slow 1200mV 0C Model Setup Summary
 25. Slow 1200mV 0C Model Hold Summary
 26. Slow 1200mV 0C Model Recovery Summary
 27. Slow 1200mV 0C Model Removal Summary
 28. Slow 1200mV 0C Model Minimum Pulse Width Summary
 29. Slow 1200mV 0C Model Setup: 'clk'
 30. Slow 1200mV 0C Model Hold: 'clk'
 31. Slow 1200mV 0C Model Recovery: 'clk'
 32. Slow 1200mV 0C Model Removal: 'clk'
 33. Slow 1200mV 0C Model Minimum Pulse Width: 'clk'
 34. Setup Times
 35. Hold Times
 36. Clock to Output Times
 37. Minimum Clock to Output Times
 38. Slow 1200mV 0C Model Metastability Report
 39. Fast 1200mV 0C Model Setup Summary
 40. Fast 1200mV 0C Model Hold Summary
 41. Fast 1200mV 0C Model Recovery Summary
 42. Fast 1200mV 0C Model Removal Summary
 43. Fast 1200mV 0C Model Minimum Pulse Width Summary
 44. Fast 1200mV 0C Model Setup: 'clk'
 45. Fast 1200mV 0C Model Hold: 'clk'
 46. Fast 1200mV 0C Model Recovery: 'clk'
 47. Fast 1200mV 0C Model Removal: 'clk'
 48. Fast 1200mV 0C Model Minimum Pulse Width: 'clk'
 49. Setup Times
 50. Hold Times
 51. Clock to Output Times
 52. Minimum Clock to Output Times
 53. Fast 1200mV 0C Model Metastability Report
 54. Multicorner Timing Analysis Summary
 55. Setup Times
 56. Hold Times
 57. Clock to Output Times
 58. Minimum Clock to Output Times
 59. Board Trace Model Assignments
 60. Input Transition Times
 61. Signal Integrity Metrics (Slow 1200mv 0c Model)
 62. Signal Integrity Metrics (Slow 1200mv 85c Model)
 63. Signal Integrity Metrics (Fast 1200mv 0c Model)
 64. Setup Transfers
 65. Hold Transfers
 66. Recovery Transfers
 67. Removal Transfers
 68. Report TCCS
 69. Report RSKM
 70. Unconstrained Paths
 71. TimeQuest Timing Analyzer Messages



----------------
; Legal Notice ;
----------------
Copyright (C) 1991-2013 Altera Corporation
Your use of Altera Corporation's design tools, logic functions 
and other software and tools, and its AMPP partner logic 
functions, and any output files from any of the foregoing 
(including device programming or simulation files), and any 
associated documentation or information are expressly subject 
to the terms and conditions of the Altera Program License 
Subscription Agreement, Altera MegaCore Function License 
Agreement, or other applicable license agreement, including, 
without limitation, that your use is for the sole purpose of 
programming logic devices manufactured by Altera and sold by 
Altera or its authorized distributors.  Please refer to the 
applicable agreement for further details.



+----------------------------------------------------------------------------------------+
; TimeQuest Timing Analyzer Summary                                                      ;
+--------------------+-------------------------------------------------------------------+
; Quartus II Version ; Version 13.0.1 Build 232 06/12/2013 Service Pack 1 SJ Web Edition ;
; Revision Name      ; packer                                                            ;
; Device Family      ; Cyclone IV E                                                      ;
; Device Name        ; EP4CE22F17C6                                                      ;
; Timing Models      ; Final                                                             ;
; Delay Model        ; Combined                                                          ;
; Rise/Fall Delays   ; Enabled                                                           ;
+--------------------+-------------------------------------------------------------------+


Parallel compilation was disabled, but you have multiple processors available. Enable parallel compilation to reduce compilation time.
+-------------------------------------+
; Parallel Compilation                ;
+----------------------------+--------+
; Processors                 ; Number ;
+----------------------------+--------+
; Number detected on machine ; 12     ;
; Maximum allowed            ; 1      ;
+----------------------------+--------+


+---------------------------------------------------+
; SDC File List                                     ;
+---------------+--------+--------------------------+
; SDC File Path ; Status ; Read at                  ;
+---------------+--------+--------------------------+
; packer.sdc    ; OK     ; Wed Oct 07 00:23:29 2026 ;
+---------------+--------+--------------------------+


+--------------------------------------------------------------------------------------------------------------------------------------------------------------------------------+
; Clocks                                                                                                                                                                         ;
+------------+------+--------+-----------+-------+-------+------------+-----------+-------------+-------+--------+-----------+------------+----------+--------+--------+---------+
; Clock Name ; Type ; Period ; Frequency ; Rise  ; Fall  ; Duty Cycle ; Divide by ; Multiply by ; Phase ; Offset ; Edge List ; Edge Shift ; Inverted ; Master ; Source ; Targets ;
+------------+------+--------+-----------+-------+-------+------------+-----------+-------------+-------+--------+-----------+------------+----------+--------+--------+---------+
; clk        ; Base ; 10.000 ; 100.0 MHz ; 0.000 ; 5.000 ;            ;           ;             ;       ;        ;           ;            ;          ;        ;        ; { clk } ;
+------------+------+--------+-----------+-------+-------+------------+-----------+-------------+-------+--------+-----------+------------+----------+--------+--------+---------+


+-------------------------------------------------+
; Slow 1200mV 85C Model Fmax Summary              ;
+-----------+-----------------+------------+------+
; Fmax      ; Restricted Fmax ; Clock Name ; Note ;
+-----------+-----------------+------------+------+
; 99.16 MHz ; 99.16 MHz       ; clk        ;      ;
+-----------+-----------------+------------+------+
This panel reports FMAX for every clock in the design, regardless of the user-specified clock periods.  FMAX is only computed for paths where the source and destination registers or ports are driven by the same clock.  Paths of different clocks, including generated clocks, are ignored.  For paths between a clock and its inversion, FMAX is computed as if the rising and falling edges are scaled along with FMAX, such that the duty cycle (in terms of a percentage) is maintained. Altera recommends that you always use clock constraints and other slack reports for sign-off analysis.


----------------------------------
; Timing Closure Recommendations ;
----------------------------------
HTML report is unavailable in plain text report export.


+-------------------------------------+
; Slow 1200mV 85C Model Setup Summary ;
+-------+--------+--------------------+
; Clock ; Slack  ; End Point TNS      ;
+-------+--------+--------------------+
; clk   ; -0.085 ; -0.085             ;
+-------+--------+--------------------+


+------------------------------------+
; Slow 1200mV 85C Model Hold Summary ;
+-------+-------+--------------------+
; Clock ; Slack ; End Point TNS      ;
+-------+-------+--------------------+
; clk   ; 0.372 ; 0.000              ;
+-------+-------+--------------------+


+----------------------------------------+
; Slow 1200mV 85C Model Recovery Summary ;
+-------+-------+------------------------+
; Clock ; Slack ; End Point TNS          ;
+-------+-------+------------------------+
; clk   ; 6.041 ; 0.000                  ;
+-------+-------+------------------------+


+---------------------------------------+
; Slow 1200mV 85C Model Removal Summary ;
+-------+-------+-----------------------+
; Clock ; Slack ; End Point TNS         ;
+-------+-------+-----------------------+
; clk   ; 2.959 ; 0.000                 ;
+-------+-------+-----------------------+


+---------------------------------------------------+
; Slow 1200mV 85C Model Minimum Pulse Width Summary ;
+-------+-------+-----------------------------------+
; Clock ; Slack ; End Point TNS                     ;
+-------+-------+-----------------------------------+
; clk   ; 4.661 ; 0.000                             ;
+-------+-------+-----------------------------------+


+-------------------------------------------------------------------------------------------------------------------------------------------------------------------+
; Slow 1200mV 85C Model Setup: 'clk'                                                                                                                                ;
+--------+----------------------------------------------+-------------------------------------+--------------+-------------+--------------+------------+------------+
; Slack  ; From Node                                    ; To Node                             ; Launch Clock ; Latch Clock ; Relationship ; Clock Skew ; Data Delay ;
+--------+----------------------------------------------+-------------------------------------+--------------+-------------+--------------+------------+------------+
; -0.085 ; packer_ppa_boundary:u_boundary|sf_q[9]       ; posit_pack:u_packer|g_trunc.d_q[27] ; clk          ; clk         ; 10.000       ; 0.311      ; 10.391     ;
; -0.056 ; packer_ppa_boundary:u_boundary|sf_q[3]       ; posit_pack:u_packer|g_trunc.d_q[27] ; clk          ; clk         ; 10.000       ; 0.311      ; 10.362     ;
; 0.056  ; packer_ppa_boundary:u_boundary|sf_q[9]       ; posit_pack:u_packer|g_trunc.d_q[25] ; clk          ; clk         ; 10.000       ; 0.262      ; 10.201     ;
; 0.085  ; packer_ppa_boundary:u_boundary|sf_q[3]       ; posit_pack:u_packer|g_trunc.d_q[25] ; clk          ; clk         ; 10.000       ; 0.262      ; 10.172     ;
; 0.147  ; packer_ppa_boundary:u_boundary|frac_q[46]    ; posit_pack:u_packer|g_trunc.d_q[27] ; clk          ; clk         ; 10.000       ; 0.310      ; 10.158     ;
; 0.159  ; packer_ppa_boundary:u_boundary|sf_q[9]       ; posit_pack:u_packer|g_trunc.d_q[30] ; clk          ; clk         ; 10.000       ; 0.311      ; 10.147     ;
; 0.176  ; packer_ppa_boundary:u_boundary|sf_q[6]       ; posit_pack:u_packer|g_trunc.d_q[27] ; clk          ; clk         ; 10.000       ; 0.310      ; 10.129     ;
; 0.176  ; packer_ppa_boundary:u_boundary|sf_q[4]       ; posit_pack:u_packer|g_trunc.d_q[27] ; clk          ; clk         ; 10.000       ; 0.311      ; 10.130     ;
; 0.177  ; packer_ppa_boundary:u_boundary|sf_q[9]       ; posit_pack:u_packer|g_trunc.d_q[23] ; clk          ; clk         ; 10.000       ; 0.311      ; 10.129     ;
; 0.188  ; packer_ppa_boundary:u_boundary|sf_q[3]       ; posit_pack:u_packer|g_trunc.d_q[30] ; clk          ; clk         ; 10.000       ; 0.311      ; 10.118     ;
; 0.206  ; packer_ppa_boundary:u_boundary|sf_q[3]       ; posit_pack:u_packer|g_trunc.d_q[23] ; clk          ; clk         ; 10.000       ; 0.311      ; 10.100     ;
; 0.288  ; packer_ppa_boundary:u_boundary|frac_q[46]    ; posit_pack:u_packer|g_trunc.d_q[25] ; clk          ; clk         ; 10.000       ; 0.261      ; 9.968      ;
; 0.317  ; packer_ppa_boundary:u_boundary|sf_q[6]       ; posit_pack:u_packer|g_trunc.d_q[25] ; clk          ; clk         ; 10.000       ; 0.261      ; 9.939      ;
; 0.317  ; packer_ppa_boundary:u_boundary|sf_q[4]       ; posit_pack:u_packer|g_trunc.d_q[25] ; clk          ; clk         ; 10.000       ; 0.262      ; 9.940      ;
; 0.326  ; packer_ppa_boundary:u_boundary|frac_q[47]    ; posit_pack:u_packer|g_trunc.d_q[27] ; clk          ; clk         ; 10.000       ; 0.311      ; 9.980      ;
; 0.345  ; packer_ppa_boundary:u_boundary|sf_q[9]       ; posit_pack:u_packer|g_trunc.d_q[21] ; clk          ; clk         ; 10.000       ; 0.261      ; 9.911      ;
; 0.374  ; packer_ppa_boundary:u_boundary|frac_q[46]    ; posit_pack:u_packer|g_trunc.d_q[30] ; clk          ; clk         ; 10.000       ; 0.310      ; 9.931      ;
; 0.374  ; packer_ppa_boundary:u_boundary|sf_q[3]       ; posit_pack:u_packer|g_trunc.d_q[21] ; clk          ; clk         ; 10.000       ; 0.261      ; 9.882      ;
; 0.404  ; packer_ppa_boundary:u_boundary|sf_q[2]       ; posit_pack:u_packer|g_trunc.d_q[27] ; clk          ; clk         ; 10.000       ; 0.311      ; 9.902      ;
; 0.409  ; packer_ppa_boundary:u_boundary|frac_q[46]    ; posit_pack:u_packer|g_trunc.d_q[23] ; clk          ; clk         ; 10.000       ; 0.310      ; 9.896      ;
; 0.417  ; packer_ppa_boundary:u_boundary|sf_q[9]       ; posit_pack:u_packer|g_trunc.d_q[31] ; clk          ; clk         ; 10.000       ; -0.064     ; 9.514      ;
; 0.420  ; packer_ppa_boundary:u_boundary|sf_q[6]       ; posit_pack:u_packer|g_trunc.d_q[30] ; clk          ; clk         ; 10.000       ; 0.310      ; 9.885      ;
; 0.420  ; packer_ppa_boundary:u_boundary|sf_q[4]       ; posit_pack:u_packer|g_trunc.d_q[30] ; clk          ; clk         ; 10.000       ; 0.311      ; 9.886      ;
; 0.438  ; packer_ppa_boundary:u_boundary|sf_q[6]       ; posit_pack:u_packer|g_trunc.d_q[23] ; clk          ; clk         ; 10.000       ; 0.310      ; 9.867      ;
; 0.438  ; packer_ppa_boundary:u_boundary|sf_q[4]       ; posit_pack:u_packer|g_trunc.d_q[23] ; clk          ; clk         ; 10.000       ; 0.311      ; 9.868      ;
; 0.439  ; packer_ppa_boundary:u_boundary|sf_q[9]       ; posit_pack:u_packer|g_trunc.d_q[19] ; clk          ; clk         ; 10.000       ; 0.263      ; 9.819      ;
; 0.446  ; packer_ppa_boundary:u_boundary|sf_q[3]       ; posit_pack:u_packer|g_trunc.d_q[31] ; clk          ; clk         ; 10.000       ; -0.064     ; 9.485      ;
; 0.458  ; packer_ppa_boundary:u_boundary|sf_q[8]       ; posit_pack:u_packer|g_trunc.d_q[27] ; clk          ; clk         ; 10.000       ; 0.310      ; 9.847      ;
; 0.459  ; packer_ppa_boundary:u_boundary|frac_q[44]    ; posit_pack:u_packer|g_trunc.d_q[27] ; clk          ; clk         ; 10.000       ; 0.311      ; 9.847      ;
; 0.464  ; packer_ppa_boundary:u_boundary|sf_q[7]       ; posit_pack:u_packer|g_trunc.d_q[27] ; clk          ; clk         ; 10.000       ; 0.310      ; 9.841      ;
; 0.467  ; packer_ppa_boundary:u_boundary|frac_q[47]    ; posit_pack:u_packer|g_trunc.d_q[25] ; clk          ; clk         ; 10.000       ; 0.262      ; 9.790      ;
; 0.468  ; packer_ppa_boundary:u_boundary|sf_q[3]       ; posit_pack:u_packer|g_trunc.d_q[19] ; clk          ; clk         ; 10.000       ; 0.263      ; 9.790      ;
; 0.473  ; packer_ppa_boundary:u_boundary|frac_q[53]    ; posit_pack:u_packer|g_trunc.d_q[27] ; clk          ; clk         ; 10.000       ; 0.311      ; 9.833      ;
; 0.490  ; packer_ppa_boundary:u_boundary|sf_q[1]       ; posit_pack:u_packer|g_trunc.d_q[27] ; clk          ; clk         ; 10.000       ; 0.311      ; 9.816      ;
; 0.493  ; packer_ppa_boundary:u_boundary|frac_q[47]    ; posit_pack:u_packer|g_trunc.d_q[30] ; clk          ; clk         ; 10.000       ; 0.311      ; 9.813      ;
; 0.495  ; packer_ppa_boundary:u_boundary|frac_q[50]    ; posit_pack:u_packer|g_trunc.d_q[27] ; clk          ; clk         ; 10.000       ; 0.311      ; 9.811      ;
; 0.502  ; packer_ppa_boundary:u_boundary|frac_q[39]    ; posit_pack:u_packer|g_trunc.d_q[27] ; clk          ; clk         ; 10.000       ; 0.313      ; 9.806      ;
; 0.526  ; packer_ppa_boundary:u_boundary|sf_q[5]       ; posit_pack:u_packer|g_trunc.d_q[27] ; clk          ; clk         ; 10.000       ; 0.310      ; 9.779      ;
; 0.531  ; packer_ppa_boundary:u_boundary|flags_in_q[4] ; posit_pack:u_packer|g_trunc.d_q[27] ; clk          ; clk         ; 10.000       ; 0.310      ; 9.774      ;
; 0.540  ; packer_ppa_boundary:u_boundary|frac_q[48]    ; posit_pack:u_packer|g_trunc.d_q[27] ; clk          ; clk         ; 10.000       ; 0.312      ; 9.767      ;
; 0.545  ; packer_ppa_boundary:u_boundary|sf_q[2]       ; posit_pack:u_packer|g_trunc.d_q[25] ; clk          ; clk         ; 10.000       ; 0.262      ; 9.712      ;
; 0.567  ; packer_ppa_boundary:u_boundary|frac_q[53]    ; posit_pack:u_packer|g_trunc.d_q[30] ; clk          ; clk         ; 10.000       ; 0.311      ; 9.739      ;
; 0.571  ; packer_ppa_boundary:u_boundary|frac_q[45]    ; posit_pack:u_packer|g_trunc.d_q[27] ; clk          ; clk         ; 10.000       ; 0.311      ; 9.735      ;
; 0.577  ; packer_ppa_boundary:u_boundary|frac_q[46]    ; posit_pack:u_packer|g_trunc.d_q[21] ; clk          ; clk         ; 10.000       ; 0.260      ; 9.678      ;
; 0.583  ; packer_ppa_boundary:u_boundary|sf_q[9]       ; posit_pack:u_packer|g_trunc.d_q[29] ; clk          ; clk         ; 10.000       ; 0.287      ; 9.699      ;
; 0.588  ; packer_ppa_boundary:u_boundary|frac_q[47]    ; posit_pack:u_packer|g_trunc.d_q[23] ; clk          ; clk         ; 10.000       ; 0.311      ; 9.718      ;
; 0.599  ; packer_ppa_boundary:u_boundary|sf_q[8]       ; posit_pack:u_packer|g_trunc.d_q[25] ; clk          ; clk         ; 10.000       ; 0.261      ; 9.657      ;
; 0.600  ; packer_ppa_boundary:u_boundary|frac_q[44]    ; posit_pack:u_packer|g_trunc.d_q[25] ; clk          ; clk         ; 10.000       ; 0.262      ; 9.657      ;
; 0.605  ; packer_ppa_boundary:u_boundary|sf_q[7]       ; posit_pack:u_packer|g_trunc.d_q[25] ; clk          ; clk         ; 10.000       ; 0.261      ; 9.651      ;
; 0.606  ; packer_ppa_boundary:u_boundary|sf_q[6]       ; posit_pack:u_packer|g_trunc.d_q[21] ; clk          ; clk         ; 10.000       ; 0.260      ; 9.649      ;
; 0.606  ; packer_ppa_boundary:u_boundary|sf_q[4]       ; posit_pack:u_packer|g_trunc.d_q[21] ; clk          ; clk         ; 10.000       ; 0.261      ; 9.650      ;
; 0.612  ; packer_ppa_boundary:u_boundary|sf_q[3]       ; posit_pack:u_packer|g_trunc.d_q[29] ; clk          ; clk         ; 10.000       ; 0.287      ; 9.670      ;
; 0.614  ; packer_ppa_boundary:u_boundary|frac_q[53]    ; posit_pack:u_packer|g_trunc.d_q[25] ; clk          ; clk         ; 10.000       ; 0.262      ; 9.643      ;
; 0.631  ; packer_ppa_boundary:u_boundary|sf_q[1]       ; posit_pack:u_packer|g_trunc.d_q[25] ; clk          ; clk         ; 10.000       ; 0.262      ; 9.626      ;
; 0.636  ; packer_ppa_boundary:u_boundary|frac_q[50]    ; posit_pack:u_packer|g_trunc.d_q[25] ; clk          ; clk         ; 10.000       ; 0.262      ; 9.621      ;
; 0.640  ; packer_ppa_boundary:u_boundary|frac_q[49]    ; posit_pack:u_packer|g_trunc.d_q[27] ; clk          ; clk         ; 10.000       ; 0.311      ; 9.666      ;
; 0.643  ; packer_ppa_boundary:u_boundary|frac_q[39]    ; posit_pack:u_packer|g_trunc.d_q[25] ; clk          ; clk         ; 10.000       ; 0.264      ; 9.616      ;
; 0.646  ; packer_ppa_boundary:u_boundary|frac_q[51]    ; posit_pack:u_packer|g_trunc.d_q[27] ; clk          ; clk         ; 10.000       ; 0.311      ; 9.660      ;
; 0.648  ; packer_ppa_boundary:u_boundary|sf_q[2]       ; posit_pack:u_packer|g_trunc.d_q[30] ; clk          ; clk         ; 10.000       ; 0.311      ; 9.658      ;
; 0.649  ; packer_ppa_boundary:u_boundary|frac_q[46]    ; posit_pack:u_packer|g_trunc.d_q[31] ; clk          ; clk         ; 10.000       ; -0.065     ; 9.281      ;
; 0.666  ; packer_ppa_boundary:u_boundary|sf_q[2]       ; posit_pack:u_packer|g_trunc.d_q[23] ; clk          ; clk         ; 10.000       ; 0.311      ; 9.640      ;
; 0.667  ; packer_ppa_boundary:u_boundary|sf_q[5]       ; posit_pack:u_packer|g_trunc.d_q[25] ; clk          ; clk         ; 10.000       ; 0.261      ; 9.589      ;
; 0.671  ; packer_ppa_boundary:u_boundary|frac_q[46]    ; posit_pack:u_packer|g_trunc.d_q[19] ; clk          ; clk         ; 10.000       ; 0.262      ; 9.586      ;
; 0.672  ; packer_ppa_boundary:u_boundary|flags_in_q[4] ; posit_pack:u_packer|g_trunc.d_q[25] ; clk          ; clk         ; 10.000       ; 0.261      ; 9.584      ;
; 0.678  ; packer_ppa_boundary:u_boundary|sf_q[6]       ; posit_pack:u_packer|g_trunc.d_q[31] ; clk          ; clk         ; 10.000       ; -0.065     ; 9.252      ;
; 0.678  ; packer_ppa_boundary:u_boundary|sf_q[4]       ; posit_pack:u_packer|g_trunc.d_q[31] ; clk          ; clk         ; 10.000       ; -0.064     ; 9.253      ;
; 0.681  ; packer_ppa_boundary:u_boundary|frac_q[48]    ; posit_pack:u_packer|g_trunc.d_q[25] ; clk          ; clk         ; 10.000       ; 0.263      ; 9.577      ;
; 0.695  ; packer_ppa_boundary:u_boundary|frac_q[43]    ; posit_pack:u_packer|g_trunc.d_q[27] ; clk          ; clk         ; 10.000       ; 0.311      ; 9.611      ;
; 0.695  ; packer_ppa_boundary:u_boundary|sf_q[9]       ; posit_pack:u_packer|g_trunc.d_q[15] ; clk          ; clk         ; 10.000       ; 0.287      ; 9.587      ;
; 0.696  ; packer_ppa_boundary:u_boundary|sf_q[9]       ; posit_pack:u_packer|g_trunc.d_q[28] ; clk          ; clk         ; 10.000       ; 0.312      ; 9.611      ;
; 0.696  ; packer_ppa_boundary:u_boundary|frac_q[50]    ; posit_pack:u_packer|g_trunc.d_q[30] ; clk          ; clk         ; 10.000       ; 0.311      ; 9.610      ;
; 0.697  ; packer_ppa_boundary:u_boundary|is_zero_q     ; posit_pack:u_packer|g_trunc.d_q[27] ; clk          ; clk         ; 10.000       ; 0.310      ; 9.608      ;
; 0.700  ; packer_ppa_boundary:u_boundary|sf_q[5]       ; posit_pack:u_packer|g_trunc.d_q[30] ; clk          ; clk         ; 10.000       ; 0.310      ; 9.605      ;
; 0.700  ; packer_ppa_boundary:u_boundary|sf_q[6]       ; posit_pack:u_packer|g_trunc.d_q[19] ; clk          ; clk         ; 10.000       ; 0.262      ; 9.557      ;
; 0.700  ; packer_ppa_boundary:u_boundary|sf_q[4]       ; posit_pack:u_packer|g_trunc.d_q[19] ; clk          ; clk         ; 10.000       ; 0.263      ; 9.558      ;
; 0.702  ; packer_ppa_boundary:u_boundary|sf_q[8]       ; posit_pack:u_packer|g_trunc.d_q[30] ; clk          ; clk         ; 10.000       ; 0.310      ; 9.603      ;
; 0.703  ; packer_ppa_boundary:u_boundary|frac_q[44]    ; posit_pack:u_packer|g_trunc.d_q[30] ; clk          ; clk         ; 10.000       ; 0.311      ; 9.603      ;
; 0.703  ; packer_ppa_boundary:u_boundary|frac_q[36]    ; posit_pack:u_packer|g_trunc.d_q[27] ; clk          ; clk         ; 10.000       ; 0.310      ; 9.602      ;
; 0.708  ; packer_ppa_boundary:u_boundary|sf_q[7]       ; posit_pack:u_packer|g_trunc.d_q[30] ; clk          ; clk         ; 10.000       ; 0.310      ; 9.597      ;
; 0.712  ; packer_ppa_boundary:u_boundary|frac_q[45]    ; posit_pack:u_packer|g_trunc.d_q[25] ; clk          ; clk         ; 10.000       ; 0.262      ; 9.545      ;
; 0.715  ; packer_ppa_boundary:u_boundary|sf_q[1]       ; posit_pack:u_packer|g_trunc.d_q[30] ; clk          ; clk         ; 10.000       ; 0.311      ; 9.591      ;
; 0.720  ; packer_ppa_boundary:u_boundary|sf_q[8]       ; posit_pack:u_packer|g_trunc.d_q[23] ; clk          ; clk         ; 10.000       ; 0.310      ; 9.585      ;
; 0.721  ; packer_ppa_boundary:u_boundary|frac_q[44]    ; posit_pack:u_packer|g_trunc.d_q[23] ; clk          ; clk         ; 10.000       ; 0.311      ; 9.585      ;
; 0.722  ; packer_ppa_boundary:u_boundary|frac_q[31]    ; posit_pack:u_packer|g_trunc.d_q[27] ; clk          ; clk         ; 10.000       ; 0.314      ; 9.587      ;
; 0.724  ; packer_ppa_boundary:u_boundary|sf_q[3]       ; posit_pack:u_packer|g_trunc.d_q[15] ; clk          ; clk         ; 10.000       ; 0.287      ; 9.558      ;
; 0.725  ; packer_ppa_boundary:u_boundary|frac_q[53]    ; posit_pack:u_packer|g_trunc.d_q[23] ; clk          ; clk         ; 10.000       ; 0.311      ; 9.581      ;
; 0.725  ; packer_ppa_boundary:u_boundary|sf_q[3]       ; posit_pack:u_packer|g_trunc.d_q[28] ; clk          ; clk         ; 10.000       ; 0.312      ; 9.582      ;
; 0.726  ; packer_ppa_boundary:u_boundary|sf_q[7]       ; posit_pack:u_packer|g_trunc.d_q[23] ; clk          ; clk         ; 10.000       ; 0.310      ; 9.579      ;
; 0.729  ; packer_ppa_boundary:u_boundary|frac_q[39]    ; posit_pack:u_packer|g_trunc.d_q[30] ; clk          ; clk         ; 10.000       ; 0.313      ; 9.579      ;
; 0.738  ; packer_ppa_boundary:u_boundary|sf_q[0]       ; posit_pack:u_packer|g_trunc.d_q[27] ; clk          ; clk         ; 10.000       ; 0.311      ; 9.568      ;
; 0.752  ; packer_ppa_boundary:u_boundary|sf_q[1]       ; posit_pack:u_packer|g_trunc.d_q[23] ; clk          ; clk         ; 10.000       ; 0.311      ; 9.554      ;
; 0.754  ; packer_ppa_boundary:u_boundary|is_nar_q      ; posit_pack:u_packer|g_trunc.d_q[27] ; clk          ; clk         ; 10.000       ; 0.310      ; 9.551      ;
; 0.756  ; packer_ppa_boundary:u_boundary|frac_q[47]    ; posit_pack:u_packer|g_trunc.d_q[21] ; clk          ; clk         ; 10.000       ; 0.261      ; 9.500      ;
; 0.757  ; packer_ppa_boundary:u_boundary|frac_q[50]    ; posit_pack:u_packer|g_trunc.d_q[23] ; clk          ; clk         ; 10.000       ; 0.311      ; 9.549      ;
; 0.764  ; packer_ppa_boundary:u_boundary|frac_q[39]    ; posit_pack:u_packer|g_trunc.d_q[23] ; clk          ; clk         ; 10.000       ; 0.313      ; 9.544      ;
; 0.774  ; packer_ppa_boundary:u_boundary|frac_q[52]    ; posit_pack:u_packer|g_trunc.d_q[27] ; clk          ; clk         ; 10.000       ; 0.311      ; 9.532      ;
; 0.775  ; packer_ppa_boundary:u_boundary|flags_in_q[4] ; posit_pack:u_packer|g_trunc.d_q[30] ; clk          ; clk         ; 10.000       ; 0.310      ; 9.530      ;
; 0.778  ; packer_ppa_boundary:u_boundary|frac_q[54]    ; posit_pack:u_packer|g_trunc.d_q[27] ; clk          ; clk         ; 10.000       ; 0.311      ; 9.528      ;
; 0.781  ; packer_ppa_boundary:u_boundary|frac_q[49]    ; posit_pack:u_packer|g_trunc.d_q[25] ; clk          ; clk         ; 10.000       ; 0.262      ; 9.476      ;
; 0.784  ; packer_ppa_boundary:u_boundary|sf_q[9]       ; posit_pack:u_packer|g_trunc.d_q[24] ; clk          ; clk         ; 10.000       ; 0.312      ; 9.523      ;
+--------+----------------------------------------------+-------------------------------------+--------------+-------------+--------------+------------+------------+


+------------------------------------------------------------------------------------------------------------------------------------------------------------------------+
; Slow 1200mV 85C Model Hold: 'clk'                                                                                                                                      ;
+-------+----------------------------------------------+-------------------------------------------+--------------+-------------+--------------+------------+------------+
; Slack ; From Node                                    ; To Node                                   ; Launch Clock ; Latch Clock ; Relationship ; Clock Skew ; Data Delay ;
+-------+----------------------------------------------+-------------------------------------------+--------------+-------------+--------------+------------+------------+
; 0.372 ; posit_pack:u_packer|g_trunc.valid_q          ; packer_ppa_boundary:u_boundary|out_valid  ; clk          ; clk         ; 0.000        ; 0.062      ; 0.591      ;
; 0.376 ; packer_ppa_boundary:u_boundary|meta_sync1    ; packer_ppa_boundary:u_boundary|meta_sync2 ; clk          ; clk         ; 0.000        ; 0.061      ; 0.594      ;
; 0.376 ; packer_ppa_boundary:u_boundary|flags_in_q[2] ; posit_pack:u_packer|g_trunc.flags_q[2]    ; clk          ; clk         ; 0.000        ; 0.061      ; 0.594      ;
; 0.512 ; posit_pack:u_packer|g_trunc.flags_q[3]       ; packer_ppa_boundary:u_boundary|flags[3]   ; clk          ; clk         ; 0.000        ; 0.061      ; 0.730      ;
; 0.517 ; posit_pack:u_packer|g_trunc.flags_q[2]       ; packer_ppa_boundary:u_boundary|flags[2]   ; clk          ; clk         ; 0.000        ; 0.061      ; 0.735      ;
; 0.566 ; packer_ppa_boundary:u_boundary|flags_in_q[3] ; posit_pack:u_packer|g_trunc.flags_q[3]    ; clk          ; clk         ; 0.000        ; 0.061      ; 0.784      ;
; 0.604 ; packer_ppa_boundary:u_boundary|flags_in_q[0] ; posit_pack:u_packer|g_trunc.flags_q[0]    ; clk          ; clk         ; 0.000        ; 0.062      ; 0.823      ;
; 0.658 ; posit_pack:u_packer|g_trunc.d_q[31]          ; packer_ppa_boundary:u_boundary|d[31]      ; clk          ; clk         ; 0.000        ; 0.061      ; 0.876      ;
; 0.708 ; posit_pack:u_packer|g_trunc.flags_q[0]       ; packer_ppa_boundary:u_boundary|flags[0]   ; clk          ; clk         ; 0.000        ; 0.061      ; 0.926      ;
; 0.729 ; posit_pack:u_packer|g_trunc.d_q[21]          ; packer_ppa_boundary:u_boundary|d[21]      ; clk          ; clk         ; 0.000        ; -0.291     ; 0.595      ;
; 0.750 ; posit_pack:u_packer|g_trunc.d_q[23]          ; packer_ppa_boundary:u_boundary|d[23]      ; clk          ; clk         ; 0.000        ; -0.315     ; 0.592      ;
; 0.750 ; posit_pack:u_packer|g_trunc.flags_q[4]       ; packer_ppa_boundary:u_boundary|flags[4]   ; clk          ; clk         ; 0.000        ; -0.314     ; 0.593      ;
; 0.751 ; posit_pack:u_packer|g_trunc.d_q[30]          ; packer_ppa_boundary:u_boundary|d[30]      ; clk          ; clk         ; 0.000        ; -0.315     ; 0.593      ;
; 0.818 ; packer_ppa_boundary:u_boundary|flags_in_q[4] ; posit_pack:u_packer|g_trunc.d_q[15]       ; clk          ; clk         ; 0.000        ; 0.456      ; 1.431      ;
; 0.818 ; packer_ppa_boundary:u_boundary|flags_in_q[4] ; posit_pack:u_packer|g_trunc.d_q[16]       ; clk          ; clk         ; 0.000        ; 0.456      ; 1.431      ;
; 0.818 ; packer_ppa_boundary:u_boundary|flags_in_q[4] ; posit_pack:u_packer|g_trunc.d_q[18]       ; clk          ; clk         ; 0.000        ; 0.456      ; 1.431      ;
; 0.818 ; posit_pack:u_packer|g_trunc.d_q[6]           ; packer_ppa_boundary:u_boundary|d[6]       ; clk          ; clk         ; 0.000        ; 0.066      ; 1.041      ;
; 0.820 ; packer_ppa_boundary:u_boundary|flags_in_q[4] ; posit_pack:u_packer|g_trunc.d_q[8]        ; clk          ; clk         ; 0.000        ; 0.429      ; 1.406      ;
; 0.822 ; packer_ppa_boundary:u_boundary|flags_in_q[4] ; posit_pack:u_packer|g_trunc.d_q[4]        ; clk          ; clk         ; 0.000        ; 0.429      ; 1.408      ;
; 0.823 ; packer_ppa_boundary:u_boundary|flags_in_q[4] ; posit_pack:u_packer|g_trunc.d_q[17]       ; clk          ; clk         ; 0.000        ; 0.456      ; 1.436      ;
; 0.823 ; packer_ppa_boundary:u_boundary|flags_in_q[4] ; posit_pack:u_packer|g_trunc.d_q[29]       ; clk          ; clk         ; 0.000        ; 0.456      ; 1.436      ;
; 0.824 ; packer_ppa_boundary:u_boundary|flags_in_q[4] ; posit_pack:u_packer|g_trunc.d_q[9]        ; clk          ; clk         ; 0.000        ; 0.429      ; 1.410      ;
; 0.825 ; packer_ppa_boundary:u_boundary|flags_in_q[4] ; posit_pack:u_packer|g_trunc.d_q[21]       ; clk          ; clk         ; 0.000        ; 0.429      ; 1.411      ;
; 0.865 ; packer_ppa_boundary:u_boundary|is_nar_q      ; posit_pack:u_packer|g_trunc.d_q[3]        ; clk          ; clk         ; 0.000        ; 0.431      ; 1.453      ;
; 0.865 ; packer_ppa_boundary:u_boundary|is_nar_q      ; posit_pack:u_packer|g_trunc.d_q[5]        ; clk          ; clk         ; 0.000        ; 0.431      ; 1.453      ;
; 0.866 ; packer_ppa_boundary:u_boundary|is_nar_q      ; posit_pack:u_packer|g_trunc.d_q[25]       ; clk          ; clk         ; 0.000        ; 0.431      ; 1.454      ;
; 0.869 ; packer_ppa_boundary:u_boundary|is_nar_q      ; posit_pack:u_packer|g_trunc.d_q[1]        ; clk          ; clk         ; 0.000        ; 0.431      ; 1.457      ;
; 0.869 ; posit_pack:u_packer|g_trunc.d_q[9]           ; packer_ppa_boundary:u_boundary|d[9]       ; clk          ; clk         ; 0.000        ; -0.291     ; 0.735      ;
; 0.885 ; posit_pack:u_packer|g_trunc.d_q[1]           ; packer_ppa_boundary:u_boundary|d[1]       ; clk          ; clk         ; 0.000        ; -0.289     ; 0.753      ;
; 0.886 ; packer_ppa_boundary:u_boundary|sign_q        ; posit_pack:u_packer|g_trunc.d_q[0]        ; clk          ; clk         ; 0.000        ; 0.453      ; 1.496      ;
; 0.887 ; packer_ppa_boundary:u_boundary|is_nar_q      ; posit_pack:u_packer|g_trunc.d_q[14]       ; clk          ; clk         ; 0.000        ; 0.432      ; 1.476      ;
; 0.887 ; packer_ppa_boundary:u_boundary|is_nar_q      ; posit_pack:u_packer|g_trunc.d_q[19]       ; clk          ; clk         ; 0.000        ; 0.432      ; 1.476      ;
; 0.888 ; packer_ppa_boundary:u_boundary|flags_in_q[4] ; posit_pack:u_packer|g_trunc.d_q[20]       ; clk          ; clk         ; 0.000        ; 0.450      ; 1.495      ;
; 0.888 ; packer_ppa_boundary:u_boundary|is_nar_q      ; posit_pack:u_packer|g_trunc.d_q[10]       ; clk          ; clk         ; 0.000        ; 0.432      ; 1.477      ;
; 0.888 ; packer_ppa_boundary:u_boundary|is_nar_q      ; posit_pack:u_packer|g_trunc.d_q[11]       ; clk          ; clk         ; 0.000        ; 0.432      ; 1.477      ;
; 0.888 ; packer_ppa_boundary:u_boundary|is_nar_q      ; posit_pack:u_packer|g_trunc.d_q[12]       ; clk          ; clk         ; 0.000        ; 0.432      ; 1.477      ;
; 0.888 ; packer_ppa_boundary:u_boundary|is_nar_q      ; posit_pack:u_packer|g_trunc.d_q[13]       ; clk          ; clk         ; 0.000        ; 0.432      ; 1.477      ;
; 0.889 ; packer_ppa_boundary:u_boundary|flags_in_q[4] ; posit_pack:u_packer|g_trunc.d_q[24]       ; clk          ; clk         ; 0.000        ; 0.450      ; 1.496      ;
; 0.889 ; packer_ppa_boundary:u_boundary|flags_in_q[4] ; posit_pack:u_packer|g_trunc.d_q[28]       ; clk          ; clk         ; 0.000        ; 0.450      ; 1.496      ;
; 0.891 ; packer_ppa_boundary:u_boundary|flags_in_q[4] ; posit_pack:u_packer|g_trunc.d_q[26]       ; clk          ; clk         ; 0.000        ; 0.450      ; 1.498      ;
; 0.892 ; packer_ppa_boundary:u_boundary|flags_in_q[4] ; posit_pack:u_packer|g_trunc.d_q[22]       ; clk          ; clk         ; 0.000        ; 0.450      ; 1.499      ;
; 0.893 ; posit_pack:u_packer|g_trunc.d_q[27]          ; packer_ppa_boundary:u_boundary|d[27]      ; clk          ; clk         ; 0.000        ; -0.315     ; 0.735      ;
; 0.902 ; posit_pack:u_packer|g_trunc.d_q[0]           ; packer_ppa_boundary:u_boundary|d[0]       ; clk          ; clk         ; 0.000        ; -0.315     ; 0.744      ;
; 0.915 ; packer_ppa_boundary:u_boundary|is_zero_q     ; posit_pack:u_packer|g_trunc.d_q[17]       ; clk          ; clk         ; 0.000        ; 0.456      ; 1.528      ;
; 0.915 ; packer_ppa_boundary:u_boundary|is_zero_q     ; posit_pack:u_packer|g_trunc.d_q[29]       ; clk          ; clk         ; 0.000        ; 0.456      ; 1.528      ;
; 0.917 ; packer_ppa_boundary:u_boundary|is_zero_q     ; posit_pack:u_packer|g_trunc.d_q[18]       ; clk          ; clk         ; 0.000        ; 0.456      ; 1.530      ;
; 0.919 ; packer_ppa_boundary:u_boundary|is_zero_q     ; posit_pack:u_packer|g_trunc.d_q[15]       ; clk          ; clk         ; 0.000        ; 0.456      ; 1.532      ;
; 0.919 ; packer_ppa_boundary:u_boundary|is_zero_q     ; posit_pack:u_packer|g_trunc.d_q[16]       ; clk          ; clk         ; 0.000        ; 0.456      ; 1.532      ;
; 0.931 ; packer_ppa_boundary:u_boundary|is_zero_q     ; posit_pack:u_packer|g_trunc.d_q[14]       ; clk          ; clk         ; 0.000        ; 0.432      ; 1.520      ;
; 0.931 ; packer_ppa_boundary:u_boundary|is_zero_q     ; posit_pack:u_packer|g_trunc.d_q[19]       ; clk          ; clk         ; 0.000        ; 0.432      ; 1.520      ;
; 0.932 ; packer_ppa_boundary:u_boundary|is_zero_q     ; posit_pack:u_packer|g_trunc.d_q[11]       ; clk          ; clk         ; 0.000        ; 0.432      ; 1.521      ;
; 0.933 ; packer_ppa_boundary:u_boundary|is_zero_q     ; posit_pack:u_packer|g_trunc.d_q[13]       ; clk          ; clk         ; 0.000        ; 0.432      ; 1.522      ;
; 0.935 ; packer_ppa_boundary:u_boundary|is_zero_q     ; posit_pack:u_packer|g_trunc.d_q[10]       ; clk          ; clk         ; 0.000        ; 0.432      ; 1.524      ;
; 0.935 ; packer_ppa_boundary:u_boundary|is_zero_q     ; posit_pack:u_packer|g_trunc.d_q[12]       ; clk          ; clk         ; 0.000        ; 0.432      ; 1.524      ;
; 0.940 ; packer_ppa_boundary:u_boundary|sign_q        ; posit_pack:u_packer|g_trunc.d_q[31]       ; clk          ; clk         ; 0.000        ; 0.062      ; 1.159      ;
; 0.969 ; packer_ppa_boundary:u_boundary|is_zero_q     ; posit_pack:u_packer|g_trunc.d_q[4]        ; clk          ; clk         ; 0.000        ; 0.429      ; 1.555      ;
; 0.969 ; packer_ppa_boundary:u_boundary|is_zero_q     ; posit_pack:u_packer|g_trunc.d_q[9]        ; clk          ; clk         ; 0.000        ; 0.429      ; 1.555      ;
; 0.970 ; packer_ppa_boundary:u_boundary|is_zero_q     ; posit_pack:u_packer|g_trunc.d_q[8]        ; clk          ; clk         ; 0.000        ; 0.429      ; 1.556      ;
; 0.970 ; packer_ppa_boundary:u_boundary|is_zero_q     ; posit_pack:u_packer|g_trunc.d_q[21]       ; clk          ; clk         ; 0.000        ; 0.429      ; 1.556      ;
; 1.023 ; packer_ppa_boundary:u_boundary|is_zero_q     ; posit_pack:u_packer|g_trunc.d_q[5]        ; clk          ; clk         ; 0.000        ; 0.431      ; 1.611      ;
; 1.025 ; packer_ppa_boundary:u_boundary|is_zero_q     ; posit_pack:u_packer|g_trunc.d_q[3]        ; clk          ; clk         ; 0.000        ; 0.431      ; 1.613      ;
; 1.027 ; posit_pack:u_packer|g_trunc.flags_q[1]       ; packer_ppa_boundary:u_boundary|flags[1]   ; clk          ; clk         ; 0.000        ; 0.066      ; 1.250      ;
; 1.029 ; packer_ppa_boundary:u_boundary|is_zero_q     ; posit_pack:u_packer|g_trunc.d_q[1]        ; clk          ; clk         ; 0.000        ; 0.431      ; 1.617      ;
; 1.029 ; packer_ppa_boundary:u_boundary|is_zero_q     ; posit_pack:u_packer|g_trunc.d_q[25]       ; clk          ; clk         ; 0.000        ; 0.431      ; 1.617      ;
; 1.035 ; packer_ppa_boundary:u_boundary|flags_in_q[1] ; posit_pack:u_packer|g_trunc.flags_q[1]    ; clk          ; clk         ; 0.000        ; 0.065      ; 1.257      ;
; 1.067 ; posit_pack:u_packer|g_trunc.d_q[20]          ; packer_ppa_boundary:u_boundary|d[20]      ; clk          ; clk         ; 0.000        ; -0.315     ; 0.909      ;
; 1.068 ; posit_pack:u_packer|g_trunc.d_q[16]          ; packer_ppa_boundary:u_boundary|d[16]      ; clk          ; clk         ; 0.000        ; -0.315     ; 0.910      ;
; 1.091 ; packer_ppa_boundary:u_boundary|flags_in_q[4] ; posit_pack:u_packer|g_trunc.flags_q[0]    ; clk          ; clk         ; 0.000        ; 0.057      ; 1.305      ;
; 1.097 ; posit_pack:u_packer|g_trunc.d_q[2]           ; packer_ppa_boundary:u_boundary|d[2]       ; clk          ; clk         ; 0.000        ; -0.316     ; 0.938      ;
; 1.107 ; posit_pack:u_packer|g_trunc.d_q[3]           ; packer_ppa_boundary:u_boundary|d[3]       ; clk          ; clk         ; 0.000        ; -0.287     ; 0.977      ;
; 1.108 ; posit_pack:u_packer|g_trunc.d_q[5]           ; packer_ppa_boundary:u_boundary|d[5]       ; clk          ; clk         ; 0.000        ; -0.287     ; 0.978      ;
; 1.114 ; posit_pack:u_packer|g_trunc.d_q[4]           ; packer_ppa_boundary:u_boundary|d[4]       ; clk          ; clk         ; 0.000        ; -0.286     ; 0.985      ;
; 1.116 ; packer_ppa_boundary:u_boundary|flags_in_q[4] ; posit_pack:u_packer|g_trunc.d_q[23]       ; clk          ; clk         ; 0.000        ; 0.449      ; 1.722      ;
; 1.116 ; packer_ppa_boundary:u_boundary|flags_in_q[4] ; posit_pack:u_packer|g_trunc.d_q[27]       ; clk          ; clk         ; 0.000        ; 0.449      ; 1.722      ;
; 1.116 ; packer_ppa_boundary:u_boundary|flags_in_q[4] ; posit_pack:u_packer|g_trunc.d_q[30]       ; clk          ; clk         ; 0.000        ; 0.449      ; 1.722      ;
; 1.117 ; packer_ppa_boundary:u_boundary|flags_in_q[4] ; posit_pack:u_packer|g_trunc.d_q[2]        ; clk          ; clk         ; 0.000        ; 0.449      ; 1.723      ;
; 1.127 ; packer_ppa_boundary:u_boundary|flags_in_q[4] ; posit_pack:u_packer|g_trunc.d_q[0]        ; clk          ; clk         ; 0.000        ; 0.450      ; 1.734      ;
; 1.133 ; posit_pack:u_packer|g_trunc.d_q[8]           ; packer_ppa_boundary:u_boundary|d[8]       ; clk          ; clk         ; 0.000        ; -0.286     ; 1.004      ;
; 1.137 ; posit_pack:u_packer|g_trunc.d_q[19]          ; packer_ppa_boundary:u_boundary|d[19]      ; clk          ; clk         ; 0.000        ; -0.293     ; 1.001      ;
; 1.137 ; posit_pack:u_packer|g_trunc.d_q[25]          ; packer_ppa_boundary:u_boundary|d[25]      ; clk          ; clk         ; 0.000        ; -0.287     ; 1.007      ;
; 1.140 ; posit_pack:u_packer|g_trunc.d_q[13]          ; packer_ppa_boundary:u_boundary|d[13]      ; clk          ; clk         ; 0.000        ; -0.291     ; 1.006      ;
; 1.141 ; posit_pack:u_packer|g_trunc.d_q[14]          ; packer_ppa_boundary:u_boundary|d[14]      ; clk          ; clk         ; 0.000        ; -0.291     ; 1.007      ;
; 1.142 ; posit_pack:u_packer|g_trunc.d_q[12]          ; packer_ppa_boundary:u_boundary|d[12]      ; clk          ; clk         ; 0.000        ; -0.293     ; 1.006      ;
; 1.145 ; posit_pack:u_packer|g_trunc.d_q[11]          ; packer_ppa_boundary:u_boundary|d[11]      ; clk          ; clk         ; 0.000        ; -0.293     ; 1.009      ;
; 1.150 ; packer_ppa_boundary:u_boundary|flags_in_q[4] ; posit_pack:u_packer|g_trunc.d_q[10]       ; clk          ; clk         ; 0.000        ; 0.432      ; 1.739      ;
; 1.150 ; packer_ppa_boundary:u_boundary|flags_in_q[4] ; posit_pack:u_packer|g_trunc.d_q[12]       ; clk          ; clk         ; 0.000        ; 0.432      ; 1.739      ;
; 1.150 ; packer_ppa_boundary:u_boundary|flags_in_q[4] ; posit_pack:u_packer|g_trunc.d_q[13]       ; clk          ; clk         ; 0.000        ; 0.432      ; 1.739      ;
; 1.151 ; packer_ppa_boundary:u_boundary|flags_in_q[4] ; posit_pack:u_packer|g_trunc.d_q[19]       ; clk          ; clk         ; 0.000        ; 0.432      ; 1.740      ;
; 1.152 ; packer_ppa_boundary:u_boundary|flags_in_q[4] ; posit_pack:u_packer|g_trunc.d_q[14]       ; clk          ; clk         ; 0.000        ; 0.432      ; 1.741      ;
; 1.152 ; packer_ppa_boundary:u_boundary|flags_in_q[4] ; posit_pack:u_packer|g_trunc.d_q[11]       ; clk          ; clk         ; 0.000        ; 0.432      ; 1.741      ;
; 1.156 ; packer_ppa_boundary:u_boundary|sign_q        ; posit_pack:u_packer|g_trunc.d_q[26]       ; clk          ; clk         ; 0.000        ; 0.453      ; 1.766      ;
; 1.157 ; packer_ppa_boundary:u_boundary|sign_q        ; posit_pack:u_packer|g_trunc.d_q[20]       ; clk          ; clk         ; 0.000        ; 0.453      ; 1.767      ;
; 1.157 ; packer_ppa_boundary:u_boundary|sign_q        ; posit_pack:u_packer|g_trunc.d_q[28]       ; clk          ; clk         ; 0.000        ; 0.453      ; 1.767      ;
; 1.158 ; packer_ppa_boundary:u_boundary|sign_q        ; posit_pack:u_packer|g_trunc.d_q[22]       ; clk          ; clk         ; 0.000        ; 0.453      ; 1.768      ;
; 1.159 ; packer_ppa_boundary:u_boundary|sign_q        ; posit_pack:u_packer|g_trunc.d_q[24]       ; clk          ; clk         ; 0.000        ; 0.453      ; 1.769      ;
; 1.163 ; posit_pack:u_packer|g_trunc.d_q[18]          ; packer_ppa_boundary:u_boundary|d[18]      ; clk          ; clk         ; 0.000        ; -0.318     ; 1.002      ;
; 1.166 ; posit_pack:u_packer|g_trunc.d_q[10]          ; packer_ppa_boundary:u_boundary|d[10]      ; clk          ; clk         ; 0.000        ; -0.293     ; 1.030      ;
; 1.167 ; posit_pack:u_packer|g_trunc.d_q[15]          ; packer_ppa_boundary:u_boundary|d[15]      ; clk          ; clk         ; 0.000        ; -0.318     ; 1.006      ;
; 1.184 ; posit_pack:u_packer|g_trunc.d_q[28]          ; packer_ppa_boundary:u_boundary|d[28]      ; clk          ; clk         ; 0.000        ; -0.308     ; 1.033      ;
; 1.186 ; packer_ppa_boundary:u_boundary|flags_in_q[4] ; posit_pack:u_packer|g_trunc.d_q[6]        ; clk          ; clk         ; 0.000        ; 0.063      ; 1.406      ;
+-------+----------------------------------------------+-------------------------------------------+--------------+-------------+--------------+------------+------------+


+------------------------------------------------------------------------------------------------------------------------------------------------------------------------+
; Slow 1200mV 85C Model Recovery: 'clk'                                                                                                                                  ;
+-------+-------------------------------------------+----------------------------------------------+--------------+-------------+--------------+------------+------------+
; Slack ; From Node                                 ; To Node                                      ; Launch Clock ; Latch Clock ; Relationship ; Clock Skew ; Data Delay ;
+-------+-------------------------------------------+----------------------------------------------+--------------+-------------+--------------+------------+------------+
; 6.041 ; packer_ppa_boundary:u_boundary|meta_sync2 ; posit_pack:u_packer|g_trunc.d_q[7]           ; clk          ; clk         ; 10.000       ; -0.090     ; 3.864      ;
; 6.041 ; packer_ppa_boundary:u_boundary|meta_sync2 ; packer_ppa_boundary:u_boundary|frac_q[7]     ; clk          ; clk         ; 10.000       ; -0.088     ; 3.866      ;
; 6.041 ; packer_ppa_boundary:u_boundary|meta_sync2 ; packer_ppa_boundary:u_boundary|frac_q[10]    ; clk          ; clk         ; 10.000       ; -0.088     ; 3.866      ;
; 6.041 ; packer_ppa_boundary:u_boundary|meta_sync2 ; packer_ppa_boundary:u_boundary|frac_q[8]     ; clk          ; clk         ; 10.000       ; -0.088     ; 3.866      ;
; 6.042 ; packer_ppa_boundary:u_boundary|meta_sync2 ; posit_pack:u_packer|g_trunc.valid_q          ; clk          ; clk         ; 10.000       ; -0.071     ; 3.882      ;
; 6.042 ; packer_ppa_boundary:u_boundary|meta_sync2 ; packer_ppa_boundary:u_boundary|out_valid     ; clk          ; clk         ; 10.000       ; -0.071     ; 3.882      ;
; 6.042 ; packer_ppa_boundary:u_boundary|meta_sync2 ; packer_ppa_boundary:u_boundary|d[1]          ; clk          ; clk         ; 10.000       ; -0.090     ; 3.863      ;
; 6.042 ; packer_ppa_boundary:u_boundary|meta_sync2 ; packer_ppa_boundary:u_boundary|d[3]          ; clk          ; clk         ; 10.000       ; -0.087     ; 3.866      ;
; 6.042 ; packer_ppa_boundary:u_boundary|meta_sync2 ; packer_ppa_boundary:u_boundary|d[4]          ; clk          ; clk         ; 10.000       ; -0.087     ; 3.866      ;
; 6.042 ; packer_ppa_boundary:u_boundary|meta_sync2 ; packer_ppa_boundary:u_boundary|d[5]          ; clk          ; clk         ; 10.000       ; -0.087     ; 3.866      ;
; 6.042 ; packer_ppa_boundary:u_boundary|meta_sync2 ; posit_pack:u_packer|g_trunc.d_q[6]           ; clk          ; clk         ; 10.000       ; -0.092     ; 3.861      ;
; 6.042 ; packer_ppa_boundary:u_boundary|meta_sync2 ; packer_ppa_boundary:u_boundary|d[6]          ; clk          ; clk         ; 10.000       ; -0.087     ; 3.866      ;
; 6.042 ; packer_ppa_boundary:u_boundary|meta_sync2 ; packer_ppa_boundary:u_boundary|d[7]          ; clk          ; clk         ; 10.000       ; -0.093     ; 3.860      ;
; 6.042 ; packer_ppa_boundary:u_boundary|meta_sync2 ; packer_ppa_boundary:u_boundary|d[8]          ; clk          ; clk         ; 10.000       ; -0.087     ; 3.866      ;
; 6.042 ; packer_ppa_boundary:u_boundary|meta_sync2 ; packer_ppa_boundary:u_boundary|d[9]          ; clk          ; clk         ; 10.000       ; -0.092     ; 3.861      ;
; 6.042 ; packer_ppa_boundary:u_boundary|meta_sync2 ; packer_ppa_boundary:u_boundary|d[10]         ; clk          ; clk         ; 10.000       ; -0.092     ; 3.861      ;
; 6.042 ; packer_ppa_boundary:u_boundary|meta_sync2 ; packer_ppa_boundary:u_boundary|d[11]         ; clk          ; clk         ; 10.000       ; -0.092     ; 3.861      ;
; 6.042 ; packer_ppa_boundary:u_boundary|meta_sync2 ; packer_ppa_boundary:u_boundary|d[12]         ; clk          ; clk         ; 10.000       ; -0.092     ; 3.861      ;
; 6.042 ; packer_ppa_boundary:u_boundary|meta_sync2 ; packer_ppa_boundary:u_boundary|d[13]         ; clk          ; clk         ; 10.000       ; -0.091     ; 3.862      ;
; 6.042 ; packer_ppa_boundary:u_boundary|meta_sync2 ; packer_ppa_boundary:u_boundary|d[14]         ; clk          ; clk         ; 10.000       ; -0.091     ; 3.862      ;
; 6.042 ; packer_ppa_boundary:u_boundary|meta_sync2 ; packer_ppa_boundary:u_boundary|d[15]         ; clk          ; clk         ; 10.000       ; -0.093     ; 3.860      ;
; 6.042 ; packer_ppa_boundary:u_boundary|meta_sync2 ; packer_ppa_boundary:u_boundary|d[16]         ; clk          ; clk         ; 10.000       ; -0.091     ; 3.862      ;
; 6.042 ; packer_ppa_boundary:u_boundary|meta_sync2 ; packer_ppa_boundary:u_boundary|d[17]         ; clk          ; clk         ; 10.000       ; -0.087     ; 3.866      ;
; 6.042 ; packer_ppa_boundary:u_boundary|meta_sync2 ; packer_ppa_boundary:u_boundary|d[18]         ; clk          ; clk         ; 10.000       ; -0.093     ; 3.860      ;
; 6.042 ; packer_ppa_boundary:u_boundary|meta_sync2 ; packer_ppa_boundary:u_boundary|d[19]         ; clk          ; clk         ; 10.000       ; -0.092     ; 3.861      ;
; 6.042 ; packer_ppa_boundary:u_boundary|meta_sync2 ; packer_ppa_boundary:u_boundary|d[21]         ; clk          ; clk         ; 10.000       ; -0.092     ; 3.861      ;
; 6.042 ; packer_ppa_boundary:u_boundary|meta_sync2 ; packer_ppa_boundary:u_boundary|d[22]         ; clk          ; clk         ; 10.000       ; -0.091     ; 3.862      ;
; 6.042 ; packer_ppa_boundary:u_boundary|meta_sync2 ; packer_ppa_boundary:u_boundary|d[25]         ; clk          ; clk         ; 10.000       ; -0.087     ; 3.866      ;
; 6.042 ; packer_ppa_boundary:u_boundary|meta_sync2 ; packer_ppa_boundary:u_boundary|d[26]         ; clk          ; clk         ; 10.000       ; -0.087     ; 3.866      ;
; 6.042 ; packer_ppa_boundary:u_boundary|meta_sync2 ; packer_ppa_boundary:u_boundary|d[28]         ; clk          ; clk         ; 10.000       ; -0.091     ; 3.862      ;
; 6.042 ; packer_ppa_boundary:u_boundary|meta_sync2 ; packer_ppa_boundary:u_boundary|d[29]         ; clk          ; clk         ; 10.000       ; -0.093     ; 3.860      ;
; 6.057 ; packer_ppa_boundary:u_boundary|meta_sync2 ; packer_ppa_boundary:u_boundary|flags_in_q[4] ; clk          ; clk         ; 10.000       ; -0.062     ; 3.876      ;
; 6.057 ; packer_ppa_boundary:u_boundary|meta_sync2 ; packer_ppa_boundary:u_boundary|frac_q[48]    ; clk          ; clk         ; 10.000       ; -0.063     ; 3.875      ;
; 6.057 ; packer_ppa_boundary:u_boundary|meta_sync2 ; packer_ppa_boundary:u_boundary|sf_q[0]       ; clk          ; clk         ; 10.000       ; -0.063     ; 3.875      ;
; 6.057 ; packer_ppa_boundary:u_boundary|meta_sync2 ; packer_ppa_boundary:u_boundary|sf_q[1]       ; clk          ; clk         ; 10.000       ; -0.063     ; 3.875      ;
; 6.057 ; packer_ppa_boundary:u_boundary|meta_sync2 ; packer_ppa_boundary:u_boundary|frac_q[30]    ; clk          ; clk         ; 10.000       ; -0.063     ; 3.875      ;
; 6.057 ; packer_ppa_boundary:u_boundary|meta_sync2 ; packer_ppa_boundary:u_boundary|frac_q[28]    ; clk          ; clk         ; 10.000       ; -0.063     ; 3.875      ;
; 6.057 ; packer_ppa_boundary:u_boundary|meta_sync2 ; packer_ppa_boundary:u_boundary|frac_q[29]    ; clk          ; clk         ; 10.000       ; -0.063     ; 3.875      ;
; 6.057 ; packer_ppa_boundary:u_boundary|meta_sync2 ; packer_ppa_boundary:u_boundary|frac_q[31]    ; clk          ; clk         ; 10.000       ; -0.066     ; 3.872      ;
; 6.057 ; packer_ppa_boundary:u_boundary|meta_sync2 ; packer_ppa_boundary:u_boundary|frac_q[32]    ; clk          ; clk         ; 10.000       ; -0.066     ; 3.872      ;
; 6.057 ; packer_ppa_boundary:u_boundary|meta_sync2 ; packer_ppa_boundary:u_boundary|frac_q[20]    ; clk          ; clk         ; 10.000       ; -0.062     ; 3.876      ;
; 6.057 ; packer_ppa_boundary:u_boundary|meta_sync2 ; packer_ppa_boundary:u_boundary|frac_q[27]    ; clk          ; clk         ; 10.000       ; -0.063     ; 3.875      ;
; 6.057 ; packer_ppa_boundary:u_boundary|meta_sync2 ; packer_ppa_boundary:u_boundary|frac_q[26]    ; clk          ; clk         ; 10.000       ; -0.063     ; 3.875      ;
; 6.057 ; packer_ppa_boundary:u_boundary|meta_sync2 ; packer_ppa_boundary:u_boundary|frac_q[5]     ; clk          ; clk         ; 10.000       ; -0.064     ; 3.874      ;
; 6.057 ; packer_ppa_boundary:u_boundary|meta_sync2 ; packer_ppa_boundary:u_boundary|frac_q[6]     ; clk          ; clk         ; 10.000       ; -0.064     ; 3.874      ;
; 6.057 ; packer_ppa_boundary:u_boundary|meta_sync2 ; packer_ppa_boundary:u_boundary|frac_q[3]     ; clk          ; clk         ; 10.000       ; -0.064     ; 3.874      ;
; 6.057 ; packer_ppa_boundary:u_boundary|meta_sync2 ; packer_ppa_boundary:u_boundary|frac_q[4]     ; clk          ; clk         ; 10.000       ; -0.064     ; 3.874      ;
; 6.057 ; packer_ppa_boundary:u_boundary|meta_sync2 ; packer_ppa_boundary:u_boundary|frac_q[18]    ; clk          ; clk         ; 10.000       ; -0.062     ; 3.876      ;
; 6.057 ; packer_ppa_boundary:u_boundary|meta_sync2 ; packer_ppa_boundary:u_boundary|frac_q[16]    ; clk          ; clk         ; 10.000       ; -0.062     ; 3.876      ;
; 6.057 ; packer_ppa_boundary:u_boundary|meta_sync2 ; packer_ppa_boundary:u_boundary|frac_q[12]    ; clk          ; clk         ; 10.000       ; -0.063     ; 3.875      ;
; 6.057 ; packer_ppa_boundary:u_boundary|meta_sync2 ; packer_ppa_boundary:u_boundary|frac_q[14]    ; clk          ; clk         ; 10.000       ; -0.062     ; 3.876      ;
; 6.057 ; packer_ppa_boundary:u_boundary|meta_sync2 ; packer_ppa_boundary:u_boundary|frac_q[13]    ; clk          ; clk         ; 10.000       ; -0.063     ; 3.875      ;
; 6.057 ; packer_ppa_boundary:u_boundary|meta_sync2 ; packer_ppa_boundary:u_boundary|frac_q[11]    ; clk          ; clk         ; 10.000       ; -0.063     ; 3.875      ;
; 6.057 ; packer_ppa_boundary:u_boundary|meta_sync2 ; packer_ppa_boundary:u_boundary|frac_q[9]     ; clk          ; clk         ; 10.000       ; -0.063     ; 3.875      ;
; 6.057 ; packer_ppa_boundary:u_boundary|meta_sync2 ; packer_ppa_boundary:u_boundary|sticky_q      ; clk          ; clk         ; 10.000       ; -0.064     ; 3.874      ;
; 6.057 ; packer_ppa_boundary:u_boundary|meta_sync2 ; packer_ppa_boundary:u_boundary|frac_q[1]     ; clk          ; clk         ; 10.000       ; -0.064     ; 3.874      ;
; 6.057 ; packer_ppa_boundary:u_boundary|meta_sync2 ; packer_ppa_boundary:u_boundary|frac_q[0]     ; clk          ; clk         ; 10.000       ; -0.063     ; 3.875      ;
; 6.057 ; packer_ppa_boundary:u_boundary|meta_sync2 ; packer_ppa_boundary:u_boundary|flags[3]      ; clk          ; clk         ; 10.000       ; -0.068     ; 3.870      ;
; 6.058 ; packer_ppa_boundary:u_boundary|meta_sync2 ; packer_ppa_boundary:u_boundary|sf_q[5]       ; clk          ; clk         ; 10.000       ; -0.062     ; 3.875      ;
; 6.058 ; packer_ppa_boundary:u_boundary|meta_sync2 ; packer_ppa_boundary:u_boundary|sf_q[6]       ; clk          ; clk         ; 10.000       ; -0.062     ; 3.875      ;
; 6.058 ; packer_ppa_boundary:u_boundary|meta_sync2 ; packer_ppa_boundary:u_boundary|sf_q[3]       ; clk          ; clk         ; 10.000       ; -0.062     ; 3.875      ;
; 6.058 ; packer_ppa_boundary:u_boundary|meta_sync2 ; packer_ppa_boundary:u_boundary|sf_q[4]       ; clk          ; clk         ; 10.000       ; -0.062     ; 3.875      ;
; 6.058 ; packer_ppa_boundary:u_boundary|meta_sync2 ; packer_ppa_boundary:u_boundary|sf_q[9]       ; clk          ; clk         ; 10.000       ; -0.062     ; 3.875      ;
; 6.058 ; packer_ppa_boundary:u_boundary|meta_sync2 ; packer_ppa_boundary:u_boundary|sf_q[7]       ; clk          ; clk         ; 10.000       ; -0.062     ; 3.875      ;
; 6.058 ; packer_ppa_boundary:u_boundary|meta_sync2 ; packer_ppa_boundary:u_boundary|sf_q[8]       ; clk          ; clk         ; 10.000       ; -0.062     ; 3.875      ;
; 6.058 ; packer_ppa_boundary:u_boundary|meta_sync2 ; packer_ppa_boundary:u_boundary|is_zero_q     ; clk          ; clk         ; 10.000       ; -0.062     ; 3.875      ;
; 6.058 ; packer_ppa_boundary:u_boundary|meta_sync2 ; packer_ppa_boundary:u_boundary|is_nar_q      ; clk          ; clk         ; 10.000       ; -0.062     ; 3.875      ;
; 6.058 ; packer_ppa_boundary:u_boundary|meta_sync2 ; packer_ppa_boundary:u_boundary|frac_q[51]    ; clk          ; clk         ; 10.000       ; -0.062     ; 3.875      ;
; 6.058 ; packer_ppa_boundary:u_boundary|meta_sync2 ; packer_ppa_boundary:u_boundary|frac_q[49]    ; clk          ; clk         ; 10.000       ; -0.062     ; 3.875      ;
; 6.058 ; packer_ppa_boundary:u_boundary|meta_sync2 ; packer_ppa_boundary:u_boundary|sf_q[2]       ; clk          ; clk         ; 10.000       ; -0.062     ; 3.875      ;
; 6.058 ; packer_ppa_boundary:u_boundary|meta_sync2 ; packer_ppa_boundary:u_boundary|frac_q[50]    ; clk          ; clk         ; 10.000       ; -0.062     ; 3.875      ;
; 6.058 ; packer_ppa_boundary:u_boundary|meta_sync2 ; packer_ppa_boundary:u_boundary|frac_q[44]    ; clk          ; clk         ; 10.000       ; -0.062     ; 3.875      ;
; 6.058 ; packer_ppa_boundary:u_boundary|meta_sync2 ; packer_ppa_boundary:u_boundary|frac_q[46]    ; clk          ; clk         ; 10.000       ; -0.062     ; 3.875      ;
; 6.058 ; packer_ppa_boundary:u_boundary|meta_sync2 ; packer_ppa_boundary:u_boundary|frac_q[45]    ; clk          ; clk         ; 10.000       ; -0.062     ; 3.875      ;
; 6.058 ; packer_ppa_boundary:u_boundary|meta_sync2 ; packer_ppa_boundary:u_boundary|frac_q[47]    ; clk          ; clk         ; 10.000       ; -0.062     ; 3.875      ;
; 6.058 ; packer_ppa_boundary:u_boundary|meta_sync2 ; packer_ppa_boundary:u_boundary|frac_q[52]    ; clk          ; clk         ; 10.000       ; -0.062     ; 3.875      ;
; 6.058 ; packer_ppa_boundary:u_boundary|meta_sync2 ; packer_ppa_boundary:u_boundary|frac_q[54]    ; clk          ; clk         ; 10.000       ; -0.062     ; 3.875      ;
; 6.058 ; packer_ppa_boundary:u_boundary|meta_sync2 ; packer_ppa_boundary:u_boundary|frac_q[53]    ; clk          ; clk         ; 10.000       ; -0.062     ; 3.875      ;
; 6.058 ; packer_ppa_boundary:u_boundary|meta_sync2 ; packer_ppa_boundary:u_boundary|frac_q[34]    ; clk          ; clk         ; 10.000       ; -0.062     ; 3.875      ;
; 6.058 ; packer_ppa_boundary:u_boundary|meta_sync2 ; packer_ppa_boundary:u_boundary|frac_q[35]    ; clk          ; clk         ; 10.000       ; -0.062     ; 3.875      ;
; 6.058 ; packer_ppa_boundary:u_boundary|meta_sync2 ; packer_ppa_boundary:u_boundary|frac_q[33]    ; clk          ; clk         ; 10.000       ; -0.062     ; 3.875      ;
; 6.058 ; packer_ppa_boundary:u_boundary|meta_sync2 ; packer_ppa_boundary:u_boundary|frac_q[37]    ; clk          ; clk         ; 10.000       ; -0.062     ; 3.875      ;
; 6.058 ; packer_ppa_boundary:u_boundary|meta_sync2 ; packer_ppa_boundary:u_boundary|frac_q[39]    ; clk          ; clk         ; 10.000       ; -0.065     ; 3.872      ;
; 6.058 ; packer_ppa_boundary:u_boundary|meta_sync2 ; packer_ppa_boundary:u_boundary|frac_q[36]    ; clk          ; clk         ; 10.000       ; -0.062     ; 3.875      ;
; 6.058 ; packer_ppa_boundary:u_boundary|meta_sync2 ; packer_ppa_boundary:u_boundary|frac_q[38]    ; clk          ; clk         ; 10.000       ; -0.062     ; 3.875      ;
; 6.058 ; packer_ppa_boundary:u_boundary|meta_sync2 ; packer_ppa_boundary:u_boundary|frac_q[40]    ; clk          ; clk         ; 10.000       ; -0.062     ; 3.875      ;
; 6.058 ; packer_ppa_boundary:u_boundary|meta_sync2 ; packer_ppa_boundary:u_boundary|frac_q[42]    ; clk          ; clk         ; 10.000       ; -0.062     ; 3.875      ;
; 6.058 ; packer_ppa_boundary:u_boundary|meta_sync2 ; packer_ppa_boundary:u_boundary|frac_q[41]    ; clk          ; clk         ; 10.000       ; -0.062     ; 3.875      ;
; 6.058 ; packer_ppa_boundary:u_boundary|meta_sync2 ; packer_ppa_boundary:u_boundary|frac_q[43]    ; clk          ; clk         ; 10.000       ; -0.062     ; 3.875      ;
; 6.058 ; packer_ppa_boundary:u_boundary|meta_sync2 ; packer_ppa_boundary:u_boundary|sign_q        ; clk          ; clk         ; 10.000       ; -0.065     ; 3.872      ;
; 6.058 ; packer_ppa_boundary:u_boundary|meta_sync2 ; packer_ppa_boundary:u_boundary|d[0]          ; clk          ; clk         ; 10.000       ; -0.065     ; 3.872      ;
; 6.058 ; packer_ppa_boundary:u_boundary|meta_sync2 ; packer_ppa_boundary:u_boundary|d[20]         ; clk          ; clk         ; 10.000       ; -0.066     ; 3.871      ;
; 6.058 ; packer_ppa_boundary:u_boundary|meta_sync2 ; packer_ppa_boundary:u_boundary|d[23]         ; clk          ; clk         ; 10.000       ; -0.067     ; 3.870      ;
; 6.058 ; packer_ppa_boundary:u_boundary|meta_sync2 ; packer_ppa_boundary:u_boundary|d[27]         ; clk          ; clk         ; 10.000       ; -0.067     ; 3.870      ;
; 6.058 ; packer_ppa_boundary:u_boundary|meta_sync2 ; packer_ppa_boundary:u_boundary|d[30]         ; clk          ; clk         ; 10.000       ; -0.067     ; 3.870      ;
; 6.058 ; packer_ppa_boundary:u_boundary|meta_sync2 ; posit_pack:u_packer|g_trunc.d_q[31]          ; clk          ; clk         ; 10.000       ; -0.065     ; 3.872      ;
; 6.058 ; packer_ppa_boundary:u_boundary|meta_sync2 ; packer_ppa_boundary:u_boundary|d[31]         ; clk          ; clk         ; 10.000       ; -0.065     ; 3.872      ;
; 6.058 ; packer_ppa_boundary:u_boundary|meta_sync2 ; packer_ppa_boundary:u_boundary|flags_in_q[0] ; clk          ; clk         ; 10.000       ; -0.067     ; 3.870      ;
; 6.058 ; packer_ppa_boundary:u_boundary|meta_sync2 ; posit_pack:u_packer|g_trunc.flags_q[0]       ; clk          ; clk         ; 10.000       ; -0.067     ; 3.870      ;
; 6.058 ; packer_ppa_boundary:u_boundary|meta_sync2 ; packer_ppa_boundary:u_boundary|flags[0]      ; clk          ; clk         ; 10.000       ; -0.068     ; 3.869      ;
+-------+-------------------------------------------+----------------------------------------------+--------------+-------------+--------------+------------+------------+


+------------------------------------------------------------------------------------------------------------------------------------------------------------------------+
; Slow 1200mV 85C Model Removal: 'clk'                                                                                                                                   ;
+-------+-------------------------------------------+----------------------------------------------+--------------+-------------+--------------+------------+------------+
; Slack ; From Node                                 ; To Node                                      ; Launch Clock ; Latch Clock ; Relationship ; Clock Skew ; Data Delay ;
+-------+-------------------------------------------+----------------------------------------------+--------------+-------------+--------------+------------+------------+
; 2.959 ; packer_ppa_boundary:u_boundary|meta_sync2 ; posit_pack:u_packer|g_trunc.d_q[15]          ; clk          ; clk         ; 0.000        ; 0.455      ; 3.571      ;
; 2.959 ; packer_ppa_boundary:u_boundary|meta_sync2 ; posit_pack:u_packer|g_trunc.d_q[16]          ; clk          ; clk         ; 0.000        ; 0.455      ; 3.571      ;
; 2.959 ; packer_ppa_boundary:u_boundary|meta_sync2 ; posit_pack:u_packer|g_trunc.d_q[17]          ; clk          ; clk         ; 0.000        ; 0.455      ; 3.571      ;
; 2.959 ; packer_ppa_boundary:u_boundary|meta_sync2 ; posit_pack:u_packer|g_trunc.d_q[18]          ; clk          ; clk         ; 0.000        ; 0.455      ; 3.571      ;
; 2.959 ; packer_ppa_boundary:u_boundary|meta_sync2 ; posit_pack:u_packer|g_trunc.d_q[29]          ; clk          ; clk         ; 0.000        ; 0.455      ; 3.571      ;
; 2.974 ; packer_ppa_boundary:u_boundary|meta_sync2 ; posit_pack:u_packer|g_trunc.d_q[2]           ; clk          ; clk         ; 0.000        ; 0.448      ; 3.579      ;
; 2.974 ; packer_ppa_boundary:u_boundary|meta_sync2 ; posit_pack:u_packer|g_trunc.d_q[23]          ; clk          ; clk         ; 0.000        ; 0.448      ; 3.579      ;
; 2.974 ; packer_ppa_boundary:u_boundary|meta_sync2 ; posit_pack:u_packer|g_trunc.d_q[27]          ; clk          ; clk         ; 0.000        ; 0.448      ; 3.579      ;
; 2.974 ; packer_ppa_boundary:u_boundary|meta_sync2 ; posit_pack:u_packer|g_trunc.d_q[30]          ; clk          ; clk         ; 0.000        ; 0.448      ; 3.579      ;
; 2.974 ; packer_ppa_boundary:u_boundary|meta_sync2 ; posit_pack:u_packer|g_trunc.flags_q[4]       ; clk          ; clk         ; 0.000        ; 0.453      ; 3.584      ;
; 2.975 ; packer_ppa_boundary:u_boundary|meta_sync2 ; posit_pack:u_packer|g_trunc.d_q[0]           ; clk          ; clk         ; 0.000        ; 0.449      ; 3.581      ;
; 2.975 ; packer_ppa_boundary:u_boundary|meta_sync2 ; posit_pack:u_packer|g_trunc.d_q[20]          ; clk          ; clk         ; 0.000        ; 0.449      ; 3.581      ;
; 2.975 ; packer_ppa_boundary:u_boundary|meta_sync2 ; posit_pack:u_packer|g_trunc.d_q[22]          ; clk          ; clk         ; 0.000        ; 0.449      ; 3.581      ;
; 2.975 ; packer_ppa_boundary:u_boundary|meta_sync2 ; posit_pack:u_packer|g_trunc.d_q[24]          ; clk          ; clk         ; 0.000        ; 0.449      ; 3.581      ;
; 2.975 ; packer_ppa_boundary:u_boundary|meta_sync2 ; posit_pack:u_packer|g_trunc.d_q[26]          ; clk          ; clk         ; 0.000        ; 0.449      ; 3.581      ;
; 2.975 ; packer_ppa_boundary:u_boundary|meta_sync2 ; posit_pack:u_packer|g_trunc.d_q[28]          ; clk          ; clk         ; 0.000        ; 0.449      ; 3.581      ;
; 2.985 ; packer_ppa_boundary:u_boundary|meta_sync2 ; posit_pack:u_packer|g_trunc.d_q[4]           ; clk          ; clk         ; 0.000        ; 0.428      ; 3.570      ;
; 2.985 ; packer_ppa_boundary:u_boundary|meta_sync2 ; posit_pack:u_packer|g_trunc.d_q[8]           ; clk          ; clk         ; 0.000        ; 0.428      ; 3.570      ;
; 2.985 ; packer_ppa_boundary:u_boundary|meta_sync2 ; posit_pack:u_packer|g_trunc.d_q[9]           ; clk          ; clk         ; 0.000        ; 0.428      ; 3.570      ;
; 2.985 ; packer_ppa_boundary:u_boundary|meta_sync2 ; posit_pack:u_packer|g_trunc.d_q[10]          ; clk          ; clk         ; 0.000        ; 0.431      ; 3.573      ;
; 2.985 ; packer_ppa_boundary:u_boundary|meta_sync2 ; posit_pack:u_packer|g_trunc.d_q[11]          ; clk          ; clk         ; 0.000        ; 0.431      ; 3.573      ;
; 2.985 ; packer_ppa_boundary:u_boundary|meta_sync2 ; posit_pack:u_packer|g_trunc.d_q[12]          ; clk          ; clk         ; 0.000        ; 0.431      ; 3.573      ;
; 2.985 ; packer_ppa_boundary:u_boundary|meta_sync2 ; posit_pack:u_packer|g_trunc.d_q[13]          ; clk          ; clk         ; 0.000        ; 0.431      ; 3.573      ;
; 2.985 ; packer_ppa_boundary:u_boundary|meta_sync2 ; posit_pack:u_packer|g_trunc.d_q[14]          ; clk          ; clk         ; 0.000        ; 0.431      ; 3.573      ;
; 2.985 ; packer_ppa_boundary:u_boundary|meta_sync2 ; posit_pack:u_packer|g_trunc.d_q[19]          ; clk          ; clk         ; 0.000        ; 0.431      ; 3.573      ;
; 2.985 ; packer_ppa_boundary:u_boundary|meta_sync2 ; posit_pack:u_packer|g_trunc.d_q[21]          ; clk          ; clk         ; 0.000        ; 0.428      ; 3.570      ;
; 2.986 ; packer_ppa_boundary:u_boundary|meta_sync2 ; posit_pack:u_packer|g_trunc.d_q[1]           ; clk          ; clk         ; 0.000        ; 0.430      ; 3.573      ;
; 2.986 ; packer_ppa_boundary:u_boundary|meta_sync2 ; posit_pack:u_packer|g_trunc.d_q[3]           ; clk          ; clk         ; 0.000        ; 0.430      ; 3.573      ;
; 2.986 ; packer_ppa_boundary:u_boundary|meta_sync2 ; posit_pack:u_packer|g_trunc.d_q[5]           ; clk          ; clk         ; 0.000        ; 0.430      ; 3.573      ;
; 2.986 ; packer_ppa_boundary:u_boundary|meta_sync2 ; posit_pack:u_packer|g_trunc.d_q[25]          ; clk          ; clk         ; 0.000        ; 0.430      ; 3.573      ;
; 3.350 ; packer_ppa_boundary:u_boundary|meta_sync2 ; posit_pack:u_packer|g_trunc.valid_q          ; clk          ; clk         ; 0.000        ; 0.084      ; 3.591      ;
; 3.350 ; packer_ppa_boundary:u_boundary|meta_sync2 ; packer_ppa_boundary:u_boundary|out_valid     ; clk          ; clk         ; 0.000        ; 0.084      ; 3.591      ;
; 3.350 ; packer_ppa_boundary:u_boundary|meta_sync2 ; packer_ppa_boundary:u_boundary|d[12]         ; clk          ; clk         ; 0.000        ; 0.062      ; 3.569      ;
; 3.350 ; packer_ppa_boundary:u_boundary|meta_sync2 ; packer_ppa_boundary:u_boundary|d[13]         ; clk          ; clk         ; 0.000        ; 0.064      ; 3.571      ;
; 3.350 ; packer_ppa_boundary:u_boundary|meta_sync2 ; packer_ppa_boundary:u_boundary|d[14]         ; clk          ; clk         ; 0.000        ; 0.064      ; 3.571      ;
; 3.350 ; packer_ppa_boundary:u_boundary|meta_sync2 ; packer_ppa_boundary:u_boundary|d[16]         ; clk          ; clk         ; 0.000        ; 0.064      ; 3.571      ;
; 3.350 ; packer_ppa_boundary:u_boundary|meta_sync2 ; packer_ppa_boundary:u_boundary|d[22]         ; clk          ; clk         ; 0.000        ; 0.064      ; 3.571      ;
; 3.350 ; packer_ppa_boundary:u_boundary|meta_sync2 ; packer_ppa_boundary:u_boundary|d[28]         ; clk          ; clk         ; 0.000        ; 0.064      ; 3.571      ;
; 3.351 ; packer_ppa_boundary:u_boundary|meta_sync2 ; packer_ppa_boundary:u_boundary|d[1]          ; clk          ; clk         ; 0.000        ; 0.065      ; 3.573      ;
; 3.351 ; packer_ppa_boundary:u_boundary|meta_sync2 ; packer_ppa_boundary:u_boundary|d[3]          ; clk          ; clk         ; 0.000        ; 0.067      ; 3.575      ;
; 3.351 ; packer_ppa_boundary:u_boundary|meta_sync2 ; packer_ppa_boundary:u_boundary|d[4]          ; clk          ; clk         ; 0.000        ; 0.067      ; 3.575      ;
; 3.351 ; packer_ppa_boundary:u_boundary|meta_sync2 ; packer_ppa_boundary:u_boundary|d[5]          ; clk          ; clk         ; 0.000        ; 0.067      ; 3.575      ;
; 3.351 ; packer_ppa_boundary:u_boundary|meta_sync2 ; posit_pack:u_packer|g_trunc.d_q[6]           ; clk          ; clk         ; 0.000        ; 0.062      ; 3.570      ;
; 3.351 ; packer_ppa_boundary:u_boundary|meta_sync2 ; packer_ppa_boundary:u_boundary|d[6]          ; clk          ; clk         ; 0.000        ; 0.067      ; 3.575      ;
; 3.351 ; packer_ppa_boundary:u_boundary|meta_sync2 ; posit_pack:u_packer|g_trunc.d_q[7]           ; clk          ; clk         ; 0.000        ; 0.065      ; 3.573      ;
; 3.351 ; packer_ppa_boundary:u_boundary|meta_sync2 ; packer_ppa_boundary:u_boundary|d[7]          ; clk          ; clk         ; 0.000        ; 0.061      ; 3.569      ;
; 3.351 ; packer_ppa_boundary:u_boundary|meta_sync2 ; packer_ppa_boundary:u_boundary|d[8]          ; clk          ; clk         ; 0.000        ; 0.067      ; 3.575      ;
; 3.351 ; packer_ppa_boundary:u_boundary|meta_sync2 ; packer_ppa_boundary:u_boundary|d[9]          ; clk          ; clk         ; 0.000        ; 0.062      ; 3.570      ;
; 3.351 ; packer_ppa_boundary:u_boundary|meta_sync2 ; packer_ppa_boundary:u_boundary|d[10]         ; clk          ; clk         ; 0.000        ; 0.062      ; 3.570      ;
; 3.351 ; packer_ppa_boundary:u_boundary|meta_sync2 ; packer_ppa_boundary:u_boundary|d[11]         ; clk          ; clk         ; 0.000        ; 0.062      ; 3.570      ;
; 3.351 ; packer_ppa_boundary:u_boundary|meta_sync2 ; packer_ppa_boundary:u_boundary|d[15]         ; clk          ; clk         ; 0.000        ; 0.061      ; 3.569      ;
; 3.351 ; packer_ppa_boundary:u_boundary|meta_sync2 ; packer_ppa_boundary:u_boundary|d[17]         ; clk          ; clk         ; 0.000        ; 0.067      ; 3.575      ;
; 3.351 ; packer_ppa_boundary:u_boundary|meta_sync2 ; packer_ppa_boundary:u_boundary|d[18]         ; clk          ; clk         ; 0.000        ; 0.061      ; 3.569      ;
; 3.351 ; packer_ppa_boundary:u_boundary|meta_sync2 ; packer_ppa_boundary:u_boundary|d[19]         ; clk          ; clk         ; 0.000        ; 0.062      ; 3.570      ;
; 3.351 ; packer_ppa_boundary:u_boundary|meta_sync2 ; packer_ppa_boundary:u_boundary|d[21]         ; clk          ; clk         ; 0.000        ; 0.062      ; 3.570      ;
; 3.351 ; packer_ppa_boundary:u_boundary|meta_sync2 ; packer_ppa_boundary:u_boundary|d[25]         ; clk          ; clk         ; 0.000        ; 0.067      ; 3.575      ;
; 3.351 ; packer_ppa_boundary:u_boundary|meta_sync2 ; packer_ppa_boundary:u_boundary|d[26]         ; clk          ; clk         ; 0.000        ; 0.067      ; 3.575      ;
; 3.351 ; packer_ppa_boundary:u_boundary|meta_sync2 ; packer_ppa_boundary:u_boundary|d[29]         ; clk          ; clk         ; 0.000        ; 0.061      ; 3.569      ;
; 3.351 ; packer_ppa_boundary:u_boundary|meta_sync2 ; packer_ppa_boundary:u_boundary|frac_q[7]     ; clk          ; clk         ; 0.000        ; 0.066      ; 3.574      ;
; 3.351 ; packer_ppa_boundary:u_boundary|meta_sync2 ; packer_ppa_boundary:u_boundary|frac_q[10]    ; clk          ; clk         ; 0.000        ; 0.066      ; 3.574      ;
; 3.351 ; packer_ppa_boundary:u_boundary|meta_sync2 ; packer_ppa_boundary:u_boundary|frac_q[8]     ; clk          ; clk         ; 0.000        ; 0.066      ; 3.574      ;
; 3.365 ; packer_ppa_boundary:u_boundary|meta_sync2 ; packer_ppa_boundary:u_boundary|d[2]          ; clk          ; clk         ; 0.000        ; 0.055      ; 3.577      ;
; 3.366 ; packer_ppa_boundary:u_boundary|meta_sync2 ; packer_ppa_boundary:u_boundary|sf_q[5]       ; clk          ; clk         ; 0.000        ; 0.061      ; 3.584      ;
; 3.366 ; packer_ppa_boundary:u_boundary|meta_sync2 ; packer_ppa_boundary:u_boundary|sf_q[6]       ; clk          ; clk         ; 0.000        ; 0.061      ; 3.584      ;
; 3.366 ; packer_ppa_boundary:u_boundary|meta_sync2 ; packer_ppa_boundary:u_boundary|sf_q[7]       ; clk          ; clk         ; 0.000        ; 0.061      ; 3.584      ;
; 3.366 ; packer_ppa_boundary:u_boundary|meta_sync2 ; packer_ppa_boundary:u_boundary|sf_q[8]       ; clk          ; clk         ; 0.000        ; 0.061      ; 3.584      ;
; 3.366 ; packer_ppa_boundary:u_boundary|meta_sync2 ; packer_ppa_boundary:u_boundary|is_zero_q     ; clk          ; clk         ; 0.000        ; 0.061      ; 3.584      ;
; 3.366 ; packer_ppa_boundary:u_boundary|meta_sync2 ; packer_ppa_boundary:u_boundary|flags_in_q[4] ; clk          ; clk         ; 0.000        ; 0.061      ; 3.584      ;
; 3.366 ; packer_ppa_boundary:u_boundary|meta_sync2 ; packer_ppa_boundary:u_boundary|is_nar_q      ; clk          ; clk         ; 0.000        ; 0.061      ; 3.584      ;
; 3.366 ; packer_ppa_boundary:u_boundary|meta_sync2 ; packer_ppa_boundary:u_boundary|frac_q[46]    ; clk          ; clk         ; 0.000        ; 0.061      ; 3.584      ;
; 3.366 ; packer_ppa_boundary:u_boundary|meta_sync2 ; packer_ppa_boundary:u_boundary|sf_q[0]       ; clk          ; clk         ; 0.000        ; 0.060      ; 3.583      ;
; 3.366 ; packer_ppa_boundary:u_boundary|meta_sync2 ; packer_ppa_boundary:u_boundary|sf_q[1]       ; clk          ; clk         ; 0.000        ; 0.060      ; 3.583      ;
; 3.366 ; packer_ppa_boundary:u_boundary|meta_sync2 ; packer_ppa_boundary:u_boundary|frac_q[30]    ; clk          ; clk         ; 0.000        ; 0.060      ; 3.583      ;
; 3.366 ; packer_ppa_boundary:u_boundary|meta_sync2 ; packer_ppa_boundary:u_boundary|frac_q[28]    ; clk          ; clk         ; 0.000        ; 0.060      ; 3.583      ;
; 3.366 ; packer_ppa_boundary:u_boundary|meta_sync2 ; packer_ppa_boundary:u_boundary|frac_q[29]    ; clk          ; clk         ; 0.000        ; 0.060      ; 3.583      ;
; 3.366 ; packer_ppa_boundary:u_boundary|meta_sync2 ; packer_ppa_boundary:u_boundary|frac_q[34]    ; clk          ; clk         ; 0.000        ; 0.061      ; 3.584      ;
; 3.366 ; packer_ppa_boundary:u_boundary|meta_sync2 ; packer_ppa_boundary:u_boundary|frac_q[35]    ; clk          ; clk         ; 0.000        ; 0.061      ; 3.584      ;
; 3.366 ; packer_ppa_boundary:u_boundary|meta_sync2 ; packer_ppa_boundary:u_boundary|frac_q[33]    ; clk          ; clk         ; 0.000        ; 0.061      ; 3.584      ;
; 3.366 ; packer_ppa_boundary:u_boundary|meta_sync2 ; packer_ppa_boundary:u_boundary|frac_q[37]    ; clk          ; clk         ; 0.000        ; 0.061      ; 3.584      ;
; 3.366 ; packer_ppa_boundary:u_boundary|meta_sync2 ; packer_ppa_boundary:u_boundary|frac_q[36]    ; clk          ; clk         ; 0.000        ; 0.061      ; 3.584      ;
; 3.366 ; packer_ppa_boundary:u_boundary|meta_sync2 ; packer_ppa_boundary:u_boundary|frac_q[38]    ; clk          ; clk         ; 0.000        ; 0.061      ; 3.584      ;
; 3.366 ; packer_ppa_boundary:u_boundary|meta_sync2 ; packer_ppa_boundary:u_boundary|frac_q[40]    ; clk          ; clk         ; 0.000        ; 0.061      ; 3.584      ;
; 3.366 ; packer_ppa_boundary:u_boundary|meta_sync2 ; packer_ppa_boundary:u_boundary|sign_q        ; clk          ; clk         ; 0.000        ; 0.057      ; 3.580      ;
; 3.366 ; packer_ppa_boundary:u_boundary|meta_sync2 ; packer_ppa_boundary:u_boundary|d[0]          ; clk          ; clk         ; 0.000        ; 0.057      ; 3.580      ;
; 3.366 ; packer_ppa_boundary:u_boundary|meta_sync2 ; packer_ppa_boundary:u_boundary|d[20]         ; clk          ; clk         ; 0.000        ; 0.057      ; 3.580      ;
; 3.366 ; packer_ppa_boundary:u_boundary|meta_sync2 ; packer_ppa_boundary:u_boundary|d[23]         ; clk          ; clk         ; 0.000        ; 0.056      ; 3.579      ;
; 3.366 ; packer_ppa_boundary:u_boundary|meta_sync2 ; packer_ppa_boundary:u_boundary|d[24]         ; clk          ; clk         ; 0.000        ; 0.055      ; 3.578      ;
; 3.366 ; packer_ppa_boundary:u_boundary|meta_sync2 ; packer_ppa_boundary:u_boundary|d[27]         ; clk          ; clk         ; 0.000        ; 0.056      ; 3.579      ;
; 3.366 ; packer_ppa_boundary:u_boundary|meta_sync2 ; packer_ppa_boundary:u_boundary|d[30]         ; clk          ; clk         ; 0.000        ; 0.056      ; 3.579      ;
; 3.366 ; packer_ppa_boundary:u_boundary|meta_sync2 ; posit_pack:u_packer|g_trunc.d_q[31]          ; clk          ; clk         ; 0.000        ; 0.058      ; 3.581      ;
; 3.366 ; packer_ppa_boundary:u_boundary|meta_sync2 ; packer_ppa_boundary:u_boundary|d[31]         ; clk          ; clk         ; 0.000        ; 0.057      ; 3.580      ;
; 3.366 ; packer_ppa_boundary:u_boundary|meta_sync2 ; packer_ppa_boundary:u_boundary|flags_in_q[0] ; clk          ; clk         ; 0.000        ; 0.056      ; 3.579      ;
; 3.366 ; packer_ppa_boundary:u_boundary|meta_sync2 ; posit_pack:u_packer|g_trunc.flags_q[0]       ; clk          ; clk         ; 0.000        ; 0.056      ; 3.579      ;
; 3.366 ; packer_ppa_boundary:u_boundary|meta_sync2 ; packer_ppa_boundary:u_boundary|flags[0]      ; clk          ; clk         ; 0.000        ; 0.055      ; 3.578      ;
; 3.366 ; packer_ppa_boundary:u_boundary|meta_sync2 ; packer_ppa_boundary:u_boundary|frac_q[19]    ; clk          ; clk         ; 0.000        ; 0.061      ; 3.584      ;
; 3.366 ; packer_ppa_boundary:u_boundary|meta_sync2 ; packer_ppa_boundary:u_boundary|frac_q[21]    ; clk          ; clk         ; 0.000        ; 0.060      ; 3.583      ;
; 3.366 ; packer_ppa_boundary:u_boundary|meta_sync2 ; packer_ppa_boundary:u_boundary|frac_q[22]    ; clk          ; clk         ; 0.000        ; 0.060      ; 3.583      ;
; 3.366 ; packer_ppa_boundary:u_boundary|meta_sync2 ; packer_ppa_boundary:u_boundary|frac_q[20]    ; clk          ; clk         ; 0.000        ; 0.061      ; 3.584      ;
; 3.366 ; packer_ppa_boundary:u_boundary|meta_sync2 ; packer_ppa_boundary:u_boundary|frac_q[27]    ; clk          ; clk         ; 0.000        ; 0.060      ; 3.583      ;
; 3.366 ; packer_ppa_boundary:u_boundary|meta_sync2 ; packer_ppa_boundary:u_boundary|frac_q[26]    ; clk          ; clk         ; 0.000        ; 0.060      ; 3.583      ;
+-------+-------------------------------------------+----------------------------------------------+--------------+-------------+--------------+------------+------------+


+-----------------------------------------------------------------------------------------------------------------------------+
; Slow 1200mV 85C Model Minimum Pulse Width: 'clk'                                                                            ;
+-------+--------------+----------------+-----------------+-------+------------+----------------------------------------------+
; Slack ; Actual Width ; Required Width ; Type            ; Clock ; Clock Edge ; Target                                       ;
+-------+--------------+----------------+-----------------+-------+------------+----------------------------------------------+
; 4.661 ; 4.845        ; 0.184          ; Low Pulse Width ; clk   ; Rise       ; posit_pack:u_packer|g_trunc.d_q[21]          ;
; 4.661 ; 4.845        ; 0.184          ; Low Pulse Width ; clk   ; Rise       ; posit_pack:u_packer|g_trunc.d_q[4]           ;
; 4.661 ; 4.845        ; 0.184          ; Low Pulse Width ; clk   ; Rise       ; posit_pack:u_packer|g_trunc.d_q[8]           ;
; 4.661 ; 4.845        ; 0.184          ; Low Pulse Width ; clk   ; Rise       ; posit_pack:u_packer|g_trunc.d_q[9]           ;
; 4.668 ; 4.852        ; 0.184          ; Low Pulse Width ; clk   ; Rise       ; posit_pack:u_packer|g_trunc.d_q[15]          ;
; 4.668 ; 4.852        ; 0.184          ; Low Pulse Width ; clk   ; Rise       ; posit_pack:u_packer|g_trunc.d_q[16]          ;
; 4.668 ; 4.852        ; 0.184          ; Low Pulse Width ; clk   ; Rise       ; posit_pack:u_packer|g_trunc.d_q[17]          ;
; 4.668 ; 4.852        ; 0.184          ; Low Pulse Width ; clk   ; Rise       ; posit_pack:u_packer|g_trunc.d_q[18]          ;
; 4.668 ; 4.852        ; 0.184          ; Low Pulse Width ; clk   ; Rise       ; posit_pack:u_packer|g_trunc.d_q[29]          ;
; 4.669 ; 4.853        ; 0.184          ; Low Pulse Width ; clk   ; Rise       ; posit_pack:u_packer|g_trunc.d_q[0]           ;
; 4.669 ; 4.853        ; 0.184          ; Low Pulse Width ; clk   ; Rise       ; posit_pack:u_packer|g_trunc.d_q[20]          ;
; 4.669 ; 4.853        ; 0.184          ; Low Pulse Width ; clk   ; Rise       ; posit_pack:u_packer|g_trunc.d_q[22]          ;
; 4.669 ; 4.853        ; 0.184          ; Low Pulse Width ; clk   ; Rise       ; posit_pack:u_packer|g_trunc.d_q[23]          ;
; 4.669 ; 4.853        ; 0.184          ; Low Pulse Width ; clk   ; Rise       ; posit_pack:u_packer|g_trunc.d_q[24]          ;
; 4.669 ; 4.853        ; 0.184          ; Low Pulse Width ; clk   ; Rise       ; posit_pack:u_packer|g_trunc.d_q[26]          ;
; 4.669 ; 4.853        ; 0.184          ; Low Pulse Width ; clk   ; Rise       ; posit_pack:u_packer|g_trunc.d_q[27]          ;
; 4.669 ; 4.853        ; 0.184          ; Low Pulse Width ; clk   ; Rise       ; posit_pack:u_packer|g_trunc.d_q[28]          ;
; 4.669 ; 4.853        ; 0.184          ; Low Pulse Width ; clk   ; Rise       ; posit_pack:u_packer|g_trunc.d_q[2]           ;
; 4.669 ; 4.853        ; 0.184          ; Low Pulse Width ; clk   ; Rise       ; posit_pack:u_packer|g_trunc.d_q[30]          ;
; 4.670 ; 4.854        ; 0.184          ; Low Pulse Width ; clk   ; Rise       ; posit_pack:u_packer|g_trunc.flags_q[4]       ;
; 4.671 ; 4.855        ; 0.184          ; Low Pulse Width ; clk   ; Rise       ; posit_pack:u_packer|g_trunc.d_q[10]          ;
; 4.671 ; 4.855        ; 0.184          ; Low Pulse Width ; clk   ; Rise       ; posit_pack:u_packer|g_trunc.d_q[11]          ;
; 4.671 ; 4.855        ; 0.184          ; Low Pulse Width ; clk   ; Rise       ; posit_pack:u_packer|g_trunc.d_q[12]          ;
; 4.671 ; 4.855        ; 0.184          ; Low Pulse Width ; clk   ; Rise       ; posit_pack:u_packer|g_trunc.d_q[13]          ;
; 4.671 ; 4.855        ; 0.184          ; Low Pulse Width ; clk   ; Rise       ; posit_pack:u_packer|g_trunc.d_q[14]          ;
; 4.671 ; 4.855        ; 0.184          ; Low Pulse Width ; clk   ; Rise       ; posit_pack:u_packer|g_trunc.d_q[19]          ;
; 4.671 ; 4.855        ; 0.184          ; Low Pulse Width ; clk   ; Rise       ; posit_pack:u_packer|g_trunc.d_q[1]           ;
; 4.671 ; 4.855        ; 0.184          ; Low Pulse Width ; clk   ; Rise       ; posit_pack:u_packer|g_trunc.d_q[25]          ;
; 4.671 ; 4.855        ; 0.184          ; Low Pulse Width ; clk   ; Rise       ; posit_pack:u_packer|g_trunc.d_q[3]           ;
; 4.671 ; 4.855        ; 0.184          ; Low Pulse Width ; clk   ; Rise       ; posit_pack:u_packer|g_trunc.d_q[5]           ;
; 4.679 ; 4.863        ; 0.184          ; Low Pulse Width ; clk   ; Rise       ; packer_ppa_boundary:u_boundary|d[21]         ;
; 4.679 ; 4.863        ; 0.184          ; Low Pulse Width ; clk   ; Rise       ; packer_ppa_boundary:u_boundary|d[9]          ;
; 4.679 ; 4.863        ; 0.184          ; Low Pulse Width ; clk   ; Rise       ; posit_pack:u_packer|g_trunc.d_q[6]           ;
; 4.680 ; 4.864        ; 0.184          ; Low Pulse Width ; clk   ; Rise       ; packer_ppa_boundary:u_boundary|d[0]          ;
; 4.680 ; 4.864        ; 0.184          ; Low Pulse Width ; clk   ; Rise       ; packer_ppa_boundary:u_boundary|d[10]         ;
; 4.680 ; 4.864        ; 0.184          ; Low Pulse Width ; clk   ; Rise       ; packer_ppa_boundary:u_boundary|d[11]         ;
; 4.680 ; 4.864        ; 0.184          ; Low Pulse Width ; clk   ; Rise       ; packer_ppa_boundary:u_boundary|d[12]         ;
; 4.680 ; 4.864        ; 0.184          ; Low Pulse Width ; clk   ; Rise       ; packer_ppa_boundary:u_boundary|d[13]         ;
; 4.680 ; 4.864        ; 0.184          ; Low Pulse Width ; clk   ; Rise       ; packer_ppa_boundary:u_boundary|d[14]         ;
; 4.680 ; 4.864        ; 0.184          ; Low Pulse Width ; clk   ; Rise       ; packer_ppa_boundary:u_boundary|d[15]         ;
; 4.680 ; 4.864        ; 0.184          ; Low Pulse Width ; clk   ; Rise       ; packer_ppa_boundary:u_boundary|d[16]         ;
; 4.680 ; 4.864        ; 0.184          ; Low Pulse Width ; clk   ; Rise       ; packer_ppa_boundary:u_boundary|d[18]         ;
; 4.680 ; 4.864        ; 0.184          ; Low Pulse Width ; clk   ; Rise       ; packer_ppa_boundary:u_boundary|d[19]         ;
; 4.680 ; 4.864        ; 0.184          ; Low Pulse Width ; clk   ; Rise       ; packer_ppa_boundary:u_boundary|d[1]          ;
; 4.680 ; 4.864        ; 0.184          ; Low Pulse Width ; clk   ; Rise       ; packer_ppa_boundary:u_boundary|d[23]         ;
; 4.680 ; 4.864        ; 0.184          ; Low Pulse Width ; clk   ; Rise       ; packer_ppa_boundary:u_boundary|d[24]         ;
; 4.680 ; 4.864        ; 0.184          ; Low Pulse Width ; clk   ; Rise       ; packer_ppa_boundary:u_boundary|d[25]         ;
; 4.680 ; 4.864        ; 0.184          ; Low Pulse Width ; clk   ; Rise       ; packer_ppa_boundary:u_boundary|d[27]         ;
; 4.680 ; 4.864        ; 0.184          ; Low Pulse Width ; clk   ; Rise       ; packer_ppa_boundary:u_boundary|d[29]         ;
; 4.680 ; 4.864        ; 0.184          ; Low Pulse Width ; clk   ; Rise       ; packer_ppa_boundary:u_boundary|d[30]         ;
; 4.680 ; 4.864        ; 0.184          ; Low Pulse Width ; clk   ; Rise       ; packer_ppa_boundary:u_boundary|d[31]         ;
; 4.680 ; 4.864        ; 0.184          ; Low Pulse Width ; clk   ; Rise       ; packer_ppa_boundary:u_boundary|d[3]          ;
; 4.680 ; 4.864        ; 0.184          ; Low Pulse Width ; clk   ; Rise       ; packer_ppa_boundary:u_boundary|d[4]          ;
; 4.680 ; 4.864        ; 0.184          ; Low Pulse Width ; clk   ; Rise       ; packer_ppa_boundary:u_boundary|d[5]          ;
; 4.680 ; 4.864        ; 0.184          ; Low Pulse Width ; clk   ; Rise       ; packer_ppa_boundary:u_boundary|d[6]          ;
; 4.680 ; 4.864        ; 0.184          ; Low Pulse Width ; clk   ; Rise       ; packer_ppa_boundary:u_boundary|d[7]          ;
; 4.680 ; 4.864        ; 0.184          ; Low Pulse Width ; clk   ; Rise       ; packer_ppa_boundary:u_boundary|d[8]          ;
; 4.680 ; 4.864        ; 0.184          ; Low Pulse Width ; clk   ; Rise       ; packer_ppa_boundary:u_boundary|flags[0]      ;
; 4.680 ; 4.864        ; 0.184          ; Low Pulse Width ; clk   ; Rise       ; packer_ppa_boundary:u_boundary|flags[2]      ;
; 4.680 ; 4.864        ; 0.184          ; Low Pulse Width ; clk   ; Rise       ; packer_ppa_boundary:u_boundary|flags_in_q[0] ;
; 4.680 ; 4.864        ; 0.184          ; Low Pulse Width ; clk   ; Rise       ; packer_ppa_boundary:u_boundary|flags_in_q[1] ;
; 4.680 ; 4.864        ; 0.184          ; Low Pulse Width ; clk   ; Rise       ; packer_ppa_boundary:u_boundary|flags_in_q[2] ;
; 4.680 ; 4.864        ; 0.184          ; Low Pulse Width ; clk   ; Rise       ; packer_ppa_boundary:u_boundary|flags_in_q[3] ;
; 4.680 ; 4.864        ; 0.184          ; Low Pulse Width ; clk   ; Rise       ; packer_ppa_boundary:u_boundary|frac_q[10]    ;
; 4.680 ; 4.864        ; 0.184          ; Low Pulse Width ; clk   ; Rise       ; packer_ppa_boundary:u_boundary|frac_q[31]    ;
; 4.680 ; 4.864        ; 0.184          ; Low Pulse Width ; clk   ; Rise       ; packer_ppa_boundary:u_boundary|frac_q[32]    ;
; 4.680 ; 4.864        ; 0.184          ; Low Pulse Width ; clk   ; Rise       ; packer_ppa_boundary:u_boundary|frac_q[48]    ;
; 4.680 ; 4.864        ; 0.184          ; Low Pulse Width ; clk   ; Rise       ; packer_ppa_boundary:u_boundary|frac_q[50]    ;
; 4.680 ; 4.864        ; 0.184          ; Low Pulse Width ; clk   ; Rise       ; packer_ppa_boundary:u_boundary|frac_q[51]    ;
; 4.680 ; 4.864        ; 0.184          ; Low Pulse Width ; clk   ; Rise       ; packer_ppa_boundary:u_boundary|frac_q[52]    ;
; 4.680 ; 4.864        ; 0.184          ; Low Pulse Width ; clk   ; Rise       ; packer_ppa_boundary:u_boundary|frac_q[54]    ;
; 4.680 ; 4.864        ; 0.184          ; Low Pulse Width ; clk   ; Rise       ; packer_ppa_boundary:u_boundary|frac_q[7]     ;
; 4.680 ; 4.864        ; 0.184          ; Low Pulse Width ; clk   ; Rise       ; packer_ppa_boundary:u_boundary|frac_q[8]     ;
; 4.680 ; 4.864        ; 0.184          ; Low Pulse Width ; clk   ; Rise       ; packer_ppa_boundary:u_boundary|meta_sync1    ;
; 4.680 ; 4.864        ; 0.184          ; Low Pulse Width ; clk   ; Rise       ; packer_ppa_boundary:u_boundary|meta_sync2    ;
; 4.680 ; 4.864        ; 0.184          ; Low Pulse Width ; clk   ; Rise       ; packer_ppa_boundary:u_boundary|sf_q[2]       ;
; 4.680 ; 4.864        ; 0.184          ; Low Pulse Width ; clk   ; Rise       ; packer_ppa_boundary:u_boundary|sf_q[4]       ;
; 4.680 ; 4.864        ; 0.184          ; Low Pulse Width ; clk   ; Rise       ; packer_ppa_boundary:u_boundary|sf_q[9]       ;
; 4.680 ; 4.864        ; 0.184          ; Low Pulse Width ; clk   ; Rise       ; packer_ppa_boundary:u_boundary|sign_q        ;
; 4.680 ; 4.864        ; 0.184          ; Low Pulse Width ; clk   ; Rise       ; posit_pack:u_packer|g_trunc.d_q[7]           ;
; 4.680 ; 4.864        ; 0.184          ; Low Pulse Width ; clk   ; Rise       ; posit_pack:u_packer|g_trunc.flags_q[0]       ;
; 4.680 ; 4.864        ; 0.184          ; Low Pulse Width ; clk   ; Rise       ; posit_pack:u_packer|g_trunc.flags_q[1]       ;
; 4.680 ; 4.864        ; 0.184          ; Low Pulse Width ; clk   ; Rise       ; posit_pack:u_packer|g_trunc.flags_q[2]       ;
; 4.680 ; 4.864        ; 0.184          ; Low Pulse Width ; clk   ; Rise       ; posit_pack:u_packer|g_trunc.flags_q[3]       ;
; 4.681 ; 4.865        ; 0.184          ; Low Pulse Width ; clk   ; Rise       ; packer_ppa_boundary:u_boundary|d[17]         ;
; 4.681 ; 4.865        ; 0.184          ; Low Pulse Width ; clk   ; Rise       ; packer_ppa_boundary:u_boundary|d[20]         ;
; 4.681 ; 4.865        ; 0.184          ; Low Pulse Width ; clk   ; Rise       ; packer_ppa_boundary:u_boundary|d[22]         ;
; 4.681 ; 4.865        ; 0.184          ; Low Pulse Width ; clk   ; Rise       ; packer_ppa_boundary:u_boundary|d[26]         ;
; 4.681 ; 4.865        ; 0.184          ; Low Pulse Width ; clk   ; Rise       ; packer_ppa_boundary:u_boundary|d[28]         ;
; 4.681 ; 4.865        ; 0.184          ; Low Pulse Width ; clk   ; Rise       ; packer_ppa_boundary:u_boundary|d[2]          ;
; 4.681 ; 4.865        ; 0.184          ; Low Pulse Width ; clk   ; Rise       ; packer_ppa_boundary:u_boundary|flags[1]      ;
; 4.681 ; 4.865        ; 0.184          ; Low Pulse Width ; clk   ; Rise       ; packer_ppa_boundary:u_boundary|flags[3]      ;
; 4.681 ; 4.865        ; 0.184          ; Low Pulse Width ; clk   ; Rise       ; packer_ppa_boundary:u_boundary|flags[4]      ;
; 4.681 ; 4.865        ; 0.184          ; Low Pulse Width ; clk   ; Rise       ; packer_ppa_boundary:u_boundary|flags_in_q[4] ;
; 4.681 ; 4.865        ; 0.184          ; Low Pulse Width ; clk   ; Rise       ; packer_ppa_boundary:u_boundary|frac_q[0]     ;
; 4.681 ; 4.865        ; 0.184          ; Low Pulse Width ; clk   ; Rise       ; packer_ppa_boundary:u_boundary|frac_q[11]    ;
; 4.681 ; 4.865        ; 0.184          ; Low Pulse Width ; clk   ; Rise       ; packer_ppa_boundary:u_boundary|frac_q[12]    ;
; 4.681 ; 4.865        ; 0.184          ; Low Pulse Width ; clk   ; Rise       ; packer_ppa_boundary:u_boundary|frac_q[13]    ;
; 4.681 ; 4.865        ; 0.184          ; Low Pulse Width ; clk   ; Rise       ; packer_ppa_boundary:u_boundary|frac_q[14]    ;
; 4.681 ; 4.865        ; 0.184          ; Low Pulse Width ; clk   ; Rise       ; packer_ppa_boundary:u_boundary|frac_q[15]    ;
+-------+--------------+----------------+-----------------+-------+------------+----------------------------------------------+


+----------------------------------------------------------------------------+
; Setup Times                                                                ;
+--------------+------------+--------+--------+------------+-----------------+
; Data Port    ; Clock Port ; Rise   ; Fall   ; Clock Edge ; Clock Reference ;
+--------------+------------+--------+--------+------------+-----------------+
; flags_in[*]  ; clk        ; 2.281  ; 2.759  ; Rise       ; clk             ;
;  flags_in[0] ; clk        ; 1.916  ; 2.417  ; Rise       ; clk             ;
;  flags_in[1] ; clk        ; 1.972  ; 2.467  ; Rise       ; clk             ;
;  flags_in[2] ; clk        ; 1.859  ; 2.371  ; Rise       ; clk             ;
;  flags_in[3] ; clk        ; 1.997  ; 2.521  ; Rise       ; clk             ;
;  flags_in[4] ; clk        ; 2.281  ; 2.759  ; Rise       ; clk             ;
; frac[*]      ; clk        ; 2.704  ; 3.175  ; Rise       ; clk             ;
;  frac[0]     ; clk        ; 2.392  ; 2.850  ; Rise       ; clk             ;
;  frac[1]     ; clk        ; 2.096  ; 2.573  ; Rise       ; clk             ;
;  frac[2]     ; clk        ; -0.123 ; 0.010  ; Rise       ; clk             ;
;  frac[3]     ; clk        ; 2.077  ; 2.521  ; Rise       ; clk             ;
;  frac[4]     ; clk        ; 2.366  ; 2.847  ; Rise       ; clk             ;
;  frac[5]     ; clk        ; 1.987  ; 2.442  ; Rise       ; clk             ;
;  frac[6]     ; clk        ; 0.008  ; 0.110  ; Rise       ; clk             ;
;  frac[7]     ; clk        ; 2.348  ; 2.881  ; Rise       ; clk             ;
;  frac[8]     ; clk        ; 2.229  ; 2.696  ; Rise       ; clk             ;
;  frac[9]     ; clk        ; 2.392  ; 2.895  ; Rise       ; clk             ;
;  frac[10]    ; clk        ; 1.854  ; 2.332  ; Rise       ; clk             ;
;  frac[11]    ; clk        ; 2.315  ; 2.771  ; Rise       ; clk             ;
;  frac[12]    ; clk        ; 2.174  ; 2.651  ; Rise       ; clk             ;
;  frac[13]    ; clk        ; 2.357  ; 2.778  ; Rise       ; clk             ;
;  frac[14]    ; clk        ; 2.406  ; 2.900  ; Rise       ; clk             ;
;  frac[15]    ; clk        ; 2.389  ; 2.900  ; Rise       ; clk             ;
;  frac[16]    ; clk        ; 1.886  ; 2.309  ; Rise       ; clk             ;
;  frac[17]    ; clk        ; 2.407  ; 2.948  ; Rise       ; clk             ;
;  frac[18]    ; clk        ; 2.058  ; 2.614  ; Rise       ; clk             ;
;  frac[19]    ; clk        ; 2.432  ; 2.938  ; Rise       ; clk             ;
;  frac[20]    ; clk        ; 2.251  ; 2.730  ; Rise       ; clk             ;
;  frac[21]    ; clk        ; 2.341  ; 2.844  ; Rise       ; clk             ;
;  frac[22]    ; clk        ; 2.166  ; 2.690  ; Rise       ; clk             ;
;  frac[23]    ; clk        ; 2.397  ; 2.899  ; Rise       ; clk             ;
;  frac[24]    ; clk        ; 2.608  ; 3.126  ; Rise       ; clk             ;
;  frac[25]    ; clk        ; 0.066  ; 0.182  ; Rise       ; clk             ;
;  frac[26]    ; clk        ; 2.472  ; 3.043  ; Rise       ; clk             ;
;  frac[27]    ; clk        ; 1.817  ; 2.298  ; Rise       ; clk             ;
;  frac[28]    ; clk        ; 2.322  ; 2.813  ; Rise       ; clk             ;
;  frac[29]    ; clk        ; -0.395 ; -0.276 ; Rise       ; clk             ;
;  frac[30]    ; clk        ; 2.138  ; 2.671  ; Rise       ; clk             ;
;  frac[31]    ; clk        ; 0.293  ; 0.378  ; Rise       ; clk             ;
;  frac[32]    ; clk        ; 2.077  ; 2.596  ; Rise       ; clk             ;
;  frac[33]    ; clk        ; 2.385  ; 2.935  ; Rise       ; clk             ;
;  frac[34]    ; clk        ; 2.141  ; 2.600  ; Rise       ; clk             ;
;  frac[35]    ; clk        ; 2.145  ; 2.687  ; Rise       ; clk             ;
;  frac[36]    ; clk        ; 1.824  ; 2.337  ; Rise       ; clk             ;
;  frac[37]    ; clk        ; 2.068  ; 2.534  ; Rise       ; clk             ;
;  frac[38]    ; clk        ; 2.405  ; 2.893  ; Rise       ; clk             ;
;  frac[39]    ; clk        ; 1.820  ; 2.259  ; Rise       ; clk             ;
;  frac[40]    ; clk        ; 2.026  ; 2.495  ; Rise       ; clk             ;
;  frac[41]    ; clk        ; 1.727  ; 2.214  ; Rise       ; clk             ;
;  frac[42]    ; clk        ; 2.432  ; 2.854  ; Rise       ; clk             ;
;  frac[43]    ; clk        ; 2.663  ; 3.162  ; Rise       ; clk             ;
;  frac[44]    ; clk        ; 1.797  ; 2.232  ; Rise       ; clk             ;
;  frac[45]    ; clk        ; 2.704  ; 3.175  ; Rise       ; clk             ;
;  frac[46]    ; clk        ; 2.200  ; 2.653  ; Rise       ; clk             ;
;  frac[47]    ; clk        ; 2.235  ; 2.722  ; Rise       ; clk             ;
;  frac[48]    ; clk        ; 2.284  ; 2.768  ; Rise       ; clk             ;
;  frac[49]    ; clk        ; 2.425  ; 2.912  ; Rise       ; clk             ;
;  frac[50]    ; clk        ; 2.358  ; 2.873  ; Rise       ; clk             ;
;  frac[51]    ; clk        ; 2.469  ; 2.957  ; Rise       ; clk             ;
;  frac[52]    ; clk        ; 2.216  ; 2.674  ; Rise       ; clk             ;
;  frac[53]    ; clk        ; 2.117  ; 2.575  ; Rise       ; clk             ;
;  frac[54]    ; clk        ; 2.366  ; 2.881  ; Rise       ; clk             ;
; is_nar       ; clk        ; 2.326  ; 2.807  ; Rise       ; clk             ;
; is_zero      ; clk        ; 2.620  ; 3.139  ; Rise       ; clk             ;
; sf[*]        ; clk        ; 2.410  ; 2.931  ; Rise       ; clk             ;
;  sf[0]       ; clk        ; 1.968  ; 2.491  ; Rise       ; clk             ;
;  sf[1]       ; clk        ; -0.142 ; -0.020 ; Rise       ; clk             ;
;  sf[2]       ; clk        ; 2.123  ; 2.599  ; Rise       ; clk             ;
;  sf[3]       ; clk        ; 2.080  ; 2.541  ; Rise       ; clk             ;
;  sf[4]       ; clk        ; 2.410  ; 2.931  ; Rise       ; clk             ;
;  sf[5]       ; clk        ; 2.232  ; 2.709  ; Rise       ; clk             ;
;  sf[6]       ; clk        ; 2.275  ; 2.692  ; Rise       ; clk             ;
;  sf[7]       ; clk        ; 2.410  ; 2.905  ; Rise       ; clk             ;
;  sf[8]       ; clk        ; -0.163 ; -0.048 ; Rise       ; clk             ;
;  sf[9]       ; clk        ; 2.141  ; 2.635  ; Rise       ; clk             ;
; sign         ; clk        ; 1.813  ; 2.309  ; Rise       ; clk             ;
; sticky       ; clk        ; 2.442  ; 2.962  ; Rise       ; clk             ;
+--------------+------------+--------+--------+------------+-----------------+


+----------------------------------------------------------------------------+
; Hold Times                                                                 ;
+--------------+------------+--------+--------+------------+-----------------+
; Data Port    ; Clock Port ; Rise   ; Fall   ; Clock Edge ; Clock Reference ;
+--------------+------------+--------+--------+------------+-----------------+
; flags_in[*]  ; clk        ; -1.485 ; -1.984 ; Rise       ; clk             ;
;  flags_in[0] ; clk        ; -1.527 ; -2.005 ; Rise       ; clk             ;
;  flags_in[1] ; clk        ; -1.582 ; -2.054 ; Rise       ; clk             ;
;  flags_in[2] ; clk        ; -1.485 ; -1.984 ; Rise       ; clk             ;
;  flags_in[3] ; clk        ; -1.606 ; -2.106 ; Rise       ; clk             ;
;  flags_in[4] ; clk        ; -1.889 ; -2.355 ; Rise       ; clk             ;
; frac[*]      ; clk        ; 0.672  ; 0.551  ; Rise       ; clk             ;
;  frac[0]     ; clk        ; -1.999 ; -2.443 ; Rise       ; clk             ;
;  frac[1]     ; clk        ; -1.711 ; -2.177 ; Rise       ; clk             ;
;  frac[2]     ; clk        ; 0.410  ; 0.276  ; Rise       ; clk             ;
;  frac[3]     ; clk        ; -1.696 ; -2.127 ; Rise       ; clk             ;
;  frac[4]     ; clk        ; -1.974 ; -2.441 ; Rise       ; clk             ;
;  frac[5]     ; clk        ; -1.606 ; -2.051 ; Rise       ; clk             ;
;  frac[6]     ; clk        ; 0.284  ; 0.180  ; Rise       ; clk             ;
;  frac[7]     ; clk        ; -1.954 ; -2.473 ; Rise       ; clk             ;
;  frac[8]     ; clk        ; -1.832 ; -2.275 ; Rise       ; clk             ;
;  frac[9]     ; clk        ; -1.998 ; -2.487 ; Rise       ; clk             ;
;  frac[10]    ; clk        ; -1.469 ; -1.925 ; Rise       ; clk             ;
;  frac[11]    ; clk        ; -1.925 ; -2.367 ; Rise       ; clk             ;
;  frac[12]    ; clk        ; -1.786 ; -2.252 ; Rise       ; clk             ;
;  frac[13]    ; clk        ; -1.965 ; -2.374 ; Rise       ; clk             ;
;  frac[14]    ; clk        ; -2.012 ; -2.491 ; Rise       ; clk             ;
;  frac[15]    ; clk        ; -1.996 ; -2.491 ; Rise       ; clk             ;
;  frac[16]    ; clk        ; -1.502 ; -1.902 ; Rise       ; clk             ;
;  frac[17]    ; clk        ; -2.010 ; -2.536 ; Rise       ; clk             ;
;  frac[18]    ; clk        ; -1.663 ; -2.194 ; Rise       ; clk             ;
;  frac[19]    ; clk        ; -2.037 ; -2.528 ; Rise       ; clk             ;
;  frac[20]    ; clk        ; -1.851 ; -2.307 ; Rise       ; clk             ;
;  frac[21]    ; clk        ; -1.946 ; -2.437 ; Rise       ; clk             ;
;  frac[22]    ; clk        ; -1.779 ; -2.289 ; Rise       ; clk             ;
;  frac[23]    ; clk        ; -2.000 ; -2.490 ; Rise       ; clk             ;
;  frac[24]    ; clk        ; -2.202 ; -2.707 ; Rise       ; clk             ;
;  frac[25]    ; clk        ; 0.229  ; 0.111  ; Rise       ; clk             ;
;  frac[26]    ; clk        ; -2.072 ; -2.628 ; Rise       ; clk             ;
;  frac[27]    ; clk        ; -1.443 ; -1.913 ; Rise       ; clk             ;
;  frac[28]    ; clk        ; -1.928 ; -2.407 ; Rise       ; clk             ;
;  frac[29]    ; clk        ; 0.672  ; 0.551  ; Rise       ; clk             ;
;  frac[30]    ; clk        ; -1.752 ; -2.270 ; Rise       ; clk             ;
;  frac[31]    ; clk        ; 0.011  ; -0.078 ; Rise       ; clk             ;
;  frac[32]    ; clk        ; -1.693 ; -2.199 ; Rise       ; clk             ;
;  frac[33]    ; clk        ; -1.989 ; -2.524 ; Rise       ; clk             ;
;  frac[34]    ; clk        ; -1.757 ; -2.203 ; Rise       ; clk             ;
;  frac[35]    ; clk        ; -1.758 ; -2.286 ; Rise       ; clk             ;
;  frac[36]    ; clk        ; -1.450 ; -1.950 ; Rise       ; clk             ;
;  frac[37]    ; clk        ; -1.688 ; -2.140 ; Rise       ; clk             ;
;  frac[38]    ; clk        ; -2.011 ; -2.485 ; Rise       ; clk             ;
;  frac[39]    ; clk        ; -1.449 ; -1.876 ; Rise       ; clk             ;
;  frac[40]    ; clk        ; -1.647 ; -2.103 ; Rise       ; clk             ;
;  frac[41]    ; clk        ; -1.358 ; -1.833 ; Rise       ; clk             ;
;  frac[42]    ; clk        ; -2.038 ; -2.449 ; Rise       ; clk             ;
;  frac[43]    ; clk        ; -2.259 ; -2.744 ; Rise       ; clk             ;
;  frac[44]    ; clk        ; -1.428 ; -1.851 ; Rise       ; clk             ;
;  frac[45]    ; clk        ; -2.299 ; -2.757 ; Rise       ; clk             ;
;  frac[46]    ; clk        ; -1.803 ; -2.233 ; Rise       ; clk             ;
;  frac[47]    ; clk        ; -1.845 ; -2.321 ; Rise       ; clk             ;
;  frac[48]    ; clk        ; -1.896 ; -2.366 ; Rise       ; clk             ;
;  frac[49]    ; clk        ; -2.028 ; -2.503 ; Rise       ; clk             ;
;  frac[50]    ; clk        ; -1.964 ; -2.466 ; Rise       ; clk             ;
;  frac[51]    ; clk        ; -2.073 ; -2.547 ; Rise       ; clk             ;
;  frac[52]    ; clk        ; -1.828 ; -2.274 ; Rise       ; clk             ;
;  frac[53]    ; clk        ; -1.736 ; -2.181 ; Rise       ; clk             ;
;  frac[54]    ; clk        ; -1.971 ; -2.473 ; Rise       ; clk             ;
; is_nar       ; clk        ; -1.931 ; -2.401 ; Rise       ; clk             ;
; is_zero      ; clk        ; -2.214 ; -2.720 ; Rise       ; clk             ;
; sf[*]        ; clk        ; 0.448  ; 0.332  ; Rise       ; clk             ;
;  sf[0]       ; clk        ; -1.576 ; -2.076 ; Rise       ; clk             ;
;  sf[1]       ; clk        ; 0.429  ; 0.305  ; Rise       ; clk             ;
;  sf[2]       ; clk        ; -1.742 ; -2.203 ; Rise       ; clk             ;
;  sf[3]       ; clk        ; -1.700 ; -2.148 ; Rise       ; clk             ;
;  sf[4]       ; clk        ; -2.014 ; -2.521 ; Rise       ; clk             ;
;  sf[5]       ; clk        ; -1.841 ; -2.307 ; Rise       ; clk             ;
;  sf[6]       ; clk        ; -1.886 ; -2.292 ; Rise       ; clk             ;
;  sf[7]       ; clk        ; -2.016 ; -2.496 ; Rise       ; clk             ;
;  sf[8]       ; clk        ; 0.448  ; 0.332  ; Rise       ; clk             ;
;  sf[9]       ; clk        ; -1.759 ; -2.238 ; Rise       ; clk             ;
; sign         ; clk        ; -1.441 ; -1.925 ; Rise       ; clk             ;
; sticky       ; clk        ; -2.047 ; -2.551 ; Rise       ; clk             ;
+--------------+------------+--------+--------+------------+-----------------+


+-----------------------------------------------------------------------+
; Clock to Output Times                                                 ;
+-----------+------------+-------+-------+------------+-----------------+
; Data Port ; Clock Port ; Rise  ; Fall  ; Clock Edge ; Clock Reference ;
+-----------+------------+-------+-------+------------+-----------------+
; d[*]      ; clk        ; 8.207 ; 8.359 ; Rise       ; clk             ;
;  d[0]     ; clk        ; 6.429 ; 6.518 ; Rise       ; clk             ;
;  d[1]     ; clk        ; 6.635 ; 6.704 ; Rise       ; clk             ;
;  d[2]     ; clk        ; 6.482 ; 6.551 ; Rise       ; clk             ;
;  d[3]     ; clk        ; 6.646 ; 6.727 ; Rise       ; clk             ;
;  d[4]     ; clk        ; 6.985 ; 7.055 ; Rise       ; clk             ;
;  d[5]     ; clk        ; 6.784 ; 6.848 ; Rise       ; clk             ;
;  d[6]     ; clk        ; 7.058 ; 7.190 ; Rise       ; clk             ;
;  d[7]     ; clk        ; 6.191 ; 6.269 ; Rise       ; clk             ;
;  d[8]     ; clk        ; 8.207 ; 8.359 ; Rise       ; clk             ;
;  d[9]     ; clk        ; 6.172 ; 6.211 ; Rise       ; clk             ;
;  d[10]    ; clk        ; 6.658 ; 6.650 ; Rise       ; clk             ;
;  d[11]    ; clk        ; 6.533 ; 6.523 ; Rise       ; clk             ;
;  d[12]    ; clk        ; 7.153 ; 7.307 ; Rise       ; clk             ;
;  d[13]    ; clk        ; 6.176 ; 6.218 ; Rise       ; clk             ;
;  d[14]    ; clk        ; 6.356 ; 6.368 ; Rise       ; clk             ;
;  d[15]    ; clk        ; 6.301 ; 6.327 ; Rise       ; clk             ;
;  d[16]    ; clk        ; 5.964 ; 6.013 ; Rise       ; clk             ;
;  d[17]    ; clk        ; 7.495 ; 7.626 ; Rise       ; clk             ;
;  d[18]    ; clk        ; 7.870 ; 7.957 ; Rise       ; clk             ;
;  d[19]    ; clk        ; 5.850 ; 5.883 ; Rise       ; clk             ;
;  d[20]    ; clk        ; 6.294 ; 6.311 ; Rise       ; clk             ;
;  d[21]    ; clk        ; 6.734 ; 6.835 ; Rise       ; clk             ;
;  d[22]    ; clk        ; 7.110 ; 7.150 ; Rise       ; clk             ;
;  d[23]    ; clk        ; 7.148 ; 7.222 ; Rise       ; clk             ;
;  d[24]    ; clk        ; 6.307 ; 6.328 ; Rise       ; clk             ;
;  d[25]    ; clk        ; 6.461 ; 6.529 ; Rise       ; clk             ;
;  d[26]    ; clk        ; 6.858 ; 6.897 ; Rise       ; clk             ;
;  d[27]    ; clk        ; 6.754 ; 6.830 ; Rise       ; clk             ;
;  d[28]    ; clk        ; 6.137 ; 6.192 ; Rise       ; clk             ;
;  d[29]    ; clk        ; 6.297 ; 6.328 ; Rise       ; clk             ;
;  d[30]    ; clk        ; 6.922 ; 7.070 ; Rise       ; clk             ;
;  d[31]    ; clk        ; 7.088 ; 7.110 ; Rise       ; clk             ;
; flags[*]  ; clk        ; 7.272 ; 7.430 ; Rise       ; clk             ;
;  flags[0] ; clk        ; 6.116 ; 6.139 ; Rise       ; clk             ;
;  flags[1] ; clk        ; 7.272 ; 7.430 ; Rise       ; clk             ;
;  flags[2] ; clk        ; 6.239 ; 6.251 ; Rise       ; clk             ;
;  flags[3] ; clk        ; 7.201 ; 7.243 ; Rise       ; clk             ;
;  flags[4] ; clk        ; 7.059 ; 7.092 ; Rise       ; clk             ;
; out_valid ; clk        ; 5.493 ; 5.486 ; Rise       ; clk             ;
+-----------+------------+-------+-------+------------+-----------------+


+-----------------------------------------------------------------------+
; Minimum Clock to Output Times                                         ;
+-----------+------------+-------+-------+------------+-----------------+
; Data Port ; Clock Port ; Rise  ; Fall  ; Clock Edge ; Clock Reference ;
+-----------+------------+-------+-------+------------+-----------------+
; d[*]      ; clk        ; 5.660 ; 5.691 ; Rise       ; clk             ;
;  d[0]     ; clk        ; 6.216 ; 6.301 ; Rise       ; clk             ;
;  d[1]     ; clk        ; 6.411 ; 6.476 ; Rise       ; clk             ;
;  d[2]     ; clk        ; 6.265 ; 6.330 ; Rise       ; clk             ;
;  d[3]     ; clk        ; 6.423 ; 6.500 ; Rise       ; clk             ;
;  d[4]     ; clk        ; 6.746 ; 6.812 ; Rise       ; clk             ;
;  d[5]     ; clk        ; 6.555 ; 6.615 ; Rise       ; clk             ;
;  d[6]     ; clk        ; 6.818 ; 6.944 ; Rise       ; clk             ;
;  d[7]     ; clk        ; 5.986 ; 6.059 ; Rise       ; clk             ;
;  d[8]     ; clk        ; 7.973 ; 8.121 ; Rise       ; clk             ;
;  d[9]     ; clk        ; 5.968 ; 6.003 ; Rise       ; clk             ;
;  d[10]    ; clk        ; 6.434 ; 6.425 ; Rise       ; clk             ;
;  d[11]    ; clk        ; 6.314 ; 6.303 ; Rise       ; clk             ;
;  d[12]    ; clk        ; 6.958 ; 7.110 ; Rise       ; clk             ;
;  d[13]    ; clk        ; 5.972 ; 6.011 ; Rise       ; clk             ;
;  d[14]    ; clk        ; 6.145 ; 6.155 ; Rise       ; clk             ;
;  d[15]    ; clk        ; 6.091 ; 6.115 ; Rise       ; clk             ;
;  d[16]    ; clk        ; 5.768 ; 5.814 ; Rise       ; clk             ;
;  d[17]    ; clk        ; 7.237 ; 7.362 ; Rise       ; clk             ;
;  d[18]    ; clk        ; 7.649 ; 7.735 ; Rise       ; clk             ;
;  d[19]    ; clk        ; 5.660 ; 5.691 ; Rise       ; clk             ;
;  d[20]    ; clk        ; 6.084 ; 6.099 ; Rise       ; clk             ;
;  d[21]    ; clk        ; 6.507 ; 6.603 ; Rise       ; clk             ;
;  d[22]    ; clk        ; 6.867 ; 6.904 ; Rise       ; clk             ;
;  d[23]    ; clk        ; 6.904 ; 6.974 ; Rise       ; clk             ;
;  d[24]    ; clk        ; 6.097 ; 6.117 ; Rise       ; clk             ;
;  d[25]    ; clk        ; 6.245 ; 6.309 ; Rise       ; clk             ;
;  d[26]    ; clk        ; 6.627 ; 6.662 ; Rise       ; clk             ;
;  d[27]    ; clk        ; 6.526 ; 6.597 ; Rise       ; clk             ;
;  d[28]    ; clk        ; 5.933 ; 5.984 ; Rise       ; clk             ;
;  d[29]    ; clk        ; 6.088 ; 6.116 ; Rise       ; clk             ;
;  d[30]    ; clk        ; 6.687 ; 6.828 ; Rise       ; clk             ;
;  d[31]    ; clk        ; 6.847 ; 6.867 ; Rise       ; clk             ;
; flags[*]  ; clk        ; 5.915 ; 5.936 ; Rise       ; clk             ;
;  flags[0] ; clk        ; 5.915 ; 5.936 ; Rise       ; clk             ;
;  flags[1] ; clk        ; 7.023 ; 7.173 ; Rise       ; clk             ;
;  flags[2] ; clk        ; 6.033 ; 6.044 ; Rise       ; clk             ;
;  flags[3] ; clk        ; 6.954 ; 6.994 ; Rise       ; clk             ;
;  flags[4] ; clk        ; 6.820 ; 6.851 ; Rise       ; clk             ;
; out_valid ; clk        ; 5.316 ; 5.307 ; Rise       ; clk             ;
+-----------+------------+-------+-------+------------+-----------------+


----------------------------------------------
; Slow 1200mV 85C Model Metastability Report ;
----------------------------------------------
No synchronizer chains to report.


+--------------------------------------------------+
; Slow 1200mV 0C Model Fmax Summary                ;
+------------+-----------------+------------+------+
; Fmax       ; Restricted Fmax ; Clock Name ; Note ;
+------------+-----------------+------------+------+
; 110.33 MHz ; 110.33 MHz      ; clk        ;      ;
+------------+-----------------+------------+------+
This panel reports FMAX for every clock in the design, regardless of the user-specified clock periods.  FMAX is only computed for paths where the source and destination registers or ports are driven by the same clock.  Paths of different clocks, including generated clocks, are ignored.  For paths between a clock and its inversion, FMAX is computed as if the rising and falling edges are scaled along with FMAX, such that the duty cycle (in terms of a percentage) is maintained. Altera recommends that you always use clock constraints and other slack reports for sign-off analysis.


+------------------------------------+
; Slow 1200mV 0C Model Setup Summary ;
+-------+-------+--------------------+
; Clock ; Slack ; End Point TNS      ;
+-------+-------+--------------------+
; clk   ; 0.936 ; 0.000              ;
+-------+-------+--------------------+


+-----------------------------------+
; Slow 1200mV 0C Model Hold Summary ;
+-------+-------+-------------------+
; Clock ; Slack ; End Point TNS     ;
+-------+-------+-------------------+
; clk   ; 0.338 ; 0.000             ;
+-------+-------+-------------------+


+---------------------------------------+
; Slow 1200mV 0C Model Recovery Summary ;
+-------+-------+-----------------------+
; Clock ; Slack ; End Point TNS         ;
+-------+-------+-----------------------+
; clk   ; 6.465 ; 0.000                 ;
+-------+-------+-----------------------+


+--------------------------------------+
; Slow 1200mV 0C Model Removal Summary ;
+-------+-------+----------------------+
; Clock ; Slack ; End Point TNS        ;
+-------+-------+----------------------+
; clk   ; 2.670 ; 0.000                ;
+-------+-------+----------------------+


+--------------------------------------------------+
; Slow 1200mV 0C Model Minimum Pulse Width Summary ;
+-------+-------+----------------------------------+
; Clock ; Slack ; End Point TNS                    ;
+-------+-------+----------------------------------+
; clk   ; 4.691 ; 0.000                            ;
+-------+-------+----------------------------------+


+------------------------------------------------------------------------------------------------------------------------------------------------------------------+
; Slow 1200mV 0C Model Setup: 'clk'                                                                                                                                ;
+-------+----------------------------------------------+-------------------------------------+--------------+-------------+--------------+------------+------------+
; Slack ; From Node                                    ; To Node                             ; Launch Clock ; Latch Clock ; Relationship ; Clock Skew ; Data Delay ;
+-------+----------------------------------------------+-------------------------------------+--------------+-------------+--------------+------------+------------+
; 0.936 ; packer_ppa_boundary:u_boundary|sf_q[9]       ; posit_pack:u_packer|g_trunc.d_q[27] ; clk          ; clk         ; 10.000       ; 0.278      ; 9.337      ;
; 0.970 ; packer_ppa_boundary:u_boundary|sf_q[3]       ; posit_pack:u_packer|g_trunc.d_q[27] ; clk          ; clk         ; 10.000       ; 0.279      ; 9.304      ;
; 1.060 ; packer_ppa_boundary:u_boundary|sf_q[9]       ; posit_pack:u_packer|g_trunc.d_q[25] ; clk          ; clk         ; 10.000       ; 0.234      ; 9.169      ;
; 1.094 ; packer_ppa_boundary:u_boundary|sf_q[3]       ; posit_pack:u_packer|g_trunc.d_q[25] ; clk          ; clk         ; 10.000       ; 0.235      ; 9.136      ;
; 1.127 ; packer_ppa_boundary:u_boundary|frac_q[46]    ; posit_pack:u_packer|g_trunc.d_q[27] ; clk          ; clk         ; 10.000       ; 0.280      ; 9.148      ;
; 1.185 ; packer_ppa_boundary:u_boundary|sf_q[9]       ; posit_pack:u_packer|g_trunc.d_q[30] ; clk          ; clk         ; 10.000       ; 0.278      ; 9.088      ;
; 1.185 ; packer_ppa_boundary:u_boundary|sf_q[4]       ; posit_pack:u_packer|g_trunc.d_q[27] ; clk          ; clk         ; 10.000       ; 0.278      ; 9.088      ;
; 1.188 ; packer_ppa_boundary:u_boundary|sf_q[9]       ; posit_pack:u_packer|g_trunc.d_q[23] ; clk          ; clk         ; 10.000       ; 0.278      ; 9.085      ;
; 1.191 ; packer_ppa_boundary:u_boundary|sf_q[6]       ; posit_pack:u_packer|g_trunc.d_q[27] ; clk          ; clk         ; 10.000       ; 0.278      ; 9.082      ;
; 1.219 ; packer_ppa_boundary:u_boundary|sf_q[3]       ; posit_pack:u_packer|g_trunc.d_q[30] ; clk          ; clk         ; 10.000       ; 0.279      ; 9.055      ;
; 1.222 ; packer_ppa_boundary:u_boundary|sf_q[3]       ; posit_pack:u_packer|g_trunc.d_q[23] ; clk          ; clk         ; 10.000       ; 0.279      ; 9.052      ;
; 1.251 ; packer_ppa_boundary:u_boundary|frac_q[46]    ; posit_pack:u_packer|g_trunc.d_q[25] ; clk          ; clk         ; 10.000       ; 0.236      ; 8.980      ;
; 1.292 ; packer_ppa_boundary:u_boundary|frac_q[47]    ; posit_pack:u_packer|g_trunc.d_q[27] ; clk          ; clk         ; 10.000       ; 0.279      ; 8.982      ;
; 1.309 ; packer_ppa_boundary:u_boundary|sf_q[4]       ; posit_pack:u_packer|g_trunc.d_q[25] ; clk          ; clk         ; 10.000       ; 0.234      ; 8.920      ;
; 1.315 ; packer_ppa_boundary:u_boundary|sf_q[6]       ; posit_pack:u_packer|g_trunc.d_q[25] ; clk          ; clk         ; 10.000       ; 0.234      ; 8.914      ;
; 1.333 ; packer_ppa_boundary:u_boundary|sf_q[9]       ; posit_pack:u_packer|g_trunc.d_q[21] ; clk          ; clk         ; 10.000       ; 0.229      ; 8.891      ;
; 1.367 ; packer_ppa_boundary:u_boundary|sf_q[3]       ; posit_pack:u_packer|g_trunc.d_q[21] ; clk          ; clk         ; 10.000       ; 0.230      ; 8.858      ;
; 1.376 ; packer_ppa_boundary:u_boundary|frac_q[46]    ; posit_pack:u_packer|g_trunc.d_q[30] ; clk          ; clk         ; 10.000       ; 0.280      ; 8.899      ;
; 1.379 ; packer_ppa_boundary:u_boundary|frac_q[46]    ; posit_pack:u_packer|g_trunc.d_q[23] ; clk          ; clk         ; 10.000       ; 0.280      ; 8.896      ;
; 1.407 ; packer_ppa_boundary:u_boundary|frac_q[44]    ; posit_pack:u_packer|g_trunc.d_q[27] ; clk          ; clk         ; 10.000       ; 0.279      ; 8.867      ;
; 1.410 ; packer_ppa_boundary:u_boundary|sf_q[9]       ; posit_pack:u_packer|g_trunc.d_q[19] ; clk          ; clk         ; 10.000       ; 0.234      ; 8.819      ;
; 1.416 ; packer_ppa_boundary:u_boundary|frac_q[47]    ; posit_pack:u_packer|g_trunc.d_q[25] ; clk          ; clk         ; 10.000       ; 0.235      ; 8.814      ;
; 1.429 ; packer_ppa_boundary:u_boundary|frac_q[53]    ; posit_pack:u_packer|g_trunc.d_q[27] ; clk          ; clk         ; 10.000       ; 0.279      ; 8.845      ;
; 1.432 ; packer_ppa_boundary:u_boundary|sf_q[9]       ; posit_pack:u_packer|g_trunc.d_q[31] ; clk          ; clk         ; 10.000       ; -0.058     ; 8.505      ;
; 1.432 ; packer_ppa_boundary:u_boundary|frac_q[50]    ; posit_pack:u_packer|g_trunc.d_q[27] ; clk          ; clk         ; 10.000       ; 0.278      ; 8.841      ;
; 1.434 ; packer_ppa_boundary:u_boundary|sf_q[4]       ; posit_pack:u_packer|g_trunc.d_q[30] ; clk          ; clk         ; 10.000       ; 0.278      ; 8.839      ;
; 1.434 ; packer_ppa_boundary:u_boundary|sf_q[2]       ; posit_pack:u_packer|g_trunc.d_q[27] ; clk          ; clk         ; 10.000       ; 0.278      ; 8.839      ;
; 1.437 ; packer_ppa_boundary:u_boundary|sf_q[4]       ; posit_pack:u_packer|g_trunc.d_q[23] ; clk          ; clk         ; 10.000       ; 0.278      ; 8.836      ;
; 1.440 ; packer_ppa_boundary:u_boundary|sf_q[6]       ; posit_pack:u_packer|g_trunc.d_q[30] ; clk          ; clk         ; 10.000       ; 0.278      ; 8.833      ;
; 1.443 ; packer_ppa_boundary:u_boundary|sf_q[6]       ; posit_pack:u_packer|g_trunc.d_q[23] ; clk          ; clk         ; 10.000       ; 0.278      ; 8.830      ;
; 1.444 ; packer_ppa_boundary:u_boundary|sf_q[3]       ; posit_pack:u_packer|g_trunc.d_q[19] ; clk          ; clk         ; 10.000       ; 0.235      ; 8.786      ;
; 1.453 ; packer_ppa_boundary:u_boundary|sf_q[1]       ; posit_pack:u_packer|g_trunc.d_q[27] ; clk          ; clk         ; 10.000       ; 0.279      ; 8.821      ;
; 1.455 ; packer_ppa_boundary:u_boundary|frac_q[39]    ; posit_pack:u_packer|g_trunc.d_q[27] ; clk          ; clk         ; 10.000       ; 0.281      ; 8.821      ;
; 1.466 ; packer_ppa_boundary:u_boundary|sf_q[7]       ; posit_pack:u_packer|g_trunc.d_q[27] ; clk          ; clk         ; 10.000       ; 0.278      ; 8.807      ;
; 1.466 ; packer_ppa_boundary:u_boundary|sf_q[3]       ; posit_pack:u_packer|g_trunc.d_q[31] ; clk          ; clk         ; 10.000       ; -0.057     ; 8.472      ;
; 1.467 ; packer_ppa_boundary:u_boundary|sf_q[8]       ; posit_pack:u_packer|g_trunc.d_q[27] ; clk          ; clk         ; 10.000       ; 0.278      ; 8.806      ;
; 1.485 ; packer_ppa_boundary:u_boundary|frac_q[48]    ; posit_pack:u_packer|g_trunc.d_q[27] ; clk          ; clk         ; 10.000       ; 0.279      ; 8.789      ;
; 1.513 ; packer_ppa_boundary:u_boundary|frac_q[45]    ; posit_pack:u_packer|g_trunc.d_q[27] ; clk          ; clk         ; 10.000       ; 0.279      ; 8.761      ;
; 1.518 ; packer_ppa_boundary:u_boundary|sf_q[5]       ; posit_pack:u_packer|g_trunc.d_q[27] ; clk          ; clk         ; 10.000       ; 0.278      ; 8.755      ;
; 1.524 ; packer_ppa_boundary:u_boundary|frac_q[46]    ; posit_pack:u_packer|g_trunc.d_q[21] ; clk          ; clk         ; 10.000       ; 0.231      ; 8.702      ;
; 1.526 ; packer_ppa_boundary:u_boundary|frac_q[47]    ; posit_pack:u_packer|g_trunc.d_q[30] ; clk          ; clk         ; 10.000       ; 0.279      ; 8.748      ;
; 1.528 ; packer_ppa_boundary:u_boundary|flags_in_q[4] ; posit_pack:u_packer|g_trunc.d_q[27] ; clk          ; clk         ; 10.000       ; 0.278      ; 8.745      ;
; 1.531 ; packer_ppa_boundary:u_boundary|frac_q[44]    ; posit_pack:u_packer|g_trunc.d_q[25] ; clk          ; clk         ; 10.000       ; 0.235      ; 8.699      ;
; 1.544 ; packer_ppa_boundary:u_boundary|frac_q[47]    ; posit_pack:u_packer|g_trunc.d_q[23] ; clk          ; clk         ; 10.000       ; 0.279      ; 8.730      ;
; 1.546 ; packer_ppa_boundary:u_boundary|frac_q[51]    ; posit_pack:u_packer|g_trunc.d_q[27] ; clk          ; clk         ; 10.000       ; 0.278      ; 8.727      ;
; 1.551 ; packer_ppa_boundary:u_boundary|sf_q[9]       ; posit_pack:u_packer|g_trunc.d_q[29] ; clk          ; clk         ; 10.000       ; 0.256      ; 8.700      ;
; 1.553 ; packer_ppa_boundary:u_boundary|frac_q[53]    ; posit_pack:u_packer|g_trunc.d_q[25] ; clk          ; clk         ; 10.000       ; 0.235      ; 8.677      ;
; 1.556 ; packer_ppa_boundary:u_boundary|frac_q[50]    ; posit_pack:u_packer|g_trunc.d_q[25] ; clk          ; clk         ; 10.000       ; 0.234      ; 8.673      ;
; 1.558 ; packer_ppa_boundary:u_boundary|sf_q[2]       ; posit_pack:u_packer|g_trunc.d_q[25] ; clk          ; clk         ; 10.000       ; 0.234      ; 8.671      ;
; 1.570 ; packer_ppa_boundary:u_boundary|frac_q[53]    ; posit_pack:u_packer|g_trunc.d_q[30] ; clk          ; clk         ; 10.000       ; 0.279      ; 8.704      ;
; 1.577 ; packer_ppa_boundary:u_boundary|sf_q[1]       ; posit_pack:u_packer|g_trunc.d_q[25] ; clk          ; clk         ; 10.000       ; 0.235      ; 8.653      ;
; 1.579 ; packer_ppa_boundary:u_boundary|frac_q[39]    ; posit_pack:u_packer|g_trunc.d_q[25] ; clk          ; clk         ; 10.000       ; 0.237      ; 8.653      ;
; 1.582 ; packer_ppa_boundary:u_boundary|sf_q[4]       ; posit_pack:u_packer|g_trunc.d_q[21] ; clk          ; clk         ; 10.000       ; 0.229      ; 8.642      ;
; 1.585 ; packer_ppa_boundary:u_boundary|sf_q[3]       ; posit_pack:u_packer|g_trunc.d_q[29] ; clk          ; clk         ; 10.000       ; 0.257      ; 8.667      ;
; 1.586 ; packer_ppa_boundary:u_boundary|frac_q[49]    ; posit_pack:u_packer|g_trunc.d_q[27] ; clk          ; clk         ; 10.000       ; 0.279      ; 8.688      ;
; 1.588 ; packer_ppa_boundary:u_boundary|sf_q[6]       ; posit_pack:u_packer|g_trunc.d_q[21] ; clk          ; clk         ; 10.000       ; 0.229      ; 8.636      ;
; 1.590 ; packer_ppa_boundary:u_boundary|sf_q[7]       ; posit_pack:u_packer|g_trunc.d_q[25] ; clk          ; clk         ; 10.000       ; 0.234      ; 8.639      ;
; 1.591 ; packer_ppa_boundary:u_boundary|sf_q[8]       ; posit_pack:u_packer|g_trunc.d_q[25] ; clk          ; clk         ; 10.000       ; 0.234      ; 8.638      ;
; 1.601 ; packer_ppa_boundary:u_boundary|frac_q[46]    ; posit_pack:u_packer|g_trunc.d_q[19] ; clk          ; clk         ; 10.000       ; 0.236      ; 8.630      ;
; 1.609 ; packer_ppa_boundary:u_boundary|frac_q[48]    ; posit_pack:u_packer|g_trunc.d_q[25] ; clk          ; clk         ; 10.000       ; 0.235      ; 8.621      ;
; 1.623 ; packer_ppa_boundary:u_boundary|frac_q[46]    ; posit_pack:u_packer|g_trunc.d_q[31] ; clk          ; clk         ; 10.000       ; -0.056     ; 8.316      ;
; 1.635 ; packer_ppa_boundary:u_boundary|sf_q[9]       ; posit_pack:u_packer|g_trunc.d_q[15] ; clk          ; clk         ; 10.000       ; 0.256      ; 8.616      ;
; 1.637 ; packer_ppa_boundary:u_boundary|frac_q[45]    ; posit_pack:u_packer|g_trunc.d_q[25] ; clk          ; clk         ; 10.000       ; 0.235      ; 8.593      ;
; 1.639 ; packer_ppa_boundary:u_boundary|frac_q[31]    ; posit_pack:u_packer|g_trunc.d_q[27] ; clk          ; clk         ; 10.000       ; 0.282      ; 8.638      ;
; 1.642 ; packer_ppa_boundary:u_boundary|frac_q[43]    ; posit_pack:u_packer|g_trunc.d_q[27] ; clk          ; clk         ; 10.000       ; 0.279      ; 8.632      ;
; 1.642 ; packer_ppa_boundary:u_boundary|sf_q[5]       ; posit_pack:u_packer|g_trunc.d_q[25] ; clk          ; clk         ; 10.000       ; 0.234      ; 8.587      ;
; 1.647 ; packer_ppa_boundary:u_boundary|frac_q[36]    ; posit_pack:u_packer|g_trunc.d_q[27] ; clk          ; clk         ; 10.000       ; 0.280      ; 8.628      ;
; 1.652 ; packer_ppa_boundary:u_boundary|flags_in_q[4] ; posit_pack:u_packer|g_trunc.d_q[25] ; clk          ; clk         ; 10.000       ; 0.234      ; 8.577      ;
; 1.656 ; packer_ppa_boundary:u_boundary|frac_q[44]    ; posit_pack:u_packer|g_trunc.d_q[30] ; clk          ; clk         ; 10.000       ; 0.279      ; 8.618      ;
; 1.659 ; packer_ppa_boundary:u_boundary|frac_q[44]    ; posit_pack:u_packer|g_trunc.d_q[23] ; clk          ; clk         ; 10.000       ; 0.279      ; 8.615      ;
; 1.659 ; packer_ppa_boundary:u_boundary|sf_q[4]       ; posit_pack:u_packer|g_trunc.d_q[19] ; clk          ; clk         ; 10.000       ; 0.234      ; 8.570      ;
; 1.662 ; packer_ppa_boundary:u_boundary|sf_q[0]       ; posit_pack:u_packer|g_trunc.d_q[27] ; clk          ; clk         ; 10.000       ; 0.279      ; 8.612      ;
; 1.663 ; packer_ppa_boundary:u_boundary|sf_q[2]       ; posit_pack:u_packer|g_trunc.d_q[30] ; clk          ; clk         ; 10.000       ; 0.278      ; 8.610      ;
; 1.665 ; packer_ppa_boundary:u_boundary|sf_q[6]       ; posit_pack:u_packer|g_trunc.d_q[19] ; clk          ; clk         ; 10.000       ; 0.234      ; 8.564      ;
; 1.669 ; packer_ppa_boundary:u_boundary|sf_q[3]       ; posit_pack:u_packer|g_trunc.d_q[15] ; clk          ; clk         ; 10.000       ; 0.257      ; 8.583      ;
; 1.670 ; packer_ppa_boundary:u_boundary|frac_q[51]    ; posit_pack:u_packer|g_trunc.d_q[25] ; clk          ; clk         ; 10.000       ; 0.234      ; 8.559      ;
; 1.673 ; packer_ppa_boundary:u_boundary|sf_q[5]       ; posit_pack:u_packer|g_trunc.d_q[30] ; clk          ; clk         ; 10.000       ; 0.278      ; 8.600      ;
; 1.681 ; packer_ppa_boundary:u_boundary|frac_q[50]    ; posit_pack:u_packer|g_trunc.d_q[30] ; clk          ; clk         ; 10.000       ; 0.278      ; 8.592      ;
; 1.681 ; packer_ppa_boundary:u_boundary|sf_q[4]       ; posit_pack:u_packer|g_trunc.d_q[31] ; clk          ; clk         ; 10.000       ; -0.058     ; 8.256      ;
; 1.681 ; packer_ppa_boundary:u_boundary|frac_q[53]    ; posit_pack:u_packer|g_trunc.d_q[23] ; clk          ; clk         ; 10.000       ; 0.279      ; 8.593      ;
; 1.682 ; packer_ppa_boundary:u_boundary|sf_q[9]       ; posit_pack:u_packer|g_trunc.d_q[28] ; clk          ; clk         ; 10.000       ; 0.281      ; 8.594      ;
; 1.684 ; packer_ppa_boundary:u_boundary|frac_q[50]    ; posit_pack:u_packer|g_trunc.d_q[23] ; clk          ; clk         ; 10.000       ; 0.278      ; 8.589      ;
; 1.686 ; packer_ppa_boundary:u_boundary|sf_q[2]       ; posit_pack:u_packer|g_trunc.d_q[23] ; clk          ; clk         ; 10.000       ; 0.278      ; 8.587      ;
; 1.687 ; packer_ppa_boundary:u_boundary|sf_q[6]       ; posit_pack:u_packer|g_trunc.d_q[31] ; clk          ; clk         ; 10.000       ; -0.058     ; 8.250      ;
; 1.689 ; packer_ppa_boundary:u_boundary|frac_q[47]    ; posit_pack:u_packer|g_trunc.d_q[21] ; clk          ; clk         ; 10.000       ; 0.230      ; 8.536      ;
; 1.701 ; packer_ppa_boundary:u_boundary|frac_q[52]    ; posit_pack:u_packer|g_trunc.d_q[27] ; clk          ; clk         ; 10.000       ; 0.278      ; 8.572      ;
; 1.702 ; packer_ppa_boundary:u_boundary|sf_q[1]       ; posit_pack:u_packer|g_trunc.d_q[30] ; clk          ; clk         ; 10.000       ; 0.279      ; 8.572      ;
; 1.703 ; packer_ppa_boundary:u_boundary|frac_q[54]    ; posit_pack:u_packer|g_trunc.d_q[27] ; clk          ; clk         ; 10.000       ; 0.278      ; 8.570      ;
; 1.704 ; packer_ppa_boundary:u_boundary|frac_q[39]    ; posit_pack:u_packer|g_trunc.d_q[30] ; clk          ; clk         ; 10.000       ; 0.281      ; 8.572      ;
; 1.705 ; packer_ppa_boundary:u_boundary|sf_q[1]       ; posit_pack:u_packer|g_trunc.d_q[23] ; clk          ; clk         ; 10.000       ; 0.279      ; 8.569      ;
; 1.707 ; packer_ppa_boundary:u_boundary|frac_q[39]    ; posit_pack:u_packer|g_trunc.d_q[23] ; clk          ; clk         ; 10.000       ; 0.281      ; 8.569      ;
; 1.710 ; packer_ppa_boundary:u_boundary|frac_q[49]    ; posit_pack:u_packer|g_trunc.d_q[25] ; clk          ; clk         ; 10.000       ; 0.235      ; 8.520      ;
; 1.711 ; packer_ppa_boundary:u_boundary|is_zero_q     ; posit_pack:u_packer|g_trunc.d_q[27] ; clk          ; clk         ; 10.000       ; 0.278      ; 8.562      ;
; 1.715 ; packer_ppa_boundary:u_boundary|sf_q[7]       ; posit_pack:u_packer|g_trunc.d_q[30] ; clk          ; clk         ; 10.000       ; 0.278      ; 8.558      ;
; 1.716 ; packer_ppa_boundary:u_boundary|sf_q[3]       ; posit_pack:u_packer|g_trunc.d_q[28] ; clk          ; clk         ; 10.000       ; 0.282      ; 8.561      ;
; 1.716 ; packer_ppa_boundary:u_boundary|sf_q[8]       ; posit_pack:u_packer|g_trunc.d_q[30] ; clk          ; clk         ; 10.000       ; 0.278      ; 8.557      ;
; 1.718 ; packer_ppa_boundary:u_boundary|sf_q[7]       ; posit_pack:u_packer|g_trunc.d_q[23] ; clk          ; clk         ; 10.000       ; 0.278      ; 8.555      ;
; 1.719 ; packer_ppa_boundary:u_boundary|sf_q[8]       ; posit_pack:u_packer|g_trunc.d_q[23] ; clk          ; clk         ; 10.000       ; 0.278      ; 8.554      ;
; 1.730 ; packer_ppa_boundary:u_boundary|is_nar_q      ; posit_pack:u_packer|g_trunc.d_q[27] ; clk          ; clk         ; 10.000       ; 0.278      ; 8.543      ;
; 1.734 ; packer_ppa_boundary:u_boundary|frac_q[48]    ; posit_pack:u_packer|g_trunc.d_q[30] ; clk          ; clk         ; 10.000       ; 0.279      ; 8.540      ;
+-------+----------------------------------------------+-------------------------------------+--------------+-------------+--------------+------------+------------+


+------------------------------------------------------------------------------------------------------------------------------------------------------------------------+
; Slow 1200mV 0C Model Hold: 'clk'                                                                                                                                       ;
+-------+----------------------------------------------+-------------------------------------------+--------------+-------------+--------------+------------+------------+
; Slack ; From Node                                    ; To Node                                   ; Launch Clock ; Latch Clock ; Relationship ; Clock Skew ; Data Delay ;
+-------+----------------------------------------------+-------------------------------------------+--------------+-------------+--------------+------------+------------+
; 0.338 ; posit_pack:u_packer|g_trunc.valid_q          ; packer_ppa_boundary:u_boundary|out_valid  ; clk          ; clk         ; 0.000        ; 0.055      ; 0.537      ;
; 0.340 ; packer_ppa_boundary:u_boundary|flags_in_q[2] ; posit_pack:u_packer|g_trunc.flags_q[2]    ; clk          ; clk         ; 0.000        ; 0.055      ; 0.539      ;
; 0.341 ; packer_ppa_boundary:u_boundary|meta_sync1    ; packer_ppa_boundary:u_boundary|meta_sync2 ; clk          ; clk         ; 0.000        ; 0.055      ; 0.540      ;
; 0.465 ; posit_pack:u_packer|g_trunc.flags_q[2]       ; packer_ppa_boundary:u_boundary|flags[2]   ; clk          ; clk         ; 0.000        ; 0.055      ; 0.664      ;
; 0.475 ; posit_pack:u_packer|g_trunc.flags_q[3]       ; packer_ppa_boundary:u_boundary|flags[3]   ; clk          ; clk         ; 0.000        ; 0.054      ; 0.673      ;
; 0.511 ; packer_ppa_boundary:u_boundary|flags_in_q[3] ; posit_pack:u_packer|g_trunc.flags_q[3]    ; clk          ; clk         ; 0.000        ; 0.055      ; 0.710      ;
; 0.546 ; packer_ppa_boundary:u_boundary|flags_in_q[0] ; posit_pack:u_packer|g_trunc.flags_q[0]    ; clk          ; clk         ; 0.000        ; 0.054      ; 0.744      ;
; 0.604 ; posit_pack:u_packer|g_trunc.d_q[31]          ; packer_ppa_boundary:u_boundary|d[31]      ; clk          ; clk         ; 0.000        ; 0.054      ; 0.802      ;
; 0.656 ; posit_pack:u_packer|g_trunc.flags_q[0]       ; packer_ppa_boundary:u_boundary|flags[0]   ; clk          ; clk         ; 0.000        ; 0.053      ; 0.853      ;
; 0.656 ; posit_pack:u_packer|g_trunc.d_q[21]          ; packer_ppa_boundary:u_boundary|d[21]      ; clk          ; clk         ; 0.000        ; -0.259     ; 0.541      ;
; 0.678 ; posit_pack:u_packer|g_trunc.d_q[23]          ; packer_ppa_boundary:u_boundary|d[23]      ; clk          ; clk         ; 0.000        ; -0.285     ; 0.537      ;
; 0.680 ; posit_pack:u_packer|g_trunc.d_q[30]          ; packer_ppa_boundary:u_boundary|d[30]      ; clk          ; clk         ; 0.000        ; -0.285     ; 0.539      ;
; 0.680 ; posit_pack:u_packer|g_trunc.flags_q[4]       ; packer_ppa_boundary:u_boundary|flags[4]   ; clk          ; clk         ; 0.000        ; -0.285     ; 0.539      ;
; 0.749 ; posit_pack:u_packer|g_trunc.d_q[6]           ; packer_ppa_boundary:u_boundary|d[6]       ; clk          ; clk         ; 0.000        ; 0.061      ; 0.954      ;
; 0.758 ; packer_ppa_boundary:u_boundary|flags_in_q[4] ; posit_pack:u_packer|g_trunc.d_q[15]       ; clk          ; clk         ; 0.000        ; 0.408      ; 1.310      ;
; 0.758 ; packer_ppa_boundary:u_boundary|flags_in_q[4] ; posit_pack:u_packer|g_trunc.d_q[16]       ; clk          ; clk         ; 0.000        ; 0.408      ; 1.310      ;
; 0.758 ; packer_ppa_boundary:u_boundary|flags_in_q[4] ; posit_pack:u_packer|g_trunc.d_q[18]       ; clk          ; clk         ; 0.000        ; 0.408      ; 1.310      ;
; 0.762 ; packer_ppa_boundary:u_boundary|flags_in_q[4] ; posit_pack:u_packer|g_trunc.d_q[29]       ; clk          ; clk         ; 0.000        ; 0.408      ; 1.314      ;
; 0.763 ; packer_ppa_boundary:u_boundary|flags_in_q[4] ; posit_pack:u_packer|g_trunc.d_q[17]       ; clk          ; clk         ; 0.000        ; 0.408      ; 1.315      ;
; 0.769 ; packer_ppa_boundary:u_boundary|flags_in_q[4] ; posit_pack:u_packer|g_trunc.d_q[4]        ; clk          ; clk         ; 0.000        ; 0.380      ; 1.293      ;
; 0.769 ; packer_ppa_boundary:u_boundary|flags_in_q[4] ; posit_pack:u_packer|g_trunc.d_q[8]        ; clk          ; clk         ; 0.000        ; 0.380      ; 1.293      ;
; 0.771 ; packer_ppa_boundary:u_boundary|flags_in_q[4] ; posit_pack:u_packer|g_trunc.d_q[9]        ; clk          ; clk         ; 0.000        ; 0.380      ; 1.295      ;
; 0.772 ; packer_ppa_boundary:u_boundary|flags_in_q[4] ; posit_pack:u_packer|g_trunc.d_q[21]       ; clk          ; clk         ; 0.000        ; 0.380      ; 1.296      ;
; 0.779 ; posit_pack:u_packer|g_trunc.d_q[9]           ; packer_ppa_boundary:u_boundary|d[9]       ; clk          ; clk         ; 0.000        ; -0.259     ; 0.664      ;
; 0.805 ; posit_pack:u_packer|g_trunc.d_q[27]          ; packer_ppa_boundary:u_boundary|d[27]      ; clk          ; clk         ; 0.000        ; -0.285     ; 0.664      ;
; 0.806 ; packer_ppa_boundary:u_boundary|sign_q        ; posit_pack:u_packer|g_trunc.d_q[0]        ; clk          ; clk         ; 0.000        ; 0.408      ; 1.358      ;
; 0.807 ; posit_pack:u_packer|g_trunc.d_q[1]           ; packer_ppa_boundary:u_boundary|d[1]       ; clk          ; clk         ; 0.000        ; -0.260     ; 0.691      ;
; 0.809 ; packer_ppa_boundary:u_boundary|is_nar_q      ; posit_pack:u_packer|g_trunc.d_q[3]        ; clk          ; clk         ; 0.000        ; 0.384      ; 1.337      ;
; 0.809 ; packer_ppa_boundary:u_boundary|is_nar_q      ; posit_pack:u_packer|g_trunc.d_q[5]        ; clk          ; clk         ; 0.000        ; 0.384      ; 1.337      ;
; 0.809 ; packer_ppa_boundary:u_boundary|is_nar_q      ; posit_pack:u_packer|g_trunc.d_q[25]       ; clk          ; clk         ; 0.000        ; 0.384      ; 1.337      ;
; 0.811 ; packer_ppa_boundary:u_boundary|is_nar_q      ; posit_pack:u_packer|g_trunc.d_q[14]       ; clk          ; clk         ; 0.000        ; 0.384      ; 1.339      ;
; 0.811 ; packer_ppa_boundary:u_boundary|is_nar_q      ; posit_pack:u_packer|g_trunc.d_q[19]       ; clk          ; clk         ; 0.000        ; 0.384      ; 1.339      ;
; 0.812 ; packer_ppa_boundary:u_boundary|is_nar_q      ; posit_pack:u_packer|g_trunc.d_q[10]       ; clk          ; clk         ; 0.000        ; 0.384      ; 1.340      ;
; 0.812 ; packer_ppa_boundary:u_boundary|is_nar_q      ; posit_pack:u_packer|g_trunc.d_q[11]       ; clk          ; clk         ; 0.000        ; 0.384      ; 1.340      ;
; 0.812 ; packer_ppa_boundary:u_boundary|is_nar_q      ; posit_pack:u_packer|g_trunc.d_q[12]       ; clk          ; clk         ; 0.000        ; 0.384      ; 1.340      ;
; 0.812 ; packer_ppa_boundary:u_boundary|is_nar_q      ; posit_pack:u_packer|g_trunc.d_q[13]       ; clk          ; clk         ; 0.000        ; 0.384      ; 1.340      ;
; 0.813 ; packer_ppa_boundary:u_boundary|is_nar_q      ; posit_pack:u_packer|g_trunc.d_q[1]        ; clk          ; clk         ; 0.000        ; 0.384      ; 1.341      ;
; 0.821 ; posit_pack:u_packer|g_trunc.d_q[0]           ; packer_ppa_boundary:u_boundary|d[0]       ; clk          ; clk         ; 0.000        ; -0.285     ; 0.680      ;
; 0.823 ; packer_ppa_boundary:u_boundary|flags_in_q[4] ; posit_pack:u_packer|g_trunc.d_q[20]       ; clk          ; clk         ; 0.000        ; 0.405      ; 1.372      ;
; 0.823 ; packer_ppa_boundary:u_boundary|flags_in_q[4] ; posit_pack:u_packer|g_trunc.d_q[24]       ; clk          ; clk         ; 0.000        ; 0.405      ; 1.372      ;
; 0.823 ; packer_ppa_boundary:u_boundary|flags_in_q[4] ; posit_pack:u_packer|g_trunc.d_q[28]       ; clk          ; clk         ; 0.000        ; 0.405      ; 1.372      ;
; 0.826 ; packer_ppa_boundary:u_boundary|flags_in_q[4] ; posit_pack:u_packer|g_trunc.d_q[22]       ; clk          ; clk         ; 0.000        ; 0.405      ; 1.375      ;
; 0.826 ; packer_ppa_boundary:u_boundary|flags_in_q[4] ; posit_pack:u_packer|g_trunc.d_q[26]       ; clk          ; clk         ; 0.000        ; 0.405      ; 1.375      ;
; 0.830 ; packer_ppa_boundary:u_boundary|is_zero_q     ; posit_pack:u_packer|g_trunc.d_q[29]       ; clk          ; clk         ; 0.000        ; 0.408      ; 1.382      ;
; 0.831 ; packer_ppa_boundary:u_boundary|is_zero_q     ; posit_pack:u_packer|g_trunc.d_q[15]       ; clk          ; clk         ; 0.000        ; 0.408      ; 1.383      ;
; 0.831 ; packer_ppa_boundary:u_boundary|is_zero_q     ; posit_pack:u_packer|g_trunc.d_q[16]       ; clk          ; clk         ; 0.000        ; 0.408      ; 1.383      ;
; 0.831 ; packer_ppa_boundary:u_boundary|is_zero_q     ; posit_pack:u_packer|g_trunc.d_q[17]       ; clk          ; clk         ; 0.000        ; 0.408      ; 1.383      ;
; 0.833 ; packer_ppa_boundary:u_boundary|is_zero_q     ; posit_pack:u_packer|g_trunc.d_q[18]       ; clk          ; clk         ; 0.000        ; 0.408      ; 1.385      ;
; 0.857 ; packer_ppa_boundary:u_boundary|is_zero_q     ; posit_pack:u_packer|g_trunc.d_q[19]       ; clk          ; clk         ; 0.000        ; 0.384      ; 1.385      ;
; 0.858 ; packer_ppa_boundary:u_boundary|sign_q        ; posit_pack:u_packer|g_trunc.d_q[31]       ; clk          ; clk         ; 0.000        ; 0.055      ; 1.057      ;
; 0.858 ; packer_ppa_boundary:u_boundary|is_zero_q     ; posit_pack:u_packer|g_trunc.d_q[11]       ; clk          ; clk         ; 0.000        ; 0.384      ; 1.386      ;
; 0.858 ; packer_ppa_boundary:u_boundary|is_zero_q     ; posit_pack:u_packer|g_trunc.d_q[14]       ; clk          ; clk         ; 0.000        ; 0.384      ; 1.386      ;
; 0.859 ; packer_ppa_boundary:u_boundary|is_zero_q     ; posit_pack:u_packer|g_trunc.d_q[13]       ; clk          ; clk         ; 0.000        ; 0.384      ; 1.387      ;
; 0.861 ; packer_ppa_boundary:u_boundary|is_zero_q     ; posit_pack:u_packer|g_trunc.d_q[10]       ; clk          ; clk         ; 0.000        ; 0.384      ; 1.389      ;
; 0.861 ; packer_ppa_boundary:u_boundary|is_zero_q     ; posit_pack:u_packer|g_trunc.d_q[12]       ; clk          ; clk         ; 0.000        ; 0.384      ; 1.389      ;
; 0.880 ; packer_ppa_boundary:u_boundary|is_zero_q     ; posit_pack:u_packer|g_trunc.d_q[4]        ; clk          ; clk         ; 0.000        ; 0.380      ; 1.404      ;
; 0.880 ; packer_ppa_boundary:u_boundary|is_zero_q     ; posit_pack:u_packer|g_trunc.d_q[9]        ; clk          ; clk         ; 0.000        ; 0.380      ; 1.404      ;
; 0.880 ; packer_ppa_boundary:u_boundary|is_zero_q     ; posit_pack:u_packer|g_trunc.d_q[21]       ; clk          ; clk         ; 0.000        ; 0.380      ; 1.404      ;
; 0.881 ; packer_ppa_boundary:u_boundary|is_zero_q     ; posit_pack:u_packer|g_trunc.d_q[8]        ; clk          ; clk         ; 0.000        ; 0.380      ; 1.405      ;
; 0.943 ; packer_ppa_boundary:u_boundary|is_zero_q     ; posit_pack:u_packer|g_trunc.d_q[5]        ; clk          ; clk         ; 0.000        ; 0.384      ; 1.471      ;
; 0.943 ; packer_ppa_boundary:u_boundary|is_zero_q     ; posit_pack:u_packer|g_trunc.d_q[3]        ; clk          ; clk         ; 0.000        ; 0.384      ; 1.471      ;
; 0.945 ; packer_ppa_boundary:u_boundary|flags_in_q[1] ; posit_pack:u_packer|g_trunc.flags_q[1]    ; clk          ; clk         ; 0.000        ; 0.060      ; 1.149      ;
; 0.947 ; packer_ppa_boundary:u_boundary|is_zero_q     ; posit_pack:u_packer|g_trunc.d_q[1]        ; clk          ; clk         ; 0.000        ; 0.384      ; 1.475      ;
; 0.947 ; packer_ppa_boundary:u_boundary|is_zero_q     ; posit_pack:u_packer|g_trunc.d_q[25]       ; clk          ; clk         ; 0.000        ; 0.384      ; 1.475      ;
; 0.949 ; posit_pack:u_packer|g_trunc.flags_q[1]       ; packer_ppa_boundary:u_boundary|flags[1]   ; clk          ; clk         ; 0.000        ; 0.057      ; 1.150      ;
; 0.972 ; posit_pack:u_packer|g_trunc.d_q[16]          ; packer_ppa_boundary:u_boundary|d[16]      ; clk          ; clk         ; 0.000        ; -0.283     ; 0.833      ;
; 0.978 ; posit_pack:u_packer|g_trunc.d_q[20]          ; packer_ppa_boundary:u_boundary|d[20]      ; clk          ; clk         ; 0.000        ; -0.285     ; 0.837      ;
; 0.994 ; posit_pack:u_packer|g_trunc.d_q[2]           ; packer_ppa_boundary:u_boundary|d[2]       ; clk          ; clk         ; 0.000        ; -0.286     ; 0.852      ;
; 0.997 ; packer_ppa_boundary:u_boundary|flags_in_q[4] ; posit_pack:u_packer|g_trunc.flags_q[0]    ; clk          ; clk         ; 0.000        ; 0.048      ; 1.189      ;
; 1.008 ; packer_ppa_boundary:u_boundary|flags_in_q[4] ; posit_pack:u_packer|g_trunc.d_q[0]        ; clk          ; clk         ; 0.000        ; 0.405      ; 1.557      ;
; 1.008 ; posit_pack:u_packer|g_trunc.d_q[5]           ; packer_ppa_boundary:u_boundary|d[5]       ; clk          ; clk         ; 0.000        ; -0.257     ; 0.895      ;
; 1.015 ; posit_pack:u_packer|g_trunc.d_q[3]           ; packer_ppa_boundary:u_boundary|d[3]       ; clk          ; clk         ; 0.000        ; -0.257     ; 0.902      ;
; 1.018 ; posit_pack:u_packer|g_trunc.d_q[4]           ; packer_ppa_boundary:u_boundary|d[4]       ; clk          ; clk         ; 0.000        ; -0.252     ; 0.910      ;
; 1.025 ; posit_pack:u_packer|g_trunc.d_q[8]           ; packer_ppa_boundary:u_boundary|d[8]       ; clk          ; clk         ; 0.000        ; -0.252     ; 0.917      ;
; 1.031 ; posit_pack:u_packer|g_trunc.d_q[25]          ; packer_ppa_boundary:u_boundary|d[25]      ; clk          ; clk         ; 0.000        ; -0.257     ; 0.918      ;
; 1.037 ; packer_ppa_boundary:u_boundary|flags_in_q[4] ; posit_pack:u_packer|g_trunc.d_q[27]       ; clk          ; clk         ; 0.000        ; 0.402      ; 1.583      ;
; 1.037 ; packer_ppa_boundary:u_boundary|flags_in_q[4] ; posit_pack:u_packer|g_trunc.d_q[30]       ; clk          ; clk         ; 0.000        ; 0.402      ; 1.583      ;
; 1.037 ; posit_pack:u_packer|g_trunc.d_q[13]          ; packer_ppa_boundary:u_boundary|d[13]      ; clk          ; clk         ; 0.000        ; -0.261     ; 0.920      ;
; 1.038 ; packer_ppa_boundary:u_boundary|flags_in_q[4] ; posit_pack:u_packer|g_trunc.d_q[2]        ; clk          ; clk         ; 0.000        ; 0.402      ; 1.584      ;
; 1.038 ; packer_ppa_boundary:u_boundary|flags_in_q[4] ; posit_pack:u_packer|g_trunc.d_q[23]       ; clk          ; clk         ; 0.000        ; 0.402      ; 1.584      ;
; 1.040 ; posit_pack:u_packer|g_trunc.d_q[14]          ; packer_ppa_boundary:u_boundary|d[14]      ; clk          ; clk         ; 0.000        ; -0.261     ; 0.923      ;
; 1.044 ; posit_pack:u_packer|g_trunc.d_q[12]          ; packer_ppa_boundary:u_boundary|d[12]      ; clk          ; clk         ; 0.000        ; -0.264     ; 0.924      ;
; 1.045 ; packer_ppa_boundary:u_boundary|sign_q        ; posit_pack:u_packer|g_trunc.d_q[28]       ; clk          ; clk         ; 0.000        ; 0.408      ; 1.597      ;
; 1.045 ; packer_ppa_boundary:u_boundary|sign_q        ; posit_pack:u_packer|g_trunc.d_q[26]       ; clk          ; clk         ; 0.000        ; 0.408      ; 1.597      ;
; 1.045 ; posit_pack:u_packer|g_trunc.d_q[11]          ; packer_ppa_boundary:u_boundary|d[11]      ; clk          ; clk         ; 0.000        ; -0.262     ; 0.927      ;
; 1.046 ; packer_ppa_boundary:u_boundary|sign_q        ; posit_pack:u_packer|g_trunc.d_q[20]       ; clk          ; clk         ; 0.000        ; 0.408      ; 1.598      ;
; 1.046 ; posit_pack:u_packer|g_trunc.d_q[19]          ; packer_ppa_boundary:u_boundary|d[19]      ; clk          ; clk         ; 0.000        ; -0.262     ; 0.928      ;
; 1.047 ; packer_ppa_boundary:u_boundary|sign_q        ; posit_pack:u_packer|g_trunc.d_q[22]       ; clk          ; clk         ; 0.000        ; 0.408      ; 1.599      ;
; 1.048 ; packer_ppa_boundary:u_boundary|sign_q        ; posit_pack:u_packer|g_trunc.d_q[24]       ; clk          ; clk         ; 0.000        ; 0.408      ; 1.600      ;
; 1.062 ; packer_ppa_boundary:u_boundary|flags_in_q[4] ; posit_pack:u_packer|g_trunc.d_q[10]       ; clk          ; clk         ; 0.000        ; 0.384      ; 1.590      ;
; 1.062 ; packer_ppa_boundary:u_boundary|flags_in_q[4] ; posit_pack:u_packer|g_trunc.d_q[12]       ; clk          ; clk         ; 0.000        ; 0.384      ; 1.590      ;
; 1.062 ; packer_ppa_boundary:u_boundary|flags_in_q[4] ; posit_pack:u_packer|g_trunc.d_q[13]       ; clk          ; clk         ; 0.000        ; 0.384      ; 1.590      ;
; 1.062 ; posit_pack:u_packer|g_trunc.d_q[10]          ; packer_ppa_boundary:u_boundary|d[10]      ; clk          ; clk         ; 0.000        ; -0.262     ; 0.944      ;
; 1.063 ; packer_ppa_boundary:u_boundary|flags_in_q[4] ; posit_pack:u_packer|g_trunc.d_q[14]       ; clk          ; clk         ; 0.000        ; 0.384      ; 1.591      ;
; 1.063 ; packer_ppa_boundary:u_boundary|flags_in_q[4] ; posit_pack:u_packer|g_trunc.d_q[19]       ; clk          ; clk         ; 0.000        ; 0.384      ; 1.591      ;
; 1.064 ; packer_ppa_boundary:u_boundary|flags_in_q[4] ; posit_pack:u_packer|g_trunc.d_q[11]       ; clk          ; clk         ; 0.000        ; 0.384      ; 1.592      ;
; 1.068 ; packer_ppa_boundary:u_boundary|sign_q        ; posit_pack:u_packer|g_trunc.d_q[17]       ; clk          ; clk         ; 0.000        ; 0.411      ; 1.623      ;
; 1.068 ; posit_pack:u_packer|g_trunc.d_q[18]          ; packer_ppa_boundary:u_boundary|d[18]      ; clk          ; clk         ; 0.000        ; -0.285     ; 0.927      ;
; 1.069 ; packer_ppa_boundary:u_boundary|sign_q        ; posit_pack:u_packer|g_trunc.d_q[15]       ; clk          ; clk         ; 0.000        ; 0.411      ; 1.624      ;
; 1.071 ; posit_pack:u_packer|g_trunc.d_q[15]          ; packer_ppa_boundary:u_boundary|d[15]      ; clk          ; clk         ; 0.000        ; -0.285     ; 0.930      ;
+-------+----------------------------------------------+-------------------------------------------+--------------+-------------+--------------+------------+------------+


+------------------------------------------------------------------------------------------------------------------------------------------------------------------------+
; Slow 1200mV 0C Model Recovery: 'clk'                                                                                                                                   ;
+-------+-------------------------------------------+----------------------------------------------+--------------+-------------+--------------+------------+------------+
; Slack ; From Node                                 ; To Node                                      ; Launch Clock ; Latch Clock ; Relationship ; Clock Skew ; Data Delay ;
+-------+-------------------------------------------+----------------------------------------------+--------------+-------------+--------------+------------+------------+
; 6.465 ; packer_ppa_boundary:u_boundary|meta_sync2 ; posit_pack:u_packer|g_trunc.d_q[6]           ; clk          ; clk         ; 10.000       ; -0.083     ; 3.447      ;
; 6.465 ; packer_ppa_boundary:u_boundary|meta_sync2 ; packer_ppa_boundary:u_boundary|d[9]          ; clk          ; clk         ; 10.000       ; -0.083     ; 3.447      ;
; 6.465 ; packer_ppa_boundary:u_boundary|meta_sync2 ; packer_ppa_boundary:u_boundary|d[12]         ; clk          ; clk         ; 10.000       ; -0.083     ; 3.447      ;
; 6.465 ; packer_ppa_boundary:u_boundary|meta_sync2 ; packer_ppa_boundary:u_boundary|d[21]         ; clk          ; clk         ; 10.000       ; -0.083     ; 3.447      ;
; 6.466 ; packer_ppa_boundary:u_boundary|meta_sync2 ; packer_ppa_boundary:u_boundary|d[13]         ; clk          ; clk         ; 10.000       ; -0.080     ; 3.449      ;
; 6.466 ; packer_ppa_boundary:u_boundary|meta_sync2 ; packer_ppa_boundary:u_boundary|d[14]         ; clk          ; clk         ; 10.000       ; -0.080     ; 3.449      ;
; 6.466 ; packer_ppa_boundary:u_boundary|meta_sync2 ; packer_ppa_boundary:u_boundary|d[15]         ; clk          ; clk         ; 10.000       ; -0.083     ; 3.446      ;
; 6.466 ; packer_ppa_boundary:u_boundary|meta_sync2 ; packer_ppa_boundary:u_boundary|d[16]         ; clk          ; clk         ; 10.000       ; -0.080     ; 3.449      ;
; 6.466 ; packer_ppa_boundary:u_boundary|meta_sync2 ; packer_ppa_boundary:u_boundary|d[17]         ; clk          ; clk         ; 10.000       ; -0.077     ; 3.452      ;
; 6.466 ; packer_ppa_boundary:u_boundary|meta_sync2 ; packer_ppa_boundary:u_boundary|d[18]         ; clk          ; clk         ; 10.000       ; -0.083     ; 3.446      ;
; 6.466 ; packer_ppa_boundary:u_boundary|meta_sync2 ; packer_ppa_boundary:u_boundary|d[26]         ; clk          ; clk         ; 10.000       ; -0.077     ; 3.452      ;
; 6.466 ; packer_ppa_boundary:u_boundary|meta_sync2 ; packer_ppa_boundary:u_boundary|d[29]         ; clk          ; clk         ; 10.000       ; -0.083     ; 3.446      ;
; 6.466 ; packer_ppa_boundary:u_boundary|meta_sync2 ; packer_ppa_boundary:u_boundary|frac_q[7]     ; clk          ; clk         ; 10.000       ; -0.077     ; 3.452      ;
; 6.466 ; packer_ppa_boundary:u_boundary|meta_sync2 ; packer_ppa_boundary:u_boundary|frac_q[10]    ; clk          ; clk         ; 10.000       ; -0.077     ; 3.452      ;
; 6.466 ; packer_ppa_boundary:u_boundary|meta_sync2 ; packer_ppa_boundary:u_boundary|frac_q[8]     ; clk          ; clk         ; 10.000       ; -0.077     ; 3.452      ;
; 6.467 ; packer_ppa_boundary:u_boundary|meta_sync2 ; packer_ppa_boundary:u_boundary|d[1]          ; clk          ; clk         ; 10.000       ; -0.079     ; 3.449      ;
; 6.467 ; packer_ppa_boundary:u_boundary|meta_sync2 ; packer_ppa_boundary:u_boundary|d[3]          ; clk          ; clk         ; 10.000       ; -0.076     ; 3.452      ;
; 6.467 ; packer_ppa_boundary:u_boundary|meta_sync2 ; packer_ppa_boundary:u_boundary|d[4]          ; clk          ; clk         ; 10.000       ; -0.076     ; 3.452      ;
; 6.467 ; packer_ppa_boundary:u_boundary|meta_sync2 ; packer_ppa_boundary:u_boundary|d[5]          ; clk          ; clk         ; 10.000       ; -0.076     ; 3.452      ;
; 6.467 ; packer_ppa_boundary:u_boundary|meta_sync2 ; packer_ppa_boundary:u_boundary|d[6]          ; clk          ; clk         ; 10.000       ; -0.076     ; 3.452      ;
; 6.467 ; packer_ppa_boundary:u_boundary|meta_sync2 ; posit_pack:u_packer|g_trunc.d_q[7]           ; clk          ; clk         ; 10.000       ; -0.079     ; 3.449      ;
; 6.467 ; packer_ppa_boundary:u_boundary|meta_sync2 ; packer_ppa_boundary:u_boundary|d[7]          ; clk          ; clk         ; 10.000       ; -0.082     ; 3.446      ;
; 6.467 ; packer_ppa_boundary:u_boundary|meta_sync2 ; packer_ppa_boundary:u_boundary|d[8]          ; clk          ; clk         ; 10.000       ; -0.076     ; 3.452      ;
; 6.467 ; packer_ppa_boundary:u_boundary|meta_sync2 ; packer_ppa_boundary:u_boundary|d[22]         ; clk          ; clk         ; 10.000       ; -0.080     ; 3.448      ;
; 6.467 ; packer_ppa_boundary:u_boundary|meta_sync2 ; packer_ppa_boundary:u_boundary|d[25]         ; clk          ; clk         ; 10.000       ; -0.076     ; 3.452      ;
; 6.467 ; packer_ppa_boundary:u_boundary|meta_sync2 ; packer_ppa_boundary:u_boundary|d[28]         ; clk          ; clk         ; 10.000       ; -0.080     ; 3.448      ;
; 6.468 ; packer_ppa_boundary:u_boundary|meta_sync2 ; posit_pack:u_packer|g_trunc.valid_q          ; clk          ; clk         ; 10.000       ; -0.061     ; 3.466      ;
; 6.468 ; packer_ppa_boundary:u_boundary|meta_sync2 ; packer_ppa_boundary:u_boundary|out_valid     ; clk          ; clk         ; 10.000       ; -0.061     ; 3.466      ;
; 6.468 ; packer_ppa_boundary:u_boundary|meta_sync2 ; packer_ppa_boundary:u_boundary|d[10]         ; clk          ; clk         ; 10.000       ; -0.081     ; 3.446      ;
; 6.468 ; packer_ppa_boundary:u_boundary|meta_sync2 ; packer_ppa_boundary:u_boundary|d[11]         ; clk          ; clk         ; 10.000       ; -0.081     ; 3.446      ;
; 6.468 ; packer_ppa_boundary:u_boundary|meta_sync2 ; packer_ppa_boundary:u_boundary|d[19]         ; clk          ; clk         ; 10.000       ; -0.081     ; 3.446      ;
; 6.479 ; packer_ppa_boundary:u_boundary|meta_sync2 ; packer_ppa_boundary:u_boundary|frac_q[46]    ; clk          ; clk         ; 10.000       ; -0.055     ; 3.461      ;
; 6.479 ; packer_ppa_boundary:u_boundary|meta_sync2 ; packer_ppa_boundary:u_boundary|frac_q[34]    ; clk          ; clk         ; 10.000       ; -0.055     ; 3.461      ;
; 6.479 ; packer_ppa_boundary:u_boundary|meta_sync2 ; packer_ppa_boundary:u_boundary|frac_q[35]    ; clk          ; clk         ; 10.000       ; -0.055     ; 3.461      ;
; 6.479 ; packer_ppa_boundary:u_boundary|meta_sync2 ; packer_ppa_boundary:u_boundary|frac_q[33]    ; clk          ; clk         ; 10.000       ; -0.055     ; 3.461      ;
; 6.479 ; packer_ppa_boundary:u_boundary|meta_sync2 ; packer_ppa_boundary:u_boundary|frac_q[37]    ; clk          ; clk         ; 10.000       ; -0.055     ; 3.461      ;
; 6.479 ; packer_ppa_boundary:u_boundary|meta_sync2 ; packer_ppa_boundary:u_boundary|frac_q[36]    ; clk          ; clk         ; 10.000       ; -0.055     ; 3.461      ;
; 6.479 ; packer_ppa_boundary:u_boundary|meta_sync2 ; packer_ppa_boundary:u_boundary|frac_q[38]    ; clk          ; clk         ; 10.000       ; -0.055     ; 3.461      ;
; 6.479 ; packer_ppa_boundary:u_boundary|meta_sync2 ; packer_ppa_boundary:u_boundary|frac_q[40]    ; clk          ; clk         ; 10.000       ; -0.055     ; 3.461      ;
; 6.479 ; packer_ppa_boundary:u_boundary|meta_sync2 ; packer_ppa_boundary:u_boundary|d[24]         ; clk          ; clk         ; 10.000       ; -0.061     ; 3.455      ;
; 6.479 ; packer_ppa_boundary:u_boundary|meta_sync2 ; packer_ppa_boundary:u_boundary|frac_q[19]    ; clk          ; clk         ; 10.000       ; -0.055     ; 3.461      ;
; 6.479 ; packer_ppa_boundary:u_boundary|meta_sync2 ; packer_ppa_boundary:u_boundary|frac_q[20]    ; clk          ; clk         ; 10.000       ; -0.055     ; 3.461      ;
; 6.479 ; packer_ppa_boundary:u_boundary|meta_sync2 ; packer_ppa_boundary:u_boundary|frac_q[15]    ; clk          ; clk         ; 10.000       ; -0.055     ; 3.461      ;
; 6.479 ; packer_ppa_boundary:u_boundary|meta_sync2 ; packer_ppa_boundary:u_boundary|frac_q[17]    ; clk          ; clk         ; 10.000       ; -0.055     ; 3.461      ;
; 6.479 ; packer_ppa_boundary:u_boundary|meta_sync2 ; packer_ppa_boundary:u_boundary|frac_q[18]    ; clk          ; clk         ; 10.000       ; -0.055     ; 3.461      ;
; 6.479 ; packer_ppa_boundary:u_boundary|meta_sync2 ; packer_ppa_boundary:u_boundary|frac_q[16]    ; clk          ; clk         ; 10.000       ; -0.055     ; 3.461      ;
; 6.479 ; packer_ppa_boundary:u_boundary|meta_sync2 ; packer_ppa_boundary:u_boundary|frac_q[14]    ; clk          ; clk         ; 10.000       ; -0.055     ; 3.461      ;
; 6.479 ; packer_ppa_boundary:u_boundary|meta_sync2 ; packer_ppa_boundary:u_boundary|flags[1]      ; clk          ; clk         ; 10.000       ; -0.056     ; 3.460      ;
; 6.479 ; packer_ppa_boundary:u_boundary|meta_sync2 ; packer_ppa_boundary:u_boundary|flags[4]      ; clk          ; clk         ; 10.000       ; -0.055     ; 3.461      ;
; 6.480 ; packer_ppa_boundary:u_boundary|meta_sync2 ; packer_ppa_boundary:u_boundary|sf_q[5]       ; clk          ; clk         ; 10.000       ; -0.054     ; 3.461      ;
; 6.480 ; packer_ppa_boundary:u_boundary|meta_sync2 ; packer_ppa_boundary:u_boundary|sf_q[6]       ; clk          ; clk         ; 10.000       ; -0.054     ; 3.461      ;
; 6.480 ; packer_ppa_boundary:u_boundary|meta_sync2 ; packer_ppa_boundary:u_boundary|sf_q[7]       ; clk          ; clk         ; 10.000       ; -0.054     ; 3.461      ;
; 6.480 ; packer_ppa_boundary:u_boundary|meta_sync2 ; packer_ppa_boundary:u_boundary|sf_q[8]       ; clk          ; clk         ; 10.000       ; -0.054     ; 3.461      ;
; 6.480 ; packer_ppa_boundary:u_boundary|meta_sync2 ; packer_ppa_boundary:u_boundary|is_zero_q     ; clk          ; clk         ; 10.000       ; -0.054     ; 3.461      ;
; 6.480 ; packer_ppa_boundary:u_boundary|meta_sync2 ; packer_ppa_boundary:u_boundary|flags_in_q[4] ; clk          ; clk         ; 10.000       ; -0.054     ; 3.461      ;
; 6.480 ; packer_ppa_boundary:u_boundary|meta_sync2 ; packer_ppa_boundary:u_boundary|is_nar_q      ; clk          ; clk         ; 10.000       ; -0.054     ; 3.461      ;
; 6.480 ; packer_ppa_boundary:u_boundary|meta_sync2 ; packer_ppa_boundary:u_boundary|frac_q[48]    ; clk          ; clk         ; 10.000       ; -0.055     ; 3.460      ;
; 6.480 ; packer_ppa_boundary:u_boundary|meta_sync2 ; packer_ppa_boundary:u_boundary|d[20]         ; clk          ; clk         ; 10.000       ; -0.058     ; 3.457      ;
; 6.480 ; packer_ppa_boundary:u_boundary|meta_sync2 ; packer_ppa_boundary:u_boundary|d[23]         ; clk          ; clk         ; 10.000       ; -0.060     ; 3.455      ;
; 6.480 ; packer_ppa_boundary:u_boundary|meta_sync2 ; packer_ppa_boundary:u_boundary|d[27]         ; clk          ; clk         ; 10.000       ; -0.060     ; 3.455      ;
; 6.480 ; packer_ppa_boundary:u_boundary|meta_sync2 ; packer_ppa_boundary:u_boundary|d[30]         ; clk          ; clk         ; 10.000       ; -0.060     ; 3.455      ;
; 6.480 ; packer_ppa_boundary:u_boundary|meta_sync2 ; packer_ppa_boundary:u_boundary|flags_in_q[0] ; clk          ; clk         ; 10.000       ; -0.060     ; 3.455      ;
; 6.480 ; packer_ppa_boundary:u_boundary|meta_sync2 ; posit_pack:u_packer|g_trunc.flags_q[0]       ; clk          ; clk         ; 10.000       ; -0.060     ; 3.455      ;
; 6.480 ; packer_ppa_boundary:u_boundary|meta_sync2 ; packer_ppa_boundary:u_boundary|flags[0]      ; clk          ; clk         ; 10.000       ; -0.061     ; 3.454      ;
; 6.480 ; packer_ppa_boundary:u_boundary|meta_sync2 ; packer_ppa_boundary:u_boundary|frac_q[12]    ; clk          ; clk         ; 10.000       ; -0.055     ; 3.460      ;
; 6.480 ; packer_ppa_boundary:u_boundary|meta_sync2 ; packer_ppa_boundary:u_boundary|frac_q[13]    ; clk          ; clk         ; 10.000       ; -0.055     ; 3.460      ;
; 6.480 ; packer_ppa_boundary:u_boundary|meta_sync2 ; packer_ppa_boundary:u_boundary|frac_q[11]    ; clk          ; clk         ; 10.000       ; -0.055     ; 3.460      ;
; 6.480 ; packer_ppa_boundary:u_boundary|meta_sync2 ; packer_ppa_boundary:u_boundary|frac_q[9]     ; clk          ; clk         ; 10.000       ; -0.055     ; 3.460      ;
; 6.480 ; packer_ppa_boundary:u_boundary|meta_sync2 ; packer_ppa_boundary:u_boundary|flags_in_q[1] ; clk          ; clk         ; 10.000       ; -0.064     ; 3.451      ;
; 6.480 ; packer_ppa_boundary:u_boundary|meta_sync2 ; packer_ppa_boundary:u_boundary|frac_q[0]     ; clk          ; clk         ; 10.000       ; -0.055     ; 3.460      ;
; 6.480 ; packer_ppa_boundary:u_boundary|meta_sync2 ; posit_pack:u_packer|g_trunc.flags_q[1]       ; clk          ; clk         ; 10.000       ; -0.059     ; 3.456      ;
; 6.480 ; packer_ppa_boundary:u_boundary|meta_sync2 ; packer_ppa_boundary:u_boundary|flags_in_q[2] ; clk          ; clk         ; 10.000       ; -0.059     ; 3.456      ;
; 6.480 ; packer_ppa_boundary:u_boundary|meta_sync2 ; posit_pack:u_packer|g_trunc.flags_q[2]       ; clk          ; clk         ; 10.000       ; -0.059     ; 3.456      ;
; 6.480 ; packer_ppa_boundary:u_boundary|meta_sync2 ; packer_ppa_boundary:u_boundary|flags[2]      ; clk          ; clk         ; 10.000       ; -0.059     ; 3.456      ;
; 6.480 ; packer_ppa_boundary:u_boundary|meta_sync2 ; packer_ppa_boundary:u_boundary|flags_in_q[3] ; clk          ; clk         ; 10.000       ; -0.059     ; 3.456      ;
; 6.480 ; packer_ppa_boundary:u_boundary|meta_sync2 ; posit_pack:u_packer|g_trunc.flags_q[3]       ; clk          ; clk         ; 10.000       ; -0.059     ; 3.456      ;
; 6.481 ; packer_ppa_boundary:u_boundary|meta_sync2 ; packer_ppa_boundary:u_boundary|sf_q[3]       ; clk          ; clk         ; 10.000       ; -0.054     ; 3.460      ;
; 6.481 ; packer_ppa_boundary:u_boundary|meta_sync2 ; packer_ppa_boundary:u_boundary|sf_q[4]       ; clk          ; clk         ; 10.000       ; -0.054     ; 3.460      ;
; 6.481 ; packer_ppa_boundary:u_boundary|meta_sync2 ; packer_ppa_boundary:u_boundary|sf_q[9]       ; clk          ; clk         ; 10.000       ; -0.054     ; 3.460      ;
; 6.481 ; packer_ppa_boundary:u_boundary|meta_sync2 ; packer_ppa_boundary:u_boundary|frac_q[51]    ; clk          ; clk         ; 10.000       ; -0.054     ; 3.460      ;
; 6.481 ; packer_ppa_boundary:u_boundary|meta_sync2 ; packer_ppa_boundary:u_boundary|frac_q[49]    ; clk          ; clk         ; 10.000       ; -0.054     ; 3.460      ;
; 6.481 ; packer_ppa_boundary:u_boundary|meta_sync2 ; packer_ppa_boundary:u_boundary|sf_q[2]       ; clk          ; clk         ; 10.000       ; -0.054     ; 3.460      ;
; 6.481 ; packer_ppa_boundary:u_boundary|meta_sync2 ; packer_ppa_boundary:u_boundary|frac_q[50]    ; clk          ; clk         ; 10.000       ; -0.054     ; 3.460      ;
; 6.481 ; packer_ppa_boundary:u_boundary|meta_sync2 ; packer_ppa_boundary:u_boundary|frac_q[44]    ; clk          ; clk         ; 10.000       ; -0.054     ; 3.460      ;
; 6.481 ; packer_ppa_boundary:u_boundary|meta_sync2 ; packer_ppa_boundary:u_boundary|frac_q[45]    ; clk          ; clk         ; 10.000       ; -0.054     ; 3.460      ;
; 6.481 ; packer_ppa_boundary:u_boundary|meta_sync2 ; packer_ppa_boundary:u_boundary|frac_q[47]    ; clk          ; clk         ; 10.000       ; -0.054     ; 3.460      ;
; 6.481 ; packer_ppa_boundary:u_boundary|meta_sync2 ; packer_ppa_boundary:u_boundary|frac_q[52]    ; clk          ; clk         ; 10.000       ; -0.054     ; 3.460      ;
; 6.481 ; packer_ppa_boundary:u_boundary|meta_sync2 ; packer_ppa_boundary:u_boundary|frac_q[54]    ; clk          ; clk         ; 10.000       ; -0.054     ; 3.460      ;
; 6.481 ; packer_ppa_boundary:u_boundary|meta_sync2 ; packer_ppa_boundary:u_boundary|sf_q[0]       ; clk          ; clk         ; 10.000       ; -0.054     ; 3.460      ;
; 6.481 ; packer_ppa_boundary:u_boundary|meta_sync2 ; packer_ppa_boundary:u_boundary|frac_q[53]    ; clk          ; clk         ; 10.000       ; -0.054     ; 3.460      ;
; 6.481 ; packer_ppa_boundary:u_boundary|meta_sync2 ; packer_ppa_boundary:u_boundary|sf_q[1]       ; clk          ; clk         ; 10.000       ; -0.054     ; 3.460      ;
; 6.481 ; packer_ppa_boundary:u_boundary|meta_sync2 ; packer_ppa_boundary:u_boundary|frac_q[30]    ; clk          ; clk         ; 10.000       ; -0.054     ; 3.460      ;
; 6.481 ; packer_ppa_boundary:u_boundary|meta_sync2 ; packer_ppa_boundary:u_boundary|frac_q[28]    ; clk          ; clk         ; 10.000       ; -0.054     ; 3.460      ;
; 6.481 ; packer_ppa_boundary:u_boundary|meta_sync2 ; packer_ppa_boundary:u_boundary|frac_q[29]    ; clk          ; clk         ; 10.000       ; -0.054     ; 3.460      ;
; 6.481 ; packer_ppa_boundary:u_boundary|meta_sync2 ; packer_ppa_boundary:u_boundary|frac_q[39]    ; clk          ; clk         ; 10.000       ; -0.057     ; 3.457      ;
; 6.481 ; packer_ppa_boundary:u_boundary|meta_sync2 ; packer_ppa_boundary:u_boundary|frac_q[42]    ; clk          ; clk         ; 10.000       ; -0.054     ; 3.460      ;
; 6.481 ; packer_ppa_boundary:u_boundary|meta_sync2 ; packer_ppa_boundary:u_boundary|frac_q[41]    ; clk          ; clk         ; 10.000       ; -0.054     ; 3.460      ;
; 6.481 ; packer_ppa_boundary:u_boundary|meta_sync2 ; packer_ppa_boundary:u_boundary|frac_q[43]    ; clk          ; clk         ; 10.000       ; -0.054     ; 3.460      ;
; 6.481 ; packer_ppa_boundary:u_boundary|meta_sync2 ; packer_ppa_boundary:u_boundary|sign_q        ; clk          ; clk         ; 10.000       ; -0.057     ; 3.457      ;
; 6.481 ; packer_ppa_boundary:u_boundary|meta_sync2 ; packer_ppa_boundary:u_boundary|d[0]          ; clk          ; clk         ; 10.000       ; -0.057     ; 3.457      ;
+-------+-------------------------------------------+----------------------------------------------+--------------+-------------+--------------+------------+------------+


+------------------------------------------------------------------------------------------------------------------------------------------------------------------------+
; Slow 1200mV 0C Model Removal: 'clk'                                                                                                                                    ;
+-------+-------------------------------------------+----------------------------------------------+--------------+-------------+--------------+------------+------------+
; Slack ; From Node                                 ; To Node                                      ; Launch Clock ; Latch Clock ; Relationship ; Clock Skew ; Data Delay ;
+-------+-------------------------------------------+----------------------------------------------+--------------+-------------+--------------+------------+------------+
; 2.670 ; packer_ppa_boundary:u_boundary|meta_sync2 ; posit_pack:u_packer|g_trunc.d_q[15]          ; clk          ; clk         ; 0.000        ; 0.409      ; 3.223      ;
; 2.670 ; packer_ppa_boundary:u_boundary|meta_sync2 ; posit_pack:u_packer|g_trunc.d_q[16]          ; clk          ; clk         ; 0.000        ; 0.409      ; 3.223      ;
; 2.670 ; packer_ppa_boundary:u_boundary|meta_sync2 ; posit_pack:u_packer|g_trunc.d_q[17]          ; clk          ; clk         ; 0.000        ; 0.409      ; 3.223      ;
; 2.670 ; packer_ppa_boundary:u_boundary|meta_sync2 ; posit_pack:u_packer|g_trunc.d_q[18]          ; clk          ; clk         ; 0.000        ; 0.409      ; 3.223      ;
; 2.670 ; packer_ppa_boundary:u_boundary|meta_sync2 ; posit_pack:u_packer|g_trunc.d_q[29]          ; clk          ; clk         ; 0.000        ; 0.409      ; 3.223      ;
; 2.681 ; packer_ppa_boundary:u_boundary|meta_sync2 ; posit_pack:u_packer|g_trunc.d_q[0]           ; clk          ; clk         ; 0.000        ; 0.406      ; 3.231      ;
; 2.681 ; packer_ppa_boundary:u_boundary|meta_sync2 ; posit_pack:u_packer|g_trunc.d_q[20]          ; clk          ; clk         ; 0.000        ; 0.406      ; 3.231      ;
; 2.681 ; packer_ppa_boundary:u_boundary|meta_sync2 ; posit_pack:u_packer|g_trunc.d_q[22]          ; clk          ; clk         ; 0.000        ; 0.406      ; 3.231      ;
; 2.681 ; packer_ppa_boundary:u_boundary|meta_sync2 ; posit_pack:u_packer|g_trunc.d_q[24]          ; clk          ; clk         ; 0.000        ; 0.406      ; 3.231      ;
; 2.681 ; packer_ppa_boundary:u_boundary|meta_sync2 ; posit_pack:u_packer|g_trunc.d_q[26]          ; clk          ; clk         ; 0.000        ; 0.406      ; 3.231      ;
; 2.681 ; packer_ppa_boundary:u_boundary|meta_sync2 ; posit_pack:u_packer|g_trunc.d_q[28]          ; clk          ; clk         ; 0.000        ; 0.406      ; 3.231      ;
; 2.682 ; packer_ppa_boundary:u_boundary|meta_sync2 ; posit_pack:u_packer|g_trunc.d_q[2]           ; clk          ; clk         ; 0.000        ; 0.403      ; 3.229      ;
; 2.682 ; packer_ppa_boundary:u_boundary|meta_sync2 ; posit_pack:u_packer|g_trunc.d_q[23]          ; clk          ; clk         ; 0.000        ; 0.403      ; 3.229      ;
; 2.682 ; packer_ppa_boundary:u_boundary|meta_sync2 ; posit_pack:u_packer|g_trunc.d_q[27]          ; clk          ; clk         ; 0.000        ; 0.403      ; 3.229      ;
; 2.682 ; packer_ppa_boundary:u_boundary|meta_sync2 ; posit_pack:u_packer|g_trunc.d_q[30]          ; clk          ; clk         ; 0.000        ; 0.403      ; 3.229      ;
; 2.682 ; packer_ppa_boundary:u_boundary|meta_sync2 ; posit_pack:u_packer|g_trunc.flags_q[4]       ; clk          ; clk         ; 0.000        ; 0.408      ; 3.234      ;
; 2.695 ; packer_ppa_boundary:u_boundary|meta_sync2 ; posit_pack:u_packer|g_trunc.d_q[1]           ; clk          ; clk         ; 0.000        ; 0.385      ; 3.224      ;
; 2.695 ; packer_ppa_boundary:u_boundary|meta_sync2 ; posit_pack:u_packer|g_trunc.d_q[3]           ; clk          ; clk         ; 0.000        ; 0.385      ; 3.224      ;
; 2.695 ; packer_ppa_boundary:u_boundary|meta_sync2 ; posit_pack:u_packer|g_trunc.d_q[4]           ; clk          ; clk         ; 0.000        ; 0.381      ; 3.220      ;
; 2.695 ; packer_ppa_boundary:u_boundary|meta_sync2 ; posit_pack:u_packer|g_trunc.d_q[5]           ; clk          ; clk         ; 0.000        ; 0.385      ; 3.224      ;
; 2.695 ; packer_ppa_boundary:u_boundary|meta_sync2 ; posit_pack:u_packer|g_trunc.d_q[8]           ; clk          ; clk         ; 0.000        ; 0.381      ; 3.220      ;
; 2.695 ; packer_ppa_boundary:u_boundary|meta_sync2 ; posit_pack:u_packer|g_trunc.d_q[9]           ; clk          ; clk         ; 0.000        ; 0.381      ; 3.220      ;
; 2.695 ; packer_ppa_boundary:u_boundary|meta_sync2 ; posit_pack:u_packer|g_trunc.d_q[10]          ; clk          ; clk         ; 0.000        ; 0.385      ; 3.224      ;
; 2.695 ; packer_ppa_boundary:u_boundary|meta_sync2 ; posit_pack:u_packer|g_trunc.d_q[11]          ; clk          ; clk         ; 0.000        ; 0.385      ; 3.224      ;
; 2.695 ; packer_ppa_boundary:u_boundary|meta_sync2 ; posit_pack:u_packer|g_trunc.d_q[12]          ; clk          ; clk         ; 0.000        ; 0.385      ; 3.224      ;
; 2.695 ; packer_ppa_boundary:u_boundary|meta_sync2 ; posit_pack:u_packer|g_trunc.d_q[13]          ; clk          ; clk         ; 0.000        ; 0.385      ; 3.224      ;
; 2.695 ; packer_ppa_boundary:u_boundary|meta_sync2 ; posit_pack:u_packer|g_trunc.d_q[14]          ; clk          ; clk         ; 0.000        ; 0.385      ; 3.224      ;
; 2.695 ; packer_ppa_boundary:u_boundary|meta_sync2 ; posit_pack:u_packer|g_trunc.d_q[19]          ; clk          ; clk         ; 0.000        ; 0.385      ; 3.224      ;
; 2.695 ; packer_ppa_boundary:u_boundary|meta_sync2 ; posit_pack:u_packer|g_trunc.d_q[21]          ; clk          ; clk         ; 0.000        ; 0.381      ; 3.220      ;
; 2.695 ; packer_ppa_boundary:u_boundary|meta_sync2 ; posit_pack:u_packer|g_trunc.d_q[25]          ; clk          ; clk         ; 0.000        ; 0.385      ; 3.224      ;
; 3.019 ; packer_ppa_boundary:u_boundary|meta_sync2 ; posit_pack:u_packer|g_trunc.valid_q          ; clk          ; clk         ; 0.000        ; 0.077      ; 3.240      ;
; 3.019 ; packer_ppa_boundary:u_boundary|meta_sync2 ; packer_ppa_boundary:u_boundary|out_valid     ; clk          ; clk         ; 0.000        ; 0.077      ; 3.240      ;
; 3.021 ; packer_ppa_boundary:u_boundary|meta_sync2 ; packer_ppa_boundary:u_boundary|d[3]          ; clk          ; clk         ; 0.000        ; 0.061      ; 3.226      ;
; 3.021 ; packer_ppa_boundary:u_boundary|meta_sync2 ; packer_ppa_boundary:u_boundary|d[4]          ; clk          ; clk         ; 0.000        ; 0.061      ; 3.226      ;
; 3.021 ; packer_ppa_boundary:u_boundary|meta_sync2 ; packer_ppa_boundary:u_boundary|d[5]          ; clk          ; clk         ; 0.000        ; 0.061      ; 3.226      ;
; 3.021 ; packer_ppa_boundary:u_boundary|meta_sync2 ; packer_ppa_boundary:u_boundary|d[6]          ; clk          ; clk         ; 0.000        ; 0.061      ; 3.226      ;
; 3.021 ; packer_ppa_boundary:u_boundary|meta_sync2 ; posit_pack:u_packer|g_trunc.d_q[7]           ; clk          ; clk         ; 0.000        ; 0.059      ; 3.224      ;
; 3.021 ; packer_ppa_boundary:u_boundary|meta_sync2 ; packer_ppa_boundary:u_boundary|d[7]          ; clk          ; clk         ; 0.000        ; 0.055      ; 3.220      ;
; 3.021 ; packer_ppa_boundary:u_boundary|meta_sync2 ; packer_ppa_boundary:u_boundary|d[8]          ; clk          ; clk         ; 0.000        ; 0.061      ; 3.226      ;
; 3.021 ; packer_ppa_boundary:u_boundary|meta_sync2 ; packer_ppa_boundary:u_boundary|d[10]         ; clk          ; clk         ; 0.000        ; 0.056      ; 3.221      ;
; 3.021 ; packer_ppa_boundary:u_boundary|meta_sync2 ; packer_ppa_boundary:u_boundary|d[11]         ; clk          ; clk         ; 0.000        ; 0.056      ; 3.221      ;
; 3.021 ; packer_ppa_boundary:u_boundary|meta_sync2 ; packer_ppa_boundary:u_boundary|d[15]         ; clk          ; clk         ; 0.000        ; 0.055      ; 3.220      ;
; 3.021 ; packer_ppa_boundary:u_boundary|meta_sync2 ; packer_ppa_boundary:u_boundary|d[17]         ; clk          ; clk         ; 0.000        ; 0.061      ; 3.226      ;
; 3.021 ; packer_ppa_boundary:u_boundary|meta_sync2 ; packer_ppa_boundary:u_boundary|d[18]         ; clk          ; clk         ; 0.000        ; 0.055      ; 3.220      ;
; 3.021 ; packer_ppa_boundary:u_boundary|meta_sync2 ; packer_ppa_boundary:u_boundary|d[19]         ; clk          ; clk         ; 0.000        ; 0.056      ; 3.221      ;
; 3.021 ; packer_ppa_boundary:u_boundary|meta_sync2 ; packer_ppa_boundary:u_boundary|d[22]         ; clk          ; clk         ; 0.000        ; 0.057      ; 3.222      ;
; 3.021 ; packer_ppa_boundary:u_boundary|meta_sync2 ; packer_ppa_boundary:u_boundary|d[25]         ; clk          ; clk         ; 0.000        ; 0.061      ; 3.226      ;
; 3.021 ; packer_ppa_boundary:u_boundary|meta_sync2 ; packer_ppa_boundary:u_boundary|d[26]         ; clk          ; clk         ; 0.000        ; 0.061      ; 3.226      ;
; 3.021 ; packer_ppa_boundary:u_boundary|meta_sync2 ; packer_ppa_boundary:u_boundary|d[28]         ; clk          ; clk         ; 0.000        ; 0.057      ; 3.222      ;
; 3.021 ; packer_ppa_boundary:u_boundary|meta_sync2 ; packer_ppa_boundary:u_boundary|d[29]         ; clk          ; clk         ; 0.000        ; 0.055      ; 3.220      ;
; 3.021 ; packer_ppa_boundary:u_boundary|meta_sync2 ; packer_ppa_boundary:u_boundary|frac_q[7]     ; clk          ; clk         ; 0.000        ; 0.060      ; 3.225      ;
; 3.021 ; packer_ppa_boundary:u_boundary|meta_sync2 ; packer_ppa_boundary:u_boundary|frac_q[10]    ; clk          ; clk         ; 0.000        ; 0.060      ; 3.225      ;
; 3.021 ; packer_ppa_boundary:u_boundary|meta_sync2 ; packer_ppa_boundary:u_boundary|frac_q[8]     ; clk          ; clk         ; 0.000        ; 0.060      ; 3.225      ;
; 3.022 ; packer_ppa_boundary:u_boundary|meta_sync2 ; packer_ppa_boundary:u_boundary|d[1]          ; clk          ; clk         ; 0.000        ; 0.058      ; 3.224      ;
; 3.022 ; packer_ppa_boundary:u_boundary|meta_sync2 ; posit_pack:u_packer|g_trunc.d_q[6]           ; clk          ; clk         ; 0.000        ; 0.054      ; 3.220      ;
; 3.022 ; packer_ppa_boundary:u_boundary|meta_sync2 ; packer_ppa_boundary:u_boundary|d[9]          ; clk          ; clk         ; 0.000        ; 0.054      ; 3.220      ;
; 3.022 ; packer_ppa_boundary:u_boundary|meta_sync2 ; packer_ppa_boundary:u_boundary|d[12]         ; clk          ; clk         ; 0.000        ; 0.054      ; 3.220      ;
; 3.022 ; packer_ppa_boundary:u_boundary|meta_sync2 ; packer_ppa_boundary:u_boundary|d[13]         ; clk          ; clk         ; 0.000        ; 0.057      ; 3.223      ;
; 3.022 ; packer_ppa_boundary:u_boundary|meta_sync2 ; packer_ppa_boundary:u_boundary|d[14]         ; clk          ; clk         ; 0.000        ; 0.057      ; 3.223      ;
; 3.022 ; packer_ppa_boundary:u_boundary|meta_sync2 ; packer_ppa_boundary:u_boundary|d[16]         ; clk          ; clk         ; 0.000        ; 0.057      ; 3.223      ;
; 3.022 ; packer_ppa_boundary:u_boundary|meta_sync2 ; packer_ppa_boundary:u_boundary|d[21]         ; clk          ; clk         ; 0.000        ; 0.054      ; 3.220      ;
; 3.034 ; packer_ppa_boundary:u_boundary|meta_sync2 ; packer_ppa_boundary:u_boundary|sf_q[5]       ; clk          ; clk         ; 0.000        ; 0.056      ; 3.234      ;
; 3.034 ; packer_ppa_boundary:u_boundary|meta_sync2 ; packer_ppa_boundary:u_boundary|sf_q[6]       ; clk          ; clk         ; 0.000        ; 0.056      ; 3.234      ;
; 3.034 ; packer_ppa_boundary:u_boundary|meta_sync2 ; packer_ppa_boundary:u_boundary|sf_q[4]       ; clk          ; clk         ; 0.000        ; 0.056      ; 3.234      ;
; 3.034 ; packer_ppa_boundary:u_boundary|meta_sync2 ; packer_ppa_boundary:u_boundary|sf_q[9]       ; clk          ; clk         ; 0.000        ; 0.056      ; 3.234      ;
; 3.034 ; packer_ppa_boundary:u_boundary|meta_sync2 ; packer_ppa_boundary:u_boundary|sf_q[7]       ; clk          ; clk         ; 0.000        ; 0.056      ; 3.234      ;
; 3.034 ; packer_ppa_boundary:u_boundary|meta_sync2 ; packer_ppa_boundary:u_boundary|sf_q[8]       ; clk          ; clk         ; 0.000        ; 0.056      ; 3.234      ;
; 3.034 ; packer_ppa_boundary:u_boundary|meta_sync2 ; packer_ppa_boundary:u_boundary|is_zero_q     ; clk          ; clk         ; 0.000        ; 0.056      ; 3.234      ;
; 3.034 ; packer_ppa_boundary:u_boundary|meta_sync2 ; packer_ppa_boundary:u_boundary|is_nar_q      ; clk          ; clk         ; 0.000        ; 0.056      ; 3.234      ;
; 3.034 ; packer_ppa_boundary:u_boundary|meta_sync2 ; packer_ppa_boundary:u_boundary|frac_q[51]    ; clk          ; clk         ; 0.000        ; 0.056      ; 3.234      ;
; 3.034 ; packer_ppa_boundary:u_boundary|meta_sync2 ; packer_ppa_boundary:u_boundary|sf_q[2]       ; clk          ; clk         ; 0.000        ; 0.056      ; 3.234      ;
; 3.034 ; packer_ppa_boundary:u_boundary|meta_sync2 ; packer_ppa_boundary:u_boundary|frac_q[50]    ; clk          ; clk         ; 0.000        ; 0.056      ; 3.234      ;
; 3.034 ; packer_ppa_boundary:u_boundary|meta_sync2 ; packer_ppa_boundary:u_boundary|frac_q[48]    ; clk          ; clk         ; 0.000        ; 0.055      ; 3.233      ;
; 3.034 ; packer_ppa_boundary:u_boundary|meta_sync2 ; packer_ppa_boundary:u_boundary|frac_q[52]    ; clk          ; clk         ; 0.000        ; 0.056      ; 3.234      ;
; 3.034 ; packer_ppa_boundary:u_boundary|meta_sync2 ; packer_ppa_boundary:u_boundary|frac_q[54]    ; clk          ; clk         ; 0.000        ; 0.056      ; 3.234      ;
; 3.034 ; packer_ppa_boundary:u_boundary|meta_sync2 ; posit_pack:u_packer|g_trunc.d_q[31]          ; clk          ; clk         ; 0.000        ; 0.053      ; 3.231      ;
; 3.034 ; packer_ppa_boundary:u_boundary|meta_sync2 ; packer_ppa_boundary:u_boundary|frac_q[21]    ; clk          ; clk         ; 0.000        ; 0.055      ; 3.233      ;
; 3.034 ; packer_ppa_boundary:u_boundary|meta_sync2 ; packer_ppa_boundary:u_boundary|frac_q[22]    ; clk          ; clk         ; 0.000        ; 0.055      ; 3.233      ;
; 3.034 ; packer_ppa_boundary:u_boundary|meta_sync2 ; packer_ppa_boundary:u_boundary|frac_q[24]    ; clk          ; clk         ; 0.000        ; 0.055      ; 3.233      ;
; 3.034 ; packer_ppa_boundary:u_boundary|meta_sync2 ; packer_ppa_boundary:u_boundary|frac_q[25]    ; clk          ; clk         ; 0.000        ; 0.055      ; 3.233      ;
; 3.034 ; packer_ppa_boundary:u_boundary|meta_sync2 ; packer_ppa_boundary:u_boundary|frac_q[23]    ; clk          ; clk         ; 0.000        ; 0.055      ; 3.233      ;
; 3.034 ; packer_ppa_boundary:u_boundary|meta_sync2 ; packer_ppa_boundary:u_boundary|frac_q[2]     ; clk          ; clk         ; 0.000        ; 0.055      ; 3.233      ;
; 3.034 ; packer_ppa_boundary:u_boundary|meta_sync2 ; posit_pack:u_packer|g_trunc.flags_q[1]       ; clk          ; clk         ; 0.000        ; 0.051      ; 3.229      ;
; 3.034 ; packer_ppa_boundary:u_boundary|meta_sync2 ; packer_ppa_boundary:u_boundary|flags_in_q[2] ; clk          ; clk         ; 0.000        ; 0.051      ; 3.229      ;
; 3.034 ; packer_ppa_boundary:u_boundary|meta_sync2 ; posit_pack:u_packer|g_trunc.flags_q[2]       ; clk          ; clk         ; 0.000        ; 0.051      ; 3.229      ;
; 3.034 ; packer_ppa_boundary:u_boundary|meta_sync2 ; packer_ppa_boundary:u_boundary|flags[2]      ; clk          ; clk         ; 0.000        ; 0.051      ; 3.229      ;
; 3.034 ; packer_ppa_boundary:u_boundary|meta_sync2 ; packer_ppa_boundary:u_boundary|flags_in_q[3] ; clk          ; clk         ; 0.000        ; 0.051      ; 3.229      ;
; 3.034 ; packer_ppa_boundary:u_boundary|meta_sync2 ; posit_pack:u_packer|g_trunc.flags_q[3]       ; clk          ; clk         ; 0.000        ; 0.051      ; 3.229      ;
; 3.035 ; packer_ppa_boundary:u_boundary|meta_sync2 ; packer_ppa_boundary:u_boundary|sf_q[3]       ; clk          ; clk         ; 0.000        ; 0.055      ; 3.234      ;
; 3.035 ; packer_ppa_boundary:u_boundary|meta_sync2 ; packer_ppa_boundary:u_boundary|flags_in_q[4] ; clk          ; clk         ; 0.000        ; 0.056      ; 3.235      ;
; 3.035 ; packer_ppa_boundary:u_boundary|meta_sync2 ; packer_ppa_boundary:u_boundary|frac_q[49]    ; clk          ; clk         ; 0.000        ; 0.055      ; 3.234      ;
; 3.035 ; packer_ppa_boundary:u_boundary|meta_sync2 ; packer_ppa_boundary:u_boundary|frac_q[44]    ; clk          ; clk         ; 0.000        ; 0.055      ; 3.234      ;
; 3.035 ; packer_ppa_boundary:u_boundary|meta_sync2 ; packer_ppa_boundary:u_boundary|frac_q[45]    ; clk          ; clk         ; 0.000        ; 0.055      ; 3.234      ;
; 3.035 ; packer_ppa_boundary:u_boundary|meta_sync2 ; packer_ppa_boundary:u_boundary|frac_q[47]    ; clk          ; clk         ; 0.000        ; 0.055      ; 3.234      ;
; 3.035 ; packer_ppa_boundary:u_boundary|meta_sync2 ; packer_ppa_boundary:u_boundary|sf_q[0]       ; clk          ; clk         ; 0.000        ; 0.055      ; 3.234      ;
; 3.035 ; packer_ppa_boundary:u_boundary|meta_sync2 ; packer_ppa_boundary:u_boundary|frac_q[53]    ; clk          ; clk         ; 0.000        ; 0.055      ; 3.234      ;
; 3.035 ; packer_ppa_boundary:u_boundary|meta_sync2 ; packer_ppa_boundary:u_boundary|sf_q[1]       ; clk          ; clk         ; 0.000        ; 0.055      ; 3.234      ;
; 3.035 ; packer_ppa_boundary:u_boundary|meta_sync2 ; packer_ppa_boundary:u_boundary|frac_q[30]    ; clk          ; clk         ; 0.000        ; 0.055      ; 3.234      ;
; 3.035 ; packer_ppa_boundary:u_boundary|meta_sync2 ; packer_ppa_boundary:u_boundary|frac_q[28]    ; clk          ; clk         ; 0.000        ; 0.055      ; 3.234      ;
; 3.035 ; packer_ppa_boundary:u_boundary|meta_sync2 ; packer_ppa_boundary:u_boundary|frac_q[29]    ; clk          ; clk         ; 0.000        ; 0.055      ; 3.234      ;
+-------+-------------------------------------------+----------------------------------------------+--------------+-------------+--------------+------------+------------+


+-----------------------------------------------------------------------------------------------------------------------------+
; Slow 1200mV 0C Model Minimum Pulse Width: 'clk'                                                                             ;
+-------+--------------+----------------+-----------------+-------+------------+----------------------------------------------+
; Slack ; Actual Width ; Required Width ; Type            ; Clock ; Clock Edge ; Target                                       ;
+-------+--------------+----------------+-----------------+-------+------------+----------------------------------------------+
; 4.691 ; 4.875        ; 0.184          ; Low Pulse Width ; clk   ; Rise       ; posit_pack:u_packer|g_trunc.d_q[21]          ;
; 4.691 ; 4.875        ; 0.184          ; Low Pulse Width ; clk   ; Rise       ; posit_pack:u_packer|g_trunc.d_q[4]           ;
; 4.691 ; 4.875        ; 0.184          ; Low Pulse Width ; clk   ; Rise       ; posit_pack:u_packer|g_trunc.d_q[8]           ;
; 4.691 ; 4.875        ; 0.184          ; Low Pulse Width ; clk   ; Rise       ; posit_pack:u_packer|g_trunc.d_q[9]           ;
; 4.698 ; 4.882        ; 0.184          ; Low Pulse Width ; clk   ; Rise       ; posit_pack:u_packer|g_trunc.d_q[10]          ;
; 4.698 ; 4.882        ; 0.184          ; Low Pulse Width ; clk   ; Rise       ; posit_pack:u_packer|g_trunc.d_q[11]          ;
; 4.698 ; 4.882        ; 0.184          ; Low Pulse Width ; clk   ; Rise       ; posit_pack:u_packer|g_trunc.d_q[12]          ;
; 4.698 ; 4.882        ; 0.184          ; Low Pulse Width ; clk   ; Rise       ; posit_pack:u_packer|g_trunc.d_q[13]          ;
; 4.698 ; 4.882        ; 0.184          ; Low Pulse Width ; clk   ; Rise       ; posit_pack:u_packer|g_trunc.d_q[14]          ;
; 4.698 ; 4.882        ; 0.184          ; Low Pulse Width ; clk   ; Rise       ; posit_pack:u_packer|g_trunc.d_q[19]          ;
; 4.699 ; 4.883        ; 0.184          ; Low Pulse Width ; clk   ; Rise       ; posit_pack:u_packer|g_trunc.d_q[15]          ;
; 4.699 ; 4.883        ; 0.184          ; Low Pulse Width ; clk   ; Rise       ; posit_pack:u_packer|g_trunc.d_q[16]          ;
; 4.699 ; 4.883        ; 0.184          ; Low Pulse Width ; clk   ; Rise       ; posit_pack:u_packer|g_trunc.d_q[17]          ;
; 4.699 ; 4.883        ; 0.184          ; Low Pulse Width ; clk   ; Rise       ; posit_pack:u_packer|g_trunc.d_q[18]          ;
; 4.699 ; 4.883        ; 0.184          ; Low Pulse Width ; clk   ; Rise       ; posit_pack:u_packer|g_trunc.d_q[1]           ;
; 4.699 ; 4.883        ; 0.184          ; Low Pulse Width ; clk   ; Rise       ; posit_pack:u_packer|g_trunc.d_q[23]          ;
; 4.699 ; 4.883        ; 0.184          ; Low Pulse Width ; clk   ; Rise       ; posit_pack:u_packer|g_trunc.d_q[25]          ;
; 4.699 ; 4.883        ; 0.184          ; Low Pulse Width ; clk   ; Rise       ; posit_pack:u_packer|g_trunc.d_q[27]          ;
; 4.699 ; 4.883        ; 0.184          ; Low Pulse Width ; clk   ; Rise       ; posit_pack:u_packer|g_trunc.d_q[29]          ;
; 4.699 ; 4.883        ; 0.184          ; Low Pulse Width ; clk   ; Rise       ; posit_pack:u_packer|g_trunc.d_q[2]           ;
; 4.699 ; 4.883        ; 0.184          ; Low Pulse Width ; clk   ; Rise       ; posit_pack:u_packer|g_trunc.d_q[30]          ;
; 4.699 ; 4.883        ; 0.184          ; Low Pulse Width ; clk   ; Rise       ; posit_pack:u_packer|g_trunc.d_q[3]           ;
; 4.699 ; 4.883        ; 0.184          ; Low Pulse Width ; clk   ; Rise       ; posit_pack:u_packer|g_trunc.d_q[5]           ;
; 4.700 ; 4.884        ; 0.184          ; Low Pulse Width ; clk   ; Rise       ; posit_pack:u_packer|g_trunc.flags_q[4]       ;
; 4.701 ; 4.885        ; 0.184          ; Low Pulse Width ; clk   ; Rise       ; packer_ppa_boundary:u_boundary|d[12]         ;
; 4.701 ; 4.885        ; 0.184          ; Low Pulse Width ; clk   ; Rise       ; packer_ppa_boundary:u_boundary|d[21]         ;
; 4.701 ; 4.885        ; 0.184          ; Low Pulse Width ; clk   ; Rise       ; packer_ppa_boundary:u_boundary|d[23]         ;
; 4.701 ; 4.885        ; 0.184          ; Low Pulse Width ; clk   ; Rise       ; packer_ppa_boundary:u_boundary|d[27]         ;
; 4.701 ; 4.885        ; 0.184          ; Low Pulse Width ; clk   ; Rise       ; packer_ppa_boundary:u_boundary|d[2]          ;
; 4.701 ; 4.885        ; 0.184          ; Low Pulse Width ; clk   ; Rise       ; packer_ppa_boundary:u_boundary|d[30]         ;
; 4.701 ; 4.885        ; 0.184          ; Low Pulse Width ; clk   ; Rise       ; packer_ppa_boundary:u_boundary|d[9]          ;
; 4.701 ; 4.885        ; 0.184          ; Low Pulse Width ; clk   ; Rise       ; packer_ppa_boundary:u_boundary|flags[0]      ;
; 4.701 ; 4.885        ; 0.184          ; Low Pulse Width ; clk   ; Rise       ; packer_ppa_boundary:u_boundary|flags[1]      ;
; 4.701 ; 4.885        ; 0.184          ; Low Pulse Width ; clk   ; Rise       ; packer_ppa_boundary:u_boundary|flags[4]      ;
; 4.701 ; 4.885        ; 0.184          ; Low Pulse Width ; clk   ; Rise       ; packer_ppa_boundary:u_boundary|flags_in_q[0] ;
; 4.701 ; 4.885        ; 0.184          ; Low Pulse Width ; clk   ; Rise       ; packer_ppa_boundary:u_boundary|frac_q[15]    ;
; 4.701 ; 4.885        ; 0.184          ; Low Pulse Width ; clk   ; Rise       ; packer_ppa_boundary:u_boundary|frac_q[17]    ;
; 4.701 ; 4.885        ; 0.184          ; Low Pulse Width ; clk   ; Rise       ; packer_ppa_boundary:u_boundary|frac_q[19]    ;
; 4.701 ; 4.885        ; 0.184          ; Low Pulse Width ; clk   ; Rise       ; packer_ppa_boundary:u_boundary|frac_q[33]    ;
; 4.701 ; 4.885        ; 0.184          ; Low Pulse Width ; clk   ; Rise       ; packer_ppa_boundary:u_boundary|frac_q[34]    ;
; 4.701 ; 4.885        ; 0.184          ; Low Pulse Width ; clk   ; Rise       ; packer_ppa_boundary:u_boundary|frac_q[35]    ;
; 4.701 ; 4.885        ; 0.184          ; Low Pulse Width ; clk   ; Rise       ; packer_ppa_boundary:u_boundary|frac_q[36]    ;
; 4.701 ; 4.885        ; 0.184          ; Low Pulse Width ; clk   ; Rise       ; packer_ppa_boundary:u_boundary|frac_q[37]    ;
; 4.701 ; 4.885        ; 0.184          ; Low Pulse Width ; clk   ; Rise       ; packer_ppa_boundary:u_boundary|frac_q[38]    ;
; 4.701 ; 4.885        ; 0.184          ; Low Pulse Width ; clk   ; Rise       ; packer_ppa_boundary:u_boundary|frac_q[40]    ;
; 4.701 ; 4.885        ; 0.184          ; Low Pulse Width ; clk   ; Rise       ; packer_ppa_boundary:u_boundary|frac_q[46]    ;
; 4.701 ; 4.885        ; 0.184          ; Low Pulse Width ; clk   ; Rise       ; posit_pack:u_packer|g_trunc.d_q[0]           ;
; 4.701 ; 4.885        ; 0.184          ; Low Pulse Width ; clk   ; Rise       ; posit_pack:u_packer|g_trunc.d_q[20]          ;
; 4.701 ; 4.885        ; 0.184          ; Low Pulse Width ; clk   ; Rise       ; posit_pack:u_packer|g_trunc.d_q[22]          ;
; 4.701 ; 4.885        ; 0.184          ; Low Pulse Width ; clk   ; Rise       ; posit_pack:u_packer|g_trunc.d_q[24]          ;
; 4.701 ; 4.885        ; 0.184          ; Low Pulse Width ; clk   ; Rise       ; posit_pack:u_packer|g_trunc.d_q[26]          ;
; 4.701 ; 4.885        ; 0.184          ; Low Pulse Width ; clk   ; Rise       ; posit_pack:u_packer|g_trunc.d_q[28]          ;
; 4.701 ; 4.885        ; 0.184          ; Low Pulse Width ; clk   ; Rise       ; posit_pack:u_packer|g_trunc.d_q[6]           ;
; 4.701 ; 4.885        ; 0.184          ; Low Pulse Width ; clk   ; Rise       ; posit_pack:u_packer|g_trunc.flags_q[0]       ;
; 4.702 ; 4.886        ; 0.184          ; Low Pulse Width ; clk   ; Rise       ; packer_ppa_boundary:u_boundary|d[10]         ;
; 4.702 ; 4.886        ; 0.184          ; Low Pulse Width ; clk   ; Rise       ; packer_ppa_boundary:u_boundary|d[11]         ;
; 4.702 ; 4.886        ; 0.184          ; Low Pulse Width ; clk   ; Rise       ; packer_ppa_boundary:u_boundary|d[13]         ;
; 4.702 ; 4.886        ; 0.184          ; Low Pulse Width ; clk   ; Rise       ; packer_ppa_boundary:u_boundary|d[14]         ;
; 4.702 ; 4.886        ; 0.184          ; Low Pulse Width ; clk   ; Rise       ; packer_ppa_boundary:u_boundary|d[15]         ;
; 4.702 ; 4.886        ; 0.184          ; Low Pulse Width ; clk   ; Rise       ; packer_ppa_boundary:u_boundary|d[16]         ;
; 4.702 ; 4.886        ; 0.184          ; Low Pulse Width ; clk   ; Rise       ; packer_ppa_boundary:u_boundary|d[18]         ;
; 4.702 ; 4.886        ; 0.184          ; Low Pulse Width ; clk   ; Rise       ; packer_ppa_boundary:u_boundary|d[19]         ;
; 4.702 ; 4.886        ; 0.184          ; Low Pulse Width ; clk   ; Rise       ; packer_ppa_boundary:u_boundary|d[1]          ;
; 4.702 ; 4.886        ; 0.184          ; Low Pulse Width ; clk   ; Rise       ; packer_ppa_boundary:u_boundary|d[22]         ;
; 4.702 ; 4.886        ; 0.184          ; Low Pulse Width ; clk   ; Rise       ; packer_ppa_boundary:u_boundary|d[24]         ;
; 4.702 ; 4.886        ; 0.184          ; Low Pulse Width ; clk   ; Rise       ; packer_ppa_boundary:u_boundary|d[28]         ;
; 4.702 ; 4.886        ; 0.184          ; Low Pulse Width ; clk   ; Rise       ; packer_ppa_boundary:u_boundary|d[29]         ;
; 4.702 ; 4.886        ; 0.184          ; Low Pulse Width ; clk   ; Rise       ; packer_ppa_boundary:u_boundary|flags_in_q[1] ;
; 4.702 ; 4.886        ; 0.184          ; Low Pulse Width ; clk   ; Rise       ; packer_ppa_boundary:u_boundary|frac_q[10]    ;
; 4.702 ; 4.886        ; 0.184          ; Low Pulse Width ; clk   ; Rise       ; packer_ppa_boundary:u_boundary|frac_q[14]    ;
; 4.702 ; 4.886        ; 0.184          ; Low Pulse Width ; clk   ; Rise       ; packer_ppa_boundary:u_boundary|frac_q[16]    ;
; 4.702 ; 4.886        ; 0.184          ; Low Pulse Width ; clk   ; Rise       ; packer_ppa_boundary:u_boundary|frac_q[18]    ;
; 4.702 ; 4.886        ; 0.184          ; Low Pulse Width ; clk   ; Rise       ; packer_ppa_boundary:u_boundary|frac_q[20]    ;
; 4.702 ; 4.886        ; 0.184          ; Low Pulse Width ; clk   ; Rise       ; packer_ppa_boundary:u_boundary|frac_q[31]    ;
; 4.702 ; 4.886        ; 0.184          ; Low Pulse Width ; clk   ; Rise       ; packer_ppa_boundary:u_boundary|frac_q[32]    ;
; 4.702 ; 4.886        ; 0.184          ; Low Pulse Width ; clk   ; Rise       ; packer_ppa_boundary:u_boundary|frac_q[7]     ;
; 4.702 ; 4.886        ; 0.184          ; Low Pulse Width ; clk   ; Rise       ; packer_ppa_boundary:u_boundary|frac_q[8]     ;
; 4.702 ; 4.886        ; 0.184          ; Low Pulse Width ; clk   ; Rise       ; packer_ppa_boundary:u_boundary|meta_sync1    ;
; 4.702 ; 4.886        ; 0.184          ; Low Pulse Width ; clk   ; Rise       ; packer_ppa_boundary:u_boundary|meta_sync2    ;
; 4.702 ; 4.886        ; 0.184          ; Low Pulse Width ; clk   ; Rise       ; posit_pack:u_packer|g_trunc.d_q[7]           ;
; 4.703 ; 4.887        ; 0.184          ; Low Pulse Width ; clk   ; Rise       ; packer_ppa_boundary:u_boundary|d[0]          ;
; 4.703 ; 4.887        ; 0.184          ; Low Pulse Width ; clk   ; Rise       ; packer_ppa_boundary:u_boundary|d[17]         ;
; 4.703 ; 4.887        ; 0.184          ; Low Pulse Width ; clk   ; Rise       ; packer_ppa_boundary:u_boundary|d[20]         ;
; 4.703 ; 4.887        ; 0.184          ; Low Pulse Width ; clk   ; Rise       ; packer_ppa_boundary:u_boundary|d[25]         ;
; 4.703 ; 4.887        ; 0.184          ; Low Pulse Width ; clk   ; Rise       ; packer_ppa_boundary:u_boundary|d[26]         ;
; 4.703 ; 4.887        ; 0.184          ; Low Pulse Width ; clk   ; Rise       ; packer_ppa_boundary:u_boundary|d[31]         ;
; 4.703 ; 4.887        ; 0.184          ; Low Pulse Width ; clk   ; Rise       ; packer_ppa_boundary:u_boundary|d[3]          ;
; 4.703 ; 4.887        ; 0.184          ; Low Pulse Width ; clk   ; Rise       ; packer_ppa_boundary:u_boundary|d[4]          ;
; 4.703 ; 4.887        ; 0.184          ; Low Pulse Width ; clk   ; Rise       ; packer_ppa_boundary:u_boundary|d[5]          ;
; 4.703 ; 4.887        ; 0.184          ; Low Pulse Width ; clk   ; Rise       ; packer_ppa_boundary:u_boundary|d[6]          ;
; 4.703 ; 4.887        ; 0.184          ; Low Pulse Width ; clk   ; Rise       ; packer_ppa_boundary:u_boundary|d[7]          ;
; 4.703 ; 4.887        ; 0.184          ; Low Pulse Width ; clk   ; Rise       ; packer_ppa_boundary:u_boundary|d[8]          ;
; 4.703 ; 4.887        ; 0.184          ; Low Pulse Width ; clk   ; Rise       ; packer_ppa_boundary:u_boundary|flags[2]      ;
; 4.703 ; 4.887        ; 0.184          ; Low Pulse Width ; clk   ; Rise       ; packer_ppa_boundary:u_boundary|flags[3]      ;
; 4.703 ; 4.887        ; 0.184          ; Low Pulse Width ; clk   ; Rise       ; packer_ppa_boundary:u_boundary|flags_in_q[2] ;
; 4.703 ; 4.887        ; 0.184          ; Low Pulse Width ; clk   ; Rise       ; packer_ppa_boundary:u_boundary|flags_in_q[3] ;
; 4.703 ; 4.887        ; 0.184          ; Low Pulse Width ; clk   ; Rise       ; packer_ppa_boundary:u_boundary|flags_in_q[4] ;
; 4.703 ; 4.887        ; 0.184          ; Low Pulse Width ; clk   ; Rise       ; packer_ppa_boundary:u_boundary|frac_q[0]     ;
; 4.703 ; 4.887        ; 0.184          ; Low Pulse Width ; clk   ; Rise       ; packer_ppa_boundary:u_boundary|frac_q[11]    ;
; 4.703 ; 4.887        ; 0.184          ; Low Pulse Width ; clk   ; Rise       ; packer_ppa_boundary:u_boundary|frac_q[12]    ;
+-------+--------------+----------------+-----------------+-------+------------+----------------------------------------------+


+----------------------------------------------------------------------------+
; Setup Times                                                                ;
+--------------+------------+--------+--------+------------+-----------------+
; Data Port    ; Clock Port ; Rise   ; Fall   ; Clock Edge ; Clock Reference ;
+--------------+------------+--------+--------+------------+-----------------+
; flags_in[*]  ; clk        ; 1.988  ; 2.370  ; Rise       ; clk             ;
;  flags_in[0] ; clk        ; 1.658  ; 2.025  ; Rise       ; clk             ;
;  flags_in[1] ; clk        ; 1.700  ; 2.075  ; Rise       ; clk             ;
;  flags_in[2] ; clk        ; 1.597  ; 2.011  ; Rise       ; clk             ;
;  flags_in[3] ; clk        ; 1.725  ; 2.124  ; Rise       ; clk             ;
;  flags_in[4] ; clk        ; 1.988  ; 2.370  ; Rise       ; clk             ;
; frac[*]      ; clk        ; 2.378  ; 2.729  ; Rise       ; clk             ;
;  frac[0]     ; clk        ; 2.090  ; 2.446  ; Rise       ; clk             ;
;  frac[1]     ; clk        ; 1.811  ; 2.193  ; Rise       ; clk             ;
;  frac[2]     ; clk        ; -0.098 ; 0.059  ; Rise       ; clk             ;
;  frac[3]     ; clk        ; 1.811  ; 2.146  ; Rise       ; clk             ;
;  frac[4]     ; clk        ; 2.063  ; 2.410  ; Rise       ; clk             ;
;  frac[5]     ; clk        ; 1.709  ; 2.064  ; Rise       ; clk             ;
;  frac[6]     ; clk        ; 0.026  ; 0.146  ; Rise       ; clk             ;
;  frac[7]     ; clk        ; 2.054  ; 2.459  ; Rise       ; clk             ;
;  frac[8]     ; clk        ; 1.940  ; 2.270  ; Rise       ; clk             ;
;  frac[9]     ; clk        ; 2.089  ; 2.458  ; Rise       ; clk             ;
;  frac[10]    ; clk        ; 1.596  ; 1.955  ; Rise       ; clk             ;
;  frac[11]    ; clk        ; 2.017  ; 2.360  ; Rise       ; clk             ;
;  frac[12]    ; clk        ; 1.893  ; 2.253  ; Rise       ; clk             ;
;  frac[13]    ; clk        ; 2.053  ; 2.357  ; Rise       ; clk             ;
;  frac[14]    ; clk        ; 2.095  ; 2.469  ; Rise       ; clk             ;
;  frac[15]    ; clk        ; 2.094  ; 2.464  ; Rise       ; clk             ;
;  frac[16]    ; clk        ; 1.636  ; 1.935  ; Rise       ; clk             ;
;  frac[17]    ; clk        ; 2.112  ; 2.525  ; Rise       ; clk             ;
;  frac[18]    ; clk        ; 1.790  ; 2.210  ; Rise       ; clk             ;
;  frac[19]    ; clk        ; 2.127  ; 2.500  ; Rise       ; clk             ;
;  frac[20]    ; clk        ; 1.961  ; 2.320  ; Rise       ; clk             ;
;  frac[21]    ; clk        ; 2.047  ; 2.435  ; Rise       ; clk             ;
;  frac[22]    ; clk        ; 1.875  ; 2.286  ; Rise       ; clk             ;
;  frac[23]    ; clk        ; 2.087  ; 2.479  ; Rise       ; clk             ;
;  frac[24]    ; clk        ; 2.294  ; 2.688  ; Rise       ; clk             ;
;  frac[25]    ; clk        ; 0.089  ; 0.213  ; Rise       ; clk             ;
;  frac[26]    ; clk        ; 2.162  ; 2.595  ; Rise       ; clk             ;
;  frac[27]    ; clk        ; 1.564  ; 1.940  ; Rise       ; clk             ;
;  frac[28]    ; clk        ; 2.027  ; 2.397  ; Rise       ; clk             ;
;  frac[29]    ; clk        ; -0.333 ; -0.214 ; Rise       ; clk             ;
;  frac[30]    ; clk        ; 1.860  ; 2.268  ; Rise       ; clk             ;
;  frac[31]    ; clk        ; 0.272  ; 0.383  ; Rise       ; clk             ;
;  frac[32]    ; clk        ; 1.802  ; 2.195  ; Rise       ; clk             ;
;  frac[33]    ; clk        ; 2.083  ; 2.503  ; Rise       ; clk             ;
;  frac[34]    ; clk        ; 1.861  ; 2.201  ; Rise       ; clk             ;
;  frac[35]    ; clk        ; 1.863  ; 2.281  ; Rise       ; clk             ;
;  frac[36]    ; clk        ; 1.570  ; 1.971  ; Rise       ; clk             ;
;  frac[37]    ; clk        ; 1.803  ; 2.143  ; Rise       ; clk             ;
;  frac[38]    ; clk        ; 2.100  ; 2.472  ; Rise       ; clk             ;
;  frac[39]    ; clk        ; 1.564  ; 1.902  ; Rise       ; clk             ;
;  frac[40]    ; clk        ; 1.756  ; 2.106  ; Rise       ; clk             ;
;  frac[41]    ; clk        ; 1.481  ; 1.857  ; Rise       ; clk             ;
;  frac[42]    ; clk        ; 2.128  ; 2.450  ; Rise       ; clk             ;
;  frac[43]    ; clk        ; 2.329  ; 2.694  ; Rise       ; clk             ;
;  frac[44]    ; clk        ; 1.542  ; 1.878  ; Rise       ; clk             ;
;  frac[45]    ; clk        ; 2.378  ; 2.729  ; Rise       ; clk             ;
;  frac[46]    ; clk        ; 1.911  ; 2.255  ; Rise       ; clk             ;
;  frac[47]    ; clk        ; 1.948  ; 2.308  ; Rise       ; clk             ;
;  frac[48]    ; clk        ; 1.990  ; 2.344  ; Rise       ; clk             ;
;  frac[49]    ; clk        ; 2.133  ; 2.480  ; Rise       ; clk             ;
;  frac[50]    ; clk        ; 2.058  ; 2.466  ; Rise       ; clk             ;
;  frac[51]    ; clk        ; 2.168  ; 2.541  ; Rise       ; clk             ;
;  frac[52]    ; clk        ; 1.925  ; 2.268  ; Rise       ; clk             ;
;  frac[53]    ; clk        ; 1.834  ; 2.183  ; Rise       ; clk             ;
;  frac[54]    ; clk        ; 2.054  ; 2.454  ; Rise       ; clk             ;
; is_nar       ; clk        ; 2.023  ; 2.395  ; Rise       ; clk             ;
; is_zero      ; clk        ; 2.302  ; 2.683  ; Rise       ; clk             ;
; sf[*]        ; clk        ; 2.120  ; 2.502  ; Rise       ; clk             ;
;  sf[0]       ; clk        ; 1.702  ; 2.102  ; Rise       ; clk             ;
;  sf[1]       ; clk        ; -0.099 ; 0.029  ; Rise       ; clk             ;
;  sf[2]       ; clk        ; 1.852  ; 2.206  ; Rise       ; clk             ;
;  sf[3]       ; clk        ; 1.807  ; 2.142  ; Rise       ; clk             ;
;  sf[4]       ; clk        ; 2.108  ; 2.502  ; Rise       ; clk             ;
;  sf[5]       ; clk        ; 1.941  ; 2.293  ; Rise       ; clk             ;
;  sf[6]       ; clk        ; 1.985  ; 2.288  ; Rise       ; clk             ;
;  sf[7]       ; clk        ; 2.120  ; 2.472  ; Rise       ; clk             ;
;  sf[8]       ; clk        ; -0.131 ; -0.006 ; Rise       ; clk             ;
;  sf[9]       ; clk        ; 1.863  ; 2.226  ; Rise       ; clk             ;
; sign         ; clk        ; 1.557  ; 1.955  ; Rise       ; clk             ;
; sticky       ; clk        ; 2.139  ; 2.534  ; Rise       ; clk             ;
+--------------+------------+--------+--------+------------+-----------------+


+----------------------------------------------------------------------------+
; Hold Times                                                                 ;
+--------------+------------+--------+--------+------------+-----------------+
; Data Port    ; Clock Port ; Rise   ; Fall   ; Clock Edge ; Clock Reference ;
+--------------+------------+--------+--------+------------+-----------------+
; flags_in[*]  ; clk        ; -1.266 ; -1.667 ; Rise       ; clk             ;
;  flags_in[0] ; clk        ; -1.315 ; -1.667 ; Rise       ; clk             ;
;  flags_in[1] ; clk        ; -1.356 ; -1.715 ; Rise       ; clk             ;
;  flags_in[2] ; clk        ; -1.266 ; -1.669 ; Rise       ; clk             ;
;  flags_in[3] ; clk        ; -1.379 ; -1.761 ; Rise       ; clk             ;
;  flags_in[4] ; clk        ; -1.642 ; -2.013 ; Rise       ; clk             ;
; frac[*]      ; clk        ; 0.581  ; 0.461  ; Rise       ; clk             ;
;  frac[0]     ; clk        ; -1.742 ; -2.087 ; Rise       ; clk             ;
;  frac[1]     ; clk        ; -1.473 ; -1.845 ; Rise       ; clk             ;
;  frac[2]     ; clk        ; 0.356  ; 0.199  ; Rise       ; clk             ;
;  frac[3]     ; clk        ; -1.475 ; -1.800 ; Rise       ; clk             ;
;  frac[4]     ; clk        ; -1.717 ; -2.054 ; Rise       ; clk             ;
;  frac[5]     ; clk        ; -1.375 ; -1.721 ; Rise       ; clk             ;
;  frac[6]     ; clk        ; 0.236  ; 0.116  ; Rise       ; clk             ;
;  frac[7]     ; clk        ; -1.707 ; -2.100 ; Rise       ; clk             ;
;  frac[8]     ; clk        ; -1.589 ; -1.904 ; Rise       ; clk             ;
;  frac[9]     ; clk        ; -1.741 ; -2.098 ; Rise       ; clk             ;
;  frac[10]    ; clk        ; -1.256 ; -1.600 ; Rise       ; clk             ;
;  frac[11]    ; clk        ; -1.672 ; -2.005 ; Rise       ; clk             ;
;  frac[12]    ; clk        ; -1.550 ; -1.901 ; Rise       ; clk             ;
;  frac[13]    ; clk        ; -1.706 ; -2.002 ; Rise       ; clk             ;
;  frac[14]    ; clk        ; -1.747 ; -2.110 ; Rise       ; clk             ;
;  frac[15]    ; clk        ; -1.746 ; -2.105 ; Rise       ; clk             ;
;  frac[16]    ; clk        ; -1.295 ; -1.581 ; Rise       ; clk             ;
;  frac[17]    ; clk        ; -1.762 ; -2.163 ; Rise       ; clk             ;
;  frac[18]    ; clk        ; -1.440 ; -1.843 ; Rise       ; clk             ;
;  frac[19]    ; clk        ; -1.779 ; -2.140 ; Rise       ; clk             ;
;  frac[20]    ; clk        ; -1.608 ; -1.950 ; Rise       ; clk             ;
;  frac[21]    ; clk        ; -1.698 ; -2.075 ; Rise       ; clk             ;
;  frac[22]    ; clk        ; -1.533 ; -1.933 ; Rise       ; clk             ;
;  frac[23]    ; clk        ; -1.737 ; -2.118 ; Rise       ; clk             ;
;  frac[24]    ; clk        ; -1.935 ; -2.319 ; Rise       ; clk             ;
;  frac[25]    ; clk        ; 0.176  ; 0.052  ; Rise       ; clk             ;
;  frac[26]    ; clk        ; -1.810 ; -2.231 ; Rise       ; clk             ;
;  frac[27]    ; clk        ; -1.236 ; -1.601 ; Rise       ; clk             ;
;  frac[28]    ; clk        ; -1.680 ; -2.040 ; Rise       ; clk             ;
;  frac[29]    ; clk        ; 0.581  ; 0.461  ; Rise       ; clk             ;
;  frac[30]    ; clk        ; -1.520 ; -1.917 ; Rise       ; clk             ;
;  frac[31]    ; clk        ; 0.000  ; -0.112 ; Rise       ; clk             ;
;  frac[32]    ; clk        ; -1.464 ; -1.847 ; Rise       ; clk             ;
;  frac[33]    ; clk        ; -1.734 ; -2.142 ; Rise       ; clk             ;
;  frac[34]    ; clk        ; -1.523 ; -1.853 ; Rise       ; clk             ;
;  frac[35]    ; clk        ; -1.522 ; -1.929 ; Rise       ; clk             ;
;  frac[36]    ; clk        ; -1.242 ; -1.632 ; Rise       ; clk             ;
;  frac[37]    ; clk        ; -1.467 ; -1.797 ; Rise       ; clk             ;
;  frac[38]    ; clk        ; -1.752 ; -2.114 ; Rise       ; clk             ;
;  frac[39]    ; clk        ; -1.237 ; -1.565 ; Rise       ; clk             ;
;  frac[40]    ; clk        ; -1.422 ; -1.762 ; Rise       ; clk             ;
;  frac[41]    ; clk        ; -1.156 ; -1.522 ; Rise       ; clk             ;
;  frac[42]    ; clk        ; -1.780 ; -2.092 ; Rise       ; clk             ;
;  frac[43]    ; clk        ; -1.973 ; -2.327 ; Rise       ; clk             ;
;  frac[44]    ; clk        ; -1.217 ; -1.543 ; Rise       ; clk             ;
;  frac[45]    ; clk        ; -2.019 ; -2.360 ; Rise       ; clk             ;
;  frac[46]    ; clk        ; -1.561 ; -1.888 ; Rise       ; clk             ;
;  frac[47]    ; clk        ; -1.604 ; -1.955 ; Rise       ; clk             ;
;  frac[48]    ; clk        ; -1.646 ; -1.989 ; Rise       ; clk             ;
;  frac[49]    ; clk        ; -1.782 ; -2.120 ; Rise       ; clk             ;
;  frac[50]    ; clk        ; -1.709 ; -2.106 ; Rise       ; clk             ;
;  frac[51]    ; clk        ; -1.816 ; -2.178 ; Rise       ; clk             ;
;  frac[52]    ; clk        ; -1.581 ; -1.915 ; Rise       ; clk             ;
;  frac[53]    ; clk        ; -1.497 ; -1.836 ; Rise       ; clk             ;
;  frac[54]    ; clk        ; -1.705 ; -2.094 ; Rise       ; clk             ;
; is_nar       ; clk        ; -1.675 ; -2.038 ; Rise       ; clk             ;
; is_zero      ; clk        ; -1.943 ; -2.314 ; Rise       ; clk             ;
; sf[*]        ; clk        ; 0.388  ; 0.262  ; Rise       ; clk             ;
;  sf[0]       ; clk        ; -1.357 ; -1.741 ; Rise       ; clk             ;
;  sf[1]       ; clk        ; 0.356  ; 0.228  ; Rise       ; clk             ;
;  sf[2]       ; clk        ; -1.514 ; -1.857 ; Rise       ; clk             ;
;  sf[3]       ; clk        ; -1.471 ; -1.796 ; Rise       ; clk             ;
;  sf[4]       ; clk        ; -1.757 ; -2.140 ; Rise       ; clk             ;
;  sf[5]       ; clk        ; -1.597 ; -1.940 ; Rise       ; clk             ;
;  sf[6]       ; clk        ; -1.642 ; -1.936 ; Rise       ; clk             ;
;  sf[7]       ; clk        ; -1.771 ; -2.112 ; Rise       ; clk             ;
;  sf[8]       ; clk        ; 0.388  ; 0.262  ; Rise       ; clk             ;
;  sf[9]       ; clk        ; -1.524 ; -1.876 ; Rise       ; clk             ;
; sign         ; clk        ; -1.229 ; -1.616 ; Rise       ; clk             ;
; sticky       ; clk        ; -1.790 ; -2.173 ; Rise       ; clk             ;
+--------------+------------+--------+--------+------------+-----------------+


+-----------------------------------------------------------------------+
; Clock to Output Times                                                 ;
+-----------+------------+-------+-------+------------+-----------------+
; Data Port ; Clock Port ; Rise  ; Fall  ; Clock Edge ; Clock Reference ;
+-----------+------------+-------+-------+------------+-----------------+
; d[*]      ; clk        ; 7.380 ; 7.389 ; Rise       ; clk             ;
;  d[0]     ; clk        ; 5.800 ; 5.821 ; Rise       ; clk             ;
;  d[1]     ; clk        ; 5.976 ; 5.968 ; Rise       ; clk             ;
;  d[2]     ; clk        ; 5.825 ; 5.859 ; Rise       ; clk             ;
;  d[3]     ; clk        ; 5.970 ; 6.019 ; Rise       ; clk             ;
;  d[4]     ; clk        ; 6.292 ; 6.257 ; Rise       ; clk             ;
;  d[5]     ; clk        ; 6.102 ; 6.112 ; Rise       ; clk             ;
;  d[6]     ; clk        ; 6.356 ; 6.402 ; Rise       ; clk             ;
;  d[7]     ; clk        ; 5.567 ; 5.594 ; Rise       ; clk             ;
;  d[8]     ; clk        ; 7.380 ; 7.389 ; Rise       ; clk             ;
;  d[9]     ; clk        ; 5.540 ; 5.542 ; Rise       ; clk             ;
;  d[10]    ; clk        ; 5.996 ; 5.934 ; Rise       ; clk             ;
;  d[11]    ; clk        ; 5.882 ; 5.821 ; Rise       ; clk             ;
;  d[12]    ; clk        ; 6.411 ; 6.456 ; Rise       ; clk             ;
;  d[13]    ; clk        ; 5.561 ; 5.569 ; Rise       ; clk             ;
;  d[14]    ; clk        ; 5.736 ; 5.684 ; Rise       ; clk             ;
;  d[15]    ; clk        ; 5.664 ; 5.644 ; Rise       ; clk             ;
;  d[16]    ; clk        ; 5.365 ; 5.368 ; Rise       ; clk             ;
;  d[17]    ; clk        ; 6.752 ; 6.778 ; Rise       ; clk             ;
;  d[18]    ; clk        ; 7.064 ; 7.069 ; Rise       ; clk             ;
;  d[19]    ; clk        ; 5.259 ; 5.251 ; Rise       ; clk             ;
;  d[20]    ; clk        ; 5.657 ; 5.631 ; Rise       ; clk             ;
;  d[21]    ; clk        ; 6.061 ; 6.111 ; Rise       ; clk             ;
;  d[22]    ; clk        ; 6.418 ; 6.423 ; Rise       ; clk             ;
;  d[23]    ; clk        ; 6.443 ; 6.419 ; Rise       ; clk             ;
;  d[24]    ; clk        ; 5.657 ; 5.643 ; Rise       ; clk             ;
;  d[25]    ; clk        ; 5.809 ; 5.834 ; Rise       ; clk             ;
;  d[26]    ; clk        ; 6.181 ; 6.166 ; Rise       ; clk             ;
;  d[27]    ; clk        ; 6.075 ; 6.106 ; Rise       ; clk             ;
;  d[28]    ; clk        ; 5.516 ; 5.510 ; Rise       ; clk             ;
;  d[29]    ; clk        ; 5.654 ; 5.643 ; Rise       ; clk             ;
;  d[30]    ; clk        ; 6.218 ; 6.329 ; Rise       ; clk             ;
;  d[31]    ; clk        ; 6.390 ; 6.360 ; Rise       ; clk             ;
; flags[*]  ; clk        ; 6.564 ; 6.615 ; Rise       ; clk             ;
;  flags[0] ; clk        ; 5.504 ; 5.472 ; Rise       ; clk             ;
;  flags[1] ; clk        ; 6.564 ; 6.615 ; Rise       ; clk             ;
;  flags[2] ; clk        ; 5.622 ; 5.565 ; Rise       ; clk             ;
;  flags[3] ; clk        ; 6.489 ; 6.501 ; Rise       ; clk             ;
;  flags[4] ; clk        ; 6.376 ; 6.315 ; Rise       ; clk             ;
; out_valid ; clk        ; 4.914 ; 4.901 ; Rise       ; clk             ;
+-----------+------------+-------+-------+------------+-----------------+


+-----------------------------------------------------------------------+
; Minimum Clock to Output Times                                         ;
+-----------+------------+-------+-------+------------+-----------------+
; Data Port ; Clock Port ; Rise  ; Fall  ; Clock Edge ; Clock Reference ;
+-----------+------------+-------+-------+------------+-----------------+
; d[*]      ; clk        ; 5.078 ; 5.069 ; Rise       ; clk             ;
;  d[0]     ; clk        ; 5.598 ; 5.616 ; Rise       ; clk             ;
;  d[1]     ; clk        ; 5.764 ; 5.755 ; Rise       ; clk             ;
;  d[2]     ; clk        ; 5.619 ; 5.651 ; Rise       ; clk             ;
;  d[3]     ; clk        ; 5.758 ; 5.804 ; Rise       ; clk             ;
;  d[4]     ; clk        ; 6.066 ; 6.032 ; Rise       ; clk             ;
;  d[5]     ; clk        ; 5.885 ; 5.894 ; Rise       ; clk             ;
;  d[6]     ; clk        ; 6.129 ; 6.172 ; Rise       ; clk             ;
;  d[7]     ; clk        ; 5.371 ; 5.397 ; Rise       ; clk             ;
;  d[8]     ; clk        ; 7.158 ; 7.166 ; Rise       ; clk             ;
;  d[9]     ; clk        ; 5.345 ; 5.346 ; Rise       ; clk             ;
;  d[10]    ; clk        ; 5.783 ; 5.723 ; Rise       ; clk             ;
;  d[11]    ; clk        ; 5.673 ; 5.614 ; Rise       ; clk             ;
;  d[12]    ; clk        ; 6.225 ; 6.269 ; Rise       ; clk             ;
;  d[13]    ; clk        ; 5.368 ; 5.374 ; Rise       ; clk             ;
;  d[14]    ; clk        ; 5.536 ; 5.485 ; Rise       ; clk             ;
;  d[15]    ; clk        ; 5.463 ; 5.444 ; Rise       ; clk             ;
;  d[16]    ; clk        ; 5.179 ; 5.181 ; Rise       ; clk             ;
;  d[17]    ; clk        ; 6.508 ; 6.532 ; Rise       ; clk             ;
;  d[18]    ; clk        ; 6.853 ; 6.858 ; Rise       ; clk             ;
;  d[19]    ; clk        ; 5.078 ; 5.069 ; Rise       ; clk             ;
;  d[20]    ; clk        ; 5.457 ; 5.431 ; Rise       ; clk             ;
;  d[21]    ; clk        ; 5.845 ; 5.892 ; Rise       ; clk             ;
;  d[22]    ; clk        ; 6.188 ; 6.192 ; Rise       ; clk             ;
;  d[23]    ; clk        ; 6.212 ; 6.188 ; Rise       ; clk             ;
;  d[24]    ; clk        ; 5.457 ; 5.442 ; Rise       ; clk             ;
;  d[25]    ; clk        ; 5.604 ; 5.627 ; Rise       ; clk             ;
;  d[26]    ; clk        ; 5.960 ; 5.945 ; Rise       ; clk             ;
;  d[27]    ; clk        ; 5.859 ; 5.888 ; Rise       ; clk             ;
;  d[28]    ; clk        ; 5.322 ; 5.316 ; Rise       ; clk             ;
;  d[29]    ; clk        ; 5.454 ; 5.443 ; Rise       ; clk             ;
;  d[30]    ; clk        ; 5.996 ; 6.102 ; Rise       ; clk             ;
;  d[31]    ; clk        ; 6.161 ; 6.132 ; Rise       ; clk             ;
; flags[*]  ; clk        ; 5.313 ; 5.281 ; Rise       ; clk             ;
;  flags[0] ; clk        ; 5.313 ; 5.281 ; Rise       ; clk             ;
;  flags[1] ; clk        ; 6.328 ; 6.377 ; Rise       ; clk             ;
;  flags[2] ; clk        ; 5.425 ; 5.370 ; Rise       ; clk             ;
;  flags[3] ; clk        ; 6.256 ; 6.267 ; Rise       ; clk             ;
;  flags[4] ; clk        ; 6.150 ; 6.091 ; Rise       ; clk             ;
; out_valid ; clk        ; 4.744 ; 4.731 ; Rise       ; clk             ;
+-----------+------------+-------+-------+------------+-----------------+


---------------------------------------------
; Slow 1200mV 0C Model Metastability Report ;
---------------------------------------------
No synchronizer chains to report.


+------------------------------------+
; Fast 1200mV 0C Model Setup Summary ;
+-------+-------+--------------------+
; Clock ; Slack ; End Point TNS      ;
+-------+-------+--------------------+
; clk   ; 4.310 ; 0.000              ;
+-------+-------+--------------------+


+-----------------------------------+
; Fast 1200mV 0C Model Hold Summary ;
+-------+-------+-------------------+
; Clock ; Slack ; End Point TNS     ;
+-------+-------+-------------------+
; clk   ; 0.192 ; 0.000             ;
+-------+-------+-------------------+


+---------------------------------------+
; Fast 1200mV 0C Model Recovery Summary ;
+-------+-------+-----------------------+
; Clock ; Slack ; End Point TNS         ;
+-------+-------+-----------------------+
; clk   ; 7.581 ; 0.000                 ;
+-------+-------+-----------------------+


+--------------------------------------+
; Fast 1200mV 0C Model Removal Summary ;
+-------+-------+----------------------+
; Clock ; Slack ; End Point TNS        ;
+-------+-------+----------------------+
; clk   ; 1.758 ; 0.000                ;
+-------+-------+----------------------+


+--------------------------------------------------+
; Fast 1200mV 0C Model Minimum Pulse Width Summary ;
+-------+-------+----------------------------------+
; Clock ; Slack ; End Point TNS                    ;
+-------+-------+----------------------------------+
; clk   ; 4.413 ; 0.000                            ;
+-------+-------+----------------------------------+


+------------------------------------------------------------------------------------------------------------------------------------------------------------------+
; Fast 1200mV 0C Model Setup: 'clk'                                                                                                                                ;
+-------+----------------------------------------------+-------------------------------------+--------------+-------------+--------------+------------+------------+
; Slack ; From Node                                    ; To Node                             ; Launch Clock ; Latch Clock ; Relationship ; Clock Skew ; Data Delay ;
+-------+----------------------------------------------+-------------------------------------+--------------+-------------+--------------+------------+------------+
; 4.310 ; packer_ppa_boundary:u_boundary|sf_q[3]       ; posit_pack:u_packer|g_trunc.d_q[27] ; clk          ; clk         ; 10.000       ; 0.161      ; 5.838      ;
; 4.316 ; packer_ppa_boundary:u_boundary|sf_q[9]       ; posit_pack:u_packer|g_trunc.d_q[27] ; clk          ; clk         ; 10.000       ; 0.160      ; 5.831      ;
; 4.369 ; packer_ppa_boundary:u_boundary|sf_q[9]       ; posit_pack:u_packer|g_trunc.d_q[30] ; clk          ; clk         ; 10.000       ; 0.160      ; 5.778      ;
; 4.398 ; packer_ppa_boundary:u_boundary|sf_q[3]       ; posit_pack:u_packer|g_trunc.d_q[25] ; clk          ; clk         ; 10.000       ; 0.136      ; 5.725      ;
; 4.404 ; packer_ppa_boundary:u_boundary|sf_q[9]       ; posit_pack:u_packer|g_trunc.d_q[25] ; clk          ; clk         ; 10.000       ; 0.135      ; 5.718      ;
; 4.423 ; packer_ppa_boundary:u_boundary|sf_q[3]       ; posit_pack:u_packer|g_trunc.d_q[30] ; clk          ; clk         ; 10.000       ; 0.161      ; 5.725      ;
; 4.426 ; packer_ppa_boundary:u_boundary|frac_q[46]    ; posit_pack:u_packer|g_trunc.d_q[27] ; clk          ; clk         ; 10.000       ; 0.160      ; 5.721      ;
; 4.428 ; packer_ppa_boundary:u_boundary|sf_q[3]       ; posit_pack:u_packer|g_trunc.d_q[23] ; clk          ; clk         ; 10.000       ; 0.161      ; 5.720      ;
; 4.434 ; packer_ppa_boundary:u_boundary|sf_q[9]       ; posit_pack:u_packer|g_trunc.d_q[23] ; clk          ; clk         ; 10.000       ; 0.160      ; 5.713      ;
; 4.437 ; packer_ppa_boundary:u_boundary|sf_q[6]       ; posit_pack:u_packer|g_trunc.d_q[27] ; clk          ; clk         ; 10.000       ; 0.160      ; 5.710      ;
; 4.443 ; packer_ppa_boundary:u_boundary|sf_q[4]       ; posit_pack:u_packer|g_trunc.d_q[27] ; clk          ; clk         ; 10.000       ; 0.160      ; 5.704      ;
; 4.479 ; packer_ppa_boundary:u_boundary|frac_q[46]    ; posit_pack:u_packer|g_trunc.d_q[30] ; clk          ; clk         ; 10.000       ; 0.160      ; 5.668      ;
; 4.514 ; packer_ppa_boundary:u_boundary|frac_q[46]    ; posit_pack:u_packer|g_trunc.d_q[25] ; clk          ; clk         ; 10.000       ; 0.135      ; 5.608      ;
; 4.517 ; packer_ppa_boundary:u_boundary|frac_q[47]    ; posit_pack:u_packer|g_trunc.d_q[27] ; clk          ; clk         ; 10.000       ; 0.161      ; 5.631      ;
; 4.525 ; packer_ppa_boundary:u_boundary|sf_q[6]       ; posit_pack:u_packer|g_trunc.d_q[25] ; clk          ; clk         ; 10.000       ; 0.135      ; 5.597      ;
; 4.531 ; packer_ppa_boundary:u_boundary|sf_q[4]       ; posit_pack:u_packer|g_trunc.d_q[25] ; clk          ; clk         ; 10.000       ; 0.135      ; 5.591      ;
; 4.544 ; packer_ppa_boundary:u_boundary|frac_q[46]    ; posit_pack:u_packer|g_trunc.d_q[23] ; clk          ; clk         ; 10.000       ; 0.160      ; 5.603      ;
; 4.550 ; packer_ppa_boundary:u_boundary|sf_q[6]       ; posit_pack:u_packer|g_trunc.d_q[30] ; clk          ; clk         ; 10.000       ; 0.160      ; 5.597      ;
; 4.551 ; packer_ppa_boundary:u_boundary|sf_q[2]       ; posit_pack:u_packer|g_trunc.d_q[27] ; clk          ; clk         ; 10.000       ; 0.160      ; 5.596      ;
; 4.555 ; packer_ppa_boundary:u_boundary|sf_q[6]       ; posit_pack:u_packer|g_trunc.d_q[23] ; clk          ; clk         ; 10.000       ; 0.160      ; 5.592      ;
; 4.556 ; packer_ppa_boundary:u_boundary|sf_q[4]       ; posit_pack:u_packer|g_trunc.d_q[30] ; clk          ; clk         ; 10.000       ; 0.160      ; 5.591      ;
; 4.561 ; packer_ppa_boundary:u_boundary|sf_q[4]       ; posit_pack:u_packer|g_trunc.d_q[23] ; clk          ; clk         ; 10.000       ; 0.160      ; 5.586      ;
; 4.570 ; packer_ppa_boundary:u_boundary|sf_q[8]       ; posit_pack:u_packer|g_trunc.d_q[27] ; clk          ; clk         ; 10.000       ; 0.160      ; 5.577      ;
; 4.570 ; packer_ppa_boundary:u_boundary|frac_q[47]    ; posit_pack:u_packer|g_trunc.d_q[30] ; clk          ; clk         ; 10.000       ; 0.161      ; 5.578      ;
; 4.570 ; packer_ppa_boundary:u_boundary|sf_q[3]       ; posit_pack:u_packer|g_trunc.d_q[21] ; clk          ; clk         ; 10.000       ; 0.134      ; 5.551      ;
; 4.576 ; packer_ppa_boundary:u_boundary|sf_q[7]       ; posit_pack:u_packer|g_trunc.d_q[27] ; clk          ; clk         ; 10.000       ; 0.160      ; 5.571      ;
; 4.576 ; packer_ppa_boundary:u_boundary|sf_q[9]       ; posit_pack:u_packer|g_trunc.d_q[21] ; clk          ; clk         ; 10.000       ; 0.133      ; 5.544      ;
; 4.605 ; packer_ppa_boundary:u_boundary|frac_q[47]    ; posit_pack:u_packer|g_trunc.d_q[25] ; clk          ; clk         ; 10.000       ; 0.136      ; 5.518      ;
; 4.606 ; packer_ppa_boundary:u_boundary|flags_in_q[4] ; posit_pack:u_packer|g_trunc.d_q[27] ; clk          ; clk         ; 10.000       ; 0.160      ; 5.541      ;
; 4.613 ; packer_ppa_boundary:u_boundary|sf_q[3]       ; posit_pack:u_packer|g_trunc.d_q[31] ; clk          ; clk         ; 10.000       ; -0.038     ; 5.336      ;
; 4.616 ; packer_ppa_boundary:u_boundary|frac_q[39]    ; posit_pack:u_packer|g_trunc.d_q[27] ; clk          ; clk         ; 10.000       ; 0.162      ; 5.533      ;
; 4.619 ; packer_ppa_boundary:u_boundary|sf_q[5]       ; posit_pack:u_packer|g_trunc.d_q[27] ; clk          ; clk         ; 10.000       ; 0.160      ; 5.528      ;
; 4.620 ; packer_ppa_boundary:u_boundary|sf_q[3]       ; posit_pack:u_packer|g_trunc.d_q[19] ; clk          ; clk         ; 10.000       ; 0.136      ; 5.503      ;
; 4.621 ; packer_ppa_boundary:u_boundary|frac_q[53]    ; posit_pack:u_packer|g_trunc.d_q[27] ; clk          ; clk         ; 10.000       ; 0.161      ; 5.527      ;
; 4.626 ; packer_ppa_boundary:u_boundary|sf_q[9]       ; posit_pack:u_packer|g_trunc.d_q[19] ; clk          ; clk         ; 10.000       ; 0.135      ; 5.496      ;
; 4.634 ; packer_ppa_boundary:u_boundary|frac_q[50]    ; posit_pack:u_packer|g_trunc.d_q[27] ; clk          ; clk         ; 10.000       ; 0.160      ; 5.513      ;
; 4.635 ; packer_ppa_boundary:u_boundary|frac_q[47]    ; posit_pack:u_packer|g_trunc.d_q[23] ; clk          ; clk         ; 10.000       ; 0.161      ; 5.513      ;
; 4.639 ; packer_ppa_boundary:u_boundary|sf_q[2]       ; posit_pack:u_packer|g_trunc.d_q[25] ; clk          ; clk         ; 10.000       ; 0.135      ; 5.483      ;
; 4.647 ; packer_ppa_boundary:u_boundary|sf_q[1]       ; posit_pack:u_packer|g_trunc.d_q[27] ; clk          ; clk         ; 10.000       ; 0.161      ; 5.501      ;
; 4.650 ; packer_ppa_boundary:u_boundary|frac_q[44]    ; posit_pack:u_packer|g_trunc.d_q[27] ; clk          ; clk         ; 10.000       ; 0.161      ; 5.498      ;
; 4.658 ; packer_ppa_boundary:u_boundary|sf_q[8]       ; posit_pack:u_packer|g_trunc.d_q[25] ; clk          ; clk         ; 10.000       ; 0.135      ; 5.464      ;
; 4.661 ; packer_ppa_boundary:u_boundary|frac_q[48]    ; posit_pack:u_packer|g_trunc.d_q[27] ; clk          ; clk         ; 10.000       ; 0.161      ; 5.487      ;
; 4.663 ; packer_ppa_boundary:u_boundary|sf_q[9]       ; posit_pack:u_packer|g_trunc.d_q[31] ; clk          ; clk         ; 10.000       ; -0.039     ; 5.285      ;
; 4.664 ; packer_ppa_boundary:u_boundary|sf_q[2]       ; posit_pack:u_packer|g_trunc.d_q[30] ; clk          ; clk         ; 10.000       ; 0.160      ; 5.483      ;
; 4.664 ; packer_ppa_boundary:u_boundary|sf_q[7]       ; posit_pack:u_packer|g_trunc.d_q[25] ; clk          ; clk         ; 10.000       ; 0.135      ; 5.458      ;
; 4.669 ; packer_ppa_boundary:u_boundary|frac_q[39]    ; posit_pack:u_packer|g_trunc.d_q[30] ; clk          ; clk         ; 10.000       ; 0.162      ; 5.480      ;
; 4.669 ; packer_ppa_boundary:u_boundary|sf_q[2]       ; posit_pack:u_packer|g_trunc.d_q[23] ; clk          ; clk         ; 10.000       ; 0.160      ; 5.478      ;
; 4.674 ; packer_ppa_boundary:u_boundary|is_zero_q     ; posit_pack:u_packer|g_trunc.d_q[27] ; clk          ; clk         ; 10.000       ; 0.160      ; 5.473      ;
; 4.674 ; packer_ppa_boundary:u_boundary|frac_q[53]    ; posit_pack:u_packer|g_trunc.d_q[30] ; clk          ; clk         ; 10.000       ; 0.161      ; 5.474      ;
; 4.683 ; packer_ppa_boundary:u_boundary|sf_q[8]       ; posit_pack:u_packer|g_trunc.d_q[30] ; clk          ; clk         ; 10.000       ; 0.160      ; 5.464      ;
; 4.686 ; packer_ppa_boundary:u_boundary|frac_q[46]    ; posit_pack:u_packer|g_trunc.d_q[21] ; clk          ; clk         ; 10.000       ; 0.133      ; 5.434      ;
; 4.687 ; packer_ppa_boundary:u_boundary|frac_q[50]    ; posit_pack:u_packer|g_trunc.d_q[30] ; clk          ; clk         ; 10.000       ; 0.160      ; 5.460      ;
; 4.688 ; packer_ppa_boundary:u_boundary|sf_q[8]       ; posit_pack:u_packer|g_trunc.d_q[23] ; clk          ; clk         ; 10.000       ; 0.160      ; 5.459      ;
; 4.689 ; packer_ppa_boundary:u_boundary|sf_q[7]       ; posit_pack:u_packer|g_trunc.d_q[30] ; clk          ; clk         ; 10.000       ; 0.160      ; 5.458      ;
; 4.694 ; packer_ppa_boundary:u_boundary|sf_q[7]       ; posit_pack:u_packer|g_trunc.d_q[23] ; clk          ; clk         ; 10.000       ; 0.160      ; 5.453      ;
; 4.694 ; packer_ppa_boundary:u_boundary|flags_in_q[4] ; posit_pack:u_packer|g_trunc.d_q[25] ; clk          ; clk         ; 10.000       ; 0.135      ; 5.428      ;
; 4.697 ; packer_ppa_boundary:u_boundary|sf_q[6]       ; posit_pack:u_packer|g_trunc.d_q[21] ; clk          ; clk         ; 10.000       ; 0.133      ; 5.423      ;
; 4.698 ; packer_ppa_boundary:u_boundary|frac_q[49]    ; posit_pack:u_packer|g_trunc.d_q[27] ; clk          ; clk         ; 10.000       ; 0.161      ; 5.450      ;
; 4.700 ; packer_ppa_boundary:u_boundary|sf_q[1]       ; posit_pack:u_packer|g_trunc.d_q[30] ; clk          ; clk         ; 10.000       ; 0.161      ; 5.448      ;
; 4.702 ; packer_ppa_boundary:u_boundary|sf_q[5]       ; posit_pack:u_packer|g_trunc.d_q[30] ; clk          ; clk         ; 10.000       ; 0.160      ; 5.445      ;
; 4.702 ; packer_ppa_boundary:u_boundary|sf_q[3]       ; posit_pack:u_packer|g_trunc.d_q[29] ; clk          ; clk         ; 10.000       ; 0.146      ; 5.431      ;
; 4.703 ; packer_ppa_boundary:u_boundary|frac_q[44]    ; posit_pack:u_packer|g_trunc.d_q[30] ; clk          ; clk         ; 10.000       ; 0.161      ; 5.445      ;
; 4.703 ; packer_ppa_boundary:u_boundary|sf_q[4]       ; posit_pack:u_packer|g_trunc.d_q[21] ; clk          ; clk         ; 10.000       ; 0.133      ; 5.417      ;
; 4.704 ; packer_ppa_boundary:u_boundary|frac_q[39]    ; posit_pack:u_packer|g_trunc.d_q[25] ; clk          ; clk         ; 10.000       ; 0.137      ; 5.420      ;
; 4.706 ; packer_ppa_boundary:u_boundary|sf_q[9]       ; posit_pack:u_packer|g_trunc.d_q[28] ; clk          ; clk         ; 10.000       ; 0.161      ; 5.442      ;
; 4.707 ; packer_ppa_boundary:u_boundary|sf_q[5]       ; posit_pack:u_packer|g_trunc.d_q[25] ; clk          ; clk         ; 10.000       ; 0.135      ; 5.415      ;
; 4.708 ; packer_ppa_boundary:u_boundary|sf_q[9]       ; posit_pack:u_packer|g_trunc.d_q[29] ; clk          ; clk         ; 10.000       ; 0.145      ; 5.424      ;
; 4.709 ; packer_ppa_boundary:u_boundary|frac_q[53]    ; posit_pack:u_packer|g_trunc.d_q[25] ; clk          ; clk         ; 10.000       ; 0.136      ; 5.414      ;
; 4.713 ; packer_ppa_boundary:u_boundary|frac_q[45]    ; posit_pack:u_packer|g_trunc.d_q[27] ; clk          ; clk         ; 10.000       ; 0.161      ; 5.435      ;
; 4.714 ; packer_ppa_boundary:u_boundary|frac_q[48]    ; posit_pack:u_packer|g_trunc.d_q[30] ; clk          ; clk         ; 10.000       ; 0.161      ; 5.434      ;
; 4.719 ; packer_ppa_boundary:u_boundary|flags_in_q[4] ; posit_pack:u_packer|g_trunc.d_q[30] ; clk          ; clk         ; 10.000       ; 0.160      ; 5.428      ;
; 4.722 ; packer_ppa_boundary:u_boundary|frac_q[50]    ; posit_pack:u_packer|g_trunc.d_q[25] ; clk          ; clk         ; 10.000       ; 0.135      ; 5.400      ;
; 4.724 ; packer_ppa_boundary:u_boundary|flags_in_q[4] ; posit_pack:u_packer|g_trunc.d_q[23] ; clk          ; clk         ; 10.000       ; 0.160      ; 5.423      ;
; 4.732 ; packer_ppa_boundary:u_boundary|is_nar_q      ; posit_pack:u_packer|g_trunc.d_q[27] ; clk          ; clk         ; 10.000       ; 0.160      ; 5.415      ;
; 4.734 ; packer_ppa_boundary:u_boundary|frac_q[39]    ; posit_pack:u_packer|g_trunc.d_q[23] ; clk          ; clk         ; 10.000       ; 0.162      ; 5.415      ;
; 4.735 ; packer_ppa_boundary:u_boundary|sf_q[1]       ; posit_pack:u_packer|g_trunc.d_q[25] ; clk          ; clk         ; 10.000       ; 0.136      ; 5.388      ;
; 4.736 ; packer_ppa_boundary:u_boundary|frac_q[31]    ; posit_pack:u_packer|g_trunc.d_q[27] ; clk          ; clk         ; 10.000       ; 0.163      ; 5.414      ;
; 4.736 ; packer_ppa_boundary:u_boundary|frac_q[46]    ; posit_pack:u_packer|g_trunc.d_q[19] ; clk          ; clk         ; 10.000       ; 0.135      ; 5.386      ;
; 4.737 ; packer_ppa_boundary:u_boundary|sf_q[5]       ; posit_pack:u_packer|g_trunc.d_q[23] ; clk          ; clk         ; 10.000       ; 0.160      ; 5.410      ;
; 4.738 ; packer_ppa_boundary:u_boundary|frac_q[44]    ; posit_pack:u_packer|g_trunc.d_q[25] ; clk          ; clk         ; 10.000       ; 0.136      ; 5.385      ;
; 4.739 ; packer_ppa_boundary:u_boundary|frac_q[53]    ; posit_pack:u_packer|g_trunc.d_q[23] ; clk          ; clk         ; 10.000       ; 0.161      ; 5.409      ;
; 4.740 ; packer_ppa_boundary:u_boundary|sf_q[6]       ; posit_pack:u_packer|g_trunc.d_q[31] ; clk          ; clk         ; 10.000       ; -0.039     ; 5.208      ;
; 4.746 ; packer_ppa_boundary:u_boundary|sf_q[4]       ; posit_pack:u_packer|g_trunc.d_q[31] ; clk          ; clk         ; 10.000       ; -0.039     ; 5.202      ;
; 4.747 ; packer_ppa_boundary:u_boundary|sf_q[6]       ; posit_pack:u_packer|g_trunc.d_q[19] ; clk          ; clk         ; 10.000       ; 0.135      ; 5.375      ;
; 4.749 ; packer_ppa_boundary:u_boundary|frac_q[48]    ; posit_pack:u_packer|g_trunc.d_q[25] ; clk          ; clk         ; 10.000       ; 0.136      ; 5.374      ;
; 4.751 ; packer_ppa_boundary:u_boundary|frac_q[49]    ; posit_pack:u_packer|g_trunc.d_q[30] ; clk          ; clk         ; 10.000       ; 0.161      ; 5.397      ;
; 4.752 ; packer_ppa_boundary:u_boundary|frac_q[50]    ; posit_pack:u_packer|g_trunc.d_q[23] ; clk          ; clk         ; 10.000       ; 0.160      ; 5.395      ;
; 4.753 ; packer_ppa_boundary:u_boundary|sf_q[4]       ; posit_pack:u_packer|g_trunc.d_q[19] ; clk          ; clk         ; 10.000       ; 0.135      ; 5.369      ;
; 4.760 ; packer_ppa_boundary:u_boundary|sf_q[3]       ; posit_pack:u_packer|g_trunc.d_q[28] ; clk          ; clk         ; 10.000       ; 0.162      ; 5.389      ;
; 4.761 ; packer_ppa_boundary:u_boundary|sf_q[9]       ; posit_pack:u_packer|g_trunc.d_q[24] ; clk          ; clk         ; 10.000       ; 0.161      ; 5.387      ;
; 4.761 ; packer_ppa_boundary:u_boundary|frac_q[51]    ; posit_pack:u_packer|g_trunc.d_q[27] ; clk          ; clk         ; 10.000       ; 0.160      ; 5.386      ;
; 4.762 ; packer_ppa_boundary:u_boundary|is_zero_q     ; posit_pack:u_packer|g_trunc.d_q[25] ; clk          ; clk         ; 10.000       ; 0.135      ; 5.360      ;
; 4.765 ; packer_ppa_boundary:u_boundary|sf_q[1]       ; posit_pack:u_packer|g_trunc.d_q[23] ; clk          ; clk         ; 10.000       ; 0.161      ; 5.383      ;
; 4.766 ; packer_ppa_boundary:u_boundary|frac_q[45]    ; posit_pack:u_packer|g_trunc.d_q[30] ; clk          ; clk         ; 10.000       ; 0.161      ; 5.382      ;
; 4.768 ; packer_ppa_boundary:u_boundary|frac_q[44]    ; posit_pack:u_packer|g_trunc.d_q[23] ; clk          ; clk         ; 10.000       ; 0.161      ; 5.380      ;
; 4.773 ; packer_ppa_boundary:u_boundary|sf_q[9]       ; posit_pack:u_packer|g_trunc.d_q[26] ; clk          ; clk         ; 10.000       ; 0.161      ; 5.375      ;
; 4.774 ; packer_ppa_boundary:u_boundary|frac_q[43]    ; posit_pack:u_packer|g_trunc.d_q[27] ; clk          ; clk         ; 10.000       ; 0.161      ; 5.374      ;
; 4.774 ; packer_ppa_boundary:u_boundary|sf_q[3]       ; posit_pack:u_packer|g_trunc.d_q[15] ; clk          ; clk         ; 10.000       ; 0.146      ; 5.359      ;
; 4.777 ; packer_ppa_boundary:u_boundary|frac_q[47]    ; posit_pack:u_packer|g_trunc.d_q[21] ; clk          ; clk         ; 10.000       ; 0.134      ; 5.344      ;
; 4.779 ; packer_ppa_boundary:u_boundary|frac_q[48]    ; posit_pack:u_packer|g_trunc.d_q[23] ; clk          ; clk         ; 10.000       ; 0.161      ; 5.369      ;
+-------+----------------------------------------------+-------------------------------------+--------------+-------------+--------------+------------+------------+


+------------------------------------------------------------------------------------------------------------------------------------------------------------------------+
; Fast 1200mV 0C Model Hold: 'clk'                                                                                                                                       ;
+-------+----------------------------------------------+-------------------------------------------+--------------+-------------+--------------+------------+------------+
; Slack ; From Node                                    ; To Node                                   ; Launch Clock ; Latch Clock ; Relationship ; Clock Skew ; Data Delay ;
+-------+----------------------------------------------+-------------------------------------------+--------------+-------------+--------------+------------+------------+
; 0.192 ; posit_pack:u_packer|g_trunc.valid_q          ; packer_ppa_boundary:u_boundary|out_valid  ; clk          ; clk         ; 0.000        ; 0.037      ; 0.313      ;
; 0.196 ; packer_ppa_boundary:u_boundary|meta_sync1    ; packer_ppa_boundary:u_boundary|meta_sync2 ; clk          ; clk         ; 0.000        ; 0.036      ; 0.316      ;
; 0.196 ; packer_ppa_boundary:u_boundary|flags_in_q[2] ; posit_pack:u_packer|g_trunc.flags_q[2]    ; clk          ; clk         ; 0.000        ; 0.035      ; 0.315      ;
; 0.263 ; posit_pack:u_packer|g_trunc.flags_q[3]       ; packer_ppa_boundary:u_boundary|flags[3]   ; clk          ; clk         ; 0.000        ; 0.035      ; 0.382      ;
; 0.268 ; posit_pack:u_packer|g_trunc.flags_q[2]       ; packer_ppa_boundary:u_boundary|flags[2]   ; clk          ; clk         ; 0.000        ; 0.035      ; 0.387      ;
; 0.302 ; packer_ppa_boundary:u_boundary|flags_in_q[3] ; posit_pack:u_packer|g_trunc.flags_q[3]    ; clk          ; clk         ; 0.000        ; 0.035      ; 0.421      ;
; 0.325 ; packer_ppa_boundary:u_boundary|flags_in_q[0] ; posit_pack:u_packer|g_trunc.flags_q[0]    ; clk          ; clk         ; 0.000        ; 0.036      ; 0.445      ;
; 0.337 ; posit_pack:u_packer|g_trunc.d_q[31]          ; packer_ppa_boundary:u_boundary|d[31]      ; clk          ; clk         ; 0.000        ; 0.036      ; 0.457      ;
; 0.367 ; posit_pack:u_packer|g_trunc.flags_q[0]       ; packer_ppa_boundary:u_boundary|flags[0]   ; clk          ; clk         ; 0.000        ; 0.036      ; 0.487      ;
; 0.387 ; posit_pack:u_packer|g_trunc.d_q[21]          ; packer_ppa_boundary:u_boundary|d[21]      ; clk          ; clk         ; 0.000        ; -0.154     ; 0.317      ;
; 0.394 ; posit_pack:u_packer|g_trunc.d_q[23]          ; packer_ppa_boundary:u_boundary|d[23]      ; clk          ; clk         ; 0.000        ; -0.165     ; 0.313      ;
; 0.394 ; posit_pack:u_packer|g_trunc.flags_q[4]       ; packer_ppa_boundary:u_boundary|flags[4]   ; clk          ; clk         ; 0.000        ; -0.164     ; 0.314      ;
; 0.396 ; posit_pack:u_packer|g_trunc.d_q[30]          ; packer_ppa_boundary:u_boundary|d[30]      ; clk          ; clk         ; 0.000        ; -0.165     ; 0.315      ;
; 0.434 ; posit_pack:u_packer|g_trunc.d_q[6]           ; packer_ppa_boundary:u_boundary|d[6]       ; clk          ; clk         ; 0.000        ; 0.041      ; 0.559      ;
; 0.457 ; posit_pack:u_packer|g_trunc.d_q[9]           ; packer_ppa_boundary:u_boundary|d[9]       ; clk          ; clk         ; 0.000        ; -0.154     ; 0.387      ;
; 0.461 ; packer_ppa_boundary:u_boundary|flags_in_q[4] ; posit_pack:u_packer|g_trunc.d_q[8]        ; clk          ; clk         ; 0.000        ; 0.232      ; 0.777      ;
; 0.461 ; posit_pack:u_packer|g_trunc.d_q[1]           ; packer_ppa_boundary:u_boundary|d[1]       ; clk          ; clk         ; 0.000        ; -0.153     ; 0.392      ;
; 0.462 ; packer_ppa_boundary:u_boundary|flags_in_q[4] ; posit_pack:u_packer|g_trunc.d_q[4]        ; clk          ; clk         ; 0.000        ; 0.232      ; 0.778      ;
; 0.463 ; packer_ppa_boundary:u_boundary|flags_in_q[4] ; posit_pack:u_packer|g_trunc.d_q[9]        ; clk          ; clk         ; 0.000        ; 0.232      ; 0.779      ;
; 0.464 ; packer_ppa_boundary:u_boundary|flags_in_q[4] ; posit_pack:u_packer|g_trunc.d_q[16]       ; clk          ; clk         ; 0.000        ; 0.245      ; 0.793      ;
; 0.465 ; packer_ppa_boundary:u_boundary|flags_in_q[4] ; posit_pack:u_packer|g_trunc.d_q[15]       ; clk          ; clk         ; 0.000        ; 0.245      ; 0.794      ;
; 0.465 ; packer_ppa_boundary:u_boundary|flags_in_q[4] ; posit_pack:u_packer|g_trunc.d_q[21]       ; clk          ; clk         ; 0.000        ; 0.232      ; 0.781      ;
; 0.466 ; packer_ppa_boundary:u_boundary|flags_in_q[4] ; posit_pack:u_packer|g_trunc.d_q[18]       ; clk          ; clk         ; 0.000        ; 0.245      ; 0.795      ;
; 0.468 ; posit_pack:u_packer|g_trunc.d_q[0]           ; packer_ppa_boundary:u_boundary|d[0]       ; clk          ; clk         ; 0.000        ; -0.164     ; 0.388      ;
; 0.468 ; posit_pack:u_packer|g_trunc.d_q[27]          ; packer_ppa_boundary:u_boundary|d[27]      ; clk          ; clk         ; 0.000        ; -0.165     ; 0.387      ;
; 0.469 ; packer_ppa_boundary:u_boundary|flags_in_q[4] ; posit_pack:u_packer|g_trunc.d_q[29]       ; clk          ; clk         ; 0.000        ; 0.245      ; 0.798      ;
; 0.471 ; packer_ppa_boundary:u_boundary|flags_in_q[4] ; posit_pack:u_packer|g_trunc.d_q[17]       ; clk          ; clk         ; 0.000        ; 0.245      ; 0.800      ;
; 0.472 ; packer_ppa_boundary:u_boundary|sign_q        ; posit_pack:u_packer|g_trunc.d_q[0]        ; clk          ; clk         ; 0.000        ; 0.245      ; 0.801      ;
; 0.484 ; packer_ppa_boundary:u_boundary|is_nar_q      ; posit_pack:u_packer|g_trunc.d_q[5]        ; clk          ; clk         ; 0.000        ; 0.235      ; 0.803      ;
; 0.485 ; packer_ppa_boundary:u_boundary|flags_in_q[4] ; posit_pack:u_packer|g_trunc.d_q[24]       ; clk          ; clk         ; 0.000        ; 0.242      ; 0.811      ;
; 0.486 ; packer_ppa_boundary:u_boundary|flags_in_q[4] ; posit_pack:u_packer|g_trunc.d_q[28]       ; clk          ; clk         ; 0.000        ; 0.242      ; 0.812      ;
; 0.486 ; packer_ppa_boundary:u_boundary|is_nar_q      ; posit_pack:u_packer|g_trunc.d_q[3]        ; clk          ; clk         ; 0.000        ; 0.235      ; 0.805      ;
; 0.486 ; packer_ppa_boundary:u_boundary|is_nar_q      ; posit_pack:u_packer|g_trunc.d_q[25]       ; clk          ; clk         ; 0.000        ; 0.235      ; 0.805      ;
; 0.487 ; packer_ppa_boundary:u_boundary|is_nar_q      ; posit_pack:u_packer|g_trunc.d_q[1]        ; clk          ; clk         ; 0.000        ; 0.235      ; 0.806      ;
; 0.489 ; packer_ppa_boundary:u_boundary|flags_in_q[4] ; posit_pack:u_packer|g_trunc.d_q[20]       ; clk          ; clk         ; 0.000        ; 0.242      ; 0.815      ;
; 0.490 ; packer_ppa_boundary:u_boundary|flags_in_q[4] ; posit_pack:u_packer|g_trunc.d_q[26]       ; clk          ; clk         ; 0.000        ; 0.242      ; 0.816      ;
; 0.490 ; packer_ppa_boundary:u_boundary|is_nar_q      ; posit_pack:u_packer|g_trunc.d_q[11]       ; clk          ; clk         ; 0.000        ; 0.235      ; 0.809      ;
; 0.490 ; packer_ppa_boundary:u_boundary|is_nar_q      ; posit_pack:u_packer|g_trunc.d_q[14]       ; clk          ; clk         ; 0.000        ; 0.235      ; 0.809      ;
; 0.490 ; packer_ppa_boundary:u_boundary|is_nar_q      ; posit_pack:u_packer|g_trunc.d_q[19]       ; clk          ; clk         ; 0.000        ; 0.235      ; 0.809      ;
; 0.491 ; packer_ppa_boundary:u_boundary|flags_in_q[4] ; posit_pack:u_packer|g_trunc.d_q[22]       ; clk          ; clk         ; 0.000        ; 0.242      ; 0.817      ;
; 0.491 ; packer_ppa_boundary:u_boundary|is_nar_q      ; posit_pack:u_packer|g_trunc.d_q[10]       ; clk          ; clk         ; 0.000        ; 0.235      ; 0.810      ;
; 0.491 ; packer_ppa_boundary:u_boundary|is_nar_q      ; posit_pack:u_packer|g_trunc.d_q[12]       ; clk          ; clk         ; 0.000        ; 0.235      ; 0.810      ;
; 0.491 ; packer_ppa_boundary:u_boundary|is_nar_q      ; posit_pack:u_packer|g_trunc.d_q[13]       ; clk          ; clk         ; 0.000        ; 0.235      ; 0.810      ;
; 0.493 ; packer_ppa_boundary:u_boundary|sign_q        ; posit_pack:u_packer|g_trunc.d_q[31]       ; clk          ; clk         ; 0.000        ; 0.036      ; 0.613      ;
; 0.509 ; packer_ppa_boundary:u_boundary|is_zero_q     ; posit_pack:u_packer|g_trunc.d_q[17]       ; clk          ; clk         ; 0.000        ; 0.245      ; 0.838      ;
; 0.509 ; packer_ppa_boundary:u_boundary|is_zero_q     ; posit_pack:u_packer|g_trunc.d_q[29]       ; clk          ; clk         ; 0.000        ; 0.245      ; 0.838      ;
; 0.511 ; packer_ppa_boundary:u_boundary|is_zero_q     ; posit_pack:u_packer|g_trunc.d_q[15]       ; clk          ; clk         ; 0.000        ; 0.245      ; 0.840      ;
; 0.511 ; packer_ppa_boundary:u_boundary|is_zero_q     ; posit_pack:u_packer|g_trunc.d_q[16]       ; clk          ; clk         ; 0.000        ; 0.245      ; 0.840      ;
; 0.511 ; packer_ppa_boundary:u_boundary|is_zero_q     ; posit_pack:u_packer|g_trunc.d_q[18]       ; clk          ; clk         ; 0.000        ; 0.245      ; 0.840      ;
; 0.519 ; packer_ppa_boundary:u_boundary|is_zero_q     ; posit_pack:u_packer|g_trunc.d_q[11]       ; clk          ; clk         ; 0.000        ; 0.235      ; 0.838      ;
; 0.519 ; packer_ppa_boundary:u_boundary|is_zero_q     ; posit_pack:u_packer|g_trunc.d_q[14]       ; clk          ; clk         ; 0.000        ; 0.235      ; 0.838      ;
; 0.519 ; packer_ppa_boundary:u_boundary|is_zero_q     ; posit_pack:u_packer|g_trunc.d_q[19]       ; clk          ; clk         ; 0.000        ; 0.235      ; 0.838      ;
; 0.522 ; packer_ppa_boundary:u_boundary|is_zero_q     ; posit_pack:u_packer|g_trunc.d_q[13]       ; clk          ; clk         ; 0.000        ; 0.235      ; 0.841      ;
; 0.523 ; packer_ppa_boundary:u_boundary|is_zero_q     ; posit_pack:u_packer|g_trunc.d_q[12]       ; clk          ; clk         ; 0.000        ; 0.235      ; 0.842      ;
; 0.524 ; packer_ppa_boundary:u_boundary|is_zero_q     ; posit_pack:u_packer|g_trunc.d_q[10]       ; clk          ; clk         ; 0.000        ; 0.235      ; 0.843      ;
; 0.531 ; packer_ppa_boundary:u_boundary|is_zero_q     ; posit_pack:u_packer|g_trunc.d_q[21]       ; clk          ; clk         ; 0.000        ; 0.232      ; 0.847      ;
; 0.532 ; packer_ppa_boundary:u_boundary|is_zero_q     ; posit_pack:u_packer|g_trunc.d_q[4]        ; clk          ; clk         ; 0.000        ; 0.232      ; 0.848      ;
; 0.532 ; packer_ppa_boundary:u_boundary|is_zero_q     ; posit_pack:u_packer|g_trunc.d_q[9]        ; clk          ; clk         ; 0.000        ; 0.232      ; 0.848      ;
; 0.533 ; packer_ppa_boundary:u_boundary|is_zero_q     ; posit_pack:u_packer|g_trunc.d_q[8]        ; clk          ; clk         ; 0.000        ; 0.232      ; 0.849      ;
; 0.554 ; posit_pack:u_packer|g_trunc.d_q[16]          ; packer_ppa_boundary:u_boundary|d[16]      ; clk          ; clk         ; 0.000        ; -0.164     ; 0.474      ;
; 0.557 ; posit_pack:u_packer|g_trunc.flags_q[1]       ; packer_ppa_boundary:u_boundary|flags[1]   ; clk          ; clk         ; 0.000        ; 0.040      ; 0.681      ;
; 0.557 ; packer_ppa_boundary:u_boundary|is_zero_q     ; posit_pack:u_packer|g_trunc.d_q[5]        ; clk          ; clk         ; 0.000        ; 0.235      ; 0.876      ;
; 0.560 ; posit_pack:u_packer|g_trunc.d_q[20]          ; packer_ppa_boundary:u_boundary|d[20]      ; clk          ; clk         ; 0.000        ; -0.164     ; 0.480      ;
; 0.560 ; packer_ppa_boundary:u_boundary|is_zero_q     ; posit_pack:u_packer|g_trunc.d_q[3]        ; clk          ; clk         ; 0.000        ; 0.235      ; 0.879      ;
; 0.562 ; packer_ppa_boundary:u_boundary|flags_in_q[1] ; posit_pack:u_packer|g_trunc.flags_q[1]    ; clk          ; clk         ; 0.000        ; 0.039      ; 0.685      ;
; 0.562 ; packer_ppa_boundary:u_boundary|is_zero_q     ; posit_pack:u_packer|g_trunc.d_q[25]       ; clk          ; clk         ; 0.000        ; 0.235      ; 0.881      ;
; 0.563 ; packer_ppa_boundary:u_boundary|is_zero_q     ; posit_pack:u_packer|g_trunc.d_q[1]        ; clk          ; clk         ; 0.000        ; 0.235      ; 0.882      ;
; 0.577 ; posit_pack:u_packer|g_trunc.d_q[2]           ; packer_ppa_boundary:u_boundary|d[2]       ; clk          ; clk         ; 0.000        ; -0.166     ; 0.495      ;
; 0.593 ; posit_pack:u_packer|g_trunc.d_q[3]           ; packer_ppa_boundary:u_boundary|d[3]       ; clk          ; clk         ; 0.000        ; -0.151     ; 0.526      ;
; 0.593 ; posit_pack:u_packer|g_trunc.d_q[5]           ; packer_ppa_boundary:u_boundary|d[5]       ; clk          ; clk         ; 0.000        ; -0.151     ; 0.526      ;
; 0.599 ; posit_pack:u_packer|g_trunc.d_q[4]           ; packer_ppa_boundary:u_boundary|d[4]       ; clk          ; clk         ; 0.000        ; -0.149     ; 0.534      ;
; 0.602 ; posit_pack:u_packer|g_trunc.d_q[13]          ; packer_ppa_boundary:u_boundary|d[13]      ; clk          ; clk         ; 0.000        ; -0.154     ; 0.532      ;
; 0.604 ; packer_ppa_boundary:u_boundary|flags_in_q[4] ; posit_pack:u_packer|g_trunc.flags_q[0]    ; clk          ; clk         ; 0.000        ; 0.031      ; 0.719      ;
; 0.605 ; posit_pack:u_packer|g_trunc.d_q[25]          ; packer_ppa_boundary:u_boundary|d[25]      ; clk          ; clk         ; 0.000        ; -0.151     ; 0.538      ;
; 0.606 ; posit_pack:u_packer|g_trunc.d_q[19]          ; packer_ppa_boundary:u_boundary|d[19]      ; clk          ; clk         ; 0.000        ; -0.156     ; 0.534      ;
; 0.607 ; posit_pack:u_packer|g_trunc.d_q[14]          ; packer_ppa_boundary:u_boundary|d[14]      ; clk          ; clk         ; 0.000        ; -0.154     ; 0.537      ;
; 0.608 ; posit_pack:u_packer|g_trunc.d_q[8]           ; packer_ppa_boundary:u_boundary|d[8]       ; clk          ; clk         ; 0.000        ; -0.149     ; 0.543      ;
; 0.611 ; posit_pack:u_packer|g_trunc.d_q[11]          ; packer_ppa_boundary:u_boundary|d[11]      ; clk          ; clk         ; 0.000        ; -0.156     ; 0.539      ;
; 0.611 ; posit_pack:u_packer|g_trunc.d_q[12]          ; packer_ppa_boundary:u_boundary|d[12]      ; clk          ; clk         ; 0.000        ; -0.156     ; 0.539      ;
; 0.616 ; packer_ppa_boundary:u_boundary|sign_q        ; posit_pack:u_packer|g_trunc.d_q[20]       ; clk          ; clk         ; 0.000        ; 0.245      ; 0.945      ;
; 0.616 ; packer_ppa_boundary:u_boundary|sign_q        ; posit_pack:u_packer|g_trunc.d_q[22]       ; clk          ; clk         ; 0.000        ; 0.245      ; 0.945      ;
; 0.617 ; packer_ppa_boundary:u_boundary|sign_q        ; posit_pack:u_packer|g_trunc.d_q[28]       ; clk          ; clk         ; 0.000        ; 0.245      ; 0.946      ;
; 0.617 ; posit_pack:u_packer|g_trunc.d_q[10]          ; packer_ppa_boundary:u_boundary|d[10]      ; clk          ; clk         ; 0.000        ; -0.156     ; 0.545      ;
; 0.618 ; packer_ppa_boundary:u_boundary|sign_q        ; posit_pack:u_packer|g_trunc.d_q[26]       ; clk          ; clk         ; 0.000        ; 0.245      ; 0.947      ;
; 0.618 ; posit_pack:u_packer|g_trunc.d_q[18]          ; packer_ppa_boundary:u_boundary|d[18]      ; clk          ; clk         ; 0.000        ; -0.167     ; 0.535      ;
; 0.620 ; posit_pack:u_packer|g_trunc.d_q[15]          ; packer_ppa_boundary:u_boundary|d[15]      ; clk          ; clk         ; 0.000        ; -0.167     ; 0.537      ;
; 0.621 ; packer_ppa_boundary:u_boundary|sign_q        ; posit_pack:u_packer|g_trunc.d_q[24]       ; clk          ; clk         ; 0.000        ; 0.245      ; 0.950      ;
; 0.626 ; posit_pack:u_packer|g_trunc.d_q[28]          ; packer_ppa_boundary:u_boundary|d[28]      ; clk          ; clk         ; 0.000        ; -0.161     ; 0.549      ;
; 0.627 ; packer_ppa_boundary:u_boundary|flags_in_q[4] ; posit_pack:u_packer|g_trunc.d_q[30]       ; clk          ; clk         ; 0.000        ; 0.240      ; 0.951      ;
; 0.628 ; packer_ppa_boundary:u_boundary|flags_in_q[4] ; posit_pack:u_packer|g_trunc.d_q[2]        ; clk          ; clk         ; 0.000        ; 0.240      ; 0.952      ;
; 0.628 ; packer_ppa_boundary:u_boundary|flags_in_q[4] ; posit_pack:u_packer|g_trunc.d_q[23]       ; clk          ; clk         ; 0.000        ; 0.240      ; 0.952      ;
; 0.628 ; packer_ppa_boundary:u_boundary|flags_in_q[4] ; posit_pack:u_packer|g_trunc.d_q[27]       ; clk          ; clk         ; 0.000        ; 0.240      ; 0.952      ;
; 0.635 ; posit_pack:u_packer|g_trunc.d_q[24]          ; packer_ppa_boundary:u_boundary|d[24]      ; clk          ; clk         ; 0.000        ; -0.166     ; 0.553      ;
; 0.640 ; packer_ppa_boundary:u_boundary|flags_in_q[4] ; posit_pack:u_packer|g_trunc.d_q[10]       ; clk          ; clk         ; 0.000        ; 0.235      ; 0.959      ;
; 0.641 ; packer_ppa_boundary:u_boundary|flags_in_q[4] ; posit_pack:u_packer|g_trunc.d_q[12]       ; clk          ; clk         ; 0.000        ; 0.235      ; 0.960      ;
; 0.641 ; packer_ppa_boundary:u_boundary|flags_in_q[4] ; posit_pack:u_packer|g_trunc.d_q[13]       ; clk          ; clk         ; 0.000        ; 0.235      ; 0.960      ;
; 0.642 ; packer_ppa_boundary:u_boundary|flags_in_q[4] ; posit_pack:u_packer|g_trunc.d_q[14]       ; clk          ; clk         ; 0.000        ; 0.235      ; 0.961      ;
; 0.642 ; packer_ppa_boundary:u_boundary|flags_in_q[4] ; posit_pack:u_packer|g_trunc.d_q[19]       ; clk          ; clk         ; 0.000        ; 0.235      ; 0.961      ;
; 0.643 ; packer_ppa_boundary:u_boundary|flags_in_q[4] ; posit_pack:u_packer|g_trunc.d_q[11]       ; clk          ; clk         ; 0.000        ; 0.235      ; 0.962      ;
; 0.646 ; packer_ppa_boundary:u_boundary|flags_in_q[4] ; posit_pack:u_packer|g_trunc.d_q[0]        ; clk          ; clk         ; 0.000        ; 0.242      ; 0.972      ;
+-------+----------------------------------------------+-------------------------------------------+--------------+-------------+--------------+------------+------------+


+------------------------------------------------------------------------------------------------------------------------------------------------------------------------+
; Fast 1200mV 0C Model Recovery: 'clk'                                                                                                                                   ;
+-------+-------------------------------------------+----------------------------------------------+--------------+-------------+--------------+------------+------------+
; Slack ; From Node                                 ; To Node                                      ; Launch Clock ; Latch Clock ; Relationship ; Clock Skew ; Data Delay ;
+-------+-------------------------------------------+----------------------------------------------+--------------+-------------+--------------+------------+------------+
; 7.581 ; packer_ppa_boundary:u_boundary|meta_sync2 ; posit_pack:u_packer|g_trunc.valid_q          ; clk          ; clk         ; 10.000       ; -0.041     ; 2.365      ;
; 7.581 ; packer_ppa_boundary:u_boundary|meta_sync2 ; packer_ppa_boundary:u_boundary|out_valid     ; clk          ; clk         ; 10.000       ; -0.041     ; 2.365      ;
; 7.582 ; packer_ppa_boundary:u_boundary|meta_sync2 ; posit_pack:u_packer|g_trunc.d_q[6]           ; clk          ; clk         ; 10.000       ; -0.057     ; 2.348      ;
; 7.582 ; packer_ppa_boundary:u_boundary|meta_sync2 ; posit_pack:u_packer|g_trunc.d_q[7]           ; clk          ; clk         ; 10.000       ; -0.054     ; 2.351      ;
; 7.582 ; packer_ppa_boundary:u_boundary|meta_sync2 ; packer_ppa_boundary:u_boundary|d[7]          ; clk          ; clk         ; 10.000       ; -0.058     ; 2.347      ;
; 7.582 ; packer_ppa_boundary:u_boundary|meta_sync2 ; packer_ppa_boundary:u_boundary|d[9]          ; clk          ; clk         ; 10.000       ; -0.057     ; 2.348      ;
; 7.582 ; packer_ppa_boundary:u_boundary|meta_sync2 ; packer_ppa_boundary:u_boundary|d[10]         ; clk          ; clk         ; 10.000       ; -0.057     ; 2.348      ;
; 7.582 ; packer_ppa_boundary:u_boundary|meta_sync2 ; packer_ppa_boundary:u_boundary|d[11]         ; clk          ; clk         ; 10.000       ; -0.057     ; 2.348      ;
; 7.582 ; packer_ppa_boundary:u_boundary|meta_sync2 ; packer_ppa_boundary:u_boundary|d[19]         ; clk          ; clk         ; 10.000       ; -0.057     ; 2.348      ;
; 7.582 ; packer_ppa_boundary:u_boundary|meta_sync2 ; packer_ppa_boundary:u_boundary|d[21]         ; clk          ; clk         ; 10.000       ; -0.057     ; 2.348      ;
; 7.582 ; packer_ppa_boundary:u_boundary|meta_sync2 ; packer_ppa_boundary:u_boundary|frac_q[7]     ; clk          ; clk         ; 10.000       ; -0.053     ; 2.352      ;
; 7.582 ; packer_ppa_boundary:u_boundary|meta_sync2 ; packer_ppa_boundary:u_boundary|frac_q[10]    ; clk          ; clk         ; 10.000       ; -0.053     ; 2.352      ;
; 7.582 ; packer_ppa_boundary:u_boundary|meta_sync2 ; packer_ppa_boundary:u_boundary|frac_q[8]     ; clk          ; clk         ; 10.000       ; -0.053     ; 2.352      ;
; 7.583 ; packer_ppa_boundary:u_boundary|meta_sync2 ; packer_ppa_boundary:u_boundary|d[1]          ; clk          ; clk         ; 10.000       ; -0.054     ; 2.350      ;
; 7.583 ; packer_ppa_boundary:u_boundary|meta_sync2 ; packer_ppa_boundary:u_boundary|d[3]          ; clk          ; clk         ; 10.000       ; -0.052     ; 2.352      ;
; 7.583 ; packer_ppa_boundary:u_boundary|meta_sync2 ; packer_ppa_boundary:u_boundary|d[4]          ; clk          ; clk         ; 10.000       ; -0.052     ; 2.352      ;
; 7.583 ; packer_ppa_boundary:u_boundary|meta_sync2 ; packer_ppa_boundary:u_boundary|d[5]          ; clk          ; clk         ; 10.000       ; -0.052     ; 2.352      ;
; 7.583 ; packer_ppa_boundary:u_boundary|meta_sync2 ; packer_ppa_boundary:u_boundary|d[6]          ; clk          ; clk         ; 10.000       ; -0.052     ; 2.352      ;
; 7.583 ; packer_ppa_boundary:u_boundary|meta_sync2 ; packer_ppa_boundary:u_boundary|d[8]          ; clk          ; clk         ; 10.000       ; -0.052     ; 2.352      ;
; 7.583 ; packer_ppa_boundary:u_boundary|meta_sync2 ; packer_ppa_boundary:u_boundary|d[12]         ; clk          ; clk         ; 10.000       ; -0.057     ; 2.347      ;
; 7.583 ; packer_ppa_boundary:u_boundary|meta_sync2 ; packer_ppa_boundary:u_boundary|d[13]         ; clk          ; clk         ; 10.000       ; -0.055     ; 2.349      ;
; 7.583 ; packer_ppa_boundary:u_boundary|meta_sync2 ; packer_ppa_boundary:u_boundary|d[14]         ; clk          ; clk         ; 10.000       ; -0.055     ; 2.349      ;
; 7.583 ; packer_ppa_boundary:u_boundary|meta_sync2 ; packer_ppa_boundary:u_boundary|d[15]         ; clk          ; clk         ; 10.000       ; -0.058     ; 2.346      ;
; 7.583 ; packer_ppa_boundary:u_boundary|meta_sync2 ; packer_ppa_boundary:u_boundary|d[16]         ; clk          ; clk         ; 10.000       ; -0.055     ; 2.349      ;
; 7.583 ; packer_ppa_boundary:u_boundary|meta_sync2 ; packer_ppa_boundary:u_boundary|d[17]         ; clk          ; clk         ; 10.000       ; -0.052     ; 2.352      ;
; 7.583 ; packer_ppa_boundary:u_boundary|meta_sync2 ; packer_ppa_boundary:u_boundary|d[18]         ; clk          ; clk         ; 10.000       ; -0.058     ; 2.346      ;
; 7.583 ; packer_ppa_boundary:u_boundary|meta_sync2 ; packer_ppa_boundary:u_boundary|d[22]         ; clk          ; clk         ; 10.000       ; -0.055     ; 2.349      ;
; 7.583 ; packer_ppa_boundary:u_boundary|meta_sync2 ; packer_ppa_boundary:u_boundary|d[25]         ; clk          ; clk         ; 10.000       ; -0.052     ; 2.352      ;
; 7.583 ; packer_ppa_boundary:u_boundary|meta_sync2 ; packer_ppa_boundary:u_boundary|d[26]         ; clk          ; clk         ; 10.000       ; -0.052     ; 2.352      ;
; 7.583 ; packer_ppa_boundary:u_boundary|meta_sync2 ; packer_ppa_boundary:u_boundary|d[28]         ; clk          ; clk         ; 10.000       ; -0.055     ; 2.349      ;
; 7.583 ; packer_ppa_boundary:u_boundary|meta_sync2 ; packer_ppa_boundary:u_boundary|d[29]         ; clk          ; clk         ; 10.000       ; -0.058     ; 2.346      ;
; 7.592 ; packer_ppa_boundary:u_boundary|meta_sync2 ; packer_ppa_boundary:u_boundary|sf_q[3]       ; clk          ; clk         ; 10.000       ; -0.037     ; 2.358      ;
; 7.592 ; packer_ppa_boundary:u_boundary|meta_sync2 ; packer_ppa_boundary:u_boundary|frac_q[49]    ; clk          ; clk         ; 10.000       ; -0.037     ; 2.358      ;
; 7.592 ; packer_ppa_boundary:u_boundary|meta_sync2 ; packer_ppa_boundary:u_boundary|frac_q[48]    ; clk          ; clk         ; 10.000       ; -0.037     ; 2.358      ;
; 7.592 ; packer_ppa_boundary:u_boundary|meta_sync2 ; packer_ppa_boundary:u_boundary|frac_q[44]    ; clk          ; clk         ; 10.000       ; -0.037     ; 2.358      ;
; 7.592 ; packer_ppa_boundary:u_boundary|meta_sync2 ; packer_ppa_boundary:u_boundary|frac_q[46]    ; clk          ; clk         ; 10.000       ; -0.036     ; 2.359      ;
; 7.592 ; packer_ppa_boundary:u_boundary|meta_sync2 ; packer_ppa_boundary:u_boundary|frac_q[45]    ; clk          ; clk         ; 10.000       ; -0.037     ; 2.358      ;
; 7.592 ; packer_ppa_boundary:u_boundary|meta_sync2 ; packer_ppa_boundary:u_boundary|frac_q[47]    ; clk          ; clk         ; 10.000       ; -0.037     ; 2.358      ;
; 7.592 ; packer_ppa_boundary:u_boundary|meta_sync2 ; packer_ppa_boundary:u_boundary|sf_q[0]       ; clk          ; clk         ; 10.000       ; -0.037     ; 2.358      ;
; 7.592 ; packer_ppa_boundary:u_boundary|meta_sync2 ; packer_ppa_boundary:u_boundary|frac_q[53]    ; clk          ; clk         ; 10.000       ; -0.037     ; 2.358      ;
; 7.592 ; packer_ppa_boundary:u_boundary|meta_sync2 ; packer_ppa_boundary:u_boundary|sf_q[1]       ; clk          ; clk         ; 10.000       ; -0.037     ; 2.358      ;
; 7.592 ; packer_ppa_boundary:u_boundary|meta_sync2 ; packer_ppa_boundary:u_boundary|frac_q[30]    ; clk          ; clk         ; 10.000       ; -0.037     ; 2.358      ;
; 7.592 ; packer_ppa_boundary:u_boundary|meta_sync2 ; packer_ppa_boundary:u_boundary|frac_q[28]    ; clk          ; clk         ; 10.000       ; -0.037     ; 2.358      ;
; 7.592 ; packer_ppa_boundary:u_boundary|meta_sync2 ; packer_ppa_boundary:u_boundary|frac_q[29]    ; clk          ; clk         ; 10.000       ; -0.037     ; 2.358      ;
; 7.592 ; packer_ppa_boundary:u_boundary|meta_sync2 ; packer_ppa_boundary:u_boundary|frac_q[31]    ; clk          ; clk         ; 10.000       ; -0.039     ; 2.356      ;
; 7.592 ; packer_ppa_boundary:u_boundary|meta_sync2 ; packer_ppa_boundary:u_boundary|frac_q[32]    ; clk          ; clk         ; 10.000       ; -0.039     ; 2.356      ;
; 7.592 ; packer_ppa_boundary:u_boundary|meta_sync2 ; packer_ppa_boundary:u_boundary|frac_q[34]    ; clk          ; clk         ; 10.000       ; -0.036     ; 2.359      ;
; 7.592 ; packer_ppa_boundary:u_boundary|meta_sync2 ; packer_ppa_boundary:u_boundary|frac_q[35]    ; clk          ; clk         ; 10.000       ; -0.036     ; 2.359      ;
; 7.592 ; packer_ppa_boundary:u_boundary|meta_sync2 ; packer_ppa_boundary:u_boundary|frac_q[33]    ; clk          ; clk         ; 10.000       ; -0.036     ; 2.359      ;
; 7.592 ; packer_ppa_boundary:u_boundary|meta_sync2 ; packer_ppa_boundary:u_boundary|frac_q[37]    ; clk          ; clk         ; 10.000       ; -0.036     ; 2.359      ;
; 7.592 ; packer_ppa_boundary:u_boundary|meta_sync2 ; packer_ppa_boundary:u_boundary|frac_q[36]    ; clk          ; clk         ; 10.000       ; -0.036     ; 2.359      ;
; 7.592 ; packer_ppa_boundary:u_boundary|meta_sync2 ; packer_ppa_boundary:u_boundary|frac_q[38]    ; clk          ; clk         ; 10.000       ; -0.036     ; 2.359      ;
; 7.592 ; packer_ppa_boundary:u_boundary|meta_sync2 ; packer_ppa_boundary:u_boundary|frac_q[40]    ; clk          ; clk         ; 10.000       ; -0.036     ; 2.359      ;
; 7.592 ; packer_ppa_boundary:u_boundary|meta_sync2 ; packer_ppa_boundary:u_boundary|frac_q[42]    ; clk          ; clk         ; 10.000       ; -0.037     ; 2.358      ;
; 7.592 ; packer_ppa_boundary:u_boundary|meta_sync2 ; packer_ppa_boundary:u_boundary|frac_q[41]    ; clk          ; clk         ; 10.000       ; -0.037     ; 2.358      ;
; 7.592 ; packer_ppa_boundary:u_boundary|meta_sync2 ; packer_ppa_boundary:u_boundary|frac_q[43]    ; clk          ; clk         ; 10.000       ; -0.037     ; 2.358      ;
; 7.592 ; packer_ppa_boundary:u_boundary|meta_sync2 ; packer_ppa_boundary:u_boundary|d[23]         ; clk          ; clk         ; 10.000       ; -0.041     ; 2.354      ;
; 7.592 ; packer_ppa_boundary:u_boundary|meta_sync2 ; packer_ppa_boundary:u_boundary|d[27]         ; clk          ; clk         ; 10.000       ; -0.041     ; 2.354      ;
; 7.592 ; packer_ppa_boundary:u_boundary|meta_sync2 ; packer_ppa_boundary:u_boundary|d[30]         ; clk          ; clk         ; 10.000       ; -0.041     ; 2.354      ;
; 7.592 ; packer_ppa_boundary:u_boundary|meta_sync2 ; packer_ppa_boundary:u_boundary|flags_in_q[0] ; clk          ; clk         ; 10.000       ; -0.041     ; 2.354      ;
; 7.592 ; packer_ppa_boundary:u_boundary|meta_sync2 ; posit_pack:u_packer|g_trunc.flags_q[0]       ; clk          ; clk         ; 10.000       ; -0.041     ; 2.354      ;
; 7.592 ; packer_ppa_boundary:u_boundary|meta_sync2 ; packer_ppa_boundary:u_boundary|frac_q[19]    ; clk          ; clk         ; 10.000       ; -0.036     ; 2.359      ;
; 7.592 ; packer_ppa_boundary:u_boundary|meta_sync2 ; packer_ppa_boundary:u_boundary|frac_q[21]    ; clk          ; clk         ; 10.000       ; -0.037     ; 2.358      ;
; 7.592 ; packer_ppa_boundary:u_boundary|meta_sync2 ; packer_ppa_boundary:u_boundary|frac_q[22]    ; clk          ; clk         ; 10.000       ; -0.037     ; 2.358      ;
; 7.592 ; packer_ppa_boundary:u_boundary|meta_sync2 ; packer_ppa_boundary:u_boundary|frac_q[20]    ; clk          ; clk         ; 10.000       ; -0.036     ; 2.359      ;
; 7.592 ; packer_ppa_boundary:u_boundary|meta_sync2 ; packer_ppa_boundary:u_boundary|frac_q[27]    ; clk          ; clk         ; 10.000       ; -0.037     ; 2.358      ;
; 7.592 ; packer_ppa_boundary:u_boundary|meta_sync2 ; packer_ppa_boundary:u_boundary|frac_q[26]    ; clk          ; clk         ; 10.000       ; -0.037     ; 2.358      ;
; 7.592 ; packer_ppa_boundary:u_boundary|meta_sync2 ; packer_ppa_boundary:u_boundary|frac_q[24]    ; clk          ; clk         ; 10.000       ; -0.037     ; 2.358      ;
; 7.592 ; packer_ppa_boundary:u_boundary|meta_sync2 ; packer_ppa_boundary:u_boundary|frac_q[25]    ; clk          ; clk         ; 10.000       ; -0.037     ; 2.358      ;
; 7.592 ; packer_ppa_boundary:u_boundary|meta_sync2 ; packer_ppa_boundary:u_boundary|frac_q[23]    ; clk          ; clk         ; 10.000       ; -0.037     ; 2.358      ;
; 7.592 ; packer_ppa_boundary:u_boundary|meta_sync2 ; packer_ppa_boundary:u_boundary|frac_q[5]     ; clk          ; clk         ; 10.000       ; -0.038     ; 2.357      ;
; 7.592 ; packer_ppa_boundary:u_boundary|meta_sync2 ; packer_ppa_boundary:u_boundary|frac_q[6]     ; clk          ; clk         ; 10.000       ; -0.038     ; 2.357      ;
; 7.592 ; packer_ppa_boundary:u_boundary|meta_sync2 ; packer_ppa_boundary:u_boundary|frac_q[3]     ; clk          ; clk         ; 10.000       ; -0.038     ; 2.357      ;
; 7.592 ; packer_ppa_boundary:u_boundary|meta_sync2 ; packer_ppa_boundary:u_boundary|frac_q[4]     ; clk          ; clk         ; 10.000       ; -0.038     ; 2.357      ;
; 7.592 ; packer_ppa_boundary:u_boundary|meta_sync2 ; packer_ppa_boundary:u_boundary|frac_q[15]    ; clk          ; clk         ; 10.000       ; -0.036     ; 2.359      ;
; 7.592 ; packer_ppa_boundary:u_boundary|meta_sync2 ; packer_ppa_boundary:u_boundary|frac_q[17]    ; clk          ; clk         ; 10.000       ; -0.036     ; 2.359      ;
; 7.592 ; packer_ppa_boundary:u_boundary|meta_sync2 ; packer_ppa_boundary:u_boundary|frac_q[18]    ; clk          ; clk         ; 10.000       ; -0.036     ; 2.359      ;
; 7.592 ; packer_ppa_boundary:u_boundary|meta_sync2 ; packer_ppa_boundary:u_boundary|frac_q[16]    ; clk          ; clk         ; 10.000       ; -0.036     ; 2.359      ;
; 7.592 ; packer_ppa_boundary:u_boundary|meta_sync2 ; packer_ppa_boundary:u_boundary|frac_q[12]    ; clk          ; clk         ; 10.000       ; -0.037     ; 2.358      ;
; 7.592 ; packer_ppa_boundary:u_boundary|meta_sync2 ; packer_ppa_boundary:u_boundary|frac_q[14]    ; clk          ; clk         ; 10.000       ; -0.036     ; 2.359      ;
; 7.592 ; packer_ppa_boundary:u_boundary|meta_sync2 ; packer_ppa_boundary:u_boundary|frac_q[13]    ; clk          ; clk         ; 10.000       ; -0.037     ; 2.358      ;
; 7.592 ; packer_ppa_boundary:u_boundary|meta_sync2 ; packer_ppa_boundary:u_boundary|frac_q[11]    ; clk          ; clk         ; 10.000       ; -0.037     ; 2.358      ;
; 7.592 ; packer_ppa_boundary:u_boundary|meta_sync2 ; packer_ppa_boundary:u_boundary|frac_q[9]     ; clk          ; clk         ; 10.000       ; -0.037     ; 2.358      ;
; 7.592 ; packer_ppa_boundary:u_boundary|meta_sync2 ; packer_ppa_boundary:u_boundary|sticky_q      ; clk          ; clk         ; 10.000       ; -0.038     ; 2.357      ;
; 7.592 ; packer_ppa_boundary:u_boundary|meta_sync2 ; packer_ppa_boundary:u_boundary|frac_q[1]     ; clk          ; clk         ; 10.000       ; -0.038     ; 2.357      ;
; 7.592 ; packer_ppa_boundary:u_boundary|meta_sync2 ; packer_ppa_boundary:u_boundary|frac_q[2]     ; clk          ; clk         ; 10.000       ; -0.037     ; 2.358      ;
; 7.592 ; packer_ppa_boundary:u_boundary|meta_sync2 ; packer_ppa_boundary:u_boundary|frac_q[0]     ; clk          ; clk         ; 10.000       ; -0.037     ; 2.358      ;
; 7.592 ; packer_ppa_boundary:u_boundary|meta_sync2 ; packer_ppa_boundary:u_boundary|flags[1]      ; clk          ; clk         ; 10.000       ; -0.037     ; 2.358      ;
; 7.592 ; packer_ppa_boundary:u_boundary|meta_sync2 ; packer_ppa_boundary:u_boundary|flags[3]      ; clk          ; clk         ; 10.000       ; -0.042     ; 2.353      ;
; 7.592 ; packer_ppa_boundary:u_boundary|meta_sync2 ; packer_ppa_boundary:u_boundary|flags[4]      ; clk          ; clk         ; 10.000       ; -0.036     ; 2.359      ;
; 7.593 ; packer_ppa_boundary:u_boundary|meta_sync2 ; packer_ppa_boundary:u_boundary|sf_q[5]       ; clk          ; clk         ; 10.000       ; -0.036     ; 2.358      ;
; 7.593 ; packer_ppa_boundary:u_boundary|meta_sync2 ; packer_ppa_boundary:u_boundary|sf_q[6]       ; clk          ; clk         ; 10.000       ; -0.036     ; 2.358      ;
; 7.593 ; packer_ppa_boundary:u_boundary|meta_sync2 ; packer_ppa_boundary:u_boundary|sf_q[4]       ; clk          ; clk         ; 10.000       ; -0.036     ; 2.358      ;
; 7.593 ; packer_ppa_boundary:u_boundary|meta_sync2 ; packer_ppa_boundary:u_boundary|sf_q[9]       ; clk          ; clk         ; 10.000       ; -0.036     ; 2.358      ;
; 7.593 ; packer_ppa_boundary:u_boundary|meta_sync2 ; packer_ppa_boundary:u_boundary|sf_q[7]       ; clk          ; clk         ; 10.000       ; -0.036     ; 2.358      ;
; 7.593 ; packer_ppa_boundary:u_boundary|meta_sync2 ; packer_ppa_boundary:u_boundary|sf_q[8]       ; clk          ; clk         ; 10.000       ; -0.036     ; 2.358      ;
; 7.593 ; packer_ppa_boundary:u_boundary|meta_sync2 ; packer_ppa_boundary:u_boundary|is_zero_q     ; clk          ; clk         ; 10.000       ; -0.036     ; 2.358      ;
; 7.593 ; packer_ppa_boundary:u_boundary|meta_sync2 ; packer_ppa_boundary:u_boundary|flags_in_q[4] ; clk          ; clk         ; 10.000       ; -0.036     ; 2.358      ;
; 7.593 ; packer_ppa_boundary:u_boundary|meta_sync2 ; packer_ppa_boundary:u_boundary|is_nar_q      ; clk          ; clk         ; 10.000       ; -0.036     ; 2.358      ;
; 7.593 ; packer_ppa_boundary:u_boundary|meta_sync2 ; packer_ppa_boundary:u_boundary|frac_q[51]    ; clk          ; clk         ; 10.000       ; -0.036     ; 2.358      ;
+-------+-------------------------------------------+----------------------------------------------+--------------+-------------+--------------+------------+------------+


+------------------------------------------------------------------------------------------------------------------------------------------------------------------------+
; Fast 1200mV 0C Model Removal: 'clk'                                                                                                                                    ;
+-------+-------------------------------------------+----------------------------------------------+--------------+-------------+--------------+------------+------------+
; Slack ; From Node                                 ; To Node                                      ; Launch Clock ; Latch Clock ; Relationship ; Clock Skew ; Data Delay ;
+-------+-------------------------------------------+----------------------------------------------+--------------+-------------+--------------+------------+------------+
; 1.758 ; packer_ppa_boundary:u_boundary|meta_sync2 ; posit_pack:u_packer|g_trunc.d_q[15]          ; clk          ; clk         ; 0.000        ; 0.245      ; 2.087      ;
; 1.758 ; packer_ppa_boundary:u_boundary|meta_sync2 ; posit_pack:u_packer|g_trunc.d_q[16]          ; clk          ; clk         ; 0.000        ; 0.245      ; 2.087      ;
; 1.758 ; packer_ppa_boundary:u_boundary|meta_sync2 ; posit_pack:u_packer|g_trunc.d_q[17]          ; clk          ; clk         ; 0.000        ; 0.245      ; 2.087      ;
; 1.758 ; packer_ppa_boundary:u_boundary|meta_sync2 ; posit_pack:u_packer|g_trunc.d_q[18]          ; clk          ; clk         ; 0.000        ; 0.245      ; 2.087      ;
; 1.758 ; packer_ppa_boundary:u_boundary|meta_sync2 ; posit_pack:u_packer|g_trunc.d_q[29]          ; clk          ; clk         ; 0.000        ; 0.245      ; 2.087      ;
; 1.766 ; packer_ppa_boundary:u_boundary|meta_sync2 ; posit_pack:u_packer|g_trunc.d_q[0]           ; clk          ; clk         ; 0.000        ; 0.242      ; 2.092      ;
; 1.766 ; packer_ppa_boundary:u_boundary|meta_sync2 ; posit_pack:u_packer|g_trunc.d_q[20]          ; clk          ; clk         ; 0.000        ; 0.242      ; 2.092      ;
; 1.766 ; packer_ppa_boundary:u_boundary|meta_sync2 ; posit_pack:u_packer|g_trunc.d_q[22]          ; clk          ; clk         ; 0.000        ; 0.242      ; 2.092      ;
; 1.766 ; packer_ppa_boundary:u_boundary|meta_sync2 ; posit_pack:u_packer|g_trunc.d_q[24]          ; clk          ; clk         ; 0.000        ; 0.242      ; 2.092      ;
; 1.766 ; packer_ppa_boundary:u_boundary|meta_sync2 ; posit_pack:u_packer|g_trunc.d_q[26]          ; clk          ; clk         ; 0.000        ; 0.242      ; 2.092      ;
; 1.766 ; packer_ppa_boundary:u_boundary|meta_sync2 ; posit_pack:u_packer|g_trunc.d_q[28]          ; clk          ; clk         ; 0.000        ; 0.242      ; 2.092      ;
; 1.767 ; packer_ppa_boundary:u_boundary|meta_sync2 ; posit_pack:u_packer|g_trunc.d_q[2]           ; clk          ; clk         ; 0.000        ; 0.240      ; 2.091      ;
; 1.767 ; packer_ppa_boundary:u_boundary|meta_sync2 ; posit_pack:u_packer|g_trunc.d_q[23]          ; clk          ; clk         ; 0.000        ; 0.240      ; 2.091      ;
; 1.767 ; packer_ppa_boundary:u_boundary|meta_sync2 ; posit_pack:u_packer|g_trunc.d_q[27]          ; clk          ; clk         ; 0.000        ; 0.240      ; 2.091      ;
; 1.767 ; packer_ppa_boundary:u_boundary|meta_sync2 ; posit_pack:u_packer|g_trunc.d_q[30]          ; clk          ; clk         ; 0.000        ; 0.240      ; 2.091      ;
; 1.767 ; packer_ppa_boundary:u_boundary|meta_sync2 ; posit_pack:u_packer|g_trunc.flags_q[4]       ; clk          ; clk         ; 0.000        ; 0.245      ; 2.096      ;
; 1.769 ; packer_ppa_boundary:u_boundary|meta_sync2 ; posit_pack:u_packer|g_trunc.d_q[1]           ; clk          ; clk         ; 0.000        ; 0.235      ; 2.088      ;
; 1.769 ; packer_ppa_boundary:u_boundary|meta_sync2 ; posit_pack:u_packer|g_trunc.d_q[3]           ; clk          ; clk         ; 0.000        ; 0.235      ; 2.088      ;
; 1.769 ; packer_ppa_boundary:u_boundary|meta_sync2 ; posit_pack:u_packer|g_trunc.d_q[4]           ; clk          ; clk         ; 0.000        ; 0.232      ; 2.085      ;
; 1.769 ; packer_ppa_boundary:u_boundary|meta_sync2 ; posit_pack:u_packer|g_trunc.d_q[5]           ; clk          ; clk         ; 0.000        ; 0.235      ; 2.088      ;
; 1.769 ; packer_ppa_boundary:u_boundary|meta_sync2 ; posit_pack:u_packer|g_trunc.d_q[8]           ; clk          ; clk         ; 0.000        ; 0.232      ; 2.085      ;
; 1.769 ; packer_ppa_boundary:u_boundary|meta_sync2 ; posit_pack:u_packer|g_trunc.d_q[9]           ; clk          ; clk         ; 0.000        ; 0.232      ; 2.085      ;
; 1.769 ; packer_ppa_boundary:u_boundary|meta_sync2 ; posit_pack:u_packer|g_trunc.d_q[10]          ; clk          ; clk         ; 0.000        ; 0.235      ; 2.088      ;
; 1.769 ; packer_ppa_boundary:u_boundary|meta_sync2 ; posit_pack:u_packer|g_trunc.d_q[11]          ; clk          ; clk         ; 0.000        ; 0.235      ; 2.088      ;
; 1.769 ; packer_ppa_boundary:u_boundary|meta_sync2 ; posit_pack:u_packer|g_trunc.d_q[12]          ; clk          ; clk         ; 0.000        ; 0.235      ; 2.088      ;
; 1.769 ; packer_ppa_boundary:u_boundary|meta_sync2 ; posit_pack:u_packer|g_trunc.d_q[13]          ; clk          ; clk         ; 0.000        ; 0.235      ; 2.088      ;
; 1.769 ; packer_ppa_boundary:u_boundary|meta_sync2 ; posit_pack:u_packer|g_trunc.d_q[14]          ; clk          ; clk         ; 0.000        ; 0.235      ; 2.088      ;
; 1.769 ; packer_ppa_boundary:u_boundary|meta_sync2 ; posit_pack:u_packer|g_trunc.d_q[19]          ; clk          ; clk         ; 0.000        ; 0.235      ; 2.088      ;
; 1.769 ; packer_ppa_boundary:u_boundary|meta_sync2 ; posit_pack:u_packer|g_trunc.d_q[21]          ; clk          ; clk         ; 0.000        ; 0.232      ; 2.085      ;
; 1.769 ; packer_ppa_boundary:u_boundary|meta_sync2 ; posit_pack:u_packer|g_trunc.d_q[25]          ; clk          ; clk         ; 0.000        ; 0.235      ; 2.088      ;
; 1.965 ; packer_ppa_boundary:u_boundary|meta_sync2 ; packer_ppa_boundary:u_boundary|d[13]         ; clk          ; clk         ; 0.000        ; 0.037      ; 2.086      ;
; 1.965 ; packer_ppa_boundary:u_boundary|meta_sync2 ; packer_ppa_boundary:u_boundary|d[14]         ; clk          ; clk         ; 0.000        ; 0.037      ; 2.086      ;
; 1.965 ; packer_ppa_boundary:u_boundary|meta_sync2 ; packer_ppa_boundary:u_boundary|d[16]         ; clk          ; clk         ; 0.000        ; 0.037      ; 2.086      ;
; 1.966 ; packer_ppa_boundary:u_boundary|meta_sync2 ; posit_pack:u_packer|g_trunc.valid_q          ; clk          ; clk         ; 0.000        ; 0.052      ; 2.102      ;
; 1.966 ; packer_ppa_boundary:u_boundary|meta_sync2 ; packer_ppa_boundary:u_boundary|out_valid     ; clk          ; clk         ; 0.000        ; 0.052      ; 2.102      ;
; 1.966 ; packer_ppa_boundary:u_boundary|meta_sync2 ; packer_ppa_boundary:u_boundary|d[1]          ; clk          ; clk         ; 0.000        ; 0.038      ; 2.088      ;
; 1.966 ; packer_ppa_boundary:u_boundary|meta_sync2 ; packer_ppa_boundary:u_boundary|d[3]          ; clk          ; clk         ; 0.000        ; 0.040      ; 2.090      ;
; 1.966 ; packer_ppa_boundary:u_boundary|meta_sync2 ; packer_ppa_boundary:u_boundary|d[4]          ; clk          ; clk         ; 0.000        ; 0.040      ; 2.090      ;
; 1.966 ; packer_ppa_boundary:u_boundary|meta_sync2 ; packer_ppa_boundary:u_boundary|d[5]          ; clk          ; clk         ; 0.000        ; 0.040      ; 2.090      ;
; 1.966 ; packer_ppa_boundary:u_boundary|meta_sync2 ; posit_pack:u_packer|g_trunc.d_q[6]           ; clk          ; clk         ; 0.000        ; 0.035      ; 2.085      ;
; 1.966 ; packer_ppa_boundary:u_boundary|meta_sync2 ; packer_ppa_boundary:u_boundary|d[6]          ; clk          ; clk         ; 0.000        ; 0.040      ; 2.090      ;
; 1.966 ; packer_ppa_boundary:u_boundary|meta_sync2 ; posit_pack:u_packer|g_trunc.d_q[7]           ; clk          ; clk         ; 0.000        ; 0.038      ; 2.088      ;
; 1.966 ; packer_ppa_boundary:u_boundary|meta_sync2 ; packer_ppa_boundary:u_boundary|d[7]          ; clk          ; clk         ; 0.000        ; 0.034      ; 2.084      ;
; 1.966 ; packer_ppa_boundary:u_boundary|meta_sync2 ; packer_ppa_boundary:u_boundary|d[8]          ; clk          ; clk         ; 0.000        ; 0.040      ; 2.090      ;
; 1.966 ; packer_ppa_boundary:u_boundary|meta_sync2 ; packer_ppa_boundary:u_boundary|d[9]          ; clk          ; clk         ; 0.000        ; 0.035      ; 2.085      ;
; 1.966 ; packer_ppa_boundary:u_boundary|meta_sync2 ; packer_ppa_boundary:u_boundary|d[10]         ; clk          ; clk         ; 0.000        ; 0.035      ; 2.085      ;
; 1.966 ; packer_ppa_boundary:u_boundary|meta_sync2 ; packer_ppa_boundary:u_boundary|d[11]         ; clk          ; clk         ; 0.000        ; 0.035      ; 2.085      ;
; 1.966 ; packer_ppa_boundary:u_boundary|meta_sync2 ; packer_ppa_boundary:u_boundary|d[12]         ; clk          ; clk         ; 0.000        ; 0.035      ; 2.085      ;
; 1.966 ; packer_ppa_boundary:u_boundary|meta_sync2 ; packer_ppa_boundary:u_boundary|d[15]         ; clk          ; clk         ; 0.000        ; 0.034      ; 2.084      ;
; 1.966 ; packer_ppa_boundary:u_boundary|meta_sync2 ; packer_ppa_boundary:u_boundary|d[17]         ; clk          ; clk         ; 0.000        ; 0.039      ; 2.089      ;
; 1.966 ; packer_ppa_boundary:u_boundary|meta_sync2 ; packer_ppa_boundary:u_boundary|d[18]         ; clk          ; clk         ; 0.000        ; 0.034      ; 2.084      ;
; 1.966 ; packer_ppa_boundary:u_boundary|meta_sync2 ; packer_ppa_boundary:u_boundary|d[19]         ; clk          ; clk         ; 0.000        ; 0.035      ; 2.085      ;
; 1.966 ; packer_ppa_boundary:u_boundary|meta_sync2 ; packer_ppa_boundary:u_boundary|d[21]         ; clk          ; clk         ; 0.000        ; 0.035      ; 2.085      ;
; 1.966 ; packer_ppa_boundary:u_boundary|meta_sync2 ; packer_ppa_boundary:u_boundary|d[22]         ; clk          ; clk         ; 0.000        ; 0.036      ; 2.086      ;
; 1.966 ; packer_ppa_boundary:u_boundary|meta_sync2 ; packer_ppa_boundary:u_boundary|d[25]         ; clk          ; clk         ; 0.000        ; 0.040      ; 2.090      ;
; 1.966 ; packer_ppa_boundary:u_boundary|meta_sync2 ; packer_ppa_boundary:u_boundary|d[26]         ; clk          ; clk         ; 0.000        ; 0.039      ; 2.089      ;
; 1.966 ; packer_ppa_boundary:u_boundary|meta_sync2 ; packer_ppa_boundary:u_boundary|d[28]         ; clk          ; clk         ; 0.000        ; 0.036      ; 2.086      ;
; 1.966 ; packer_ppa_boundary:u_boundary|meta_sync2 ; packer_ppa_boundary:u_boundary|d[29]         ; clk          ; clk         ; 0.000        ; 0.034      ; 2.084      ;
; 1.966 ; packer_ppa_boundary:u_boundary|meta_sync2 ; packer_ppa_boundary:u_boundary|frac_q[7]     ; clk          ; clk         ; 0.000        ; 0.039      ; 2.089      ;
; 1.966 ; packer_ppa_boundary:u_boundary|meta_sync2 ; packer_ppa_boundary:u_boundary|frac_q[10]    ; clk          ; clk         ; 0.000        ; 0.039      ; 2.089      ;
; 1.966 ; packer_ppa_boundary:u_boundary|meta_sync2 ; packer_ppa_boundary:u_boundary|frac_q[8]     ; clk          ; clk         ; 0.000        ; 0.039      ; 2.089      ;
; 1.975 ; packer_ppa_boundary:u_boundary|meta_sync2 ; packer_ppa_boundary:u_boundary|sf_q[4]       ; clk          ; clk         ; 0.000        ; 0.036      ; 2.095      ;
; 1.975 ; packer_ppa_boundary:u_boundary|meta_sync2 ; packer_ppa_boundary:u_boundary|sf_q[9]       ; clk          ; clk         ; 0.000        ; 0.036      ; 2.095      ;
; 1.975 ; packer_ppa_boundary:u_boundary|meta_sync2 ; packer_ppa_boundary:u_boundary|frac_q[51]    ; clk          ; clk         ; 0.000        ; 0.036      ; 2.095      ;
; 1.975 ; packer_ppa_boundary:u_boundary|meta_sync2 ; packer_ppa_boundary:u_boundary|sf_q[2]       ; clk          ; clk         ; 0.000        ; 0.036      ; 2.095      ;
; 1.975 ; packer_ppa_boundary:u_boundary|meta_sync2 ; packer_ppa_boundary:u_boundary|frac_q[50]    ; clk          ; clk         ; 0.000        ; 0.036      ; 2.095      ;
; 1.975 ; packer_ppa_boundary:u_boundary|meta_sync2 ; packer_ppa_boundary:u_boundary|frac_q[52]    ; clk          ; clk         ; 0.000        ; 0.036      ; 2.095      ;
; 1.975 ; packer_ppa_boundary:u_boundary|meta_sync2 ; packer_ppa_boundary:u_boundary|frac_q[54]    ; clk          ; clk         ; 0.000        ; 0.036      ; 2.095      ;
; 1.975 ; packer_ppa_boundary:u_boundary|meta_sync2 ; packer_ppa_boundary:u_boundary|frac_q[39]    ; clk          ; clk         ; 0.000        ; 0.034      ; 2.093      ;
; 1.975 ; packer_ppa_boundary:u_boundary|meta_sync2 ; packer_ppa_boundary:u_boundary|sign_q        ; clk          ; clk         ; 0.000        ; 0.033      ; 2.092      ;
; 1.975 ; packer_ppa_boundary:u_boundary|meta_sync2 ; packer_ppa_boundary:u_boundary|d[0]          ; clk          ; clk         ; 0.000        ; 0.033      ; 2.092      ;
; 1.975 ; packer_ppa_boundary:u_boundary|meta_sync2 ; packer_ppa_boundary:u_boundary|d[2]          ; clk          ; clk         ; 0.000        ; 0.030      ; 2.089      ;
; 1.975 ; packer_ppa_boundary:u_boundary|meta_sync2 ; packer_ppa_boundary:u_boundary|d[20]         ; clk          ; clk         ; 0.000        ; 0.033      ; 2.092      ;
; 1.975 ; packer_ppa_boundary:u_boundary|meta_sync2 ; packer_ppa_boundary:u_boundary|d[24]         ; clk          ; clk         ; 0.000        ; 0.031      ; 2.090      ;
; 1.975 ; packer_ppa_boundary:u_boundary|meta_sync2 ; posit_pack:u_packer|g_trunc.d_q[31]          ; clk          ; clk         ; 0.000        ; 0.033      ; 2.092      ;
; 1.975 ; packer_ppa_boundary:u_boundary|meta_sync2 ; packer_ppa_boundary:u_boundary|d[31]         ; clk          ; clk         ; 0.000        ; 0.033      ; 2.092      ;
; 1.975 ; packer_ppa_boundary:u_boundary|meta_sync2 ; packer_ppa_boundary:u_boundary|flags[0]      ; clk          ; clk         ; 0.000        ; 0.031      ; 2.090      ;
; 1.975 ; packer_ppa_boundary:u_boundary|meta_sync2 ; packer_ppa_boundary:u_boundary|frac_q[5]     ; clk          ; clk         ; 0.000        ; 0.035      ; 2.094      ;
; 1.975 ; packer_ppa_boundary:u_boundary|meta_sync2 ; packer_ppa_boundary:u_boundary|frac_q[6]     ; clk          ; clk         ; 0.000        ; 0.035      ; 2.094      ;
; 1.975 ; packer_ppa_boundary:u_boundary|meta_sync2 ; packer_ppa_boundary:u_boundary|frac_q[3]     ; clk          ; clk         ; 0.000        ; 0.035      ; 2.094      ;
; 1.975 ; packer_ppa_boundary:u_boundary|meta_sync2 ; packer_ppa_boundary:u_boundary|frac_q[4]     ; clk          ; clk         ; 0.000        ; 0.035      ; 2.094      ;
; 1.975 ; packer_ppa_boundary:u_boundary|meta_sync2 ; packer_ppa_boundary:u_boundary|flags_in_q[1] ; clk          ; clk         ; 0.000        ; 0.027      ; 2.086      ;
; 1.975 ; packer_ppa_boundary:u_boundary|meta_sync2 ; packer_ppa_boundary:u_boundary|sticky_q      ; clk          ; clk         ; 0.000        ; 0.035      ; 2.094      ;
; 1.975 ; packer_ppa_boundary:u_boundary|meta_sync2 ; packer_ppa_boundary:u_boundary|frac_q[1]     ; clk          ; clk         ; 0.000        ; 0.035      ; 2.094      ;
; 1.976 ; packer_ppa_boundary:u_boundary|meta_sync2 ; packer_ppa_boundary:u_boundary|sf_q[5]       ; clk          ; clk         ; 0.000        ; 0.036      ; 2.096      ;
; 1.976 ; packer_ppa_boundary:u_boundary|meta_sync2 ; packer_ppa_boundary:u_boundary|sf_q[6]       ; clk          ; clk         ; 0.000        ; 0.036      ; 2.096      ;
; 1.976 ; packer_ppa_boundary:u_boundary|meta_sync2 ; packer_ppa_boundary:u_boundary|sf_q[3]       ; clk          ; clk         ; 0.000        ; 0.035      ; 2.095      ;
; 1.976 ; packer_ppa_boundary:u_boundary|meta_sync2 ; packer_ppa_boundary:u_boundary|sf_q[7]       ; clk          ; clk         ; 0.000        ; 0.036      ; 2.096      ;
; 1.976 ; packer_ppa_boundary:u_boundary|meta_sync2 ; packer_ppa_boundary:u_boundary|sf_q[8]       ; clk          ; clk         ; 0.000        ; 0.036      ; 2.096      ;
; 1.976 ; packer_ppa_boundary:u_boundary|meta_sync2 ; packer_ppa_boundary:u_boundary|is_zero_q     ; clk          ; clk         ; 0.000        ; 0.036      ; 2.096      ;
; 1.976 ; packer_ppa_boundary:u_boundary|meta_sync2 ; packer_ppa_boundary:u_boundary|flags_in_q[4] ; clk          ; clk         ; 0.000        ; 0.036      ; 2.096      ;
; 1.976 ; packer_ppa_boundary:u_boundary|meta_sync2 ; packer_ppa_boundary:u_boundary|is_nar_q      ; clk          ; clk         ; 0.000        ; 0.036      ; 2.096      ;
; 1.976 ; packer_ppa_boundary:u_boundary|meta_sync2 ; packer_ppa_boundary:u_boundary|frac_q[49]    ; clk          ; clk         ; 0.000        ; 0.035      ; 2.095      ;
; 1.976 ; packer_ppa_boundary:u_boundary|meta_sync2 ; packer_ppa_boundary:u_boundary|frac_q[48]    ; clk          ; clk         ; 0.000        ; 0.035      ; 2.095      ;
; 1.976 ; packer_ppa_boundary:u_boundary|meta_sync2 ; packer_ppa_boundary:u_boundary|frac_q[44]    ; clk          ; clk         ; 0.000        ; 0.035      ; 2.095      ;
; 1.976 ; packer_ppa_boundary:u_boundary|meta_sync2 ; packer_ppa_boundary:u_boundary|frac_q[46]    ; clk          ; clk         ; 0.000        ; 0.036      ; 2.096      ;
; 1.976 ; packer_ppa_boundary:u_boundary|meta_sync2 ; packer_ppa_boundary:u_boundary|frac_q[45]    ; clk          ; clk         ; 0.000        ; 0.035      ; 2.095      ;
; 1.976 ; packer_ppa_boundary:u_boundary|meta_sync2 ; packer_ppa_boundary:u_boundary|frac_q[47]    ; clk          ; clk         ; 0.000        ; 0.035      ; 2.095      ;
; 1.976 ; packer_ppa_boundary:u_boundary|meta_sync2 ; packer_ppa_boundary:u_boundary|sf_q[0]       ; clk          ; clk         ; 0.000        ; 0.035      ; 2.095      ;
; 1.976 ; packer_ppa_boundary:u_boundary|meta_sync2 ; packer_ppa_boundary:u_boundary|frac_q[53]    ; clk          ; clk         ; 0.000        ; 0.035      ; 2.095      ;
+-------+-------------------------------------------+----------------------------------------------+--------------+-------------+--------------+------------+------------+


+-----------------------------------------------------------------------------------------------------------------------------+
; Fast 1200mV 0C Model Minimum Pulse Width: 'clk'                                                                             ;
+-------+--------------+----------------+-----------------+-------+------------+----------------------------------------------+
; Slack ; Actual Width ; Required Width ; Type            ; Clock ; Clock Edge ; Target                                       ;
+-------+--------------+----------------+-----------------+-------+------------+----------------------------------------------+
; 4.413 ; 4.597        ; 0.184          ; Low Pulse Width ; clk   ; Rise       ; posit_pack:u_packer|g_trunc.d_q[21]          ;
; 4.413 ; 4.597        ; 0.184          ; Low Pulse Width ; clk   ; Rise       ; posit_pack:u_packer|g_trunc.d_q[4]           ;
; 4.413 ; 4.597        ; 0.184          ; Low Pulse Width ; clk   ; Rise       ; posit_pack:u_packer|g_trunc.d_q[8]           ;
; 4.413 ; 4.597        ; 0.184          ; Low Pulse Width ; clk   ; Rise       ; posit_pack:u_packer|g_trunc.d_q[9]           ;
; 4.415 ; 4.599        ; 0.184          ; Low Pulse Width ; clk   ; Rise       ; posit_pack:u_packer|g_trunc.d_q[15]          ;
; 4.415 ; 4.599        ; 0.184          ; Low Pulse Width ; clk   ; Rise       ; posit_pack:u_packer|g_trunc.d_q[16]          ;
; 4.415 ; 4.599        ; 0.184          ; Low Pulse Width ; clk   ; Rise       ; posit_pack:u_packer|g_trunc.d_q[17]          ;
; 4.415 ; 4.599        ; 0.184          ; Low Pulse Width ; clk   ; Rise       ; posit_pack:u_packer|g_trunc.d_q[18]          ;
; 4.415 ; 4.599        ; 0.184          ; Low Pulse Width ; clk   ; Rise       ; posit_pack:u_packer|g_trunc.d_q[29]          ;
; 4.416 ; 4.600        ; 0.184          ; Low Pulse Width ; clk   ; Rise       ; posit_pack:u_packer|g_trunc.d_q[0]           ;
; 4.416 ; 4.600        ; 0.184          ; Low Pulse Width ; clk   ; Rise       ; posit_pack:u_packer|g_trunc.d_q[20]          ;
; 4.416 ; 4.600        ; 0.184          ; Low Pulse Width ; clk   ; Rise       ; posit_pack:u_packer|g_trunc.d_q[22]          ;
; 4.416 ; 4.600        ; 0.184          ; Low Pulse Width ; clk   ; Rise       ; posit_pack:u_packer|g_trunc.d_q[23]          ;
; 4.416 ; 4.600        ; 0.184          ; Low Pulse Width ; clk   ; Rise       ; posit_pack:u_packer|g_trunc.d_q[24]          ;
; 4.416 ; 4.600        ; 0.184          ; Low Pulse Width ; clk   ; Rise       ; posit_pack:u_packer|g_trunc.d_q[26]          ;
; 4.416 ; 4.600        ; 0.184          ; Low Pulse Width ; clk   ; Rise       ; posit_pack:u_packer|g_trunc.d_q[27]          ;
; 4.416 ; 4.600        ; 0.184          ; Low Pulse Width ; clk   ; Rise       ; posit_pack:u_packer|g_trunc.d_q[28]          ;
; 4.416 ; 4.600        ; 0.184          ; Low Pulse Width ; clk   ; Rise       ; posit_pack:u_packer|g_trunc.d_q[2]           ;
; 4.416 ; 4.600        ; 0.184          ; Low Pulse Width ; clk   ; Rise       ; posit_pack:u_packer|g_trunc.d_q[30]          ;
; 4.416 ; 4.600        ; 0.184          ; Low Pulse Width ; clk   ; Rise       ; posit_pack:u_packer|g_trunc.flags_q[4]       ;
; 4.418 ; 4.602        ; 0.184          ; Low Pulse Width ; clk   ; Rise       ; posit_pack:u_packer|g_trunc.d_q[10]          ;
; 4.418 ; 4.602        ; 0.184          ; Low Pulse Width ; clk   ; Rise       ; posit_pack:u_packer|g_trunc.d_q[11]          ;
; 4.418 ; 4.602        ; 0.184          ; Low Pulse Width ; clk   ; Rise       ; posit_pack:u_packer|g_trunc.d_q[12]          ;
; 4.418 ; 4.602        ; 0.184          ; Low Pulse Width ; clk   ; Rise       ; posit_pack:u_packer|g_trunc.d_q[13]          ;
; 4.418 ; 4.602        ; 0.184          ; Low Pulse Width ; clk   ; Rise       ; posit_pack:u_packer|g_trunc.d_q[14]          ;
; 4.418 ; 4.602        ; 0.184          ; Low Pulse Width ; clk   ; Rise       ; posit_pack:u_packer|g_trunc.d_q[19]          ;
; 4.418 ; 4.602        ; 0.184          ; Low Pulse Width ; clk   ; Rise       ; posit_pack:u_packer|g_trunc.d_q[1]           ;
; 4.418 ; 4.602        ; 0.184          ; Low Pulse Width ; clk   ; Rise       ; posit_pack:u_packer|g_trunc.d_q[25]          ;
; 4.418 ; 4.602        ; 0.184          ; Low Pulse Width ; clk   ; Rise       ; posit_pack:u_packer|g_trunc.d_q[3]           ;
; 4.418 ; 4.602        ; 0.184          ; Low Pulse Width ; clk   ; Rise       ; posit_pack:u_packer|g_trunc.d_q[5]           ;
; 4.442 ; 4.626        ; 0.184          ; Low Pulse Width ; clk   ; Rise       ; packer_ppa_boundary:u_boundary|flags[2]      ;
; 4.442 ; 4.626        ; 0.184          ; Low Pulse Width ; clk   ; Rise       ; packer_ppa_boundary:u_boundary|flags_in_q[2] ;
; 4.442 ; 4.626        ; 0.184          ; Low Pulse Width ; clk   ; Rise       ; packer_ppa_boundary:u_boundary|flags_in_q[3] ;
; 4.442 ; 4.626        ; 0.184          ; Low Pulse Width ; clk   ; Rise       ; posit_pack:u_packer|g_trunc.flags_q[1]       ;
; 4.442 ; 4.626        ; 0.184          ; Low Pulse Width ; clk   ; Rise       ; posit_pack:u_packer|g_trunc.flags_q[2]       ;
; 4.442 ; 4.626        ; 0.184          ; Low Pulse Width ; clk   ; Rise       ; posit_pack:u_packer|g_trunc.flags_q[3]       ;
; 4.443 ; 4.627        ; 0.184          ; Low Pulse Width ; clk   ; Rise       ; packer_ppa_boundary:u_boundary|d[0]          ;
; 4.443 ; 4.627        ; 0.184          ; Low Pulse Width ; clk   ; Rise       ; packer_ppa_boundary:u_boundary|d[10]         ;
; 4.443 ; 4.627        ; 0.184          ; Low Pulse Width ; clk   ; Rise       ; packer_ppa_boundary:u_boundary|d[11]         ;
; 4.443 ; 4.627        ; 0.184          ; Low Pulse Width ; clk   ; Rise       ; packer_ppa_boundary:u_boundary|d[12]         ;
; 4.443 ; 4.627        ; 0.184          ; Low Pulse Width ; clk   ; Rise       ; packer_ppa_boundary:u_boundary|d[17]         ;
; 4.443 ; 4.627        ; 0.184          ; Low Pulse Width ; clk   ; Rise       ; packer_ppa_boundary:u_boundary|d[19]         ;
; 4.443 ; 4.627        ; 0.184          ; Low Pulse Width ; clk   ; Rise       ; packer_ppa_boundary:u_boundary|d[21]         ;
; 4.443 ; 4.627        ; 0.184          ; Low Pulse Width ; clk   ; Rise       ; packer_ppa_boundary:u_boundary|d[22]         ;
; 4.443 ; 4.627        ; 0.184          ; Low Pulse Width ; clk   ; Rise       ; packer_ppa_boundary:u_boundary|d[23]         ;
; 4.443 ; 4.627        ; 0.184          ; Low Pulse Width ; clk   ; Rise       ; packer_ppa_boundary:u_boundary|d[24]         ;
; 4.443 ; 4.627        ; 0.184          ; Low Pulse Width ; clk   ; Rise       ; packer_ppa_boundary:u_boundary|d[26]         ;
; 4.443 ; 4.627        ; 0.184          ; Low Pulse Width ; clk   ; Rise       ; packer_ppa_boundary:u_boundary|d[27]         ;
; 4.443 ; 4.627        ; 0.184          ; Low Pulse Width ; clk   ; Rise       ; packer_ppa_boundary:u_boundary|d[28]         ;
; 4.443 ; 4.627        ; 0.184          ; Low Pulse Width ; clk   ; Rise       ; packer_ppa_boundary:u_boundary|d[2]          ;
; 4.443 ; 4.627        ; 0.184          ; Low Pulse Width ; clk   ; Rise       ; packer_ppa_boundary:u_boundary|d[30]         ;
; 4.443 ; 4.627        ; 0.184          ; Low Pulse Width ; clk   ; Rise       ; packer_ppa_boundary:u_boundary|d[31]         ;
; 4.443 ; 4.627        ; 0.184          ; Low Pulse Width ; clk   ; Rise       ; packer_ppa_boundary:u_boundary|d[7]          ;
; 4.443 ; 4.627        ; 0.184          ; Low Pulse Width ; clk   ; Rise       ; packer_ppa_boundary:u_boundary|d[9]          ;
; 4.443 ; 4.627        ; 0.184          ; Low Pulse Width ; clk   ; Rise       ; packer_ppa_boundary:u_boundary|flags[0]      ;
; 4.443 ; 4.627        ; 0.184          ; Low Pulse Width ; clk   ; Rise       ; packer_ppa_boundary:u_boundary|flags[1]      ;
; 4.443 ; 4.627        ; 0.184          ; Low Pulse Width ; clk   ; Rise       ; packer_ppa_boundary:u_boundary|flags[3]      ;
; 4.443 ; 4.627        ; 0.184          ; Low Pulse Width ; clk   ; Rise       ; packer_ppa_boundary:u_boundary|flags_in_q[0] ;
; 4.443 ; 4.627        ; 0.184          ; Low Pulse Width ; clk   ; Rise       ; packer_ppa_boundary:u_boundary|flags_in_q[1] ;
; 4.443 ; 4.627        ; 0.184          ; Low Pulse Width ; clk   ; Rise       ; packer_ppa_boundary:u_boundary|frac_q[0]     ;
; 4.443 ; 4.627        ; 0.184          ; Low Pulse Width ; clk   ; Rise       ; packer_ppa_boundary:u_boundary|frac_q[10]    ;
; 4.443 ; 4.627        ; 0.184          ; Low Pulse Width ; clk   ; Rise       ; packer_ppa_boundary:u_boundary|frac_q[11]    ;
; 4.443 ; 4.627        ; 0.184          ; Low Pulse Width ; clk   ; Rise       ; packer_ppa_boundary:u_boundary|frac_q[12]    ;
; 4.443 ; 4.627        ; 0.184          ; Low Pulse Width ; clk   ; Rise       ; packer_ppa_boundary:u_boundary|frac_q[13]    ;
; 4.443 ; 4.627        ; 0.184          ; Low Pulse Width ; clk   ; Rise       ; packer_ppa_boundary:u_boundary|frac_q[14]    ;
; 4.443 ; 4.627        ; 0.184          ; Low Pulse Width ; clk   ; Rise       ; packer_ppa_boundary:u_boundary|frac_q[15]    ;
; 4.443 ; 4.627        ; 0.184          ; Low Pulse Width ; clk   ; Rise       ; packer_ppa_boundary:u_boundary|frac_q[16]    ;
; 4.443 ; 4.627        ; 0.184          ; Low Pulse Width ; clk   ; Rise       ; packer_ppa_boundary:u_boundary|frac_q[17]    ;
; 4.443 ; 4.627        ; 0.184          ; Low Pulse Width ; clk   ; Rise       ; packer_ppa_boundary:u_boundary|frac_q[18]    ;
; 4.443 ; 4.627        ; 0.184          ; Low Pulse Width ; clk   ; Rise       ; packer_ppa_boundary:u_boundary|frac_q[19]    ;
; 4.443 ; 4.627        ; 0.184          ; Low Pulse Width ; clk   ; Rise       ; packer_ppa_boundary:u_boundary|frac_q[20]    ;
; 4.443 ; 4.627        ; 0.184          ; Low Pulse Width ; clk   ; Rise       ; packer_ppa_boundary:u_boundary|frac_q[21]    ;
; 4.443 ; 4.627        ; 0.184          ; Low Pulse Width ; clk   ; Rise       ; packer_ppa_boundary:u_boundary|frac_q[22]    ;
; 4.443 ; 4.627        ; 0.184          ; Low Pulse Width ; clk   ; Rise       ; packer_ppa_boundary:u_boundary|frac_q[23]    ;
; 4.443 ; 4.627        ; 0.184          ; Low Pulse Width ; clk   ; Rise       ; packer_ppa_boundary:u_boundary|frac_q[24]    ;
; 4.443 ; 4.627        ; 0.184          ; Low Pulse Width ; clk   ; Rise       ; packer_ppa_boundary:u_boundary|frac_q[25]    ;
; 4.443 ; 4.627        ; 0.184          ; Low Pulse Width ; clk   ; Rise       ; packer_ppa_boundary:u_boundary|frac_q[26]    ;
; 4.443 ; 4.627        ; 0.184          ; Low Pulse Width ; clk   ; Rise       ; packer_ppa_boundary:u_boundary|frac_q[27]    ;
; 4.443 ; 4.627        ; 0.184          ; Low Pulse Width ; clk   ; Rise       ; packer_ppa_boundary:u_boundary|frac_q[28]    ;
; 4.443 ; 4.627        ; 0.184          ; Low Pulse Width ; clk   ; Rise       ; packer_ppa_boundary:u_boundary|frac_q[29]    ;
; 4.443 ; 4.627        ; 0.184          ; Low Pulse Width ; clk   ; Rise       ; packer_ppa_boundary:u_boundary|frac_q[2]     ;
; 4.443 ; 4.627        ; 0.184          ; Low Pulse Width ; clk   ; Rise       ; packer_ppa_boundary:u_boundary|frac_q[30]    ;
; 4.443 ; 4.627        ; 0.184          ; Low Pulse Width ; clk   ; Rise       ; packer_ppa_boundary:u_boundary|frac_q[31]    ;
; 4.443 ; 4.627        ; 0.184          ; Low Pulse Width ; clk   ; Rise       ; packer_ppa_boundary:u_boundary|frac_q[32]    ;
; 4.443 ; 4.627        ; 0.184          ; Low Pulse Width ; clk   ; Rise       ; packer_ppa_boundary:u_boundary|frac_q[36]    ;
; 4.443 ; 4.627        ; 0.184          ; Low Pulse Width ; clk   ; Rise       ; packer_ppa_boundary:u_boundary|frac_q[41]    ;
; 4.443 ; 4.627        ; 0.184          ; Low Pulse Width ; clk   ; Rise       ; packer_ppa_boundary:u_boundary|frac_q[42]    ;
; 4.443 ; 4.627        ; 0.184          ; Low Pulse Width ; clk   ; Rise       ; packer_ppa_boundary:u_boundary|frac_q[43]    ;
; 4.443 ; 4.627        ; 0.184          ; Low Pulse Width ; clk   ; Rise       ; packer_ppa_boundary:u_boundary|frac_q[44]    ;
; 4.443 ; 4.627        ; 0.184          ; Low Pulse Width ; clk   ; Rise       ; packer_ppa_boundary:u_boundary|frac_q[45]    ;
; 4.443 ; 4.627        ; 0.184          ; Low Pulse Width ; clk   ; Rise       ; packer_ppa_boundary:u_boundary|frac_q[46]    ;
; 4.443 ; 4.627        ; 0.184          ; Low Pulse Width ; clk   ; Rise       ; packer_ppa_boundary:u_boundary|frac_q[47]    ;
; 4.443 ; 4.627        ; 0.184          ; Low Pulse Width ; clk   ; Rise       ; packer_ppa_boundary:u_boundary|frac_q[48]    ;
; 4.443 ; 4.627        ; 0.184          ; Low Pulse Width ; clk   ; Rise       ; packer_ppa_boundary:u_boundary|frac_q[49]    ;
; 4.443 ; 4.627        ; 0.184          ; Low Pulse Width ; clk   ; Rise       ; packer_ppa_boundary:u_boundary|frac_q[53]    ;
; 4.443 ; 4.627        ; 0.184          ; Low Pulse Width ; clk   ; Rise       ; packer_ppa_boundary:u_boundary|frac_q[7]     ;
; 4.443 ; 4.627        ; 0.184          ; Low Pulse Width ; clk   ; Rise       ; packer_ppa_boundary:u_boundary|frac_q[8]     ;
; 4.443 ; 4.627        ; 0.184          ; Low Pulse Width ; clk   ; Rise       ; packer_ppa_boundary:u_boundary|frac_q[9]     ;
; 4.443 ; 4.627        ; 0.184          ; Low Pulse Width ; clk   ; Rise       ; packer_ppa_boundary:u_boundary|meta_sync1    ;
; 4.443 ; 4.627        ; 0.184          ; Low Pulse Width ; clk   ; Rise       ; packer_ppa_boundary:u_boundary|meta_sync2    ;
+-------+--------------+----------------+-----------------+-------+------------+----------------------------------------------+


+---------------------------------------------------------------------------+
; Setup Times                                                               ;
+--------------+------------+--------+-------+------------+-----------------+
; Data Port    ; Clock Port ; Rise   ; Fall  ; Clock Edge ; Clock Reference ;
+--------------+------------+--------+-------+------------+-----------------+
; flags_in[*]  ; clk        ; 1.297  ; 1.957 ; Rise       ; clk             ;
;  flags_in[0] ; clk        ; 1.105  ; 1.748 ; Rise       ; clk             ;
;  flags_in[1] ; clk        ; 1.120  ; 1.779 ; Rise       ; clk             ;
;  flags_in[2] ; clk        ; 1.054  ; 1.698 ; Rise       ; clk             ;
;  flags_in[3] ; clk        ; 1.145  ; 1.814 ; Rise       ; clk             ;
;  flags_in[4] ; clk        ; 1.297  ; 1.957 ; Rise       ; clk             ;
; frac[*]      ; clk        ; 1.534  ; 2.200 ; Rise       ; clk             ;
;  frac[0]     ; clk        ; 1.353  ; 1.995 ; Rise       ; clk             ;
;  frac[1]     ; clk        ; 1.181  ; 1.825 ; Rise       ; clk             ;
;  frac[2]     ; clk        ; -0.072 ; 0.231 ; Rise       ; clk             ;
;  frac[3]     ; clk        ; 1.152  ; 1.775 ; Rise       ; clk             ;
;  frac[4]     ; clk        ; 1.331  ; 1.981 ; Rise       ; clk             ;
;  frac[5]     ; clk        ; 1.102  ; 1.722 ; Rise       ; clk             ;
;  frac[6]     ; clk        ; 0.021  ; 0.296 ; Rise       ; clk             ;
;  frac[7]     ; clk        ; 1.337  ; 2.008 ; Rise       ; clk             ;
;  frac[8]     ; clk        ; 1.266  ; 1.902 ; Rise       ; clk             ;
;  frac[9]     ; clk        ; 1.352  ; 2.007 ; Rise       ; clk             ;
;  frac[10]    ; clk        ; 1.048  ; 1.680 ; Rise       ; clk             ;
;  frac[11]    ; clk        ; 1.308  ; 1.939 ; Rise       ; clk             ;
;  frac[12]    ; clk        ; 1.216  ; 1.855 ; Rise       ; clk             ;
;  frac[13]    ; clk        ; 1.305  ; 1.932 ; Rise       ; clk             ;
;  frac[14]    ; clk        ; 1.347  ; 2.006 ; Rise       ; clk             ;
;  frac[15]    ; clk        ; 1.339  ; 1.993 ; Rise       ; clk             ;
;  frac[16]    ; clk        ; 1.037  ; 1.661 ; Rise       ; clk             ;
;  frac[17]    ; clk        ; 1.380  ; 2.061 ; Rise       ; clk             ;
;  frac[18]    ; clk        ; 1.204  ; 1.884 ; Rise       ; clk             ;
;  frac[19]    ; clk        ; 1.378  ; 2.042 ; Rise       ; clk             ;
;  frac[20]    ; clk        ; 1.274  ; 1.935 ; Rise       ; clk             ;
;  frac[21]    ; clk        ; 1.323  ; 1.979 ; Rise       ; clk             ;
;  frac[22]    ; clk        ; 1.221  ; 1.888 ; Rise       ; clk             ;
;  frac[23]    ; clk        ; 1.337  ; 2.014 ; Rise       ; clk             ;
;  frac[24]    ; clk        ; 1.463  ; 2.153 ; Rise       ; clk             ;
;  frac[25]    ; clk        ; 0.062  ; 0.322 ; Rise       ; clk             ;
;  frac[26]    ; clk        ; 1.407  ; 2.103 ; Rise       ; clk             ;
;  frac[27]    ; clk        ; 1.024  ; 1.653 ; Rise       ; clk             ;
;  frac[28]    ; clk        ; 1.296  ; 1.962 ; Rise       ; clk             ;
;  frac[29]    ; clk        ; -0.227 ; 0.068 ; Rise       ; clk             ;
;  frac[30]    ; clk        ; 1.220  ; 1.887 ; Rise       ; clk             ;
;  frac[31]    ; clk        ; 0.210  ; 0.444 ; Rise       ; clk             ;
;  frac[32]    ; clk        ; 1.187  ; 1.829 ; Rise       ; clk             ;
;  frac[33]    ; clk        ; 1.366  ; 2.040 ; Rise       ; clk             ;
;  frac[34]    ; clk        ; 1.207  ; 1.833 ; Rise       ; clk             ;
;  frac[35]    ; clk        ; 1.222  ; 1.883 ; Rise       ; clk             ;
;  frac[36]    ; clk        ; 1.049  ; 1.682 ; Rise       ; clk             ;
;  frac[37]    ; clk        ; 1.146  ; 1.780 ; Rise       ; clk             ;
;  frac[38]    ; clk        ; 1.357  ; 2.013 ; Rise       ; clk             ;
;  frac[39]    ; clk        ; 0.999  ; 1.603 ; Rise       ; clk             ;
;  frac[40]    ; clk        ; 1.121  ; 1.744 ; Rise       ; clk             ;
;  frac[41]    ; clk        ; 0.980  ; 1.581 ; Rise       ; clk             ;
;  frac[42]    ; clk        ; 1.349  ; 1.998 ; Rise       ; clk             ;
;  frac[43]    ; clk        ; 1.481  ; 2.156 ; Rise       ; clk             ;
;  frac[44]    ; clk        ; 1.001  ; 1.593 ; Rise       ; clk             ;
;  frac[45]    ; clk        ; 1.534  ; 2.200 ; Rise       ; clk             ;
;  frac[46]    ; clk        ; 1.232  ; 1.877 ; Rise       ; clk             ;
;  frac[47]    ; clk        ; 1.253  ; 1.903 ; Rise       ; clk             ;
;  frac[48]    ; clk        ; 1.285  ; 1.929 ; Rise       ; clk             ;
;  frac[49]    ; clk        ; 1.365  ; 2.017 ; Rise       ; clk             ;
;  frac[50]    ; clk        ; 1.336  ; 2.006 ; Rise       ; clk             ;
;  frac[51]    ; clk        ; 1.391  ; 2.061 ; Rise       ; clk             ;
;  frac[52]    ; clk        ; 1.225  ; 1.859 ; Rise       ; clk             ;
;  frac[53]    ; clk        ; 1.172  ; 1.801 ; Rise       ; clk             ;
;  frac[54]    ; clk        ; 1.332  ; 2.007 ; Rise       ; clk             ;
; is_nar       ; clk        ; 1.309  ; 1.965 ; Rise       ; clk             ;
; is_zero      ; clk        ; 1.474  ; 2.164 ; Rise       ; clk             ;
; sf[*]        ; clk        ; 1.376  ; 2.055 ; Rise       ; clk             ;
;  sf[0]       ; clk        ; 1.121  ; 1.796 ; Rise       ; clk             ;
;  sf[1]       ; clk        ; -0.061 ; 0.218 ; Rise       ; clk             ;
;  sf[2]       ; clk        ; 1.186  ; 1.816 ; Rise       ; clk             ;
;  sf[3]       ; clk        ; 1.167  ; 1.786 ; Rise       ; clk             ;
;  sf[4]       ; clk        ; 1.376  ; 2.055 ; Rise       ; clk             ;
;  sf[5]       ; clk        ; 1.254  ; 1.888 ; Rise       ; clk             ;
;  sf[6]       ; clk        ; 1.258  ; 1.881 ; Rise       ; clk             ;
;  sf[7]       ; clk        ; 1.355  ; 2.013 ; Rise       ; clk             ;
;  sf[8]       ; clk        ; -0.109 ; 0.188 ; Rise       ; clk             ;
;  sf[9]       ; clk        ; 1.222  ; 1.853 ; Rise       ; clk             ;
; sign         ; clk        ; 1.034  ; 1.671 ; Rise       ; clk             ;
; sticky       ; clk        ; 1.388  ; 2.051 ; Rise       ; clk             ;
+--------------+------------+--------+-------+------------+-----------------+


+----------------------------------------------------------------------------+
; Hold Times                                                                 ;
+--------------+------------+--------+--------+------------+-----------------+
; Data Port    ; Clock Port ; Rise   ; Fall   ; Clock Edge ; Clock Reference ;
+--------------+------------+--------+--------+------------+-----------------+
; flags_in[*]  ; clk        ; -0.843 ; -1.477 ; Rise       ; clk             ;
;  flags_in[0] ; clk        ; -0.886 ; -1.512 ; Rise       ; clk             ;
;  flags_in[1] ; clk        ; -0.901 ; -1.541 ; Rise       ; clk             ;
;  flags_in[2] ; clk        ; -0.843 ; -1.477 ; Rise       ; clk             ;
;  flags_in[3] ; clk        ; -0.926 ; -1.576 ; Rise       ; clk             ;
;  flags_in[4] ; clk        ; -1.075 ; -1.724 ; Rise       ; clk             ;
; frac[*]      ; clk        ; 0.385  ; 0.086  ; Rise       ; clk             ;
;  frac[0]     ; clk        ; -1.127 ; -1.760 ; Rise       ; clk             ;
;  frac[1]     ; clk        ; -0.963 ; -1.596 ; Rise       ; clk             ;
;  frac[2]     ; clk        ; 0.236  ; -0.070 ; Rise       ; clk             ;
;  frac[3]     ; clk        ; -0.933 ; -1.548 ; Rise       ; clk             ;
;  frac[4]     ; clk        ; -1.105 ; -1.746 ; Rise       ; clk             ;
;  frac[5]     ; clk        ; -0.887 ; -1.497 ; Rise       ; clk             ;
;  frac[6]     ; clk        ; 0.148  ; -0.132 ; Rise       ; clk             ;
;  frac[7]     ; clk        ; -1.114 ; -1.773 ; Rise       ; clk             ;
;  frac[8]     ; clk        ; -1.038 ; -1.660 ; Rise       ; clk             ;
;  frac[9]     ; clk        ; -1.126 ; -1.771 ; Rise       ; clk             ;
;  frac[10]    ; clk        ; -0.831 ; -1.447 ; Rise       ; clk             ;
;  frac[11]    ; clk        ; -1.084 ; -1.706 ; Rise       ; clk             ;
;  frac[12]    ; clk        ; -0.998 ; -1.625 ; Rise       ; clk             ;
;  frac[13]    ; clk        ; -1.081 ; -1.699 ; Rise       ; clk             ;
;  frac[14]    ; clk        ; -1.121 ; -1.771 ; Rise       ; clk             ;
;  frac[15]    ; clk        ; -1.114 ; -1.758 ; Rise       ; clk             ;
;  frac[16]    ; clk        ; -0.818 ; -1.428 ; Rise       ; clk             ;
;  frac[17]    ; clk        ; -1.155 ; -1.823 ; Rise       ; clk             ;
;  frac[18]    ; clk        ; -0.981 ; -1.642 ; Rise       ; clk             ;
;  frac[19]    ; clk        ; -1.151 ; -1.805 ; Rise       ; clk             ;
;  frac[20]    ; clk        ; -1.046 ; -1.691 ; Rise       ; clk             ;
;  frac[21]    ; clk        ; -1.100 ; -1.745 ; Rise       ; clk             ;
;  frac[22]    ; clk        ; -1.003 ; -1.657 ; Rise       ; clk             ;
;  frac[23]    ; clk        ; -1.113 ; -1.778 ; Rise       ; clk             ;
;  frac[24]    ; clk        ; -1.235 ; -1.912 ; Rise       ; clk             ;
;  frac[25]    ; clk        ; 0.107  ; -0.158 ; Rise       ; clk             ;
;  frac[26]    ; clk        ; -1.181 ; -1.863 ; Rise       ; clk             ;
;  frac[27]    ; clk        ; -0.813 ; -1.432 ; Rise       ; clk             ;
;  frac[28]    ; clk        ; -1.074 ; -1.728 ; Rise       ; clk             ;
;  frac[29]    ; clk        ; 0.385  ; 0.086  ; Rise       ; clk             ;
;  frac[30]    ; clk        ; -1.002 ; -1.656 ; Rise       ; clk             ;
;  frac[31]    ; clk        ; -0.035 ; -0.275 ; Rise       ; clk             ;
;  frac[32]    ; clk        ; -0.970 ; -1.600 ; Rise       ; clk             ;
;  frac[33]    ; clk        ; -1.142 ; -1.803 ; Rise       ; clk             ;
;  frac[34]    ; clk        ; -0.987 ; -1.604 ; Rise       ; clk             ;
;  frac[35]    ; clk        ; -1.003 ; -1.653 ; Rise       ; clk             ;
;  frac[36]    ; clk        ; -0.837 ; -1.459 ; Rise       ; clk             ;
;  frac[37]    ; clk        ; -0.928 ; -1.554 ; Rise       ; clk             ;
;  frac[38]    ; clk        ; -1.131 ; -1.777 ; Rise       ; clk             ;
;  frac[39]    ; clk        ; -0.787 ; -1.384 ; Rise       ; clk             ;
;  frac[40]    ; clk        ; -0.905 ; -1.519 ; Rise       ; clk             ;
;  frac[41]    ; clk        ; -0.771 ; -1.362 ; Rise       ; clk             ;
;  frac[42]    ; clk        ; -1.124 ; -1.762 ; Rise       ; clk             ;
;  frac[43]    ; clk        ; -1.250 ; -1.915 ; Rise       ; clk             ;
;  frac[44]    ; clk        ; -0.789 ; -1.374 ; Rise       ; clk             ;
;  frac[45]    ; clk        ; -1.301 ; -1.957 ; Rise       ; clk             ;
;  frac[46]    ; clk        ; -1.006 ; -1.636 ; Rise       ; clk             ;
;  frac[47]    ; clk        ; -1.033 ; -1.671 ; Rise       ; clk             ;
;  frac[48]    ; clk        ; -1.061 ; -1.697 ; Rise       ; clk             ;
;  frac[49]    ; clk        ; -1.141 ; -1.781 ; Rise       ; clk             ;
;  frac[50]    ; clk        ; -1.112 ; -1.771 ; Rise       ; clk             ;
;  frac[51]    ; clk        ; -1.163 ; -1.823 ; Rise       ; clk             ;
;  frac[52]    ; clk        ; -1.006 ; -1.630 ; Rise       ; clk             ;
;  frac[53]    ; clk        ; -0.954 ; -1.574 ; Rise       ; clk             ;
;  frac[54]    ; clk        ; -1.109 ; -1.772 ; Rise       ; clk             ;
; is_nar       ; clk        ; -1.086 ; -1.731 ; Rise       ; clk             ;
; is_zero      ; clk        ; -1.245 ; -1.922 ; Rise       ; clk             ;
; sf[*]        ; clk        ; 0.271  ; -0.029 ; Rise       ; clk             ;
;  sf[0]       ; clk        ; -0.902 ; -1.557 ; Rise       ; clk             ;
;  sf[1]       ; clk        ; 0.225  ; -0.058 ; Rise       ; clk             ;
;  sf[2]       ; clk        ; -0.967 ; -1.588 ; Rise       ; clk             ;
;  sf[3]       ; clk        ; -0.948 ; -1.560 ; Rise       ; clk             ;
;  sf[4]       ; clk        ; -1.151 ; -1.818 ; Rise       ; clk             ;
;  sf[5]       ; clk        ; -1.034 ; -1.657 ; Rise       ; clk             ;
;  sf[6]       ; clk        ; -1.035 ; -1.650 ; Rise       ; clk             ;
;  sf[7]       ; clk        ; -1.129 ; -1.778 ; Rise       ; clk             ;
;  sf[8]       ; clk        ; 0.271  ; -0.029 ; Rise       ; clk             ;
;  sf[9]       ; clk        ; -1.001 ; -1.624 ; Rise       ; clk             ;
; sign         ; clk        ; -0.822 ; -1.449 ; Rise       ; clk             ;
; sticky       ; clk        ; -1.160 ; -1.813 ; Rise       ; clk             ;
+--------------+------------+--------+--------+------------+-----------------+


+-----------------------------------------------------------------------+
; Clock to Output Times                                                 ;
+-----------+------------+-------+-------+------------+-----------------+
; Data Port ; Clock Port ; Rise  ; Fall  ; Clock Edge ; Clock Reference ;
+-----------+------------+-------+-------+------------+-----------------+
; d[*]      ; clk        ; 4.971 ; 5.185 ; Rise       ; clk             ;
;  d[0]     ; clk        ; 3.743 ; 3.915 ; Rise       ; clk             ;
;  d[1]     ; clk        ; 3.889 ; 4.022 ; Rise       ; clk             ;
;  d[2]     ; clk        ; 3.782 ; 3.922 ; Rise       ; clk             ;
;  d[3]     ; clk        ; 3.907 ; 4.043 ; Rise       ; clk             ;
;  d[4]     ; clk        ; 4.065 ; 4.223 ; Rise       ; clk             ;
;  d[5]     ; clk        ; 3.940 ; 4.105 ; Rise       ; clk             ;
;  d[6]     ; clk        ; 4.124 ; 4.315 ; Rise       ; clk             ;
;  d[7]     ; clk        ; 3.627 ; 3.750 ; Rise       ; clk             ;
;  d[8]     ; clk        ; 4.971 ; 5.185 ; Rise       ; clk             ;
;  d[9]     ; clk        ; 3.595 ; 3.699 ; Rise       ; clk             ;
;  d[10]    ; clk        ; 3.835 ; 3.968 ; Rise       ; clk             ;
;  d[11]    ; clk        ; 3.764 ; 3.885 ; Rise       ; clk             ;
;  d[12]    ; clk        ; 4.354 ; 4.505 ; Rise       ; clk             ;
;  d[13]    ; clk        ; 3.602 ; 3.732 ; Rise       ; clk             ;
;  d[14]    ; clk        ; 3.688 ; 3.819 ; Rise       ; clk             ;
;  d[15]    ; clk        ; 3.667 ; 3.773 ; Rise       ; clk             ;
;  d[16]    ; clk        ; 3.475 ; 3.594 ; Rise       ; clk             ;
;  d[17]    ; clk        ; 4.387 ; 4.597 ; Rise       ; clk             ;
;  d[18]    ; clk        ; 4.743 ; 4.931 ; Rise       ; clk             ;
;  d[19]    ; clk        ; 3.405 ; 3.505 ; Rise       ; clk             ;
;  d[20]    ; clk        ; 3.662 ; 3.759 ; Rise       ; clk             ;
;  d[21]    ; clk        ; 3.951 ; 4.118 ; Rise       ; clk             ;
;  d[22]    ; clk        ; 4.155 ; 4.328 ; Rise       ; clk             ;
;  d[23]    ; clk        ; 4.164 ; 4.336 ; Rise       ; clk             ;
;  d[24]    ; clk        ; 3.662 ; 3.755 ; Rise       ; clk             ;
;  d[25]    ; clk        ; 3.773 ; 3.908 ; Rise       ; clk             ;
;  d[26]    ; clk        ; 3.977 ; 4.132 ; Rise       ; clk             ;
;  d[27]    ; clk        ; 3.952 ; 4.117 ; Rise       ; clk             ;
;  d[28]    ; clk        ; 3.581 ; 3.681 ; Rise       ; clk             ;
;  d[29]    ; clk        ; 3.652 ; 3.764 ; Rise       ; clk             ;
;  d[30]    ; clk        ; 4.111 ; 4.319 ; Rise       ; clk             ;
;  d[31]    ; clk        ; 4.115 ; 4.266 ; Rise       ; clk             ;
; flags[*]  ; clk        ; 4.251 ; 4.451 ; Rise       ; clk             ;
;  flags[0] ; clk        ; 3.559 ; 3.675 ; Rise       ; clk             ;
;  flags[1] ; clk        ; 4.251 ; 4.451 ; Rise       ; clk             ;
;  flags[2] ; clk        ; 3.612 ; 3.718 ; Rise       ; clk             ;
;  flags[3] ; clk        ; 4.197 ; 4.375 ; Rise       ; clk             ;
;  flags[4] ; clk        ; 4.094 ; 4.262 ; Rise       ; clk             ;
; out_valid ; clk        ; 3.205 ; 3.246 ; Rise       ; clk             ;
+-----------+------------+-------+-------+------------+-----------------+


+-----------------------------------------------------------------------+
; Minimum Clock to Output Times                                         ;
+-----------+------------+-------+-------+------------+-----------------+
; Data Port ; Clock Port ; Rise  ; Fall  ; Clock Edge ; Clock Reference ;
+-----------+------------+-------+-------+------------+-----------------+
; d[*]      ; clk        ; 3.294 ; 3.391 ; Rise       ; clk             ;
;  d[0]     ; clk        ; 3.619 ; 3.784 ; Rise       ; clk             ;
;  d[1]     ; clk        ; 3.755 ; 3.883 ; Rise       ; clk             ;
;  d[2]     ; clk        ; 3.653 ; 3.787 ; Rise       ; clk             ;
;  d[3]     ; clk        ; 3.773 ; 3.903 ; Rise       ; clk             ;
;  d[4]     ; clk        ; 3.925 ; 4.077 ; Rise       ; clk             ;
;  d[5]     ; clk        ; 3.804 ; 3.963 ; Rise       ; clk             ;
;  d[6]     ; clk        ; 3.980 ; 4.164 ; Rise       ; clk             ;
;  d[7]     ; clk        ; 3.503 ; 3.621 ; Rise       ; clk             ;
;  d[8]     ; clk        ; 4.831 ; 5.039 ; Rise       ; clk             ;
;  d[9]     ; clk        ; 3.473 ; 3.573 ; Rise       ; clk             ;
;  d[10]    ; clk        ; 3.703 ; 3.831 ; Rise       ; clk             ;
;  d[11]    ; clk        ; 3.635 ; 3.751 ; Rise       ; clk             ;
;  d[12]    ; clk        ; 4.239 ; 4.388 ; Rise       ; clk             ;
;  d[13]    ; clk        ; 3.483 ; 3.608 ; Rise       ; clk             ;
;  d[14]    ; clk        ; 3.565 ; 3.692 ; Rise       ; clk             ;
;  d[15]    ; clk        ; 3.542 ; 3.643 ; Rise       ; clk             ;
;  d[16]    ; clk        ; 3.361 ; 3.476 ; Rise       ; clk             ;
;  d[17]    ; clk        ; 4.234 ; 4.436 ; Rise       ; clk             ;
;  d[18]    ; clk        ; 4.612 ; 4.795 ; Rise       ; clk             ;
;  d[19]    ; clk        ; 3.294 ; 3.391 ; Rise       ; clk             ;
;  d[20]    ; clk        ; 3.538 ; 3.630 ; Rise       ; clk             ;
;  d[21]    ; clk        ; 3.815 ; 3.975 ; Rise       ; clk             ;
;  d[22]    ; clk        ; 4.011 ; 4.177 ; Rise       ; clk             ;
;  d[23]    ; clk        ; 4.019 ; 4.185 ; Rise       ; clk             ;
;  d[24]    ; clk        ; 3.538 ; 3.627 ; Rise       ; clk             ;
;  d[25]    ; clk        ; 3.644 ; 3.773 ; Rise       ; clk             ;
;  d[26]    ; clk        ; 3.841 ; 3.989 ; Rise       ; clk             ;
;  d[27]    ; clk        ; 3.816 ; 3.975 ; Rise       ; clk             ;
;  d[28]    ; clk        ; 3.460 ; 3.557 ; Rise       ; clk             ;
;  d[29]    ; clk        ; 3.527 ; 3.635 ; Rise       ; clk             ;
;  d[30]    ; clk        ; 3.968 ; 4.168 ; Rise       ; clk             ;
;  d[31]    ; clk        ; 3.972 ; 4.117 ; Rise       ; clk             ;
; flags[*]  ; clk        ; 3.442 ; 3.555 ; Rise       ; clk             ;
;  flags[0] ; clk        ; 3.442 ; 3.555 ; Rise       ; clk             ;
;  flags[1] ; clk        ; 4.103 ; 4.295 ; Rise       ; clk             ;
;  flags[2] ; clk        ; 3.493 ; 3.596 ; Rise       ; clk             ;
;  flags[3] ; clk        ; 4.050 ; 4.221 ; Rise       ; clk             ;
;  flags[4] ; clk        ; 3.956 ; 4.118 ; Rise       ; clk             ;
; out_valid ; clk        ; 3.098 ; 3.138 ; Rise       ; clk             ;
+-----------+------------+-------+-------+------------+-----------------+


---------------------------------------------
; Fast 1200mV 0C Model Metastability Report ;
---------------------------------------------
No synchronizer chains to report.


+------------------------------------------------------------------------------+
; Multicorner Timing Analysis Summary                                          ;
+------------------+--------+-------+----------+---------+---------------------+
; Clock            ; Setup  ; Hold  ; Recovery ; Removal ; Minimum Pulse Width ;
+------------------+--------+-------+----------+---------+---------------------+
; Worst-case Slack ; -0.085 ; 0.192 ; 6.041    ; 1.758   ; 4.413               ;
;  clk             ; -0.085 ; 0.192 ; 6.041    ; 1.758   ; 4.413               ;
; Design-wide TNS  ; -0.085 ; 0.0   ; 0.0      ; 0.0     ; 0.0                 ;
;  clk             ; -0.085 ; 0.000 ; 0.000    ; 0.000   ; 0.000               ;
+------------------+--------+-------+----------+---------+---------------------+


+---------------------------------------------------------------------------+
; Setup Times                                                               ;
+--------------+------------+--------+-------+------------+-----------------+
; Data Port    ; Clock Port ; Rise   ; Fall  ; Clock Edge ; Clock Reference ;
+--------------+------------+--------+-------+------------+-----------------+
; flags_in[*]  ; clk        ; 2.281  ; 2.759 ; Rise       ; clk             ;
;  flags_in[0] ; clk        ; 1.916  ; 2.417 ; Rise       ; clk             ;
;  flags_in[1] ; clk        ; 1.972  ; 2.467 ; Rise       ; clk             ;
;  flags_in[2] ; clk        ; 1.859  ; 2.371 ; Rise       ; clk             ;
;  flags_in[3] ; clk        ; 1.997  ; 2.521 ; Rise       ; clk             ;
;  flags_in[4] ; clk        ; 2.281  ; 2.759 ; Rise       ; clk             ;
; frac[*]      ; clk        ; 2.704  ; 3.175 ; Rise       ; clk             ;
;  frac[0]     ; clk        ; 2.392  ; 2.850 ; Rise       ; clk             ;
;  frac[1]     ; clk        ; 2.096  ; 2.573 ; Rise       ; clk             ;
;  frac[2]     ; clk        ; -0.072 ; 0.231 ; Rise       ; clk             ;
;  frac[3]     ; clk        ; 2.077  ; 2.521 ; Rise       ; clk             ;
;  frac[4]     ; clk        ; 2.366  ; 2.847 ; Rise       ; clk             ;
;  frac[5]     ; clk        ; 1.987  ; 2.442 ; Rise       ; clk             ;
;  frac[6]     ; clk        ; 0.026  ; 0.296 ; Rise       ; clk             ;
;  frac[7]     ; clk        ; 2.348  ; 2.881 ; Rise       ; clk             ;
;  frac[8]     ; clk        ; 2.229  ; 2.696 ; Rise       ; clk             ;
;  frac[9]     ; clk        ; 2.392  ; 2.895 ; Rise       ; clk             ;
;  frac[10]    ; clk        ; 1.854  ; 2.332 ; Rise       ; clk             ;
;  frac[11]    ; clk        ; 2.315  ; 2.771 ; Rise       ; clk             ;
;  frac[12]    ; clk        ; 2.174  ; 2.651 ; Rise       ; clk             ;
;  frac[13]    ; clk        ; 2.357  ; 2.778 ; Rise       ; clk             ;
;  frac[14]    ; clk        ; 2.406  ; 2.900 ; Rise       ; clk             ;
;  frac[15]    ; clk        ; 2.389  ; 2.900 ; Rise       ; clk             ;
;  frac[16]    ; clk        ; 1.886  ; 2.309 ; Rise       ; clk             ;
;  frac[17]    ; clk        ; 2.407  ; 2.948 ; Rise       ; clk             ;
;  frac[18]    ; clk        ; 2.058  ; 2.614 ; Rise       ; clk             ;
;  frac[19]    ; clk        ; 2.432  ; 2.938 ; Rise       ; clk             ;
;  frac[20]    ; clk        ; 2.251  ; 2.730 ; Rise       ; clk             ;
;  frac[21]    ; clk        ; 2.341  ; 2.844 ; Rise       ; clk             ;
;  frac[22]    ; clk        ; 2.166  ; 2.690 ; Rise       ; clk             ;
;  frac[23]    ; clk        ; 2.397  ; 2.899 ; Rise       ; clk             ;
;  frac[24]    ; clk        ; 2.608  ; 3.126 ; Rise       ; clk             ;
;  frac[25]    ; clk        ; 0.089  ; 0.322 ; Rise       ; clk             ;
;  frac[26]    ; clk        ; 2.472  ; 3.043 ; Rise       ; clk             ;
;  frac[27]    ; clk        ; 1.817  ; 2.298 ; Rise       ; clk             ;
;  frac[28]    ; clk        ; 2.322  ; 2.813 ; Rise       ; clk             ;
;  frac[29]    ; clk        ; -0.227 ; 0.068 ; Rise       ; clk             ;
;  frac[30]    ; clk        ; 2.138  ; 2.671 ; Rise       ; clk             ;
;  frac[31]    ; clk        ; 0.293  ; 0.444 ; Rise       ; clk             ;
;  frac[32]    ; clk        ; 2.077  ; 2.596 ; Rise       ; clk             ;
;  frac[33]    ; clk        ; 2.385  ; 2.935 ; Rise       ; clk             ;
;  frac[34]    ; clk        ; 2.141  ; 2.600 ; Rise       ; clk             ;
;  frac[35]    ; clk        ; 2.145  ; 2.687 ; Rise       ; clk             ;
;  frac[36]    ; clk        ; 1.824  ; 2.337 ; Rise       ; clk             ;
;  frac[37]    ; clk        ; 2.068  ; 2.534 ; Rise       ; clk             ;
;  frac[38]    ; clk        ; 2.405  ; 2.893 ; Rise       ; clk             ;
;  frac[39]    ; clk        ; 1.820  ; 2.259 ; Rise       ; clk             ;
;  frac[40]    ; clk        ; 2.026  ; 2.495 ; Rise       ; clk             ;
;  frac[41]    ; clk        ; 1.727  ; 2.214 ; Rise       ; clk             ;
;  frac[42]    ; clk        ; 2.432  ; 2.854 ; Rise       ; clk             ;
;  frac[43]    ; clk        ; 2.663  ; 3.162 ; Rise       ; clk             ;
;  frac[44]    ; clk        ; 1.797  ; 2.232 ; Rise       ; clk             ;
;  frac[45]    ; clk        ; 2.704  ; 3.175 ; Rise       ; clk             ;
;  frac[46]    ; clk        ; 2.200  ; 2.653 ; Rise       ; clk             ;
;  frac[47]    ; clk        ; 2.235  ; 2.722 ; Rise       ; clk             ;
;  frac[48]    ; clk        ; 2.284  ; 2.768 ; Rise       ; clk             ;
;  frac[49]    ; clk        ; 2.425  ; 2.912 ; Rise       ; clk             ;
;  frac[50]    ; clk        ; 2.358  ; 2.873 ; Rise       ; clk             ;
;  frac[51]    ; clk        ; 2.469  ; 2.957 ; Rise       ; clk             ;
;  frac[52]    ; clk        ; 2.216  ; 2.674 ; Rise       ; clk             ;
;  frac[53]    ; clk        ; 2.117  ; 2.575 ; Rise       ; clk             ;
;  frac[54]    ; clk        ; 2.366  ; 2.881 ; Rise       ; clk             ;
; is_nar       ; clk        ; 2.326  ; 2.807 ; Rise       ; clk             ;
; is_zero      ; clk        ; 2.620  ; 3.139 ; Rise       ; clk             ;
; sf[*]        ; clk        ; 2.410  ; 2.931 ; Rise       ; clk             ;
;  sf[0]       ; clk        ; 1.968  ; 2.491 ; Rise       ; clk             ;
;  sf[1]       ; clk        ; -0.061 ; 0.218 ; Rise       ; clk             ;
;  sf[2]       ; clk        ; 2.123  ; 2.599 ; Rise       ; clk             ;
;  sf[3]       ; clk        ; 2.080  ; 2.541 ; Rise       ; clk             ;
;  sf[4]       ; clk        ; 2.410  ; 2.931 ; Rise       ; clk             ;
;  sf[5]       ; clk        ; 2.232  ; 2.709 ; Rise       ; clk             ;
;  sf[6]       ; clk        ; 2.275  ; 2.692 ; Rise       ; clk             ;
;  sf[7]       ; clk        ; 2.410  ; 2.905 ; Rise       ; clk             ;
;  sf[8]       ; clk        ; -0.109 ; 0.188 ; Rise       ; clk             ;
;  sf[9]       ; clk        ; 2.141  ; 2.635 ; Rise       ; clk             ;
; sign         ; clk        ; 1.813  ; 2.309 ; Rise       ; clk             ;
; sticky       ; clk        ; 2.442  ; 2.962 ; Rise       ; clk             ;
+--------------+------------+--------+-------+------------+-----------------+


+----------------------------------------------------------------------------+
; Hold Times                                                                 ;
+--------------+------------+--------+--------+------------+-----------------+
; Data Port    ; Clock Port ; Rise   ; Fall   ; Clock Edge ; Clock Reference ;
+--------------+------------+--------+--------+------------+-----------------+
; flags_in[*]  ; clk        ; -0.843 ; -1.477 ; Rise       ; clk             ;
;  flags_in[0] ; clk        ; -0.886 ; -1.512 ; Rise       ; clk             ;
;  flags_in[1] ; clk        ; -0.901 ; -1.541 ; Rise       ; clk             ;
;  flags_in[2] ; clk        ; -0.843 ; -1.477 ; Rise       ; clk             ;
;  flags_in[3] ; clk        ; -0.926 ; -1.576 ; Rise       ; clk             ;
;  flags_in[4] ; clk        ; -1.075 ; -1.724 ; Rise       ; clk             ;
; frac[*]      ; clk        ; 0.672  ; 0.551  ; Rise       ; clk             ;
;  frac[0]     ; clk        ; -1.127 ; -1.760 ; Rise       ; clk             ;
;  frac[1]     ; clk        ; -0.963 ; -1.596 ; Rise       ; clk             ;
;  frac[2]     ; clk        ; 0.410  ; 0.276  ; Rise       ; clk             ;
;  frac[3]     ; clk        ; -0.933 ; -1.548 ; Rise       ; clk             ;
;  frac[4]     ; clk        ; -1.105 ; -1.746 ; Rise       ; clk             ;
;  frac[5]     ; clk        ; -0.887 ; -1.497 ; Rise       ; clk             ;
;  frac[6]     ; clk        ; 0.284  ; 0.180  ; Rise       ; clk             ;
;  frac[7]     ; clk        ; -1.114 ; -1.773 ; Rise       ; clk             ;
;  frac[8]     ; clk        ; -1.038 ; -1.660 ; Rise       ; clk             ;
;  frac[9]     ; clk        ; -1.126 ; -1.771 ; Rise       ; clk             ;
;  frac[10]    ; clk        ; -0.831 ; -1.447 ; Rise       ; clk             ;
;  frac[11]    ; clk        ; -1.084 ; -1.706 ; Rise       ; clk             ;
;  frac[12]    ; clk        ; -0.998 ; -1.625 ; Rise       ; clk             ;
;  frac[13]    ; clk        ; -1.081 ; -1.699 ; Rise       ; clk             ;
;  frac[14]    ; clk        ; -1.121 ; -1.771 ; Rise       ; clk             ;
;  frac[15]    ; clk        ; -1.114 ; -1.758 ; Rise       ; clk             ;
;  frac[16]    ; clk        ; -0.818 ; -1.428 ; Rise       ; clk             ;
;  frac[17]    ; clk        ; -1.155 ; -1.823 ; Rise       ; clk             ;
;  frac[18]    ; clk        ; -0.981 ; -1.642 ; Rise       ; clk             ;
;  frac[19]    ; clk        ; -1.151 ; -1.805 ; Rise       ; clk             ;
;  frac[20]    ; clk        ; -1.046 ; -1.691 ; Rise       ; clk             ;
;  frac[21]    ; clk        ; -1.100 ; -1.745 ; Rise       ; clk             ;
;  frac[22]    ; clk        ; -1.003 ; -1.657 ; Rise       ; clk             ;
;  frac[23]    ; clk        ; -1.113 ; -1.778 ; Rise       ; clk             ;
;  frac[24]    ; clk        ; -1.235 ; -1.912 ; Rise       ; clk             ;
;  frac[25]    ; clk        ; 0.229  ; 0.111  ; Rise       ; clk             ;
;  frac[26]    ; clk        ; -1.181 ; -1.863 ; Rise       ; clk             ;
;  frac[27]    ; clk        ; -0.813 ; -1.432 ; Rise       ; clk             ;
;  frac[28]    ; clk        ; -1.074 ; -1.728 ; Rise       ; clk             ;
;  frac[29]    ; clk        ; 0.672  ; 0.551  ; Rise       ; clk             ;
;  frac[30]    ; clk        ; -1.002 ; -1.656 ; Rise       ; clk             ;
;  frac[31]    ; clk        ; 0.011  ; -0.078 ; Rise       ; clk             ;
;  frac[32]    ; clk        ; -0.970 ; -1.600 ; Rise       ; clk             ;
;  frac[33]    ; clk        ; -1.142 ; -1.803 ; Rise       ; clk             ;
;  frac[34]    ; clk        ; -0.987 ; -1.604 ; Rise       ; clk             ;
;  frac[35]    ; clk        ; -1.003 ; -1.653 ; Rise       ; clk             ;
;  frac[36]    ; clk        ; -0.837 ; -1.459 ; Rise       ; clk             ;
;  frac[37]    ; clk        ; -0.928 ; -1.554 ; Rise       ; clk             ;
;  frac[38]    ; clk        ; -1.131 ; -1.777 ; Rise       ; clk             ;
;  frac[39]    ; clk        ; -0.787 ; -1.384 ; Rise       ; clk             ;
;  frac[40]    ; clk        ; -0.905 ; -1.519 ; Rise       ; clk             ;
;  frac[41]    ; clk        ; -0.771 ; -1.362 ; Rise       ; clk             ;
;  frac[42]    ; clk        ; -1.124 ; -1.762 ; Rise       ; clk             ;
;  frac[43]    ; clk        ; -1.250 ; -1.915 ; Rise       ; clk             ;
;  frac[44]    ; clk        ; -0.789 ; -1.374 ; Rise       ; clk             ;
;  frac[45]    ; clk        ; -1.301 ; -1.957 ; Rise       ; clk             ;
;  frac[46]    ; clk        ; -1.006 ; -1.636 ; Rise       ; clk             ;
;  frac[47]    ; clk        ; -1.033 ; -1.671 ; Rise       ; clk             ;
;  frac[48]    ; clk        ; -1.061 ; -1.697 ; Rise       ; clk             ;
;  frac[49]    ; clk        ; -1.141 ; -1.781 ; Rise       ; clk             ;
;  frac[50]    ; clk        ; -1.112 ; -1.771 ; Rise       ; clk             ;
;  frac[51]    ; clk        ; -1.163 ; -1.823 ; Rise       ; clk             ;
;  frac[52]    ; clk        ; -1.006 ; -1.630 ; Rise       ; clk             ;
;  frac[53]    ; clk        ; -0.954 ; -1.574 ; Rise       ; clk             ;
;  frac[54]    ; clk        ; -1.109 ; -1.772 ; Rise       ; clk             ;
; is_nar       ; clk        ; -1.086 ; -1.731 ; Rise       ; clk             ;
; is_zero      ; clk        ; -1.245 ; -1.922 ; Rise       ; clk             ;
; sf[*]        ; clk        ; 0.448  ; 0.332  ; Rise       ; clk             ;
;  sf[0]       ; clk        ; -0.902 ; -1.557 ; Rise       ; clk             ;
;  sf[1]       ; clk        ; 0.429  ; 0.305  ; Rise       ; clk             ;
;  sf[2]       ; clk        ; -0.967 ; -1.588 ; Rise       ; clk             ;
;  sf[3]       ; clk        ; -0.948 ; -1.560 ; Rise       ; clk             ;
;  sf[4]       ; clk        ; -1.151 ; -1.818 ; Rise       ; clk             ;
;  sf[5]       ; clk        ; -1.034 ; -1.657 ; Rise       ; clk             ;
;  sf[6]       ; clk        ; -1.035 ; -1.650 ; Rise       ; clk             ;
;  sf[7]       ; clk        ; -1.129 ; -1.778 ; Rise       ; clk             ;
;  sf[8]       ; clk        ; 0.448  ; 0.332  ; Rise       ; clk             ;
;  sf[9]       ; clk        ; -1.001 ; -1.624 ; Rise       ; clk             ;
; sign         ; clk        ; -0.822 ; -1.449 ; Rise       ; clk             ;
; sticky       ; clk        ; -1.160 ; -1.813 ; Rise       ; clk             ;
+--------------+------------+--------+--------+------------+-----------------+


+-----------------------------------------------------------------------+
; Clock to Output Times                                                 ;
+-----------+------------+-------+-------+------------+-----------------+
; Data Port ; Clock Port ; Rise  ; Fall  ; Clock Edge ; Clock Reference ;
+-----------+------------+-------+-------+------------+-----------------+
; d[*]      ; clk        ; 8.207 ; 8.359 ; Rise       ; clk             ;
;  d[0]     ; clk        ; 6.429 ; 6.518 ; Rise       ; clk             ;
;  d[1]     ; clk        ; 6.635 ; 6.704 ; Rise       ; clk             ;
;  d[2]     ; clk        ; 6.482 ; 6.551 ; Rise       ; clk             ;
;  d[3]     ; clk        ; 6.646 ; 6.727 ; Rise       ; clk             ;
;  d[4]     ; clk        ; 6.985 ; 7.055 ; Rise       ; clk             ;
;  d[5]     ; clk        ; 6.784 ; 6.848 ; Rise       ; clk             ;
;  d[6]     ; clk        ; 7.058 ; 7.190 ; Rise       ; clk             ;
;  d[7]     ; clk        ; 6.191 ; 6.269 ; Rise       ; clk             ;
;  d[8]     ; clk        ; 8.207 ; 8.359 ; Rise       ; clk             ;
;  d[9]     ; clk        ; 6.172 ; 6.211 ; Rise       ; clk             ;
;  d[10]    ; clk        ; 6.658 ; 6.650 ; Rise       ; clk             ;
;  d[11]    ; clk        ; 6.533 ; 6.523 ; Rise       ; clk             ;
;  d[12]    ; clk        ; 7.153 ; 7.307 ; Rise       ; clk             ;
;  d[13]    ; clk        ; 6.176 ; 6.218 ; Rise       ; clk             ;
;  d[14]    ; clk        ; 6.356 ; 6.368 ; Rise       ; clk             ;
;  d[15]    ; clk        ; 6.301 ; 6.327 ; Rise       ; clk             ;
;  d[16]    ; clk        ; 5.964 ; 6.013 ; Rise       ; clk             ;
;  d[17]    ; clk        ; 7.495 ; 7.626 ; Rise       ; clk             ;
;  d[18]    ; clk        ; 7.870 ; 7.957 ; Rise       ; clk             ;
;  d[19]    ; clk        ; 5.850 ; 5.883 ; Rise       ; clk             ;
;  d[20]    ; clk        ; 6.294 ; 6.311 ; Rise       ; clk             ;
;  d[21]    ; clk        ; 6.734 ; 6.835 ; Rise       ; clk             ;
;  d[22]    ; clk        ; 7.110 ; 7.150 ; Rise       ; clk             ;
;  d[23]    ; clk        ; 7.148 ; 7.222 ; Rise       ; clk             ;
;  d[24]    ; clk        ; 6.307 ; 6.328 ; Rise       ; clk             ;
;  d[25]    ; clk        ; 6.461 ; 6.529 ; Rise       ; clk             ;
;  d[26]    ; clk        ; 6.858 ; 6.897 ; Rise       ; clk             ;
;  d[27]    ; clk        ; 6.754 ; 6.830 ; Rise       ; clk             ;
;  d[28]    ; clk        ; 6.137 ; 6.192 ; Rise       ; clk             ;
;  d[29]    ; clk        ; 6.297 ; 6.328 ; Rise       ; clk             ;
;  d[30]    ; clk        ; 6.922 ; 7.070 ; Rise       ; clk             ;
;  d[31]    ; clk        ; 7.088 ; 7.110 ; Rise       ; clk             ;
; flags[*]  ; clk        ; 7.272 ; 7.430 ; Rise       ; clk             ;
;  flags[0] ; clk        ; 6.116 ; 6.139 ; Rise       ; clk             ;
;  flags[1] ; clk        ; 7.272 ; 7.430 ; Rise       ; clk             ;
;  flags[2] ; clk        ; 6.239 ; 6.251 ; Rise       ; clk             ;
;  flags[3] ; clk        ; 7.201 ; 7.243 ; Rise       ; clk             ;
;  flags[4] ; clk        ; 7.059 ; 7.092 ; Rise       ; clk             ;
; out_valid ; clk        ; 5.493 ; 5.486 ; Rise       ; clk             ;
+-----------+------------+-------+-------+------------+-----------------+


+-----------------------------------------------------------------------+
; Minimum Clock to Output Times                                         ;
+-----------+------------+-------+-------+------------+-----------------+
; Data Port ; Clock Port ; Rise  ; Fall  ; Clock Edge ; Clock Reference ;
+-----------+------------+-------+-------+------------+-----------------+
; d[*]      ; clk        ; 3.294 ; 3.391 ; Rise       ; clk             ;
;  d[0]     ; clk        ; 3.619 ; 3.784 ; Rise       ; clk             ;
;  d[1]     ; clk        ; 3.755 ; 3.883 ; Rise       ; clk             ;
;  d[2]     ; clk        ; 3.653 ; 3.787 ; Rise       ; clk             ;
;  d[3]     ; clk        ; 3.773 ; 3.903 ; Rise       ; clk             ;
;  d[4]     ; clk        ; 3.925 ; 4.077 ; Rise       ; clk             ;
;  d[5]     ; clk        ; 3.804 ; 3.963 ; Rise       ; clk             ;
;  d[6]     ; clk        ; 3.980 ; 4.164 ; Rise       ; clk             ;
;  d[7]     ; clk        ; 3.503 ; 3.621 ; Rise       ; clk             ;
;  d[8]     ; clk        ; 4.831 ; 5.039 ; Rise       ; clk             ;
;  d[9]     ; clk        ; 3.473 ; 3.573 ; Rise       ; clk             ;
;  d[10]    ; clk        ; 3.703 ; 3.831 ; Rise       ; clk             ;
;  d[11]    ; clk        ; 3.635 ; 3.751 ; Rise       ; clk             ;
;  d[12]    ; clk        ; 4.239 ; 4.388 ; Rise       ; clk             ;
;  d[13]    ; clk        ; 3.483 ; 3.608 ; Rise       ; clk             ;
;  d[14]    ; clk        ; 3.565 ; 3.692 ; Rise       ; clk             ;
;  d[15]    ; clk        ; 3.542 ; 3.643 ; Rise       ; clk             ;
;  d[16]    ; clk        ; 3.361 ; 3.476 ; Rise       ; clk             ;
;  d[17]    ; clk        ; 4.234 ; 4.436 ; Rise       ; clk             ;
;  d[18]    ; clk        ; 4.612 ; 4.795 ; Rise       ; clk             ;
;  d[19]    ; clk        ; 3.294 ; 3.391 ; Rise       ; clk             ;
;  d[20]    ; clk        ; 3.538 ; 3.630 ; Rise       ; clk             ;
;  d[21]    ; clk        ; 3.815 ; 3.975 ; Rise       ; clk             ;
;  d[22]    ; clk        ; 4.011 ; 4.177 ; Rise       ; clk             ;
;  d[23]    ; clk        ; 4.019 ; 4.185 ; Rise       ; clk             ;
;  d[24]    ; clk        ; 3.538 ; 3.627 ; Rise       ; clk             ;
;  d[25]    ; clk        ; 3.644 ; 3.773 ; Rise       ; clk             ;
;  d[26]    ; clk        ; 3.841 ; 3.989 ; Rise       ; clk             ;
;  d[27]    ; clk        ; 3.816 ; 3.975 ; Rise       ; clk             ;
;  d[28]    ; clk        ; 3.460 ; 3.557 ; Rise       ; clk             ;
;  d[29]    ; clk        ; 3.527 ; 3.635 ; Rise       ; clk             ;
;  d[30]    ; clk        ; 3.968 ; 4.168 ; Rise       ; clk             ;
;  d[31]    ; clk        ; 3.972 ; 4.117 ; Rise       ; clk             ;
; flags[*]  ; clk        ; 3.442 ; 3.555 ; Rise       ; clk             ;
;  flags[0] ; clk        ; 3.442 ; 3.555 ; Rise       ; clk             ;
;  flags[1] ; clk        ; 4.103 ; 4.295 ; Rise       ; clk             ;
;  flags[2] ; clk        ; 3.493 ; 3.596 ; Rise       ; clk             ;
;  flags[3] ; clk        ; 4.050 ; 4.221 ; Rise       ; clk             ;
;  flags[4] ; clk        ; 3.956 ; 4.118 ; Rise       ; clk             ;
; out_valid ; clk        ; 3.098 ; 3.138 ; Rise       ; clk             ;
+-----------+------------+-------+-------+------------+-----------------+


+------------------------------------------------------------------------------------------------------------------------------------------------------------------------------------------------------------------------------------------------------------------------------------------------------------------------------------------------------------------------------------------------------------------+
; Board Trace Model Assignments                                                                                                                                                                                                                                                                                                                                                                                    ;
+---------------+--------------+-------------------+-------------------------+-------------------------+---------------+---------------------+----------------+------------------+--------+------------------+------------------------+------------------------+--------------+---------------+-----------------+-------+---------------------+--------------------+---------------+-----------------+-------------+
; Pin           ; I/O Standard ; Near Tline Length ; Near Tline L per Length ; Near Tline C per Length ; Near Series R ; Near Differential R ; Near Pull-up R ; Near Pull-down R ; Near C ; Far Tline Length ; Far Tline L per Length ; Far Tline C per Length ; Far Series R ; Far Pull-up R ; Far Pull-down R ; Far C ; Termination Voltage ; Far Differential R ; EBD File Name ; EBD Signal Name ; EBD Far-end ;
+---------------+--------------+-------------------+-------------------------+-------------------------+---------------+---------------------+----------------+------------------+--------+------------------+------------------------+------------------------+--------------+---------------+-----------------+-------+---------------------+--------------------+---------------+-----------------+-------------+
; out_valid     ; 2.5 V        ; 0 in              ; 0 H/in                  ; 0 F/in                  ; short         ; -                   ; open           ; open             ; open   ; 0 in             ; 0 H/in                 ; 0 F/in                 ; short        ; open          ; open            ; open  ; 0 V                 ; -                  ; n/a           ; n/a             ; n/a         ;
; d[0]          ; 2.5 V        ; 0 in              ; 0 H/in                  ; 0 F/in                  ; short         ; -                   ; open           ; open             ; open   ; 0 in             ; 0 H/in                 ; 0 F/in                 ; short        ; open          ; open            ; open  ; 0 V                 ; -                  ; n/a           ; n/a             ; n/a         ;
; d[1]          ; 2.5 V        ; 0 in              ; 0 H/in                  ; 0 F/in                  ; short         ; -                   ; open           ; open             ; open   ; 0 in             ; 0 H/in                 ; 0 F/in                 ; short        ; open          ; open            ; open  ; 0 V                 ; -                  ; n/a           ; n/a             ; n/a         ;
; d[2]          ; 2.5 V        ; 0 in              ; 0 H/in                  ; 0 F/in                  ; short         ; -                   ; open           ; open             ; open   ; 0 in             ; 0 H/in                 ; 0 F/in                 ; short        ; open          ; open            ; open  ; 0 V                 ; -                  ; n/a           ; n/a             ; n/a         ;
; d[3]          ; 2.5 V        ; 0 in              ; 0 H/in                  ; 0 F/in                  ; short         ; -                   ; open           ; open             ; open   ; 0 in             ; 0 H/in                 ; 0 F/in                 ; short        ; open          ; open            ; open  ; 0 V                 ; -                  ; n/a           ; n/a             ; n/a         ;
; d[4]          ; 2.5 V        ; 0 in              ; 0 H/in                  ; 0 F/in                  ; short         ; -                   ; open           ; open             ; open   ; 0 in             ; 0 H/in                 ; 0 F/in                 ; short        ; open          ; open            ; open  ; 0 V                 ; -                  ; n/a           ; n/a             ; n/a         ;
; d[5]          ; 2.5 V        ; 0 in              ; 0 H/in                  ; 0 F/in                  ; short         ; -                   ; open           ; open             ; open   ; 0 in             ; 0 H/in                 ; 0 F/in                 ; short        ; open          ; open            ; open  ; 0 V                 ; -                  ; n/a           ; n/a             ; n/a         ;
; d[6]          ; 2.5 V        ; 0 in              ; 0 H/in                  ; 0 F/in                  ; short         ; -                   ; open           ; open             ; open   ; 0 in             ; 0 H/in                 ; 0 F/in                 ; short        ; open          ; open            ; open  ; 0 V                 ; -                  ; n/a           ; n/a             ; n/a         ;
; d[7]          ; 2.5 V        ; 0 in              ; 0 H/in                  ; 0 F/in                  ; short         ; -                   ; open           ; open             ; open   ; 0 in             ; 0 H/in                 ; 0 F/in                 ; short        ; open          ; open            ; open  ; 0 V                 ; -                  ; n/a           ; n/a             ; n/a         ;
; d[8]          ; 2.5 V        ; 0 in              ; 0 H/in                  ; 0 F/in                  ; short         ; -                   ; open           ; open             ; open   ; 0 in             ; 0 H/in                 ; 0 F/in                 ; short        ; open          ; open            ; open  ; 0 V                 ; -                  ; n/a           ; n/a             ; n/a         ;
; d[9]          ; 2.5 V        ; 0 in              ; 0 H/in                  ; 0 F/in                  ; short         ; -                   ; open           ; open             ; open   ; 0 in             ; 0 H/in                 ; 0 F/in                 ; short        ; open          ; open            ; open  ; 0 V                 ; -                  ; n/a           ; n/a             ; n/a         ;
; d[10]         ; 2.5 V        ; 0 in              ; 0 H/in                  ; 0 F/in                  ; short         ; -                   ; open           ; open             ; open   ; 0 in             ; 0 H/in                 ; 0 F/in                 ; short        ; open          ; open            ; open  ; 0 V                 ; -                  ; n/a           ; n/a             ; n/a         ;
; d[11]         ; 2.5 V        ; 0 in              ; 0 H/in                  ; 0 F/in                  ; short         ; -                   ; open           ; open             ; open   ; 0 in             ; 0 H/in                 ; 0 F/in                 ; short        ; open          ; open            ; open  ; 0 V                 ; -                  ; n/a           ; n/a             ; n/a         ;
; d[12]         ; 2.5 V        ; 0 in              ; 0 H/in                  ; 0 F/in                  ; short         ; -                   ; open           ; open             ; open   ; 0 in             ; 0 H/in                 ; 0 F/in                 ; short        ; open          ; open            ; open  ; 0 V                 ; -                  ; n/a           ; n/a             ; n/a         ;
; d[13]         ; 2.5 V        ; 0 in              ; 0 H/in                  ; 0 F/in                  ; short         ; -                   ; open           ; open             ; open   ; 0 in             ; 0 H/in                 ; 0 F/in                 ; short        ; open          ; open            ; open  ; 0 V                 ; -                  ; n/a           ; n/a             ; n/a         ;
; d[14]         ; 2.5 V        ; 0 in              ; 0 H/in                  ; 0 F/in                  ; short         ; -                   ; open           ; open             ; open   ; 0 in             ; 0 H/in                 ; 0 F/in                 ; short        ; open          ; open            ; open  ; 0 V                 ; -                  ; n/a           ; n/a             ; n/a         ;
; d[15]         ; 2.5 V        ; 0 in              ; 0 H/in                  ; 0 F/in                  ; short         ; -                   ; open           ; open             ; open   ; 0 in             ; 0 H/in                 ; 0 F/in                 ; short        ; open          ; open            ; open  ; 0 V                 ; -                  ; n/a           ; n/a             ; n/a         ;
; d[16]         ; 2.5 V        ; 0 in              ; 0 H/in                  ; 0 F/in                  ; short         ; -                   ; open           ; open             ; open   ; 0 in             ; 0 H/in                 ; 0 F/in                 ; short        ; open          ; open            ; open  ; 0 V                 ; -                  ; n/a           ; n/a             ; n/a         ;
; d[17]         ; 2.5 V        ; 0 in              ; 0 H/in                  ; 0 F/in                  ; short         ; -                   ; open           ; open             ; open   ; 0 in             ; 0 H/in                 ; 0 F/in                 ; short        ; open          ; open            ; open  ; 0 V                 ; -                  ; n/a           ; n/a             ; n/a         ;
; d[18]         ; 2.5 V        ; 0 in              ; 0 H/in                  ; 0 F/in                  ; short         ; -                   ; open           ; open             ; open   ; 0 in             ; 0 H/in                 ; 0 F/in                 ; short        ; open          ; open            ; open  ; 0 V                 ; -                  ; n/a           ; n/a             ; n/a         ;
; d[19]         ; 2.5 V        ; 0 in              ; 0 H/in                  ; 0 F/in                  ; short         ; -                   ; open           ; open             ; open   ; 0 in             ; 0 H/in                 ; 0 F/in                 ; short        ; open          ; open            ; open  ; 0 V                 ; -                  ; n/a           ; n/a             ; n/a         ;
; d[20]         ; 2.5 V        ; 0 in              ; 0 H/in                  ; 0 F/in                  ; short         ; -                   ; open           ; open             ; open   ; 0 in             ; 0 H/in                 ; 0 F/in                 ; short        ; open          ; open            ; open  ; 0 V                 ; -                  ; n/a           ; n/a             ; n/a         ;
; d[21]         ; 2.5 V        ; 0 in              ; 0 H/in                  ; 0 F/in                  ; short         ; -                   ; open           ; open             ; open   ; 0 in             ; 0 H/in                 ; 0 F/in                 ; short        ; open          ; open            ; open  ; 0 V                 ; -                  ; n/a           ; n/a             ; n/a         ;
; d[22]         ; 2.5 V        ; 0 in              ; 0 H/in                  ; 0 F/in                  ; short         ; -                   ; open           ; open             ; open   ; 0 in             ; 0 H/in                 ; 0 F/in                 ; short        ; open          ; open            ; open  ; 0 V                 ; -                  ; n/a           ; n/a             ; n/a         ;
; d[23]         ; 2.5 V        ; 0 in              ; 0 H/in                  ; 0 F/in                  ; short         ; -                   ; open           ; open             ; open   ; 0 in             ; 0 H/in                 ; 0 F/in                 ; short        ; open          ; open            ; open  ; 0 V                 ; -                  ; n/a           ; n/a             ; n/a         ;
; d[24]         ; 2.5 V        ; 0 in              ; 0 H/in                  ; 0 F/in                  ; short         ; -                   ; open           ; open             ; open   ; 0 in             ; 0 H/in                 ; 0 F/in                 ; short        ; open          ; open            ; open  ; 0 V                 ; -                  ; n/a           ; n/a             ; n/a         ;
; d[25]         ; 2.5 V        ; 0 in              ; 0 H/in                  ; 0 F/in                  ; short         ; -                   ; open           ; open             ; open   ; 0 in             ; 0 H/in                 ; 0 F/in                 ; short        ; open          ; open            ; open  ; 0 V                 ; -                  ; n/a           ; n/a             ; n/a         ;
; d[26]         ; 2.5 V        ; 0 in              ; 0 H/in                  ; 0 F/in                  ; short         ; -                   ; open           ; open             ; open   ; 0 in             ; 0 H/in                 ; 0 F/in                 ; short        ; open          ; open            ; open  ; 0 V                 ; -                  ; n/a           ; n/a             ; n/a         ;
; d[27]         ; 2.5 V        ; 0 in              ; 0 H/in                  ; 0 F/in                  ; short         ; -                   ; open           ; open             ; open   ; 0 in             ; 0 H/in                 ; 0 F/in                 ; short        ; open          ; open            ; open  ; 0 V                 ; -                  ; n/a           ; n/a             ; n/a         ;
; d[28]         ; 2.5 V        ; 0 in              ; 0 H/in                  ; 0 F/in                  ; short         ; -                   ; open           ; open             ; open   ; 0 in             ; 0 H/in                 ; 0 F/in                 ; short        ; open          ; open            ; open  ; 0 V                 ; -                  ; n/a           ; n/a             ; n/a         ;
; d[29]         ; 2.5 V        ; 0 in              ; 0 H/in                  ; 0 F/in                  ; short         ; -                   ; open           ; open             ; open   ; 0 in             ; 0 H/in                 ; 0 F/in                 ; short        ; open          ; open            ; open  ; 0 V                 ; -                  ; n/a           ; n/a             ; n/a         ;
; d[30]         ; 2.5 V        ; 0 in              ; 0 H/in                  ; 0 F/in                  ; short         ; -                   ; open           ; open             ; open   ; 0 in             ; 0 H/in                 ; 0 F/in                 ; short        ; open          ; open            ; open  ; 0 V                 ; -                  ; n/a           ; n/a             ; n/a         ;
; d[31]         ; 2.5 V        ; 0 in              ; 0 H/in                  ; 0 F/in                  ; short         ; -                   ; open           ; open             ; open   ; 0 in             ; 0 H/in                 ; 0 F/in                 ; short        ; open          ; open            ; open  ; 0 V                 ; -                  ; n/a           ; n/a             ; n/a         ;
; flags[0]      ; 2.5 V        ; 0 in              ; 0 H/in                  ; 0 F/in                  ; short         ; -                   ; open           ; open             ; open   ; 0 in             ; 0 H/in                 ; 0 F/in                 ; short        ; open          ; open            ; open  ; 0 V                 ; -                  ; n/a           ; n/a             ; n/a         ;
; flags[1]      ; 2.5 V        ; 0 in              ; 0 H/in                  ; 0 F/in                  ; short         ; -                   ; open           ; open             ; open   ; 0 in             ; 0 H/in                 ; 0 F/in                 ; short        ; open          ; open            ; open  ; 0 V                 ; -                  ; n/a           ; n/a             ; n/a         ;
; flags[2]      ; 2.5 V        ; 0 in              ; 0 H/in                  ; 0 F/in                  ; short         ; -                   ; open           ; open             ; open   ; 0 in             ; 0 H/in                 ; 0 F/in                 ; short        ; open          ; open            ; open  ; 0 V                 ; -                  ; n/a           ; n/a             ; n/a         ;
; flags[3]      ; 2.5 V        ; 0 in              ; 0 H/in                  ; 0 F/in                  ; short         ; -                   ; open           ; open             ; open   ; 0 in             ; 0 H/in                 ; 0 F/in                 ; short        ; open          ; open            ; open  ; 0 V                 ; -                  ; n/a           ; n/a             ; n/a         ;
; flags[4]      ; 2.5 V        ; 0 in              ; 0 H/in                  ; 0 F/in                  ; short         ; -                   ; open           ; open             ; open   ; 0 in             ; 0 H/in                 ; 0 F/in                 ; short        ; open          ; open            ; open  ; 0 V                 ; -                  ; n/a           ; n/a             ; n/a         ;
; ~ALTERA_DCLK~ ; 2.5 V        ; 0 in              ; 0 H/in                  ; 0 F/in                  ; short         ; -                   ; open           ; open             ; open   ; 0 in             ; 0 H/in                 ; 0 F/in                 ; short        ; open          ; open            ; open  ; 0 V                 ; -                  ; n/a           ; n/a             ; n/a         ;
; ~ALTERA_nCEO~ ; 2.5 V        ; 0 in              ; 0 H/in                  ; 0 F/in                  ; short         ; -                   ; open           ; open             ; open   ; 0 in             ; 0 H/in                 ; 0 F/in                 ; short        ; open          ; open            ; open  ; 0 V                 ; -                  ; n/a           ; n/a             ; n/a         ;
+---------------+--------------+-------------------+-------------------------+-------------------------+---------------+---------------------+----------------+------------------+--------+------------------+------------------------+------------------------+--------------+---------------+-----------------+-------+---------------------+--------------------+---------------+-----------------+-------------+


+----------------------------------------------------------------------------+
; Input Transition Times                                                     ;
+-------------------------+--------------+-----------------+-----------------+
; Pin                     ; I/O Standard ; 10-90 Rise Time ; 90-10 Fall Time ;
+-------------------------+--------------+-----------------+-----------------+
; clk                     ; 2.5 V        ; 2000 ps         ; 2000 ps         ;
; reset_n                 ; 2.5 V        ; 2000 ps         ; 2000 ps         ;
; sign                    ; 2.5 V        ; 2000 ps         ; 2000 ps         ;
; is_nar                  ; 2.5 V        ; 2000 ps         ; 2000 ps         ;
; flags_in[4]             ; 2.5 V        ; 2000 ps         ; 2000 ps         ;
; is_zero                 ; 2.5 V        ; 2000 ps         ; 2000 ps         ;
; sf[9]                   ; 2.5 V        ; 2000 ps         ; 2000 ps         ;
; sf[6]                   ; 2.5 V        ; 2000 ps         ; 2000 ps         ;
; frac[49]                ; 2.5 V        ; 2000 ps         ; 2000 ps         ;
; frac[51]                ; 2.5 V        ; 2000 ps         ; 2000 ps         ;
; sf[3]                   ; 2.5 V        ; 2000 ps         ; 2000 ps         ;
; frac[48]                ; 2.5 V        ; 2000 ps         ; 2000 ps         ;
; frac[50]                ; 2.5 V        ; 2000 ps         ; 2000 ps         ;
; sf[2]                   ; 2.5 V        ; 2000 ps         ; 2000 ps         ;
; frac[45]                ; 2.5 V        ; 2000 ps         ; 2000 ps         ;
; frac[47]                ; 2.5 V        ; 2000 ps         ; 2000 ps         ;
; frac[44]                ; 2.5 V        ; 2000 ps         ; 2000 ps         ;
; frac[46]                ; 2.5 V        ; 2000 ps         ; 2000 ps         ;
; sf[4]                   ; 2.5 V        ; 2000 ps         ; 2000 ps         ;
; sf[5]                   ; 2.5 V        ; 2000 ps         ; 2000 ps         ;
; frac[53]                ; 2.5 V        ; 2000 ps         ; 2000 ps         ;
; sf[0]                   ; 2.5 V        ; 2000 ps         ; 2000 ps         ;
; frac[52]                ; 2.5 V        ; 2000 ps         ; 2000 ps         ;
; frac[54]                ; 2.5 V        ; 2000 ps         ; 2000 ps         ;
; sf[1]                   ; 2.5 V        ; 2000 ps         ; 2000 ps         ;
; sf[8]                   ; 2.5 V        ; 2000 ps         ; 2000 ps         ;
; sf[7]                   ; 2.5 V        ; 2000 ps         ; 2000 ps         ;
; frac[29]                ; 2.5 V        ; 2000 ps         ; 2000 ps         ;
; frac[31]                ; 2.5 V        ; 2000 ps         ; 2000 ps         ;
; frac[28]                ; 2.5 V        ; 2000 ps         ; 2000 ps         ;
; frac[30]                ; 2.5 V        ; 2000 ps         ; 2000 ps         ;
; frac[33]                ; 2.5 V        ; 2000 ps         ; 2000 ps         ;
; frac[35]                ; 2.5 V        ; 2000 ps         ; 2000 ps         ;
; frac[32]                ; 2.5 V        ; 2000 ps         ; 2000 ps         ;
; frac[34]                ; 2.5 V        ; 2000 ps         ; 2000 ps         ;
; frac[41]                ; 2.5 V        ; 2000 ps         ; 2000 ps         ;
; frac[43]                ; 2.5 V        ; 2000 ps         ; 2000 ps         ;
; frac[40]                ; 2.5 V        ; 2000 ps         ; 2000 ps         ;
; frac[42]                ; 2.5 V        ; 2000 ps         ; 2000 ps         ;
; frac[37]                ; 2.5 V        ; 2000 ps         ; 2000 ps         ;
; frac[39]                ; 2.5 V        ; 2000 ps         ; 2000 ps         ;
; frac[36]                ; 2.5 V        ; 2000 ps         ; 2000 ps         ;
; frac[38]                ; 2.5 V        ; 2000 ps         ; 2000 ps         ;
; flags_in[0]             ; 2.5 V        ; 2000 ps         ; 2000 ps         ;
; flags_in[1]             ; 2.5 V        ; 2000 ps         ; 2000 ps         ;
; frac[9]                 ; 2.5 V        ; 2000 ps         ; 2000 ps         ;
; frac[8]                 ; 2.5 V        ; 2000 ps         ; 2000 ps         ;
; frac[7]                 ; 2.5 V        ; 2000 ps         ; 2000 ps         ;
; frac[5]                 ; 2.5 V        ; 2000 ps         ; 2000 ps         ;
; frac[4]                 ; 2.5 V        ; 2000 ps         ; 2000 ps         ;
; frac[3]                 ; 2.5 V        ; 2000 ps         ; 2000 ps         ;
; frac[1]                 ; 2.5 V        ; 2000 ps         ; 2000 ps         ;
; sticky                  ; 2.5 V        ; 2000 ps         ; 2000 ps         ;
; frac[27]                ; 2.5 V        ; 2000 ps         ; 2000 ps         ;
; frac[24]                ; 2.5 V        ; 2000 ps         ; 2000 ps         ;
; frac[23]                ; 2.5 V        ; 2000 ps         ; 2000 ps         ;
; frac[22]                ; 2.5 V        ; 2000 ps         ; 2000 ps         ;
; frac[15]                ; 2.5 V        ; 2000 ps         ; 2000 ps         ;
; frac[18]                ; 2.5 V        ; 2000 ps         ; 2000 ps         ;
; frac[16]                ; 2.5 V        ; 2000 ps         ; 2000 ps         ;
; frac[14]                ; 2.5 V        ; 2000 ps         ; 2000 ps         ;
; frac[0]                 ; 2.5 V        ; 2000 ps         ; 2000 ps         ;
; frac[6]                 ; 2.5 V        ; 2000 ps         ; 2000 ps         ;
; frac[2]                 ; 2.5 V        ; 2000 ps         ; 2000 ps         ;
; frac[26]                ; 2.5 V        ; 2000 ps         ; 2000 ps         ;
; frac[25]                ; 2.5 V        ; 2000 ps         ; 2000 ps         ;
; frac[21]                ; 2.5 V        ; 2000 ps         ; 2000 ps         ;
; frac[20]                ; 2.5 V        ; 2000 ps         ; 2000 ps         ;
; frac[19]                ; 2.5 V        ; 2000 ps         ; 2000 ps         ;
; frac[17]                ; 2.5 V        ; 2000 ps         ; 2000 ps         ;
; frac[13]                ; 2.5 V        ; 2000 ps         ; 2000 ps         ;
; frac[12]                ; 2.5 V        ; 2000 ps         ; 2000 ps         ;
; frac[11]                ; 2.5 V        ; 2000 ps         ; 2000 ps         ;
; frac[10]                ; 2.5 V        ; 2000 ps         ; 2000 ps         ;
; flags_in[2]             ; 2.5 V        ; 2000 ps         ; 2000 ps         ;
; flags_in[3]             ; 2.5 V        ; 2000 ps         ; 2000 ps         ;
; ~ALTERA_ASDO_DATA1~     ; 2.5 V        ; 2000 ps         ; 2000 ps         ;
; ~ALTERA_FLASH_nCE_nCSO~ ; 2.5 V        ; 2000 ps         ; 2000 ps         ;
; ~ALTERA_DATA0~          ; 2.5 V        ; 2000 ps         ; 2000 ps         ;
+-------------------------+--------------+-----------------+-----------------+


+--------------------------------------------------------------------------------------------------------------------------------------------------------------------------------------------------------------------------------------------------------------------------------------------------------------------------------------------------------------------------------------------------------------------------------------------------------------------------------------------------------------------------------------------------------------------------------------------------------------------------------------------------------------------------------------------+
; Signal Integrity Metrics (Slow 1200mv 0c Model)                                                                                                                                                                                                                                                                                                                                                                                                                                                                                                                                                                                                                                            ;
+---------------+--------------+---------------------+---------------------+------------------------------+------------------------------+---------------------+---------------------+--------------------------------------+--------------------------------------+-----------------------------+-----------------------------+----------------------------+----------------------------+-----------------------------+-----------------------------+--------------------+--------------------+-------------------------------------+-------------------------------------+----------------------------+----------------------------+---------------------------+---------------------------+
; Pin           ; I/O Standard ; Board Delay on Rise ; Board Delay on Fall ; Steady State Voh at FPGA Pin ; Steady State Vol at FPGA Pin ; Voh Max at FPGA Pin ; Vol Min at FPGA Pin ; Ringback Voltage on Rise at FPGA Pin ; Ringback Voltage on Fall at FPGA Pin ; 10-90 Rise Time at FPGA Pin ; 90-10 Fall Time at FPGA Pin ; Monotonic Rise at FPGA Pin ; Monotonic Fall at FPGA Pin ; Steady State Voh at Far-end ; Steady State Vol at Far-end ; Voh Max at Far-end ; Vol Min at Far-end ; Ringback Voltage on Rise at Far-end ; Ringback Voltage on Fall at Far-end ; 10-90 Rise Time at Far-end ; 90-10 Fall Time at Far-end ; Monotonic Rise at Far-end ; Monotonic Fall at Far-end ;
+---------------+--------------+---------------------+---------------------+------------------------------+------------------------------+---------------------+---------------------+--------------------------------------+--------------------------------------+-----------------------------+-----------------------------+----------------------------+----------------------------+-----------------------------+-----------------------------+--------------------+--------------------+-------------------------------------+-------------------------------------+----------------------------+----------------------------+---------------------------+---------------------------+
; out_valid     ; 2.5 V        ; 0 s                 ; 0 s                 ; 2.32 V                       ; 5.95e-09 V                   ; 2.38 V              ; -0.016 V            ; 0.22 V                               ; 0.025 V                              ; 3.06e-10 s                  ; 3.3e-10 s                   ; Yes                        ; Yes                        ; 2.32 V                      ; 5.95e-09 V                  ; 2.38 V             ; -0.016 V           ; 0.22 V                              ; 0.025 V                             ; 3.06e-10 s                 ; 3.3e-10 s                  ; Yes                       ; Yes                       ;
; d[0]          ; 2.5 V        ; 0 s                 ; 0 s                 ; 2.32 V                       ; 4.44e-09 V                   ; 2.38 V              ; -0.0145 V           ; 0.169 V                              ; 0.026 V                              ; 4.83e-10 s                  ; 4.71e-10 s                  ; Yes                        ; Yes                        ; 2.32 V                      ; 4.44e-09 V                  ; 2.38 V             ; -0.0145 V          ; 0.169 V                             ; 0.026 V                             ; 4.83e-10 s                 ; 4.71e-10 s                 ; Yes                       ; Yes                       ;
; d[1]          ; 2.5 V        ; 0 s                 ; 0 s                 ; 2.32 V                       ; 5.95e-09 V                   ; 2.38 V              ; -0.016 V            ; 0.22 V                               ; 0.025 V                              ; 3.06e-10 s                  ; 3.3e-10 s                   ; Yes                        ; Yes                        ; 2.32 V                      ; 5.95e-09 V                  ; 2.38 V             ; -0.016 V           ; 0.22 V                              ; 0.025 V                             ; 3.06e-10 s                 ; 3.3e-10 s                  ; Yes                       ; Yes                       ;
; d[2]          ; 2.5 V        ; 0 s                 ; 0 s                 ; 2.32 V                       ; 5.95e-09 V                   ; 2.38 V              ; -0.016 V            ; 0.22 V                               ; 0.025 V                              ; 3.06e-10 s                  ; 3.3e-10 s                   ; Yes                        ; Yes                        ; 2.32 V                      ; 5.95e-09 V                  ; 2.38 V             ; -0.016 V           ; 0.22 V                              ; 0.025 V                             ; 3.06e-10 s                 ; 3.3e-10 s                  ; Yes                       ; Yes                       ;
; d[3]          ; 2.5 V        ; 0 s                 ; 0 s                 ; 2.32 V                       ; 5.95e-09 V                   ; 2.38 V              ; -0.016 V            ; 0.22 V                               ; 0.025 V                              ; 3.06e-10 s                  ; 3.3e-10 s                   ; Yes                        ; Yes                        ; 2.32 V                      ; 5.95e-09 V                  ; 2.38 V             ; -0.016 V           ; 0.22 V                              ; 0.025 V                             ; 3.06e-10 s                 ; 3.3e-10 s                  ; Yes                       ; Yes                       ;
; d[4]          ; 2.5 V        ; 0 s                 ; 0 s                 ; 2.32 V                       ; 4.44e-09 V                   ; 2.39 V              ; -0.0265 V           ; 0.2 V                                ; 0.033 V                              ; 2.94e-10 s                  ; 3.12e-10 s                  ; Yes                        ; Yes                        ; 2.32 V                      ; 4.44e-09 V                  ; 2.39 V             ; -0.0265 V          ; 0.2 V                               ; 0.033 V                             ; 2.94e-10 s                 ; 3.12e-10 s                 ; Yes                       ; Yes                       ;
; d[5]          ; 2.5 V        ; 0 s                 ; 0 s                 ; 2.32 V                       ; 5.95e-09 V                   ; 2.38 V              ; -0.016 V            ; 0.22 V                               ; 0.025 V                              ; 3.06e-10 s                  ; 3.3e-10 s                   ; Yes                        ; Yes                        ; 2.32 V                      ; 5.95e-09 V                  ; 2.38 V             ; -0.016 V           ; 0.22 V                              ; 0.025 V                             ; 3.06e-10 s                 ; 3.3e-10 s                  ; Yes                       ; Yes                       ;
; d[6]          ; 2.5 V        ; 0 s                 ; 0 s                 ; 2.32 V                       ; 5.95e-09 V                   ; 2.38 V              ; -0.016 V            ; 0.22 V                               ; 0.025 V                              ; 3.06e-10 s                  ; 3.3e-10 s                   ; Yes                        ; Yes                        ; 2.32 V                      ; 5.95e-09 V                  ; 2.38 V             ; -0.016 V           ; 0.22 V                              ; 0.025 V                             ; 3.06e-10 s                 ; 3.3e-10 s                  ; Yes                       ; Yes                       ;
; d[7]          ; 2.5 V        ; 0 s                 ; 0 s                 ; 2.32 V                       ; 5.95e-09 V                   ; 2.38 V              ; -0.016 V            ; 0.22 V                               ; 0.025 V                              ; 3.06e-10 s                  ; 3.3e-10 s                   ; Yes                        ; Yes                        ; 2.32 V                      ; 5.95e-09 V                  ; 2.38 V             ; -0.016 V           ; 0.22 V                              ; 0.025 V                             ; 3.06e-10 s                 ; 3.3e-10 s                  ; Yes                       ; Yes                       ;
; d[8]          ; 2.5 V        ; 0 s                 ; 0 s                 ; 2.32 V                       ; 5.95e-09 V                   ; 2.33 V              ; -0.00616 V          ; 0.191 V                              ; 0.099 V                              ; 2.83e-09 s                  ; 2.56e-09 s                  ; No                         ; Yes                        ; 2.32 V                      ; 5.95e-09 V                  ; 2.33 V             ; -0.00616 V         ; 0.191 V                             ; 0.099 V                             ; 2.83e-09 s                 ; 2.56e-09 s                 ; No                        ; Yes                       ;
; d[9]          ; 2.5 V        ; 0 s                 ; 0 s                 ; 2.32 V                       ; 5.95e-09 V                   ; 2.38 V              ; -0.016 V            ; 0.22 V                               ; 0.025 V                              ; 3.06e-10 s                  ; 3.3e-10 s                   ; Yes                        ; Yes                        ; 2.32 V                      ; 5.95e-09 V                  ; 2.38 V             ; -0.016 V           ; 0.22 V                              ; 0.025 V                             ; 3.06e-10 s                 ; 3.3e-10 s                  ; Yes                       ; Yes                       ;
; d[10]         ; 2.5 V        ; 0 s                 ; 0 s                 ; 2.32 V                       ; 5.95e-09 V                   ; 2.38 V              ; -0.016 V            ; 0.22 V                               ; 0.025 V                              ; 3.06e-10 s                  ; 3.3e-10 s                   ; Yes                        ; Yes                        ; 2.32 V                      ; 5.95e-09 V                  ; 2.38 V             ; -0.016 V           ; 0.22 V                              ; 0.025 V                             ; 3.06e-10 s                 ; 3.3e-10 s                  ; Yes                       ; Yes                       ;
; d[11]         ; 2.5 V        ; 0 s                 ; 0 s                 ; 2.32 V                       ; 5.95e-09 V                   ; 2.38 V              ; -0.016 V            ; 0.22 V                               ; 0.025 V                              ; 3.06e-10 s                  ; 3.3e-10 s                   ; Yes                        ; Yes                        ; 2.32 V                      ; 5.95e-09 V                  ; 2.38 V             ; -0.016 V           ; 0.22 V                              ; 0.025 V                             ; 3.06e-10 s                 ; 3.3e-10 s                  ; Yes                       ; Yes                       ;
; d[12]         ; 2.5 V        ; 0 s                 ; 0 s                 ; 2.32 V                       ; 4.44e-09 V                   ; 2.33 V              ; -0.00624 V          ; 0.185 V                              ; 0.097 V                              ; 2.82e-09 s                  ; 2.56e-09 s                  ; No                         ; Yes                        ; 2.32 V                      ; 4.44e-09 V                  ; 2.33 V             ; -0.00624 V         ; 0.185 V                             ; 0.097 V                             ; 2.82e-09 s                 ; 2.56e-09 s                 ; No                        ; Yes                       ;
; d[13]         ; 2.5 V        ; 0 s                 ; 0 s                 ; 2.32 V                       ; 4.44e-09 V                   ; 2.38 V              ; -0.0145 V           ; 0.169 V                              ; 0.026 V                              ; 4.83e-10 s                  ; 4.71e-10 s                  ; Yes                        ; Yes                        ; 2.32 V                      ; 4.44e-09 V                  ; 2.38 V             ; -0.0145 V          ; 0.169 V                             ; 0.026 V                             ; 4.83e-10 s                 ; 4.71e-10 s                 ; Yes                       ; Yes                       ;
; d[14]         ; 2.5 V        ; 0 s                 ; 0 s                 ; 2.32 V                       ; 4.44e-09 V                   ; 2.38 V              ; -0.0145 V           ; 0.169 V                              ; 0.026 V                              ; 4.83e-10 s                  ; 4.71e-10 s                  ; Yes                        ; Yes                        ; 2.32 V                      ; 4.44e-09 V                  ; 2.38 V             ; -0.0145 V          ; 0.169 V                             ; 0.026 V                             ; 4.83e-10 s                 ; 4.71e-10 s                 ; Yes                       ; Yes                       ;
; d[15]         ; 2.5 V        ; 0 s                 ; 0 s                 ; 2.32 V                       ; 5.95e-09 V                   ; 2.38 V              ; -0.016 V            ; 0.22 V                               ; 0.025 V                              ; 3.06e-10 s                  ; 3.3e-10 s                   ; Yes                        ; Yes                        ; 2.32 V                      ; 5.95e-09 V                  ; 2.38 V             ; -0.016 V           ; 0.22 V                              ; 0.025 V                             ; 3.06e-10 s                 ; 3.3e-10 s                  ; Yes                       ; Yes                       ;
; d[16]         ; 2.5 V        ; 0 s                 ; 0 s                 ; 2.32 V                       ; 4.44e-09 V                   ; 2.38 V              ; -0.0145 V           ; 0.169 V                              ; 0.026 V                              ; 4.83e-10 s                  ; 4.71e-10 s                  ; Yes                        ; Yes                        ; 2.32 V                      ; 4.44e-09 V                  ; 2.38 V             ; -0.0145 V          ; 0.169 V                             ; 0.026 V                             ; 4.83e-10 s                 ; 4.71e-10 s                 ; Yes                       ; Yes                       ;
; d[17]         ; 2.5 V        ; 0 s                 ; 0 s                 ; 2.32 V                       ; 5.95e-09 V                   ; 2.38 V              ; -0.016 V            ; 0.22 V                               ; 0.025 V                              ; 3.06e-10 s                  ; 3.3e-10 s                   ; Yes                        ; Yes                        ; 2.32 V                      ; 5.95e-09 V                  ; 2.38 V             ; -0.016 V           ; 0.22 V                              ; 0.025 V                             ; 3.06e-10 s                 ; 3.3e-10 s                  ; Yes                       ; Yes                       ;
; d[18]         ; 2.5 V        ; 0 s                 ; 0 s                 ; 2.32 V                       ; 5.95e-09 V                   ; 2.33 V              ; -0.00616 V          ; 0.191 V                              ; 0.099 V                              ; 2.83e-09 s                  ; 2.56e-09 s                  ; No                         ; Yes                        ; 2.32 V                      ; 5.95e-09 V                  ; 2.33 V             ; -0.00616 V         ; 0.191 V                             ; 0.099 V                             ; 2.83e-09 s                 ; 2.56e-09 s                 ; No                        ; Yes                       ;
; d[19]         ; 2.5 V        ; 0 s                 ; 0 s                 ; 2.32 V                       ; 4.44e-09 V                   ; 2.38 V              ; -0.0145 V           ; 0.169 V                              ; 0.026 V                              ; 4.83e-10 s                  ; 4.71e-10 s                  ; Yes                        ; Yes                        ; 2.32 V                      ; 4.44e-09 V                  ; 2.38 V             ; -0.0145 V          ; 0.169 V                             ; 0.026 V                             ; 4.83e-10 s                 ; 4.71e-10 s                 ; Yes                       ; Yes                       ;
; d[20]         ; 2.5 V        ; 0 s                 ; 0 s                 ; 2.32 V                       ; 5.95e-09 V                   ; 2.38 V              ; -0.016 V            ; 0.22 V                               ; 0.025 V                              ; 3.06e-10 s                  ; 3.3e-10 s                   ; Yes                        ; Yes                        ; 2.32 V                      ; 5.95e-09 V                  ; 2.38 V             ; -0.016 V           ; 0.22 V                              ; 0.025 V                             ; 3.06e-10 s                 ; 3.3e-10 s                  ; Yes                       ; Yes                       ;
; d[21]         ; 2.5 V        ; 0 s                 ; 0 s                 ; 2.32 V                       ; 5.95e-09 V                   ; 2.38 V              ; -0.016 V            ; 0.22 V                               ; 0.025 V                              ; 3.06e-10 s                  ; 3.3e-10 s                   ; Yes                        ; Yes                        ; 2.32 V                      ; 5.95e-09 V                  ; 2.38 V             ; -0.016 V           ; 0.22 V                              ; 0.025 V                             ; 3.06e-10 s                 ; 3.3e-10 s                  ; Yes                       ; Yes                       ;
; d[22]         ; 2.5 V        ; 0 s                 ; 0 s                 ; 2.32 V                       ; 5.95e-09 V                   ; 2.38 V              ; -0.016 V            ; 0.22 V                               ; 0.025 V                              ; 3.06e-10 s                  ; 3.3e-10 s                   ; Yes                        ; Yes                        ; 2.32 V                      ; 5.95e-09 V                  ; 2.38 V             ; -0.016 V           ; 0.22 V                              ; 0.025 V                             ; 3.06e-10 s                 ; 3.3e-10 s                  ; Yes                       ; Yes                       ;
; d[23]         ; 2.5 V        ; 0 s                 ; 0 s                 ; 2.32 V                       ; 5.95e-09 V                   ; 2.38 V              ; -0.016 V            ; 0.22 V                               ; 0.025 V                              ; 3.06e-10 s                  ; 3.3e-10 s                   ; Yes                        ; Yes                        ; 2.32 V                      ; 5.95e-09 V                  ; 2.38 V             ; -0.016 V           ; 0.22 V                              ; 0.025 V                             ; 3.06e-10 s                 ; 3.3e-10 s                  ; Yes                       ; Yes                       ;
; d[24]         ; 2.5 V        ; 0 s                 ; 0 s                 ; 2.32 V                       ; 5.95e-09 V                   ; 2.38 V              ; -0.016 V            ; 0.22 V                               ; 0.025 V                              ; 3.06e-10 s                  ; 3.3e-10 s                   ; Yes                        ; Yes                        ; 2.32 V                      ; 5.95e-09 V                  ; 2.38 V             ; -0.016 V           ; 0.22 V                              ; 0.025 V                             ; 3.06e-10 s                 ; 3.3e-10 s                  ; Yes                       ; Yes                       ;
; d[25]         ; 2.5 V        ; 0 s                 ; 0 s                 ; 2.32 V                       ; 5.95e-09 V                   ; 2.38 V              ; -0.016 V            ; 0.22 V                               ; 0.025 V                              ; 3.06e-10 s                  ; 3.3e-10 s                   ; Yes                        ; Yes                        ; 2.32 V                      ; 5.95e-09 V                  ; 2.38 V             ; -0.016 V           ; 0.22 V                              ; 0.025 V                             ; 3.06e-10 s                 ; 3.3e-10 s                  ; Yes                       ; Yes                       ;
; d[26]         ; 2.5 V        ; 0 s                 ; 0 s                 ; 2.32 V                       ; 5.95e-09 V                   ; 2.38 V              ; -0.016 V            ; 0.22 V                               ; 0.025 V                              ; 3.06e-10 s                  ; 3.3e-10 s                   ; Yes                        ; Yes                        ; 2.32 V                      ; 5.95e-09 V                  ; 2.38 V             ; -0.016 V           ; 0.22 V                              ; 0.025 V                             ; 3.06e-10 s                 ; 3.3e-10 s                  ; Yes                       ; Yes                       ;
; d[27]         ; 2.5 V        ; 0 s                 ; 0 s                 ; 2.32 V                       ; 5.95e-09 V                   ; 2.38 V              ; -0.016 V            ; 0.22 V                               ; 0.025 V                              ; 3.06e-10 s                  ; 3.3e-10 s                   ; Yes                        ; Yes                        ; 2.32 V                      ; 5.95e-09 V                  ; 2.38 V             ; -0.016 V           ; 0.22 V                              ; 0.025 V                             ; 3.06e-10 s                 ; 3.3e-10 s                  ; Yes                       ; Yes                       ;
; d[28]         ; 2.5 V        ; 0 s                 ; 0 s                 ; 2.32 V                       ; 5.95e-09 V                   ; 2.38 V              ; -0.016 V            ; 0.22 V                               ; 0.025 V                              ; 3.06e-10 s                  ; 3.3e-10 s                   ; Yes                        ; Yes                        ; 2.32 V                      ; 5.95e-09 V                  ; 2.38 V             ; -0.016 V           ; 0.22 V                              ; 0.025 V                             ; 3.06e-10 s                 ; 3.3e-10 s                  ; Yes                       ; Yes                       ;
; d[29]         ; 2.5 V        ; 0 s                 ; 0 s                 ; 2.32 V                       ; 5.95e-09 V                   ; 2.38 V              ; -0.016 V            ; 0.22 V                               ; 0.025 V                              ; 3.06e-10 s                  ; 3.3e-10 s                   ; Yes                        ; Yes                        ; 2.32 V                      ; 5.95e-09 V                  ; 2.38 V             ; -0.016 V           ; 0.22 V                              ; 0.025 V                             ; 3.06e-10 s                 ; 3.3e-10 s                  ; Yes                       ; Yes                       ;
; d[30]         ; 2.5 V        ; 0 s                 ; 0 s                 ; 2.32 V                       ; 5.95e-09 V                   ; 2.38 V              ; -0.016 V            ; 0.22 V                               ; 0.025 V                              ; 3.06e-10 s                  ; 3.3e-10 s                   ; Yes                        ; Yes                        ; 2.32 V                      ; 5.95e-09 V                  ; 2.38 V             ; -0.016 V           ; 0.22 V                              ; 0.025 V                             ; 3.06e-10 s                 ; 3.3e-10 s                  ; Yes                       ; Yes                       ;
; d[31]         ; 2.5 V        ; 0 s                 ; 0 s                 ; 2.32 V                       ; 5.95e-09 V                   ; 2.38 V              ; -0.016 V            ; 0.22 V                               ; 0.025 V                              ; 3.06e-10 s                  ; 3.3e-10 s                   ; Yes                        ; Yes                        ; 2.32 V                      ; 5.95e-09 V                  ; 2.38 V             ; -0.016 V           ; 0.22 V                              ; 0.025 V                             ; 3.06e-10 s                 ; 3.3e-10 s                  ; Yes                       ; Yes                       ;
; flags[0]      ; 2.5 V        ; 0 s                 ; 0 s                 ; 2.32 V                       ; 4.44e-09 V                   ; 2.38 V              ; -0.0145 V           ; 0.169 V                              ; 0.026 V                              ; 4.83e-10 s                  ; 4.71e-10 s                  ; Yes                        ; Yes                        ; 2.32 V                      ; 4.44e-09 V                  ; 2.38 V             ; -0.0145 V          ; 0.169 V                             ; 0.026 V                             ; 4.83e-10 s                 ; 4.71e-10 s                 ; Yes                       ; Yes                       ;
; flags[1]      ; 2.5 V        ; 0 s                 ; 0 s                 ; 2.32 V                       ; 5.95e-09 V                   ; 2.38 V              ; -0.016 V            ; 0.22 V                               ; 0.025 V                              ; 3.06e-10 s                  ; 3.3e-10 s                   ; Yes                        ; Yes                        ; 2.32 V                      ; 5.95e-09 V                  ; 2.38 V             ; -0.016 V           ; 0.22 V                              ; 0.025 V                             ; 3.06e-10 s                 ; 3.3e-10 s                  ; Yes                       ; Yes                       ;
; flags[2]      ; 2.5 V        ; 0 s                 ; 0 s                 ; 2.32 V                       ; 4.44e-09 V                   ; 2.38 V              ; -0.0145 V           ; 0.169 V                              ; 0.026 V                              ; 4.83e-10 s                  ; 4.71e-10 s                  ; Yes                        ; Yes                        ; 2.32 V                      ; 4.44e-09 V                  ; 2.38 V             ; -0.0145 V          ; 0.169 V                             ; 0.026 V                             ; 4.83e-10 s                 ; 4.71e-10 s                 ; Yes                       ; Yes                       ;
; flags[3]      ; 2.5 V        ; 0 s                 ; 0 s                 ; 2.32 V                       ; 5.95e-09 V                   ; 2.38 V              ; -0.016 V            ; 0.22 V                               ; 0.025 V                              ; 3.06e-10 s                  ; 3.3e-10 s                   ; Yes                        ; Yes                        ; 2.32 V                      ; 5.95e-09 V                  ; 2.38 V             ; -0.016 V           ; 0.22 V                              ; 0.025 V                             ; 3.06e-10 s                 ; 3.3e-10 s                  ; Yes                       ; Yes                       ;
; flags[4]      ; 2.5 V        ; 0 s                 ; 0 s                 ; 2.32 V                       ; 4.44e-09 V                   ; 2.38 V              ; -0.0145 V           ; 0.169 V                              ; 0.026 V                              ; 4.83e-10 s                  ; 4.71e-10 s                  ; Yes                        ; Yes                        ; 2.32 V                      ; 4.44e-09 V                  ; 2.38 V             ; -0.0145 V          ; 0.169 V                             ; 0.026 V                             ; 4.83e-10 s                 ; 4.71e-10 s                 ; Yes                       ; Yes                       ;
; ~ALTERA_DCLK~ ; 2.5 V        ; 0 s                 ; 0 s                 ; 2.32 V                       ; 3.45e-09 V                   ; 2.38 V              ; -0.0609 V           ; 0.148 V                              ; 0.095 V                              ; 2.82e-10 s                  ; 2.59e-10 s                  ; Yes                        ; Yes                        ; 2.32 V                      ; 3.45e-09 V                  ; 2.38 V             ; -0.0609 V          ; 0.148 V                             ; 0.095 V                             ; 2.82e-10 s                 ; 2.59e-10 s                 ; Yes                       ; Yes                       ;
; ~ALTERA_nCEO~ ; 2.5 V        ; 0 s                 ; 0 s                 ; 2.32 V                       ; 5.61e-09 V                   ; 2.38 V              ; -0.00274 V          ; 0.141 V                              ; 0.006 V                              ; 4.7e-10 s                   ; 6.02e-10 s                  ; Yes                        ; Yes                        ; 2.32 V                      ; 5.61e-09 V                  ; 2.38 V             ; -0.00274 V         ; 0.141 V                             ; 0.006 V                             ; 4.7e-10 s                  ; 6.02e-10 s                 ; Yes                       ; Yes                       ;
+---------------+--------------+---------------------+---------------------+------------------------------+------------------------------+---------------------+---------------------+--------------------------------------+--------------------------------------+-----------------------------+-----------------------------+----------------------------+----------------------------+-----------------------------+-----------------------------+--------------------+--------------------+-------------------------------------+-------------------------------------+----------------------------+----------------------------+---------------------------+---------------------------+


+--------------------------------------------------------------------------------------------------------------------------------------------------------------------------------------------------------------------------------------------------------------------------------------------------------------------------------------------------------------------------------------------------------------------------------------------------------------------------------------------------------------------------------------------------------------------------------------------------------------------------------------------------------------------------------------------+
; Signal Integrity Metrics (Slow 1200mv 85c Model)                                                                                                                                                                                                                                                                                                                                                                                                                                                                                                                                                                                                                                           ;
+---------------+--------------+---------------------+---------------------+------------------------------+------------------------------+---------------------+---------------------+--------------------------------------+--------------------------------------+-----------------------------+-----------------------------+----------------------------+----------------------------+-----------------------------+-----------------------------+--------------------+--------------------+-------------------------------------+-------------------------------------+----------------------------+----------------------------+---------------------------+---------------------------+
; Pin           ; I/O Standard ; Board Delay on Rise ; Board Delay on Fall ; Steady State Voh at FPGA Pin ; Steady State Vol at FPGA Pin ; Voh Max at FPGA Pin ; Vol Min at FPGA Pin ; Ringback Voltage on Rise at FPGA Pin ; Ringback Voltage on Fall at FPGA Pin ; 10-90 Rise Time at FPGA Pin ; 90-10 Fall Time at FPGA Pin ; Monotonic Rise at FPGA Pin ; Monotonic Fall at FPGA Pin ; Steady State Voh at Far-end ; Steady State Vol at Far-end ; Voh Max at Far-end ; Vol Min at Far-end ; Ringback Voltage on Rise at Far-end ; Ringback Voltage on Fall at Far-end ; 10-90 Rise Time at Far-end ; 90-10 Fall Time at Far-end ; Monotonic Rise at Far-end ; Monotonic Fall at Far-end ;
+---------------+--------------+---------------------+---------------------+------------------------------+------------------------------+---------------------+---------------------+--------------------------------------+--------------------------------------+-----------------------------+-----------------------------+----------------------------+----------------------------+-----------------------------+-----------------------------+--------------------+--------------------+-------------------------------------+-------------------------------------+----------------------------+----------------------------+---------------------------+---------------------------+
; out_valid     ; 2.5 V        ; 0 s                 ; 0 s                 ; 2.32 V                       ; 1.06e-06 V                   ; 2.36 V              ; -0.00724 V          ; 0.107 V                              ; 0.02 V                               ; 4.5e-10 s                   ; 4.25e-10 s                  ; Yes                        ; Yes                        ; 2.32 V                      ; 1.06e-06 V                  ; 2.36 V             ; -0.00724 V         ; 0.107 V                             ; 0.02 V                              ; 4.5e-10 s                  ; 4.25e-10 s                 ; Yes                       ; Yes                       ;
; d[0]          ; 2.5 V        ; 0 s                 ; 0 s                 ; 2.32 V                       ; 7.16e-07 V                   ; 2.35 V              ; -0.00832 V          ; 0.101 V                              ; 0.024 V                              ; 6.39e-10 s                  ; 6e-10 s                     ; Yes                        ; Yes                        ; 2.32 V                      ; 7.16e-07 V                  ; 2.35 V             ; -0.00832 V         ; 0.101 V                             ; 0.024 V                             ; 6.39e-10 s                 ; 6e-10 s                    ; Yes                       ; Yes                       ;
; d[1]          ; 2.5 V        ; 0 s                 ; 0 s                 ; 2.32 V                       ; 1.06e-06 V                   ; 2.36 V              ; -0.00724 V          ; 0.107 V                              ; 0.02 V                               ; 4.5e-10 s                   ; 4.25e-10 s                  ; Yes                        ; Yes                        ; 2.32 V                      ; 1.06e-06 V                  ; 2.36 V             ; -0.00724 V         ; 0.107 V                             ; 0.02 V                              ; 4.5e-10 s                  ; 4.25e-10 s                 ; Yes                       ; Yes                       ;
; d[2]          ; 2.5 V        ; 0 s                 ; 0 s                 ; 2.32 V                       ; 1.06e-06 V                   ; 2.36 V              ; -0.00724 V          ; 0.107 V                              ; 0.02 V                               ; 4.5e-10 s                   ; 4.25e-10 s                  ; Yes                        ; Yes                        ; 2.32 V                      ; 1.06e-06 V                  ; 2.36 V             ; -0.00724 V         ; 0.107 V                             ; 0.02 V                              ; 4.5e-10 s                  ; 4.25e-10 s                 ; Yes                       ; Yes                       ;
; d[3]          ; 2.5 V        ; 0 s                 ; 0 s                 ; 2.32 V                       ; 1.06e-06 V                   ; 2.36 V              ; -0.00724 V          ; 0.107 V                              ; 0.02 V                               ; 4.5e-10 s                   ; 4.25e-10 s                  ; Yes                        ; Yes                        ; 2.32 V                      ; 1.06e-06 V                  ; 2.36 V             ; -0.00724 V         ; 0.107 V                             ; 0.02 V                              ; 4.5e-10 s                  ; 4.25e-10 s                 ; Yes                       ; Yes                       ;
; d[4]          ; 2.5 V        ; 0 s                 ; 0 s                 ; 2.32 V                       ; 7.16e-07 V                   ; 2.36 V              ; -0.00476 V          ; 0.096 V                              ; 0.013 V                              ; 4.39e-10 s                  ; 4.15e-10 s                  ; Yes                        ; Yes                        ; 2.32 V                      ; 7.16e-07 V                  ; 2.36 V             ; -0.00476 V         ; 0.096 V                             ; 0.013 V                             ; 4.39e-10 s                 ; 4.15e-10 s                 ; Yes                       ; Yes                       ;
; d[5]          ; 2.5 V        ; 0 s                 ; 0 s                 ; 2.32 V                       ; 1.06e-06 V                   ; 2.36 V              ; -0.00724 V          ; 0.107 V                              ; 0.02 V                               ; 4.5e-10 s                   ; 4.25e-10 s                  ; Yes                        ; Yes                        ; 2.32 V                      ; 1.06e-06 V                  ; 2.36 V             ; -0.00724 V         ; 0.107 V                             ; 0.02 V                              ; 4.5e-10 s                  ; 4.25e-10 s                 ; Yes                       ; Yes                       ;
; d[6]          ; 2.5 V        ; 0 s                 ; 0 s                 ; 2.32 V                       ; 1.06e-06 V                   ; 2.36 V              ; -0.00724 V          ; 0.107 V                              ; 0.02 V                               ; 4.5e-10 s                   ; 4.25e-10 s                  ; Yes                        ; Yes                        ; 2.32 V                      ; 1.06e-06 V                  ; 2.36 V             ; -0.00724 V         ; 0.107 V                             ; 0.02 V                              ; 4.5e-10 s                  ; 4.25e-10 s                 ; Yes                       ; Yes                       ;
; d[7]          ; 2.5 V        ; 0 s                 ; 0 s                 ; 2.32 V                       ; 1.06e-06 V                   ; 2.36 V              ; -0.00724 V          ; 0.107 V                              ; 0.02 V                               ; 4.5e-10 s                   ; 4.25e-10 s                  ; Yes                        ; Yes                        ; 2.32 V                      ; 1.06e-06 V                  ; 2.36 V             ; -0.00724 V         ; 0.107 V                             ; 0.02 V                              ; 4.5e-10 s                  ; 4.25e-10 s                 ; Yes                       ; Yes                       ;
; d[8]          ; 2.5 V        ; 0 s                 ; 0 s                 ; 2.32 V                       ; 1.06e-06 V                   ; 2.33 V              ; -0.00344 V          ; 0.134 V                              ; 0.075 V                              ; 3.33e-09 s                  ; 3.16e-09 s                  ; Yes                        ; Yes                        ; 2.32 V                      ; 1.06e-06 V                  ; 2.33 V             ; -0.00344 V         ; 0.134 V                             ; 0.075 V                             ; 3.33e-09 s                 ; 3.16e-09 s                 ; Yes                       ; Yes                       ;
; d[9]          ; 2.5 V        ; 0 s                 ; 0 s                 ; 2.32 V                       ; 1.06e-06 V                   ; 2.36 V              ; -0.00724 V          ; 0.107 V                              ; 0.02 V                               ; 4.5e-10 s                   ; 4.25e-10 s                  ; Yes                        ; Yes                        ; 2.32 V                      ; 1.06e-06 V                  ; 2.36 V             ; -0.00724 V         ; 0.107 V                             ; 0.02 V                              ; 4.5e-10 s                  ; 4.25e-10 s                 ; Yes                       ; Yes                       ;
; d[10]         ; 2.5 V        ; 0 s                 ; 0 s                 ; 2.32 V                       ; 1.06e-06 V                   ; 2.36 V              ; -0.00724 V          ; 0.107 V                              ; 0.02 V                               ; 4.5e-10 s                   ; 4.25e-10 s                  ; Yes                        ; Yes                        ; 2.32 V                      ; 1.06e-06 V                  ; 2.36 V             ; -0.00724 V         ; 0.107 V                             ; 0.02 V                              ; 4.5e-10 s                  ; 4.25e-10 s                 ; Yes                       ; Yes                       ;
; d[11]         ; 2.5 V        ; 0 s                 ; 0 s                 ; 2.32 V                       ; 1.06e-06 V                   ; 2.36 V              ; -0.00724 V          ; 0.107 V                              ; 0.02 V                               ; 4.5e-10 s                   ; 4.25e-10 s                  ; Yes                        ; Yes                        ; 2.32 V                      ; 1.06e-06 V                  ; 2.36 V             ; -0.00724 V         ; 0.107 V                             ; 0.02 V                              ; 4.5e-10 s                  ; 4.25e-10 s                 ; Yes                       ; Yes                       ;
; d[12]         ; 2.5 V        ; 0 s                 ; 0 s                 ; 2.32 V                       ; 7.16e-07 V                   ; 2.33 V              ; -0.00349 V          ; 0.163 V                              ; 0.074 V                              ; 3.33e-09 s                  ; 3.14e-09 s                  ; Yes                        ; Yes                        ; 2.32 V                      ; 7.16e-07 V                  ; 2.33 V             ; -0.00349 V         ; 0.163 V                             ; 0.074 V                             ; 3.33e-09 s                 ; 3.14e-09 s                 ; Yes                       ; Yes                       ;
; d[13]         ; 2.5 V        ; 0 s                 ; 0 s                 ; 2.32 V                       ; 7.16e-07 V                   ; 2.35 V              ; -0.00832 V          ; 0.101 V                              ; 0.024 V                              ; 6.39e-10 s                  ; 6e-10 s                     ; Yes                        ; Yes                        ; 2.32 V                      ; 7.16e-07 V                  ; 2.35 V             ; -0.00832 V         ; 0.101 V                             ; 0.024 V                             ; 6.39e-10 s                 ; 6e-10 s                    ; Yes                       ; Yes                       ;
; d[14]         ; 2.5 V        ; 0 s                 ; 0 s                 ; 2.32 V                       ; 7.16e-07 V                   ; 2.35 V              ; -0.00832 V          ; 0.101 V                              ; 0.024 V                              ; 6.39e-10 s                  ; 6e-10 s                     ; Yes                        ; Yes                        ; 2.32 V                      ; 7.16e-07 V                  ; 2.35 V             ; -0.00832 V         ; 0.101 V                             ; 0.024 V                             ; 6.39e-10 s                 ; 6e-10 s                    ; Yes                       ; Yes                       ;
; d[15]         ; 2.5 V        ; 0 s                 ; 0 s                 ; 2.32 V                       ; 1.06e-06 V                   ; 2.36 V              ; -0.00724 V          ; 0.107 V                              ; 0.02 V                               ; 4.5e-10 s                   ; 4.25e-10 s                  ; Yes                        ; Yes                        ; 2.32 V                      ; 1.06e-06 V                  ; 2.36 V             ; -0.00724 V         ; 0.107 V                             ; 0.02 V                              ; 4.5e-10 s                  ; 4.25e-10 s                 ; Yes                       ; Yes                       ;
; d[16]         ; 2.5 V        ; 0 s                 ; 0 s                 ; 2.32 V                       ; 7.16e-07 V                   ; 2.35 V              ; -0.00832 V          ; 0.101 V                              ; 0.024 V                              ; 6.39e-10 s                  ; 6e-10 s                     ; Yes                        ; Yes                        ; 2.32 V                      ; 7.16e-07 V                  ; 2.35 V             ; -0.00832 V         ; 0.101 V                             ; 0.024 V                             ; 6.39e-10 s                 ; 6e-10 s                    ; Yes                       ; Yes                       ;
; d[17]         ; 2.5 V        ; 0 s                 ; 0 s                 ; 2.32 V                       ; 1.06e-06 V                   ; 2.36 V              ; -0.00724 V          ; 0.107 V                              ; 0.02 V                               ; 4.5e-10 s                   ; 4.25e-10 s                  ; Yes                        ; Yes                        ; 2.32 V                      ; 1.06e-06 V                  ; 2.36 V             ; -0.00724 V         ; 0.107 V                             ; 0.02 V                              ; 4.5e-10 s                  ; 4.25e-10 s                 ; Yes                       ; Yes                       ;
; d[18]         ; 2.5 V        ; 0 s                 ; 0 s                 ; 2.32 V                       ; 1.06e-06 V                   ; 2.33 V              ; -0.00344 V          ; 0.134 V                              ; 0.075 V                              ; 3.33e-09 s                  ; 3.16e-09 s                  ; Yes                        ; Yes                        ; 2.32 V                      ; 1.06e-06 V                  ; 2.33 V             ; -0.00344 V         ; 0.134 V                             ; 0.075 V                             ; 3.33e-09 s                 ; 3.16e-09 s                 ; Yes                       ; Yes                       ;
; d[19]         ; 2.5 V        ; 0 s                 ; 0 s                 ; 2.32 V                       ; 7.16e-07 V                   ; 2.35 V              ; -0.00832 V          ; 0.101 V                              ; 0.024 V                              ; 6.39e-10 s                  ; 6e-10 s                     ; Yes                        ; Yes                        ; 2.32 V                      ; 7.16e-07 V                  ; 2.35 V             ; -0.00832 V         ; 0.101 V                             ; 0.024 V                             ; 6.39e-10 s                 ; 6e-10 s                    ; Yes                       ; Yes                       ;
; d[20]         ; 2.5 V        ; 0 s                 ; 0 s                 ; 2.32 V                       ; 1.06e-06 V                   ; 2.36 V              ; -0.00724 V          ; 0.107 V                              ; 0.02 V                               ; 4.5e-10 s                   ; 4.25e-10 s                  ; Yes                        ; Yes                        ; 2.32 V                      ; 1.06e-06 V                  ; 2.36 V             ; -0.00724 V         ; 0.107 V                             ; 0.02 V                              ; 4.5e-10 s                  ; 4.25e-10 s                 ; Yes                       ; Yes                       ;
; d[21]         ; 2.5 V        ; 0 s                 ; 0 s                 ; 2.32 V                       ; 1.06e-06 V                   ; 2.36 V              ; -0.00724 V          ; 0.107 V                              ; 0.02 V                               ; 4.5e-10 s                   ; 4.25e-10 s                  ; Yes                        ; Yes                        ; 2.32 V                      ; 1.06e-06 V                  ; 2.36 V             ; -0.00724 V         ; 0.107 V                             ; 0.02 V                              ; 4.5e-10 s                  ; 4.25e-10 s                 ; Yes                       ; Yes                       ;
; d[22]         ; 2.5 V        ; 0 s                 ; 0 s                 ; 2.32 V                       ; 1.06e-06 V                   ; 2.36 V              ; -0.00724 V          ; 0.107 V                              ; 0.02 V                               ; 4.5e-10 s                   ; 4.25e-10 s                  ; Yes                        ; Yes                        ; 2.32 V                      ; 1.06e-06 V                  ; 2.36 V             ; -0.00724 V         ; 0.107 V                             ; 0.02 V                              ; 4.5e-10 s                  ; 4.25e-10 s                 ; Yes                       ; Yes                       ;
; d[23]         ; 2.5 V        ; 0 s                 ; 0 s                 ; 2.32 V                       ; 1.06e-06 V                   ; 2.36 V              ; -0.00724 V          ; 0.107 V                              ; 0.02 V                               ; 4.5e-10 s                   ; 4.25e-10 s                  ; Yes                        ; Yes                        ; 2.32 V                      ; 1.06e-06 V                  ; 2.36 V             ; -0.00724 V         ; 0.107 V                             ; 0.02 V                              ; 4.5e-10 s                  ; 4.25e-10 s                 ; Yes                       ; Yes                       ;
; d[24]         ; 2.5 V        ; 0 s                 ; 0 s                 ; 2.32 V                       ; 1.06e-06 V                   ; 2.36 V              ; -0.00724 V          ; 0.107 V                              ; 0.02 V                               ; 4.5e-10 s                   ; 4.25e-10 s                  ; Yes                        ; Yes                        ; 2.32 V                      ; 1.06e-06 V                  ; 2.36 V             ; -0.00724 V         ; 0.107 V                             ; 0.02 V                              ; 4.5e-10 s                  ; 4.25e-10 s                 ; Yes                       ; Yes                       ;
; d[25]         ; 2.5 V        ; 0 s                 ; 0 s                 ; 2.32 V                       ; 1.06e-06 V                   ; 2.36 V              ; -0.00724 V          ; 0.107 V                              ; 0.02 V                               ; 4.5e-10 s                   ; 4.25e-10 s                  ; Yes                        ; Yes                        ; 2.32 V                      ; 1.06e-06 V                  ; 2.36 V             ; -0.00724 V         ; 0.107 V                             ; 0.02 V                              ; 4.5e-10 s                  ; 4.25e-10 s                 ; Yes                       ; Yes                       ;
; d[26]         ; 2.5 V        ; 0 s                 ; 0 s                 ; 2.32 V                       ; 1.06e-06 V                   ; 2.36 V              ; -0.00724 V          ; 0.107 V                              ; 0.02 V                               ; 4.5e-10 s                   ; 4.25e-10 s                  ; Yes                        ; Yes                        ; 2.32 V                      ; 1.06e-06 V                  ; 2.36 V             ; -0.00724 V         ; 0.107 V                             ; 0.02 V                              ; 4.5e-10 s                  ; 4.25e-10 s                 ; Yes                       ; Yes                       ;
; d[27]         ; 2.5 V        ; 0 s                 ; 0 s                 ; 2.32 V                       ; 1.06e-06 V                   ; 2.36 V              ; -0.00724 V          ; 0.107 V                              ; 0.02 V                               ; 4.5e-10 s                   ; 4.25e-10 s                  ; Yes                        ; Yes                        ; 2.32 V                      ; 1.06e-06 V                  ; 2.36 V             ; -0.00724 V         ; 0.107 V                             ; 0.02 V                              ; 4.5e-10 s                  ; 4.25e-10 s                 ; Yes                       ; Yes                       ;
; d[28]         ; 2.5 V        ; 0 s                 ; 0 s                 ; 2.32 V                       ; 1.06e-06 V                   ; 2.36 V              ; -0.00724 V          ; 0.107 V                              ; 0.02 V                               ; 4.5e-10 s                   ; 4.25e-10 s                  ; Yes                        ; Yes                        ; 2.32 V                      ; 1.06e-06 V                  ; 2.36 V             ; -0.00724 V         ; 0.107 V                             ; 0.02 V                              ; 4.5e-10 s                  ; 4.25e-10 s                 ; Yes                       ; Yes                       ;
; d[29]         ; 2.5 V        ; 0 s                 ; 0 s                 ; 2.32 V                       ; 1.06e-06 V                   ; 2.36 V              ; -0.00724 V          ; 0.107 V                              ; 0.02 V                               ; 4.5e-10 s                   ; 4.25e-10 s                  ; Yes                        ; Yes                        ; 2.32 V                      ; 1.06e-06 V                  ; 2.36 V             ; -0.00724 V         ; 0.107 V                             ; 0.02 V                              ; 4.5e-10 s                  ; 4.25e-10 s                 ; Yes                       ; Yes                       ;
; d[30]         ; 2.5 V        ; 0 s                 ; 0 s                 ; 2.32 V                       ; 1.06e-06 V                   ; 2.36 V              ; -0.00724 V          ; 0.107 V                              ; 0.02 V                               ; 4.5e-10 s                   ; 4.25e-10 s                  ; Yes                        ; Yes                        ; 2.32 V                      ; 1.06e-06 V                  ; 2.36 V             ; -0.00724 V         ; 0.107 V                             ; 0.02 V                              ; 4.5e-10 s                  ; 4.25e-10 s                 ; Yes                       ; Yes                       ;
; d[31]         ; 2.5 V        ; 0 s                 ; 0 s                 ; 2.32 V                       ; 1.06e-06 V                   ; 2.36 V              ; -0.00724 V          ; 0.107 V                              ; 0.02 V                               ; 4.5e-10 s                   ; 4.25e-10 s                  ; Yes                        ; Yes                        ; 2.32 V                      ; 1.06e-06 V                  ; 2.36 V             ; -0.00724 V         ; 0.107 V                             ; 0.02 V                              ; 4.5e-10 s                  ; 4.25e-10 s                 ; Yes                       ; Yes                       ;
; flags[0]      ; 2.5 V        ; 0 s                 ; 0 s                 ; 2.32 V                       ; 7.16e-07 V                   ; 2.35 V              ; -0.00832 V          ; 0.101 V                              ; 0.024 V                              ; 6.39e-10 s                  ; 6e-10 s                     ; Yes                        ; Yes                        ; 2.32 V                      ; 7.16e-07 V                  ; 2.35 V             ; -0.00832 V         ; 0.101 V                             ; 0.024 V                             ; 6.39e-10 s                 ; 6e-10 s                    ; Yes                       ; Yes                       ;
; flags[1]      ; 2.5 V        ; 0 s                 ; 0 s                 ; 2.32 V                       ; 1.06e-06 V                   ; 2.36 V              ; -0.00724 V          ; 0.107 V                              ; 0.02 V                               ; 4.5e-10 s                   ; 4.25e-10 s                  ; Yes                        ; Yes                        ; 2.32 V                      ; 1.06e-06 V                  ; 2.36 V             ; -0.00724 V         ; 0.107 V                             ; 0.02 V                              ; 4.5e-10 s                  ; 4.25e-10 s                 ; Yes                       ; Yes                       ;
; flags[2]      ; 2.5 V        ; 0 s                 ; 0 s                 ; 2.32 V                       ; 7.16e-07 V                   ; 2.35 V              ; -0.00832 V          ; 0.101 V                              ; 0.024 V                              ; 6.39e-10 s                  ; 6e-10 s                     ; Yes                        ; Yes                        ; 2.32 V                      ; 7.16e-07 V                  ; 2.35 V             ; -0.00832 V         ; 0.101 V                             ; 0.024 V                             ; 6.39e-10 s                 ; 6e-10 s                    ; Yes                       ; Yes                       ;
; flags[3]      ; 2.5 V        ; 0 s                 ; 0 s                 ; 2.32 V                       ; 1.06e-06 V                   ; 2.36 V              ; -0.00724 V          ; 0.107 V                              ; 0.02 V                               ; 4.5e-10 s                   ; 4.25e-10 s                  ; Yes                        ; Yes                        ; 2.32 V                      ; 1.06e-06 V                  ; 2.36 V             ; -0.00724 V         ; 0.107 V                             ; 0.02 V                              ; 4.5e-10 s                  ; 4.25e-10 s                 ; Yes                       ; Yes                       ;
; flags[4]      ; 2.5 V        ; 0 s                 ; 0 s                 ; 2.32 V                       ; 7.16e-07 V                   ; 2.35 V              ; -0.00832 V          ; 0.101 V                              ; 0.024 V                              ; 6.39e-10 s                  ; 6e-10 s                     ; Yes                        ; Yes                        ; 2.32 V                      ; 7.16e-07 V                  ; 2.35 V             ; -0.00832 V         ; 0.101 V                             ; 0.024 V                             ; 6.39e-10 s                 ; 6e-10 s                    ; Yes                       ; Yes                       ;
; ~ALTERA_DCLK~ ; 2.5 V        ; 0 s                 ; 0 s                 ; 2.32 V                       ; 5.74e-07 V                   ; 2.36 V              ; -0.0201 V           ; 0.072 V                              ; 0.033 V                              ; 4.04e-10 s                  ; 3.29e-10 s                  ; Yes                        ; Yes                        ; 2.32 V                      ; 5.74e-07 V                  ; 2.36 V             ; -0.0201 V          ; 0.072 V                             ; 0.033 V                             ; 4.04e-10 s                 ; 3.29e-10 s                 ; Yes                       ; Yes                       ;
; ~ALTERA_nCEO~ ; 2.5 V        ; 0 s                 ; 0 s                 ; 2.32 V                       ; 9.45e-07 V                   ; 2.35 V              ; -0.00643 V          ; 0.081 V                              ; 0.031 V                              ; 5.31e-10 s                  ; 7.59e-10 s                  ; Yes                        ; Yes                        ; 2.32 V                      ; 9.45e-07 V                  ; 2.35 V             ; -0.00643 V         ; 0.081 V                             ; 0.031 V                             ; 5.31e-10 s                 ; 7.59e-10 s                 ; Yes                       ; Yes                       ;
+---------------+--------------+---------------------+---------------------+------------------------------+------------------------------+---------------------+---------------------+--------------------------------------+--------------------------------------+-----------------------------+-----------------------------+----------------------------+----------------------------+-----------------------------+-----------------------------+--------------------+--------------------+-------------------------------------+-------------------------------------+----------------------------+----------------------------+---------------------------+---------------------------+


+--------------------------------------------------------------------------------------------------------------------------------------------------------------------------------------------------------------------------------------------------------------------------------------------------------------------------------------------------------------------------------------------------------------------------------------------------------------------------------------------------------------------------------------------------------------------------------------------------------------------------------------------------------------------------------------------+
; Signal Integrity Metrics (Fast 1200mv 0c Model)                                                                                                                                                                                                                                                                                                                                                                                                                                                                                                                                                                                                                                            ;
+---------------+--------------+---------------------+---------------------+------------------------------+------------------------------+---------------------+---------------------+--------------------------------------+--------------------------------------+-----------------------------+-----------------------------+----------------------------+----------------------------+-----------------------------+-----------------------------+--------------------+--------------------+-------------------------------------+-------------------------------------+----------------------------+----------------------------+---------------------------+---------------------------+
; Pin           ; I/O Standard ; Board Delay on Rise ; Board Delay on Fall ; Steady State Voh at FPGA Pin ; Steady State Vol at FPGA Pin ; Voh Max at FPGA Pin ; Vol Min at FPGA Pin ; Ringback Voltage on Rise at FPGA Pin ; Ringback Voltage on Fall at FPGA Pin ; 10-90 Rise Time at FPGA Pin ; 90-10 Fall Time at FPGA Pin ; Monotonic Rise at FPGA Pin ; Monotonic Fall at FPGA Pin ; Steady State Voh at Far-end ; Steady State Vol at Far-end ; Voh Max at Far-end ; Vol Min at Far-end ; Ringback Voltage on Rise at Far-end ; Ringback Voltage on Fall at Far-end ; 10-90 Rise Time at Far-end ; 90-10 Fall Time at Far-end ; Monotonic Rise at Far-end ; Monotonic Fall at Far-end ;
+---------------+--------------+---------------------+---------------------+------------------------------+------------------------------+---------------------+---------------------+--------------------------------------+--------------------------------------+-----------------------------+-----------------------------+----------------------------+----------------------------+-----------------------------+-----------------------------+--------------------+--------------------+-------------------------------------+-------------------------------------+----------------------------+----------------------------+---------------------------+---------------------------+
; out_valid     ; 2.5 V        ; 0 s                 ; 0 s                 ; 2.62 V                       ; 4.05e-08 V                   ; 2.72 V              ; -0.0349 V           ; 0.173 V                              ; 0.1 V                                ; 2.72e-10 s                  ; 2.69e-10 s                  ; Yes                        ; Yes                        ; 2.62 V                      ; 4.05e-08 V                  ; 2.72 V             ; -0.0349 V          ; 0.173 V                             ; 0.1 V                               ; 2.72e-10 s                 ; 2.69e-10 s                 ; Yes                       ; Yes                       ;
; d[0]          ; 2.5 V        ; 0 s                 ; 0 s                 ; 2.62 V                       ; 2.74e-08 V                   ; 2.71 V              ; -0.0317 V           ; 0.148 V                              ; 0.064 V                              ; 4.51e-10 s                  ; 4.15e-10 s                  ; No                         ; Yes                        ; 2.62 V                      ; 2.74e-08 V                  ; 2.71 V             ; -0.0317 V          ; 0.148 V                             ; 0.064 V                             ; 4.51e-10 s                 ; 4.15e-10 s                 ; No                        ; Yes                       ;
; d[1]          ; 2.5 V        ; 0 s                 ; 0 s                 ; 2.62 V                       ; 4.05e-08 V                   ; 2.72 V              ; -0.0349 V           ; 0.173 V                              ; 0.1 V                                ; 2.72e-10 s                  ; 2.69e-10 s                  ; Yes                        ; Yes                        ; 2.62 V                      ; 4.05e-08 V                  ; 2.72 V             ; -0.0349 V          ; 0.173 V                             ; 0.1 V                               ; 2.72e-10 s                 ; 2.69e-10 s                 ; Yes                       ; Yes                       ;
; d[2]          ; 2.5 V        ; 0 s                 ; 0 s                 ; 2.62 V                       ; 4.05e-08 V                   ; 2.72 V              ; -0.0349 V           ; 0.173 V                              ; 0.1 V                                ; 2.72e-10 s                  ; 2.69e-10 s                  ; Yes                        ; Yes                        ; 2.62 V                      ; 4.05e-08 V                  ; 2.72 V             ; -0.0349 V          ; 0.173 V                             ; 0.1 V                               ; 2.72e-10 s                 ; 2.69e-10 s                 ; Yes                       ; Yes                       ;
; d[3]          ; 2.5 V        ; 0 s                 ; 0 s                 ; 2.62 V                       ; 4.05e-08 V                   ; 2.72 V              ; -0.0349 V           ; 0.173 V                              ; 0.1 V                                ; 2.72e-10 s                  ; 2.69e-10 s                  ; Yes                        ; Yes                        ; 2.62 V                      ; 4.05e-08 V                  ; 2.72 V             ; -0.0349 V          ; 0.173 V                             ; 0.1 V                               ; 2.72e-10 s                 ; 2.69e-10 s                 ; Yes                       ; Yes                       ;
; d[4]          ; 2.5 V        ; 0 s                 ; 0 s                 ; 2.62 V                       ; 2.74e-08 V                   ; 2.73 V              ; -0.0384 V           ; 0.169 V                              ; 0.089 V                              ; 2.7e-10 s                   ; 2.62e-10 s                  ; Yes                        ; Yes                        ; 2.62 V                      ; 2.74e-08 V                  ; 2.73 V             ; -0.0384 V          ; 0.169 V                             ; 0.089 V                             ; 2.7e-10 s                  ; 2.62e-10 s                 ; Yes                       ; Yes                       ;
; d[5]          ; 2.5 V        ; 0 s                 ; 0 s                 ; 2.62 V                       ; 4.05e-08 V                   ; 2.72 V              ; -0.0349 V           ; 0.173 V                              ; 0.1 V                                ; 2.72e-10 s                  ; 2.69e-10 s                  ; Yes                        ; Yes                        ; 2.62 V                      ; 4.05e-08 V                  ; 2.72 V             ; -0.0349 V          ; 0.173 V                             ; 0.1 V                               ; 2.72e-10 s                 ; 2.69e-10 s                 ; Yes                       ; Yes                       ;
; d[6]          ; 2.5 V        ; 0 s                 ; 0 s                 ; 2.62 V                       ; 4.05e-08 V                   ; 2.72 V              ; -0.0349 V           ; 0.173 V                              ; 0.1 V                                ; 2.72e-10 s                  ; 2.69e-10 s                  ; Yes                        ; Yes                        ; 2.62 V                      ; 4.05e-08 V                  ; 2.72 V             ; -0.0349 V          ; 0.173 V                             ; 0.1 V                               ; 2.72e-10 s                 ; 2.69e-10 s                 ; Yes                       ; Yes                       ;
; d[7]          ; 2.5 V        ; 0 s                 ; 0 s                 ; 2.62 V                       ; 4.05e-08 V                   ; 2.72 V              ; -0.0349 V           ; 0.173 V                              ; 0.1 V                                ; 2.72e-10 s                  ; 2.69e-10 s                  ; Yes                        ; Yes                        ; 2.62 V                      ; 4.05e-08 V                  ; 2.72 V             ; -0.0349 V          ; 0.173 V                             ; 0.1 V                               ; 2.72e-10 s                 ; 2.69e-10 s                 ; Yes                       ; Yes                       ;
; d[8]          ; 2.5 V        ; 0 s                 ; 0 s                 ; 2.62 V                       ; 4.05e-08 V                   ; 2.64 V              ; -0.0113 V           ; 0.208 V                              ; 0.179 V                              ; 2.38e-09 s                  ; 2.23e-09 s                  ; No                         ; Yes                        ; 2.62 V                      ; 4.05e-08 V                  ; 2.64 V             ; -0.0113 V          ; 0.208 V                             ; 0.179 V                             ; 2.38e-09 s                 ; 2.23e-09 s                 ; No                        ; Yes                       ;
; d[9]          ; 2.5 V        ; 0 s                 ; 0 s                 ; 2.62 V                       ; 4.05e-08 V                   ; 2.72 V              ; -0.0349 V           ; 0.173 V                              ; 0.1 V                                ; 2.72e-10 s                  ; 2.69e-10 s                  ; Yes                        ; Yes                        ; 2.62 V                      ; 4.05e-08 V                  ; 2.72 V             ; -0.0349 V          ; 0.173 V                             ; 0.1 V                               ; 2.72e-10 s                 ; 2.69e-10 s                 ; Yes                       ; Yes                       ;
; d[10]         ; 2.5 V        ; 0 s                 ; 0 s                 ; 2.62 V                       ; 4.05e-08 V                   ; 2.72 V              ; -0.0349 V           ; 0.173 V                              ; 0.1 V                                ; 2.72e-10 s                  ; 2.69e-10 s                  ; Yes                        ; Yes                        ; 2.62 V                      ; 4.05e-08 V                  ; 2.72 V             ; -0.0349 V          ; 0.173 V                             ; 0.1 V                               ; 2.72e-10 s                 ; 2.69e-10 s                 ; Yes                       ; Yes                       ;
; d[11]         ; 2.5 V        ; 0 s                 ; 0 s                 ; 2.62 V                       ; 4.05e-08 V                   ; 2.72 V              ; -0.0349 V           ; 0.173 V                              ; 0.1 V                                ; 2.72e-10 s                  ; 2.69e-10 s                  ; Yes                        ; Yes                        ; 2.62 V                      ; 4.05e-08 V                  ; 2.72 V             ; -0.0349 V          ; 0.173 V                             ; 0.1 V                               ; 2.72e-10 s                 ; 2.69e-10 s                 ; Yes                       ; Yes                       ;
; d[12]         ; 2.5 V        ; 0 s                 ; 0 s                 ; 2.62 V                       ; 2.74e-08 V                   ; 2.64 V              ; -0.0117 V           ; 0.202 V                              ; 0.176 V                              ; 2.38e-09 s                  ; 2.22e-09 s                  ; No                         ; Yes                        ; 2.62 V                      ; 2.74e-08 V                  ; 2.64 V             ; -0.0117 V          ; 0.202 V                             ; 0.176 V                             ; 2.38e-09 s                 ; 2.22e-09 s                 ; No                        ; Yes                       ;
; d[13]         ; 2.5 V        ; 0 s                 ; 0 s                 ; 2.62 V                       ; 2.74e-08 V                   ; 2.71 V              ; -0.0317 V           ; 0.148 V                              ; 0.064 V                              ; 4.51e-10 s                  ; 4.15e-10 s                  ; No                         ; Yes                        ; 2.62 V                      ; 2.74e-08 V                  ; 2.71 V             ; -0.0317 V          ; 0.148 V                             ; 0.064 V                             ; 4.51e-10 s                 ; 4.15e-10 s                 ; No                        ; Yes                       ;
; d[14]         ; 2.5 V        ; 0 s                 ; 0 s                 ; 2.62 V                       ; 2.74e-08 V                   ; 2.71 V              ; -0.0317 V           ; 0.148 V                              ; 0.064 V                              ; 4.51e-10 s                  ; 4.15e-10 s                  ; No                         ; Yes                        ; 2.62 V                      ; 2.74e-08 V                  ; 2.71 V             ; -0.0317 V          ; 0.148 V                             ; 0.064 V                             ; 4.51e-10 s                 ; 4.15e-10 s                 ; No                        ; Yes                       ;
; d[15]         ; 2.5 V        ; 0 s                 ; 0 s                 ; 2.62 V                       ; 4.05e-08 V                   ; 2.72 V              ; -0.0349 V           ; 0.173 V                              ; 0.1 V                                ; 2.72e-10 s                  ; 2.69e-10 s                  ; Yes                        ; Yes                        ; 2.62 V                      ; 4.05e-08 V                  ; 2.72 V             ; -0.0349 V          ; 0.173 V                             ; 0.1 V                               ; 2.72e-10 s                 ; 2.69e-10 s                 ; Yes                       ; Yes                       ;
; d[16]         ; 2.5 V        ; 0 s                 ; 0 s                 ; 2.62 V                       ; 2.74e-08 V                   ; 2.71 V              ; -0.0317 V           ; 0.148 V                              ; 0.064 V                              ; 4.51e-10 s                  ; 4.15e-10 s                  ; No                         ; Yes                        ; 2.62 V                      ; 2.74e-08 V                  ; 2.71 V             ; -0.0317 V          ; 0.148 V                             ; 0.064 V                             ; 4.51e-10 s                 ; 4.15e-10 s                 ; No                        ; Yes                       ;
; d[17]         ; 2.5 V        ; 0 s                 ; 0 s                 ; 2.62 V                       ; 4.05e-08 V                   ; 2.72 V              ; -0.0349 V           ; 0.173 V                              ; 0.1 V                                ; 2.72e-10 s                  ; 2.69e-10 s                  ; Yes                        ; Yes                        ; 2.62 V                      ; 4.05e-08 V                  ; 2.72 V             ; -0.0349 V          ; 0.173 V                             ; 0.1 V                               ; 2.72e-10 s                 ; 2.69e-10 s                 ; Yes                       ; Yes                       ;
; d[18]         ; 2.5 V        ; 0 s                 ; 0 s                 ; 2.62 V                       ; 4.05e-08 V                   ; 2.64 V              ; -0.0113 V           ; 0.208 V                              ; 0.179 V                              ; 2.38e-09 s                  ; 2.23e-09 s                  ; No                         ; Yes                        ; 2.62 V                      ; 4.05e-08 V                  ; 2.64 V             ; -0.0113 V          ; 0.208 V                             ; 0.179 V                             ; 2.38e-09 s                 ; 2.23e-09 s                 ; No                        ; Yes                       ;
; d[19]         ; 2.5 V        ; 0 s                 ; 0 s                 ; 2.62 V                       ; 2.74e-08 V                   ; 2.71 V              ; -0.0317 V           ; 0.148 V                              ; 0.064 V                              ; 4.51e-10 s                  ; 4.15e-10 s                  ; No                         ; Yes                        ; 2.62 V                      ; 2.74e-08 V                  ; 2.71 V             ; -0.0317 V          ; 0.148 V                             ; 0.064 V                             ; 4.51e-10 s                 ; 4.15e-10 s                 ; No                        ; Yes                       ;
; d[20]         ; 2.5 V        ; 0 s                 ; 0 s                 ; 2.62 V                       ; 4.05e-08 V                   ; 2.72 V              ; -0.0349 V           ; 0.173 V                              ; 0.1 V                                ; 2.72e-10 s                  ; 2.69e-10 s                  ; Yes                        ; Yes                        ; 2.62 V                      ; 4.05e-08 V                  ; 2.72 V             ; -0.0349 V          ; 0.173 V                             ; 0.1 V                               ; 2.72e-10 s                 ; 2.69e-10 s                 ; Yes                       ; Yes                       ;
; d[21]         ; 2.5 V        ; 0 s                 ; 0 s                 ; 2.62 V                       ; 4.05e-08 V                   ; 2.72 V              ; -0.0349 V           ; 0.173 V                              ; 0.1 V                                ; 2.72e-10 s                  ; 2.69e-10 s                  ; Yes                        ; Yes                        ; 2.62 V                      ; 4.05e-08 V                  ; 2.72 V             ; -0.0349 V          ; 0.173 V                             ; 0.1 V                               ; 2.72e-10 s                 ; 2.69e-10 s                 ; Yes                       ; Yes                       ;
; d[22]         ; 2.5 V        ; 0 s                 ; 0 s                 ; 2.62 V                       ; 4.05e-08 V                   ; 2.72 V              ; -0.0349 V           ; 0.173 V                              ; 0.1 V                                ; 2.72e-10 s                  ; 2.69e-10 s                  ; Yes                        ; Yes                        ; 2.62 V                      ; 4.05e-08 V                  ; 2.72 V             ; -0.0349 V          ; 0.173 V                             ; 0.1 V                               ; 2.72e-10 s                 ; 2.69e-10 s                 ; Yes                       ; Yes                       ;
; d[23]         ; 2.5 V        ; 0 s                 ; 0 s                 ; 2.62 V                       ; 4.05e-08 V                   ; 2.72 V              ; -0.0349 V           ; 0.173 V                              ; 0.1 V                                ; 2.72e-10 s                  ; 2.69e-10 s                  ; Yes                        ; Yes                        ; 2.62 V                      ; 4.05e-08 V                  ; 2.72 V             ; -0.0349 V          ; 0.173 V                             ; 0.1 V                               ; 2.72e-10 s                 ; 2.69e-10 s                 ; Yes                       ; Yes                       ;
; d[24]         ; 2.5 V        ; 0 s                 ; 0 s                 ; 2.62 V                       ; 4.05e-08 V                   ; 2.72 V              ; -0.0349 V           ; 0.173 V                              ; 0.1 V                                ; 2.72e-10 s                  ; 2.69e-10 s                  ; Yes                        ; Yes                        ; 2.62 V                      ; 4.05e-08 V                  ; 2.72 V             ; -0.0349 V          ; 0.173 V                             ; 0.1 V                               ; 2.72e-10 s                 ; 2.69e-10 s                 ; Yes                       ; Yes                       ;
; d[25]         ; 2.5 V        ; 0 s                 ; 0 s                 ; 2.62 V                       ; 4.05e-08 V                   ; 2.72 V              ; -0.0349 V           ; 0.173 V                              ; 0.1 V                                ; 2.72e-10 s                  ; 2.69e-10 s                  ; Yes                        ; Yes                        ; 2.62 V                      ; 4.05e-08 V                  ; 2.72 V             ; -0.0349 V          ; 0.173 V                             ; 0.1 V                               ; 2.72e-10 s                 ; 2.69e-10 s                 ; Yes                       ; Yes                       ;
; d[26]         ; 2.5 V        ; 0 s                 ; 0 s                 ; 2.62 V                       ; 4.05e-08 V                   ; 2.72 V              ; -0.0349 V           ; 0.173 V                              ; 0.1 V                                ; 2.72e-10 s                  ; 2.69e-10 s                  ; Yes                        ; Yes                        ; 2.62 V                      ; 4.05e-08 V                  ; 2.72 V             ; -0.0349 V          ; 0.173 V                             ; 0.1 V                               ; 2.72e-10 s                 ; 2.69e-10 s                 ; Yes                       ; Yes                       ;
; d[27]         ; 2.5 V        ; 0 s                 ; 0 s                 ; 2.62 V                       ; 4.05e-08 V                   ; 2.72 V              ; -0.0349 V           ; 0.173 V                              ; 0.1 V                                ; 2.72e-10 s                  ; 2.69e-10 s                  ; Yes                        ; Yes                        ; 2.62 V                      ; 4.05e-08 V                  ; 2.72 V             ; -0.0349 V          ; 0.173 V                             ; 0.1 V                               ; 2.72e-10 s                 ; 2.69e-10 s                 ; Yes                       ; Yes                       ;
; d[28]         ; 2.5 V        ; 0 s                 ; 0 s                 ; 2.62 V                       ; 4.05e-08 V                   ; 2.72 V              ; -0.0349 V           ; 0.173 V                              ; 0.1 V                                ; 2.72e-10 s                  ; 2.69e-10 s                  ; Yes                        ; Yes                        ; 2.62 V                      ; 4.05e-08 V                  ; 2.72 V             ; -0.0349 V          ; 0.173 V                             ; 0.1 V                               ; 2.72e-10 s                 ; 2.69e-10 s                 ; Yes                       ; Yes                       ;
; d[29]         ; 2.5 V        ; 0 s                 ; 0 s                 ; 2.62 V                       ; 4.05e-08 V                   ; 2.72 V              ; -0.0349 V           ; 0.173 V                              ; 0.1 V                                ; 2.72e-10 s                  ; 2.69e-10 s                  ; Yes                        ; Yes                        ; 2.62 V                      ; 4.05e-08 V                  ; 2.72 V             ; -0.0349 V          ; 0.173 V                             ; 0.1 V                               ; 2.72e-10 s                 ; 2.69e-10 s                 ; Yes                       ; Yes                       ;
; d[30]         ; 2.5 V        ; 0 s                 ; 0 s                 ; 2.62 V                       ; 4.05e-08 V                   ; 2.72 V              ; -0.0349 V           ; 0.173 V                              ; 0.1 V                                ; 2.72e-10 s                  ; 2.69e-10 s                  ; Yes                        ; Yes                        ; 2.62 V                      ; 4.05e-08 V                  ; 2.72 V             ; -0.0349 V          ; 0.173 V                             ; 0.1 V                               ; 2.72e-10 s                 ; 2.69e-10 s                 ; Yes                       ; Yes                       ;
; d[31]         ; 2.5 V        ; 0 s                 ; 0 s                 ; 2.62 V                       ; 4.05e-08 V                   ; 2.72 V              ; -0.0349 V           ; 0.173 V                              ; 0.1 V                                ; 2.72e-10 s                  ; 2.69e-10 s                  ; Yes                        ; Yes                        ; 2.62 V                      ; 4.05e-08 V                  ; 2.72 V             ; -0.0349 V          ; 0.173 V                             ; 0.1 V                               ; 2.72e-10 s                 ; 2.69e-10 s                 ; Yes                       ; Yes                       ;
; flags[0]      ; 2.5 V        ; 0 s                 ; 0 s                 ; 2.62 V                       ; 2.74e-08 V                   ; 2.71 V              ; -0.0317 V           ; 0.148 V                              ; 0.064 V                              ; 4.51e-10 s                  ; 4.15e-10 s                  ; No                         ; Yes                        ; 2.62 V                      ; 2.74e-08 V                  ; 2.71 V             ; -0.0317 V          ; 0.148 V                             ; 0.064 V                             ; 4.51e-10 s                 ; 4.15e-10 s                 ; No                        ; Yes                       ;
; flags[1]      ; 2.5 V        ; 0 s                 ; 0 s                 ; 2.62 V                       ; 4.05e-08 V                   ; 2.72 V              ; -0.0349 V           ; 0.173 V                              ; 0.1 V                                ; 2.72e-10 s                  ; 2.69e-10 s                  ; Yes                        ; Yes                        ; 2.62 V                      ; 4.05e-08 V                  ; 2.72 V             ; -0.0349 V          ; 0.173 V                             ; 0.1 V                               ; 2.72e-10 s                 ; 2.69e-10 s                 ; Yes                       ; Yes                       ;
; flags[2]      ; 2.5 V        ; 0 s                 ; 0 s                 ; 2.62 V                       ; 2.74e-08 V                   ; 2.71 V              ; -0.0317 V           ; 0.148 V                              ; 0.064 V                              ; 4.51e-10 s                  ; 4.15e-10 s                  ; No                         ; Yes                        ; 2.62 V                      ; 2.74e-08 V                  ; 2.71 V             ; -0.0317 V          ; 0.148 V                             ; 0.064 V                             ; 4.51e-10 s                 ; 4.15e-10 s                 ; No                        ; Yes                       ;
; flags[3]      ; 2.5 V        ; 0 s                 ; 0 s                 ; 2.62 V                       ; 4.05e-08 V                   ; 2.72 V              ; -0.0349 V           ; 0.173 V                              ; 0.1 V                                ; 2.72e-10 s                  ; 2.69e-10 s                  ; Yes                        ; Yes                        ; 2.62 V                      ; 4.05e-08 V                  ; 2.72 V             ; -0.0349 V          ; 0.173 V                             ; 0.1 V                               ; 2.72e-10 s                 ; 2.69e-10 s                 ; Yes                       ; Yes                       ;
; flags[4]      ; 2.5 V        ; 0 s                 ; 0 s                 ; 2.62 V                       ; 2.74e-08 V                   ; 2.71 V              ; -0.0317 V           ; 0.148 V                              ; 0.064 V                              ; 4.51e-10 s                  ; 4.15e-10 s                  ; No                         ; Yes                        ; 2.62 V                      ; 2.74e-08 V                  ; 2.71 V             ; -0.0317 V          ; 0.148 V                             ; 0.064 V                             ; 4.51e-10 s                 ; 4.15e-10 s                 ; No                        ; Yes                       ;
; ~ALTERA_DCLK~ ; 2.5 V        ; 0 s                 ; 0 s                 ; 2.62 V                       ; 2.22e-08 V                   ; 2.74 V              ; -0.06 V             ; 0.158 V                              ; 0.08 V                               ; 2.68e-10 s                  ; 2.19e-10 s                  ; Yes                        ; Yes                        ; 2.62 V                      ; 2.22e-08 V                  ; 2.74 V             ; -0.06 V            ; 0.158 V                             ; 0.08 V                              ; 2.68e-10 s                 ; 2.19e-10 s                 ; Yes                       ; Yes                       ;
; ~ALTERA_nCEO~ ; 2.5 V        ; 0 s                 ; 0 s                 ; 2.62 V                       ; 3.54e-08 V                   ; 2.7 V               ; -0.00943 V          ; 0.276 V                              ; 0.035 V                              ; 3.19e-10 s                  ; 4.99e-10 s                  ; No                         ; Yes                        ; 2.62 V                      ; 3.54e-08 V                  ; 2.7 V              ; -0.00943 V         ; 0.276 V                             ; 0.035 V                             ; 3.19e-10 s                 ; 4.99e-10 s                 ; No                        ; Yes                       ;
+---------------+--------------+---------------------+---------------------+------------------------------+------------------------------+---------------------+---------------------+--------------------------------------+--------------------------------------+-----------------------------+-----------------------------+----------------------------+----------------------------+-----------------------------+-----------------------------+--------------------+--------------------+-------------------------------------+-------------------------------------+----------------------------+----------------------------+---------------------------+---------------------------+


+-------------------------------------------------------------------+
; Setup Transfers                                                   ;
+------------+----------+----------+----------+----------+----------+
; From Clock ; To Clock ; RR Paths ; FR Paths ; RF Paths ; FF Paths ;
+------------+----------+----------+----------+----------+----------+
; clk        ; clk      ; 147335   ; 0        ; 0        ; 0        ;
+------------+----------+----------+----------+----------+----------+
Entries labeled "false path" only account for clock-to-clock false paths and not path-based false paths. As a result, actual path counts may be lower than reported.


+-------------------------------------------------------------------+
; Hold Transfers                                                    ;
+------------+----------+----------+----------+----------+----------+
; From Clock ; To Clock ; RR Paths ; FR Paths ; RF Paths ; FF Paths ;
+------------+----------+----------+----------+----------+----------+
; clk        ; clk      ; 147335   ; 0        ; 0        ; 0        ;
+------------+----------+----------+----------+----------+----------+
Entries labeled "false path" only account for clock-to-clock false paths and not path-based false paths. As a result, actual path counts may be lower than reported.


+-------------------------------------------------------------------+
; Recovery Transfers                                                ;
+------------+----------+----------+----------+----------+----------+
; From Clock ; To Clock ; RR Paths ; FR Paths ; RF Paths ; FF Paths ;
+------------+----------+----------+----------+----------+----------+
; clk        ; clk      ; 150      ; 0        ; 0        ; 0        ;
+------------+----------+----------+----------+----------+----------+
Entries labeled "false path" only account for clock-to-clock false paths and not path-based false paths. As a result, actual path counts may be lower than reported.


+-------------------------------------------------------------------+
; Removal Transfers                                                 ;
+------------+----------+----------+----------+----------+----------+
; From Clock ; To Clock ; RR Paths ; FR Paths ; RF Paths ; FF Paths ;
+------------+----------+----------+----------+----------+----------+
; clk        ; clk      ; 150      ; 0        ; 0        ; 0        ;
+------------+----------+----------+----------+----------+----------+
Entries labeled "false path" only account for clock-to-clock false paths and not path-based false paths. As a result, actual path counts may be lower than reported.


---------------
; Report TCCS ;
---------------
No dedicated SERDES Transmitter circuitry present in device or used in design


---------------
; Report RSKM ;
---------------
No dedicated SERDES Receiver circuitry present in device or used in design


+------------------------------------------------+
; Unconstrained Paths                            ;
+---------------------------------+-------+------+
; Property                        ; Setup ; Hold ;
+---------------------------------+-------+------+
; Illegal Clocks                  ; 0     ; 0    ;
; Unconstrained Clocks            ; 0     ; 0    ;
; Unconstrained Input Ports       ; 75    ; 75   ;
; Unconstrained Input Port Paths  ; 76    ; 76   ;
; Unconstrained Output Ports      ; 38    ; 38   ;
; Unconstrained Output Port Paths ; 38    ; 38   ;
+---------------------------------+-------+------+


+------------------------------------+
; TimeQuest Timing Analyzer Messages ;
+------------------------------------+
Info: *******************************************************************
Info: Running Quartus II 64-Bit TimeQuest Timing Analyzer
    Info: Version 13.0.1 Build 232 06/12/2013 Service Pack 1 SJ Web Edition
    Info: Processing started: Wed Oct 07 00:23:27 2026
Info: Command: quartus_sta packer -c packer
Info: qsta_default_script.tcl version: #1
Warning (20028): Parallel compilation is not licensed and has been disabled
Info (21076): High junction temperature operating condition is not set. Assuming a default value of '85'.
Info (21076): Low junction temperature operating condition is not set. Assuming a default value of '0'.
Info (332104): Reading SDC File: 'packer.sdc'
Info (332151): Clock uncertainty is not calculated until you update the timing netlist.
Info (332123): Deriving Clock Uncertainty. Please refer to report_sdc in TimeQuest to see clock uncertainties.
Info: Found TIMEQUEST_REPORT_SCRIPT_INCLUDE_DEFAULT_ANALYSIS = ON
Info: Analyzing Slow 1200mV 85C Model
Critical Warning (332148): Timing requirements not met
    Info (11105): For recommendations on closing timing, run Report Timing Closure Recommendations in the TimeQuest Timing Analyzer.
Info (332146): Worst-case setup slack is -0.085
    Info (332119):     Slack End Point TNS Clock 
    Info (332119): ========= ============= =====================
    Info (332119):    -0.085        -0.085 clk 
Info (332146): Worst-case hold slack is 0.372
    Info (332119):     Slack End Point TNS Clock 
    Info (332119): ========= ============= =====================
    Info (332119):     0.372         0.000 clk 
Info (332146): Worst-case recovery slack is 6.041
    Info (332119):     Slack End Point TNS Clock 
    Info (332119): ========= ============= =====================
    Info (332119):     6.041         0.000 clk 
Info (332146): Worst-case removal slack is 2.959
    Info (332119):     Slack End Point TNS Clock 
    Info (332119): ========= ============= =====================
    Info (332119):     2.959         0.000 clk 
Info (332146): Worst-case minimum pulse width slack is 4.661
    Info (332119):     Slack End Point TNS Clock 
    Info (332119): ========= ============= =====================
    Info (332119):     4.661         0.000 clk 
Info: Analyzing Slow 1200mV 0C Model
Info (334003): Started post-fitting delay annotation
Info (334004): Delay annotation completed successfully
Info (332123): Deriving Clock Uncertainty. Please refer to report_sdc in TimeQuest to see clock uncertainties.
Info (332146): Worst-case setup slack is 0.936
    Info (332119):     Slack End Point TNS Clock 
    Info (332119): ========= ============= =====================
    Info (332119):     0.936         0.000 clk 
Info (332146): Worst-case hold slack is 0.338
    Info (332119):     Slack End Point TNS Clock 
    Info (332119): ========= ============= =====================
    Info (332119):     0.338         0.000 clk 
Info (332146): Worst-case recovery slack is 6.465
    Info (332119):     Slack End Point TNS Clock 
    Info (332119): ========= ============= =====================
    Info (332119):     6.465         0.000 clk 
Info (332146): Worst-case removal slack is 2.670
    Info (332119):     Slack End Point TNS Clock 
    Info (332119): ========= ============= =====================
    Info (332119):     2.670         0.000 clk 
Info (332146): Worst-case minimum pulse width slack is 4.691
    Info (332119):     Slack End Point TNS Clock 
    Info (332119): ========= ============= =====================
    Info (332119):     4.691         0.000 clk 
Info: Analyzing Fast 1200mV 0C Model
Info (332123): Deriving Clock Uncertainty. Please refer to report_sdc in TimeQuest to see clock uncertainties.
Info (332146): Worst-case setup slack is 4.310
    Info (332119):     Slack End Point TNS Clock 
    Info (332119): ========= ============= =====================
    Info (332119):     4.310         0.000 clk 
Info (332146): Worst-case hold slack is 0.192
    Info (332119):     Slack End Point TNS Clock 
    Info (332119): ========= ============= =====================
    Info (332119):     0.192         0.000 clk 
Info (332146): Worst-case recovery slack is 7.581
    Info (332119):     Slack End Point TNS Clock 
    Info (332119): ========= ============= =====================
    Info (332119):     7.581         0.000 clk 
Info (332146): Worst-case removal slack is 1.758
    Info (332119):     Slack End Point TNS Clock 
    Info (332119): ========= ============= =====================
    Info (332119):     1.758         0.000 clk 
Info (332146): Worst-case minimum pulse width slack is 4.413
    Info (332119):     Slack End Point TNS Clock 
    Info (332119): ========= ============= =====================
    Info (332119):     4.413         0.000 clk 
Info (332102): Design is not fully constrained for setup requirements
Info (332102): Design is not fully constrained for hold requirements
Info: Quartus II 64-Bit TimeQuest Timing Analyzer was successful. 0 errors, 2 warnings
    Info: Peak virtual memory: 4627 megabytes
    Info: Processing ended: Wed Oct 07 00:23:31 2026
    Info: Elapsed time: 00:00:04
    Info: Total CPU time (on all processors): 00:00:04


