TimeQuest Timing Analyzer report for packer
Wed Oct 07 00:20:56 2026
Quartus II 64-Bit Version 13.0.1 Build 232 06/12/2013 Service Pack 1 SJ Web Edition


---------------------
; Table of Contents ;
---------------------
  1. Legal Notice
  2. TimeQuest Timing Analyzer Summary
  3. Parallel Compilation
  4. SDC File List
  5. Clocks
  6. Slow 1200mV 85C Model Fmax Summary
  7. Timing Closure Recommendations
  8. Slow 1200mV 85C Model Setup Summary
  9. Slow 1200mV 85C Model Hold Summary
 10. Slow 1200mV 85C Model Recovery Summary
 11. Slow 1200mV 85C Model Removal Summary
 12. Slow 1200mV 85C Model Minimum Pulse Width Summary
 13. Slow 1200mV 85C Model Setup: 'clk'
 14. Slow 1200mV 85C Model Hold: 'clk'
 15. Slow 1200mV 85C Model Recovery: 'clk'
 16. Slow 1200mV 85C Model Removal: 'clk'
 17. Slow 1200mV 85C Model Minimum Pulse Width: 'clk'
 18. Setup Times
 19. Hold Times
 20. Clock to Output Times
 21. Minimum Clock to Output Times
 22. Slow 1200mV 85C Model Metastability Report
 23. Slow 1200mV 0C Model Fmax Summary
 24. Slow 1200mV 0C Model Setup Summary
 25. Slow 1200mV 0C Model Hold Summary
 26. Slow 1200mV 0C Model Recovery Summary
 27. Slow 1200mV 0C Model Removal Summary
 28. Slow 1200mV 0C Model Minimum Pulse Width Summary
 29. Slow 1200mV 0C Model Setup: 'clk'
 30. Slow 1200mV 0C Model Hold: 'clk'
 31. Slow 1200mV 0C Model Recovery: 'clk'
 32. Slow 1200mV 0C Model Removal: 'clk'
 33. Slow 1200mV 0C Model Minimum Pulse Width: 'clk'
 34. Setup Times
 35. Hold Times
 36. Clock to Output Times
 37. Minimum Clock to Output Times
 38. Slow 1200mV 0C Model Metastability Report
 39. Fast 1200mV 0C Model Setup Summary
 40. Fast 1200mV 0C Model Hold Summary
 41. Fast 1200mV 0C Model Recovery Summary
 42. Fast 1200mV 0C Model Removal Summary
 43. Fast 1200mV 0C Model Minimum Pulse Width Summary
 44. Fast 1200mV 0C Model Setup: 'clk'
 45. Fast 1200mV 0C Model Hold: 'clk'
 46. Fast 1200mV 0C Model Recovery: 'clk'
 47. Fast 1200mV 0C Model Removal: 'clk'
 48. Fast 1200mV 0C Model Minimum Pulse Width: 'clk'
 49. Setup Times
 50. Hold Times
 51. Clock to Output Times
 52. Minimum Clock to Output Times
 53. Fast 1200mV 0C Model Metastability Report
 54. Multicorner Timing Analysis Summary
 55. Setup Times
 56. Hold Times
 57. Clock to Output Times
 58. Minimum Clock to Output Times
 59. Board Trace Model Assignments
 60. Input Transition Times
 61. Signal Integrity Metrics (Slow 1200mv 0c Model)
 62. Signal Integrity Metrics (Slow 1200mv 85c Model)
 63. Signal Integrity Metrics (Fast 1200mv 0c Model)
 64. Setup Transfers
 65. Hold Transfers
 66. Recovery Transfers
 67. Removal Transfers
 68. Report TCCS
 69. Report RSKM
 70. Unconstrained Paths
 71. TimeQuest Timing Analyzer Messages



----------------
; Legal Notice ;
----------------
Copyright (C) 1991-2013 Altera Corporation
Your use of Altera Corporation's design tools, logic functions 
and other software and tools, and its AMPP partner logic 
functions, and any output files from any of the foregoing 
(including device programming or simulation files), and any 
associated documentation or information are expressly subject 
to the terms and conditions of the Altera Program License 
Subscription Agreement, Altera MegaCore Function License 
Agreement, or other applicable license agreement, including, 
without limitation, that your use is for the sole purpose of 
programming logic devices manufactured by Altera and sold by 
Altera or its authorized distributors.  Please refer to the 
applicable agreement for further details.



+----------------------------------------------------------------------------------------+
; TimeQuest Timing Analyzer Summary                                                      ;
+--------------------+-------------------------------------------------------------------+
; Quartus II Version ; Version 13.0.1 Build 232 06/12/2013 Service Pack 1 SJ Web Edition ;
; Revision Name      ; packer                                                            ;
; Device Family      ; Cyclone IV E                                                      ;
; Device Name        ; EP4CE22F17C6                                                      ;
; Timing Models      ; Final                                                             ;
; Delay Model        ; Combined                                                          ;
; Rise/Fall Delays   ; Enabled                                                           ;
+--------------------+-------------------------------------------------------------------+


Parallel compilation was disabled, but you have multiple processors available. Enable parallel compilation to reduce compilation time.
+-------------------------------------+
; Parallel Compilation                ;
+----------------------------+--------+
; Processors                 ; Number ;
+----------------------------+--------+
; Number detected on machine ; 12     ;
; Maximum allowed            ; 1      ;
+----------------------------+--------+


+---------------------------------------------------+
; SDC File List                                     ;
+---------------+--------+--------------------------+
; SDC File Path ; Status ; Read at                  ;
+---------------+--------+--------------------------+
; packer.sdc    ; OK     ; Wed Oct 07 00:20:54 2026 ;
+---------------+--------+--------------------------+


+--------------------------------------------------------------------------------------------------------------------------------------------------------------------------------+
; Clocks                                                                                                                                                                         ;
+------------+------+--------+-----------+-------+-------+------------+-----------+-------------+-------+--------+-----------+------------+----------+--------+--------+---------+
; Clock Name ; Type ; Period ; Frequency ; Rise  ; Fall  ; Duty Cycle ; Divide by ; Multiply by ; Phase ; Offset ; Edge List ; Edge Shift ; Inverted ; Master ; Source ; Targets ;
+------------+------+--------+-----------+-------+-------+------------+-----------+-------------+-------+--------+-----------+------------+----------+--------+--------+---------+
; clk        ; Base ; 10.000 ; 100.0 MHz ; 0.000 ; 5.000 ;            ;           ;             ;       ;        ;           ;            ;          ;        ;        ; { clk } ;
+------------+------+--------+-----------+-------+-------+------------+-----------+-------------+-------+--------+-----------+------------+----------+--------+--------+---------+


+--------------------------------------------------+
; Slow 1200mV 85C Model Fmax Summary               ;
+------------+-----------------+------------+------+
; Fmax       ; Restricted Fmax ; Clock Name ; Note ;
+------------+-----------------+------------+------+
; 104.55 MHz ; 104.55 MHz      ; clk        ;      ;
+------------+-----------------+------------+------+
This panel reports FMAX for every clock in the design, regardless of the user-specified clock periods.  FMAX is only computed for paths where the source and destination registers or ports are driven by the same clock.  Paths of different clocks, including generated clocks, are ignored.  For paths between a clock and its inversion, FMAX is computed as if the rising and falling edges are scaled along with FMAX, such that the duty cycle (in terms of a percentage) is maintained. Altera recommends that you always use clock constraints and other slack reports for sign-off analysis.


----------------------------------
; Timing Closure Recommendations ;
----------------------------------
HTML report is unavailable in plain text report export.


+-------------------------------------+
; Slow 1200mV 85C Model Setup Summary ;
+-------+-------+---------------------+
; Clock ; Slack ; End Point TNS       ;
+-------+-------+---------------------+
; clk   ; 0.435 ; 0.000               ;
+-------+-------+---------------------+


+------------------------------------+
; Slow 1200mV 85C Model Hold Summary ;
+-------+-------+--------------------+
; Clock ; Slack ; End Point TNS      ;
+-------+-------+--------------------+
; clk   ; 0.372 ; 0.000              ;
+-------+-------+--------------------+


+----------------------------------------+
; Slow 1200mV 85C Model Recovery Summary ;
+-------+-------+------------------------+
; Clock ; Slack ; End Point TNS          ;
+-------+-------+------------------------+
; clk   ; 6.994 ; 0.000                  ;
+-------+-------+------------------------+


+---------------------------------------+
; Slow 1200mV 85C Model Removal Summary ;
+-------+-------+-----------------------+
; Clock ; Slack ; End Point TNS         ;
+-------+-------+-----------------------+
; clk   ; 2.184 ; 0.000                 ;
+-------+-------+-----------------------+


+---------------------------------------------------+
; Slow 1200mV 85C Model Minimum Pulse Width Summary ;
+-------+-------+-----------------------------------+
; Clock ; Slack ; End Point TNS                     ;
+-------+-------+-----------------------------------+
; clk   ; 4.676 ; 0.000                             ;
+-------+-------+-----------------------------------+


+---------------------------------------------------------------------------------------------------------------------------------------------------------------+
; Slow 1200mV 85C Model Setup: 'clk'                                                                                                                            ;
+-------+---------------------------------------------+-----------------------------------+--------------+-------------+--------------+------------+------------+
; Slack ; From Node                                   ; To Node                           ; Launch Clock ; Latch Clock ; Relationship ; Clock Skew ; Data Delay ;
+-------+---------------------------------------------+-----------------------------------+--------------+-------------+--------------+------------+------------+
; 0.435 ; posit_pack:u_packer|g_rne.p1_mag_trunc_q[0] ; posit_pack:u_packer|g_rne.d_q[31] ; clk          ; clk         ; 10.000       ; 0.262      ; 9.822      ;
; 0.453 ; posit_pack:u_packer|g_rne.p1_guard_bit_q    ; posit_pack:u_packer|g_rne.d_q[31] ; clk          ; clk         ; 10.000       ; 0.262      ; 9.804      ;
; 0.575 ; posit_pack:u_packer|g_rne.p1_mag_trunc_q[0] ; posit_pack:u_packer|g_rne.d_q[28] ; clk          ; clk         ; 10.000       ; 0.284      ; 9.704      ;
; 0.582 ; posit_pack:u_packer|g_rne.p1_mag_trunc_q[0] ; posit_pack:u_packer|g_rne.d_q[27] ; clk          ; clk         ; 10.000       ; 0.284      ; 9.697      ;
; 0.593 ; posit_pack:u_packer|g_rne.p1_mag_trunc_q[0] ; posit_pack:u_packer|g_rne.d_q[29] ; clk          ; clk         ; 10.000       ; 0.261      ; 9.663      ;
; 0.593 ; posit_pack:u_packer|g_rne.p1_guard_bit_q    ; posit_pack:u_packer|g_rne.d_q[28] ; clk          ; clk         ; 10.000       ; 0.284      ; 9.686      ;
; 0.600 ; posit_pack:u_packer|g_rne.p1_guard_bit_q    ; posit_pack:u_packer|g_rne.d_q[27] ; clk          ; clk         ; 10.000       ; 0.284      ; 9.679      ;
; 0.611 ; posit_pack:u_packer|g_rne.p1_guard_bit_q    ; posit_pack:u_packer|g_rne.d_q[29] ; clk          ; clk         ; 10.000       ; 0.261      ; 9.645      ;
; 0.615 ; posit_pack:u_packer|g_rne.p1_round_bit_q    ; posit_pack:u_packer|g_rne.d_q[31] ; clk          ; clk         ; 10.000       ; 0.262      ; 9.642      ;
; 0.707 ; posit_pack:u_packer|g_rne.p1_mag_trunc_q[0] ; posit_pack:u_packer|g_rne.d_q[17] ; clk          ; clk         ; 10.000       ; -0.064     ; 9.224      ;
; 0.707 ; posit_pack:u_packer|g_rne.p1_mag_trunc_q[0] ; posit_pack:u_packer|g_rne.d_q[18] ; clk          ; clk         ; 10.000       ; 0.267      ; 9.555      ;
; 0.708 ; posit_pack:u_packer|g_rne.p1_mag_trunc_q[0] ; posit_pack:u_packer|g_rne.d_q[30] ; clk          ; clk         ; 10.000       ; 0.261      ; 9.548      ;
; 0.720 ; posit_pack:u_packer|g_rne.p1_mag_trunc_q[0] ; posit_pack:u_packer|g_rne.d_q[25] ; clk          ; clk         ; 10.000       ; 0.284      ; 9.559      ;
; 0.725 ; posit_pack:u_packer|g_rne.p1_guard_bit_q    ; posit_pack:u_packer|g_rne.d_q[17] ; clk          ; clk         ; 10.000       ; -0.064     ; 9.206      ;
; 0.725 ; posit_pack:u_packer|g_rne.p1_guard_bit_q    ; posit_pack:u_packer|g_rne.d_q[18] ; clk          ; clk         ; 10.000       ; 0.267      ; 9.537      ;
; 0.726 ; posit_pack:u_packer|g_rne.p1_guard_bit_q    ; posit_pack:u_packer|g_rne.d_q[30] ; clk          ; clk         ; 10.000       ; 0.261      ; 9.530      ;
; 0.738 ; posit_pack:u_packer|g_rne.p1_guard_bit_q    ; posit_pack:u_packer|g_rne.d_q[25] ; clk          ; clk         ; 10.000       ; 0.284      ; 9.541      ;
; 0.753 ; posit_pack:u_packer|g_rne.p1_sticky_bit_q   ; posit_pack:u_packer|g_rne.d_q[31] ; clk          ; clk         ; 10.000       ; 0.262      ; 9.504      ;
; 0.755 ; posit_pack:u_packer|g_rne.p1_round_bit_q    ; posit_pack:u_packer|g_rne.d_q[28] ; clk          ; clk         ; 10.000       ; 0.284      ; 9.524      ;
; 0.762 ; posit_pack:u_packer|g_rne.p1_round_bit_q    ; posit_pack:u_packer|g_rne.d_q[27] ; clk          ; clk         ; 10.000       ; 0.284      ; 9.517      ;
; 0.773 ; posit_pack:u_packer|g_rne.p1_round_bit_q    ; posit_pack:u_packer|g_rne.d_q[29] ; clk          ; clk         ; 10.000       ; 0.261      ; 9.483      ;
; 0.848 ; posit_pack:u_packer|g_rne.p1_mag_trunc_q[0] ; posit_pack:u_packer|g_rne.d_q[26] ; clk          ; clk         ; 10.000       ; 0.288      ; 9.435      ;
; 0.861 ; posit_pack:u_packer|g_rne.p1_mag_trunc_q[0] ; posit_pack:u_packer|g_rne.d_q[23] ; clk          ; clk         ; 10.000       ; 0.284      ; 9.418      ;
; 0.866 ; posit_pack:u_packer|g_rne.p1_guard_bit_q    ; posit_pack:u_packer|g_rne.d_q[26] ; clk          ; clk         ; 10.000       ; 0.288      ; 9.417      ;
; 0.879 ; posit_pack:u_packer|g_rne.p1_guard_bit_q    ; posit_pack:u_packer|g_rne.d_q[23] ; clk          ; clk         ; 10.000       ; 0.284      ; 9.400      ;
; 0.887 ; posit_pack:u_packer|g_rne.p1_round_bit_q    ; posit_pack:u_packer|g_rne.d_q[17] ; clk          ; clk         ; 10.000       ; -0.064     ; 9.044      ;
; 0.887 ; posit_pack:u_packer|g_rne.p1_round_bit_q    ; posit_pack:u_packer|g_rne.d_q[18] ; clk          ; clk         ; 10.000       ; 0.267      ; 9.375      ;
; 0.888 ; posit_pack:u_packer|g_rne.p1_round_bit_q    ; posit_pack:u_packer|g_rne.d_q[30] ; clk          ; clk         ; 10.000       ; 0.261      ; 9.368      ;
; 0.893 ; posit_pack:u_packer|g_rne.p1_sticky_bit_q   ; posit_pack:u_packer|g_rne.d_q[28] ; clk          ; clk         ; 10.000       ; 0.284      ; 9.386      ;
; 0.900 ; posit_pack:u_packer|g_rne.p1_sticky_bit_q   ; posit_pack:u_packer|g_rne.d_q[27] ; clk          ; clk         ; 10.000       ; 0.284      ; 9.379      ;
; 0.900 ; posit_pack:u_packer|g_rne.p1_round_bit_q    ; posit_pack:u_packer|g_rne.d_q[25] ; clk          ; clk         ; 10.000       ; 0.284      ; 9.379      ;
; 0.911 ; posit_pack:u_packer|g_rne.p1_sticky_bit_q   ; posit_pack:u_packer|g_rne.d_q[29] ; clk          ; clk         ; 10.000       ; 0.261      ; 9.345      ;
; 0.915 ; posit_pack:u_packer|g_rne.p1_mag_trunc_q[0] ; posit_pack:u_packer|g_rne.d_q[15] ; clk          ; clk         ; 10.000       ; -0.064     ; 9.016      ;
; 0.933 ; posit_pack:u_packer|g_rne.p1_guard_bit_q    ; posit_pack:u_packer|g_rne.d_q[15] ; clk          ; clk         ; 10.000       ; -0.064     ; 8.998      ;
; 0.947 ; posit_pack:u_packer|g_rne.p1_mag_trunc_q[0] ; posit_pack:u_packer|g_rne.d_q[19] ; clk          ; clk         ; 10.000       ; 0.290      ; 9.338      ;
; 0.965 ; posit_pack:u_packer|g_rne.p1_guard_bit_q    ; posit_pack:u_packer|g_rne.d_q[19] ; clk          ; clk         ; 10.000       ; 0.290      ; 9.320      ;
; 0.966 ; posit_pack:u_packer|g_rne.p1_mag_trunc_q[0] ; posit_pack:u_packer|g_rne.d_q[14] ; clk          ; clk         ; 10.000       ; 0.261      ; 9.290      ;
; 0.967 ; posit_pack:u_packer|g_rne.p1_mag_trunc_q[0] ; posit_pack:u_packer|g_rne.d_q[21] ; clk          ; clk         ; 10.000       ; 0.284      ; 9.312      ;
; 0.984 ; posit_pack:u_packer|g_rne.p1_guard_bit_q    ; posit_pack:u_packer|g_rne.d_q[14] ; clk          ; clk         ; 10.000       ; 0.261      ; 9.272      ;
; 0.985 ; posit_pack:u_packer|g_rne.p1_guard_bit_q    ; posit_pack:u_packer|g_rne.d_q[21] ; clk          ; clk         ; 10.000       ; 0.284      ; 9.294      ;
; 1.016 ; posit_pack:u_packer|g_rne.p1_mag_trunc_q[0] ; posit_pack:u_packer|g_rne.d_q[22] ; clk          ; clk         ; 10.000       ; 0.288      ; 9.267      ;
; 1.025 ; posit_pack:u_packer|g_rne.p1_sticky_bit_q   ; posit_pack:u_packer|g_rne.d_q[17] ; clk          ; clk         ; 10.000       ; -0.064     ; 8.906      ;
; 1.025 ; posit_pack:u_packer|g_rne.p1_sticky_bit_q   ; posit_pack:u_packer|g_rne.d_q[18] ; clk          ; clk         ; 10.000       ; 0.267      ; 9.237      ;
; 1.026 ; posit_pack:u_packer|g_rne.p1_sticky_bit_q   ; posit_pack:u_packer|g_rne.d_q[30] ; clk          ; clk         ; 10.000       ; 0.261      ; 9.230      ;
; 1.028 ; posit_pack:u_packer|g_rne.p1_round_bit_q    ; posit_pack:u_packer|g_rne.d_q[26] ; clk          ; clk         ; 10.000       ; 0.288      ; 9.255      ;
; 1.034 ; posit_pack:u_packer|g_rne.p1_guard_bit_q    ; posit_pack:u_packer|g_rne.d_q[22] ; clk          ; clk         ; 10.000       ; 0.288      ; 9.249      ;
; 1.038 ; posit_pack:u_packer|g_rne.p1_sticky_bit_q   ; posit_pack:u_packer|g_rne.d_q[25] ; clk          ; clk         ; 10.000       ; 0.284      ; 9.241      ;
; 1.041 ; posit_pack:u_packer|g_rne.p1_round_bit_q    ; posit_pack:u_packer|g_rne.d_q[23] ; clk          ; clk         ; 10.000       ; 0.284      ; 9.238      ;
; 1.081 ; posit_pack:u_packer|g_rne.p1_mag_trunc_q[0] ; posit_pack:u_packer|g_rne.d_q[16] ; clk          ; clk         ; 10.000       ; 0.261      ; 9.175      ;
; 1.095 ; posit_pack:u_packer|g_rne.p1_round_bit_q    ; posit_pack:u_packer|g_rne.d_q[15] ; clk          ; clk         ; 10.000       ; -0.064     ; 8.836      ;
; 1.099 ; posit_pack:u_packer|g_rne.p1_guard_bit_q    ; posit_pack:u_packer|g_rne.d_q[16] ; clk          ; clk         ; 10.000       ; 0.261      ; 9.157      ;
; 1.102 ; posit_pack:u_packer|g_rne.p1_mag_trunc_q[0] ; posit_pack:u_packer|g_rne.d_q[24] ; clk          ; clk         ; 10.000       ; 0.288      ; 9.181      ;
; 1.120 ; posit_pack:u_packer|g_rne.p1_guard_bit_q    ; posit_pack:u_packer|g_rne.d_q[24] ; clk          ; clk         ; 10.000       ; 0.288      ; 9.163      ;
; 1.127 ; posit_pack:u_packer|g_rne.p1_round_bit_q    ; posit_pack:u_packer|g_rne.d_q[19] ; clk          ; clk         ; 10.000       ; 0.290      ; 9.158      ;
; 1.129 ; posit_pack:u_packer|g_rne.p1_mag_trunc_q[1] ; posit_pack:u_packer|g_rne.d_q[31] ; clk          ; clk         ; 10.000       ; 0.262      ; 9.128      ;
; 1.139 ; posit_pack:u_packer|g_rne.p1_mag_trunc_q[0] ; posit_pack:u_packer|g_rne.d_q[20] ; clk          ; clk         ; 10.000       ; 0.288      ; 9.144      ;
; 1.146 ; posit_pack:u_packer|g_rne.p1_round_bit_q    ; posit_pack:u_packer|g_rne.d_q[14] ; clk          ; clk         ; 10.000       ; 0.261      ; 9.110      ;
; 1.147 ; posit_pack:u_packer|g_rne.p1_round_bit_q    ; posit_pack:u_packer|g_rne.d_q[21] ; clk          ; clk         ; 10.000       ; 0.284      ; 9.132      ;
; 1.157 ; posit_pack:u_packer|g_rne.p1_guard_bit_q    ; posit_pack:u_packer|g_rne.d_q[20] ; clk          ; clk         ; 10.000       ; 0.288      ; 9.126      ;
; 1.166 ; posit_pack:u_packer|g_rne.p1_sticky_bit_q   ; posit_pack:u_packer|g_rne.d_q[26] ; clk          ; clk         ; 10.000       ; 0.288      ; 9.117      ;
; 1.179 ; posit_pack:u_packer|g_rne.p1_sticky_bit_q   ; posit_pack:u_packer|g_rne.d_q[23] ; clk          ; clk         ; 10.000       ; 0.284      ; 9.100      ;
; 1.196 ; posit_pack:u_packer|g_rne.p1_round_bit_q    ; posit_pack:u_packer|g_rne.d_q[22] ; clk          ; clk         ; 10.000       ; 0.288      ; 9.087      ;
; 1.233 ; posit_pack:u_packer|g_rne.p1_sticky_bit_q   ; posit_pack:u_packer|g_rne.d_q[15] ; clk          ; clk         ; 10.000       ; -0.064     ; 8.698      ;
; 1.248 ; posit_pack:u_packer|g_rne.p1_mag_trunc_q[3] ; posit_pack:u_packer|g_rne.d_q[31] ; clk          ; clk         ; 10.000       ; 0.262      ; 9.009      ;
; 1.261 ; posit_pack:u_packer|g_rne.p1_round_bit_q    ; posit_pack:u_packer|g_rne.d_q[16] ; clk          ; clk         ; 10.000       ; 0.261      ; 8.995      ;
; 1.265 ; posit_pack:u_packer|g_rne.p1_sticky_bit_q   ; posit_pack:u_packer|g_rne.d_q[19] ; clk          ; clk         ; 10.000       ; 0.290      ; 9.020      ;
; 1.269 ; posit_pack:u_packer|g_rne.p1_mag_trunc_q[1] ; posit_pack:u_packer|g_rne.d_q[28] ; clk          ; clk         ; 10.000       ; 0.284      ; 9.010      ;
; 1.276 ; posit_pack:u_packer|g_rne.p1_mag_trunc_q[1] ; posit_pack:u_packer|g_rne.d_q[27] ; clk          ; clk         ; 10.000       ; 0.284      ; 9.003      ;
; 1.282 ; posit_pack:u_packer|g_rne.p1_round_bit_q    ; posit_pack:u_packer|g_rne.d_q[24] ; clk          ; clk         ; 10.000       ; 0.288      ; 9.001      ;
; 1.284 ; posit_pack:u_packer|g_rne.p1_sticky_bit_q   ; posit_pack:u_packer|g_rne.d_q[14] ; clk          ; clk         ; 10.000       ; 0.261      ; 8.972      ;
; 1.285 ; posit_pack:u_packer|g_rne.p1_sticky_bit_q   ; posit_pack:u_packer|g_rne.d_q[21] ; clk          ; clk         ; 10.000       ; 0.284      ; 8.994      ;
; 1.287 ; posit_pack:u_packer|g_rne.p1_mag_trunc_q[1] ; posit_pack:u_packer|g_rne.d_q[29] ; clk          ; clk         ; 10.000       ; 0.261      ; 8.969      ;
; 1.293 ; posit_pack:u_packer|g_rne.p1_mag_trunc_q[0] ; posit_pack:u_packer|g_rne.d_q[7]  ; clk          ; clk         ; 10.000       ; -0.064     ; 8.638      ;
; 1.311 ; posit_pack:u_packer|g_rne.p1_guard_bit_q    ; posit_pack:u_packer|g_rne.d_q[7]  ; clk          ; clk         ; 10.000       ; -0.064     ; 8.620      ;
; 1.319 ; posit_pack:u_packer|g_rne.p1_round_bit_q    ; posit_pack:u_packer|g_rne.d_q[20] ; clk          ; clk         ; 10.000       ; 0.288      ; 8.964      ;
; 1.323 ; posit_pack:u_packer|g_rne.p1_mag_trunc_q[2] ; posit_pack:u_packer|g_rne.d_q[31] ; clk          ; clk         ; 10.000       ; 0.262      ; 8.934      ;
; 1.334 ; posit_pack:u_packer|g_rne.p1_sticky_bit_q   ; posit_pack:u_packer|g_rne.d_q[22] ; clk          ; clk         ; 10.000       ; 0.288      ; 8.949      ;
; 1.340 ; posit_pack:u_packer|g_rne.p1_mag_trunc_q[0] ; posit_pack:u_packer|g_rne.d_q[12] ; clk          ; clk         ; 10.000       ; 0.290      ; 8.945      ;
; 1.357 ; posit_pack:u_packer|g_rne.p1_mag_trunc_q[5] ; posit_pack:u_packer|g_rne.d_q[31] ; clk          ; clk         ; 10.000       ; 0.262      ; 8.900      ;
; 1.358 ; posit_pack:u_packer|g_rne.p1_guard_bit_q    ; posit_pack:u_packer|g_rne.d_q[12] ; clk          ; clk         ; 10.000       ; 0.290      ; 8.927      ;
; 1.388 ; posit_pack:u_packer|g_rne.p1_mag_trunc_q[3] ; posit_pack:u_packer|g_rne.d_q[28] ; clk          ; clk         ; 10.000       ; 0.284      ; 8.891      ;
; 1.395 ; posit_pack:u_packer|g_rne.p1_mag_trunc_q[3] ; posit_pack:u_packer|g_rne.d_q[27] ; clk          ; clk         ; 10.000       ; 0.284      ; 8.884      ;
; 1.399 ; posit_pack:u_packer|g_rne.p1_sticky_bit_q   ; posit_pack:u_packer|g_rne.d_q[16] ; clk          ; clk         ; 10.000       ; 0.261      ; 8.857      ;
; 1.401 ; posit_pack:u_packer|g_rne.p1_mag_trunc_q[1] ; posit_pack:u_packer|g_rne.d_q[17] ; clk          ; clk         ; 10.000       ; -0.064     ; 8.530      ;
; 1.401 ; posit_pack:u_packer|g_rne.p1_mag_trunc_q[1] ; posit_pack:u_packer|g_rne.d_q[18] ; clk          ; clk         ; 10.000       ; 0.267      ; 8.861      ;
; 1.402 ; posit_pack:u_packer|g_rne.p1_mag_trunc_q[1] ; posit_pack:u_packer|g_rne.d_q[30] ; clk          ; clk         ; 10.000       ; 0.261      ; 8.854      ;
; 1.405 ; posit_pack:u_packer|g_rne.p1_mag_trunc_q[0] ; posit_pack:u_packer|g_rne.d_q[6]  ; clk          ; clk         ; 10.000       ; 0.267      ; 8.857      ;
; 1.406 ; posit_pack:u_packer|g_rne.p1_mag_trunc_q[3] ; posit_pack:u_packer|g_rne.d_q[29] ; clk          ; clk         ; 10.000       ; 0.261      ; 8.850      ;
; 1.414 ; posit_pack:u_packer|g_rne.p1_mag_trunc_q[1] ; posit_pack:u_packer|g_rne.d_q[25] ; clk          ; clk         ; 10.000       ; 0.284      ; 8.865      ;
; 1.416 ; posit_pack:u_packer|g_rne.p1_mag_trunc_q[0] ; posit_pack:u_packer|g_rne.d_q[8]  ; clk          ; clk         ; 10.000       ; 0.267      ; 8.846      ;
; 1.420 ; posit_pack:u_packer|g_rne.p1_sticky_bit_q   ; posit_pack:u_packer|g_rne.d_q[24] ; clk          ; clk         ; 10.000       ; 0.288      ; 8.863      ;
; 1.423 ; posit_pack:u_packer|g_rne.p1_guard_bit_q    ; posit_pack:u_packer|g_rne.d_q[6]  ; clk          ; clk         ; 10.000       ; 0.267      ; 8.839      ;
; 1.434 ; posit_pack:u_packer|g_rne.p1_guard_bit_q    ; posit_pack:u_packer|g_rne.d_q[8]  ; clk          ; clk         ; 10.000       ; 0.267      ; 8.828      ;
; 1.443 ; posit_pack:u_packer|g_rne.p1_mag_trunc_q[4] ; posit_pack:u_packer|g_rne.d_q[31] ; clk          ; clk         ; 10.000       ; 0.262      ; 8.814      ;
; 1.457 ; posit_pack:u_packer|g_rne.p1_sticky_bit_q   ; posit_pack:u_packer|g_rne.d_q[20] ; clk          ; clk         ; 10.000       ; 0.288      ; 8.826      ;
; 1.463 ; posit_pack:u_packer|g_rne.p1_mag_trunc_q[2] ; posit_pack:u_packer|g_rne.d_q[28] ; clk          ; clk         ; 10.000       ; 0.284      ; 8.816      ;
; 1.470 ; posit_pack:u_packer|g_rne.p1_mag_trunc_q[2] ; posit_pack:u_packer|g_rne.d_q[27] ; clk          ; clk         ; 10.000       ; 0.284      ; 8.809      ;
; 1.473 ; posit_pack:u_packer|g_rne.p1_round_bit_q    ; posit_pack:u_packer|g_rne.d_q[7]  ; clk          ; clk         ; 10.000       ; -0.064     ; 8.458      ;
; 1.478 ; posit_pack:u_packer|g_rne.p1_mag_trunc_q[7] ; posit_pack:u_packer|g_rne.d_q[31] ; clk          ; clk         ; 10.000       ; 0.262      ; 8.779      ;
; 1.481 ; posit_pack:u_packer|g_rne.p1_mag_trunc_q[2] ; posit_pack:u_packer|g_rne.d_q[29] ; clk          ; clk         ; 10.000       ; 0.261      ; 8.775      ;
+-------+---------------------------------------------+-----------------------------------+--------------+-------------+--------------+------------+------------+


+-----------------------------------------------------------------------------------------------------------------------------------------------------------------------------+
; Slow 1200mV 85C Model Hold: 'clk'                                                                                                                                           ;
+-------+-----------------------------------------------+-----------------------------------------------+--------------+-------------+--------------+------------+------------+
; Slack ; From Node                                     ; To Node                                       ; Launch Clock ; Latch Clock ; Relationship ; Clock Skew ; Data Delay ;
+-------+-----------------------------------------------+-----------------------------------------------+--------------+-------------+--------------+------------+------------+
; 0.372 ; packer_ppa_boundary:u_boundary|meta_sync1     ; packer_ppa_boundary:u_boundary|meta_sync2     ; clk          ; clk         ; 0.000        ; 0.063      ; 0.592      ;
; 0.373 ; posit_pack:u_packer|g_rne.d_q[5]              ; packer_ppa_boundary:u_boundary|d[5]           ; clk          ; clk         ; 0.000        ; 0.062      ; 0.592      ;
; 0.374 ; packer_ppa_boundary:u_boundary|sign_q         ; posit_pack:u_packer|g_rne.p1_sign_q           ; clk          ; clk         ; 0.000        ; 0.062      ; 0.593      ;
; 0.374 ; posit_pack:u_packer|g_rne.d_q[15]             ; packer_ppa_boundary:u_boundary|d[15]          ; clk          ; clk         ; 0.000        ; 0.062      ; 0.593      ;
; 0.374 ; packer_ppa_boundary:u_boundary|flags_in_q[3]  ; posit_pack:u_packer|g_rne.p1_flags_q[3]       ; clk          ; clk         ; 0.000        ; 0.062      ; 0.593      ;
; 0.375 ; posit_pack:u_packer|g_rne.p2_valid_q          ; packer_ppa_boundary:u_boundary|out_valid      ; clk          ; clk         ; 0.000        ; 0.062      ; 0.594      ;
; 0.395 ; posit_pack:u_packer|g_rne.p1_valid_q          ; posit_pack:u_packer|g_rne.p2_valid_q          ; clk          ; clk         ; 0.000        ; 0.062      ; 0.614      ;
; 0.417 ; packer_ppa_boundary:u_boundary|flags_in_q[4]  ; posit_pack:u_packer|g_rne.p1_mag_trunc_q[30]  ; clk          ; clk         ; 0.000        ; 0.062      ; 0.636      ;
; 0.417 ; packer_ppa_boundary:u_boundary|flags_in_q[4]  ; posit_pack:u_packer|g_rne.p1_flags_q[0]       ; clk          ; clk         ; 0.000        ; 0.062      ; 0.636      ;
; 0.480 ; packer_ppa_boundary:u_boundary|flags_in_q[0]  ; posit_pack:u_packer|g_rne.p1_flags_q[0]       ; clk          ; clk         ; 0.000        ; 0.062      ; 0.699      ;
; 0.515 ; packer_ppa_boundary:u_boundary|is_nar_q       ; posit_pack:u_packer|g_rne.p1_mag_trunc_q[30]  ; clk          ; clk         ; 0.000        ; 0.062      ; 0.734      ;
; 0.517 ; posit_pack:u_packer|g_rne.d_q[1]              ; packer_ppa_boundary:u_boundary|d[1]           ; clk          ; clk         ; 0.000        ; 0.062      ; 0.736      ;
; 0.517 ; posit_pack:u_packer|g_rne.d_q[3]              ; packer_ppa_boundary:u_boundary|d[3]           ; clk          ; clk         ; 0.000        ; 0.062      ; 0.736      ;
; 0.517 ; posit_pack:u_packer|g_rne.p1_special_sel_q[0] ; posit_pack:u_packer|g_rne.d_q[11]             ; clk          ; clk         ; 0.000        ; 0.431      ; 1.105      ;
; 0.518 ; posit_pack:u_packer|g_rne.flags_q[4]          ; packer_ppa_boundary:u_boundary|flags[4]       ; clk          ; clk         ; 0.000        ; 0.062      ; 0.737      ;
; 0.529 ; posit_pack:u_packer|g_rne.d_q[7]              ; packer_ppa_boundary:u_boundary|d[7]           ; clk          ; clk         ; 0.000        ; 0.061      ; 0.747      ;
; 0.531 ; posit_pack:u_packer|g_rne.d_q[17]             ; packer_ppa_boundary:u_boundary|d[17]          ; clk          ; clk         ; 0.000        ; 0.062      ; 0.750      ;
; 0.535 ; packer_ppa_boundary:u_boundary|is_nar_q       ; posit_pack:u_packer|g_rne.p1_special_sel_q[1] ; clk          ; clk         ; 0.000        ; 0.062      ; 0.754      ;
; 0.537 ; packer_ppa_boundary:u_boundary|is_nar_q       ; posit_pack:u_packer|g_rne.p1_special_sel_q[0] ; clk          ; clk         ; 0.000        ; 0.062      ; 0.756      ;
; 0.561 ; posit_pack:u_packer|g_rne.p1_sign_q           ; posit_pack:u_packer|g_rne.d_q[31]             ; clk          ; clk         ; 0.000        ; 0.398      ; 1.116      ;
; 0.568 ; packer_ppa_boundary:u_boundary|flags_in_q[2]  ; posit_pack:u_packer|g_rne.p1_flags_q[2]       ; clk          ; clk         ; 0.000        ; 0.062      ; 0.787      ;
; 0.595 ; posit_pack:u_packer|g_rne.p1_special_sel_q[1] ; posit_pack:u_packer|g_rne.flags_q[3]          ; clk          ; clk         ; 0.000        ; 0.428      ; 1.180      ;
; 0.597 ; posit_pack:u_packer|g_rne.p1_flags_q[3]       ; posit_pack:u_packer|g_rne.flags_q[3]          ; clk          ; clk         ; 0.000        ; 0.428      ; 1.182      ;
; 0.599 ; posit_pack:u_packer|g_rne.p1_special_sel_q[1] ; posit_pack:u_packer|g_rne.d_q[26]             ; clk          ; clk         ; 0.000        ; 0.428      ; 1.184      ;
; 0.600 ; posit_pack:u_packer|g_rne.p1_special_sel_q[1] ; posit_pack:u_packer|g_rne.d_q[24]             ; clk          ; clk         ; 0.000        ; 0.428      ; 1.185      ;
; 0.602 ; posit_pack:u_packer|g_rne.p1_special_sel_q[1] ; posit_pack:u_packer|g_rne.d_q[22]             ; clk          ; clk         ; 0.000        ; 0.428      ; 1.187      ;
; 0.603 ; posit_pack:u_packer|g_rne.p1_special_sel_q[1] ; posit_pack:u_packer|g_rne.d_q[20]             ; clk          ; clk         ; 0.000        ; 0.428      ; 1.188      ;
; 0.620 ; posit_pack:u_packer|g_rne.p1_special_sel_q[0] ; posit_pack:u_packer|g_rne.flags_q[0]          ; clk          ; clk         ; 0.000        ; 0.401      ; 1.178      ;
; 0.621 ; posit_pack:u_packer|g_rne.p1_special_sel_q[0] ; posit_pack:u_packer|g_rne.flags_q[1]          ; clk          ; clk         ; 0.000        ; 0.401      ; 1.179      ;
; 0.628 ; packer_ppa_boundary:u_boundary|flags_in_q[4]  ; posit_pack:u_packer|g_rne.p1_special_sel_q[2] ; clk          ; clk         ; 0.000        ; 0.062      ; 0.847      ;
; 0.630 ; posit_pack:u_packer|g_rne.p1_special_sel_q[2] ; posit_pack:u_packer|g_rne.d_q[11]             ; clk          ; clk         ; 0.000        ; 0.431      ; 1.218      ;
; 0.637 ; packer_ppa_boundary:u_boundary|flags_in_q[4]  ; posit_pack:u_packer|g_rne.p1_special_sel_q[1] ; clk          ; clk         ; 0.000        ; 0.062      ; 0.856      ;
; 0.639 ; posit_pack:u_packer|g_rne.p1_flags_q[4]       ; posit_pack:u_packer|g_rne.flags_q[4]          ; clk          ; clk         ; 0.000        ; 0.062      ; 0.858      ;
; 0.650 ; packer_ppa_boundary:u_boundary|is_nar_q       ; posit_pack:u_packer|g_rne.p1_flags_q[0]       ; clk          ; clk         ; 0.000        ; 0.062      ; 0.869      ;
; 0.655 ; posit_pack:u_packer|g_rne.p1_special_sel_q[1] ; posit_pack:u_packer|g_rne.d_q[12]             ; clk          ; clk         ; 0.000        ; 0.430      ; 1.242      ;
; 0.657 ; posit_pack:u_packer|g_rne.p1_special_sel_q[1] ; posit_pack:u_packer|g_rne.flags_q[2]          ; clk          ; clk         ; 0.000        ; 0.401      ; 1.215      ;
; 0.685 ; packer_ppa_boundary:u_boundary|flags_in_q[4]  ; posit_pack:u_packer|g_rne.p1_special_sel_q[0] ; clk          ; clk         ; 0.000        ; 0.062      ; 0.904      ;
; 0.685 ; posit_pack:u_packer|g_rne.p1_special_sel_q[1] ; posit_pack:u_packer|g_rne.d_q[11]             ; clk          ; clk         ; 0.000        ; 0.431      ; 1.273      ;
; 0.686 ; packer_ppa_boundary:u_boundary|is_nar_q       ; posit_pack:u_packer|g_rne.p1_special_sel_q[2] ; clk          ; clk         ; 0.000        ; 0.062      ; 0.905      ;
; 0.696 ; posit_pack:u_packer|g_rne.flags_q[2]          ; packer_ppa_boundary:u_boundary|flags[2]       ; clk          ; clk         ; 0.000        ; -0.261     ; 0.592      ;
; 0.698 ; posit_pack:u_packer|g_rne.d_q[0]              ; packer_ppa_boundary:u_boundary|d[0]           ; clk          ; clk         ; 0.000        ; -0.261     ; 0.594      ;
; 0.698 ; posit_pack:u_packer|g_rne.d_q[14]             ; packer_ppa_boundary:u_boundary|d[14]          ; clk          ; clk         ; 0.000        ; -0.261     ; 0.594      ;
; 0.698 ; posit_pack:u_packer|g_rne.d_q[31]             ; packer_ppa_boundary:u_boundary|d[31]          ; clk          ; clk         ; 0.000        ; -0.261     ; 0.594      ;
; 0.699 ; posit_pack:u_packer|g_rne.p1_special_sel_q[0] ; posit_pack:u_packer|g_rne.d_q[9]              ; clk          ; clk         ; 0.000        ; 0.406      ; 1.262      ;
; 0.722 ; posit_pack:u_packer|g_rne.d_q[26]             ; packer_ppa_boundary:u_boundary|d[26]          ; clk          ; clk         ; 0.000        ; -0.287     ; 0.592      ;
; 0.723 ; posit_pack:u_packer|g_rne.d_q[21]             ; packer_ppa_boundary:u_boundary|d[21]          ; clk          ; clk         ; 0.000        ; -0.287     ; 0.593      ;
; 0.723 ; posit_pack:u_packer|g_rne.d_q[28]             ; packer_ppa_boundary:u_boundary|d[28]          ; clk          ; clk         ; 0.000        ; -0.287     ; 0.593      ;
; 0.724 ; posit_pack:u_packer|g_rne.d_q[11]             ; packer_ppa_boundary:u_boundary|d[11]          ; clk          ; clk         ; 0.000        ; -0.287     ; 0.594      ;
; 0.724 ; posit_pack:u_packer|g_rne.d_q[20]             ; packer_ppa_boundary:u_boundary|d[20]          ; clk          ; clk         ; 0.000        ; -0.287     ; 0.594      ;
; 0.724 ; posit_pack:u_packer|g_rne.d_q[23]             ; packer_ppa_boundary:u_boundary|d[23]          ; clk          ; clk         ; 0.000        ; -0.287     ; 0.594      ;
; 0.740 ; posit_pack:u_packer|g_rne.p1_special_sel_q[0] ; posit_pack:u_packer|g_rne.flags_q[2]          ; clk          ; clk         ; 0.000        ; 0.401      ; 1.298      ;
; 0.751 ; packer_ppa_boundary:u_boundary|flags_in_q[4]  ; posit_pack:u_packer|g_rne.p1_flags_q[4]       ; clk          ; clk         ; 0.000        ; 0.062      ; 0.970      ;
; 0.784 ; posit_pack:u_packer|g_rne.p1_special_sel_q[1] ; posit_pack:u_packer|g_rne.flags_q[0]          ; clk          ; clk         ; 0.000        ; 0.401      ; 1.342      ;
; 0.789 ; posit_pack:u_packer|g_rne.p1_special_sel_q[1] ; posit_pack:u_packer|g_rne.flags_q[1]          ; clk          ; clk         ; 0.000        ; 0.401      ; 1.347      ;
; 0.821 ; posit_pack:u_packer|g_rne.p1_flags_q[2]       ; posit_pack:u_packer|g_rne.flags_q[2]          ; clk          ; clk         ; 0.000        ; 0.401      ; 1.379      ;
; 0.827 ; posit_pack:u_packer|g_rne.d_q[6]              ; packer_ppa_boundary:u_boundary|d[6]           ; clk          ; clk         ; 0.000        ; -0.261     ; 0.723      ;
; 0.828 ; posit_pack:u_packer|g_rne.d_q[8]              ; packer_ppa_boundary:u_boundary|d[8]           ; clk          ; clk         ; 0.000        ; -0.261     ; 0.724      ;
; 0.833 ; posit_pack:u_packer|g_rne.d_q[18]             ; packer_ppa_boundary:u_boundary|d[18]          ; clk          ; clk         ; 0.000        ; -0.261     ; 0.729      ;
; 0.836 ; posit_pack:u_packer|g_rne.p1_flags_q[0]       ; posit_pack:u_packer|g_rne.flags_q[0]          ; clk          ; clk         ; 0.000        ; 0.401      ; 1.394      ;
; 0.840 ; posit_pack:u_packer|g_rne.d_q[30]             ; packer_ppa_boundary:u_boundary|d[30]          ; clk          ; clk         ; 0.000        ; -0.261     ; 0.736      ;
; 0.840 ; posit_pack:u_packer|g_rne.flags_q[1]          ; packer_ppa_boundary:u_boundary|flags[1]       ; clk          ; clk         ; 0.000        ; -0.261     ; 0.736      ;
; 0.841 ; posit_pack:u_packer|g_rne.d_q[29]             ; packer_ppa_boundary:u_boundary|d[29]          ; clk          ; clk         ; 0.000        ; -0.261     ; 0.737      ;
; 0.849 ; posit_pack:u_packer|g_rne.p1_special_sel_q[1] ; posit_pack:u_packer|g_rne.d_q[19]             ; clk          ; clk         ; 0.000        ; 0.430      ; 1.436      ;
; 0.850 ; packer_ppa_boundary:u_boundary|is_nar_q       ; posit_pack:u_packer|g_rne.p1_flags_q[4]       ; clk          ; clk         ; 0.000        ; 0.062      ; 1.069      ;
; 0.851 ; posit_pack:u_packer|g_rne.d_q[9]              ; packer_ppa_boundary:u_boundary|d[9]           ; clk          ; clk         ; 0.000        ; -0.261     ; 0.747      ;
; 0.853 ; posit_pack:u_packer|g_rne.p1_special_sel_q[0] ; posit_pack:u_packer|g_rne.flags_q[3]          ; clk          ; clk         ; 0.000        ; 0.428      ; 1.438      ;
; 0.855 ; posit_pack:u_packer|g_rne.p1_special_sel_q[1] ; posit_pack:u_packer|g_rne.d_q[4]              ; clk          ; clk         ; 0.000        ; 0.430      ; 1.442      ;
; 0.855 ; posit_pack:u_packer|g_rne.p1_special_sel_q[1] ; posit_pack:u_packer|g_rne.d_q[13]             ; clk          ; clk         ; 0.000        ; 0.430      ; 1.442      ;
; 0.856 ; posit_pack:u_packer|g_rne.p1_special_sel_q[1] ; posit_pack:u_packer|g_rne.d_q[10]             ; clk          ; clk         ; 0.000        ; 0.430      ; 1.443      ;
; 0.859 ; posit_pack:u_packer|g_rne.flags_q[0]          ; packer_ppa_boundary:u_boundary|flags[0]       ; clk          ; clk         ; 0.000        ; -0.260     ; 0.756      ;
; 0.865 ; posit_pack:u_packer|g_rne.d_q[13]             ; packer_ppa_boundary:u_boundary|d[13]          ; clk          ; clk         ; 0.000        ; -0.287     ; 0.735      ;
; 0.866 ; posit_pack:u_packer|g_rne.d_q[22]             ; packer_ppa_boundary:u_boundary|d[22]          ; clk          ; clk         ; 0.000        ; -0.287     ; 0.736      ;
; 0.866 ; posit_pack:u_packer|g_rne.d_q[27]             ; packer_ppa_boundary:u_boundary|d[27]          ; clk          ; clk         ; 0.000        ; -0.287     ; 0.736      ;
; 0.867 ; posit_pack:u_packer|g_rne.d_q[24]             ; packer_ppa_boundary:u_boundary|d[24]          ; clk          ; clk         ; 0.000        ; -0.287     ; 0.737      ;
; 0.867 ; posit_pack:u_packer|g_rne.flags_q[3]          ; packer_ppa_boundary:u_boundary|flags[3]       ; clk          ; clk         ; 0.000        ; -0.287     ; 0.737      ;
; 0.881 ; posit_pack:u_packer|g_rne.d_q[25]             ; packer_ppa_boundary:u_boundary|d[25]          ; clk          ; clk         ; 0.000        ; -0.288     ; 0.750      ;
; 0.881 ; posit_pack:u_packer|g_rne.p1_flags_q[1]       ; posit_pack:u_packer|g_rne.flags_q[1]          ; clk          ; clk         ; 0.000        ; 0.399      ; 1.437      ;
; 0.884 ; posit_pack:u_packer|g_rne.p1_special_sel_q[0] ; posit_pack:u_packer|g_rne.d_q[3]              ; clk          ; clk         ; 0.000        ; 0.062      ; 1.103      ;
; 0.885 ; posit_pack:u_packer|g_rne.p1_special_sel_q[0] ; posit_pack:u_packer|g_rne.d_q[15]             ; clk          ; clk         ; 0.000        ; 0.062      ; 1.104      ;
; 0.886 ; posit_pack:u_packer|g_rne.p1_special_sel_q[0] ; posit_pack:u_packer|g_rne.d_q[5]              ; clk          ; clk         ; 0.000        ; 0.062      ; 1.105      ;
; 0.887 ; posit_pack:u_packer|g_rne.p1_special_sel_q[0] ; posit_pack:u_packer|g_rne.d_q[17]             ; clk          ; clk         ; 0.000        ; 0.062      ; 1.106      ;
; 0.890 ; posit_pack:u_packer|g_rne.p1_special_sel_q[2] ; posit_pack:u_packer|g_rne.d_q[8]              ; clk          ; clk         ; 0.000        ; 0.406      ; 1.453      ;
; 0.891 ; posit_pack:u_packer|g_rne.p1_special_sel_q[2] ; posit_pack:u_packer|g_rne.d_q[18]             ; clk          ; clk         ; 0.000        ; 0.406      ; 1.454      ;
; 0.893 ; posit_pack:u_packer|g_rne.p1_special_sel_q[1] ; posit_pack:u_packer|g_rne.d_q[0]              ; clk          ; clk         ; 0.000        ; 0.406      ; 1.456      ;
; 0.893 ; posit_pack:u_packer|g_rne.p1_special_sel_q[2] ; posit_pack:u_packer|g_rne.d_q[6]              ; clk          ; clk         ; 0.000        ; 0.406      ; 1.456      ;
; 0.895 ; posit_pack:u_packer|g_rne.p1_special_sel_q[1] ; posit_pack:u_packer|g_rne.d_q[8]              ; clk          ; clk         ; 0.000        ; 0.406      ; 1.458      ;
; 0.896 ; posit_pack:u_packer|g_rne.p1_special_sel_q[1] ; posit_pack:u_packer|g_rne.d_q[18]             ; clk          ; clk         ; 0.000        ; 0.406      ; 1.459      ;
; 0.898 ; posit_pack:u_packer|g_rne.p1_special_sel_q[1] ; posit_pack:u_packer|g_rne.d_q[6]              ; clk          ; clk         ; 0.000        ; 0.406      ; 1.461      ;
; 0.902 ; posit_pack:u_packer|g_rne.p1_special_sel_q[1] ; posit_pack:u_packer|g_rne.d_q[7]              ; clk          ; clk         ; 0.000        ; 0.062      ; 1.121      ;
; 0.903 ; posit_pack:u_packer|g_rne.p1_special_sel_q[2] ; posit_pack:u_packer|g_rne.d_q[9]              ; clk          ; clk         ; 0.000        ; 0.406      ; 1.466      ;
; 0.904 ; posit_pack:u_packer|g_rne.p1_special_sel_q[0] ; posit_pack:u_packer|g_rne.d_q[0]              ; clk          ; clk         ; 0.000        ; 0.406      ; 1.467      ;
; 0.905 ; posit_pack:u_packer|g_rne.p1_special_sel_q[2] ; posit_pack:u_packer|g_rne.d_q[0]              ; clk          ; clk         ; 0.000        ; 0.406      ; 1.468      ;
; 0.915 ; posit_pack:u_packer|g_rne.p1_special_sel_q[0] ; posit_pack:u_packer|g_rne.d_q[6]              ; clk          ; clk         ; 0.000        ; 0.406      ; 1.478      ;
; 0.915 ; packer_ppa_boundary:u_boundary|flags_in_q[1]  ; posit_pack:u_packer|g_rne.p1_flags_q[1]       ; clk          ; clk         ; 0.000        ; -0.287     ; 0.785      ;
; 0.916 ; posit_pack:u_packer|g_rne.p1_special_sel_q[0] ; posit_pack:u_packer|g_rne.d_q[18]             ; clk          ; clk         ; 0.000        ; 0.406      ; 1.479      ;
; 0.920 ; posit_pack:u_packer|g_rne.p1_special_sel_q[0] ; posit_pack:u_packer|g_rne.d_q[8]              ; clk          ; clk         ; 0.000        ; 0.406      ; 1.483      ;
; 0.936 ; posit_pack:u_packer|g_rne.p1_special_sel_q[1] ; posit_pack:u_packer|g_rne.d_q[1]              ; clk          ; clk         ; 0.000        ; 0.070      ; 1.163      ;
; 0.946 ; posit_pack:u_packer|g_rne.p1_special_sel_q[2] ; posit_pack:u_packer|g_rne.d_q[7]              ; clk          ; clk         ; 0.000        ; 0.062      ; 1.165      ;
; 0.952 ; packer_ppa_boundary:u_boundary|flags_in_q[4]  ; posit_pack:u_packer|g_rne.p1_flags_q[3]       ; clk          ; clk         ; 0.000        ; 0.062      ; 1.171      ;
; 0.954 ; posit_pack:u_packer|g_rne.p1_valid_q          ; posit_pack:u_packer|g_rne.d_q[0]              ; clk          ; clk         ; 0.000        ; 0.398      ; 1.509      ;
+-------+-----------------------------------------------+-----------------------------------------------+--------------+-------------+--------------+------------+------------+


+-------------------------------------------------------------------------------------------------------------------------------------------------------------------------+
; Slow 1200mV 85C Model Recovery: 'clk'                                                                                                                                   ;
+-------+-------------------------------------------+-----------------------------------------------+--------------+-------------+--------------+------------+------------+
; Slack ; From Node                                 ; To Node                                       ; Launch Clock ; Latch Clock ; Relationship ; Clock Skew ; Data Delay ;
+-------+-------------------------------------------+-----------------------------------------------+--------------+-------------+--------------+------------+------------+
; 6.994 ; packer_ppa_boundary:u_boundary|meta_sync2 ; packer_ppa_boundary:u_boundary|sf_q[6]        ; clk          ; clk         ; 10.000       ; -0.072     ; 2.929      ;
; 6.994 ; packer_ppa_boundary:u_boundary|meta_sync2 ; packer_ppa_boundary:u_boundary|sf_q[4]        ; clk          ; clk         ; 10.000       ; -0.070     ; 2.931      ;
; 6.994 ; packer_ppa_boundary:u_boundary|meta_sync2 ; packer_ppa_boundary:u_boundary|flags_in_q[4]  ; clk          ; clk         ; 10.000       ; -0.078     ; 2.923      ;
; 6.994 ; packer_ppa_boundary:u_boundary|meta_sync2 ; packer_ppa_boundary:u_boundary|is_nar_q       ; clk          ; clk         ; 10.000       ; -0.078     ; 2.923      ;
; 6.994 ; packer_ppa_boundary:u_boundary|meta_sync2 ; posit_pack:u_packer|g_rne.p1_guard_bit_q      ; clk          ; clk         ; 10.000       ; -0.076     ; 2.925      ;
; 6.994 ; packer_ppa_boundary:u_boundary|meta_sync2 ; posit_pack:u_packer|g_rne.p1_round_bit_q      ; clk          ; clk         ; 10.000       ; -0.076     ; 2.925      ;
; 6.994 ; packer_ppa_boundary:u_boundary|meta_sync2 ; posit_pack:u_packer|g_rne.p1_mag_trunc_q[0]   ; clk          ; clk         ; 10.000       ; -0.076     ; 2.925      ;
; 6.994 ; packer_ppa_boundary:u_boundary|meta_sync2 ; packer_ppa_boundary:u_boundary|frac_q[21]     ; clk          ; clk         ; 10.000       ; -0.071     ; 2.930      ;
; 6.994 ; packer_ppa_boundary:u_boundary|meta_sync2 ; packer_ppa_boundary:u_boundary|frac_q[18]     ; clk          ; clk         ; 10.000       ; -0.071     ; 2.930      ;
; 6.994 ; packer_ppa_boundary:u_boundary|meta_sync2 ; packer_ppa_boundary:u_boundary|frac_q[23]     ; clk          ; clk         ; 10.000       ; -0.071     ; 2.930      ;
; 6.994 ; packer_ppa_boundary:u_boundary|meta_sync2 ; packer_ppa_boundary:u_boundary|frac_q[22]     ; clk          ; clk         ; 10.000       ; -0.071     ; 2.930      ;
; 6.994 ; packer_ppa_boundary:u_boundary|meta_sync2 ; posit_pack:u_packer|g_rne.p1_sticky_bit_q     ; clk          ; clk         ; 10.000       ; -0.076     ; 2.925      ;
; 6.994 ; packer_ppa_boundary:u_boundary|meta_sync2 ; posit_pack:u_packer|g_rne.p1_mag_trunc_q[1]   ; clk          ; clk         ; 10.000       ; -0.076     ; 2.925      ;
; 6.994 ; packer_ppa_boundary:u_boundary|meta_sync2 ; posit_pack:u_packer|g_rne.p1_mag_trunc_q[2]   ; clk          ; clk         ; 10.000       ; -0.076     ; 2.925      ;
; 6.994 ; packer_ppa_boundary:u_boundary|meta_sync2 ; posit_pack:u_packer|g_rne.p1_mag_trunc_q[3]   ; clk          ; clk         ; 10.000       ; -0.076     ; 2.925      ;
; 6.994 ; packer_ppa_boundary:u_boundary|meta_sync2 ; posit_pack:u_packer|g_rne.p1_mag_trunc_q[4]   ; clk          ; clk         ; 10.000       ; -0.076     ; 2.925      ;
; 6.994 ; packer_ppa_boundary:u_boundary|meta_sync2 ; posit_pack:u_packer|g_rne.p1_mag_trunc_q[5]   ; clk          ; clk         ; 10.000       ; -0.076     ; 2.925      ;
; 6.994 ; packer_ppa_boundary:u_boundary|meta_sync2 ; posit_pack:u_packer|g_rne.p1_mag_trunc_q[6]   ; clk          ; clk         ; 10.000       ; -0.076     ; 2.925      ;
; 6.994 ; packer_ppa_boundary:u_boundary|meta_sync2 ; posit_pack:u_packer|g_rne.p1_mag_trunc_q[7]   ; clk          ; clk         ; 10.000       ; -0.076     ; 2.925      ;
; 6.994 ; packer_ppa_boundary:u_boundary|meta_sync2 ; posit_pack:u_packer|g_rne.p1_mag_trunc_q[8]   ; clk          ; clk         ; 10.000       ; -0.076     ; 2.925      ;
; 6.994 ; packer_ppa_boundary:u_boundary|meta_sync2 ; posit_pack:u_packer|g_rne.p1_mag_trunc_q[9]   ; clk          ; clk         ; 10.000       ; -0.076     ; 2.925      ;
; 6.994 ; packer_ppa_boundary:u_boundary|meta_sync2 ; posit_pack:u_packer|g_rne.p1_mag_trunc_q[10]  ; clk          ; clk         ; 10.000       ; -0.076     ; 2.925      ;
; 6.994 ; packer_ppa_boundary:u_boundary|meta_sync2 ; posit_pack:u_packer|g_rne.p1_mag_trunc_q[11]  ; clk          ; clk         ; 10.000       ; -0.076     ; 2.925      ;
; 6.994 ; packer_ppa_boundary:u_boundary|meta_sync2 ; posit_pack:u_packer|g_rne.p1_mag_trunc_q[12]  ; clk          ; clk         ; 10.000       ; -0.076     ; 2.925      ;
; 6.994 ; packer_ppa_boundary:u_boundary|meta_sync2 ; posit_pack:u_packer|g_rne.p1_mag_trunc_q[13]  ; clk          ; clk         ; 10.000       ; -0.076     ; 2.925      ;
; 6.994 ; packer_ppa_boundary:u_boundary|meta_sync2 ; posit_pack:u_packer|g_rne.p1_mag_trunc_q[14]  ; clk          ; clk         ; 10.000       ; -0.076     ; 2.925      ;
; 6.994 ; packer_ppa_boundary:u_boundary|meta_sync2 ; posit_pack:u_packer|g_rne.p1_mag_trunc_q[15]  ; clk          ; clk         ; 10.000       ; -0.076     ; 2.925      ;
; 6.994 ; packer_ppa_boundary:u_boundary|meta_sync2 ; posit_pack:u_packer|g_rne.p1_mag_trunc_q[24]  ; clk          ; clk         ; 10.000       ; -0.074     ; 2.927      ;
; 6.994 ; packer_ppa_boundary:u_boundary|meta_sync2 ; posit_pack:u_packer|g_rne.p1_mag_trunc_q[30]  ; clk          ; clk         ; 10.000       ; -0.078     ; 2.923      ;
; 6.994 ; packer_ppa_boundary:u_boundary|meta_sync2 ; posit_pack:u_packer|g_rne.p1_special_sel_q[1] ; clk          ; clk         ; 10.000       ; -0.078     ; 2.923      ;
; 6.994 ; packer_ppa_boundary:u_boundary|meta_sync2 ; posit_pack:u_packer|g_rne.p1_special_sel_q[2] ; clk          ; clk         ; 10.000       ; -0.078     ; 2.923      ;
; 6.994 ; packer_ppa_boundary:u_boundary|meta_sync2 ; posit_pack:u_packer|g_rne.p1_special_sel_q[0] ; clk          ; clk         ; 10.000       ; -0.078     ; 2.923      ;
; 6.994 ; packer_ppa_boundary:u_boundary|meta_sync2 ; packer_ppa_boundary:u_boundary|d[0]           ; clk          ; clk         ; 10.000       ; -0.070     ; 2.931      ;
; 6.994 ; packer_ppa_boundary:u_boundary|meta_sync2 ; posit_pack:u_packer|g_rne.d_q[1]              ; clk          ; clk         ; 10.000       ; -0.070     ; 2.931      ;
; 6.994 ; packer_ppa_boundary:u_boundary|meta_sync2 ; packer_ppa_boundary:u_boundary|d[1]           ; clk          ; clk         ; 10.000       ; -0.070     ; 2.931      ;
; 6.994 ; packer_ppa_boundary:u_boundary|meta_sync2 ; packer_ppa_boundary:u_boundary|d[2]           ; clk          ; clk         ; 10.000       ; -0.079     ; 2.922      ;
; 6.994 ; packer_ppa_boundary:u_boundary|meta_sync2 ; posit_pack:u_packer|g_rne.d_q[3]              ; clk          ; clk         ; 10.000       ; -0.078     ; 2.923      ;
; 6.994 ; packer_ppa_boundary:u_boundary|meta_sync2 ; packer_ppa_boundary:u_boundary|d[3]           ; clk          ; clk         ; 10.000       ; -0.078     ; 2.923      ;
; 6.994 ; packer_ppa_boundary:u_boundary|meta_sync2 ; posit_pack:u_packer|g_rne.d_q[5]              ; clk          ; clk         ; 10.000       ; -0.078     ; 2.923      ;
; 6.994 ; packer_ppa_boundary:u_boundary|meta_sync2 ; packer_ppa_boundary:u_boundary|d[5]           ; clk          ; clk         ; 10.000       ; -0.078     ; 2.923      ;
; 6.994 ; packer_ppa_boundary:u_boundary|meta_sync2 ; packer_ppa_boundary:u_boundary|d[7]           ; clk          ; clk         ; 10.000       ; -0.079     ; 2.922      ;
; 6.994 ; packer_ppa_boundary:u_boundary|meta_sync2 ; packer_ppa_boundary:u_boundary|d[12]          ; clk          ; clk         ; 10.000       ; -0.077     ; 2.924      ;
; 6.994 ; packer_ppa_boundary:u_boundary|meta_sync2 ; posit_pack:u_packer|g_rne.d_q[15]             ; clk          ; clk         ; 10.000       ; -0.078     ; 2.923      ;
; 6.994 ; packer_ppa_boundary:u_boundary|meta_sync2 ; packer_ppa_boundary:u_boundary|d[15]          ; clk          ; clk         ; 10.000       ; -0.078     ; 2.923      ;
; 6.994 ; packer_ppa_boundary:u_boundary|meta_sync2 ; packer_ppa_boundary:u_boundary|d[16]          ; clk          ; clk         ; 10.000       ; -0.079     ; 2.922      ;
; 6.994 ; packer_ppa_boundary:u_boundary|meta_sync2 ; posit_pack:u_packer|g_rne.d_q[17]             ; clk          ; clk         ; 10.000       ; -0.078     ; 2.923      ;
; 6.994 ; packer_ppa_boundary:u_boundary|meta_sync2 ; packer_ppa_boundary:u_boundary|d[17]          ; clk          ; clk         ; 10.000       ; -0.078     ; 2.923      ;
; 6.994 ; packer_ppa_boundary:u_boundary|meta_sync2 ; packer_ppa_boundary:u_boundary|flags_in_q[0]  ; clk          ; clk         ; 10.000       ; -0.078     ; 2.923      ;
; 6.994 ; packer_ppa_boundary:u_boundary|meta_sync2 ; posit_pack:u_packer|g_rne.p1_flags_q[0]       ; clk          ; clk         ; 10.000       ; -0.078     ; 2.923      ;
; 6.994 ; packer_ppa_boundary:u_boundary|meta_sync2 ; posit_pack:u_packer|g_rne.p1_flags_q[1]       ; clk          ; clk         ; 10.000       ; -0.076     ; 2.925      ;
; 6.994 ; packer_ppa_boundary:u_boundary|meta_sync2 ; packer_ppa_boundary:u_boundary|flags_in_q[2]  ; clk          ; clk         ; 10.000       ; -0.078     ; 2.923      ;
; 6.994 ; packer_ppa_boundary:u_boundary|meta_sync2 ; posit_pack:u_packer|g_rne.p1_flags_q[2]       ; clk          ; clk         ; 10.000       ; -0.078     ; 2.923      ;
; 6.994 ; packer_ppa_boundary:u_boundary|meta_sync2 ; packer_ppa_boundary:u_boundary|flags_in_q[3]  ; clk          ; clk         ; 10.000       ; -0.078     ; 2.923      ;
; 6.994 ; packer_ppa_boundary:u_boundary|meta_sync2 ; posit_pack:u_packer|g_rne.p1_flags_q[3]       ; clk          ; clk         ; 10.000       ; -0.078     ; 2.923      ;
; 6.994 ; packer_ppa_boundary:u_boundary|meta_sync2 ; posit_pack:u_packer|g_rne.p1_flags_q[4]       ; clk          ; clk         ; 10.000       ; -0.078     ; 2.923      ;
; 6.994 ; packer_ppa_boundary:u_boundary|meta_sync2 ; posit_pack:u_packer|g_rne.flags_q[4]          ; clk          ; clk         ; 10.000       ; -0.078     ; 2.923      ;
; 6.994 ; packer_ppa_boundary:u_boundary|meta_sync2 ; packer_ppa_boundary:u_boundary|flags[4]       ; clk          ; clk         ; 10.000       ; -0.078     ; 2.923      ;
; 6.995 ; packer_ppa_boundary:u_boundary|meta_sync2 ; packer_ppa_boundary:u_boundary|sf_q[9]        ; clk          ; clk         ; 10.000       ; -0.069     ; 2.931      ;
; 6.995 ; packer_ppa_boundary:u_boundary|meta_sync2 ; packer_ppa_boundary:u_boundary|sf_q[5]        ; clk          ; clk         ; 10.000       ; -0.075     ; 2.925      ;
; 6.995 ; packer_ppa_boundary:u_boundary|meta_sync2 ; packer_ppa_boundary:u_boundary|sf_q[3]        ; clk          ; clk         ; 10.000       ; -0.072     ; 2.928      ;
; 6.995 ; packer_ppa_boundary:u_boundary|meta_sync2 ; packer_ppa_boundary:u_boundary|sf_q[8]        ; clk          ; clk         ; 10.000       ; -0.074     ; 2.926      ;
; 6.995 ; packer_ppa_boundary:u_boundary|meta_sync2 ; packer_ppa_boundary:u_boundary|sf_q[7]        ; clk          ; clk         ; 10.000       ; -0.074     ; 2.926      ;
; 6.995 ; packer_ppa_boundary:u_boundary|meta_sync2 ; packer_ppa_boundary:u_boundary|is_zero_q      ; clk          ; clk         ; 10.000       ; -0.074     ; 2.926      ;
; 6.995 ; packer_ppa_boundary:u_boundary|meta_sync2 ; packer_ppa_boundary:u_boundary|frac_q[43]     ; clk          ; clk         ; 10.000       ; -0.068     ; 2.932      ;
; 6.995 ; packer_ppa_boundary:u_boundary|meta_sync2 ; packer_ppa_boundary:u_boundary|sf_q[2]        ; clk          ; clk         ; 10.000       ; -0.069     ; 2.931      ;
; 6.995 ; packer_ppa_boundary:u_boundary|meta_sync2 ; packer_ppa_boundary:u_boundary|frac_q[44]     ; clk          ; clk         ; 10.000       ; -0.068     ; 2.932      ;
; 6.995 ; packer_ppa_boundary:u_boundary|meta_sync2 ; packer_ppa_boundary:u_boundary|frac_q[46]     ; clk          ; clk         ; 10.000       ; -0.068     ; 2.932      ;
; 6.995 ; packer_ppa_boundary:u_boundary|meta_sync2 ; packer_ppa_boundary:u_boundary|frac_q[45]     ; clk          ; clk         ; 10.000       ; -0.068     ; 2.932      ;
; 6.995 ; packer_ppa_boundary:u_boundary|meta_sync2 ; packer_ppa_boundary:u_boundary|frac_q[50]     ; clk          ; clk         ; 10.000       ; -0.069     ; 2.931      ;
; 6.995 ; packer_ppa_boundary:u_boundary|meta_sync2 ; packer_ppa_boundary:u_boundary|frac_q[49]     ; clk          ; clk         ; 10.000       ; -0.069     ; 2.931      ;
; 6.995 ; packer_ppa_boundary:u_boundary|meta_sync2 ; packer_ppa_boundary:u_boundary|frac_q[47]     ; clk          ; clk         ; 10.000       ; -0.069     ; 2.931      ;
; 6.995 ; packer_ppa_boundary:u_boundary|meta_sync2 ; packer_ppa_boundary:u_boundary|frac_q[48]     ; clk          ; clk         ; 10.000       ; -0.069     ; 2.931      ;
; 6.995 ; packer_ppa_boundary:u_boundary|meta_sync2 ; packer_ppa_boundary:u_boundary|frac_q[52]     ; clk          ; clk         ; 10.000       ; -0.069     ; 2.931      ;
; 6.995 ; packer_ppa_boundary:u_boundary|meta_sync2 ; packer_ppa_boundary:u_boundary|frac_q[51]     ; clk          ; clk         ; 10.000       ; -0.069     ; 2.931      ;
; 6.995 ; packer_ppa_boundary:u_boundary|meta_sync2 ; packer_ppa_boundary:u_boundary|frac_q[53]     ; clk          ; clk         ; 10.000       ; -0.069     ; 2.931      ;
; 6.995 ; packer_ppa_boundary:u_boundary|meta_sync2 ; packer_ppa_boundary:u_boundary|frac_q[54]     ; clk          ; clk         ; 10.000       ; -0.074     ; 2.926      ;
; 6.995 ; packer_ppa_boundary:u_boundary|meta_sync2 ; packer_ppa_boundary:u_boundary|sf_q[1]        ; clk          ; clk         ; 10.000       ; -0.072     ; 2.928      ;
; 6.995 ; packer_ppa_boundary:u_boundary|meta_sync2 ; packer_ppa_boundary:u_boundary|sf_q[0]        ; clk          ; clk         ; 10.000       ; -0.074     ; 2.926      ;
; 6.995 ; packer_ppa_boundary:u_boundary|meta_sync2 ; packer_ppa_boundary:u_boundary|frac_q[31]     ; clk          ; clk         ; 10.000       ; -0.069     ; 2.931      ;
; 6.995 ; packer_ppa_boundary:u_boundary|meta_sync2 ; packer_ppa_boundary:u_boundary|frac_q[32]     ; clk          ; clk         ; 10.000       ; -0.069     ; 2.931      ;
; 6.995 ; packer_ppa_boundary:u_boundary|meta_sync2 ; packer_ppa_boundary:u_boundary|frac_q[33]     ; clk          ; clk         ; 10.000       ; -0.069     ; 2.931      ;
; 6.995 ; packer_ppa_boundary:u_boundary|meta_sync2 ; packer_ppa_boundary:u_boundary|frac_q[34]     ; clk          ; clk         ; 10.000       ; -0.069     ; 2.931      ;
; 6.995 ; packer_ppa_boundary:u_boundary|meta_sync2 ; packer_ppa_boundary:u_boundary|frac_q[30]     ; clk          ; clk         ; 10.000       ; -0.069     ; 2.931      ;
; 6.995 ; packer_ppa_boundary:u_boundary|meta_sync2 ; packer_ppa_boundary:u_boundary|frac_q[29]     ; clk          ; clk         ; 10.000       ; -0.069     ; 2.931      ;
; 6.995 ; packer_ppa_boundary:u_boundary|meta_sync2 ; packer_ppa_boundary:u_boundary|frac_q[27]     ; clk          ; clk         ; 10.000       ; -0.069     ; 2.931      ;
; 6.995 ; packer_ppa_boundary:u_boundary|meta_sync2 ; packer_ppa_boundary:u_boundary|frac_q[28]     ; clk          ; clk         ; 10.000       ; -0.069     ; 2.931      ;
; 6.995 ; packer_ppa_boundary:u_boundary|meta_sync2 ; packer_ppa_boundary:u_boundary|frac_q[38]     ; clk          ; clk         ; 10.000       ; -0.068     ; 2.932      ;
; 6.995 ; packer_ppa_boundary:u_boundary|meta_sync2 ; packer_ppa_boundary:u_boundary|frac_q[37]     ; clk          ; clk         ; 10.000       ; -0.068     ; 2.932      ;
; 6.995 ; packer_ppa_boundary:u_boundary|meta_sync2 ; packer_ppa_boundary:u_boundary|frac_q[35]     ; clk          ; clk         ; 10.000       ; -0.069     ; 2.931      ;
; 6.995 ; packer_ppa_boundary:u_boundary|meta_sync2 ; packer_ppa_boundary:u_boundary|frac_q[36]     ; clk          ; clk         ; 10.000       ; -0.068     ; 2.932      ;
; 6.995 ; packer_ppa_boundary:u_boundary|meta_sync2 ; packer_ppa_boundary:u_boundary|frac_q[41]     ; clk          ; clk         ; 10.000       ; -0.068     ; 2.932      ;
; 6.995 ; packer_ppa_boundary:u_boundary|meta_sync2 ; packer_ppa_boundary:u_boundary|frac_q[42]     ; clk          ; clk         ; 10.000       ; -0.068     ; 2.932      ;
; 6.995 ; packer_ppa_boundary:u_boundary|meta_sync2 ; packer_ppa_boundary:u_boundary|frac_q[40]     ; clk          ; clk         ; 10.000       ; -0.068     ; 2.932      ;
; 6.995 ; packer_ppa_boundary:u_boundary|meta_sync2 ; packer_ppa_boundary:u_boundary|frac_q[39]     ; clk          ; clk         ; 10.000       ; -0.068     ; 2.932      ;
; 6.995 ; packer_ppa_boundary:u_boundary|meta_sync2 ; packer_ppa_boundary:u_boundary|frac_q[26]     ; clk          ; clk         ; 10.000       ; -0.069     ; 2.931      ;
; 6.995 ; packer_ppa_boundary:u_boundary|meta_sync2 ; packer_ppa_boundary:u_boundary|frac_q[20]     ; clk          ; clk         ; 10.000       ; -0.072     ; 2.928      ;
; 6.995 ; packer_ppa_boundary:u_boundary|meta_sync2 ; packer_ppa_boundary:u_boundary|frac_q[17]     ; clk          ; clk         ; 10.000       ; -0.072     ; 2.928      ;
; 6.995 ; packer_ppa_boundary:u_boundary|meta_sync2 ; packer_ppa_boundary:u_boundary|frac_q[16]     ; clk          ; clk         ; 10.000       ; -0.072     ; 2.928      ;
; 6.995 ; packer_ppa_boundary:u_boundary|meta_sync2 ; packer_ppa_boundary:u_boundary|frac_q[14]     ; clk          ; clk         ; 10.000       ; -0.074     ; 2.926      ;
; 6.995 ; packer_ppa_boundary:u_boundary|meta_sync2 ; packer_ppa_boundary:u_boundary|frac_q[15]     ; clk          ; clk         ; 10.000       ; -0.072     ; 2.928      ;
+-------+-------------------------------------------+-----------------------------------------------+--------------+-------------+--------------+------------+------------+


+------------------------------------------------------------------------------------------------------------------------------------------------------------------------+
; Slow 1200mV 85C Model Removal: 'clk'                                                                                                                                   ;
+-------+-------------------------------------------+----------------------------------------------+--------------+-------------+--------------+------------+------------+
; Slack ; From Node                                 ; To Node                                      ; Launch Clock ; Latch Clock ; Relationship ; Clock Skew ; Data Delay ;
+-------+-------------------------------------------+----------------------------------------------+--------------+-------------+--------------+------------+------------+
; 2.184 ; packer_ppa_boundary:u_boundary|meta_sync2 ; posit_pack:u_packer|g_rne.d_q[4]             ; clk          ; clk         ; 0.000        ; 0.415      ; 2.756      ;
; 2.184 ; packer_ppa_boundary:u_boundary|meta_sync2 ; posit_pack:u_packer|g_rne.d_q[10]            ; clk          ; clk         ; 0.000        ; 0.415      ; 2.756      ;
; 2.184 ; packer_ppa_boundary:u_boundary|meta_sync2 ; posit_pack:u_packer|g_rne.d_q[11]            ; clk          ; clk         ; 0.000        ; 0.416      ; 2.757      ;
; 2.184 ; packer_ppa_boundary:u_boundary|meta_sync2 ; posit_pack:u_packer|g_rne.d_q[12]            ; clk          ; clk         ; 0.000        ; 0.415      ; 2.756      ;
; 2.184 ; packer_ppa_boundary:u_boundary|meta_sync2 ; posit_pack:u_packer|g_rne.d_q[13]            ; clk          ; clk         ; 0.000        ; 0.415      ; 2.756      ;
; 2.184 ; packer_ppa_boundary:u_boundary|meta_sync2 ; posit_pack:u_packer|g_rne.d_q[19]            ; clk          ; clk         ; 0.000        ; 0.415      ; 2.756      ;
; 2.184 ; packer_ppa_boundary:u_boundary|meta_sync2 ; posit_pack:u_packer|g_rne.d_q[20]            ; clk          ; clk         ; 0.000        ; 0.413      ; 2.754      ;
; 2.184 ; packer_ppa_boundary:u_boundary|meta_sync2 ; posit_pack:u_packer|g_rne.d_q[21]            ; clk          ; clk         ; 0.000        ; 0.409      ; 2.750      ;
; 2.184 ; packer_ppa_boundary:u_boundary|meta_sync2 ; posit_pack:u_packer|g_rne.d_q[22]            ; clk          ; clk         ; 0.000        ; 0.413      ; 2.754      ;
; 2.184 ; packer_ppa_boundary:u_boundary|meta_sync2 ; posit_pack:u_packer|g_rne.d_q[23]            ; clk          ; clk         ; 0.000        ; 0.409      ; 2.750      ;
; 2.184 ; packer_ppa_boundary:u_boundary|meta_sync2 ; posit_pack:u_packer|g_rne.d_q[24]            ; clk          ; clk         ; 0.000        ; 0.413      ; 2.754      ;
; 2.184 ; packer_ppa_boundary:u_boundary|meta_sync2 ; posit_pack:u_packer|g_rne.d_q[25]            ; clk          ; clk         ; 0.000        ; 0.409      ; 2.750      ;
; 2.184 ; packer_ppa_boundary:u_boundary|meta_sync2 ; posit_pack:u_packer|g_rne.d_q[26]            ; clk          ; clk         ; 0.000        ; 0.413      ; 2.754      ;
; 2.184 ; packer_ppa_boundary:u_boundary|meta_sync2 ; posit_pack:u_packer|g_rne.d_q[27]            ; clk          ; clk         ; 0.000        ; 0.409      ; 2.750      ;
; 2.184 ; packer_ppa_boundary:u_boundary|meta_sync2 ; posit_pack:u_packer|g_rne.d_q[28]            ; clk          ; clk         ; 0.000        ; 0.409      ; 2.750      ;
; 2.184 ; packer_ppa_boundary:u_boundary|meta_sync2 ; packer_ppa_boundary:u_boundary|flags_in_q[1] ; clk          ; clk         ; 0.000        ; 0.412      ; 2.753      ;
; 2.184 ; packer_ppa_boundary:u_boundary|meta_sync2 ; posit_pack:u_packer|g_rne.flags_q[3]         ; clk          ; clk         ; 0.000        ; 0.413      ; 2.754      ;
; 2.211 ; packer_ppa_boundary:u_boundary|meta_sync2 ; posit_pack:u_packer|g_rne.d_q[0]             ; clk          ; clk         ; 0.000        ; 0.391      ; 2.759      ;
; 2.211 ; packer_ppa_boundary:u_boundary|meta_sync2 ; posit_pack:u_packer|g_rne.d_q[2]             ; clk          ; clk         ; 0.000        ; 0.385      ; 2.753      ;
; 2.211 ; packer_ppa_boundary:u_boundary|meta_sync2 ; posit_pack:u_packer|g_rne.d_q[6]             ; clk          ; clk         ; 0.000        ; 0.391      ; 2.759      ;
; 2.211 ; packer_ppa_boundary:u_boundary|meta_sync2 ; posit_pack:u_packer|g_rne.d_q[8]             ; clk          ; clk         ; 0.000        ; 0.391      ; 2.759      ;
; 2.211 ; packer_ppa_boundary:u_boundary|meta_sync2 ; posit_pack:u_packer|g_rne.d_q[9]             ; clk          ; clk         ; 0.000        ; 0.391      ; 2.759      ;
; 2.211 ; packer_ppa_boundary:u_boundary|meta_sync2 ; posit_pack:u_packer|g_rne.d_q[14]            ; clk          ; clk         ; 0.000        ; 0.385      ; 2.753      ;
; 2.211 ; packer_ppa_boundary:u_boundary|meta_sync2 ; posit_pack:u_packer|g_rne.d_q[16]            ; clk          ; clk         ; 0.000        ; 0.385      ; 2.753      ;
; 2.211 ; packer_ppa_boundary:u_boundary|meta_sync2 ; posit_pack:u_packer|g_rne.d_q[18]            ; clk          ; clk         ; 0.000        ; 0.391      ; 2.759      ;
; 2.211 ; packer_ppa_boundary:u_boundary|meta_sync2 ; posit_pack:u_packer|g_rne.d_q[29]            ; clk          ; clk         ; 0.000        ; 0.385      ; 2.753      ;
; 2.211 ; packer_ppa_boundary:u_boundary|meta_sync2 ; posit_pack:u_packer|g_rne.d_q[30]            ; clk          ; clk         ; 0.000        ; 0.385      ; 2.753      ;
; 2.211 ; packer_ppa_boundary:u_boundary|meta_sync2 ; posit_pack:u_packer|g_rne.d_q[31]            ; clk          ; clk         ; 0.000        ; 0.386      ; 2.754      ;
; 2.211 ; packer_ppa_boundary:u_boundary|meta_sync2 ; posit_pack:u_packer|g_rne.flags_q[0]         ; clk          ; clk         ; 0.000        ; 0.386      ; 2.754      ;
; 2.211 ; packer_ppa_boundary:u_boundary|meta_sync2 ; posit_pack:u_packer|g_rne.flags_q[1]         ; clk          ; clk         ; 0.000        ; 0.386      ; 2.754      ;
; 2.211 ; packer_ppa_boundary:u_boundary|meta_sync2 ; posit_pack:u_packer|g_rne.flags_q[2]         ; clk          ; clk         ; 0.000        ; 0.386      ; 2.754      ;
; 2.546 ; packer_ppa_boundary:u_boundary|meta_sync2 ; packer_ppa_boundary:u_boundary|sf_q[3]       ; clk          ; clk         ; 0.000        ; 0.053      ; 2.756      ;
; 2.546 ; packer_ppa_boundary:u_boundary|meta_sync2 ; packer_ppa_boundary:u_boundary|frac_q[43]    ; clk          ; clk         ; 0.000        ; 0.057      ; 2.760      ;
; 2.546 ; packer_ppa_boundary:u_boundary|meta_sync2 ; packer_ppa_boundary:u_boundary|frac_q[44]    ; clk          ; clk         ; 0.000        ; 0.057      ; 2.760      ;
; 2.546 ; packer_ppa_boundary:u_boundary|meta_sync2 ; packer_ppa_boundary:u_boundary|frac_q[46]    ; clk          ; clk         ; 0.000        ; 0.057      ; 2.760      ;
; 2.546 ; packer_ppa_boundary:u_boundary|meta_sync2 ; packer_ppa_boundary:u_boundary|frac_q[45]    ; clk          ; clk         ; 0.000        ; 0.057      ; 2.760      ;
; 2.546 ; packer_ppa_boundary:u_boundary|meta_sync2 ; packer_ppa_boundary:u_boundary|frac_q[50]    ; clk          ; clk         ; 0.000        ; 0.056      ; 2.759      ;
; 2.546 ; packer_ppa_boundary:u_boundary|meta_sync2 ; packer_ppa_boundary:u_boundary|frac_q[49]    ; clk          ; clk         ; 0.000        ; 0.056      ; 2.759      ;
; 2.546 ; packer_ppa_boundary:u_boundary|meta_sync2 ; packer_ppa_boundary:u_boundary|frac_q[47]    ; clk          ; clk         ; 0.000        ; 0.056      ; 2.759      ;
; 2.546 ; packer_ppa_boundary:u_boundary|meta_sync2 ; packer_ppa_boundary:u_boundary|frac_q[48]    ; clk          ; clk         ; 0.000        ; 0.056      ; 2.759      ;
; 2.546 ; packer_ppa_boundary:u_boundary|meta_sync2 ; packer_ppa_boundary:u_boundary|frac_q[52]    ; clk          ; clk         ; 0.000        ; 0.056      ; 2.759      ;
; 2.546 ; packer_ppa_boundary:u_boundary|meta_sync2 ; packer_ppa_boundary:u_boundary|frac_q[51]    ; clk          ; clk         ; 0.000        ; 0.056      ; 2.759      ;
; 2.546 ; packer_ppa_boundary:u_boundary|meta_sync2 ; packer_ppa_boundary:u_boundary|frac_q[53]    ; clk          ; clk         ; 0.000        ; 0.056      ; 2.759      ;
; 2.546 ; packer_ppa_boundary:u_boundary|meta_sync2 ; packer_ppa_boundary:u_boundary|frac_q[38]    ; clk          ; clk         ; 0.000        ; 0.057      ; 2.760      ;
; 2.546 ; packer_ppa_boundary:u_boundary|meta_sync2 ; packer_ppa_boundary:u_boundary|frac_q[37]    ; clk          ; clk         ; 0.000        ; 0.057      ; 2.760      ;
; 2.546 ; packer_ppa_boundary:u_boundary|meta_sync2 ; packer_ppa_boundary:u_boundary|frac_q[36]    ; clk          ; clk         ; 0.000        ; 0.057      ; 2.760      ;
; 2.546 ; packer_ppa_boundary:u_boundary|meta_sync2 ; packer_ppa_boundary:u_boundary|frac_q[41]    ; clk          ; clk         ; 0.000        ; 0.057      ; 2.760      ;
; 2.546 ; packer_ppa_boundary:u_boundary|meta_sync2 ; packer_ppa_boundary:u_boundary|frac_q[42]    ; clk          ; clk         ; 0.000        ; 0.057      ; 2.760      ;
; 2.546 ; packer_ppa_boundary:u_boundary|meta_sync2 ; packer_ppa_boundary:u_boundary|frac_q[40]    ; clk          ; clk         ; 0.000        ; 0.057      ; 2.760      ;
; 2.546 ; packer_ppa_boundary:u_boundary|meta_sync2 ; packer_ppa_boundary:u_boundary|frac_q[39]    ; clk          ; clk         ; 0.000        ; 0.057      ; 2.760      ;
; 2.546 ; packer_ppa_boundary:u_boundary|meta_sync2 ; packer_ppa_boundary:u_boundary|frac_q[24]    ; clk          ; clk         ; 0.000        ; 0.056      ; 2.759      ;
; 2.546 ; packer_ppa_boundary:u_boundary|meta_sync2 ; posit_pack:u_packer|g_rne.p1_valid_q         ; clk          ; clk         ; 0.000        ; 0.055      ; 2.758      ;
; 2.546 ; packer_ppa_boundary:u_boundary|meta_sync2 ; posit_pack:u_packer|g_rne.p2_valid_q         ; clk          ; clk         ; 0.000        ; 0.055      ; 2.758      ;
; 2.546 ; packer_ppa_boundary:u_boundary|meta_sync2 ; packer_ppa_boundary:u_boundary|out_valid     ; clk          ; clk         ; 0.000        ; 0.055      ; 2.758      ;
; 2.546 ; packer_ppa_boundary:u_boundary|meta_sync2 ; packer_ppa_boundary:u_boundary|d[4]          ; clk          ; clk         ; 0.000        ; 0.055      ; 2.758      ;
; 2.546 ; packer_ppa_boundary:u_boundary|meta_sync2 ; packer_ppa_boundary:u_boundary|d[6]          ; clk          ; clk         ; 0.000        ; 0.055      ; 2.758      ;
; 2.546 ; packer_ppa_boundary:u_boundary|meta_sync2 ; packer_ppa_boundary:u_boundary|d[8]          ; clk          ; clk         ; 0.000        ; 0.055      ; 2.758      ;
; 2.546 ; packer_ppa_boundary:u_boundary|meta_sync2 ; packer_ppa_boundary:u_boundary|d[9]          ; clk          ; clk         ; 0.000        ; 0.055      ; 2.758      ;
; 2.546 ; packer_ppa_boundary:u_boundary|meta_sync2 ; packer_ppa_boundary:u_boundary|d[18]         ; clk          ; clk         ; 0.000        ; 0.055      ; 2.758      ;
; 2.547 ; packer_ppa_boundary:u_boundary|meta_sync2 ; packer_ppa_boundary:u_boundary|sf_q[6]       ; clk          ; clk         ; 0.000        ; 0.053      ; 2.757      ;
; 2.547 ; packer_ppa_boundary:u_boundary|meta_sync2 ; packer_ppa_boundary:u_boundary|sf_q[9]       ; clk          ; clk         ; 0.000        ; 0.056      ; 2.760      ;
; 2.547 ; packer_ppa_boundary:u_boundary|meta_sync2 ; packer_ppa_boundary:u_boundary|sf_q[4]       ; clk          ; clk         ; 0.000        ; 0.055      ; 2.759      ;
; 2.547 ; packer_ppa_boundary:u_boundary|meta_sync2 ; packer_ppa_boundary:u_boundary|sf_q[5]       ; clk          ; clk         ; 0.000        ; 0.049      ; 2.753      ;
; 2.547 ; packer_ppa_boundary:u_boundary|meta_sync2 ; packer_ppa_boundary:u_boundary|sf_q[8]       ; clk          ; clk         ; 0.000        ; 0.050      ; 2.754      ;
; 2.547 ; packer_ppa_boundary:u_boundary|meta_sync2 ; packer_ppa_boundary:u_boundary|sf_q[7]       ; clk          ; clk         ; 0.000        ; 0.050      ; 2.754      ;
; 2.547 ; packer_ppa_boundary:u_boundary|meta_sync2 ; packer_ppa_boundary:u_boundary|is_zero_q     ; clk          ; clk         ; 0.000        ; 0.050      ; 2.754      ;
; 2.547 ; packer_ppa_boundary:u_boundary|meta_sync2 ; packer_ppa_boundary:u_boundary|flags_in_q[4] ; clk          ; clk         ; 0.000        ; 0.047      ; 2.751      ;
; 2.547 ; packer_ppa_boundary:u_boundary|meta_sync2 ; packer_ppa_boundary:u_boundary|is_nar_q      ; clk          ; clk         ; 0.000        ; 0.047      ; 2.751      ;
; 2.547 ; packer_ppa_boundary:u_boundary|meta_sync2 ; packer_ppa_boundary:u_boundary|sf_q[2]       ; clk          ; clk         ; 0.000        ; 0.056      ; 2.760      ;
; 2.547 ; packer_ppa_boundary:u_boundary|meta_sync2 ; packer_ppa_boundary:u_boundary|frac_q[54]    ; clk          ; clk         ; 0.000        ; 0.050      ; 2.754      ;
; 2.547 ; packer_ppa_boundary:u_boundary|meta_sync2 ; packer_ppa_boundary:u_boundary|sf_q[1]       ; clk          ; clk         ; 0.000        ; 0.053      ; 2.757      ;
; 2.547 ; packer_ppa_boundary:u_boundary|meta_sync2 ; packer_ppa_boundary:u_boundary|sf_q[0]       ; clk          ; clk         ; 0.000        ; 0.050      ; 2.754      ;
; 2.547 ; packer_ppa_boundary:u_boundary|meta_sync2 ; packer_ppa_boundary:u_boundary|frac_q[31]    ; clk          ; clk         ; 0.000        ; 0.056      ; 2.760      ;
; 2.547 ; packer_ppa_boundary:u_boundary|meta_sync2 ; packer_ppa_boundary:u_boundary|frac_q[32]    ; clk          ; clk         ; 0.000        ; 0.056      ; 2.760      ;
; 2.547 ; packer_ppa_boundary:u_boundary|meta_sync2 ; packer_ppa_boundary:u_boundary|frac_q[33]    ; clk          ; clk         ; 0.000        ; 0.056      ; 2.760      ;
; 2.547 ; packer_ppa_boundary:u_boundary|meta_sync2 ; packer_ppa_boundary:u_boundary|frac_q[34]    ; clk          ; clk         ; 0.000        ; 0.056      ; 2.760      ;
; 2.547 ; packer_ppa_boundary:u_boundary|meta_sync2 ; packer_ppa_boundary:u_boundary|frac_q[30]    ; clk          ; clk         ; 0.000        ; 0.056      ; 2.760      ;
; 2.547 ; packer_ppa_boundary:u_boundary|meta_sync2 ; packer_ppa_boundary:u_boundary|frac_q[29]    ; clk          ; clk         ; 0.000        ; 0.056      ; 2.760      ;
; 2.547 ; packer_ppa_boundary:u_boundary|meta_sync2 ; packer_ppa_boundary:u_boundary|frac_q[27]    ; clk          ; clk         ; 0.000        ; 0.056      ; 2.760      ;
; 2.547 ; packer_ppa_boundary:u_boundary|meta_sync2 ; packer_ppa_boundary:u_boundary|frac_q[28]    ; clk          ; clk         ; 0.000        ; 0.056      ; 2.760      ;
; 2.547 ; packer_ppa_boundary:u_boundary|meta_sync2 ; packer_ppa_boundary:u_boundary|frac_q[35]    ; clk          ; clk         ; 0.000        ; 0.056      ; 2.760      ;
; 2.547 ; packer_ppa_boundary:u_boundary|meta_sync2 ; posit_pack:u_packer|g_rne.p1_guard_bit_q     ; clk          ; clk         ; 0.000        ; 0.049      ; 2.753      ;
; 2.547 ; packer_ppa_boundary:u_boundary|meta_sync2 ; packer_ppa_boundary:u_boundary|frac_q[26]    ; clk          ; clk         ; 0.000        ; 0.056      ; 2.760      ;
; 2.547 ; packer_ppa_boundary:u_boundary|meta_sync2 ; posit_pack:u_packer|g_rne.p1_round_bit_q     ; clk          ; clk         ; 0.000        ; 0.049      ; 2.753      ;
; 2.547 ; packer_ppa_boundary:u_boundary|meta_sync2 ; posit_pack:u_packer|g_rne.p1_mag_trunc_q[0]  ; clk          ; clk         ; 0.000        ; 0.049      ; 2.753      ;
; 2.547 ; packer_ppa_boundary:u_boundary|meta_sync2 ; packer_ppa_boundary:u_boundary|frac_q[20]    ; clk          ; clk         ; 0.000        ; 0.053      ; 2.757      ;
; 2.547 ; packer_ppa_boundary:u_boundary|meta_sync2 ; packer_ppa_boundary:u_boundary|frac_q[21]    ; clk          ; clk         ; 0.000        ; 0.054      ; 2.758      ;
; 2.547 ; packer_ppa_boundary:u_boundary|meta_sync2 ; packer_ppa_boundary:u_boundary|frac_q[17]    ; clk          ; clk         ; 0.000        ; 0.053      ; 2.757      ;
; 2.547 ; packer_ppa_boundary:u_boundary|meta_sync2 ; packer_ppa_boundary:u_boundary|frac_q[16]    ; clk          ; clk         ; 0.000        ; 0.053      ; 2.757      ;
; 2.547 ; packer_ppa_boundary:u_boundary|meta_sync2 ; packer_ppa_boundary:u_boundary|frac_q[14]    ; clk          ; clk         ; 0.000        ; 0.051      ; 2.755      ;
; 2.547 ; packer_ppa_boundary:u_boundary|meta_sync2 ; packer_ppa_boundary:u_boundary|frac_q[15]    ; clk          ; clk         ; 0.000        ; 0.053      ; 2.757      ;
; 2.547 ; packer_ppa_boundary:u_boundary|meta_sync2 ; packer_ppa_boundary:u_boundary|frac_q[19]    ; clk          ; clk         ; 0.000        ; 0.053      ; 2.757      ;
; 2.547 ; packer_ppa_boundary:u_boundary|meta_sync2 ; packer_ppa_boundary:u_boundary|frac_q[18]    ; clk          ; clk         ; 0.000        ; 0.054      ; 2.758      ;
; 2.547 ; packer_ppa_boundary:u_boundary|meta_sync2 ; packer_ppa_boundary:u_boundary|frac_q[12]    ; clk          ; clk         ; 0.000        ; 0.051      ; 2.755      ;
; 2.547 ; packer_ppa_boundary:u_boundary|meta_sync2 ; packer_ppa_boundary:u_boundary|frac_q[13]    ; clk          ; clk         ; 0.000        ; 0.051      ; 2.755      ;
; 2.547 ; packer_ppa_boundary:u_boundary|meta_sync2 ; packer_ppa_boundary:u_boundary|frac_q[11]    ; clk          ; clk         ; 0.000        ; 0.051      ; 2.755      ;
; 2.547 ; packer_ppa_boundary:u_boundary|meta_sync2 ; packer_ppa_boundary:u_boundary|frac_q[23]    ; clk          ; clk         ; 0.000        ; 0.054      ; 2.758      ;
; 2.547 ; packer_ppa_boundary:u_boundary|meta_sync2 ; packer_ppa_boundary:u_boundary|frac_q[22]    ; clk          ; clk         ; 0.000        ; 0.054      ; 2.758      ;
; 2.547 ; packer_ppa_boundary:u_boundary|meta_sync2 ; packer_ppa_boundary:u_boundary|frac_q[25]    ; clk          ; clk         ; 0.000        ; 0.056      ; 2.760      ;
; 2.547 ; packer_ppa_boundary:u_boundary|meta_sync2 ; packer_ppa_boundary:u_boundary|frac_q[10]    ; clk          ; clk         ; 0.000        ; 0.051      ; 2.755      ;
+-------+-------------------------------------------+----------------------------------------------+--------------+-------------+--------------+------------+------------+


+------------------------------------------------------------------------------------------------------------------------------+
; Slow 1200mV 85C Model Minimum Pulse Width: 'clk'                                                                             ;
+-------+--------------+----------------+-----------------+-------+------------+-----------------------------------------------+
; Slack ; Actual Width ; Required Width ; Type            ; Clock ; Clock Edge ; Target                                        ;
+-------+--------------+----------------+-----------------+-------+------------+-----------------------------------------------+
; 4.676 ; 4.860        ; 0.184          ; Low Pulse Width ; clk   ; Rise       ; packer_ppa_boundary:u_boundary|flags_in_q[1]  ;
; 4.677 ; 4.861        ; 0.184          ; Low Pulse Width ; clk   ; Rise       ; posit_pack:u_packer|g_rne.d_q[10]             ;
; 4.677 ; 4.861        ; 0.184          ; Low Pulse Width ; clk   ; Rise       ; posit_pack:u_packer|g_rne.d_q[11]             ;
; 4.677 ; 4.861        ; 0.184          ; Low Pulse Width ; clk   ; Rise       ; posit_pack:u_packer|g_rne.d_q[12]             ;
; 4.677 ; 4.861        ; 0.184          ; Low Pulse Width ; clk   ; Rise       ; posit_pack:u_packer|g_rne.d_q[13]             ;
; 4.677 ; 4.861        ; 0.184          ; Low Pulse Width ; clk   ; Rise       ; posit_pack:u_packer|g_rne.d_q[19]             ;
; 4.677 ; 4.861        ; 0.184          ; Low Pulse Width ; clk   ; Rise       ; posit_pack:u_packer|g_rne.d_q[20]             ;
; 4.677 ; 4.861        ; 0.184          ; Low Pulse Width ; clk   ; Rise       ; posit_pack:u_packer|g_rne.d_q[21]             ;
; 4.677 ; 4.861        ; 0.184          ; Low Pulse Width ; clk   ; Rise       ; posit_pack:u_packer|g_rne.d_q[22]             ;
; 4.677 ; 4.861        ; 0.184          ; Low Pulse Width ; clk   ; Rise       ; posit_pack:u_packer|g_rne.d_q[23]             ;
; 4.677 ; 4.861        ; 0.184          ; Low Pulse Width ; clk   ; Rise       ; posit_pack:u_packer|g_rne.d_q[24]             ;
; 4.677 ; 4.861        ; 0.184          ; Low Pulse Width ; clk   ; Rise       ; posit_pack:u_packer|g_rne.d_q[25]             ;
; 4.677 ; 4.861        ; 0.184          ; Low Pulse Width ; clk   ; Rise       ; posit_pack:u_packer|g_rne.d_q[26]             ;
; 4.677 ; 4.861        ; 0.184          ; Low Pulse Width ; clk   ; Rise       ; posit_pack:u_packer|g_rne.d_q[27]             ;
; 4.677 ; 4.861        ; 0.184          ; Low Pulse Width ; clk   ; Rise       ; posit_pack:u_packer|g_rne.d_q[28]             ;
; 4.677 ; 4.861        ; 0.184          ; Low Pulse Width ; clk   ; Rise       ; posit_pack:u_packer|g_rne.d_q[4]              ;
; 4.677 ; 4.861        ; 0.184          ; Low Pulse Width ; clk   ; Rise       ; posit_pack:u_packer|g_rne.flags_q[3]          ;
; 4.680 ; 4.864        ; 0.184          ; Low Pulse Width ; clk   ; Rise       ; packer_ppa_boundary:u_boundary|d[0]           ;
; 4.680 ; 4.864        ; 0.184          ; Low Pulse Width ; clk   ; Rise       ; packer_ppa_boundary:u_boundary|d[12]          ;
; 4.680 ; 4.864        ; 0.184          ; Low Pulse Width ; clk   ; Rise       ; packer_ppa_boundary:u_boundary|d[15]          ;
; 4.680 ; 4.864        ; 0.184          ; Low Pulse Width ; clk   ; Rise       ; packer_ppa_boundary:u_boundary|d[16]          ;
; 4.680 ; 4.864        ; 0.184          ; Low Pulse Width ; clk   ; Rise       ; packer_ppa_boundary:u_boundary|d[17]          ;
; 4.680 ; 4.864        ; 0.184          ; Low Pulse Width ; clk   ; Rise       ; packer_ppa_boundary:u_boundary|d[1]           ;
; 4.680 ; 4.864        ; 0.184          ; Low Pulse Width ; clk   ; Rise       ; packer_ppa_boundary:u_boundary|d[25]          ;
; 4.680 ; 4.864        ; 0.184          ; Low Pulse Width ; clk   ; Rise       ; packer_ppa_boundary:u_boundary|d[2]           ;
; 4.680 ; 4.864        ; 0.184          ; Low Pulse Width ; clk   ; Rise       ; packer_ppa_boundary:u_boundary|d[3]           ;
; 4.680 ; 4.864        ; 0.184          ; Low Pulse Width ; clk   ; Rise       ; packer_ppa_boundary:u_boundary|d[5]           ;
; 4.680 ; 4.864        ; 0.184          ; Low Pulse Width ; clk   ; Rise       ; packer_ppa_boundary:u_boundary|d[7]           ;
; 4.680 ; 4.864        ; 0.184          ; Low Pulse Width ; clk   ; Rise       ; packer_ppa_boundary:u_boundary|flags[4]       ;
; 4.680 ; 4.864        ; 0.184          ; Low Pulse Width ; clk   ; Rise       ; packer_ppa_boundary:u_boundary|flags_in_q[0]  ;
; 4.680 ; 4.864        ; 0.184          ; Low Pulse Width ; clk   ; Rise       ; packer_ppa_boundary:u_boundary|flags_in_q[2]  ;
; 4.680 ; 4.864        ; 0.184          ; Low Pulse Width ; clk   ; Rise       ; packer_ppa_boundary:u_boundary|flags_in_q[3]  ;
; 4.680 ; 4.864        ; 0.184          ; Low Pulse Width ; clk   ; Rise       ; packer_ppa_boundary:u_boundary|flags_in_q[4]  ;
; 4.680 ; 4.864        ; 0.184          ; Low Pulse Width ; clk   ; Rise       ; packer_ppa_boundary:u_boundary|frac_q[18]     ;
; 4.680 ; 4.864        ; 0.184          ; Low Pulse Width ; clk   ; Rise       ; packer_ppa_boundary:u_boundary|frac_q[1]      ;
; 4.680 ; 4.864        ; 0.184          ; Low Pulse Width ; clk   ; Rise       ; packer_ppa_boundary:u_boundary|frac_q[21]     ;
; 4.680 ; 4.864        ; 0.184          ; Low Pulse Width ; clk   ; Rise       ; packer_ppa_boundary:u_boundary|frac_q[22]     ;
; 4.680 ; 4.864        ; 0.184          ; Low Pulse Width ; clk   ; Rise       ; packer_ppa_boundary:u_boundary|frac_q[23]     ;
; 4.680 ; 4.864        ; 0.184          ; Low Pulse Width ; clk   ; Rise       ; packer_ppa_boundary:u_boundary|frac_q[2]      ;
; 4.680 ; 4.864        ; 0.184          ; Low Pulse Width ; clk   ; Rise       ; packer_ppa_boundary:u_boundary|frac_q[3]      ;
; 4.680 ; 4.864        ; 0.184          ; Low Pulse Width ; clk   ; Rise       ; packer_ppa_boundary:u_boundary|frac_q[54]     ;
; 4.680 ; 4.864        ; 0.184          ; Low Pulse Width ; clk   ; Rise       ; packer_ppa_boundary:u_boundary|is_nar_q       ;
; 4.680 ; 4.864        ; 0.184          ; Low Pulse Width ; clk   ; Rise       ; packer_ppa_boundary:u_boundary|is_zero_q      ;
; 4.680 ; 4.864        ; 0.184          ; Low Pulse Width ; clk   ; Rise       ; packer_ppa_boundary:u_boundary|sf_q[0]        ;
; 4.680 ; 4.864        ; 0.184          ; Low Pulse Width ; clk   ; Rise       ; packer_ppa_boundary:u_boundary|sf_q[4]        ;
; 4.680 ; 4.864        ; 0.184          ; Low Pulse Width ; clk   ; Rise       ; packer_ppa_boundary:u_boundary|sf_q[5]        ;
; 4.680 ; 4.864        ; 0.184          ; Low Pulse Width ; clk   ; Rise       ; packer_ppa_boundary:u_boundary|sf_q[6]        ;
; 4.680 ; 4.864        ; 0.184          ; Low Pulse Width ; clk   ; Rise       ; packer_ppa_boundary:u_boundary|sf_q[7]        ;
; 4.680 ; 4.864        ; 0.184          ; Low Pulse Width ; clk   ; Rise       ; packer_ppa_boundary:u_boundary|sf_q[8]        ;
; 4.680 ; 4.864        ; 0.184          ; Low Pulse Width ; clk   ; Rise       ; packer_ppa_boundary:u_boundary|sticky_q       ;
; 4.680 ; 4.864        ; 0.184          ; Low Pulse Width ; clk   ; Rise       ; posit_pack:u_packer|g_rne.d_q[15]             ;
; 4.680 ; 4.864        ; 0.184          ; Low Pulse Width ; clk   ; Rise       ; posit_pack:u_packer|g_rne.d_q[17]             ;
; 4.680 ; 4.864        ; 0.184          ; Low Pulse Width ; clk   ; Rise       ; posit_pack:u_packer|g_rne.d_q[1]              ;
; 4.680 ; 4.864        ; 0.184          ; Low Pulse Width ; clk   ; Rise       ; posit_pack:u_packer|g_rne.d_q[3]              ;
; 4.680 ; 4.864        ; 0.184          ; Low Pulse Width ; clk   ; Rise       ; posit_pack:u_packer|g_rne.d_q[5]              ;
; 4.680 ; 4.864        ; 0.184          ; Low Pulse Width ; clk   ; Rise       ; posit_pack:u_packer|g_rne.flags_q[4]          ;
; 4.680 ; 4.864        ; 0.184          ; Low Pulse Width ; clk   ; Rise       ; posit_pack:u_packer|g_rne.p1_flags_q[0]       ;
; 4.680 ; 4.864        ; 0.184          ; Low Pulse Width ; clk   ; Rise       ; posit_pack:u_packer|g_rne.p1_flags_q[2]       ;
; 4.680 ; 4.864        ; 0.184          ; Low Pulse Width ; clk   ; Rise       ; posit_pack:u_packer|g_rne.p1_flags_q[3]       ;
; 4.680 ; 4.864        ; 0.184          ; Low Pulse Width ; clk   ; Rise       ; posit_pack:u_packer|g_rne.p1_flags_q[4]       ;
; 4.680 ; 4.864        ; 0.184          ; Low Pulse Width ; clk   ; Rise       ; posit_pack:u_packer|g_rne.p1_mag_trunc_q[10]  ;
; 4.680 ; 4.864        ; 0.184          ; Low Pulse Width ; clk   ; Rise       ; posit_pack:u_packer|g_rne.p1_mag_trunc_q[11]  ;
; 4.680 ; 4.864        ; 0.184          ; Low Pulse Width ; clk   ; Rise       ; posit_pack:u_packer|g_rne.p1_mag_trunc_q[12]  ;
; 4.680 ; 4.864        ; 0.184          ; Low Pulse Width ; clk   ; Rise       ; posit_pack:u_packer|g_rne.p1_mag_trunc_q[13]  ;
; 4.680 ; 4.864        ; 0.184          ; Low Pulse Width ; clk   ; Rise       ; posit_pack:u_packer|g_rne.p1_mag_trunc_q[14]  ;
; 4.680 ; 4.864        ; 0.184          ; Low Pulse Width ; clk   ; Rise       ; posit_pack:u_packer|g_rne.p1_mag_trunc_q[15]  ;
; 4.680 ; 4.864        ; 0.184          ; Low Pulse Width ; clk   ; Rise       ; posit_pack:u_packer|g_rne.p1_mag_trunc_q[16]  ;
; 4.680 ; 4.864        ; 0.184          ; Low Pulse Width ; clk   ; Rise       ; posit_pack:u_packer|g_rne.p1_mag_trunc_q[17]  ;
; 4.680 ; 4.864        ; 0.184          ; Low Pulse Width ; clk   ; Rise       ; posit_pack:u_packer|g_rne.p1_mag_trunc_q[18]  ;
; 4.680 ; 4.864        ; 0.184          ; Low Pulse Width ; clk   ; Rise       ; posit_pack:u_packer|g_rne.p1_mag_trunc_q[19]  ;
; 4.680 ; 4.864        ; 0.184          ; Low Pulse Width ; clk   ; Rise       ; posit_pack:u_packer|g_rne.p1_mag_trunc_q[1]   ;
; 4.680 ; 4.864        ; 0.184          ; Low Pulse Width ; clk   ; Rise       ; posit_pack:u_packer|g_rne.p1_mag_trunc_q[20]  ;
; 4.680 ; 4.864        ; 0.184          ; Low Pulse Width ; clk   ; Rise       ; posit_pack:u_packer|g_rne.p1_mag_trunc_q[22]  ;
; 4.680 ; 4.864        ; 0.184          ; Low Pulse Width ; clk   ; Rise       ; posit_pack:u_packer|g_rne.p1_mag_trunc_q[23]  ;
; 4.680 ; 4.864        ; 0.184          ; Low Pulse Width ; clk   ; Rise       ; posit_pack:u_packer|g_rne.p1_mag_trunc_q[24]  ;
; 4.680 ; 4.864        ; 0.184          ; Low Pulse Width ; clk   ; Rise       ; posit_pack:u_packer|g_rne.p1_mag_trunc_q[25]  ;
; 4.680 ; 4.864        ; 0.184          ; Low Pulse Width ; clk   ; Rise       ; posit_pack:u_packer|g_rne.p1_mag_trunc_q[26]  ;
; 4.680 ; 4.864        ; 0.184          ; Low Pulse Width ; clk   ; Rise       ; posit_pack:u_packer|g_rne.p1_mag_trunc_q[27]  ;
; 4.680 ; 4.864        ; 0.184          ; Low Pulse Width ; clk   ; Rise       ; posit_pack:u_packer|g_rne.p1_mag_trunc_q[28]  ;
; 4.680 ; 4.864        ; 0.184          ; Low Pulse Width ; clk   ; Rise       ; posit_pack:u_packer|g_rne.p1_mag_trunc_q[29]  ;
; 4.680 ; 4.864        ; 0.184          ; Low Pulse Width ; clk   ; Rise       ; posit_pack:u_packer|g_rne.p1_mag_trunc_q[2]   ;
; 4.680 ; 4.864        ; 0.184          ; Low Pulse Width ; clk   ; Rise       ; posit_pack:u_packer|g_rne.p1_mag_trunc_q[30]  ;
; 4.680 ; 4.864        ; 0.184          ; Low Pulse Width ; clk   ; Rise       ; posit_pack:u_packer|g_rne.p1_mag_trunc_q[3]   ;
; 4.680 ; 4.864        ; 0.184          ; Low Pulse Width ; clk   ; Rise       ; posit_pack:u_packer|g_rne.p1_mag_trunc_q[4]   ;
; 4.680 ; 4.864        ; 0.184          ; Low Pulse Width ; clk   ; Rise       ; posit_pack:u_packer|g_rne.p1_mag_trunc_q[5]   ;
; 4.680 ; 4.864        ; 0.184          ; Low Pulse Width ; clk   ; Rise       ; posit_pack:u_packer|g_rne.p1_mag_trunc_q[6]   ;
; 4.680 ; 4.864        ; 0.184          ; Low Pulse Width ; clk   ; Rise       ; posit_pack:u_packer|g_rne.p1_mag_trunc_q[7]   ;
; 4.680 ; 4.864        ; 0.184          ; Low Pulse Width ; clk   ; Rise       ; posit_pack:u_packer|g_rne.p1_mag_trunc_q[8]   ;
; 4.680 ; 4.864        ; 0.184          ; Low Pulse Width ; clk   ; Rise       ; posit_pack:u_packer|g_rne.p1_mag_trunc_q[9]   ;
; 4.680 ; 4.864        ; 0.184          ; Low Pulse Width ; clk   ; Rise       ; posit_pack:u_packer|g_rne.p1_special_sel_q[0] ;
; 4.680 ; 4.864        ; 0.184          ; Low Pulse Width ; clk   ; Rise       ; posit_pack:u_packer|g_rne.p1_special_sel_q[1] ;
; 4.680 ; 4.864        ; 0.184          ; Low Pulse Width ; clk   ; Rise       ; posit_pack:u_packer|g_rne.p1_special_sel_q[2] ;
; 4.681 ; 4.865        ; 0.184          ; Low Pulse Width ; clk   ; Rise       ; packer_ppa_boundary:u_boundary|d[10]          ;
; 4.681 ; 4.865        ; 0.184          ; Low Pulse Width ; clk   ; Rise       ; packer_ppa_boundary:u_boundary|d[11]          ;
; 4.681 ; 4.865        ; 0.184          ; Low Pulse Width ; clk   ; Rise       ; packer_ppa_boundary:u_boundary|d[13]          ;
; 4.681 ; 4.865        ; 0.184          ; Low Pulse Width ; clk   ; Rise       ; packer_ppa_boundary:u_boundary|d[14]          ;
; 4.681 ; 4.865        ; 0.184          ; Low Pulse Width ; clk   ; Rise       ; packer_ppa_boundary:u_boundary|d[18]          ;
; 4.681 ; 4.865        ; 0.184          ; Low Pulse Width ; clk   ; Rise       ; packer_ppa_boundary:u_boundary|d[19]          ;
; 4.681 ; 4.865        ; 0.184          ; Low Pulse Width ; clk   ; Rise       ; packer_ppa_boundary:u_boundary|d[20]          ;
; 4.681 ; 4.865        ; 0.184          ; Low Pulse Width ; clk   ; Rise       ; packer_ppa_boundary:u_boundary|d[21]          ;
+-------+--------------+----------------+-----------------+-------+------------+-----------------------------------------------+


+----------------------------------------------------------------------------+
; Setup Times                                                                ;
+--------------+------------+--------+--------+------------+-----------------+
; Data Port    ; Clock Port ; Rise   ; Fall   ; Clock Edge ; Clock Reference ;
+--------------+------------+--------+--------+------------+-----------------+
; flags_in[*]  ; clk        ; 2.087  ; 2.593  ; Rise       ; clk             ;
;  flags_in[0] ; clk        ; 2.081  ; 2.592  ; Rise       ; clk             ;
;  flags_in[1] ; clk        ; 1.677  ; 2.205  ; Rise       ; clk             ;
;  flags_in[2] ; clk        ; 2.060  ; 2.573  ; Rise       ; clk             ;
;  flags_in[3] ; clk        ; 1.883  ; 2.310  ; Rise       ; clk             ;
;  flags_in[4] ; clk        ; 2.087  ; 2.593  ; Rise       ; clk             ;
; frac[*]      ; clk        ; 2.643  ; 3.185  ; Rise       ; clk             ;
;  frac[0]     ; clk        ; 1.973  ; 2.429  ; Rise       ; clk             ;
;  frac[1]     ; clk        ; 2.146  ; 2.630  ; Rise       ; clk             ;
;  frac[2]     ; clk        ; 1.791  ; 2.229  ; Rise       ; clk             ;
;  frac[3]     ; clk        ; 2.081  ; 2.539  ; Rise       ; clk             ;
;  frac[4]     ; clk        ; -0.059 ; 0.101  ; Rise       ; clk             ;
;  frac[5]     ; clk        ; 2.509  ; 3.057  ; Rise       ; clk             ;
;  frac[6]     ; clk        ; 1.805  ; 2.253  ; Rise       ; clk             ;
;  frac[7]     ; clk        ; 1.942  ; 2.419  ; Rise       ; clk             ;
;  frac[8]     ; clk        ; 2.297  ; 2.827  ; Rise       ; clk             ;
;  frac[9]     ; clk        ; 2.114  ; 2.630  ; Rise       ; clk             ;
;  frac[10]    ; clk        ; 2.078  ; 2.546  ; Rise       ; clk             ;
;  frac[11]    ; clk        ; 2.155  ; 2.673  ; Rise       ; clk             ;
;  frac[12]    ; clk        ; 1.769  ; 2.193  ; Rise       ; clk             ;
;  frac[13]    ; clk        ; 2.185  ; 2.690  ; Rise       ; clk             ;
;  frac[14]    ; clk        ; 2.045  ; 2.508  ; Rise       ; clk             ;
;  frac[15]    ; clk        ; 2.402  ; 2.884  ; Rise       ; clk             ;
;  frac[16]    ; clk        ; 2.315  ; 2.854  ; Rise       ; clk             ;
;  frac[17]    ; clk        ; 2.157  ; 2.626  ; Rise       ; clk             ;
;  frac[18]    ; clk        ; 2.139  ; 2.605  ; Rise       ; clk             ;
;  frac[19]    ; clk        ; 2.083  ; 2.609  ; Rise       ; clk             ;
;  frac[20]    ; clk        ; 2.389  ; 2.868  ; Rise       ; clk             ;
;  frac[21]    ; clk        ; 2.365  ; 2.856  ; Rise       ; clk             ;
;  frac[22]    ; clk        ; 2.333  ; 2.840  ; Rise       ; clk             ;
;  frac[23]    ; clk        ; 0.382  ; 0.469  ; Rise       ; clk             ;
;  frac[24]    ; clk        ; 2.080  ; 2.562  ; Rise       ; clk             ;
;  frac[25]    ; clk        ; -0.065 ; 0.071  ; Rise       ; clk             ;
;  frac[26]    ; clk        ; 2.345  ; 2.886  ; Rise       ; clk             ;
;  frac[27]    ; clk        ; 2.154  ; 2.672  ; Rise       ; clk             ;
;  frac[28]    ; clk        ; 2.516  ; 3.062  ; Rise       ; clk             ;
;  frac[29]    ; clk        ; 2.643  ; 3.185  ; Rise       ; clk             ;
;  frac[30]    ; clk        ; 2.445  ; 2.974  ; Rise       ; clk             ;
;  frac[31]    ; clk        ; 2.143  ; 2.625  ; Rise       ; clk             ;
;  frac[32]    ; clk        ; 2.248  ; 2.710  ; Rise       ; clk             ;
;  frac[33]    ; clk        ; 2.083  ; 2.530  ; Rise       ; clk             ;
;  frac[34]    ; clk        ; 2.033  ; 2.509  ; Rise       ; clk             ;
;  frac[35]    ; clk        ; -0.221 ; -0.080 ; Rise       ; clk             ;
;  frac[36]    ; clk        ; -0.048 ; 0.021  ; Rise       ; clk             ;
;  frac[37]    ; clk        ; -0.100 ; 0.015  ; Rise       ; clk             ;
;  frac[38]    ; clk        ; 2.304  ; 2.773  ; Rise       ; clk             ;
;  frac[39]    ; clk        ; 2.421  ; 2.923  ; Rise       ; clk             ;
;  frac[40]    ; clk        ; -0.285 ; -0.188 ; Rise       ; clk             ;
;  frac[41]    ; clk        ; 2.297  ; 2.772  ; Rise       ; clk             ;
;  frac[42]    ; clk        ; 2.441  ; 2.932  ; Rise       ; clk             ;
;  frac[43]    ; clk        ; 2.357  ; 2.840  ; Rise       ; clk             ;
;  frac[44]    ; clk        ; 1.985  ; 2.439  ; Rise       ; clk             ;
;  frac[45]    ; clk        ; 2.413  ; 2.933  ; Rise       ; clk             ;
;  frac[46]    ; clk        ; 2.567  ; 3.156  ; Rise       ; clk             ;
;  frac[47]    ; clk        ; 2.383  ; 2.882  ; Rise       ; clk             ;
;  frac[48]    ; clk        ; 2.322  ; 2.916  ; Rise       ; clk             ;
;  frac[49]    ; clk        ; 1.797  ; 2.247  ; Rise       ; clk             ;
;  frac[50]    ; clk        ; 2.316  ; 2.860  ; Rise       ; clk             ;
;  frac[51]    ; clk        ; 2.130  ; 2.590  ; Rise       ; clk             ;
;  frac[52]    ; clk        ; 2.401  ; 2.942  ; Rise       ; clk             ;
;  frac[53]    ; clk        ; 2.118  ; 2.660  ; Rise       ; clk             ;
;  frac[54]    ; clk        ; 2.178  ; 2.665  ; Rise       ; clk             ;
; is_nar       ; clk        ; 1.949  ; 2.411  ; Rise       ; clk             ;
; is_zero      ; clk        ; 2.100  ; 2.552  ; Rise       ; clk             ;
; sf[*]        ; clk        ; 2.389  ; 2.918  ; Rise       ; clk             ;
;  sf[0]       ; clk        ; 2.156  ; 2.688  ; Rise       ; clk             ;
;  sf[1]       ; clk        ; 2.360  ; 2.845  ; Rise       ; clk             ;
;  sf[2]       ; clk        ; 2.302  ; 2.785  ; Rise       ; clk             ;
;  sf[3]       ; clk        ; 2.216  ; 2.689  ; Rise       ; clk             ;
;  sf[4]       ; clk        ; 2.389  ; 2.860  ; Rise       ; clk             ;
;  sf[5]       ; clk        ; 2.385  ; 2.882  ; Rise       ; clk             ;
;  sf[6]       ; clk        ; 1.939  ; 2.401  ; Rise       ; clk             ;
;  sf[7]       ; clk        ; 2.387  ; 2.844  ; Rise       ; clk             ;
;  sf[8]       ; clk        ; 1.888  ; 2.322  ; Rise       ; clk             ;
;  sf[9]       ; clk        ; 2.377  ; 2.918  ; Rise       ; clk             ;
; sign         ; clk        ; 1.980  ; 2.393  ; Rise       ; clk             ;
; sticky       ; clk        ; 1.846  ; 2.293  ; Rise       ; clk             ;
+--------------+------------+--------+--------+------------+-----------------+


+----------------------------------------------------------------------------+
; Hold Times                                                                 ;
+--------------+------------+--------+--------+------------+-----------------+
; Data Port    ; Clock Port ; Rise   ; Fall   ; Clock Edge ; Clock Reference ;
+--------------+------------+--------+--------+------------+-----------------+
; flags_in[*]  ; clk        ; -1.267 ; -1.773 ; Rise       ; clk             ;
;  flags_in[0] ; clk        ; -1.697 ; -2.195 ; Rise       ; clk             ;
;  flags_in[1] ; clk        ; -1.267 ; -1.773 ; Rise       ; clk             ;
;  flags_in[2] ; clk        ; -1.677 ; -2.177 ; Rise       ; clk             ;
;  flags_in[3] ; clk        ; -1.499 ; -1.903 ; Rise       ; clk             ;
;  flags_in[4] ; clk        ; -1.703 ; -2.196 ; Rise       ; clk             ;
; frac[*]      ; clk        ; 0.566  ; 0.467  ; Rise       ; clk             ;
;  frac[0]     ; clk        ; -1.585 ; -2.017 ; Rise       ; clk             ;
;  frac[1]     ; clk        ; -1.763 ; -2.234 ; Rise       ; clk             ;
;  frac[2]     ; clk        ; -1.422 ; -1.849 ; Rise       ; clk             ;
;  frac[3]     ; clk        ; -1.701 ; -2.146 ; Rise       ; clk             ;
;  frac[4]     ; clk        ; 0.349  ; 0.188  ; Rise       ; clk             ;
;  frac[5]     ; clk        ; -2.108 ; -2.641 ; Rise       ; clk             ;
;  frac[6]     ; clk        ; -1.436 ; -1.870 ; Rise       ; clk             ;
;  frac[7]     ; clk        ; -1.564 ; -2.028 ; Rise       ; clk             ;
;  frac[8]     ; clk        ; -1.904 ; -2.420 ; Rise       ; clk             ;
;  frac[9]     ; clk        ; -1.728 ; -2.231 ; Rise       ; clk             ;
;  frac[10]    ; clk        ; -1.697 ; -2.152 ; Rise       ; clk             ;
;  frac[11]    ; clk        ; -1.767 ; -2.273 ; Rise       ; clk             ;
;  frac[12]    ; clk        ; -1.401 ; -1.812 ; Rise       ; clk             ;
;  frac[13]    ; clk        ; -1.800 ; -2.290 ; Rise       ; clk             ;
;  frac[14]    ; clk        ; -1.666 ; -2.115 ; Rise       ; clk             ;
;  frac[15]    ; clk        ; -2.008 ; -2.476 ; Rise       ; clk             ;
;  frac[16]    ; clk        ; -1.921 ; -2.446 ; Rise       ; clk             ;
;  frac[17]    ; clk        ; -1.773 ; -2.229 ; Rise       ; clk             ;
;  frac[18]    ; clk        ; -1.756 ; -2.208 ; Rise       ; clk             ;
;  frac[19]    ; clk        ; -1.698 ; -2.211 ; Rise       ; clk             ;
;  frac[20]    ; clk        ; -1.995 ; -2.461 ; Rise       ; clk             ;
;  frac[21]    ; clk        ; -1.969 ; -2.448 ; Rise       ; clk             ;
;  frac[22]    ; clk        ; -1.939 ; -2.432 ; Rise       ; clk             ;
;  frac[23]    ; clk        ; -0.074 ; -0.164 ; Rise       ; clk             ;
;  frac[24]    ; clk        ; -1.696 ; -2.166 ; Rise       ; clk             ;
;  frac[25]    ; clk        ; 0.355  ; 0.218  ; Rise       ; clk             ;
;  frac[26]    ; clk        ; -1.950 ; -2.477 ; Rise       ; clk             ;
;  frac[27]    ; clk        ; -1.766 ; -2.272 ; Rise       ; clk             ;
;  frac[28]    ; clk        ; -2.118 ; -2.647 ; Rise       ; clk             ;
;  frac[29]    ; clk        ; -2.236 ; -2.764 ; Rise       ; clk             ;
;  frac[30]    ; clk        ; -2.049 ; -2.562 ; Rise       ; clk             ;
;  frac[31]    ; clk        ; -1.759 ; -2.227 ; Rise       ; clk             ;
;  frac[32]    ; clk        ; -1.857 ; -2.308 ; Rise       ; clk             ;
;  frac[33]    ; clk        ; -1.701 ; -2.136 ; Rise       ; clk             ;
;  frac[34]    ; clk        ; -1.650 ; -2.115 ; Rise       ; clk             ;
;  frac[35]    ; clk        ; 0.504  ; 0.363  ; Rise       ; clk             ;
;  frac[36]    ; clk        ; 0.338  ; 0.266  ; Rise       ; clk             ;
;  frac[37]    ; clk        ; 0.389  ; 0.272  ; Rise       ; clk             ;
;  frac[38]    ; clk        ; -1.910 ; -2.368 ; Rise       ; clk             ;
;  frac[39]    ; clk        ; -2.026 ; -2.513 ; Rise       ; clk             ;
;  frac[40]    ; clk        ; 0.566  ; 0.467  ; Rise       ; clk             ;
;  frac[41]    ; clk        ; -1.903 ; -2.367 ; Rise       ; clk             ;
;  frac[42]    ; clk        ; -2.045 ; -2.522 ; Rise       ; clk             ;
;  frac[43]    ; clk        ; -1.965 ; -2.434 ; Rise       ; clk             ;
;  frac[44]    ; clk        ; -1.604 ; -2.048 ; Rise       ; clk             ;
;  frac[45]    ; clk        ; -2.019 ; -2.523 ; Rise       ; clk             ;
;  frac[46]    ; clk        ; -2.163 ; -2.735 ; Rise       ; clk             ;
;  frac[47]    ; clk        ; -1.989 ; -2.474 ; Rise       ; clk             ;
;  frac[48]    ; clk        ; -1.928 ; -2.506 ; Rise       ; clk             ;
;  frac[49]    ; clk        ; -1.427 ; -1.864 ; Rise       ; clk             ;
;  frac[50]    ; clk        ; -1.922 ; -2.452 ; Rise       ; clk             ;
;  frac[51]    ; clk        ; -1.747 ; -2.193 ; Rise       ; clk             ;
;  frac[52]    ; clk        ; -2.004 ; -2.531 ; Rise       ; clk             ;
;  frac[53]    ; clk        ; -1.732 ; -2.260 ; Rise       ; clk             ;
;  frac[54]    ; clk        ; -1.795 ; -2.267 ; Rise       ; clk             ;
; is_nar       ; clk        ; -1.562 ; -2.001 ; Rise       ; clk             ;
; is_zero      ; clk        ; -1.719 ; -2.158 ; Rise       ; clk             ;
; sf[*]        ; clk        ; -1.516 ; -1.938 ; Rise       ; clk             ;
;  sf[0]       ; clk        ; -1.770 ; -2.288 ; Rise       ; clk             ;
;  sf[1]       ; clk        ; -1.964 ; -2.438 ; Rise       ; clk             ;
;  sf[2]       ; clk        ; -1.908 ; -2.380 ; Rise       ; clk             ;
;  sf[3]       ; clk        ; -1.818 ; -2.267 ; Rise       ; clk             ;
;  sf[4]       ; clk        ; -1.996 ; -2.453 ; Rise       ; clk             ;
;  sf[5]       ; clk        ; -1.990 ; -2.474 ; Rise       ; clk             ;
;  sf[6]       ; clk        ; -1.552 ; -1.991 ; Rise       ; clk             ;
;  sf[7]       ; clk        ; -1.995 ; -2.439 ; Rise       ; clk             ;
;  sf[8]       ; clk        ; -1.516 ; -1.938 ; Rise       ; clk             ;
;  sf[9]       ; clk        ; -1.981 ; -2.507 ; Rise       ; clk             ;
; sign         ; clk        ; -1.603 ; -2.005 ; Rise       ; clk             ;
; sticky       ; clk        ; -1.476 ; -1.910 ; Rise       ; clk             ;
+--------------+------------+--------+--------+------------+-----------------+


+-----------------------------------------------------------------------+
; Clock to Output Times                                                 ;
+-----------+------------+-------+-------+------------+-----------------+
; Data Port ; Clock Port ; Rise  ; Fall  ; Clock Edge ; Clock Reference ;
+-----------+------------+-------+-------+------------+-----------------+
; d[*]      ; clk        ; 7.836 ; 7.903 ; Rise       ; clk             ;
;  d[0]     ; clk        ; 7.212 ; 7.230 ; Rise       ; clk             ;
;  d[1]     ; clk        ; 6.495 ; 6.578 ; Rise       ; clk             ;
;  d[2]     ; clk        ; 7.281 ; 7.395 ; Rise       ; clk             ;
;  d[3]     ; clk        ; 7.836 ; 7.903 ; Rise       ; clk             ;
;  d[4]     ; clk        ; 6.554 ; 6.609 ; Rise       ; clk             ;
;  d[5]     ; clk        ; 6.364 ; 6.408 ; Rise       ; clk             ;
;  d[6]     ; clk        ; 6.382 ; 6.447 ; Rise       ; clk             ;
;  d[7]     ; clk        ; 6.126 ; 6.166 ; Rise       ; clk             ;
;  d[8]     ; clk        ; 5.810 ; 5.831 ; Rise       ; clk             ;
;  d[9]     ; clk        ; 6.725 ; 6.739 ; Rise       ; clk             ;
;  d[10]    ; clk        ; 6.286 ; 6.314 ; Rise       ; clk             ;
;  d[11]    ; clk        ; 6.144 ; 6.210 ; Rise       ; clk             ;
;  d[12]    ; clk        ; 6.664 ; 6.723 ; Rise       ; clk             ;
;  d[13]    ; clk        ; 6.094 ; 6.121 ; Rise       ; clk             ;
;  d[14]    ; clk        ; 6.430 ; 6.493 ; Rise       ; clk             ;
;  d[15]    ; clk        ; 6.030 ; 6.058 ; Rise       ; clk             ;
;  d[16]    ; clk        ; 5.847 ; 5.897 ; Rise       ; clk             ;
;  d[17]    ; clk        ; 6.467 ; 6.542 ; Rise       ; clk             ;
;  d[18]    ; clk        ; 7.123 ; 7.160 ; Rise       ; clk             ;
;  d[19]    ; clk        ; 6.240 ; 6.220 ; Rise       ; clk             ;
;  d[20]    ; clk        ; 6.085 ; 6.114 ; Rise       ; clk             ;
;  d[21]    ; clk        ; 5.760 ; 5.800 ; Rise       ; clk             ;
;  d[22]    ; clk        ; 6.651 ; 6.710 ; Rise       ; clk             ;
;  d[23]    ; clk        ; 6.274 ; 6.303 ; Rise       ; clk             ;
;  d[24]    ; clk        ; 6.583 ; 6.617 ; Rise       ; clk             ;
;  d[25]    ; clk        ; 6.027 ; 6.028 ; Rise       ; clk             ;
;  d[26]    ; clk        ; 6.739 ; 6.824 ; Rise       ; clk             ;
;  d[27]    ; clk        ; 5.847 ; 5.856 ; Rise       ; clk             ;
;  d[28]    ; clk        ; 6.317 ; 6.345 ; Rise       ; clk             ;
;  d[29]    ; clk        ; 5.899 ; 5.957 ; Rise       ; clk             ;
;  d[30]    ; clk        ; 6.390 ; 6.445 ; Rise       ; clk             ;
;  d[31]    ; clk        ; 6.434 ; 6.455 ; Rise       ; clk             ;
; flags[*]  ; clk        ; 7.937 ; 8.062 ; Rise       ; clk             ;
;  flags[0] ; clk        ; 6.167 ; 6.227 ; Rise       ; clk             ;
;  flags[1] ; clk        ; 6.988 ; 7.015 ; Rise       ; clk             ;
;  flags[2] ; clk        ; 6.416 ; 6.451 ; Rise       ; clk             ;
;  flags[3] ; clk        ; 6.789 ; 6.815 ; Rise       ; clk             ;
;  flags[4] ; clk        ; 7.937 ; 8.062 ; Rise       ; clk             ;
; out_valid ; clk        ; 6.611 ; 6.679 ; Rise       ; clk             ;
+-----------+------------+-------+-------+------------+-----------------+


+-----------------------------------------------------------------------+
; Minimum Clock to Output Times                                         ;
+-----------+------------+-------+-------+------------+-----------------+
; Data Port ; Clock Port ; Rise  ; Fall  ; Clock Edge ; Clock Reference ;
+-----------+------------+-------+-------+------------+-----------------+
; d[*]      ; clk        ; 5.570 ; 5.608 ; Rise       ; clk             ;
;  d[0]     ; clk        ; 6.966 ; 6.982 ; Rise       ; clk             ;
;  d[1]     ; clk        ; 6.277 ; 6.355 ; Rise       ; clk             ;
;  d[2]     ; clk        ; 7.032 ; 7.140 ; Rise       ; clk             ;
;  d[3]     ; clk        ; 7.564 ; 7.628 ; Rise       ; clk             ;
;  d[4]     ; clk        ; 6.334 ; 6.386 ; Rise       ; clk             ;
;  d[5]     ; clk        ; 6.152 ; 6.192 ; Rise       ; clk             ;
;  d[6]     ; clk        ; 6.169 ; 6.230 ; Rise       ; clk             ;
;  d[7]     ; clk        ; 5.923 ; 5.960 ; Rise       ; clk             ;
;  d[8]     ; clk        ; 5.619 ; 5.639 ; Rise       ; clk             ;
;  d[9]     ; clk        ; 6.498 ; 6.510 ; Rise       ; clk             ;
;  d[10]    ; clk        ; 6.077 ; 6.102 ; Rise       ; clk             ;
;  d[11]    ; clk        ; 5.942 ; 6.004 ; Rise       ; clk             ;
;  d[12]    ; clk        ; 6.439 ; 6.495 ; Rise       ; clk             ;
;  d[13]    ; clk        ; 5.893 ; 5.917 ; Rise       ; clk             ;
;  d[14]    ; clk        ; 6.214 ; 6.274 ; Rise       ; clk             ;
;  d[15]    ; clk        ; 5.830 ; 5.856 ; Rise       ; clk             ;
;  d[16]    ; clk        ; 5.653 ; 5.700 ; Rise       ; clk             ;
;  d[17]    ; clk        ; 6.251 ; 6.323 ; Rise       ; clk             ;
;  d[18]    ; clk        ; 6.881 ; 6.915 ; Rise       ; clk             ;
;  d[19]    ; clk        ; 6.033 ; 6.012 ; Rise       ; clk             ;
;  d[20]    ; clk        ; 5.884 ; 5.911 ; Rise       ; clk             ;
;  d[21]    ; clk        ; 5.570 ; 5.608 ; Rise       ; clk             ;
;  d[22]    ; clk        ; 6.427 ; 6.482 ; Rise       ; clk             ;
;  d[23]    ; clk        ; 6.066 ; 6.093 ; Rise       ; clk             ;
;  d[24]    ; clk        ; 6.361 ; 6.393 ; Rise       ; clk             ;
;  d[25]    ; clk        ; 5.829 ; 5.828 ; Rise       ; clk             ;
;  d[26]    ; clk        ; 6.511 ; 6.592 ; Rise       ; clk             ;
;  d[27]    ; clk        ; 5.656 ; 5.663 ; Rise       ; clk             ;
;  d[28]    ; clk        ; 6.107 ; 6.133 ; Rise       ; clk             ;
;  d[29]    ; clk        ; 5.705 ; 5.759 ; Rise       ; clk             ;
;  d[30]    ; clk        ; 6.176 ; 6.228 ; Rise       ; clk             ;
;  d[31]    ; clk        ; 6.218 ; 6.238 ; Rise       ; clk             ;
; flags[*]  ; clk        ; 5.962 ; 6.018 ; Rise       ; clk             ;
;  flags[0] ; clk        ; 5.962 ; 6.018 ; Rise       ; clk             ;
;  flags[1] ; clk        ; 6.751 ; 6.775 ; Rise       ; clk             ;
;  flags[2] ; clk        ; 6.201 ; 6.233 ; Rise       ; clk             ;
;  flags[3] ; clk        ; 6.561 ; 6.585 ; Rise       ; clk             ;
;  flags[4] ; clk        ; 7.661 ; 7.780 ; Rise       ; clk             ;
; out_valid ; clk        ; 6.389 ; 6.453 ; Rise       ; clk             ;
+-----------+------------+-------+-------+------------+-----------------+


----------------------------------------------
; Slow 1200mV 85C Model Metastability Report ;
----------------------------------------------
No synchronizer chains to report.


+--------------------------------------------------+
; Slow 1200mV 0C Model Fmax Summary                ;
+------------+-----------------+------------+------+
; Fmax       ; Restricted Fmax ; Clock Name ; Note ;
+------------+-----------------+------------+------+
; 118.13 MHz ; 118.13 MHz      ; clk        ;      ;
+------------+-----------------+------------+------+
This panel reports FMAX for every clock in the design, regardless of the user-specified clock periods.  FMAX is only computed for paths where the source and destination registers or ports are driven by the same clock.  Paths of different clocks, including generated clocks, are ignored.  For paths between a clock and its inversion, FMAX is computed as if the rising and falling edges are scaled along with FMAX, such that the duty cycle (in terms of a percentage) is maintained. Altera recommends that you always use clock constraints and other slack reports for sign-off analysis.


+------------------------------------+
; Slow 1200mV 0C Model Setup Summary ;
+-------+-------+--------------------+
; Clock ; Slack ; End Point TNS      ;
+-------+-------+--------------------+
; clk   ; 1.535 ; 0.000              ;
+-------+-------+--------------------+


+-----------------------------------+
; Slow 1200mV 0C Model Hold Summary ;
+-------+-------+-------------------+
; Clock ; Slack ; End Point TNS     ;
+-------+-------+-------------------+
; clk   ; 0.339 ; 0.000             ;
+-------+-------+-------------------+


+---------------------------------------+
; Slow 1200mV 0C Model Recovery Summary ;
+-------+-------+-----------------------+
; Clock ; Slack ; End Point TNS         ;
+-------+-------+-----------------------+
; clk   ; 7.308 ; 0.000                 ;
+-------+-------+-----------------------+


+--------------------------------------+
; Slow 1200mV 0C Model Removal Summary ;
+-------+-------+----------------------+
; Clock ; Slack ; End Point TNS        ;
+-------+-------+----------------------+
; clk   ; 1.951 ; 0.000                ;
+-------+-------+----------------------+


+--------------------------------------------------+
; Slow 1200mV 0C Model Minimum Pulse Width Summary ;
+-------+-------+----------------------------------+
; Clock ; Slack ; End Point TNS                    ;
+-------+-------+----------------------------------+
; clk   ; 4.702 ; 0.000                            ;
+-------+-------+----------------------------------+


+---------------------------------------------------------------------------------------------------------------------------------------------------------------+
; Slow 1200mV 0C Model Setup: 'clk'                                                                                                                             ;
+-------+---------------------------------------------+-----------------------------------+--------------+-------------+--------------+------------+------------+
; Slack ; From Node                                   ; To Node                           ; Launch Clock ; Latch Clock ; Relationship ; Clock Skew ; Data Delay ;
+-------+---------------------------------------------+-----------------------------------+--------------+-------------+--------------+------------+------------+
; 1.535 ; posit_pack:u_packer|g_rne.p1_mag_trunc_q[0] ; posit_pack:u_packer|g_rne.d_q[31] ; clk          ; clk         ; 10.000       ; 0.235      ; 8.695      ;
; 1.552 ; posit_pack:u_packer|g_rne.p1_guard_bit_q    ; posit_pack:u_packer|g_rne.d_q[31] ; clk          ; clk         ; 10.000       ; 0.235      ; 8.678      ;
; 1.590 ; posit_pack:u_packer|g_rne.p1_mag_trunc_q[0] ; posit_pack:u_packer|g_rne.d_q[28] ; clk          ; clk         ; 10.000       ; 0.255      ; 8.660      ;
; 1.607 ; posit_pack:u_packer|g_rne.p1_guard_bit_q    ; posit_pack:u_packer|g_rne.d_q[28] ; clk          ; clk         ; 10.000       ; 0.255      ; 8.643      ;
; 1.628 ; posit_pack:u_packer|g_rne.p1_mag_trunc_q[0] ; posit_pack:u_packer|g_rne.d_q[27] ; clk          ; clk         ; 10.000       ; 0.255      ; 8.622      ;
; 1.645 ; posit_pack:u_packer|g_rne.p1_guard_bit_q    ; posit_pack:u_packer|g_rne.d_q[27] ; clk          ; clk         ; 10.000       ; 0.255      ; 8.605      ;
; 1.654 ; posit_pack:u_packer|g_rne.p1_mag_trunc_q[0] ; posit_pack:u_packer|g_rne.d_q[29] ; clk          ; clk         ; 10.000       ; 0.233      ; 8.574      ;
; 1.671 ; posit_pack:u_packer|g_rne.p1_guard_bit_q    ; posit_pack:u_packer|g_rne.d_q[29] ; clk          ; clk         ; 10.000       ; 0.233      ; 8.557      ;
; 1.690 ; posit_pack:u_packer|g_rne.p1_mag_trunc_q[0] ; posit_pack:u_packer|g_rne.d_q[18] ; clk          ; clk         ; 10.000       ; 0.239      ; 8.544      ;
; 1.690 ; posit_pack:u_packer|g_rne.p1_round_bit_q    ; posit_pack:u_packer|g_rne.d_q[31] ; clk          ; clk         ; 10.000       ; 0.235      ; 8.540      ;
; 1.707 ; posit_pack:u_packer|g_rne.p1_guard_bit_q    ; posit_pack:u_packer|g_rne.d_q[18] ; clk          ; clk         ; 10.000       ; 0.239      ; 8.527      ;
; 1.715 ; posit_pack:u_packer|g_rne.p1_mag_trunc_q[0] ; posit_pack:u_packer|g_rne.d_q[30] ; clk          ; clk         ; 10.000       ; 0.233      ; 8.513      ;
; 1.722 ; posit_pack:u_packer|g_rne.p1_mag_trunc_q[0] ; posit_pack:u_packer|g_rne.d_q[17] ; clk          ; clk         ; 10.000       ; -0.057     ; 8.216      ;
; 1.732 ; posit_pack:u_packer|g_rne.p1_guard_bit_q    ; posit_pack:u_packer|g_rne.d_q[30] ; clk          ; clk         ; 10.000       ; 0.233      ; 8.496      ;
; 1.739 ; posit_pack:u_packer|g_rne.p1_guard_bit_q    ; posit_pack:u_packer|g_rne.d_q[17] ; clk          ; clk         ; 10.000       ; -0.057     ; 8.199      ;
; 1.743 ; posit_pack:u_packer|g_rne.p1_mag_trunc_q[0] ; posit_pack:u_packer|g_rne.d_q[25] ; clk          ; clk         ; 10.000       ; 0.255      ; 8.507      ;
; 1.745 ; posit_pack:u_packer|g_rne.p1_round_bit_q    ; posit_pack:u_packer|g_rne.d_q[28] ; clk          ; clk         ; 10.000       ; 0.255      ; 8.505      ;
; 1.760 ; posit_pack:u_packer|g_rne.p1_guard_bit_q    ; posit_pack:u_packer|g_rne.d_q[25] ; clk          ; clk         ; 10.000       ; 0.255      ; 8.490      ;
; 1.783 ; posit_pack:u_packer|g_rne.p1_round_bit_q    ; posit_pack:u_packer|g_rne.d_q[27] ; clk          ; clk         ; 10.000       ; 0.255      ; 8.467      ;
; 1.809 ; posit_pack:u_packer|g_rne.p1_round_bit_q    ; posit_pack:u_packer|g_rne.d_q[29] ; clk          ; clk         ; 10.000       ; 0.233      ; 8.419      ;
; 1.817 ; posit_pack:u_packer|g_rne.p1_sticky_bit_q   ; posit_pack:u_packer|g_rne.d_q[31] ; clk          ; clk         ; 10.000       ; 0.235      ; 8.413      ;
; 1.845 ; posit_pack:u_packer|g_rne.p1_round_bit_q    ; posit_pack:u_packer|g_rne.d_q[18] ; clk          ; clk         ; 10.000       ; 0.239      ; 8.389      ;
; 1.853 ; posit_pack:u_packer|g_rne.p1_mag_trunc_q[0] ; posit_pack:u_packer|g_rne.d_q[26] ; clk          ; clk         ; 10.000       ; 0.259      ; 8.401      ;
; 1.864 ; posit_pack:u_packer|g_rne.p1_mag_trunc_q[0] ; posit_pack:u_packer|g_rne.d_q[23] ; clk          ; clk         ; 10.000       ; 0.255      ; 8.386      ;
; 1.870 ; posit_pack:u_packer|g_rne.p1_round_bit_q    ; posit_pack:u_packer|g_rne.d_q[30] ; clk          ; clk         ; 10.000       ; 0.233      ; 8.358      ;
; 1.870 ; posit_pack:u_packer|g_rne.p1_guard_bit_q    ; posit_pack:u_packer|g_rne.d_q[26] ; clk          ; clk         ; 10.000       ; 0.259      ; 8.384      ;
; 1.872 ; posit_pack:u_packer|g_rne.p1_sticky_bit_q   ; posit_pack:u_packer|g_rne.d_q[28] ; clk          ; clk         ; 10.000       ; 0.255      ; 8.378      ;
; 1.877 ; posit_pack:u_packer|g_rne.p1_round_bit_q    ; posit_pack:u_packer|g_rne.d_q[17] ; clk          ; clk         ; 10.000       ; -0.057     ; 8.061      ;
; 1.881 ; posit_pack:u_packer|g_rne.p1_guard_bit_q    ; posit_pack:u_packer|g_rne.d_q[23] ; clk          ; clk         ; 10.000       ; 0.255      ; 8.369      ;
; 1.893 ; posit_pack:u_packer|g_rne.p1_mag_trunc_q[0] ; posit_pack:u_packer|g_rne.d_q[15] ; clk          ; clk         ; 10.000       ; -0.057     ; 8.045      ;
; 1.898 ; posit_pack:u_packer|g_rne.p1_round_bit_q    ; posit_pack:u_packer|g_rne.d_q[25] ; clk          ; clk         ; 10.000       ; 0.255      ; 8.352      ;
; 1.910 ; posit_pack:u_packer|g_rne.p1_sticky_bit_q   ; posit_pack:u_packer|g_rne.d_q[27] ; clk          ; clk         ; 10.000       ; 0.255      ; 8.340      ;
; 1.910 ; posit_pack:u_packer|g_rne.p1_guard_bit_q    ; posit_pack:u_packer|g_rne.d_q[15] ; clk          ; clk         ; 10.000       ; -0.057     ; 8.028      ;
; 1.911 ; posit_pack:u_packer|g_rne.p1_mag_trunc_q[0] ; posit_pack:u_packer|g_rne.d_q[14] ; clk          ; clk         ; 10.000       ; 0.233      ; 8.317      ;
; 1.928 ; posit_pack:u_packer|g_rne.p1_guard_bit_q    ; posit_pack:u_packer|g_rne.d_q[14] ; clk          ; clk         ; 10.000       ; 0.233      ; 8.300      ;
; 1.936 ; posit_pack:u_packer|g_rne.p1_sticky_bit_q   ; posit_pack:u_packer|g_rne.d_q[29] ; clk          ; clk         ; 10.000       ; 0.233      ; 8.292      ;
; 1.942 ; posit_pack:u_packer|g_rne.p1_mag_trunc_q[0] ; posit_pack:u_packer|g_rne.d_q[19] ; clk          ; clk         ; 10.000       ; 0.261      ; 8.314      ;
; 1.951 ; posit_pack:u_packer|g_rne.p1_mag_trunc_q[0] ; posit_pack:u_packer|g_rne.d_q[21] ; clk          ; clk         ; 10.000       ; 0.255      ; 8.299      ;
; 1.959 ; posit_pack:u_packer|g_rne.p1_guard_bit_q    ; posit_pack:u_packer|g_rne.d_q[19] ; clk          ; clk         ; 10.000       ; 0.261      ; 8.297      ;
; 1.965 ; posit_pack:u_packer|g_rne.p1_mag_trunc_q[0] ; posit_pack:u_packer|g_rne.d_q[22] ; clk          ; clk         ; 10.000       ; 0.259      ; 8.289      ;
; 1.968 ; posit_pack:u_packer|g_rne.p1_guard_bit_q    ; posit_pack:u_packer|g_rne.d_q[21] ; clk          ; clk         ; 10.000       ; 0.255      ; 8.282      ;
; 1.972 ; posit_pack:u_packer|g_rne.p1_sticky_bit_q   ; posit_pack:u_packer|g_rne.d_q[18] ; clk          ; clk         ; 10.000       ; 0.239      ; 8.262      ;
; 1.982 ; posit_pack:u_packer|g_rne.p1_guard_bit_q    ; posit_pack:u_packer|g_rne.d_q[22] ; clk          ; clk         ; 10.000       ; 0.259      ; 8.272      ;
; 1.997 ; posit_pack:u_packer|g_rne.p1_sticky_bit_q   ; posit_pack:u_packer|g_rne.d_q[30] ; clk          ; clk         ; 10.000       ; 0.233      ; 8.231      ;
; 2.004 ; posit_pack:u_packer|g_rne.p1_sticky_bit_q   ; posit_pack:u_packer|g_rne.d_q[17] ; clk          ; clk         ; 10.000       ; -0.057     ; 7.934      ;
; 2.008 ; posit_pack:u_packer|g_rne.p1_round_bit_q    ; posit_pack:u_packer|g_rne.d_q[26] ; clk          ; clk         ; 10.000       ; 0.259      ; 8.246      ;
; 2.019 ; posit_pack:u_packer|g_rne.p1_round_bit_q    ; posit_pack:u_packer|g_rne.d_q[23] ; clk          ; clk         ; 10.000       ; 0.255      ; 8.231      ;
; 2.025 ; posit_pack:u_packer|g_rne.p1_sticky_bit_q   ; posit_pack:u_packer|g_rne.d_q[25] ; clk          ; clk         ; 10.000       ; 0.255      ; 8.225      ;
; 2.034 ; posit_pack:u_packer|g_rne.p1_mag_trunc_q[0] ; posit_pack:u_packer|g_rne.d_q[16] ; clk          ; clk         ; 10.000       ; 0.233      ; 8.194      ;
; 2.048 ; posit_pack:u_packer|g_rne.p1_round_bit_q    ; posit_pack:u_packer|g_rne.d_q[15] ; clk          ; clk         ; 10.000       ; -0.057     ; 7.890      ;
; 2.051 ; posit_pack:u_packer|g_rne.p1_guard_bit_q    ; posit_pack:u_packer|g_rne.d_q[16] ; clk          ; clk         ; 10.000       ; 0.233      ; 8.177      ;
; 2.052 ; posit_pack:u_packer|g_rne.p1_mag_trunc_q[0] ; posit_pack:u_packer|g_rne.d_q[24] ; clk          ; clk         ; 10.000       ; 0.259      ; 8.202      ;
; 2.066 ; posit_pack:u_packer|g_rne.p1_mag_trunc_q[0] ; posit_pack:u_packer|g_rne.d_q[20] ; clk          ; clk         ; 10.000       ; 0.259      ; 8.188      ;
; 2.066 ; posit_pack:u_packer|g_rne.p1_round_bit_q    ; posit_pack:u_packer|g_rne.d_q[14] ; clk          ; clk         ; 10.000       ; 0.233      ; 8.162      ;
; 2.069 ; posit_pack:u_packer|g_rne.p1_guard_bit_q    ; posit_pack:u_packer|g_rne.d_q[24] ; clk          ; clk         ; 10.000       ; 0.259      ; 8.185      ;
; 2.083 ; posit_pack:u_packer|g_rne.p1_guard_bit_q    ; posit_pack:u_packer|g_rne.d_q[20] ; clk          ; clk         ; 10.000       ; 0.259      ; 8.171      ;
; 2.097 ; posit_pack:u_packer|g_rne.p1_round_bit_q    ; posit_pack:u_packer|g_rne.d_q[19] ; clk          ; clk         ; 10.000       ; 0.261      ; 8.159      ;
; 2.106 ; posit_pack:u_packer|g_rne.p1_round_bit_q    ; posit_pack:u_packer|g_rne.d_q[21] ; clk          ; clk         ; 10.000       ; 0.255      ; 8.144      ;
; 2.120 ; posit_pack:u_packer|g_rne.p1_round_bit_q    ; posit_pack:u_packer|g_rne.d_q[22] ; clk          ; clk         ; 10.000       ; 0.259      ; 8.134      ;
; 2.135 ; posit_pack:u_packer|g_rne.p1_sticky_bit_q   ; posit_pack:u_packer|g_rne.d_q[26] ; clk          ; clk         ; 10.000       ; 0.259      ; 8.119      ;
; 2.146 ; posit_pack:u_packer|g_rne.p1_sticky_bit_q   ; posit_pack:u_packer|g_rne.d_q[23] ; clk          ; clk         ; 10.000       ; 0.255      ; 8.104      ;
; 2.153 ; posit_pack:u_packer|g_rne.p1_mag_trunc_q[1] ; posit_pack:u_packer|g_rne.d_q[31] ; clk          ; clk         ; 10.000       ; 0.235      ; 8.077      ;
; 2.175 ; posit_pack:u_packer|g_rne.p1_sticky_bit_q   ; posit_pack:u_packer|g_rne.d_q[15] ; clk          ; clk         ; 10.000       ; -0.057     ; 7.763      ;
; 2.189 ; posit_pack:u_packer|g_rne.p1_round_bit_q    ; posit_pack:u_packer|g_rne.d_q[16] ; clk          ; clk         ; 10.000       ; 0.233      ; 8.039      ;
; 2.193 ; posit_pack:u_packer|g_rne.p1_sticky_bit_q   ; posit_pack:u_packer|g_rne.d_q[14] ; clk          ; clk         ; 10.000       ; 0.233      ; 8.035      ;
; 2.207 ; posit_pack:u_packer|g_rne.p1_round_bit_q    ; posit_pack:u_packer|g_rne.d_q[24] ; clk          ; clk         ; 10.000       ; 0.259      ; 8.047      ;
; 2.208 ; posit_pack:u_packer|g_rne.p1_mag_trunc_q[1] ; posit_pack:u_packer|g_rne.d_q[28] ; clk          ; clk         ; 10.000       ; 0.255      ; 8.042      ;
; 2.221 ; posit_pack:u_packer|g_rne.p1_round_bit_q    ; posit_pack:u_packer|g_rne.d_q[20] ; clk          ; clk         ; 10.000       ; 0.259      ; 8.033      ;
; 2.224 ; posit_pack:u_packer|g_rne.p1_sticky_bit_q   ; posit_pack:u_packer|g_rne.d_q[19] ; clk          ; clk         ; 10.000       ; 0.261      ; 8.032      ;
; 2.232 ; posit_pack:u_packer|g_rne.p1_mag_trunc_q[0] ; posit_pack:u_packer|g_rne.d_q[7]  ; clk          ; clk         ; 10.000       ; -0.057     ; 7.706      ;
; 2.233 ; posit_pack:u_packer|g_rne.p1_sticky_bit_q   ; posit_pack:u_packer|g_rne.d_q[21] ; clk          ; clk         ; 10.000       ; 0.255      ; 8.017      ;
; 2.246 ; posit_pack:u_packer|g_rne.p1_mag_trunc_q[1] ; posit_pack:u_packer|g_rne.d_q[27] ; clk          ; clk         ; 10.000       ; 0.255      ; 8.004      ;
; 2.247 ; posit_pack:u_packer|g_rne.p1_sticky_bit_q   ; posit_pack:u_packer|g_rne.d_q[22] ; clk          ; clk         ; 10.000       ; 0.259      ; 8.007      ;
; 2.249 ; posit_pack:u_packer|g_rne.p1_mag_trunc_q[0] ; posit_pack:u_packer|g_rne.d_q[12] ; clk          ; clk         ; 10.000       ; 0.261      ; 8.007      ;
; 2.249 ; posit_pack:u_packer|g_rne.p1_guard_bit_q    ; posit_pack:u_packer|g_rne.d_q[7]  ; clk          ; clk         ; 10.000       ; -0.057     ; 7.689      ;
; 2.256 ; posit_pack:u_packer|g_rne.p1_mag_trunc_q[3] ; posit_pack:u_packer|g_rne.d_q[31] ; clk          ; clk         ; 10.000       ; 0.235      ; 7.974      ;
; 2.266 ; posit_pack:u_packer|g_rne.p1_guard_bit_q    ; posit_pack:u_packer|g_rne.d_q[12] ; clk          ; clk         ; 10.000       ; 0.261      ; 7.990      ;
; 2.272 ; posit_pack:u_packer|g_rne.p1_mag_trunc_q[1] ; posit_pack:u_packer|g_rne.d_q[29] ; clk          ; clk         ; 10.000       ; 0.233      ; 7.956      ;
; 2.298 ; posit_pack:u_packer|g_rne.p1_mag_trunc_q[0] ; posit_pack:u_packer|g_rne.d_q[6]  ; clk          ; clk         ; 10.000       ; 0.239      ; 7.936      ;
; 2.298 ; posit_pack:u_packer|g_rne.p1_mag_trunc_q[0] ; posit_pack:u_packer|g_rne.d_q[8]  ; clk          ; clk         ; 10.000       ; 0.239      ; 7.936      ;
; 2.308 ; posit_pack:u_packer|g_rne.p1_mag_trunc_q[1] ; posit_pack:u_packer|g_rne.d_q[18] ; clk          ; clk         ; 10.000       ; 0.239      ; 7.926      ;
; 2.311 ; posit_pack:u_packer|g_rne.p1_mag_trunc_q[3] ; posit_pack:u_packer|g_rne.d_q[28] ; clk          ; clk         ; 10.000       ; 0.255      ; 7.939      ;
; 2.315 ; posit_pack:u_packer|g_rne.p1_guard_bit_q    ; posit_pack:u_packer|g_rne.d_q[6]  ; clk          ; clk         ; 10.000       ; 0.239      ; 7.919      ;
; 2.315 ; posit_pack:u_packer|g_rne.p1_guard_bit_q    ; posit_pack:u_packer|g_rne.d_q[8]  ; clk          ; clk         ; 10.000       ; 0.239      ; 7.919      ;
; 2.316 ; posit_pack:u_packer|g_rne.p1_mag_trunc_q[2] ; posit_pack:u_packer|g_rne.d_q[31] ; clk          ; clk         ; 10.000       ; 0.235      ; 7.914      ;
; 2.316 ; posit_pack:u_packer|g_rne.p1_sticky_bit_q   ; posit_pack:u_packer|g_rne.d_q[16] ; clk          ; clk         ; 10.000       ; 0.233      ; 7.912      ;
; 2.333 ; posit_pack:u_packer|g_rne.p1_mag_trunc_q[1] ; posit_pack:u_packer|g_rne.d_q[30] ; clk          ; clk         ; 10.000       ; 0.233      ; 7.895      ;
; 2.334 ; posit_pack:u_packer|g_rne.p1_sticky_bit_q   ; posit_pack:u_packer|g_rne.d_q[24] ; clk          ; clk         ; 10.000       ; 0.259      ; 7.920      ;
; 2.340 ; posit_pack:u_packer|g_rne.p1_mag_trunc_q[1] ; posit_pack:u_packer|g_rne.d_q[17] ; clk          ; clk         ; 10.000       ; -0.057     ; 7.598      ;
; 2.348 ; posit_pack:u_packer|g_rne.p1_mag_trunc_q[5] ; posit_pack:u_packer|g_rne.d_q[31] ; clk          ; clk         ; 10.000       ; 0.235      ; 7.882      ;
; 2.348 ; posit_pack:u_packer|g_rne.p1_sticky_bit_q   ; posit_pack:u_packer|g_rne.d_q[20] ; clk          ; clk         ; 10.000       ; 0.259      ; 7.906      ;
; 2.349 ; posit_pack:u_packer|g_rne.p1_mag_trunc_q[3] ; posit_pack:u_packer|g_rne.d_q[27] ; clk          ; clk         ; 10.000       ; 0.255      ; 7.901      ;
; 2.361 ; posit_pack:u_packer|g_rne.p1_mag_trunc_q[1] ; posit_pack:u_packer|g_rne.d_q[25] ; clk          ; clk         ; 10.000       ; 0.255      ; 7.889      ;
; 2.371 ; posit_pack:u_packer|g_rne.p1_mag_trunc_q[2] ; posit_pack:u_packer|g_rne.d_q[28] ; clk          ; clk         ; 10.000       ; 0.255      ; 7.879      ;
; 2.375 ; posit_pack:u_packer|g_rne.p1_mag_trunc_q[3] ; posit_pack:u_packer|g_rne.d_q[29] ; clk          ; clk         ; 10.000       ; 0.233      ; 7.853      ;
; 2.387 ; posit_pack:u_packer|g_rne.p1_round_bit_q    ; posit_pack:u_packer|g_rne.d_q[7]  ; clk          ; clk         ; 10.000       ; -0.057     ; 7.551      ;
; 2.400 ; posit_pack:u_packer|g_rne.p1_mag_trunc_q[0] ; posit_pack:u_packer|g_rne.d_q[11] ; clk          ; clk         ; 10.000       ; 0.262      ; 7.857      ;
; 2.403 ; posit_pack:u_packer|g_rne.p1_mag_trunc_q[5] ; posit_pack:u_packer|g_rne.d_q[28] ; clk          ; clk         ; 10.000       ; 0.255      ; 7.847      ;
; 2.404 ; posit_pack:u_packer|g_rne.p1_round_bit_q    ; posit_pack:u_packer|g_rne.d_q[12] ; clk          ; clk         ; 10.000       ; 0.261      ; 7.852      ;
; 2.409 ; posit_pack:u_packer|g_rne.p1_mag_trunc_q[2] ; posit_pack:u_packer|g_rne.d_q[27] ; clk          ; clk         ; 10.000       ; 0.255      ; 7.841      ;
+-------+---------------------------------------------+-----------------------------------+--------------+-------------+--------------+------------+------------+


+-----------------------------------------------------------------------------------------------------------------------------------------------------------------------------+
; Slow 1200mV 0C Model Hold: 'clk'                                                                                                                                            ;
+-------+-----------------------------------------------+-----------------------------------------------+--------------+-------------+--------------+------------+------------+
; Slack ; From Node                                     ; To Node                                       ; Launch Clock ; Latch Clock ; Relationship ; Clock Skew ; Data Delay ;
+-------+-----------------------------------------------+-----------------------------------------------+--------------+-------------+--------------+------------+------------+
; 0.339 ; packer_ppa_boundary:u_boundary|meta_sync1     ; packer_ppa_boundary:u_boundary|meta_sync2     ; clk          ; clk         ; 0.000        ; 0.055      ; 0.538      ;
; 0.339 ; posit_pack:u_packer|g_rne.d_q[5]              ; packer_ppa_boundary:u_boundary|d[5]           ; clk          ; clk         ; 0.000        ; 0.055      ; 0.538      ;
; 0.340 ; posit_pack:u_packer|g_rne.d_q[15]             ; packer_ppa_boundary:u_boundary|d[15]          ; clk          ; clk         ; 0.000        ; 0.055      ; 0.539      ;
; 0.340 ; packer_ppa_boundary:u_boundary|flags_in_q[3]  ; posit_pack:u_packer|g_rne.p1_flags_q[3]       ; clk          ; clk         ; 0.000        ; 0.055      ; 0.539      ;
; 0.341 ; posit_pack:u_packer|g_rne.p2_valid_q          ; packer_ppa_boundary:u_boundary|out_valid      ; clk          ; clk         ; 0.000        ; 0.055      ; 0.540      ;
; 0.341 ; packer_ppa_boundary:u_boundary|sign_q         ; posit_pack:u_packer|g_rne.p1_sign_q           ; clk          ; clk         ; 0.000        ; 0.054      ; 0.539      ;
; 0.358 ; posit_pack:u_packer|g_rne.p1_valid_q          ; posit_pack:u_packer|g_rne.p2_valid_q          ; clk          ; clk         ; 0.000        ; 0.055      ; 0.557      ;
; 0.373 ; packer_ppa_boundary:u_boundary|flags_in_q[4]  ; posit_pack:u_packer|g_rne.p1_mag_trunc_q[30]  ; clk          ; clk         ; 0.000        ; 0.055      ; 0.572      ;
; 0.373 ; packer_ppa_boundary:u_boundary|flags_in_q[4]  ; posit_pack:u_packer|g_rne.p1_flags_q[0]       ; clk          ; clk         ; 0.000        ; 0.055      ; 0.572      ;
; 0.433 ; packer_ppa_boundary:u_boundary|flags_in_q[0]  ; posit_pack:u_packer|g_rne.p1_flags_q[0]       ; clk          ; clk         ; 0.000        ; 0.055      ; 0.632      ;
; 0.457 ; packer_ppa_boundary:u_boundary|is_nar_q       ; posit_pack:u_packer|g_rne.p1_mag_trunc_q[30]  ; clk          ; clk         ; 0.000        ; 0.055      ; 0.656      ;
; 0.466 ; posit_pack:u_packer|g_rne.d_q[1]              ; packer_ppa_boundary:u_boundary|d[1]           ; clk          ; clk         ; 0.000        ; 0.055      ; 0.665      ;
; 0.467 ; posit_pack:u_packer|g_rne.d_q[3]              ; packer_ppa_boundary:u_boundary|d[3]           ; clk          ; clk         ; 0.000        ; 0.055      ; 0.666      ;
; 0.467 ; posit_pack:u_packer|g_rne.flags_q[4]          ; packer_ppa_boundary:u_boundary|flags[4]       ; clk          ; clk         ; 0.000        ; 0.055      ; 0.666      ;
; 0.472 ; posit_pack:u_packer|g_rne.p1_special_sel_q[0] ; posit_pack:u_packer|g_rne.d_q[11]             ; clk          ; clk         ; 0.000        ; 0.387      ; 1.003      ;
; 0.485 ; posit_pack:u_packer|g_rne.d_q[7]              ; packer_ppa_boundary:u_boundary|d[7]           ; clk          ; clk         ; 0.000        ; 0.054      ; 0.683      ;
; 0.486 ; packer_ppa_boundary:u_boundary|is_nar_q       ; posit_pack:u_packer|g_rne.p1_special_sel_q[0] ; clk          ; clk         ; 0.000        ; 0.055      ; 0.685      ;
; 0.489 ; packer_ppa_boundary:u_boundary|is_nar_q       ; posit_pack:u_packer|g_rne.p1_special_sel_q[1] ; clk          ; clk         ; 0.000        ; 0.055      ; 0.688      ;
; 0.489 ; posit_pack:u_packer|g_rne.d_q[17]             ; packer_ppa_boundary:u_boundary|d[17]          ; clk          ; clk         ; 0.000        ; 0.055      ; 0.688      ;
; 0.509 ; posit_pack:u_packer|g_rne.p1_sign_q           ; posit_pack:u_packer|g_rne.d_q[31]             ; clk          ; clk         ; 0.000        ; 0.354      ; 1.007      ;
; 0.512 ; packer_ppa_boundary:u_boundary|flags_in_q[2]  ; posit_pack:u_packer|g_rne.p1_flags_q[2]       ; clk          ; clk         ; 0.000        ; 0.055      ; 0.711      ;
; 0.536 ; posit_pack:u_packer|g_rne.p1_special_sel_q[1] ; posit_pack:u_packer|g_rne.flags_q[3]          ; clk          ; clk         ; 0.000        ; 0.384      ; 1.064      ;
; 0.547 ; posit_pack:u_packer|g_rne.p1_special_sel_q[1] ; posit_pack:u_packer|g_rne.d_q[24]             ; clk          ; clk         ; 0.000        ; 0.384      ; 1.075      ;
; 0.547 ; posit_pack:u_packer|g_rne.p1_special_sel_q[1] ; posit_pack:u_packer|g_rne.d_q[26]             ; clk          ; clk         ; 0.000        ; 0.384      ; 1.075      ;
; 0.549 ; posit_pack:u_packer|g_rne.p1_special_sel_q[1] ; posit_pack:u_packer|g_rne.d_q[20]             ; clk          ; clk         ; 0.000        ; 0.384      ; 1.077      ;
; 0.549 ; posit_pack:u_packer|g_rne.p1_special_sel_q[1] ; posit_pack:u_packer|g_rne.d_q[22]             ; clk          ; clk         ; 0.000        ; 0.384      ; 1.077      ;
; 0.549 ; posit_pack:u_packer|g_rne.p1_flags_q[3]       ; posit_pack:u_packer|g_rne.flags_q[3]          ; clk          ; clk         ; 0.000        ; 0.384      ; 1.077      ;
; 0.553 ; posit_pack:u_packer|g_rne.p1_special_sel_q[0] ; posit_pack:u_packer|g_rne.flags_q[0]          ; clk          ; clk         ; 0.000        ; 0.358      ; 1.055      ;
; 0.554 ; posit_pack:u_packer|g_rne.p1_special_sel_q[0] ; posit_pack:u_packer|g_rne.flags_q[1]          ; clk          ; clk         ; 0.000        ; 0.358      ; 1.056      ;
; 0.573 ; packer_ppa_boundary:u_boundary|flags_in_q[4]  ; posit_pack:u_packer|g_rne.p1_special_sel_q[2] ; clk          ; clk         ; 0.000        ; 0.055      ; 0.772      ;
; 0.573 ; packer_ppa_boundary:u_boundary|flags_in_q[4]  ; posit_pack:u_packer|g_rne.p1_special_sel_q[1] ; clk          ; clk         ; 0.000        ; 0.055      ; 0.772      ;
; 0.577 ; posit_pack:u_packer|g_rne.p1_special_sel_q[2] ; posit_pack:u_packer|g_rne.d_q[11]             ; clk          ; clk         ; 0.000        ; 0.387      ; 1.108      ;
; 0.582 ; packer_ppa_boundary:u_boundary|is_nar_q       ; posit_pack:u_packer|g_rne.p1_flags_q[0]       ; clk          ; clk         ; 0.000        ; 0.055      ; 0.781      ;
; 0.585 ; posit_pack:u_packer|g_rne.p1_flags_q[4]       ; posit_pack:u_packer|g_rne.flags_q[4]          ; clk          ; clk         ; 0.000        ; 0.055      ; 0.784      ;
; 0.592 ; posit_pack:u_packer|g_rne.p1_special_sel_q[1] ; posit_pack:u_packer|g_rne.flags_q[2]          ; clk          ; clk         ; 0.000        ; 0.358      ; 1.094      ;
; 0.601 ; posit_pack:u_packer|g_rne.p1_special_sel_q[1] ; posit_pack:u_packer|g_rne.d_q[12]             ; clk          ; clk         ; 0.000        ; 0.386      ; 1.131      ;
; 0.608 ; packer_ppa_boundary:u_boundary|is_nar_q       ; posit_pack:u_packer|g_rne.p1_special_sel_q[2] ; clk          ; clk         ; 0.000        ; 0.055      ; 0.807      ;
; 0.610 ; packer_ppa_boundary:u_boundary|flags_in_q[4]  ; posit_pack:u_packer|g_rne.p1_special_sel_q[0] ; clk          ; clk         ; 0.000        ; 0.055      ; 0.809      ;
; 0.628 ; posit_pack:u_packer|g_rne.d_q[0]              ; packer_ppa_boundary:u_boundary|d[0]           ; clk          ; clk         ; 0.000        ; -0.233     ; 0.539      ;
; 0.628 ; posit_pack:u_packer|g_rne.flags_q[2]          ; packer_ppa_boundary:u_boundary|flags[2]       ; clk          ; clk         ; 0.000        ; -0.234     ; 0.538      ;
; 0.629 ; posit_pack:u_packer|g_rne.d_q[14]             ; packer_ppa_boundary:u_boundary|d[14]          ; clk          ; clk         ; 0.000        ; -0.233     ; 0.540      ;
; 0.630 ; posit_pack:u_packer|g_rne.d_q[31]             ; packer_ppa_boundary:u_boundary|d[31]          ; clk          ; clk         ; 0.000        ; -0.234     ; 0.540      ;
; 0.635 ; posit_pack:u_packer|g_rne.p1_special_sel_q[0] ; posit_pack:u_packer|g_rne.d_q[9]              ; clk          ; clk         ; 0.000        ; 0.363      ; 1.142      ;
; 0.635 ; posit_pack:u_packer|g_rne.p1_special_sel_q[1] ; posit_pack:u_packer|g_rne.d_q[11]             ; clk          ; clk         ; 0.000        ; 0.387      ; 1.166      ;
; 0.652 ; posit_pack:u_packer|g_rne.d_q[26]             ; packer_ppa_boundary:u_boundary|d[26]          ; clk          ; clk         ; 0.000        ; -0.258     ; 0.538      ;
; 0.653 ; posit_pack:u_packer|g_rne.d_q[21]             ; packer_ppa_boundary:u_boundary|d[21]          ; clk          ; clk         ; 0.000        ; -0.258     ; 0.539      ;
; 0.653 ; posit_pack:u_packer|g_rne.d_q[23]             ; packer_ppa_boundary:u_boundary|d[23]          ; clk          ; clk         ; 0.000        ; -0.258     ; 0.539      ;
; 0.653 ; posit_pack:u_packer|g_rne.d_q[28]             ; packer_ppa_boundary:u_boundary|d[28]          ; clk          ; clk         ; 0.000        ; -0.258     ; 0.539      ;
; 0.654 ; posit_pack:u_packer|g_rne.d_q[11]             ; packer_ppa_boundary:u_boundary|d[11]          ; clk          ; clk         ; 0.000        ; -0.258     ; 0.540      ;
; 0.654 ; posit_pack:u_packer|g_rne.d_q[20]             ; packer_ppa_boundary:u_boundary|d[20]          ; clk          ; clk         ; 0.000        ; -0.258     ; 0.540      ;
; 0.660 ; posit_pack:u_packer|g_rne.p1_special_sel_q[0] ; posit_pack:u_packer|g_rne.flags_q[2]          ; clk          ; clk         ; 0.000        ; 0.358      ; 1.162      ;
; 0.679 ; packer_ppa_boundary:u_boundary|flags_in_q[4]  ; posit_pack:u_packer|g_rne.p1_flags_q[4]       ; clk          ; clk         ; 0.000        ; 0.055      ; 0.878      ;
; 0.702 ; posit_pack:u_packer|g_rne.p1_special_sel_q[1] ; posit_pack:u_packer|g_rne.flags_q[0]          ; clk          ; clk         ; 0.000        ; 0.358      ; 1.204      ;
; 0.707 ; posit_pack:u_packer|g_rne.p1_special_sel_q[1] ; posit_pack:u_packer|g_rne.flags_q[1]          ; clk          ; clk         ; 0.000        ; 0.358      ; 1.209      ;
; 0.753 ; posit_pack:u_packer|g_rne.d_q[6]              ; packer_ppa_boundary:u_boundary|d[6]           ; clk          ; clk         ; 0.000        ; -0.234     ; 0.663      ;
; 0.754 ; posit_pack:u_packer|g_rne.d_q[8]              ; packer_ppa_boundary:u_boundary|d[8]           ; clk          ; clk         ; 0.000        ; -0.234     ; 0.664      ;
; 0.755 ; posit_pack:u_packer|g_rne.d_q[30]             ; packer_ppa_boundary:u_boundary|d[30]          ; clk          ; clk         ; 0.000        ; -0.233     ; 0.666      ;
; 0.755 ; posit_pack:u_packer|g_rne.flags_q[1]          ; packer_ppa_boundary:u_boundary|flags[1]       ; clk          ; clk         ; 0.000        ; -0.234     ; 0.665      ;
; 0.756 ; posit_pack:u_packer|g_rne.d_q[29]             ; packer_ppa_boundary:u_boundary|d[29]          ; clk          ; clk         ; 0.000        ; -0.233     ; 0.667      ;
; 0.756 ; posit_pack:u_packer|g_rne.p1_flags_q[2]       ; posit_pack:u_packer|g_rne.flags_q[2]          ; clk          ; clk         ; 0.000        ; 0.358      ; 1.258      ;
; 0.763 ; posit_pack:u_packer|g_rne.d_q[18]             ; packer_ppa_boundary:u_boundary|d[18]          ; clk          ; clk         ; 0.000        ; -0.234     ; 0.673      ;
; 0.765 ; packer_ppa_boundary:u_boundary|is_nar_q       ; posit_pack:u_packer|g_rne.p1_flags_q[4]       ; clk          ; clk         ; 0.000        ; 0.055      ; 0.964      ;
; 0.773 ; posit_pack:u_packer|g_rne.d_q[9]              ; packer_ppa_boundary:u_boundary|d[9]           ; clk          ; clk         ; 0.000        ; -0.234     ; 0.683      ;
; 0.774 ; posit_pack:u_packer|g_rne.p1_flags_q[0]       ; posit_pack:u_packer|g_rne.flags_q[0]          ; clk          ; clk         ; 0.000        ; 0.358      ; 1.276      ;
; 0.776 ; posit_pack:u_packer|g_rne.p1_special_sel_q[1] ; posit_pack:u_packer|g_rne.d_q[19]             ; clk          ; clk         ; 0.000        ; 0.386      ; 1.306      ;
; 0.779 ; posit_pack:u_packer|g_rne.d_q[13]             ; packer_ppa_boundary:u_boundary|d[13]          ; clk          ; clk         ; 0.000        ; -0.258     ; 0.665      ;
; 0.779 ; posit_pack:u_packer|g_rne.d_q[22]             ; packer_ppa_boundary:u_boundary|d[22]          ; clk          ; clk         ; 0.000        ; -0.258     ; 0.665      ;
; 0.779 ; posit_pack:u_packer|g_rne.d_q[27]             ; packer_ppa_boundary:u_boundary|d[27]          ; clk          ; clk         ; 0.000        ; -0.258     ; 0.665      ;
; 0.780 ; posit_pack:u_packer|g_rne.p1_special_sel_q[1] ; posit_pack:u_packer|g_rne.d_q[4]              ; clk          ; clk         ; 0.000        ; 0.386      ; 1.310      ;
; 0.780 ; posit_pack:u_packer|g_rne.d_q[24]             ; packer_ppa_boundary:u_boundary|d[24]          ; clk          ; clk         ; 0.000        ; -0.258     ; 0.666      ;
; 0.780 ; posit_pack:u_packer|g_rne.flags_q[3]          ; packer_ppa_boundary:u_boundary|flags[3]       ; clk          ; clk         ; 0.000        ; -0.258     ; 0.666      ;
; 0.781 ; posit_pack:u_packer|g_rne.p1_special_sel_q[1] ; posit_pack:u_packer|g_rne.d_q[10]             ; clk          ; clk         ; 0.000        ; 0.386      ; 1.311      ;
; 0.781 ; posit_pack:u_packer|g_rne.p1_special_sel_q[1] ; posit_pack:u_packer|g_rne.d_q[13]             ; clk          ; clk         ; 0.000        ; 0.386      ; 1.311      ;
; 0.782 ; posit_pack:u_packer|g_rne.flags_q[0]          ; packer_ppa_boundary:u_boundary|flags[0]       ; clk          ; clk         ; 0.000        ; -0.233     ; 0.693      ;
; 0.784 ; posit_pack:u_packer|g_rne.p1_special_sel_q[0] ; posit_pack:u_packer|g_rne.flags_q[3]          ; clk          ; clk         ; 0.000        ; 0.384      ; 1.312      ;
; 0.791 ; posit_pack:u_packer|g_rne.p1_special_sel_q[0] ; posit_pack:u_packer|g_rne.d_q[3]              ; clk          ; clk         ; 0.000        ; 0.055      ; 0.990      ;
; 0.792 ; posit_pack:u_packer|g_rne.p1_special_sel_q[0] ; posit_pack:u_packer|g_rne.d_q[5]              ; clk          ; clk         ; 0.000        ; 0.055      ; 0.991      ;
; 0.792 ; posit_pack:u_packer|g_rne.p1_special_sel_q[0] ; posit_pack:u_packer|g_rne.d_q[15]             ; clk          ; clk         ; 0.000        ; 0.055      ; 0.991      ;
; 0.794 ; posit_pack:u_packer|g_rne.p1_special_sel_q[0] ; posit_pack:u_packer|g_rne.d_q[17]             ; clk          ; clk         ; 0.000        ; 0.055      ; 0.993      ;
; 0.801 ; posit_pack:u_packer|g_rne.d_q[25]             ; packer_ppa_boundary:u_boundary|d[25]          ; clk          ; clk         ; 0.000        ; -0.258     ; 0.687      ;
; 0.807 ; posit_pack:u_packer|g_rne.p1_special_sel_q[1] ; posit_pack:u_packer|g_rne.d_q[0]              ; clk          ; clk         ; 0.000        ; 0.363      ; 1.314      ;
; 0.809 ; posit_pack:u_packer|g_rne.p1_special_sel_q[2] ; posit_pack:u_packer|g_rne.d_q[8]              ; clk          ; clk         ; 0.000        ; 0.363      ; 1.316      ;
; 0.810 ; posit_pack:u_packer|g_rne.p1_special_sel_q[2] ; posit_pack:u_packer|g_rne.d_q[18]             ; clk          ; clk         ; 0.000        ; 0.363      ; 1.317      ;
; 0.812 ; posit_pack:u_packer|g_rne.p1_special_sel_q[2] ; posit_pack:u_packer|g_rne.d_q[6]              ; clk          ; clk         ; 0.000        ; 0.363      ; 1.319      ;
; 0.815 ; posit_pack:u_packer|g_rne.p1_special_sel_q[1] ; posit_pack:u_packer|g_rne.d_q[8]              ; clk          ; clk         ; 0.000        ; 0.363      ; 1.322      ;
; 0.816 ; posit_pack:u_packer|g_rne.p1_special_sel_q[1] ; posit_pack:u_packer|g_rne.d_q[18]             ; clk          ; clk         ; 0.000        ; 0.363      ; 1.323      ;
; 0.818 ; posit_pack:u_packer|g_rne.p1_flags_q[1]       ; posit_pack:u_packer|g_rne.flags_q[1]          ; clk          ; clk         ; 0.000        ; 0.355      ; 1.317      ;
; 0.818 ; posit_pack:u_packer|g_rne.p1_special_sel_q[1] ; posit_pack:u_packer|g_rne.d_q[6]              ; clk          ; clk         ; 0.000        ; 0.363      ; 1.325      ;
; 0.823 ; posit_pack:u_packer|g_rne.p1_special_sel_q[2] ; posit_pack:u_packer|g_rne.d_q[9]              ; clk          ; clk         ; 0.000        ; 0.363      ; 1.330      ;
; 0.824 ; packer_ppa_boundary:u_boundary|flags_in_q[1]  ; posit_pack:u_packer|g_rne.p1_flags_q[1]       ; clk          ; clk         ; 0.000        ; -0.258     ; 0.710      ;
; 0.824 ; posit_pack:u_packer|g_rne.p1_special_sel_q[2] ; posit_pack:u_packer|g_rne.d_q[0]              ; clk          ; clk         ; 0.000        ; 0.363      ; 1.331      ;
; 0.825 ; posit_pack:u_packer|g_rne.p1_special_sel_q[1] ; posit_pack:u_packer|g_rne.d_q[7]              ; clk          ; clk         ; 0.000        ; 0.054      ; 1.023      ;
; 0.832 ; posit_pack:u_packer|g_rne.p1_special_sel_q[0] ; posit_pack:u_packer|g_rne.d_q[0]              ; clk          ; clk         ; 0.000        ; 0.363      ; 1.339      ;
; 0.837 ; posit_pack:u_packer|g_rne.p1_special_sel_q[0] ; posit_pack:u_packer|g_rne.d_q[6]              ; clk          ; clk         ; 0.000        ; 0.363      ; 1.344      ;
; 0.838 ; posit_pack:u_packer|g_rne.p1_special_sel_q[0] ; posit_pack:u_packer|g_rne.d_q[18]             ; clk          ; clk         ; 0.000        ; 0.363      ; 1.345      ;
; 0.841 ; posit_pack:u_packer|g_rne.p1_special_sel_q[0] ; posit_pack:u_packer|g_rne.d_q[8]              ; clk          ; clk         ; 0.000        ; 0.363      ; 1.348      ;
; 0.854 ; posit_pack:u_packer|g_rne.p1_special_sel_q[1] ; posit_pack:u_packer|g_rne.d_q[1]              ; clk          ; clk         ; 0.000        ; 0.063      ; 1.061      ;
; 0.858 ; packer_ppa_boundary:u_boundary|flags_in_q[4]  ; posit_pack:u_packer|g_rne.p1_flags_q[3]       ; clk          ; clk         ; 0.000        ; 0.055      ; 1.057      ;
; 0.864 ; posit_pack:u_packer|g_rne.p1_special_sel_q[2] ; posit_pack:u_packer|g_rne.d_q[7]              ; clk          ; clk         ; 0.000        ; 0.054      ; 1.062      ;
; 0.869 ; packer_ppa_boundary:u_boundary|flags_in_q[4]  ; posit_pack:u_packer|g_rne.p1_flags_q[2]       ; clk          ; clk         ; 0.000        ; 0.055      ; 1.068      ;
+-------+-----------------------------------------------+-----------------------------------------------+--------------+-------------+--------------+------------+------------+


+-------------------------------------------------------------------------------------------------------------------------------------------------------------------------+
; Slow 1200mV 0C Model Recovery: 'clk'                                                                                                                                    ;
+-------+-------------------------------------------+-----------------------------------------------+--------------+-------------+--------------+------------+------------+
; Slack ; From Node                                 ; To Node                                       ; Launch Clock ; Latch Clock ; Relationship ; Clock Skew ; Data Delay ;
+-------+-------------------------------------------+-----------------------------------------------+--------------+-------------+--------------+------------+------------+
; 7.308 ; packer_ppa_boundary:u_boundary|meta_sync2 ; packer_ppa_boundary:u_boundary|sf_q[9]        ; clk          ; clk         ; 10.000       ; -0.061     ; 2.626      ;
; 7.308 ; packer_ppa_boundary:u_boundary|meta_sync2 ; packer_ppa_boundary:u_boundary|sf_q[4]        ; clk          ; clk         ; 10.000       ; -0.062     ; 2.625      ;
; 7.308 ; packer_ppa_boundary:u_boundary|meta_sync2 ; packer_ppa_boundary:u_boundary|sf_q[5]        ; clk          ; clk         ; 10.000       ; -0.067     ; 2.620      ;
; 7.308 ; packer_ppa_boundary:u_boundary|meta_sync2 ; packer_ppa_boundary:u_boundary|sf_q[3]        ; clk          ; clk         ; 10.000       ; -0.064     ; 2.623      ;
; 7.308 ; packer_ppa_boundary:u_boundary|meta_sync2 ; packer_ppa_boundary:u_boundary|flags_in_q[4]  ; clk          ; clk         ; 10.000       ; -0.070     ; 2.617      ;
; 7.308 ; packer_ppa_boundary:u_boundary|meta_sync2 ; packer_ppa_boundary:u_boundary|is_nar_q       ; clk          ; clk         ; 10.000       ; -0.070     ; 2.617      ;
; 7.308 ; packer_ppa_boundary:u_boundary|meta_sync2 ; packer_ppa_boundary:u_boundary|frac_q[43]     ; clk          ; clk         ; 10.000       ; -0.060     ; 2.627      ;
; 7.308 ; packer_ppa_boundary:u_boundary|meta_sync2 ; packer_ppa_boundary:u_boundary|sf_q[2]        ; clk          ; clk         ; 10.000       ; -0.061     ; 2.626      ;
; 7.308 ; packer_ppa_boundary:u_boundary|meta_sync2 ; packer_ppa_boundary:u_boundary|frac_q[44]     ; clk          ; clk         ; 10.000       ; -0.060     ; 2.627      ;
; 7.308 ; packer_ppa_boundary:u_boundary|meta_sync2 ; packer_ppa_boundary:u_boundary|frac_q[46]     ; clk          ; clk         ; 10.000       ; -0.060     ; 2.627      ;
; 7.308 ; packer_ppa_boundary:u_boundary|meta_sync2 ; packer_ppa_boundary:u_boundary|frac_q[45]     ; clk          ; clk         ; 10.000       ; -0.060     ; 2.627      ;
; 7.308 ; packer_ppa_boundary:u_boundary|meta_sync2 ; packer_ppa_boundary:u_boundary|sf_q[1]        ; clk          ; clk         ; 10.000       ; -0.064     ; 2.623      ;
; 7.308 ; packer_ppa_boundary:u_boundary|meta_sync2 ; packer_ppa_boundary:u_boundary|frac_q[31]     ; clk          ; clk         ; 10.000       ; -0.061     ; 2.626      ;
; 7.308 ; packer_ppa_boundary:u_boundary|meta_sync2 ; packer_ppa_boundary:u_boundary|frac_q[32]     ; clk          ; clk         ; 10.000       ; -0.061     ; 2.626      ;
; 7.308 ; packer_ppa_boundary:u_boundary|meta_sync2 ; packer_ppa_boundary:u_boundary|frac_q[33]     ; clk          ; clk         ; 10.000       ; -0.061     ; 2.626      ;
; 7.308 ; packer_ppa_boundary:u_boundary|meta_sync2 ; packer_ppa_boundary:u_boundary|frac_q[34]     ; clk          ; clk         ; 10.000       ; -0.061     ; 2.626      ;
; 7.308 ; packer_ppa_boundary:u_boundary|meta_sync2 ; packer_ppa_boundary:u_boundary|frac_q[30]     ; clk          ; clk         ; 10.000       ; -0.061     ; 2.626      ;
; 7.308 ; packer_ppa_boundary:u_boundary|meta_sync2 ; packer_ppa_boundary:u_boundary|frac_q[29]     ; clk          ; clk         ; 10.000       ; -0.061     ; 2.626      ;
; 7.308 ; packer_ppa_boundary:u_boundary|meta_sync2 ; packer_ppa_boundary:u_boundary|frac_q[27]     ; clk          ; clk         ; 10.000       ; -0.061     ; 2.626      ;
; 7.308 ; packer_ppa_boundary:u_boundary|meta_sync2 ; packer_ppa_boundary:u_boundary|frac_q[28]     ; clk          ; clk         ; 10.000       ; -0.061     ; 2.626      ;
; 7.308 ; packer_ppa_boundary:u_boundary|meta_sync2 ; packer_ppa_boundary:u_boundary|frac_q[38]     ; clk          ; clk         ; 10.000       ; -0.060     ; 2.627      ;
; 7.308 ; packer_ppa_boundary:u_boundary|meta_sync2 ; packer_ppa_boundary:u_boundary|frac_q[37]     ; clk          ; clk         ; 10.000       ; -0.060     ; 2.627      ;
; 7.308 ; packer_ppa_boundary:u_boundary|meta_sync2 ; packer_ppa_boundary:u_boundary|frac_q[35]     ; clk          ; clk         ; 10.000       ; -0.061     ; 2.626      ;
; 7.308 ; packer_ppa_boundary:u_boundary|meta_sync2 ; packer_ppa_boundary:u_boundary|frac_q[36]     ; clk          ; clk         ; 10.000       ; -0.060     ; 2.627      ;
; 7.308 ; packer_ppa_boundary:u_boundary|meta_sync2 ; packer_ppa_boundary:u_boundary|frac_q[41]     ; clk          ; clk         ; 10.000       ; -0.060     ; 2.627      ;
; 7.308 ; packer_ppa_boundary:u_boundary|meta_sync2 ; packer_ppa_boundary:u_boundary|frac_q[42]     ; clk          ; clk         ; 10.000       ; -0.060     ; 2.627      ;
; 7.308 ; packer_ppa_boundary:u_boundary|meta_sync2 ; packer_ppa_boundary:u_boundary|frac_q[40]     ; clk          ; clk         ; 10.000       ; -0.060     ; 2.627      ;
; 7.308 ; packer_ppa_boundary:u_boundary|meta_sync2 ; packer_ppa_boundary:u_boundary|frac_q[39]     ; clk          ; clk         ; 10.000       ; -0.060     ; 2.627      ;
; 7.308 ; packer_ppa_boundary:u_boundary|meta_sync2 ; packer_ppa_boundary:u_boundary|frac_q[26]     ; clk          ; clk         ; 10.000       ; -0.061     ; 2.626      ;
; 7.308 ; packer_ppa_boundary:u_boundary|meta_sync2 ; packer_ppa_boundary:u_boundary|frac_q[20]     ; clk          ; clk         ; 10.000       ; -0.064     ; 2.623      ;
; 7.308 ; packer_ppa_boundary:u_boundary|meta_sync2 ; packer_ppa_boundary:u_boundary|frac_q[21]     ; clk          ; clk         ; 10.000       ; -0.063     ; 2.624      ;
; 7.308 ; packer_ppa_boundary:u_boundary|meta_sync2 ; packer_ppa_boundary:u_boundary|frac_q[17]     ; clk          ; clk         ; 10.000       ; -0.064     ; 2.623      ;
; 7.308 ; packer_ppa_boundary:u_boundary|meta_sync2 ; packer_ppa_boundary:u_boundary|frac_q[16]     ; clk          ; clk         ; 10.000       ; -0.064     ; 2.623      ;
; 7.308 ; packer_ppa_boundary:u_boundary|meta_sync2 ; packer_ppa_boundary:u_boundary|frac_q[15]     ; clk          ; clk         ; 10.000       ; -0.064     ; 2.623      ;
; 7.308 ; packer_ppa_boundary:u_boundary|meta_sync2 ; packer_ppa_boundary:u_boundary|frac_q[19]     ; clk          ; clk         ; 10.000       ; -0.064     ; 2.623      ;
; 7.308 ; packer_ppa_boundary:u_boundary|meta_sync2 ; packer_ppa_boundary:u_boundary|frac_q[18]     ; clk          ; clk         ; 10.000       ; -0.063     ; 2.624      ;
; 7.308 ; packer_ppa_boundary:u_boundary|meta_sync2 ; packer_ppa_boundary:u_boundary|frac_q[23]     ; clk          ; clk         ; 10.000       ; -0.063     ; 2.624      ;
; 7.308 ; packer_ppa_boundary:u_boundary|meta_sync2 ; packer_ppa_boundary:u_boundary|frac_q[22]     ; clk          ; clk         ; 10.000       ; -0.063     ; 2.624      ;
; 7.308 ; packer_ppa_boundary:u_boundary|meta_sync2 ; packer_ppa_boundary:u_boundary|frac_q[25]     ; clk          ; clk         ; 10.000       ; -0.061     ; 2.626      ;
; 7.308 ; packer_ppa_boundary:u_boundary|meta_sync2 ; packer_ppa_boundary:u_boundary|frac_q[0]      ; clk          ; clk         ; 10.000       ; -0.064     ; 2.623      ;
; 7.308 ; packer_ppa_boundary:u_boundary|meta_sync2 ; posit_pack:u_packer|g_rne.p1_mag_trunc_q[21]  ; clk          ; clk         ; 10.000       ; -0.065     ; 2.622      ;
; 7.308 ; packer_ppa_boundary:u_boundary|meta_sync2 ; posit_pack:u_packer|g_rne.p1_mag_trunc_q[24]  ; clk          ; clk         ; 10.000       ; -0.066     ; 2.621      ;
; 7.308 ; packer_ppa_boundary:u_boundary|meta_sync2 ; posit_pack:u_packer|g_rne.p1_mag_trunc_q[30]  ; clk          ; clk         ; 10.000       ; -0.070     ; 2.617      ;
; 7.308 ; packer_ppa_boundary:u_boundary|meta_sync2 ; posit_pack:u_packer|g_rne.p1_valid_q          ; clk          ; clk         ; 10.000       ; -0.063     ; 2.624      ;
; 7.308 ; packer_ppa_boundary:u_boundary|meta_sync2 ; posit_pack:u_packer|g_rne.p2_valid_q          ; clk          ; clk         ; 10.000       ; -0.063     ; 2.624      ;
; 7.308 ; packer_ppa_boundary:u_boundary|meta_sync2 ; packer_ppa_boundary:u_boundary|out_valid      ; clk          ; clk         ; 10.000       ; -0.063     ; 2.624      ;
; 7.308 ; packer_ppa_boundary:u_boundary|meta_sync2 ; posit_pack:u_packer|g_rne.p1_special_sel_q[1] ; clk          ; clk         ; 10.000       ; -0.070     ; 2.617      ;
; 7.308 ; packer_ppa_boundary:u_boundary|meta_sync2 ; posit_pack:u_packer|g_rne.p1_special_sel_q[2] ; clk          ; clk         ; 10.000       ; -0.070     ; 2.617      ;
; 7.308 ; packer_ppa_boundary:u_boundary|meta_sync2 ; posit_pack:u_packer|g_rne.p1_special_sel_q[0] ; clk          ; clk         ; 10.000       ; -0.070     ; 2.617      ;
; 7.308 ; packer_ppa_boundary:u_boundary|meta_sync2 ; posit_pack:u_packer|g_rne.d_q[1]              ; clk          ; clk         ; 10.000       ; -0.062     ; 2.625      ;
; 7.308 ; packer_ppa_boundary:u_boundary|meta_sync2 ; packer_ppa_boundary:u_boundary|d[1]           ; clk          ; clk         ; 10.000       ; -0.062     ; 2.625      ;
; 7.308 ; packer_ppa_boundary:u_boundary|meta_sync2 ; packer_ppa_boundary:u_boundary|d[2]           ; clk          ; clk         ; 10.000       ; -0.071     ; 2.616      ;
; 7.308 ; packer_ppa_boundary:u_boundary|meta_sync2 ; packer_ppa_boundary:u_boundary|d[4]           ; clk          ; clk         ; 10.000       ; -0.063     ; 2.624      ;
; 7.308 ; packer_ppa_boundary:u_boundary|meta_sync2 ; packer_ppa_boundary:u_boundary|d[6]           ; clk          ; clk         ; 10.000       ; -0.063     ; 2.624      ;
; 7.308 ; packer_ppa_boundary:u_boundary|meta_sync2 ; packer_ppa_boundary:u_boundary|d[7]           ; clk          ; clk         ; 10.000       ; -0.071     ; 2.616      ;
; 7.308 ; packer_ppa_boundary:u_boundary|meta_sync2 ; packer_ppa_boundary:u_boundary|d[8]           ; clk          ; clk         ; 10.000       ; -0.063     ; 2.624      ;
; 7.308 ; packer_ppa_boundary:u_boundary|meta_sync2 ; packer_ppa_boundary:u_boundary|d[9]           ; clk          ; clk         ; 10.000       ; -0.063     ; 2.624      ;
; 7.308 ; packer_ppa_boundary:u_boundary|meta_sync2 ; packer_ppa_boundary:u_boundary|d[11]          ; clk          ; clk         ; 10.000       ; -0.064     ; 2.623      ;
; 7.308 ; packer_ppa_boundary:u_boundary|meta_sync2 ; packer_ppa_boundary:u_boundary|d[13]          ; clk          ; clk         ; 10.000       ; -0.065     ; 2.622      ;
; 7.308 ; packer_ppa_boundary:u_boundary|meta_sync2 ; packer_ppa_boundary:u_boundary|d[14]          ; clk          ; clk         ; 10.000       ; -0.068     ; 2.619      ;
; 7.308 ; packer_ppa_boundary:u_boundary|meta_sync2 ; packer_ppa_boundary:u_boundary|d[16]          ; clk          ; clk         ; 10.000       ; -0.071     ; 2.616      ;
; 7.308 ; packer_ppa_boundary:u_boundary|meta_sync2 ; packer_ppa_boundary:u_boundary|d[17]          ; clk          ; clk         ; 10.000       ; -0.070     ; 2.617      ;
; 7.308 ; packer_ppa_boundary:u_boundary|meta_sync2 ; packer_ppa_boundary:u_boundary|d[18]          ; clk          ; clk         ; 10.000       ; -0.063     ; 2.624      ;
; 7.308 ; packer_ppa_boundary:u_boundary|meta_sync2 ; packer_ppa_boundary:u_boundary|d[20]          ; clk          ; clk         ; 10.000       ; -0.067     ; 2.620      ;
; 7.308 ; packer_ppa_boundary:u_boundary|meta_sync2 ; packer_ppa_boundary:u_boundary|d[22]          ; clk          ; clk         ; 10.000       ; -0.067     ; 2.620      ;
; 7.308 ; packer_ppa_boundary:u_boundary|meta_sync2 ; packer_ppa_boundary:u_boundary|d[24]          ; clk          ; clk         ; 10.000       ; -0.067     ; 2.620      ;
; 7.308 ; packer_ppa_boundary:u_boundary|meta_sync2 ; packer_ppa_boundary:u_boundary|d[26]          ; clk          ; clk         ; 10.000       ; -0.067     ; 2.620      ;
; 7.308 ; packer_ppa_boundary:u_boundary|meta_sync2 ; packer_ppa_boundary:u_boundary|d[29]          ; clk          ; clk         ; 10.000       ; -0.068     ; 2.619      ;
; 7.308 ; packer_ppa_boundary:u_boundary|meta_sync2 ; packer_ppa_boundary:u_boundary|d[30]          ; clk          ; clk         ; 10.000       ; -0.068     ; 2.619      ;
; 7.308 ; packer_ppa_boundary:u_boundary|meta_sync2 ; packer_ppa_boundary:u_boundary|flags_in_q[0]  ; clk          ; clk         ; 10.000       ; -0.070     ; 2.617      ;
; 7.308 ; packer_ppa_boundary:u_boundary|meta_sync2 ; posit_pack:u_packer|g_rne.p1_flags_q[0]       ; clk          ; clk         ; 10.000       ; -0.070     ; 2.617      ;
; 7.308 ; packer_ppa_boundary:u_boundary|meta_sync2 ; packer_ppa_boundary:u_boundary|flags_in_q[2]  ; clk          ; clk         ; 10.000       ; -0.070     ; 2.617      ;
; 7.308 ; packer_ppa_boundary:u_boundary|meta_sync2 ; posit_pack:u_packer|g_rne.p1_flags_q[2]       ; clk          ; clk         ; 10.000       ; -0.070     ; 2.617      ;
; 7.308 ; packer_ppa_boundary:u_boundary|meta_sync2 ; packer_ppa_boundary:u_boundary|flags_in_q[3]  ; clk          ; clk         ; 10.000       ; -0.070     ; 2.617      ;
; 7.308 ; packer_ppa_boundary:u_boundary|meta_sync2 ; posit_pack:u_packer|g_rne.p1_flags_q[3]       ; clk          ; clk         ; 10.000       ; -0.070     ; 2.617      ;
; 7.308 ; packer_ppa_boundary:u_boundary|meta_sync2 ; packer_ppa_boundary:u_boundary|flags[3]       ; clk          ; clk         ; 10.000       ; -0.067     ; 2.620      ;
; 7.308 ; packer_ppa_boundary:u_boundary|meta_sync2 ; posit_pack:u_packer|g_rne.p1_flags_q[4]       ; clk          ; clk         ; 10.000       ; -0.070     ; 2.617      ;
; 7.309 ; packer_ppa_boundary:u_boundary|meta_sync2 ; packer_ppa_boundary:u_boundary|sf_q[6]        ; clk          ; clk         ; 10.000       ; -0.063     ; 2.623      ;
; 7.309 ; packer_ppa_boundary:u_boundary|meta_sync2 ; packer_ppa_boundary:u_boundary|sf_q[8]        ; clk          ; clk         ; 10.000       ; -0.066     ; 2.620      ;
; 7.309 ; packer_ppa_boundary:u_boundary|meta_sync2 ; packer_ppa_boundary:u_boundary|sf_q[7]        ; clk          ; clk         ; 10.000       ; -0.066     ; 2.620      ;
; 7.309 ; packer_ppa_boundary:u_boundary|meta_sync2 ; packer_ppa_boundary:u_boundary|is_zero_q      ; clk          ; clk         ; 10.000       ; -0.066     ; 2.620      ;
; 7.309 ; packer_ppa_boundary:u_boundary|meta_sync2 ; packer_ppa_boundary:u_boundary|frac_q[50]     ; clk          ; clk         ; 10.000       ; -0.061     ; 2.625      ;
; 7.309 ; packer_ppa_boundary:u_boundary|meta_sync2 ; packer_ppa_boundary:u_boundary|frac_q[49]     ; clk          ; clk         ; 10.000       ; -0.061     ; 2.625      ;
; 7.309 ; packer_ppa_boundary:u_boundary|meta_sync2 ; packer_ppa_boundary:u_boundary|frac_q[47]     ; clk          ; clk         ; 10.000       ; -0.061     ; 2.625      ;
; 7.309 ; packer_ppa_boundary:u_boundary|meta_sync2 ; packer_ppa_boundary:u_boundary|frac_q[48]     ; clk          ; clk         ; 10.000       ; -0.061     ; 2.625      ;
; 7.309 ; packer_ppa_boundary:u_boundary|meta_sync2 ; packer_ppa_boundary:u_boundary|frac_q[52]     ; clk          ; clk         ; 10.000       ; -0.061     ; 2.625      ;
; 7.309 ; packer_ppa_boundary:u_boundary|meta_sync2 ; packer_ppa_boundary:u_boundary|frac_q[51]     ; clk          ; clk         ; 10.000       ; -0.061     ; 2.625      ;
; 7.309 ; packer_ppa_boundary:u_boundary|meta_sync2 ; packer_ppa_boundary:u_boundary|frac_q[53]     ; clk          ; clk         ; 10.000       ; -0.061     ; 2.625      ;
; 7.309 ; packer_ppa_boundary:u_boundary|meta_sync2 ; packer_ppa_boundary:u_boundary|frac_q[54]     ; clk          ; clk         ; 10.000       ; -0.066     ; 2.620      ;
; 7.309 ; packer_ppa_boundary:u_boundary|meta_sync2 ; packer_ppa_boundary:u_boundary|sf_q[0]        ; clk          ; clk         ; 10.000       ; -0.066     ; 2.620      ;
; 7.309 ; packer_ppa_boundary:u_boundary|meta_sync2 ; posit_pack:u_packer|g_rne.p1_guard_bit_q      ; clk          ; clk         ; 10.000       ; -0.067     ; 2.619      ;
; 7.309 ; packer_ppa_boundary:u_boundary|meta_sync2 ; posit_pack:u_packer|g_rne.p1_round_bit_q      ; clk          ; clk         ; 10.000       ; -0.067     ; 2.619      ;
; 7.309 ; packer_ppa_boundary:u_boundary|meta_sync2 ; posit_pack:u_packer|g_rne.p1_mag_trunc_q[0]   ; clk          ; clk         ; 10.000       ; -0.067     ; 2.619      ;
; 7.309 ; packer_ppa_boundary:u_boundary|meta_sync2 ; packer_ppa_boundary:u_boundary|frac_q[14]     ; clk          ; clk         ; 10.000       ; -0.066     ; 2.620      ;
; 7.309 ; packer_ppa_boundary:u_boundary|meta_sync2 ; packer_ppa_boundary:u_boundary|frac_q[12]     ; clk          ; clk         ; 10.000       ; -0.066     ; 2.620      ;
; 7.309 ; packer_ppa_boundary:u_boundary|meta_sync2 ; packer_ppa_boundary:u_boundary|frac_q[13]     ; clk          ; clk         ; 10.000       ; -0.066     ; 2.620      ;
; 7.309 ; packer_ppa_boundary:u_boundary|meta_sync2 ; packer_ppa_boundary:u_boundary|frac_q[11]     ; clk          ; clk         ; 10.000       ; -0.066     ; 2.620      ;
; 7.309 ; packer_ppa_boundary:u_boundary|meta_sync2 ; packer_ppa_boundary:u_boundary|frac_q[24]     ; clk          ; clk         ; 10.000       ; -0.061     ; 2.625      ;
; 7.309 ; packer_ppa_boundary:u_boundary|meta_sync2 ; packer_ppa_boundary:u_boundary|frac_q[10]     ; clk          ; clk         ; 10.000       ; -0.066     ; 2.620      ;
; 7.309 ; packer_ppa_boundary:u_boundary|meta_sync2 ; packer_ppa_boundary:u_boundary|frac_q[9]      ; clk          ; clk         ; 10.000       ; -0.069     ; 2.617      ;
+-------+-------------------------------------------+-----------------------------------------------+--------------+-------------+--------------+------------+------------+


+-------------------------------------------------------------------------------------------------------------------------------------------------------------------------+
; Slow 1200mV 0C Model Removal: 'clk'                                                                                                                                     ;
+-------+-------------------------------------------+-----------------------------------------------+--------------+-------------+--------------+------------+------------+
; Slack ; From Node                                 ; To Node                                       ; Launch Clock ; Latch Clock ; Relationship ; Clock Skew ; Data Delay ;
+-------+-------------------------------------------+-----------------------------------------------+--------------+-------------+--------------+------------+------------+
; 1.951 ; packer_ppa_boundary:u_boundary|meta_sync2 ; posit_pack:u_packer|g_rne.d_q[4]              ; clk          ; clk         ; 0.000        ; 0.371      ; 2.466      ;
; 1.951 ; packer_ppa_boundary:u_boundary|meta_sync2 ; posit_pack:u_packer|g_rne.d_q[10]             ; clk          ; clk         ; 0.000        ; 0.371      ; 2.466      ;
; 1.951 ; packer_ppa_boundary:u_boundary|meta_sync2 ; posit_pack:u_packer|g_rne.d_q[11]             ; clk          ; clk         ; 0.000        ; 0.372      ; 2.467      ;
; 1.951 ; packer_ppa_boundary:u_boundary|meta_sync2 ; posit_pack:u_packer|g_rne.d_q[12]             ; clk          ; clk         ; 0.000        ; 0.371      ; 2.466      ;
; 1.951 ; packer_ppa_boundary:u_boundary|meta_sync2 ; posit_pack:u_packer|g_rne.d_q[13]             ; clk          ; clk         ; 0.000        ; 0.371      ; 2.466      ;
; 1.951 ; packer_ppa_boundary:u_boundary|meta_sync2 ; posit_pack:u_packer|g_rne.d_q[19]             ; clk          ; clk         ; 0.000        ; 0.371      ; 2.466      ;
; 1.951 ; packer_ppa_boundary:u_boundary|meta_sync2 ; posit_pack:u_packer|g_rne.d_q[20]             ; clk          ; clk         ; 0.000        ; 0.369      ; 2.464      ;
; 1.951 ; packer_ppa_boundary:u_boundary|meta_sync2 ; posit_pack:u_packer|g_rne.d_q[22]             ; clk          ; clk         ; 0.000        ; 0.369      ; 2.464      ;
; 1.951 ; packer_ppa_boundary:u_boundary|meta_sync2 ; posit_pack:u_packer|g_rne.d_q[24]             ; clk          ; clk         ; 0.000        ; 0.369      ; 2.464      ;
; 1.951 ; packer_ppa_boundary:u_boundary|meta_sync2 ; posit_pack:u_packer|g_rne.d_q[26]             ; clk          ; clk         ; 0.000        ; 0.369      ; 2.464      ;
; 1.951 ; packer_ppa_boundary:u_boundary|meta_sync2 ; posit_pack:u_packer|g_rne.flags_q[3]          ; clk          ; clk         ; 0.000        ; 0.369      ; 2.464      ;
; 1.952 ; packer_ppa_boundary:u_boundary|meta_sync2 ; posit_pack:u_packer|g_rne.d_q[21]             ; clk          ; clk         ; 0.000        ; 0.365      ; 2.461      ;
; 1.952 ; packer_ppa_boundary:u_boundary|meta_sync2 ; posit_pack:u_packer|g_rne.d_q[23]             ; clk          ; clk         ; 0.000        ; 0.365      ; 2.461      ;
; 1.952 ; packer_ppa_boundary:u_boundary|meta_sync2 ; posit_pack:u_packer|g_rne.d_q[25]             ; clk          ; clk         ; 0.000        ; 0.365      ; 2.461      ;
; 1.952 ; packer_ppa_boundary:u_boundary|meta_sync2 ; posit_pack:u_packer|g_rne.d_q[27]             ; clk          ; clk         ; 0.000        ; 0.365      ; 2.461      ;
; 1.952 ; packer_ppa_boundary:u_boundary|meta_sync2 ; posit_pack:u_packer|g_rne.d_q[28]             ; clk          ; clk         ; 0.000        ; 0.365      ; 2.461      ;
; 1.952 ; packer_ppa_boundary:u_boundary|meta_sync2 ; packer_ppa_boundary:u_boundary|flags_in_q[1]  ; clk          ; clk         ; 0.000        ; 0.368      ; 2.464      ;
; 1.978 ; packer_ppa_boundary:u_boundary|meta_sync2 ; posit_pack:u_packer|g_rne.d_q[0]              ; clk          ; clk         ; 0.000        ; 0.348      ; 2.470      ;
; 1.978 ; packer_ppa_boundary:u_boundary|meta_sync2 ; posit_pack:u_packer|g_rne.d_q[2]              ; clk          ; clk         ; 0.000        ; 0.342      ; 2.464      ;
; 1.978 ; packer_ppa_boundary:u_boundary|meta_sync2 ; posit_pack:u_packer|g_rne.d_q[6]              ; clk          ; clk         ; 0.000        ; 0.348      ; 2.470      ;
; 1.978 ; packer_ppa_boundary:u_boundary|meta_sync2 ; posit_pack:u_packer|g_rne.d_q[8]              ; clk          ; clk         ; 0.000        ; 0.348      ; 2.470      ;
; 1.978 ; packer_ppa_boundary:u_boundary|meta_sync2 ; posit_pack:u_packer|g_rne.d_q[9]              ; clk          ; clk         ; 0.000        ; 0.348      ; 2.470      ;
; 1.978 ; packer_ppa_boundary:u_boundary|meta_sync2 ; posit_pack:u_packer|g_rne.d_q[14]             ; clk          ; clk         ; 0.000        ; 0.342      ; 2.464      ;
; 1.978 ; packer_ppa_boundary:u_boundary|meta_sync2 ; posit_pack:u_packer|g_rne.d_q[16]             ; clk          ; clk         ; 0.000        ; 0.342      ; 2.464      ;
; 1.978 ; packer_ppa_boundary:u_boundary|meta_sync2 ; posit_pack:u_packer|g_rne.d_q[18]             ; clk          ; clk         ; 0.000        ; 0.348      ; 2.470      ;
; 1.978 ; packer_ppa_boundary:u_boundary|meta_sync2 ; posit_pack:u_packer|g_rne.d_q[29]             ; clk          ; clk         ; 0.000        ; 0.342      ; 2.464      ;
; 1.978 ; packer_ppa_boundary:u_boundary|meta_sync2 ; posit_pack:u_packer|g_rne.d_q[30]             ; clk          ; clk         ; 0.000        ; 0.342      ; 2.464      ;
; 1.978 ; packer_ppa_boundary:u_boundary|meta_sync2 ; posit_pack:u_packer|g_rne.d_q[31]             ; clk          ; clk         ; 0.000        ; 0.343      ; 2.465      ;
; 1.978 ; packer_ppa_boundary:u_boundary|meta_sync2 ; posit_pack:u_packer|g_rne.flags_q[0]          ; clk          ; clk         ; 0.000        ; 0.343      ; 2.465      ;
; 1.978 ; packer_ppa_boundary:u_boundary|meta_sync2 ; posit_pack:u_packer|g_rne.flags_q[1]          ; clk          ; clk         ; 0.000        ; 0.343      ; 2.465      ;
; 1.978 ; packer_ppa_boundary:u_boundary|meta_sync2 ; posit_pack:u_packer|g_rne.flags_q[2]          ; clk          ; clk         ; 0.000        ; 0.343      ; 2.465      ;
; 2.276 ; packer_ppa_boundary:u_boundary|meta_sync2 ; packer_ppa_boundary:u_boundary|flags_in_q[4]  ; clk          ; clk         ; 0.000        ; 0.040      ; 2.460      ;
; 2.276 ; packer_ppa_boundary:u_boundary|meta_sync2 ; packer_ppa_boundary:u_boundary|is_nar_q       ; clk          ; clk         ; 0.000        ; 0.040      ; 2.460      ;
; 2.276 ; packer_ppa_boundary:u_boundary|meta_sync2 ; packer_ppa_boundary:u_boundary|frac_q[1]      ; clk          ; clk         ; 0.000        ; 0.043      ; 2.463      ;
; 2.276 ; packer_ppa_boundary:u_boundary|meta_sync2 ; packer_ppa_boundary:u_boundary|frac_q[2]      ; clk          ; clk         ; 0.000        ; 0.043      ; 2.463      ;
; 2.276 ; packer_ppa_boundary:u_boundary|meta_sync2 ; packer_ppa_boundary:u_boundary|frac_q[3]      ; clk          ; clk         ; 0.000        ; 0.043      ; 2.463      ;
; 2.276 ; packer_ppa_boundary:u_boundary|meta_sync2 ; packer_ppa_boundary:u_boundary|sticky_q       ; clk          ; clk         ; 0.000        ; 0.043      ; 2.463      ;
; 2.276 ; packer_ppa_boundary:u_boundary|meta_sync2 ; posit_pack:u_packer|g_rne.p1_mag_trunc_q[30]  ; clk          ; clk         ; 0.000        ; 0.040      ; 2.460      ;
; 2.276 ; packer_ppa_boundary:u_boundary|meta_sync2 ; posit_pack:u_packer|g_rne.p1_special_sel_q[1] ; clk          ; clk         ; 0.000        ; 0.040      ; 2.460      ;
; 2.276 ; packer_ppa_boundary:u_boundary|meta_sync2 ; posit_pack:u_packer|g_rne.p1_special_sel_q[2] ; clk          ; clk         ; 0.000        ; 0.040      ; 2.460      ;
; 2.276 ; packer_ppa_boundary:u_boundary|meta_sync2 ; posit_pack:u_packer|g_rne.p1_special_sel_q[0] ; clk          ; clk         ; 0.000        ; 0.040      ; 2.460      ;
; 2.276 ; packer_ppa_boundary:u_boundary|meta_sync2 ; packer_ppa_boundary:u_boundary|d[2]           ; clk          ; clk         ; 0.000        ; 0.039      ; 2.459      ;
; 2.276 ; packer_ppa_boundary:u_boundary|meta_sync2 ; posit_pack:u_packer|g_rne.d_q[3]              ; clk          ; clk         ; 0.000        ; 0.040      ; 2.460      ;
; 2.276 ; packer_ppa_boundary:u_boundary|meta_sync2 ; packer_ppa_boundary:u_boundary|d[3]           ; clk          ; clk         ; 0.000        ; 0.040      ; 2.460      ;
; 2.276 ; packer_ppa_boundary:u_boundary|meta_sync2 ; posit_pack:u_packer|g_rne.d_q[5]              ; clk          ; clk         ; 0.000        ; 0.040      ; 2.460      ;
; 2.276 ; packer_ppa_boundary:u_boundary|meta_sync2 ; packer_ppa_boundary:u_boundary|d[5]           ; clk          ; clk         ; 0.000        ; 0.040      ; 2.460      ;
; 2.276 ; packer_ppa_boundary:u_boundary|meta_sync2 ; packer_ppa_boundary:u_boundary|d[7]           ; clk          ; clk         ; 0.000        ; 0.039      ; 2.459      ;
; 2.276 ; packer_ppa_boundary:u_boundary|meta_sync2 ; posit_pack:u_packer|g_rne.d_q[15]             ; clk          ; clk         ; 0.000        ; 0.040      ; 2.460      ;
; 2.276 ; packer_ppa_boundary:u_boundary|meta_sync2 ; packer_ppa_boundary:u_boundary|d[15]          ; clk          ; clk         ; 0.000        ; 0.040      ; 2.460      ;
; 2.276 ; packer_ppa_boundary:u_boundary|meta_sync2 ; packer_ppa_boundary:u_boundary|d[16]          ; clk          ; clk         ; 0.000        ; 0.039      ; 2.459      ;
; 2.276 ; packer_ppa_boundary:u_boundary|meta_sync2 ; posit_pack:u_packer|g_rne.d_q[17]             ; clk          ; clk         ; 0.000        ; 0.040      ; 2.460      ;
; 2.276 ; packer_ppa_boundary:u_boundary|meta_sync2 ; packer_ppa_boundary:u_boundary|d[17]          ; clk          ; clk         ; 0.000        ; 0.040      ; 2.460      ;
; 2.276 ; packer_ppa_boundary:u_boundary|meta_sync2 ; packer_ppa_boundary:u_boundary|flags_in_q[0]  ; clk          ; clk         ; 0.000        ; 0.040      ; 2.460      ;
; 2.276 ; packer_ppa_boundary:u_boundary|meta_sync2 ; posit_pack:u_packer|g_rne.p1_flags_q[0]       ; clk          ; clk         ; 0.000        ; 0.040      ; 2.460      ;
; 2.276 ; packer_ppa_boundary:u_boundary|meta_sync2 ; packer_ppa_boundary:u_boundary|flags_in_q[2]  ; clk          ; clk         ; 0.000        ; 0.040      ; 2.460      ;
; 2.276 ; packer_ppa_boundary:u_boundary|meta_sync2 ; posit_pack:u_packer|g_rne.p1_flags_q[2]       ; clk          ; clk         ; 0.000        ; 0.040      ; 2.460      ;
; 2.276 ; packer_ppa_boundary:u_boundary|meta_sync2 ; packer_ppa_boundary:u_boundary|flags_in_q[3]  ; clk          ; clk         ; 0.000        ; 0.040      ; 2.460      ;
; 2.276 ; packer_ppa_boundary:u_boundary|meta_sync2 ; posit_pack:u_packer|g_rne.p1_flags_q[3]       ; clk          ; clk         ; 0.000        ; 0.040      ; 2.460      ;
; 2.276 ; packer_ppa_boundary:u_boundary|meta_sync2 ; posit_pack:u_packer|g_rne.p1_flags_q[4]       ; clk          ; clk         ; 0.000        ; 0.040      ; 2.460      ;
; 2.276 ; packer_ppa_boundary:u_boundary|meta_sync2 ; posit_pack:u_packer|g_rne.flags_q[4]          ; clk          ; clk         ; 0.000        ; 0.040      ; 2.460      ;
; 2.276 ; packer_ppa_boundary:u_boundary|meta_sync2 ; packer_ppa_boundary:u_boundary|flags[4]       ; clk          ; clk         ; 0.000        ; 0.040      ; 2.460      ;
; 2.277 ; packer_ppa_boundary:u_boundary|meta_sync2 ; packer_ppa_boundary:u_boundary|sf_q[6]        ; clk          ; clk         ; 0.000        ; 0.046      ; 2.467      ;
; 2.277 ; packer_ppa_boundary:u_boundary|meta_sync2 ; packer_ppa_boundary:u_boundary|sf_q[9]        ; clk          ; clk         ; 0.000        ; 0.049      ; 2.470      ;
; 2.277 ; packer_ppa_boundary:u_boundary|meta_sync2 ; packer_ppa_boundary:u_boundary|sf_q[4]        ; clk          ; clk         ; 0.000        ; 0.048      ; 2.469      ;
; 2.277 ; packer_ppa_boundary:u_boundary|meta_sync2 ; packer_ppa_boundary:u_boundary|sf_q[5]        ; clk          ; clk         ; 0.000        ; 0.043      ; 2.464      ;
; 2.277 ; packer_ppa_boundary:u_boundary|meta_sync2 ; packer_ppa_boundary:u_boundary|sf_q[3]        ; clk          ; clk         ; 0.000        ; 0.046      ; 2.467      ;
; 2.277 ; packer_ppa_boundary:u_boundary|meta_sync2 ; packer_ppa_boundary:u_boundary|frac_q[43]     ; clk          ; clk         ; 0.000        ; 0.050      ; 2.471      ;
; 2.277 ; packer_ppa_boundary:u_boundary|meta_sync2 ; packer_ppa_boundary:u_boundary|sf_q[2]        ; clk          ; clk         ; 0.000        ; 0.049      ; 2.470      ;
; 2.277 ; packer_ppa_boundary:u_boundary|meta_sync2 ; packer_ppa_boundary:u_boundary|frac_q[44]     ; clk          ; clk         ; 0.000        ; 0.050      ; 2.471      ;
; 2.277 ; packer_ppa_boundary:u_boundary|meta_sync2 ; packer_ppa_boundary:u_boundary|frac_q[46]     ; clk          ; clk         ; 0.000        ; 0.050      ; 2.471      ;
; 2.277 ; packer_ppa_boundary:u_boundary|meta_sync2 ; packer_ppa_boundary:u_boundary|frac_q[45]     ; clk          ; clk         ; 0.000        ; 0.050      ; 2.471      ;
; 2.277 ; packer_ppa_boundary:u_boundary|meta_sync2 ; packer_ppa_boundary:u_boundary|frac_q[50]     ; clk          ; clk         ; 0.000        ; 0.049      ; 2.470      ;
; 2.277 ; packer_ppa_boundary:u_boundary|meta_sync2 ; packer_ppa_boundary:u_boundary|frac_q[49]     ; clk          ; clk         ; 0.000        ; 0.049      ; 2.470      ;
; 2.277 ; packer_ppa_boundary:u_boundary|meta_sync2 ; packer_ppa_boundary:u_boundary|frac_q[47]     ; clk          ; clk         ; 0.000        ; 0.049      ; 2.470      ;
; 2.277 ; packer_ppa_boundary:u_boundary|meta_sync2 ; packer_ppa_boundary:u_boundary|frac_q[48]     ; clk          ; clk         ; 0.000        ; 0.049      ; 2.470      ;
; 2.277 ; packer_ppa_boundary:u_boundary|meta_sync2 ; packer_ppa_boundary:u_boundary|frac_q[52]     ; clk          ; clk         ; 0.000        ; 0.049      ; 2.470      ;
; 2.277 ; packer_ppa_boundary:u_boundary|meta_sync2 ; packer_ppa_boundary:u_boundary|frac_q[51]     ; clk          ; clk         ; 0.000        ; 0.049      ; 2.470      ;
; 2.277 ; packer_ppa_boundary:u_boundary|meta_sync2 ; packer_ppa_boundary:u_boundary|frac_q[53]     ; clk          ; clk         ; 0.000        ; 0.049      ; 2.470      ;
; 2.277 ; packer_ppa_boundary:u_boundary|meta_sync2 ; packer_ppa_boundary:u_boundary|sf_q[1]        ; clk          ; clk         ; 0.000        ; 0.046      ; 2.467      ;
; 2.277 ; packer_ppa_boundary:u_boundary|meta_sync2 ; packer_ppa_boundary:u_boundary|frac_q[31]     ; clk          ; clk         ; 0.000        ; 0.049      ; 2.470      ;
; 2.277 ; packer_ppa_boundary:u_boundary|meta_sync2 ; packer_ppa_boundary:u_boundary|frac_q[32]     ; clk          ; clk         ; 0.000        ; 0.049      ; 2.470      ;
; 2.277 ; packer_ppa_boundary:u_boundary|meta_sync2 ; packer_ppa_boundary:u_boundary|frac_q[33]     ; clk          ; clk         ; 0.000        ; 0.049      ; 2.470      ;
; 2.277 ; packer_ppa_boundary:u_boundary|meta_sync2 ; packer_ppa_boundary:u_boundary|frac_q[34]     ; clk          ; clk         ; 0.000        ; 0.049      ; 2.470      ;
; 2.277 ; packer_ppa_boundary:u_boundary|meta_sync2 ; packer_ppa_boundary:u_boundary|frac_q[30]     ; clk          ; clk         ; 0.000        ; 0.049      ; 2.470      ;
; 2.277 ; packer_ppa_boundary:u_boundary|meta_sync2 ; packer_ppa_boundary:u_boundary|frac_q[29]     ; clk          ; clk         ; 0.000        ; 0.049      ; 2.470      ;
; 2.277 ; packer_ppa_boundary:u_boundary|meta_sync2 ; packer_ppa_boundary:u_boundary|frac_q[27]     ; clk          ; clk         ; 0.000        ; 0.049      ; 2.470      ;
; 2.277 ; packer_ppa_boundary:u_boundary|meta_sync2 ; packer_ppa_boundary:u_boundary|frac_q[28]     ; clk          ; clk         ; 0.000        ; 0.049      ; 2.470      ;
; 2.277 ; packer_ppa_boundary:u_boundary|meta_sync2 ; packer_ppa_boundary:u_boundary|frac_q[38]     ; clk          ; clk         ; 0.000        ; 0.050      ; 2.471      ;
; 2.277 ; packer_ppa_boundary:u_boundary|meta_sync2 ; packer_ppa_boundary:u_boundary|frac_q[37]     ; clk          ; clk         ; 0.000        ; 0.050      ; 2.471      ;
; 2.277 ; packer_ppa_boundary:u_boundary|meta_sync2 ; packer_ppa_boundary:u_boundary|frac_q[35]     ; clk          ; clk         ; 0.000        ; 0.049      ; 2.470      ;
; 2.277 ; packer_ppa_boundary:u_boundary|meta_sync2 ; packer_ppa_boundary:u_boundary|frac_q[36]     ; clk          ; clk         ; 0.000        ; 0.050      ; 2.471      ;
; 2.277 ; packer_ppa_boundary:u_boundary|meta_sync2 ; packer_ppa_boundary:u_boundary|frac_q[41]     ; clk          ; clk         ; 0.000        ; 0.050      ; 2.471      ;
; 2.277 ; packer_ppa_boundary:u_boundary|meta_sync2 ; packer_ppa_boundary:u_boundary|frac_q[42]     ; clk          ; clk         ; 0.000        ; 0.050      ; 2.471      ;
; 2.277 ; packer_ppa_boundary:u_boundary|meta_sync2 ; packer_ppa_boundary:u_boundary|frac_q[40]     ; clk          ; clk         ; 0.000        ; 0.050      ; 2.471      ;
; 2.277 ; packer_ppa_boundary:u_boundary|meta_sync2 ; packer_ppa_boundary:u_boundary|frac_q[39]     ; clk          ; clk         ; 0.000        ; 0.050      ; 2.471      ;
; 2.277 ; packer_ppa_boundary:u_boundary|meta_sync2 ; packer_ppa_boundary:u_boundary|frac_q[26]     ; clk          ; clk         ; 0.000        ; 0.049      ; 2.470      ;
; 2.277 ; packer_ppa_boundary:u_boundary|meta_sync2 ; packer_ppa_boundary:u_boundary|frac_q[20]     ; clk          ; clk         ; 0.000        ; 0.046      ; 2.467      ;
; 2.277 ; packer_ppa_boundary:u_boundary|meta_sync2 ; packer_ppa_boundary:u_boundary|frac_q[17]     ; clk          ; clk         ; 0.000        ; 0.046      ; 2.467      ;
; 2.277 ; packer_ppa_boundary:u_boundary|meta_sync2 ; packer_ppa_boundary:u_boundary|frac_q[16]     ; clk          ; clk         ; 0.000        ; 0.046      ; 2.467      ;
; 2.277 ; packer_ppa_boundary:u_boundary|meta_sync2 ; packer_ppa_boundary:u_boundary|frac_q[15]     ; clk          ; clk         ; 0.000        ; 0.046      ; 2.467      ;
+-------+-------------------------------------------+-----------------------------------------------+--------------+-------------+--------------+------------+------------+


+-----------------------------------------------------------------------------------------------------------------------------+
; Slow 1200mV 0C Model Minimum Pulse Width: 'clk'                                                                             ;
+-------+--------------+----------------+-----------------+-------+------------+----------------------------------------------+
; Slack ; Actual Width ; Required Width ; Type            ; Clock ; Clock Edge ; Target                                       ;
+-------+--------------+----------------+-----------------+-------+------------+----------------------------------------------+
; 4.702 ; 4.886        ; 0.184          ; Low Pulse Width ; clk   ; Rise       ; packer_ppa_boundary:u_boundary|d[18]         ;
; 4.702 ; 4.886        ; 0.184          ; Low Pulse Width ; clk   ; Rise       ; packer_ppa_boundary:u_boundary|d[4]          ;
; 4.702 ; 4.886        ; 0.184          ; Low Pulse Width ; clk   ; Rise       ; packer_ppa_boundary:u_boundary|d[6]          ;
; 4.702 ; 4.886        ; 0.184          ; Low Pulse Width ; clk   ; Rise       ; packer_ppa_boundary:u_boundary|d[8]          ;
; 4.702 ; 4.886        ; 0.184          ; Low Pulse Width ; clk   ; Rise       ; packer_ppa_boundary:u_boundary|d[9]          ;
; 4.702 ; 4.886        ; 0.184          ; Low Pulse Width ; clk   ; Rise       ; packer_ppa_boundary:u_boundary|frac_q[10]    ;
; 4.702 ; 4.886        ; 0.184          ; Low Pulse Width ; clk   ; Rise       ; packer_ppa_boundary:u_boundary|frac_q[11]    ;
; 4.702 ; 4.886        ; 0.184          ; Low Pulse Width ; clk   ; Rise       ; packer_ppa_boundary:u_boundary|frac_q[12]    ;
; 4.702 ; 4.886        ; 0.184          ; Low Pulse Width ; clk   ; Rise       ; packer_ppa_boundary:u_boundary|frac_q[13]    ;
; 4.702 ; 4.886        ; 0.184          ; Low Pulse Width ; clk   ; Rise       ; packer_ppa_boundary:u_boundary|frac_q[14]    ;
; 4.702 ; 4.886        ; 0.184          ; Low Pulse Width ; clk   ; Rise       ; packer_ppa_boundary:u_boundary|out_valid     ;
; 4.702 ; 4.886        ; 0.184          ; Low Pulse Width ; clk   ; Rise       ; posit_pack:u_packer|g_rne.p1_valid_q         ;
; 4.702 ; 4.886        ; 0.184          ; Low Pulse Width ; clk   ; Rise       ; posit_pack:u_packer|g_rne.p2_valid_q         ;
; 4.703 ; 4.887        ; 0.184          ; Low Pulse Width ; clk   ; Rise       ; packer_ppa_boundary:u_boundary|d[0]          ;
; 4.703 ; 4.887        ; 0.184          ; Low Pulse Width ; clk   ; Rise       ; packer_ppa_boundary:u_boundary|d[10]         ;
; 4.703 ; 4.887        ; 0.184          ; Low Pulse Width ; clk   ; Rise       ; packer_ppa_boundary:u_boundary|d[11]         ;
; 4.703 ; 4.887        ; 0.184          ; Low Pulse Width ; clk   ; Rise       ; packer_ppa_boundary:u_boundary|d[12]         ;
; 4.703 ; 4.887        ; 0.184          ; Low Pulse Width ; clk   ; Rise       ; packer_ppa_boundary:u_boundary|d[13]         ;
; 4.703 ; 4.887        ; 0.184          ; Low Pulse Width ; clk   ; Rise       ; packer_ppa_boundary:u_boundary|d[14]         ;
; 4.703 ; 4.887        ; 0.184          ; Low Pulse Width ; clk   ; Rise       ; packer_ppa_boundary:u_boundary|d[19]         ;
; 4.703 ; 4.887        ; 0.184          ; Low Pulse Width ; clk   ; Rise       ; packer_ppa_boundary:u_boundary|d[1]          ;
; 4.703 ; 4.887        ; 0.184          ; Low Pulse Width ; clk   ; Rise       ; packer_ppa_boundary:u_boundary|d[20]         ;
; 4.703 ; 4.887        ; 0.184          ; Low Pulse Width ; clk   ; Rise       ; packer_ppa_boundary:u_boundary|d[21]         ;
; 4.703 ; 4.887        ; 0.184          ; Low Pulse Width ; clk   ; Rise       ; packer_ppa_boundary:u_boundary|d[22]         ;
; 4.703 ; 4.887        ; 0.184          ; Low Pulse Width ; clk   ; Rise       ; packer_ppa_boundary:u_boundary|d[23]         ;
; 4.703 ; 4.887        ; 0.184          ; Low Pulse Width ; clk   ; Rise       ; packer_ppa_boundary:u_boundary|d[24]         ;
; 4.703 ; 4.887        ; 0.184          ; Low Pulse Width ; clk   ; Rise       ; packer_ppa_boundary:u_boundary|d[25]         ;
; 4.703 ; 4.887        ; 0.184          ; Low Pulse Width ; clk   ; Rise       ; packer_ppa_boundary:u_boundary|d[26]         ;
; 4.703 ; 4.887        ; 0.184          ; Low Pulse Width ; clk   ; Rise       ; packer_ppa_boundary:u_boundary|d[27]         ;
; 4.703 ; 4.887        ; 0.184          ; Low Pulse Width ; clk   ; Rise       ; packer_ppa_boundary:u_boundary|d[28]         ;
; 4.703 ; 4.887        ; 0.184          ; Low Pulse Width ; clk   ; Rise       ; packer_ppa_boundary:u_boundary|d[29]         ;
; 4.703 ; 4.887        ; 0.184          ; Low Pulse Width ; clk   ; Rise       ; packer_ppa_boundary:u_boundary|d[30]         ;
; 4.703 ; 4.887        ; 0.184          ; Low Pulse Width ; clk   ; Rise       ; packer_ppa_boundary:u_boundary|d[31]         ;
; 4.703 ; 4.887        ; 0.184          ; Low Pulse Width ; clk   ; Rise       ; packer_ppa_boundary:u_boundary|flags[0]      ;
; 4.703 ; 4.887        ; 0.184          ; Low Pulse Width ; clk   ; Rise       ; packer_ppa_boundary:u_boundary|flags[1]      ;
; 4.703 ; 4.887        ; 0.184          ; Low Pulse Width ; clk   ; Rise       ; packer_ppa_boundary:u_boundary|flags[2]      ;
; 4.703 ; 4.887        ; 0.184          ; Low Pulse Width ; clk   ; Rise       ; packer_ppa_boundary:u_boundary|flags[3]      ;
; 4.703 ; 4.887        ; 0.184          ; Low Pulse Width ; clk   ; Rise       ; packer_ppa_boundary:u_boundary|frac_q[18]    ;
; 4.703 ; 4.887        ; 0.184          ; Low Pulse Width ; clk   ; Rise       ; packer_ppa_boundary:u_boundary|frac_q[21]    ;
; 4.703 ; 4.887        ; 0.184          ; Low Pulse Width ; clk   ; Rise       ; packer_ppa_boundary:u_boundary|frac_q[22]    ;
; 4.703 ; 4.887        ; 0.184          ; Low Pulse Width ; clk   ; Rise       ; packer_ppa_boundary:u_boundary|frac_q[23]    ;
; 4.703 ; 4.887        ; 0.184          ; Low Pulse Width ; clk   ; Rise       ; packer_ppa_boundary:u_boundary|frac_q[25]    ;
; 4.703 ; 4.887        ; 0.184          ; Low Pulse Width ; clk   ; Rise       ; packer_ppa_boundary:u_boundary|frac_q[26]    ;
; 4.703 ; 4.887        ; 0.184          ; Low Pulse Width ; clk   ; Rise       ; packer_ppa_boundary:u_boundary|frac_q[27]    ;
; 4.703 ; 4.887        ; 0.184          ; Low Pulse Width ; clk   ; Rise       ; packer_ppa_boundary:u_boundary|frac_q[28]    ;
; 4.703 ; 4.887        ; 0.184          ; Low Pulse Width ; clk   ; Rise       ; packer_ppa_boundary:u_boundary|frac_q[29]    ;
; 4.703 ; 4.887        ; 0.184          ; Low Pulse Width ; clk   ; Rise       ; packer_ppa_boundary:u_boundary|frac_q[30]    ;
; 4.703 ; 4.887        ; 0.184          ; Low Pulse Width ; clk   ; Rise       ; packer_ppa_boundary:u_boundary|frac_q[31]    ;
; 4.703 ; 4.887        ; 0.184          ; Low Pulse Width ; clk   ; Rise       ; packer_ppa_boundary:u_boundary|frac_q[32]    ;
; 4.703 ; 4.887        ; 0.184          ; Low Pulse Width ; clk   ; Rise       ; packer_ppa_boundary:u_boundary|frac_q[33]    ;
; 4.703 ; 4.887        ; 0.184          ; Low Pulse Width ; clk   ; Rise       ; packer_ppa_boundary:u_boundary|frac_q[34]    ;
; 4.703 ; 4.887        ; 0.184          ; Low Pulse Width ; clk   ; Rise       ; packer_ppa_boundary:u_boundary|frac_q[35]    ;
; 4.703 ; 4.887        ; 0.184          ; Low Pulse Width ; clk   ; Rise       ; packer_ppa_boundary:u_boundary|frac_q[36]    ;
; 4.703 ; 4.887        ; 0.184          ; Low Pulse Width ; clk   ; Rise       ; packer_ppa_boundary:u_boundary|frac_q[37]    ;
; 4.703 ; 4.887        ; 0.184          ; Low Pulse Width ; clk   ; Rise       ; packer_ppa_boundary:u_boundary|frac_q[38]    ;
; 4.703 ; 4.887        ; 0.184          ; Low Pulse Width ; clk   ; Rise       ; packer_ppa_boundary:u_boundary|frac_q[39]    ;
; 4.703 ; 4.887        ; 0.184          ; Low Pulse Width ; clk   ; Rise       ; packer_ppa_boundary:u_boundary|frac_q[40]    ;
; 4.703 ; 4.887        ; 0.184          ; Low Pulse Width ; clk   ; Rise       ; packer_ppa_boundary:u_boundary|frac_q[41]    ;
; 4.703 ; 4.887        ; 0.184          ; Low Pulse Width ; clk   ; Rise       ; packer_ppa_boundary:u_boundary|frac_q[42]    ;
; 4.703 ; 4.887        ; 0.184          ; Low Pulse Width ; clk   ; Rise       ; packer_ppa_boundary:u_boundary|frac_q[43]    ;
; 4.703 ; 4.887        ; 0.184          ; Low Pulse Width ; clk   ; Rise       ; packer_ppa_boundary:u_boundary|frac_q[44]    ;
; 4.703 ; 4.887        ; 0.184          ; Low Pulse Width ; clk   ; Rise       ; packer_ppa_boundary:u_boundary|frac_q[45]    ;
; 4.703 ; 4.887        ; 0.184          ; Low Pulse Width ; clk   ; Rise       ; packer_ppa_boundary:u_boundary|frac_q[46]    ;
; 4.703 ; 4.887        ; 0.184          ; Low Pulse Width ; clk   ; Rise       ; packer_ppa_boundary:u_boundary|frac_q[4]     ;
; 4.703 ; 4.887        ; 0.184          ; Low Pulse Width ; clk   ; Rise       ; packer_ppa_boundary:u_boundary|frac_q[54]    ;
; 4.703 ; 4.887        ; 0.184          ; Low Pulse Width ; clk   ; Rise       ; packer_ppa_boundary:u_boundary|frac_q[5]     ;
; 4.703 ; 4.887        ; 0.184          ; Low Pulse Width ; clk   ; Rise       ; packer_ppa_boundary:u_boundary|frac_q[6]     ;
; 4.703 ; 4.887        ; 0.184          ; Low Pulse Width ; clk   ; Rise       ; packer_ppa_boundary:u_boundary|frac_q[7]     ;
; 4.703 ; 4.887        ; 0.184          ; Low Pulse Width ; clk   ; Rise       ; packer_ppa_boundary:u_boundary|frac_q[8]     ;
; 4.703 ; 4.887        ; 0.184          ; Low Pulse Width ; clk   ; Rise       ; packer_ppa_boundary:u_boundary|frac_q[9]     ;
; 4.703 ; 4.887        ; 0.184          ; Low Pulse Width ; clk   ; Rise       ; packer_ppa_boundary:u_boundary|is_zero_q     ;
; 4.703 ; 4.887        ; 0.184          ; Low Pulse Width ; clk   ; Rise       ; packer_ppa_boundary:u_boundary|sf_q[0]       ;
; 4.703 ; 4.887        ; 0.184          ; Low Pulse Width ; clk   ; Rise       ; packer_ppa_boundary:u_boundary|sf_q[2]       ;
; 4.703 ; 4.887        ; 0.184          ; Low Pulse Width ; clk   ; Rise       ; packer_ppa_boundary:u_boundary|sf_q[3]       ;
; 4.703 ; 4.887        ; 0.184          ; Low Pulse Width ; clk   ; Rise       ; packer_ppa_boundary:u_boundary|sf_q[4]       ;
; 4.703 ; 4.887        ; 0.184          ; Low Pulse Width ; clk   ; Rise       ; packer_ppa_boundary:u_boundary|sf_q[5]       ;
; 4.703 ; 4.887        ; 0.184          ; Low Pulse Width ; clk   ; Rise       ; packer_ppa_boundary:u_boundary|sf_q[6]       ;
; 4.703 ; 4.887        ; 0.184          ; Low Pulse Width ; clk   ; Rise       ; packer_ppa_boundary:u_boundary|sf_q[7]       ;
; 4.703 ; 4.887        ; 0.184          ; Low Pulse Width ; clk   ; Rise       ; packer_ppa_boundary:u_boundary|sf_q[8]       ;
; 4.703 ; 4.887        ; 0.184          ; Low Pulse Width ; clk   ; Rise       ; packer_ppa_boundary:u_boundary|sf_q[9]       ;
; 4.703 ; 4.887        ; 0.184          ; Low Pulse Width ; clk   ; Rise       ; packer_ppa_boundary:u_boundary|sign_q        ;
; 4.703 ; 4.887        ; 0.184          ; Low Pulse Width ; clk   ; Rise       ; posit_pack:u_packer|g_rne.d_q[1]             ;
; 4.703 ; 4.887        ; 0.184          ; Low Pulse Width ; clk   ; Rise       ; posit_pack:u_packer|g_rne.p1_flags_q[1]      ;
; 4.703 ; 4.887        ; 0.184          ; Low Pulse Width ; clk   ; Rise       ; posit_pack:u_packer|g_rne.p1_guard_bit_q     ;
; 4.703 ; 4.887        ; 0.184          ; Low Pulse Width ; clk   ; Rise       ; posit_pack:u_packer|g_rne.p1_mag_trunc_q[0]  ;
; 4.703 ; 4.887        ; 0.184          ; Low Pulse Width ; clk   ; Rise       ; posit_pack:u_packer|g_rne.p1_mag_trunc_q[10] ;
; 4.703 ; 4.887        ; 0.184          ; Low Pulse Width ; clk   ; Rise       ; posit_pack:u_packer|g_rne.p1_mag_trunc_q[11] ;
; 4.703 ; 4.887        ; 0.184          ; Low Pulse Width ; clk   ; Rise       ; posit_pack:u_packer|g_rne.p1_mag_trunc_q[12] ;
; 4.703 ; 4.887        ; 0.184          ; Low Pulse Width ; clk   ; Rise       ; posit_pack:u_packer|g_rne.p1_mag_trunc_q[13] ;
; 4.703 ; 4.887        ; 0.184          ; Low Pulse Width ; clk   ; Rise       ; posit_pack:u_packer|g_rne.p1_mag_trunc_q[14] ;
; 4.703 ; 4.887        ; 0.184          ; Low Pulse Width ; clk   ; Rise       ; posit_pack:u_packer|g_rne.p1_mag_trunc_q[15] ;
; 4.703 ; 4.887        ; 0.184          ; Low Pulse Width ; clk   ; Rise       ; posit_pack:u_packer|g_rne.p1_mag_trunc_q[16] ;
; 4.703 ; 4.887        ; 0.184          ; Low Pulse Width ; clk   ; Rise       ; posit_pack:u_packer|g_rne.p1_mag_trunc_q[17] ;
; 4.703 ; 4.887        ; 0.184          ; Low Pulse Width ; clk   ; Rise       ; posit_pack:u_packer|g_rne.p1_mag_trunc_q[18] ;
; 4.703 ; 4.887        ; 0.184          ; Low Pulse Width ; clk   ; Rise       ; posit_pack:u_packer|g_rne.p1_mag_trunc_q[19] ;
; 4.703 ; 4.887        ; 0.184          ; Low Pulse Width ; clk   ; Rise       ; posit_pack:u_packer|g_rne.p1_mag_trunc_q[1]  ;
; 4.703 ; 4.887        ; 0.184          ; Low Pulse Width ; clk   ; Rise       ; posit_pack:u_packer|g_rne.p1_mag_trunc_q[20] ;
; 4.703 ; 4.887        ; 0.184          ; Low Pulse Width ; clk   ; Rise       ; posit_pack:u_packer|g_rne.p1_mag_trunc_q[21] ;
; 4.703 ; 4.887        ; 0.184          ; Low Pulse Width ; clk   ; Rise       ; posit_pack:u_packer|g_rne.p1_mag_trunc_q[22] ;
; 4.703 ; 4.887        ; 0.184          ; Low Pulse Width ; clk   ; Rise       ; posit_pack:u_packer|g_rne.p1_mag_trunc_q[23] ;
+-------+--------------+----------------+-----------------+-------+------------+----------------------------------------------+


+----------------------------------------------------------------------------+
; Setup Times                                                                ;
+--------------+------------+--------+--------+------------+-----------------+
; Data Port    ; Clock Port ; Rise   ; Fall   ; Clock Edge ; Clock Reference ;
+--------------+------------+--------+--------+------------+-----------------+
; flags_in[*]  ; clk        ; 1.806  ; 2.195  ; Rise       ; clk             ;
;  flags_in[0] ; clk        ; 1.801  ; 2.193  ; Rise       ; clk             ;
;  flags_in[1] ; clk        ; 1.441  ; 1.840  ; Rise       ; clk             ;
;  flags_in[2] ; clk        ; 1.783  ; 2.176  ; Rise       ; clk             ;
;  flags_in[3] ; clk        ; 1.626  ; 1.945  ; Rise       ; clk             ;
;  flags_in[4] ; clk        ; 1.806  ; 2.195  ; Rise       ; clk             ;
; frac[*]      ; clk        ; 2.324  ; 2.733  ; Rise       ; clk             ;
;  frac[0]     ; clk        ; 1.711  ; 2.038  ; Rise       ; clk             ;
;  frac[1]     ; clk        ; 1.869  ; 2.225  ; Rise       ; clk             ;
;  frac[2]     ; clk        ; 1.534  ; 1.876  ; Rise       ; clk             ;
;  frac[3]     ; clk        ; 1.796  ; 2.140  ; Rise       ; clk             ;
;  frac[4]     ; clk        ; -0.011 ; 0.140  ; Rise       ; clk             ;
;  frac[5]     ; clk        ; 2.191  ; 2.627  ; Rise       ; clk             ;
;  frac[6]     ; clk        ; 1.544  ; 1.888  ; Rise       ; clk             ;
;  frac[7]     ; clk        ; 1.676  ; 2.044  ; Rise       ; clk             ;
;  frac[8]     ; clk        ; 2.009  ; 2.413  ; Rise       ; clk             ;
;  frac[9]     ; clk        ; 1.830  ; 2.224  ; Rise       ; clk             ;
;  frac[10]    ; clk        ; 1.802  ; 2.141  ; Rise       ; clk             ;
;  frac[11]    ; clk        ; 1.867  ; 2.270  ; Rise       ; clk             ;
;  frac[12]    ; clk        ; 1.513  ; 1.836  ; Rise       ; clk             ;
;  frac[13]    ; clk        ; 1.908  ; 2.294  ; Rise       ; clk             ;
;  frac[14]    ; clk        ; 1.768  ; 2.122  ; Rise       ; clk             ;
;  frac[15]    ; clk        ; 2.099  ; 2.452  ; Rise       ; clk             ;
;  frac[16]    ; clk        ; 2.024  ; 2.432  ; Rise       ; clk             ;
;  frac[17]    ; clk        ; 1.869  ; 2.230  ; Rise       ; clk             ;
;  frac[18]    ; clk        ; 1.855  ; 2.211  ; Rise       ; clk             ;
;  frac[19]    ; clk        ; 1.805  ; 2.205  ; Rise       ; clk             ;
;  frac[20]    ; clk        ; 2.084  ; 2.447  ; Rise       ; clk             ;
;  frac[21]    ; clk        ; 2.059  ; 2.437  ; Rise       ; clk             ;
;  frac[22]    ; clk        ; 2.038  ; 2.423  ; Rise       ; clk             ;
;  frac[23]    ; clk        ; 0.353  ; 0.479  ; Rise       ; clk             ;
;  frac[24]    ; clk        ; 1.807  ; 2.170  ; Rise       ; clk             ;
;  frac[25]    ; clk        ; -0.043 ; 0.115  ; Rise       ; clk             ;
;  frac[26]    ; clk        ; 2.046  ; 2.458  ; Rise       ; clk             ;
;  frac[27]    ; clk        ; 1.871  ; 2.268  ; Rise       ; clk             ;
;  frac[28]    ; clk        ; 2.211  ; 2.615  ; Rise       ; clk             ;
;  frac[29]    ; clk        ; 2.324  ; 2.733  ; Rise       ; clk             ;
;  frac[30]    ; clk        ; 2.139  ; 2.523  ; Rise       ; clk             ;
;  frac[31]    ; clk        ; 1.860  ; 2.222  ; Rise       ; clk             ;
;  frac[32]    ; clk        ; 1.958  ; 2.313  ; Rise       ; clk             ;
;  frac[33]    ; clk        ; 1.811  ; 2.158  ; Rise       ; clk             ;
;  frac[34]    ; clk        ; 1.758  ; 2.127  ; Rise       ; clk             ;
;  frac[35]    ; clk        ; -0.180 ; -0.028 ; Rise       ; clk             ;
;  frac[36]    ; clk        ; -0.033 ; 0.069  ; Rise       ; clk             ;
;  frac[37]    ; clk        ; -0.079 ; 0.057  ; Rise       ; clk             ;
;  frac[38]    ; clk        ; 2.004  ; 2.373  ; Rise       ; clk             ;
;  frac[39]    ; clk        ; 2.127  ; 2.503  ; Rise       ; clk             ;
;  frac[40]    ; clk        ; -0.237 ; -0.133 ; Rise       ; clk             ;
;  frac[41]    ; clk        ; 1.996  ; 2.385  ; Rise       ; clk             ;
;  frac[42]    ; clk        ; 2.133  ; 2.505  ; Rise       ; clk             ;
;  frac[43]    ; clk        ; 2.063  ; 2.402  ; Rise       ; clk             ;
;  frac[44]    ; clk        ; 1.714  ; 2.081  ; Rise       ; clk             ;
;  frac[45]    ; clk        ; 2.111  ; 2.497  ; Rise       ; clk             ;
;  frac[46]    ; clk        ; 2.254  ; 2.707  ; Rise       ; clk             ;
;  frac[47]    ; clk        ; 2.074  ; 2.453  ; Rise       ; clk             ;
;  frac[48]    ; clk        ; 2.034  ; 2.501  ; Rise       ; clk             ;
;  frac[49]    ; clk        ; 1.538  ; 1.888  ; Rise       ; clk             ;
;  frac[50]    ; clk        ; 2.023  ; 2.436  ; Rise       ; clk             ;
;  frac[51]    ; clk        ; 1.841  ; 2.190  ; Rise       ; clk             ;
;  frac[52]    ; clk        ; 2.095  ; 2.513  ; Rise       ; clk             ;
;  frac[53]    ; clk        ; 1.839  ; 2.256  ; Rise       ; clk             ;
;  frac[54]    ; clk        ; 1.900  ; 2.276  ; Rise       ; clk             ;
; is_nar       ; clk        ; 1.685  ; 2.018  ; Rise       ; clk             ;
; is_zero      ; clk        ; 1.813  ; 2.156  ; Rise       ; clk             ;
; sf[*]        ; clk        ; 2.097  ; 2.490  ; Rise       ; clk             ;
;  sf[0]       ; clk        ; 1.866  ; 2.284  ; Rise       ; clk             ;
;  sf[1]       ; clk        ; 2.060  ; 2.448  ; Rise       ; clk             ;
;  sf[2]       ; clk        ; 2.005  ; 2.375  ; Rise       ; clk             ;
;  sf[3]       ; clk        ; 1.926  ; 2.266  ; Rise       ; clk             ;
;  sf[4]       ; clk        ; 2.097  ; 2.450  ; Rise       ; clk             ;
;  sf[5]       ; clk        ; 2.084  ; 2.474  ; Rise       ; clk             ;
;  sf[6]       ; clk        ; 1.679  ; 2.012  ; Rise       ; clk             ;
;  sf[7]       ; clk        ; 2.082  ; 2.450  ; Rise       ; clk             ;
;  sf[8]       ; clk        ; 1.621  ; 1.958  ; Rise       ; clk             ;
;  sf[9]       ; clk        ; 2.077  ; 2.490  ; Rise       ; clk             ;
; sign         ; clk        ; 1.707  ; 2.021  ; Rise       ; clk             ;
; sticky       ; clk        ; 1.590  ; 1.931  ; Rise       ; clk             ;
+--------------+------------+--------+--------+------------+-----------------+


+----------------------------------------------------------------------------+
; Hold Times                                                                 ;
+--------------+------------+--------+--------+------------+-----------------+
; Data Port    ; Clock Port ; Rise   ; Fall   ; Clock Edge ; Clock Reference ;
+--------------+------------+--------+--------+------------+-----------------+
; flags_in[*]  ; clk        ; -1.078 ; -1.461 ; Rise       ; clk             ;
;  flags_in[0] ; clk        ; -1.462 ; -1.844 ; Rise       ; clk             ;
;  flags_in[1] ; clk        ; -1.078 ; -1.461 ; Rise       ; clk             ;
;  flags_in[2] ; clk        ; -1.445 ; -1.828 ; Rise       ; clk             ;
;  flags_in[3] ; clk        ; -1.286 ; -1.590 ; Rise       ; clk             ;
;  flags_in[4] ; clk        ; -1.467 ; -1.846 ; Rise       ; clk             ;
; frac[*]      ; clk        ; 0.490  ; 0.385  ; Rise       ; clk             ;
;  frac[0]     ; clk        ; -1.367 ; -1.679 ; Rise       ; clk             ;
;  frac[1]     ; clk        ; -1.530 ; -1.875 ; Rise       ; clk             ;
;  frac[2]     ; clk        ; -1.209 ; -1.540 ; Rise       ; clk             ;
;  frac[3]     ; clk        ; -1.460 ; -1.794 ; Rise       ; clk             ;
;  frac[4]     ; clk        ; 0.273  ; 0.122  ; Rise       ; clk             ;
;  frac[5]     ; clk        ; -1.837 ; -2.260 ; Rise       ; clk             ;
;  frac[6]     ; clk        ; -1.218 ; -1.551 ; Rise       ; clk             ;
;  frac[7]     ; clk        ; -1.342 ; -1.701 ; Rise       ; clk             ;
;  frac[8]     ; clk        ; -1.661 ; -2.054 ; Rise       ; clk             ;
;  frac[9]     ; clk        ; -1.490 ; -1.873 ; Rise       ; clk             ;
;  frac[10]    ; clk        ; -1.467 ; -1.796 ; Rise       ; clk             ;
;  frac[11]    ; clk        ; -1.526 ; -1.918 ; Rise       ; clk             ;
;  frac[12]    ; clk        ; -1.189 ; -1.502 ; Rise       ; clk             ;
;  frac[13]    ; clk        ; -1.568 ; -1.942 ; Rise       ; clk             ;
;  frac[14]    ; clk        ; -1.434 ; -1.777 ; Rise       ; clk             ;
;  frac[15]    ; clk        ; -1.750 ; -2.093 ; Rise       ; clk             ;
;  frac[16]    ; clk        ; -1.676 ; -2.073 ; Rise       ; clk             ;
;  frac[17]    ; clk        ; -1.529 ; -1.880 ; Rise       ; clk             ;
;  frac[18]    ; clk        ; -1.516 ; -1.861 ; Rise       ; clk             ;
;  frac[19]    ; clk        ; -1.466 ; -1.854 ; Rise       ; clk             ;
;  frac[20]    ; clk        ; -1.736 ; -2.088 ; Rise       ; clk             ;
;  frac[21]    ; clk        ; -1.710 ; -2.078 ; Rise       ; clk             ;
;  frac[22]    ; clk        ; -1.690 ; -2.064 ; Rise       ; clk             ;
;  frac[23]    ; clk        ; -0.077 ; -0.203 ; Rise       ; clk             ;
;  frac[24]    ; clk        ; -1.468 ; -1.822 ; Rise       ; clk             ;
;  frac[25]    ; clk        ; 0.303  ; 0.146  ; Rise       ; clk             ;
;  frac[26]    ; clk        ; -1.697 ; -2.097 ; Rise       ; clk             ;
;  frac[27]    ; clk        ; -1.529 ; -1.915 ; Rise       ; clk             ;
;  frac[28]    ; clk        ; -1.858 ; -2.249 ; Rise       ; clk             ;
;  frac[29]    ; clk        ; -1.964 ; -2.362 ; Rise       ; clk             ;
;  frac[30]    ; clk        ; -1.788 ; -2.161 ; Rise       ; clk             ;
;  frac[31]    ; clk        ; -1.521 ; -1.872 ; Rise       ; clk             ;
;  frac[32]    ; clk        ; -1.613 ; -1.958 ; Rise       ; clk             ;
;  frac[33]    ; clk        ; -1.474 ; -1.810 ; Rise       ; clk             ;
;  frac[34]    ; clk        ; -1.420 ; -1.779 ; Rise       ; clk             ;
;  frac[35]    ; clk        ; 0.436  ; 0.284  ; Rise       ; clk             ;
;  frac[36]    ; clk        ; 0.294  ; 0.191  ; Rise       ; clk             ;
;  frac[37]    ; clk        ; 0.339  ; 0.202  ; Rise       ; clk             ;
;  frac[38]    ; clk        ; -1.656 ; -2.016 ; Rise       ; clk             ;
;  frac[39]    ; clk        ; -1.777 ; -2.142 ; Rise       ; clk             ;
;  frac[40]    ; clk        ; 0.490  ; 0.385  ; Rise       ; clk             ;
;  frac[41]    ; clk        ; -1.649 ; -2.027 ; Rise       ; clk             ;
;  frac[42]    ; clk        ; -1.783 ; -2.144 ; Rise       ; clk             ;
;  frac[43]    ; clk        ; -1.716 ; -2.045 ; Rise       ; clk             ;
;  frac[44]    ; clk        ; -1.378 ; -1.735 ; Rise       ; clk             ;
;  frac[45]    ; clk        ; -1.762 ; -2.136 ; Rise       ; clk             ;
;  frac[46]    ; clk        ; -1.896 ; -2.337 ; Rise       ; clk             ;
;  frac[47]    ; clk        ; -1.727 ; -2.094 ; Rise       ; clk             ;
;  frac[48]    ; clk        ; -1.686 ; -2.139 ; Rise       ; clk             ;
;  frac[49]    ; clk        ; -1.212 ; -1.551 ; Rise       ; clk             ;
;  frac[50]    ; clk        ; -1.675 ; -2.077 ; Rise       ; clk             ;
;  frac[51]    ; clk        ; -1.503 ; -1.841 ; Rise       ; clk             ;
;  frac[52]    ; clk        ; -1.744 ; -2.150 ; Rise       ; clk             ;
;  frac[53]    ; clk        ; -1.499 ; -1.904 ; Rise       ; clk             ;
;  frac[54]    ; clk        ; -1.560 ; -1.925 ; Rise       ; clk             ;
; is_nar       ; clk        ; -1.342 ; -1.661 ; Rise       ; clk             ;
; is_zero      ; clk        ; -1.477 ; -1.810 ; Rise       ; clk             ;
; sf[*]        ; clk        ; -1.292 ; -1.620 ; Rise       ; clk             ;
;  sf[0]       ; clk        ; -1.525 ; -1.932 ; Rise       ; clk             ;
;  sf[1]       ; clk        ; -1.711 ; -2.088 ; Rise       ; clk             ;
;  sf[2]       ; clk        ; -1.657 ; -2.018 ; Rise       ; clk             ;
;  sf[3]       ; clk        ; -1.574 ; -1.898 ; Rise       ; clk             ;
;  sf[4]       ; clk        ; -1.749 ; -2.091 ; Rise       ; clk             ;
;  sf[5]       ; clk        ; -1.733 ; -2.113 ; Rise       ; clk             ;
;  sf[6]       ; clk        ; -1.337 ; -1.656 ; Rise       ; clk             ;
;  sf[7]       ; clk        ; -1.735 ; -2.092 ; Rise       ; clk             ;
;  sf[8]       ; clk        ; -1.292 ; -1.620 ; Rise       ; clk             ;
;  sf[9]       ; clk        ; -1.727 ; -2.128 ; Rise       ; clk             ;
; sign         ; clk        ; -1.375 ; -1.681 ; Rise       ; clk             ;
; sticky       ; clk        ; -1.262 ; -1.593 ; Rise       ; clk             ;
+--------------+------------+--------+--------+------------+-----------------+


+-----------------------------------------------------------------------+
; Clock to Output Times                                                 ;
+-----------+------------+-------+-------+------------+-----------------+
; Data Port ; Clock Port ; Rise  ; Fall  ; Clock Edge ; Clock Reference ;
+-----------+------------+-------+-------+------------+-----------------+
; d[*]      ; clk        ; 7.082 ; 7.100 ; Rise       ; clk             ;
;  d[0]     ; clk        ; 6.523 ; 6.477 ; Rise       ; clk             ;
;  d[1]     ; clk        ; 5.835 ; 5.882 ; Rise       ; clk             ;
;  d[2]     ; clk        ; 6.559 ; 6.579 ; Rise       ; clk             ;
;  d[3]     ; clk        ; 7.082 ; 7.100 ; Rise       ; clk             ;
;  d[4]     ; clk        ; 5.893 ; 5.894 ; Rise       ; clk             ;
;  d[5]     ; clk        ; 5.715 ; 5.722 ; Rise       ; clk             ;
;  d[6]     ; clk        ; 5.737 ; 5.751 ; Rise       ; clk             ;
;  d[7]     ; clk        ; 5.498 ; 5.486 ; Rise       ; clk             ;
;  d[8]     ; clk        ; 5.200 ; 5.202 ; Rise       ; clk             ;
;  d[9]     ; clk        ; 6.050 ; 6.000 ; Rise       ; clk             ;
;  d[10]    ; clk        ; 5.644 ; 5.635 ; Rise       ; clk             ;
;  d[11]    ; clk        ; 5.541 ; 5.537 ; Rise       ; clk             ;
;  d[12]    ; clk        ; 6.002 ; 6.019 ; Rise       ; clk             ;
;  d[13]    ; clk        ; 5.464 ; 5.471 ; Rise       ; clk             ;
;  d[14]    ; clk        ; 5.778 ; 5.812 ; Rise       ; clk             ;
;  d[15]    ; clk        ; 5.404 ; 5.394 ; Rise       ; clk             ;
;  d[16]    ; clk        ; 5.238 ; 5.265 ; Rise       ; clk             ;
;  d[17]    ; clk        ; 5.833 ; 5.837 ; Rise       ; clk             ;
;  d[18]    ; clk        ; 6.436 ; 6.392 ; Rise       ; clk             ;
;  d[19]    ; clk        ; 5.602 ; 5.560 ; Rise       ; clk             ;
;  d[20]    ; clk        ; 5.463 ; 5.451 ; Rise       ; clk             ;
;  d[21]    ; clk        ; 5.154 ; 5.171 ; Rise       ; clk             ;
;  d[22]    ; clk        ; 5.992 ; 6.000 ; Rise       ; clk             ;
;  d[23]    ; clk        ; 5.632 ; 5.648 ; Rise       ; clk             ;
;  d[24]    ; clk        ; 5.931 ; 5.926 ; Rise       ; clk             ;
;  d[25]    ; clk        ; 5.408 ; 5.382 ; Rise       ; clk             ;
;  d[26]    ; clk        ; 6.059 ; 6.101 ; Rise       ; clk             ;
;  d[27]    ; clk        ; 5.235 ; 5.262 ; Rise       ; clk             ;
;  d[28]    ; clk        ; 5.672 ; 5.687 ; Rise       ; clk             ;
;  d[29]    ; clk        ; 5.283 ; 5.309 ; Rise       ; clk             ;
;  d[30]    ; clk        ; 5.758 ; 5.750 ; Rise       ; clk             ;
;  d[31]    ; clk        ; 5.777 ; 5.756 ; Rise       ; clk             ;
; flags[*]  ; clk        ; 7.174 ; 7.177 ; Rise       ; clk             ;
;  flags[0] ; clk        ; 5.545 ; 5.565 ; Rise       ; clk             ;
;  flags[1] ; clk        ; 6.298 ; 6.263 ; Rise       ; clk             ;
;  flags[2] ; clk        ; 5.768 ; 5.764 ; Rise       ; clk             ;
;  flags[3] ; clk        ; 6.129 ; 6.068 ; Rise       ; clk             ;
;  flags[4] ; clk        ; 7.174 ; 7.177 ; Rise       ; clk             ;
; out_valid ; clk        ; 5.950 ; 5.962 ; Rise       ; clk             ;
+-----------+------------+-------+-------+------------+-----------------+


+-----------------------------------------------------------------------+
; Minimum Clock to Output Times                                         ;
+-----------+------------+-------+-------+------------+-----------------+
; Data Port ; Clock Port ; Rise  ; Fall  ; Clock Edge ; Clock Reference ;
+-----------+------------+-------+-------+------------+-----------------+
; d[*]      ; clk        ; 4.973 ; 4.989 ; Rise       ; clk             ;
;  d[0]     ; clk        ; 6.289 ; 6.244 ; Rise       ; clk             ;
;  d[1]     ; clk        ; 5.628 ; 5.673 ; Rise       ; clk             ;
;  d[2]     ; clk        ; 6.323 ; 6.341 ; Rise       ; clk             ;
;  d[3]     ; clk        ; 6.825 ; 6.841 ; Rise       ; clk             ;
;  d[4]     ; clk        ; 5.684 ; 5.684 ; Rise       ; clk             ;
;  d[5]     ; clk        ; 5.512 ; 5.519 ; Rise       ; clk             ;
;  d[6]     ; clk        ; 5.533 ; 5.546 ; Rise       ; clk             ;
;  d[7]     ; clk        ; 5.304 ; 5.292 ; Rise       ; clk             ;
;  d[8]     ; clk        ; 5.019 ; 5.020 ; Rise       ; clk             ;
;  d[9]     ; clk        ; 5.834 ; 5.786 ; Rise       ; clk             ;
;  d[10]    ; clk        ; 5.445 ; 5.435 ; Rise       ; clk             ;
;  d[11]    ; clk        ; 5.348 ; 5.343 ; Rise       ; clk             ;
;  d[12]    ; clk        ; 5.789 ; 5.804 ; Rise       ; clk             ;
;  d[13]    ; clk        ; 5.272 ; 5.278 ; Rise       ; clk             ;
;  d[14]    ; clk        ; 5.573 ; 5.605 ; Rise       ; clk             ;
;  d[15]    ; clk        ; 5.213 ; 5.204 ; Rise       ; clk             ;
;  d[16]    ; clk        ; 5.052 ; 5.078 ; Rise       ; clk             ;
;  d[17]    ; clk        ; 5.628 ; 5.631 ; Rise       ; clk             ;
;  d[18]    ; clk        ; 6.204 ; 6.162 ; Rise       ; clk             ;
;  d[19]    ; clk        ; 5.404 ; 5.363 ; Rise       ; clk             ;
;  d[20]    ; clk        ; 5.270 ; 5.259 ; Rise       ; clk             ;
;  d[21]    ; clk        ; 4.973 ; 4.989 ; Rise       ; clk             ;
;  d[22]    ; clk        ; 5.778 ; 5.786 ; Rise       ; clk             ;
;  d[23]    ; clk        ; 5.434 ; 5.448 ; Rise       ; clk             ;
;  d[24]    ; clk        ; 5.720 ; 5.715 ; Rise       ; clk             ;
;  d[25]    ; clk        ; 5.218 ; 5.192 ; Rise       ; clk             ;
;  d[26]    ; clk        ; 5.842 ; 5.883 ; Rise       ; clk             ;
;  d[27]    ; clk        ; 5.053 ; 5.078 ; Rise       ; clk             ;
;  d[28]    ; clk        ; 5.472 ; 5.486 ; Rise       ; clk             ;
;  d[29]    ; clk        ; 5.097 ; 5.122 ; Rise       ; clk             ;
;  d[30]    ; clk        ; 5.554 ; 5.546 ; Rise       ; clk             ;
;  d[31]    ; clk        ; 5.573 ; 5.552 ; Rise       ; clk             ;
; flags[*]  ; clk        ; 5.349 ; 5.368 ; Rise       ; clk             ;
;  flags[0] ; clk        ; 5.349 ; 5.368 ; Rise       ; clk             ;
;  flags[1] ; clk        ; 6.073 ; 6.039 ; Rise       ; clk             ;
;  flags[2] ; clk        ; 5.565 ; 5.560 ; Rise       ; clk             ;
;  flags[3] ; clk        ; 5.912 ; 5.853 ; Rise       ; clk             ;
;  flags[4] ; clk        ; 6.913 ; 6.916 ; Rise       ; clk             ;
; out_valid ; clk        ; 5.738 ; 5.749 ; Rise       ; clk             ;
+-----------+------------+-------+-------+------------+-----------------+


---------------------------------------------
; Slow 1200mV 0C Model Metastability Report ;
---------------------------------------------
No synchronizer chains to report.


+------------------------------------+
; Fast 1200mV 0C Model Setup Summary ;
+-------+-------+--------------------+
; Clock ; Slack ; End Point TNS      ;
+-------+-------+--------------------+
; clk   ; 4.522 ; 0.000              ;
+-------+-------+--------------------+


+-----------------------------------+
; Fast 1200mV 0C Model Hold Summary ;
+-------+-------+-------------------+
; Clock ; Slack ; End Point TNS     ;
+-------+-------+-------------------+
; clk   ; 0.193 ; 0.000             ;
+-------+-------+-------------------+


+---------------------------------------+
; Fast 1200mV 0C Model Recovery Summary ;
+-------+-------+-----------------------+
; Clock ; Slack ; End Point TNS         ;
+-------+-------+-----------------------+
; clk   ; 8.215 ; 0.000                 ;
+-------+-------+-----------------------+


+--------------------------------------+
; Fast 1200mV 0C Model Removal Summary ;
+-------+-------+----------------------+
; Clock ; Slack ; End Point TNS        ;
+-------+-------+----------------------+
; clk   ; 1.265 ; 0.000                ;
+-------+-------+----------------------+


+--------------------------------------------------+
; Fast 1200mV 0C Model Minimum Pulse Width Summary ;
+-------+-------+----------------------------------+
; Clock ; Slack ; End Point TNS                    ;
+-------+-------+----------------------------------+
; clk   ; 4.424 ; 0.000                            ;
+-------+-------+----------------------------------+


+---------------------------------------------------------------------------------------------------------------------------------------------------------------+
; Fast 1200mV 0C Model Setup: 'clk'                                                                                                                             ;
+-------+---------------------------------------------+-----------------------------------+--------------+-------------+--------------+------------+------------+
; Slack ; From Node                                   ; To Node                           ; Launch Clock ; Latch Clock ; Relationship ; Clock Skew ; Data Delay ;
+-------+---------------------------------------------+-----------------------------------+--------------+-------------+--------------+------------+------------+
; 4.522 ; posit_pack:u_packer|g_rne.p1_mag_trunc_q[0] ; posit_pack:u_packer|g_rne.d_q[31] ; clk          ; clk         ; 10.000       ; 0.140      ; 5.605      ;
; 4.535 ; posit_pack:u_packer|g_rne.p1_guard_bit_q    ; posit_pack:u_packer|g_rne.d_q[31] ; clk          ; clk         ; 10.000       ; 0.140      ; 5.592      ;
; 4.608 ; posit_pack:u_packer|g_rne.p1_mag_trunc_q[0] ; posit_pack:u_packer|g_rne.d_q[27] ; clk          ; clk         ; 10.000       ; 0.148      ; 5.527      ;
; 4.608 ; posit_pack:u_packer|g_rne.p1_mag_trunc_q[0] ; posit_pack:u_packer|g_rne.d_q[28] ; clk          ; clk         ; 10.000       ; 0.148      ; 5.527      ;
; 4.621 ; posit_pack:u_packer|g_rne.p1_guard_bit_q    ; posit_pack:u_packer|g_rne.d_q[27] ; clk          ; clk         ; 10.000       ; 0.148      ; 5.514      ;
; 4.621 ; posit_pack:u_packer|g_rne.p1_guard_bit_q    ; posit_pack:u_packer|g_rne.d_q[28] ; clk          ; clk         ; 10.000       ; 0.148      ; 5.514      ;
; 4.627 ; posit_pack:u_packer|g_rne.p1_round_bit_q    ; posit_pack:u_packer|g_rne.d_q[31] ; clk          ; clk         ; 10.000       ; 0.140      ; 5.500      ;
; 4.630 ; posit_pack:u_packer|g_rne.p1_mag_trunc_q[0] ; posit_pack:u_packer|g_rne.d_q[29] ; clk          ; clk         ; 10.000       ; 0.139      ; 5.496      ;
; 4.643 ; posit_pack:u_packer|g_rne.p1_guard_bit_q    ; posit_pack:u_packer|g_rne.d_q[29] ; clk          ; clk         ; 10.000       ; 0.139      ; 5.483      ;
; 4.687 ; posit_pack:u_packer|g_rne.p1_mag_trunc_q[0] ; posit_pack:u_packer|g_rne.d_q[25] ; clk          ; clk         ; 10.000       ; 0.148      ; 5.448      ;
; 4.692 ; posit_pack:u_packer|g_rne.p1_mag_trunc_q[0] ; posit_pack:u_packer|g_rne.d_q[18] ; clk          ; clk         ; 10.000       ; 0.144      ; 5.439      ;
; 4.693 ; posit_pack:u_packer|g_rne.p1_mag_trunc_q[0] ; posit_pack:u_packer|g_rne.d_q[17] ; clk          ; clk         ; 10.000       ; -0.038     ; 5.256      ;
; 4.699 ; posit_pack:u_packer|g_rne.p1_mag_trunc_q[0] ; posit_pack:u_packer|g_rne.d_q[30] ; clk          ; clk         ; 10.000       ; 0.139      ; 5.427      ;
; 4.700 ; posit_pack:u_packer|g_rne.p1_guard_bit_q    ; posit_pack:u_packer|g_rne.d_q[25] ; clk          ; clk         ; 10.000       ; 0.148      ; 5.435      ;
; 4.702 ; posit_pack:u_packer|g_rne.p1_sticky_bit_q   ; posit_pack:u_packer|g_rne.d_q[31] ; clk          ; clk         ; 10.000       ; 0.140      ; 5.425      ;
; 4.705 ; posit_pack:u_packer|g_rne.p1_guard_bit_q    ; posit_pack:u_packer|g_rne.d_q[18] ; clk          ; clk         ; 10.000       ; 0.144      ; 5.426      ;
; 4.706 ; posit_pack:u_packer|g_rne.p1_guard_bit_q    ; posit_pack:u_packer|g_rne.d_q[17] ; clk          ; clk         ; 10.000       ; -0.038     ; 5.243      ;
; 4.712 ; posit_pack:u_packer|g_rne.p1_guard_bit_q    ; posit_pack:u_packer|g_rne.d_q[30] ; clk          ; clk         ; 10.000       ; 0.139      ; 5.414      ;
; 4.713 ; posit_pack:u_packer|g_rne.p1_round_bit_q    ; posit_pack:u_packer|g_rne.d_q[27] ; clk          ; clk         ; 10.000       ; 0.148      ; 5.422      ;
; 4.713 ; posit_pack:u_packer|g_rne.p1_round_bit_q    ; posit_pack:u_packer|g_rne.d_q[28] ; clk          ; clk         ; 10.000       ; 0.148      ; 5.422      ;
; 4.735 ; posit_pack:u_packer|g_rne.p1_round_bit_q    ; posit_pack:u_packer|g_rne.d_q[29] ; clk          ; clk         ; 10.000       ; 0.139      ; 5.391      ;
; 4.766 ; posit_pack:u_packer|g_rne.p1_mag_trunc_q[0] ; posit_pack:u_packer|g_rne.d_q[23] ; clk          ; clk         ; 10.000       ; 0.148      ; 5.369      ;
; 4.779 ; posit_pack:u_packer|g_rne.p1_guard_bit_q    ; posit_pack:u_packer|g_rne.d_q[23] ; clk          ; clk         ; 10.000       ; 0.148      ; 5.356      ;
; 4.783 ; posit_pack:u_packer|g_rne.p1_mag_trunc_q[0] ; posit_pack:u_packer|g_rne.d_q[26] ; clk          ; clk         ; 10.000       ; 0.152      ; 5.356      ;
; 4.788 ; posit_pack:u_packer|g_rne.p1_sticky_bit_q   ; posit_pack:u_packer|g_rne.d_q[27] ; clk          ; clk         ; 10.000       ; 0.148      ; 5.347      ;
; 4.788 ; posit_pack:u_packer|g_rne.p1_sticky_bit_q   ; posit_pack:u_packer|g_rne.d_q[28] ; clk          ; clk         ; 10.000       ; 0.148      ; 5.347      ;
; 4.792 ; posit_pack:u_packer|g_rne.p1_round_bit_q    ; posit_pack:u_packer|g_rne.d_q[25] ; clk          ; clk         ; 10.000       ; 0.148      ; 5.343      ;
; 4.796 ; posit_pack:u_packer|g_rne.p1_guard_bit_q    ; posit_pack:u_packer|g_rne.d_q[26] ; clk          ; clk         ; 10.000       ; 0.152      ; 5.343      ;
; 4.797 ; posit_pack:u_packer|g_rne.p1_round_bit_q    ; posit_pack:u_packer|g_rne.d_q[18] ; clk          ; clk         ; 10.000       ; 0.144      ; 5.334      ;
; 4.798 ; posit_pack:u_packer|g_rne.p1_round_bit_q    ; posit_pack:u_packer|g_rne.d_q[17] ; clk          ; clk         ; 10.000       ; -0.038     ; 5.151      ;
; 4.802 ; posit_pack:u_packer|g_rne.p1_mag_trunc_q[0] ; posit_pack:u_packer|g_rne.d_q[15] ; clk          ; clk         ; 10.000       ; -0.038     ; 5.147      ;
; 4.804 ; posit_pack:u_packer|g_rne.p1_round_bit_q    ; posit_pack:u_packer|g_rne.d_q[30] ; clk          ; clk         ; 10.000       ; 0.139      ; 5.322      ;
; 4.810 ; posit_pack:u_packer|g_rne.p1_sticky_bit_q   ; posit_pack:u_packer|g_rne.d_q[29] ; clk          ; clk         ; 10.000       ; 0.139      ; 5.316      ;
; 4.815 ; posit_pack:u_packer|g_rne.p1_mag_trunc_q[0] ; posit_pack:u_packer|g_rne.d_q[19] ; clk          ; clk         ; 10.000       ; 0.154      ; 5.326      ;
; 4.815 ; posit_pack:u_packer|g_rne.p1_guard_bit_q    ; posit_pack:u_packer|g_rne.d_q[15] ; clk          ; clk         ; 10.000       ; -0.038     ; 5.134      ;
; 4.828 ; posit_pack:u_packer|g_rne.p1_guard_bit_q    ; posit_pack:u_packer|g_rne.d_q[19] ; clk          ; clk         ; 10.000       ; 0.154      ; 5.313      ;
; 4.830 ; posit_pack:u_packer|g_rne.p1_mag_trunc_q[0] ; posit_pack:u_packer|g_rne.d_q[21] ; clk          ; clk         ; 10.000       ; 0.148      ; 5.305      ;
; 4.843 ; posit_pack:u_packer|g_rne.p1_guard_bit_q    ; posit_pack:u_packer|g_rne.d_q[21] ; clk          ; clk         ; 10.000       ; 0.148      ; 5.292      ;
; 4.848 ; posit_pack:u_packer|g_rne.p1_mag_trunc_q[0] ; posit_pack:u_packer|g_rne.d_q[14] ; clk          ; clk         ; 10.000       ; 0.139      ; 5.278      ;
; 4.861 ; posit_pack:u_packer|g_rne.p1_guard_bit_q    ; posit_pack:u_packer|g_rne.d_q[14] ; clk          ; clk         ; 10.000       ; 0.139      ; 5.265      ;
; 4.867 ; posit_pack:u_packer|g_rne.p1_sticky_bit_q   ; posit_pack:u_packer|g_rne.d_q[25] ; clk          ; clk         ; 10.000       ; 0.148      ; 5.268      ;
; 4.871 ; posit_pack:u_packer|g_rne.p1_round_bit_q    ; posit_pack:u_packer|g_rne.d_q[23] ; clk          ; clk         ; 10.000       ; 0.148      ; 5.264      ;
; 4.872 ; posit_pack:u_packer|g_rne.p1_sticky_bit_q   ; posit_pack:u_packer|g_rne.d_q[18] ; clk          ; clk         ; 10.000       ; 0.144      ; 5.259      ;
; 4.873 ; posit_pack:u_packer|g_rne.p1_sticky_bit_q   ; posit_pack:u_packer|g_rne.d_q[17] ; clk          ; clk         ; 10.000       ; -0.038     ; 5.076      ;
; 4.877 ; posit_pack:u_packer|g_rne.p1_mag_trunc_q[0] ; posit_pack:u_packer|g_rne.d_q[22] ; clk          ; clk         ; 10.000       ; 0.152      ; 5.262      ;
; 4.879 ; posit_pack:u_packer|g_rne.p1_sticky_bit_q   ; posit_pack:u_packer|g_rne.d_q[30] ; clk          ; clk         ; 10.000       ; 0.139      ; 5.247      ;
; 4.888 ; posit_pack:u_packer|g_rne.p1_round_bit_q    ; posit_pack:u_packer|g_rne.d_q[26] ; clk          ; clk         ; 10.000       ; 0.152      ; 5.251      ;
; 4.890 ; posit_pack:u_packer|g_rne.p1_guard_bit_q    ; posit_pack:u_packer|g_rne.d_q[22] ; clk          ; clk         ; 10.000       ; 0.152      ; 5.249      ;
; 4.907 ; posit_pack:u_packer|g_rne.p1_round_bit_q    ; posit_pack:u_packer|g_rne.d_q[15] ; clk          ; clk         ; 10.000       ; -0.038     ; 5.042      ;
; 4.913 ; posit_pack:u_packer|g_rne.p1_mag_trunc_q[1] ; posit_pack:u_packer|g_rne.d_q[31] ; clk          ; clk         ; 10.000       ; 0.140      ; 5.214      ;
; 4.920 ; posit_pack:u_packer|g_rne.p1_round_bit_q    ; posit_pack:u_packer|g_rne.d_q[19] ; clk          ; clk         ; 10.000       ; 0.154      ; 5.221      ;
; 4.925 ; posit_pack:u_packer|g_rne.p1_mag_trunc_q[0] ; posit_pack:u_packer|g_rne.d_q[24] ; clk          ; clk         ; 10.000       ; 0.152      ; 5.214      ;
; 4.930 ; posit_pack:u_packer|g_rne.p1_mag_trunc_q[0] ; posit_pack:u_packer|g_rne.d_q[16] ; clk          ; clk         ; 10.000       ; 0.139      ; 5.196      ;
; 4.935 ; posit_pack:u_packer|g_rne.p1_round_bit_q    ; posit_pack:u_packer|g_rne.d_q[21] ; clk          ; clk         ; 10.000       ; 0.148      ; 5.200      ;
; 4.938 ; posit_pack:u_packer|g_rne.p1_guard_bit_q    ; posit_pack:u_packer|g_rne.d_q[24] ; clk          ; clk         ; 10.000       ; 0.152      ; 5.201      ;
; 4.943 ; posit_pack:u_packer|g_rne.p1_guard_bit_q    ; posit_pack:u_packer|g_rne.d_q[16] ; clk          ; clk         ; 10.000       ; 0.139      ; 5.183      ;
; 4.945 ; posit_pack:u_packer|g_rne.p1_mag_trunc_q[0] ; posit_pack:u_packer|g_rne.d_q[20] ; clk          ; clk         ; 10.000       ; 0.152      ; 5.194      ;
; 4.946 ; posit_pack:u_packer|g_rne.p1_sticky_bit_q   ; posit_pack:u_packer|g_rne.d_q[23] ; clk          ; clk         ; 10.000       ; 0.148      ; 5.189      ;
; 4.953 ; posit_pack:u_packer|g_rne.p1_round_bit_q    ; posit_pack:u_packer|g_rne.d_q[14] ; clk          ; clk         ; 10.000       ; 0.139      ; 5.173      ;
; 4.958 ; posit_pack:u_packer|g_rne.p1_guard_bit_q    ; posit_pack:u_packer|g_rne.d_q[20] ; clk          ; clk         ; 10.000       ; 0.152      ; 5.181      ;
; 4.963 ; posit_pack:u_packer|g_rne.p1_sticky_bit_q   ; posit_pack:u_packer|g_rne.d_q[26] ; clk          ; clk         ; 10.000       ; 0.152      ; 5.176      ;
; 4.982 ; posit_pack:u_packer|g_rne.p1_sticky_bit_q   ; posit_pack:u_packer|g_rne.d_q[15] ; clk          ; clk         ; 10.000       ; -0.038     ; 4.967      ;
; 4.982 ; posit_pack:u_packer|g_rne.p1_round_bit_q    ; posit_pack:u_packer|g_rne.d_q[22] ; clk          ; clk         ; 10.000       ; 0.152      ; 5.157      ;
; 4.984 ; posit_pack:u_packer|g_rne.p1_mag_trunc_q[3] ; posit_pack:u_packer|g_rne.d_q[31] ; clk          ; clk         ; 10.000       ; 0.140      ; 5.143      ;
; 4.995 ; posit_pack:u_packer|g_rne.p1_sticky_bit_q   ; posit_pack:u_packer|g_rne.d_q[19] ; clk          ; clk         ; 10.000       ; 0.154      ; 5.146      ;
; 4.999 ; posit_pack:u_packer|g_rne.p1_mag_trunc_q[1] ; posit_pack:u_packer|g_rne.d_q[27] ; clk          ; clk         ; 10.000       ; 0.148      ; 5.136      ;
; 4.999 ; posit_pack:u_packer|g_rne.p1_mag_trunc_q[1] ; posit_pack:u_packer|g_rne.d_q[28] ; clk          ; clk         ; 10.000       ; 0.148      ; 5.136      ;
; 5.010 ; posit_pack:u_packer|g_rne.p1_sticky_bit_q   ; posit_pack:u_packer|g_rne.d_q[21] ; clk          ; clk         ; 10.000       ; 0.148      ; 5.125      ;
; 5.021 ; posit_pack:u_packer|g_rne.p1_mag_trunc_q[1] ; posit_pack:u_packer|g_rne.d_q[29] ; clk          ; clk         ; 10.000       ; 0.139      ; 5.105      ;
; 5.026 ; posit_pack:u_packer|g_rne.p1_mag_trunc_q[2] ; posit_pack:u_packer|g_rne.d_q[31] ; clk          ; clk         ; 10.000       ; 0.140      ; 5.101      ;
; 5.028 ; posit_pack:u_packer|g_rne.p1_sticky_bit_q   ; posit_pack:u_packer|g_rne.d_q[14] ; clk          ; clk         ; 10.000       ; 0.139      ; 5.098      ;
; 5.029 ; posit_pack:u_packer|g_rne.p1_mag_trunc_q[0] ; posit_pack:u_packer|g_rne.d_q[7]  ; clk          ; clk         ; 10.000       ; -0.038     ; 4.920      ;
; 5.030 ; posit_pack:u_packer|g_rne.p1_round_bit_q    ; posit_pack:u_packer|g_rne.d_q[24] ; clk          ; clk         ; 10.000       ; 0.152      ; 5.109      ;
; 5.035 ; posit_pack:u_packer|g_rne.p1_round_bit_q    ; posit_pack:u_packer|g_rne.d_q[16] ; clk          ; clk         ; 10.000       ; 0.139      ; 5.091      ;
; 5.042 ; posit_pack:u_packer|g_rne.p1_guard_bit_q    ; posit_pack:u_packer|g_rne.d_q[7]  ; clk          ; clk         ; 10.000       ; -0.038     ; 4.907      ;
; 5.046 ; posit_pack:u_packer|g_rne.p1_mag_trunc_q[5] ; posit_pack:u_packer|g_rne.d_q[31] ; clk          ; clk         ; 10.000       ; 0.140      ; 5.081      ;
; 5.050 ; posit_pack:u_packer|g_rne.p1_round_bit_q    ; posit_pack:u_packer|g_rne.d_q[20] ; clk          ; clk         ; 10.000       ; 0.152      ; 5.089      ;
; 5.057 ; posit_pack:u_packer|g_rne.p1_sticky_bit_q   ; posit_pack:u_packer|g_rne.d_q[22] ; clk          ; clk         ; 10.000       ; 0.152      ; 5.082      ;
; 5.070 ; posit_pack:u_packer|g_rne.p1_mag_trunc_q[3] ; posit_pack:u_packer|g_rne.d_q[27] ; clk          ; clk         ; 10.000       ; 0.148      ; 5.065      ;
; 5.070 ; posit_pack:u_packer|g_rne.p1_mag_trunc_q[3] ; posit_pack:u_packer|g_rne.d_q[28] ; clk          ; clk         ; 10.000       ; 0.148      ; 5.065      ;
; 5.078 ; posit_pack:u_packer|g_rne.p1_mag_trunc_q[1] ; posit_pack:u_packer|g_rne.d_q[25] ; clk          ; clk         ; 10.000       ; 0.148      ; 5.057      ;
; 5.083 ; posit_pack:u_packer|g_rne.p1_mag_trunc_q[1] ; posit_pack:u_packer|g_rne.d_q[18] ; clk          ; clk         ; 10.000       ; 0.144      ; 5.048      ;
; 5.084 ; posit_pack:u_packer|g_rne.p1_mag_trunc_q[1] ; posit_pack:u_packer|g_rne.d_q[17] ; clk          ; clk         ; 10.000       ; -0.038     ; 4.865      ;
; 5.087 ; posit_pack:u_packer|g_rne.p1_mag_trunc_q[0] ; posit_pack:u_packer|g_rne.d_q[12] ; clk          ; clk         ; 10.000       ; 0.154      ; 5.054      ;
; 5.090 ; posit_pack:u_packer|g_rne.p1_mag_trunc_q[1] ; posit_pack:u_packer|g_rne.d_q[30] ; clk          ; clk         ; 10.000       ; 0.139      ; 5.036      ;
; 5.092 ; posit_pack:u_packer|g_rne.p1_mag_trunc_q[3] ; posit_pack:u_packer|g_rne.d_q[29] ; clk          ; clk         ; 10.000       ; 0.139      ; 5.034      ;
; 5.097 ; posit_pack:u_packer|g_rne.p1_mag_trunc_q[4] ; posit_pack:u_packer|g_rne.d_q[31] ; clk          ; clk         ; 10.000       ; 0.140      ; 5.030      ;
; 5.100 ; posit_pack:u_packer|g_rne.p1_guard_bit_q    ; posit_pack:u_packer|g_rne.d_q[12] ; clk          ; clk         ; 10.000       ; 0.154      ; 5.041      ;
; 5.105 ; posit_pack:u_packer|g_rne.p1_sticky_bit_q   ; posit_pack:u_packer|g_rne.d_q[24] ; clk          ; clk         ; 10.000       ; 0.152      ; 5.034      ;
; 5.106 ; posit_pack:u_packer|g_rne.p1_mag_trunc_q[0] ; posit_pack:u_packer|g_rne.d_q[6]  ; clk          ; clk         ; 10.000       ; 0.144      ; 5.025      ;
; 5.110 ; posit_pack:u_packer|g_rne.p1_sticky_bit_q   ; posit_pack:u_packer|g_rne.d_q[16] ; clk          ; clk         ; 10.000       ; 0.139      ; 5.016      ;
; 5.112 ; posit_pack:u_packer|g_rne.p1_mag_trunc_q[2] ; posit_pack:u_packer|g_rne.d_q[27] ; clk          ; clk         ; 10.000       ; 0.148      ; 5.023      ;
; 5.112 ; posit_pack:u_packer|g_rne.p1_mag_trunc_q[2] ; posit_pack:u_packer|g_rne.d_q[28] ; clk          ; clk         ; 10.000       ; 0.148      ; 5.023      ;
; 5.113 ; posit_pack:u_packer|g_rne.p1_mag_trunc_q[0] ; posit_pack:u_packer|g_rne.d_q[8]  ; clk          ; clk         ; 10.000       ; 0.144      ; 5.018      ;
; 5.119 ; posit_pack:u_packer|g_rne.p1_mag_trunc_q[7] ; posit_pack:u_packer|g_rne.d_q[31] ; clk          ; clk         ; 10.000       ; 0.140      ; 5.008      ;
; 5.119 ; posit_pack:u_packer|g_rne.p1_guard_bit_q    ; posit_pack:u_packer|g_rne.d_q[6]  ; clk          ; clk         ; 10.000       ; 0.144      ; 5.012      ;
; 5.125 ; posit_pack:u_packer|g_rne.p1_sticky_bit_q   ; posit_pack:u_packer|g_rne.d_q[20] ; clk          ; clk         ; 10.000       ; 0.152      ; 5.014      ;
; 5.126 ; posit_pack:u_packer|g_rne.p1_guard_bit_q    ; posit_pack:u_packer|g_rne.d_q[8]  ; clk          ; clk         ; 10.000       ; 0.144      ; 5.005      ;
; 5.132 ; posit_pack:u_packer|g_rne.p1_mag_trunc_q[5] ; posit_pack:u_packer|g_rne.d_q[27] ; clk          ; clk         ; 10.000       ; 0.148      ; 5.003      ;
; 5.132 ; posit_pack:u_packer|g_rne.p1_mag_trunc_q[5] ; posit_pack:u_packer|g_rne.d_q[28] ; clk          ; clk         ; 10.000       ; 0.148      ; 5.003      ;
+-------+---------------------------------------------+-----------------------------------+--------------+-------------+--------------+------------+------------+


+-----------------------------------------------------------------------------------------------------------------------------------------------------------------------------+
; Fast 1200mV 0C Model Hold: 'clk'                                                                                                                                            ;
+-------+-----------------------------------------------+-----------------------------------------------+--------------+-------------+--------------+------------+------------+
; Slack ; From Node                                     ; To Node                                       ; Launch Clock ; Latch Clock ; Relationship ; Clock Skew ; Data Delay ;
+-------+-----------------------------------------------+-----------------------------------------------+--------------+-------------+--------------+------------+------------+
; 0.193 ; packer_ppa_boundary:u_boundary|meta_sync1     ; packer_ppa_boundary:u_boundary|meta_sync2     ; clk          ; clk         ; 0.000        ; 0.037      ; 0.314      ;
; 0.194 ; posit_pack:u_packer|g_rne.d_q[5]              ; packer_ppa_boundary:u_boundary|d[5]           ; clk          ; clk         ; 0.000        ; 0.036      ; 0.314      ;
; 0.194 ; packer_ppa_boundary:u_boundary|flags_in_q[3]  ; posit_pack:u_packer|g_rne.p1_flags_q[3]       ; clk          ; clk         ; 0.000        ; 0.036      ; 0.314      ;
; 0.195 ; packer_ppa_boundary:u_boundary|sign_q         ; posit_pack:u_packer|g_rne.p1_sign_q           ; clk          ; clk         ; 0.000        ; 0.036      ; 0.315      ;
; 0.195 ; posit_pack:u_packer|g_rne.d_q[15]             ; packer_ppa_boundary:u_boundary|d[15]          ; clk          ; clk         ; 0.000        ; 0.036      ; 0.315      ;
; 0.196 ; posit_pack:u_packer|g_rne.p2_valid_q          ; packer_ppa_boundary:u_boundary|out_valid      ; clk          ; clk         ; 0.000        ; 0.036      ; 0.316      ;
; 0.207 ; posit_pack:u_packer|g_rne.p1_valid_q          ; posit_pack:u_packer|g_rne.p2_valid_q          ; clk          ; clk         ; 0.000        ; 0.036      ; 0.327      ;
; 0.227 ; packer_ppa_boundary:u_boundary|flags_in_q[4]  ; posit_pack:u_packer|g_rne.p1_mag_trunc_q[30]  ; clk          ; clk         ; 0.000        ; 0.036      ; 0.347      ;
; 0.227 ; packer_ppa_boundary:u_boundary|flags_in_q[4]  ; posit_pack:u_packer|g_rne.p1_flags_q[0]       ; clk          ; clk         ; 0.000        ; 0.036      ; 0.347      ;
; 0.253 ; packer_ppa_boundary:u_boundary|flags_in_q[0]  ; posit_pack:u_packer|g_rne.p1_flags_q[0]       ; clk          ; clk         ; 0.000        ; 0.036      ; 0.373      ;
; 0.268 ; posit_pack:u_packer|g_rne.d_q[1]              ; packer_ppa_boundary:u_boundary|d[1]           ; clk          ; clk         ; 0.000        ; 0.037      ; 0.389      ;
; 0.269 ; posit_pack:u_packer|g_rne.d_q[3]              ; packer_ppa_boundary:u_boundary|d[3]           ; clk          ; clk         ; 0.000        ; 0.036      ; 0.389      ;
; 0.270 ; posit_pack:u_packer|g_rne.flags_q[4]          ; packer_ppa_boundary:u_boundary|flags[4]       ; clk          ; clk         ; 0.000        ; 0.036      ; 0.390      ;
; 0.271 ; posit_pack:u_packer|g_rne.d_q[7]              ; packer_ppa_boundary:u_boundary|d[7]           ; clk          ; clk         ; 0.000        ; 0.035      ; 0.390      ;
; 0.271 ; posit_pack:u_packer|g_rne.d_q[17]             ; packer_ppa_boundary:u_boundary|d[17]          ; clk          ; clk         ; 0.000        ; 0.036      ; 0.391      ;
; 0.276 ; packer_ppa_boundary:u_boundary|is_nar_q       ; posit_pack:u_packer|g_rne.p1_special_sel_q[1] ; clk          ; clk         ; 0.000        ; 0.036      ; 0.396      ;
; 0.279 ; posit_pack:u_packer|g_rne.p1_special_sel_q[0] ; posit_pack:u_packer|g_rne.d_q[11]             ; clk          ; clk         ; 0.000        ; 0.237      ; 0.600      ;
; 0.281 ; packer_ppa_boundary:u_boundary|is_nar_q       ; posit_pack:u_packer|g_rne.p1_mag_trunc_q[30]  ; clk          ; clk         ; 0.000        ; 0.036      ; 0.401      ;
; 0.284 ; packer_ppa_boundary:u_boundary|is_nar_q       ; posit_pack:u_packer|g_rne.p1_special_sel_q[0] ; clk          ; clk         ; 0.000        ; 0.036      ; 0.404      ;
; 0.298 ; posit_pack:u_packer|g_rne.p1_sign_q           ; posit_pack:u_packer|g_rne.d_q[31]             ; clk          ; clk         ; 0.000        ; 0.218      ; 0.600      ;
; 0.304 ; packer_ppa_boundary:u_boundary|flags_in_q[2]  ; posit_pack:u_packer|g_rne.p1_flags_q[2]       ; clk          ; clk         ; 0.000        ; 0.036      ; 0.424      ;
; 0.314 ; posit_pack:u_packer|g_rne.p1_special_sel_q[1] ; posit_pack:u_packer|g_rne.flags_q[3]          ; clk          ; clk         ; 0.000        ; 0.234      ; 0.632      ;
; 0.315 ; posit_pack:u_packer|g_rne.p1_flags_q[3]       ; posit_pack:u_packer|g_rne.flags_q[3]          ; clk          ; clk         ; 0.000        ; 0.234      ; 0.633      ;
; 0.316 ; posit_pack:u_packer|g_rne.p1_special_sel_q[1] ; posit_pack:u_packer|g_rne.d_q[24]             ; clk          ; clk         ; 0.000        ; 0.234      ; 0.634      ;
; 0.316 ; posit_pack:u_packer|g_rne.p1_special_sel_q[1] ; posit_pack:u_packer|g_rne.d_q[26]             ; clk          ; clk         ; 0.000        ; 0.234      ; 0.634      ;
; 0.320 ; posit_pack:u_packer|g_rne.p1_special_sel_q[1] ; posit_pack:u_packer|g_rne.d_q[20]             ; clk          ; clk         ; 0.000        ; 0.234      ; 0.638      ;
; 0.320 ; posit_pack:u_packer|g_rne.p1_special_sel_q[1] ; posit_pack:u_packer|g_rne.d_q[22]             ; clk          ; clk         ; 0.000        ; 0.234      ; 0.638      ;
; 0.324 ; posit_pack:u_packer|g_rne.p1_special_sel_q[0] ; posit_pack:u_packer|g_rne.flags_q[0]          ; clk          ; clk         ; 0.000        ; 0.221      ; 0.629      ;
; 0.327 ; posit_pack:u_packer|g_rne.p1_special_sel_q[0] ; posit_pack:u_packer|g_rne.flags_q[1]          ; clk          ; clk         ; 0.000        ; 0.221      ; 0.632      ;
; 0.331 ; packer_ppa_boundary:u_boundary|flags_in_q[4]  ; posit_pack:u_packer|g_rne.p1_special_sel_q[2] ; clk          ; clk         ; 0.000        ; 0.036      ; 0.451      ;
; 0.332 ; posit_pack:u_packer|g_rne.p1_flags_q[4]       ; posit_pack:u_packer|g_rne.flags_q[4]          ; clk          ; clk         ; 0.000        ; 0.036      ; 0.452      ;
; 0.337 ; posit_pack:u_packer|g_rne.p1_special_sel_q[2] ; posit_pack:u_packer|g_rne.d_q[11]             ; clk          ; clk         ; 0.000        ; 0.237      ; 0.658      ;
; 0.346 ; posit_pack:u_packer|g_rne.p1_special_sel_q[1] ; posit_pack:u_packer|g_rne.flags_q[2]          ; clk          ; clk         ; 0.000        ; 0.221      ; 0.651      ;
; 0.346 ; packer_ppa_boundary:u_boundary|flags_in_q[4]  ; posit_pack:u_packer|g_rne.p1_special_sel_q[1] ; clk          ; clk         ; 0.000        ; 0.036      ; 0.466      ;
; 0.354 ; packer_ppa_boundary:u_boundary|is_nar_q       ; posit_pack:u_packer|g_rne.p1_flags_q[0]       ; clk          ; clk         ; 0.000        ; 0.036      ; 0.474      ;
; 0.355 ; posit_pack:u_packer|g_rne.p1_special_sel_q[1] ; posit_pack:u_packer|g_rne.d_q[12]             ; clk          ; clk         ; 0.000        ; 0.236      ; 0.675      ;
; 0.365 ; packer_ppa_boundary:u_boundary|flags_in_q[4]  ; posit_pack:u_packer|g_rne.p1_special_sel_q[0] ; clk          ; clk         ; 0.000        ; 0.036      ; 0.485      ;
; 0.368 ; posit_pack:u_packer|g_rne.p1_special_sel_q[1] ; posit_pack:u_packer|g_rne.d_q[11]             ; clk          ; clk         ; 0.000        ; 0.237      ; 0.689      ;
; 0.369 ; posit_pack:u_packer|g_rne.flags_q[2]          ; packer_ppa_boundary:u_boundary|flags[2]       ; clk          ; clk         ; 0.000        ; -0.139     ; 0.314      ;
; 0.369 ; packer_ppa_boundary:u_boundary|is_nar_q       ; posit_pack:u_packer|g_rne.p1_special_sel_q[2] ; clk          ; clk         ; 0.000        ; 0.036      ; 0.489      ;
; 0.370 ; posit_pack:u_packer|g_rne.d_q[0]              ; packer_ppa_boundary:u_boundary|d[0]           ; clk          ; clk         ; 0.000        ; -0.139     ; 0.315      ;
; 0.370 ; posit_pack:u_packer|g_rne.d_q[14]             ; packer_ppa_boundary:u_boundary|d[14]          ; clk          ; clk         ; 0.000        ; -0.138     ; 0.316      ;
; 0.371 ; posit_pack:u_packer|g_rne.d_q[31]             ; packer_ppa_boundary:u_boundary|d[31]          ; clk          ; clk         ; 0.000        ; -0.139     ; 0.316      ;
; 0.375 ; posit_pack:u_packer|g_rne.p1_special_sel_q[0] ; posit_pack:u_packer|g_rne.d_q[9]              ; clk          ; clk         ; 0.000        ; 0.226      ; 0.685      ;
; 0.381 ; posit_pack:u_packer|g_rne.d_q[21]             ; packer_ppa_boundary:u_boundary|d[21]          ; clk          ; clk         ; 0.000        ; -0.151     ; 0.314      ;
; 0.381 ; posit_pack:u_packer|g_rne.d_q[26]             ; packer_ppa_boundary:u_boundary|d[26]          ; clk          ; clk         ; 0.000        ; -0.151     ; 0.314      ;
; 0.382 ; posit_pack:u_packer|g_rne.d_q[28]             ; packer_ppa_boundary:u_boundary|d[28]          ; clk          ; clk         ; 0.000        ; -0.151     ; 0.315      ;
; 0.383 ; posit_pack:u_packer|g_rne.d_q[11]             ; packer_ppa_boundary:u_boundary|d[11]          ; clk          ; clk         ; 0.000        ; -0.151     ; 0.316      ;
; 0.383 ; posit_pack:u_packer|g_rne.d_q[20]             ; packer_ppa_boundary:u_boundary|d[20]          ; clk          ; clk         ; 0.000        ; -0.151     ; 0.316      ;
; 0.383 ; posit_pack:u_packer|g_rne.d_q[23]             ; packer_ppa_boundary:u_boundary|d[23]          ; clk          ; clk         ; 0.000        ; -0.151     ; 0.316      ;
; 0.391 ; posit_pack:u_packer|g_rne.p1_special_sel_q[0] ; posit_pack:u_packer|g_rne.flags_q[2]          ; clk          ; clk         ; 0.000        ; 0.221      ; 0.696      ;
; 0.395 ; packer_ppa_boundary:u_boundary|flags_in_q[4]  ; posit_pack:u_packer|g_rne.p1_flags_q[4]       ; clk          ; clk         ; 0.000        ; 0.036      ; 0.515      ;
; 0.417 ; posit_pack:u_packer|g_rne.p1_special_sel_q[1] ; posit_pack:u_packer|g_rne.flags_q[0]          ; clk          ; clk         ; 0.000        ; 0.221      ; 0.722      ;
; 0.424 ; posit_pack:u_packer|g_rne.p1_special_sel_q[1] ; posit_pack:u_packer|g_rne.flags_q[1]          ; clk          ; clk         ; 0.000        ; 0.221      ; 0.729      ;
; 0.434 ; posit_pack:u_packer|g_rne.d_q[8]              ; packer_ppa_boundary:u_boundary|d[8]           ; clk          ; clk         ; 0.000        ; -0.139     ; 0.379      ;
; 0.434 ; posit_pack:u_packer|g_rne.p1_flags_q[2]       ; posit_pack:u_packer|g_rne.flags_q[2]          ; clk          ; clk         ; 0.000        ; 0.221      ; 0.739      ;
; 0.435 ; posit_pack:u_packer|g_rne.d_q[6]              ; packer_ppa_boundary:u_boundary|d[6]           ; clk          ; clk         ; 0.000        ; -0.139     ; 0.380      ;
; 0.437 ; posit_pack:u_packer|g_rne.d_q[18]             ; packer_ppa_boundary:u_boundary|d[18]          ; clk          ; clk         ; 0.000        ; -0.139     ; 0.382      ;
; 0.442 ; posit_pack:u_packer|g_rne.d_q[30]             ; packer_ppa_boundary:u_boundary|d[30]          ; clk          ; clk         ; 0.000        ; -0.138     ; 0.388      ;
; 0.443 ; posit_pack:u_packer|g_rne.d_q[29]             ; packer_ppa_boundary:u_boundary|d[29]          ; clk          ; clk         ; 0.000        ; -0.138     ; 0.389      ;
; 0.443 ; posit_pack:u_packer|g_rne.p1_flags_q[0]       ; posit_pack:u_packer|g_rne.flags_q[0]          ; clk          ; clk         ; 0.000        ; 0.221      ; 0.748      ;
; 0.444 ; posit_pack:u_packer|g_rne.flags_q[1]          ; packer_ppa_boundary:u_boundary|flags[1]       ; clk          ; clk         ; 0.000        ; -0.139     ; 0.389      ;
; 0.445 ; posit_pack:u_packer|g_rne.d_q[9]              ; packer_ppa_boundary:u_boundary|d[9]           ; clk          ; clk         ; 0.000        ; -0.139     ; 0.390      ;
; 0.449 ; posit_pack:u_packer|g_rne.flags_q[0]          ; packer_ppa_boundary:u_boundary|flags[0]       ; clk          ; clk         ; 0.000        ; -0.139     ; 0.394      ;
; 0.451 ; packer_ppa_boundary:u_boundary|is_nar_q       ; posit_pack:u_packer|g_rne.p1_flags_q[4]       ; clk          ; clk         ; 0.000        ; 0.036      ; 0.571      ;
; 0.454 ; posit_pack:u_packer|g_rne.d_q[13]             ; packer_ppa_boundary:u_boundary|d[13]          ; clk          ; clk         ; 0.000        ; -0.151     ; 0.387      ;
; 0.455 ; posit_pack:u_packer|g_rne.d_q[22]             ; packer_ppa_boundary:u_boundary|d[22]          ; clk          ; clk         ; 0.000        ; -0.151     ; 0.388      ;
; 0.455 ; posit_pack:u_packer|g_rne.p1_special_sel_q[0] ; posit_pack:u_packer|g_rne.flags_q[3]          ; clk          ; clk         ; 0.000        ; 0.234      ; 0.773      ;
; 0.456 ; posit_pack:u_packer|g_rne.d_q[24]             ; packer_ppa_boundary:u_boundary|d[24]          ; clk          ; clk         ; 0.000        ; -0.151     ; 0.389      ;
; 0.456 ; posit_pack:u_packer|g_rne.d_q[27]             ; packer_ppa_boundary:u_boundary|d[27]          ; clk          ; clk         ; 0.000        ; -0.151     ; 0.389      ;
; 0.456 ; posit_pack:u_packer|g_rne.flags_q[3]          ; packer_ppa_boundary:u_boundary|flags[3]       ; clk          ; clk         ; 0.000        ; -0.151     ; 0.389      ;
; 0.460 ; posit_pack:u_packer|g_rne.d_q[25]             ; packer_ppa_boundary:u_boundary|d[25]          ; clk          ; clk         ; 0.000        ; -0.152     ; 0.392      ;
; 0.462 ; posit_pack:u_packer|g_rne.p1_special_sel_q[0] ; posit_pack:u_packer|g_rne.d_q[3]              ; clk          ; clk         ; 0.000        ; 0.036      ; 0.582      ;
; 0.462 ; posit_pack:u_packer|g_rne.p1_special_sel_q[0] ; posit_pack:u_packer|g_rne.d_q[5]              ; clk          ; clk         ; 0.000        ; 0.036      ; 0.582      ;
; 0.464 ; posit_pack:u_packer|g_rne.p1_special_sel_q[1] ; posit_pack:u_packer|g_rne.d_q[19]             ; clk          ; clk         ; 0.000        ; 0.236      ; 0.784      ;
; 0.465 ; posit_pack:u_packer|g_rne.p1_special_sel_q[0] ; posit_pack:u_packer|g_rne.d_q[15]             ; clk          ; clk         ; 0.000        ; 0.036      ; 0.585      ;
; 0.466 ; posit_pack:u_packer|g_rne.p1_special_sel_q[0] ; posit_pack:u_packer|g_rne.d_q[17]             ; clk          ; clk         ; 0.000        ; 0.036      ; 0.586      ;
; 0.467 ; posit_pack:u_packer|g_rne.p1_special_sel_q[1] ; posit_pack:u_packer|g_rne.d_q[4]              ; clk          ; clk         ; 0.000        ; 0.236      ; 0.787      ;
; 0.467 ; posit_pack:u_packer|g_rne.p1_flags_q[1]       ; posit_pack:u_packer|g_rne.flags_q[1]          ; clk          ; clk         ; 0.000        ; 0.219      ; 0.770      ;
; 0.468 ; posit_pack:u_packer|g_rne.p1_special_sel_q[1] ; posit_pack:u_packer|g_rne.d_q[13]             ; clk          ; clk         ; 0.000        ; 0.236      ; 0.788      ;
; 0.469 ; posit_pack:u_packer|g_rne.p1_special_sel_q[2] ; posit_pack:u_packer|g_rne.d_q[8]              ; clk          ; clk         ; 0.000        ; 0.226      ; 0.779      ;
; 0.469 ; posit_pack:u_packer|g_rne.p1_special_sel_q[1] ; posit_pack:u_packer|g_rne.d_q[10]             ; clk          ; clk         ; 0.000        ; 0.236      ; 0.789      ;
; 0.472 ; posit_pack:u_packer|g_rne.p1_special_sel_q[1] ; posit_pack:u_packer|g_rne.d_q[7]              ; clk          ; clk         ; 0.000        ; 0.036      ; 0.592      ;
; 0.474 ; posit_pack:u_packer|g_rne.p1_special_sel_q[2] ; posit_pack:u_packer|g_rne.d_q[18]             ; clk          ; clk         ; 0.000        ; 0.226      ; 0.784      ;
; 0.475 ; posit_pack:u_packer|g_rne.p1_special_sel_q[2] ; posit_pack:u_packer|g_rne.d_q[6]              ; clk          ; clk         ; 0.000        ; 0.226      ; 0.785      ;
; 0.475 ; posit_pack:u_packer|g_rne.p1_special_sel_q[1] ; posit_pack:u_packer|g_rne.d_q[8]              ; clk          ; clk         ; 0.000        ; 0.226      ; 0.785      ;
; 0.478 ; posit_pack:u_packer|g_rne.p1_special_sel_q[2] ; posit_pack:u_packer|g_rne.d_q[9]              ; clk          ; clk         ; 0.000        ; 0.226      ; 0.788      ;
; 0.479 ; posit_pack:u_packer|g_rne.p1_special_sel_q[1] ; posit_pack:u_packer|g_rne.d_q[18]             ; clk          ; clk         ; 0.000        ; 0.226      ; 0.789      ;
; 0.480 ; posit_pack:u_packer|g_rne.p1_special_sel_q[1] ; posit_pack:u_packer|g_rne.d_q[6]              ; clk          ; clk         ; 0.000        ; 0.226      ; 0.790      ;
; 0.481 ; posit_pack:u_packer|g_rne.p1_special_sel_q[1] ; posit_pack:u_packer|g_rne.d_q[0]              ; clk          ; clk         ; 0.000        ; 0.226      ; 0.791      ;
; 0.483 ; posit_pack:u_packer|g_rne.p1_special_sel_q[2] ; posit_pack:u_packer|g_rne.d_q[0]              ; clk          ; clk         ; 0.000        ; 0.226      ; 0.793      ;
; 0.484 ; posit_pack:u_packer|g_rne.p1_special_sel_q[0] ; posit_pack:u_packer|g_rne.d_q[0]              ; clk          ; clk         ; 0.000        ; 0.226      ; 0.794      ;
; 0.489 ; posit_pack:u_packer|g_rne.p1_special_sel_q[0] ; posit_pack:u_packer|g_rne.d_q[6]              ; clk          ; clk         ; 0.000        ; 0.226      ; 0.799      ;
; 0.490 ; packer_ppa_boundary:u_boundary|flags_in_q[1]  ; posit_pack:u_packer|g_rne.p1_flags_q[1]       ; clk          ; clk         ; 0.000        ; -0.151     ; 0.423      ;
; 0.491 ; posit_pack:u_packer|g_rne.p1_special_sel_q[0] ; posit_pack:u_packer|g_rne.d_q[18]             ; clk          ; clk         ; 0.000        ; 0.226      ; 0.801      ;
; 0.494 ; posit_pack:u_packer|g_rne.p1_special_sel_q[0] ; posit_pack:u_packer|g_rne.d_q[8]              ; clk          ; clk         ; 0.000        ; 0.226      ; 0.804      ;
; 0.496 ; posit_pack:u_packer|g_rne.p1_special_sel_q[2] ; posit_pack:u_packer|g_rne.d_q[7]              ; clk          ; clk         ; 0.000        ; 0.036      ; 0.616      ;
; 0.501 ; posit_pack:u_packer|g_rne.p1_special_sel_q[1] ; posit_pack:u_packer|g_rne.d_q[31]             ; clk          ; clk         ; 0.000        ; 0.221      ; 0.806      ;
; 0.507 ; posit_pack:u_packer|g_rne.p1_valid_q          ; posit_pack:u_packer|g_rne.d_q[0]              ; clk          ; clk         ; 0.000        ; 0.219      ; 0.810      ;
; 0.507 ; posit_pack:u_packer|g_rne.p1_special_sel_q[1] ; posit_pack:u_packer|g_rne.d_q[1]              ; clk          ; clk         ; 0.000        ; 0.044      ; 0.635      ;
+-------+-----------------------------------------------+-----------------------------------------------+--------------+-------------+--------------+------------+------------+


+------------------------------------------------------------------------------------------------------------------------------------------------------------------------+
; Fast 1200mV 0C Model Recovery: 'clk'                                                                                                                                   ;
+-------+-------------------------------------------+----------------------------------------------+--------------+-------------+--------------+------------+------------+
; Slack ; From Node                                 ; To Node                                      ; Launch Clock ; Latch Clock ; Relationship ; Clock Skew ; Data Delay ;
+-------+-------------------------------------------+----------------------------------------------+--------------+-------------+--------------+------------+------------+
; 8.215 ; packer_ppa_boundary:u_boundary|meta_sync2 ; packer_ppa_boundary:u_boundary|sf_q[4]       ; clk          ; clk         ; 10.000       ; -0.043     ; 1.729      ;
; 8.215 ; packer_ppa_boundary:u_boundary|meta_sync2 ; packer_ppa_boundary:u_boundary|sf_q[5]       ; clk          ; clk         ; 10.000       ; -0.048     ; 1.724      ;
; 8.215 ; packer_ppa_boundary:u_boundary|meta_sync2 ; packer_ppa_boundary:u_boundary|sf_q[3]       ; clk          ; clk         ; 10.000       ; -0.046     ; 1.726      ;
; 8.215 ; packer_ppa_boundary:u_boundary|meta_sync2 ; posit_pack:u_packer|g_rne.p1_guard_bit_q     ; clk          ; clk         ; 10.000       ; -0.048     ; 1.724      ;
; 8.215 ; packer_ppa_boundary:u_boundary|meta_sync2 ; posit_pack:u_packer|g_rne.p1_round_bit_q     ; clk          ; clk         ; 10.000       ; -0.048     ; 1.724      ;
; 8.215 ; packer_ppa_boundary:u_boundary|meta_sync2 ; posit_pack:u_packer|g_rne.p1_mag_trunc_q[0]  ; clk          ; clk         ; 10.000       ; -0.048     ; 1.724      ;
; 8.215 ; packer_ppa_boundary:u_boundary|meta_sync2 ; packer_ppa_boundary:u_boundary|frac_q[14]    ; clk          ; clk         ; 10.000       ; -0.048     ; 1.724      ;
; 8.215 ; packer_ppa_boundary:u_boundary|meta_sync2 ; packer_ppa_boundary:u_boundary|frac_q[12]    ; clk          ; clk         ; 10.000       ; -0.048     ; 1.724      ;
; 8.215 ; packer_ppa_boundary:u_boundary|meta_sync2 ; packer_ppa_boundary:u_boundary|frac_q[13]    ; clk          ; clk         ; 10.000       ; -0.048     ; 1.724      ;
; 8.215 ; packer_ppa_boundary:u_boundary|meta_sync2 ; packer_ppa_boundary:u_boundary|frac_q[11]    ; clk          ; clk         ; 10.000       ; -0.048     ; 1.724      ;
; 8.215 ; packer_ppa_boundary:u_boundary|meta_sync2 ; packer_ppa_boundary:u_boundary|frac_q[10]    ; clk          ; clk         ; 10.000       ; -0.048     ; 1.724      ;
; 8.215 ; packer_ppa_boundary:u_boundary|meta_sync2 ; posit_pack:u_packer|g_rne.p1_sticky_bit_q    ; clk          ; clk         ; 10.000       ; -0.048     ; 1.724      ;
; 8.215 ; packer_ppa_boundary:u_boundary|meta_sync2 ; posit_pack:u_packer|g_rne.p1_mag_trunc_q[1]  ; clk          ; clk         ; 10.000       ; -0.048     ; 1.724      ;
; 8.215 ; packer_ppa_boundary:u_boundary|meta_sync2 ; posit_pack:u_packer|g_rne.p1_mag_trunc_q[2]  ; clk          ; clk         ; 10.000       ; -0.048     ; 1.724      ;
; 8.215 ; packer_ppa_boundary:u_boundary|meta_sync2 ; posit_pack:u_packer|g_rne.p1_mag_trunc_q[3]  ; clk          ; clk         ; 10.000       ; -0.048     ; 1.724      ;
; 8.215 ; packer_ppa_boundary:u_boundary|meta_sync2 ; posit_pack:u_packer|g_rne.p1_mag_trunc_q[4]  ; clk          ; clk         ; 10.000       ; -0.048     ; 1.724      ;
; 8.215 ; packer_ppa_boundary:u_boundary|meta_sync2 ; posit_pack:u_packer|g_rne.p1_mag_trunc_q[5]  ; clk          ; clk         ; 10.000       ; -0.048     ; 1.724      ;
; 8.215 ; packer_ppa_boundary:u_boundary|meta_sync2 ; posit_pack:u_packer|g_rne.p1_mag_trunc_q[6]  ; clk          ; clk         ; 10.000       ; -0.048     ; 1.724      ;
; 8.215 ; packer_ppa_boundary:u_boundary|meta_sync2 ; posit_pack:u_packer|g_rne.p1_mag_trunc_q[7]  ; clk          ; clk         ; 10.000       ; -0.048     ; 1.724      ;
; 8.215 ; packer_ppa_boundary:u_boundary|meta_sync2 ; posit_pack:u_packer|g_rne.p1_mag_trunc_q[8]  ; clk          ; clk         ; 10.000       ; -0.048     ; 1.724      ;
; 8.215 ; packer_ppa_boundary:u_boundary|meta_sync2 ; posit_pack:u_packer|g_rne.p1_mag_trunc_q[9]  ; clk          ; clk         ; 10.000       ; -0.048     ; 1.724      ;
; 8.215 ; packer_ppa_boundary:u_boundary|meta_sync2 ; posit_pack:u_packer|g_rne.p1_mag_trunc_q[10] ; clk          ; clk         ; 10.000       ; -0.048     ; 1.724      ;
; 8.215 ; packer_ppa_boundary:u_boundary|meta_sync2 ; posit_pack:u_packer|g_rne.p1_mag_trunc_q[11] ; clk          ; clk         ; 10.000       ; -0.048     ; 1.724      ;
; 8.215 ; packer_ppa_boundary:u_boundary|meta_sync2 ; posit_pack:u_packer|g_rne.p1_mag_trunc_q[12] ; clk          ; clk         ; 10.000       ; -0.048     ; 1.724      ;
; 8.215 ; packer_ppa_boundary:u_boundary|meta_sync2 ; posit_pack:u_packer|g_rne.p1_mag_trunc_q[13] ; clk          ; clk         ; 10.000       ; -0.048     ; 1.724      ;
; 8.215 ; packer_ppa_boundary:u_boundary|meta_sync2 ; posit_pack:u_packer|g_rne.p1_mag_trunc_q[14] ; clk          ; clk         ; 10.000       ; -0.048     ; 1.724      ;
; 8.215 ; packer_ppa_boundary:u_boundary|meta_sync2 ; posit_pack:u_packer|g_rne.p1_mag_trunc_q[15] ; clk          ; clk         ; 10.000       ; -0.048     ; 1.724      ;
; 8.215 ; packer_ppa_boundary:u_boundary|meta_sync2 ; posit_pack:u_packer|g_rne.p1_mag_trunc_q[16] ; clk          ; clk         ; 10.000       ; -0.046     ; 1.726      ;
; 8.215 ; packer_ppa_boundary:u_boundary|meta_sync2 ; posit_pack:u_packer|g_rne.p1_mag_trunc_q[17] ; clk          ; clk         ; 10.000       ; -0.046     ; 1.726      ;
; 8.215 ; packer_ppa_boundary:u_boundary|meta_sync2 ; posit_pack:u_packer|g_rne.p1_mag_trunc_q[18] ; clk          ; clk         ; 10.000       ; -0.046     ; 1.726      ;
; 8.215 ; packer_ppa_boundary:u_boundary|meta_sync2 ; posit_pack:u_packer|g_rne.p1_mag_trunc_q[19] ; clk          ; clk         ; 10.000       ; -0.046     ; 1.726      ;
; 8.215 ; packer_ppa_boundary:u_boundary|meta_sync2 ; posit_pack:u_packer|g_rne.p1_mag_trunc_q[20] ; clk          ; clk         ; 10.000       ; -0.046     ; 1.726      ;
; 8.215 ; packer_ppa_boundary:u_boundary|meta_sync2 ; posit_pack:u_packer|g_rne.p1_mag_trunc_q[21] ; clk          ; clk         ; 10.000       ; -0.046     ; 1.726      ;
; 8.215 ; packer_ppa_boundary:u_boundary|meta_sync2 ; posit_pack:u_packer|g_rne.p1_mag_trunc_q[22] ; clk          ; clk         ; 10.000       ; -0.046     ; 1.726      ;
; 8.215 ; packer_ppa_boundary:u_boundary|meta_sync2 ; posit_pack:u_packer|g_rne.p1_mag_trunc_q[23] ; clk          ; clk         ; 10.000       ; -0.046     ; 1.726      ;
; 8.215 ; packer_ppa_boundary:u_boundary|meta_sync2 ; posit_pack:u_packer|g_rne.p1_mag_trunc_q[25] ; clk          ; clk         ; 10.000       ; -0.046     ; 1.726      ;
; 8.215 ; packer_ppa_boundary:u_boundary|meta_sync2 ; posit_pack:u_packer|g_rne.p1_mag_trunc_q[26] ; clk          ; clk         ; 10.000       ; -0.046     ; 1.726      ;
; 8.215 ; packer_ppa_boundary:u_boundary|meta_sync2 ; posit_pack:u_packer|g_rne.p1_mag_trunc_q[27] ; clk          ; clk         ; 10.000       ; -0.046     ; 1.726      ;
; 8.215 ; packer_ppa_boundary:u_boundary|meta_sync2 ; posit_pack:u_packer|g_rne.p1_mag_trunc_q[28] ; clk          ; clk         ; 10.000       ; -0.046     ; 1.726      ;
; 8.215 ; packer_ppa_boundary:u_boundary|meta_sync2 ; posit_pack:u_packer|g_rne.p1_mag_trunc_q[29] ; clk          ; clk         ; 10.000       ; -0.046     ; 1.726      ;
; 8.215 ; packer_ppa_boundary:u_boundary|meta_sync2 ; posit_pack:u_packer|g_rne.p1_valid_q         ; clk          ; clk         ; 10.000       ; -0.043     ; 1.729      ;
; 8.215 ; packer_ppa_boundary:u_boundary|meta_sync2 ; posit_pack:u_packer|g_rne.p2_valid_q         ; clk          ; clk         ; 10.000       ; -0.043     ; 1.729      ;
; 8.215 ; packer_ppa_boundary:u_boundary|meta_sync2 ; packer_ppa_boundary:u_boundary|out_valid     ; clk          ; clk         ; 10.000       ; -0.043     ; 1.729      ;
; 8.215 ; packer_ppa_boundary:u_boundary|meta_sync2 ; packer_ppa_boundary:u_boundary|sign_q        ; clk          ; clk         ; 10.000       ; -0.047     ; 1.725      ;
; 8.215 ; packer_ppa_boundary:u_boundary|meta_sync2 ; posit_pack:u_packer|g_rne.p1_sign_q          ; clk          ; clk         ; 10.000       ; -0.047     ; 1.725      ;
; 8.215 ; packer_ppa_boundary:u_boundary|meta_sync2 ; packer_ppa_boundary:u_boundary|d[0]          ; clk          ; clk         ; 10.000       ; -0.043     ; 1.729      ;
; 8.215 ; packer_ppa_boundary:u_boundary|meta_sync2 ; posit_pack:u_packer|g_rne.d_q[1]             ; clk          ; clk         ; 10.000       ; -0.043     ; 1.729      ;
; 8.215 ; packer_ppa_boundary:u_boundary|meta_sync2 ; packer_ppa_boundary:u_boundary|d[1]          ; clk          ; clk         ; 10.000       ; -0.043     ; 1.729      ;
; 8.215 ; packer_ppa_boundary:u_boundary|meta_sync2 ; packer_ppa_boundary:u_boundary|d[2]          ; clk          ; clk         ; 10.000       ; -0.051     ; 1.721      ;
; 8.215 ; packer_ppa_boundary:u_boundary|meta_sync2 ; packer_ppa_boundary:u_boundary|d[4]          ; clk          ; clk         ; 10.000       ; -0.043     ; 1.729      ;
; 8.215 ; packer_ppa_boundary:u_boundary|meta_sync2 ; packer_ppa_boundary:u_boundary|d[6]          ; clk          ; clk         ; 10.000       ; -0.043     ; 1.729      ;
; 8.215 ; packer_ppa_boundary:u_boundary|meta_sync2 ; packer_ppa_boundary:u_boundary|d[7]          ; clk          ; clk         ; 10.000       ; -0.051     ; 1.721      ;
; 8.215 ; packer_ppa_boundary:u_boundary|meta_sync2 ; packer_ppa_boundary:u_boundary|d[8]          ; clk          ; clk         ; 10.000       ; -0.043     ; 1.729      ;
; 8.215 ; packer_ppa_boundary:u_boundary|meta_sync2 ; packer_ppa_boundary:u_boundary|d[9]          ; clk          ; clk         ; 10.000       ; -0.043     ; 1.729      ;
; 8.215 ; packer_ppa_boundary:u_boundary|meta_sync2 ; packer_ppa_boundary:u_boundary|d[14]         ; clk          ; clk         ; 10.000       ; -0.048     ; 1.724      ;
; 8.215 ; packer_ppa_boundary:u_boundary|meta_sync2 ; packer_ppa_boundary:u_boundary|d[16]         ; clk          ; clk         ; 10.000       ; -0.051     ; 1.721      ;
; 8.215 ; packer_ppa_boundary:u_boundary|meta_sync2 ; packer_ppa_boundary:u_boundary|d[18]         ; clk          ; clk         ; 10.000       ; -0.043     ; 1.729      ;
; 8.215 ; packer_ppa_boundary:u_boundary|meta_sync2 ; packer_ppa_boundary:u_boundary|d[25]         ; clk          ; clk         ; 10.000       ; -0.052     ; 1.720      ;
; 8.215 ; packer_ppa_boundary:u_boundary|meta_sync2 ; packer_ppa_boundary:u_boundary|d[29]         ; clk          ; clk         ; 10.000       ; -0.048     ; 1.724      ;
; 8.215 ; packer_ppa_boundary:u_boundary|meta_sync2 ; packer_ppa_boundary:u_boundary|d[30]         ; clk          ; clk         ; 10.000       ; -0.048     ; 1.724      ;
; 8.215 ; packer_ppa_boundary:u_boundary|meta_sync2 ; packer_ppa_boundary:u_boundary|d[31]         ; clk          ; clk         ; 10.000       ; -0.047     ; 1.725      ;
; 8.215 ; packer_ppa_boundary:u_boundary|meta_sync2 ; packer_ppa_boundary:u_boundary|flags[0]      ; clk          ; clk         ; 10.000       ; -0.047     ; 1.725      ;
; 8.215 ; packer_ppa_boundary:u_boundary|meta_sync2 ; posit_pack:u_packer|g_rne.p1_flags_q[1]      ; clk          ; clk         ; 10.000       ; -0.048     ; 1.724      ;
; 8.215 ; packer_ppa_boundary:u_boundary|meta_sync2 ; packer_ppa_boundary:u_boundary|flags[1]      ; clk          ; clk         ; 10.000       ; -0.047     ; 1.725      ;
; 8.215 ; packer_ppa_boundary:u_boundary|meta_sync2 ; packer_ppa_boundary:u_boundary|flags[2]      ; clk          ; clk         ; 10.000       ; -0.047     ; 1.725      ;
; 8.216 ; packer_ppa_boundary:u_boundary|meta_sync2 ; packer_ppa_boundary:u_boundary|sf_q[6]       ; clk          ; clk         ; 10.000       ; -0.044     ; 1.727      ;
; 8.216 ; packer_ppa_boundary:u_boundary|meta_sync2 ; packer_ppa_boundary:u_boundary|sf_q[9]       ; clk          ; clk         ; 10.000       ; -0.042     ; 1.729      ;
; 8.216 ; packer_ppa_boundary:u_boundary|meta_sync2 ; packer_ppa_boundary:u_boundary|sf_q[8]       ; clk          ; clk         ; 10.000       ; -0.046     ; 1.725      ;
; 8.216 ; packer_ppa_boundary:u_boundary|meta_sync2 ; packer_ppa_boundary:u_boundary|sf_q[7]       ; clk          ; clk         ; 10.000       ; -0.046     ; 1.725      ;
; 8.216 ; packer_ppa_boundary:u_boundary|meta_sync2 ; packer_ppa_boundary:u_boundary|is_zero_q     ; clk          ; clk         ; 10.000       ; -0.046     ; 1.725      ;
; 8.216 ; packer_ppa_boundary:u_boundary|meta_sync2 ; packer_ppa_boundary:u_boundary|flags_in_q[4] ; clk          ; clk         ; 10.000       ; -0.050     ; 1.721      ;
; 8.216 ; packer_ppa_boundary:u_boundary|meta_sync2 ; packer_ppa_boundary:u_boundary|is_nar_q      ; clk          ; clk         ; 10.000       ; -0.050     ; 1.721      ;
; 8.216 ; packer_ppa_boundary:u_boundary|meta_sync2 ; packer_ppa_boundary:u_boundary|frac_q[43]    ; clk          ; clk         ; 10.000       ; -0.041     ; 1.730      ;
; 8.216 ; packer_ppa_boundary:u_boundary|meta_sync2 ; packer_ppa_boundary:u_boundary|sf_q[2]       ; clk          ; clk         ; 10.000       ; -0.042     ; 1.729      ;
; 8.216 ; packer_ppa_boundary:u_boundary|meta_sync2 ; packer_ppa_boundary:u_boundary|frac_q[44]    ; clk          ; clk         ; 10.000       ; -0.041     ; 1.730      ;
; 8.216 ; packer_ppa_boundary:u_boundary|meta_sync2 ; packer_ppa_boundary:u_boundary|frac_q[46]    ; clk          ; clk         ; 10.000       ; -0.041     ; 1.730      ;
; 8.216 ; packer_ppa_boundary:u_boundary|meta_sync2 ; packer_ppa_boundary:u_boundary|frac_q[45]    ; clk          ; clk         ; 10.000       ; -0.041     ; 1.730      ;
; 8.216 ; packer_ppa_boundary:u_boundary|meta_sync2 ; packer_ppa_boundary:u_boundary|frac_q[50]    ; clk          ; clk         ; 10.000       ; -0.042     ; 1.729      ;
; 8.216 ; packer_ppa_boundary:u_boundary|meta_sync2 ; packer_ppa_boundary:u_boundary|frac_q[49]    ; clk          ; clk         ; 10.000       ; -0.042     ; 1.729      ;
; 8.216 ; packer_ppa_boundary:u_boundary|meta_sync2 ; packer_ppa_boundary:u_boundary|frac_q[47]    ; clk          ; clk         ; 10.000       ; -0.042     ; 1.729      ;
; 8.216 ; packer_ppa_boundary:u_boundary|meta_sync2 ; packer_ppa_boundary:u_boundary|frac_q[48]    ; clk          ; clk         ; 10.000       ; -0.042     ; 1.729      ;
; 8.216 ; packer_ppa_boundary:u_boundary|meta_sync2 ; packer_ppa_boundary:u_boundary|frac_q[52]    ; clk          ; clk         ; 10.000       ; -0.042     ; 1.729      ;
; 8.216 ; packer_ppa_boundary:u_boundary|meta_sync2 ; packer_ppa_boundary:u_boundary|frac_q[51]    ; clk          ; clk         ; 10.000       ; -0.042     ; 1.729      ;
; 8.216 ; packer_ppa_boundary:u_boundary|meta_sync2 ; packer_ppa_boundary:u_boundary|frac_q[53]    ; clk          ; clk         ; 10.000       ; -0.042     ; 1.729      ;
; 8.216 ; packer_ppa_boundary:u_boundary|meta_sync2 ; packer_ppa_boundary:u_boundary|frac_q[54]    ; clk          ; clk         ; 10.000       ; -0.046     ; 1.725      ;
; 8.216 ; packer_ppa_boundary:u_boundary|meta_sync2 ; packer_ppa_boundary:u_boundary|sf_q[1]       ; clk          ; clk         ; 10.000       ; -0.044     ; 1.727      ;
; 8.216 ; packer_ppa_boundary:u_boundary|meta_sync2 ; packer_ppa_boundary:u_boundary|sf_q[0]       ; clk          ; clk         ; 10.000       ; -0.046     ; 1.725      ;
; 8.216 ; packer_ppa_boundary:u_boundary|meta_sync2 ; packer_ppa_boundary:u_boundary|frac_q[31]    ; clk          ; clk         ; 10.000       ; -0.042     ; 1.729      ;
; 8.216 ; packer_ppa_boundary:u_boundary|meta_sync2 ; packer_ppa_boundary:u_boundary|frac_q[32]    ; clk          ; clk         ; 10.000       ; -0.042     ; 1.729      ;
; 8.216 ; packer_ppa_boundary:u_boundary|meta_sync2 ; packer_ppa_boundary:u_boundary|frac_q[33]    ; clk          ; clk         ; 10.000       ; -0.042     ; 1.729      ;
; 8.216 ; packer_ppa_boundary:u_boundary|meta_sync2 ; packer_ppa_boundary:u_boundary|frac_q[34]    ; clk          ; clk         ; 10.000       ; -0.042     ; 1.729      ;
; 8.216 ; packer_ppa_boundary:u_boundary|meta_sync2 ; packer_ppa_boundary:u_boundary|frac_q[30]    ; clk          ; clk         ; 10.000       ; -0.042     ; 1.729      ;
; 8.216 ; packer_ppa_boundary:u_boundary|meta_sync2 ; packer_ppa_boundary:u_boundary|frac_q[29]    ; clk          ; clk         ; 10.000       ; -0.042     ; 1.729      ;
; 8.216 ; packer_ppa_boundary:u_boundary|meta_sync2 ; packer_ppa_boundary:u_boundary|frac_q[27]    ; clk          ; clk         ; 10.000       ; -0.042     ; 1.729      ;
; 8.216 ; packer_ppa_boundary:u_boundary|meta_sync2 ; packer_ppa_boundary:u_boundary|frac_q[28]    ; clk          ; clk         ; 10.000       ; -0.042     ; 1.729      ;
; 8.216 ; packer_ppa_boundary:u_boundary|meta_sync2 ; packer_ppa_boundary:u_boundary|frac_q[38]    ; clk          ; clk         ; 10.000       ; -0.041     ; 1.730      ;
; 8.216 ; packer_ppa_boundary:u_boundary|meta_sync2 ; packer_ppa_boundary:u_boundary|frac_q[37]    ; clk          ; clk         ; 10.000       ; -0.041     ; 1.730      ;
; 8.216 ; packer_ppa_boundary:u_boundary|meta_sync2 ; packer_ppa_boundary:u_boundary|frac_q[35]    ; clk          ; clk         ; 10.000       ; -0.042     ; 1.729      ;
; 8.216 ; packer_ppa_boundary:u_boundary|meta_sync2 ; packer_ppa_boundary:u_boundary|frac_q[36]    ; clk          ; clk         ; 10.000       ; -0.041     ; 1.730      ;
; 8.216 ; packer_ppa_boundary:u_boundary|meta_sync2 ; packer_ppa_boundary:u_boundary|frac_q[41]    ; clk          ; clk         ; 10.000       ; -0.041     ; 1.730      ;
+-------+-------------------------------------------+----------------------------------------------+--------------+-------------+--------------+------------+------------+


+------------------------------------------------------------------------------------------------------------------------------------------------------------------------+
; Fast 1200mV 0C Model Removal: 'clk'                                                                                                                                    ;
+-------+-------------------------------------------+----------------------------------------------+--------------+-------------+--------------+------------+------------+
; Slack ; From Node                                 ; To Node                                      ; Launch Clock ; Latch Clock ; Relationship ; Clock Skew ; Data Delay ;
+-------+-------------------------------------------+----------------------------------------------+--------------+-------------+--------------+------------+------------+
; 1.265 ; packer_ppa_boundary:u_boundary|meta_sync2 ; posit_pack:u_packer|g_rne.d_q[4]             ; clk          ; clk         ; 0.000        ; 0.223      ; 1.572      ;
; 1.265 ; packer_ppa_boundary:u_boundary|meta_sync2 ; posit_pack:u_packer|g_rne.d_q[10]            ; clk          ; clk         ; 0.000        ; 0.223      ; 1.572      ;
; 1.265 ; packer_ppa_boundary:u_boundary|meta_sync2 ; posit_pack:u_packer|g_rne.d_q[11]            ; clk          ; clk         ; 0.000        ; 0.224      ; 1.573      ;
; 1.265 ; packer_ppa_boundary:u_boundary|meta_sync2 ; posit_pack:u_packer|g_rne.d_q[12]            ; clk          ; clk         ; 0.000        ; 0.223      ; 1.572      ;
; 1.265 ; packer_ppa_boundary:u_boundary|meta_sync2 ; posit_pack:u_packer|g_rne.d_q[13]            ; clk          ; clk         ; 0.000        ; 0.223      ; 1.572      ;
; 1.265 ; packer_ppa_boundary:u_boundary|meta_sync2 ; posit_pack:u_packer|g_rne.d_q[19]            ; clk          ; clk         ; 0.000        ; 0.223      ; 1.572      ;
; 1.265 ; packer_ppa_boundary:u_boundary|meta_sync2 ; posit_pack:u_packer|g_rne.d_q[20]            ; clk          ; clk         ; 0.000        ; 0.221      ; 1.570      ;
; 1.265 ; packer_ppa_boundary:u_boundary|meta_sync2 ; posit_pack:u_packer|g_rne.d_q[21]            ; clk          ; clk         ; 0.000        ; 0.217      ; 1.566      ;
; 1.265 ; packer_ppa_boundary:u_boundary|meta_sync2 ; posit_pack:u_packer|g_rne.d_q[22]            ; clk          ; clk         ; 0.000        ; 0.221      ; 1.570      ;
; 1.265 ; packer_ppa_boundary:u_boundary|meta_sync2 ; posit_pack:u_packer|g_rne.d_q[23]            ; clk          ; clk         ; 0.000        ; 0.217      ; 1.566      ;
; 1.265 ; packer_ppa_boundary:u_boundary|meta_sync2 ; posit_pack:u_packer|g_rne.d_q[24]            ; clk          ; clk         ; 0.000        ; 0.221      ; 1.570      ;
; 1.265 ; packer_ppa_boundary:u_boundary|meta_sync2 ; posit_pack:u_packer|g_rne.d_q[25]            ; clk          ; clk         ; 0.000        ; 0.217      ; 1.566      ;
; 1.265 ; packer_ppa_boundary:u_boundary|meta_sync2 ; posit_pack:u_packer|g_rne.d_q[26]            ; clk          ; clk         ; 0.000        ; 0.221      ; 1.570      ;
; 1.265 ; packer_ppa_boundary:u_boundary|meta_sync2 ; posit_pack:u_packer|g_rne.d_q[27]            ; clk          ; clk         ; 0.000        ; 0.217      ; 1.566      ;
; 1.265 ; packer_ppa_boundary:u_boundary|meta_sync2 ; posit_pack:u_packer|g_rne.d_q[28]            ; clk          ; clk         ; 0.000        ; 0.217      ; 1.566      ;
; 1.265 ; packer_ppa_boundary:u_boundary|meta_sync2 ; packer_ppa_boundary:u_boundary|flags_in_q[1] ; clk          ; clk         ; 0.000        ; 0.220      ; 1.569      ;
; 1.265 ; packer_ppa_boundary:u_boundary|meta_sync2 ; posit_pack:u_packer|g_rne.flags_q[3]         ; clk          ; clk         ; 0.000        ; 0.221      ; 1.570      ;
; 1.277 ; packer_ppa_boundary:u_boundary|meta_sync2 ; posit_pack:u_packer|g_rne.d_q[0]             ; clk          ; clk         ; 0.000        ; 0.213      ; 1.574      ;
; 1.277 ; packer_ppa_boundary:u_boundary|meta_sync2 ; posit_pack:u_packer|g_rne.d_q[6]             ; clk          ; clk         ; 0.000        ; 0.213      ; 1.574      ;
; 1.277 ; packer_ppa_boundary:u_boundary|meta_sync2 ; posit_pack:u_packer|g_rne.d_q[8]             ; clk          ; clk         ; 0.000        ; 0.213      ; 1.574      ;
; 1.277 ; packer_ppa_boundary:u_boundary|meta_sync2 ; posit_pack:u_packer|g_rne.d_q[9]             ; clk          ; clk         ; 0.000        ; 0.213      ; 1.574      ;
; 1.277 ; packer_ppa_boundary:u_boundary|meta_sync2 ; posit_pack:u_packer|g_rne.d_q[18]            ; clk          ; clk         ; 0.000        ; 0.213      ; 1.574      ;
; 1.278 ; packer_ppa_boundary:u_boundary|meta_sync2 ; posit_pack:u_packer|g_rne.d_q[2]             ; clk          ; clk         ; 0.000        ; 0.208      ; 1.570      ;
; 1.278 ; packer_ppa_boundary:u_boundary|meta_sync2 ; posit_pack:u_packer|g_rne.d_q[14]            ; clk          ; clk         ; 0.000        ; 0.208      ; 1.570      ;
; 1.278 ; packer_ppa_boundary:u_boundary|meta_sync2 ; posit_pack:u_packer|g_rne.d_q[16]            ; clk          ; clk         ; 0.000        ; 0.208      ; 1.570      ;
; 1.278 ; packer_ppa_boundary:u_boundary|meta_sync2 ; posit_pack:u_packer|g_rne.d_q[29]            ; clk          ; clk         ; 0.000        ; 0.208      ; 1.570      ;
; 1.278 ; packer_ppa_boundary:u_boundary|meta_sync2 ; posit_pack:u_packer|g_rne.d_q[30]            ; clk          ; clk         ; 0.000        ; 0.208      ; 1.570      ;
; 1.278 ; packer_ppa_boundary:u_boundary|meta_sync2 ; posit_pack:u_packer|g_rne.d_q[31]            ; clk          ; clk         ; 0.000        ; 0.208      ; 1.570      ;
; 1.278 ; packer_ppa_boundary:u_boundary|meta_sync2 ; posit_pack:u_packer|g_rne.flags_q[0]         ; clk          ; clk         ; 0.000        ; 0.208      ; 1.570      ;
; 1.278 ; packer_ppa_boundary:u_boundary|meta_sync2 ; posit_pack:u_packer|g_rne.flags_q[1]         ; clk          ; clk         ; 0.000        ; 0.208      ; 1.570      ;
; 1.278 ; packer_ppa_boundary:u_boundary|meta_sync2 ; posit_pack:u_packer|g_rne.flags_q[2]         ; clk          ; clk         ; 0.000        ; 0.208      ; 1.570      ;
; 1.460 ; packer_ppa_boundary:u_boundary|meta_sync2 ; packer_ppa_boundary:u_boundary|sf_q[6]       ; clk          ; clk         ; 0.000        ; 0.029      ; 1.573      ;
; 1.460 ; packer_ppa_boundary:u_boundary|meta_sync2 ; packer_ppa_boundary:u_boundary|sf_q[9]       ; clk          ; clk         ; 0.000        ; 0.031      ; 1.575      ;
; 1.460 ; packer_ppa_boundary:u_boundary|meta_sync2 ; packer_ppa_boundary:u_boundary|sf_q[4]       ; clk          ; clk         ; 0.000        ; 0.030      ; 1.574      ;
; 1.460 ; packer_ppa_boundary:u_boundary|meta_sync2 ; packer_ppa_boundary:u_boundary|sf_q[3]       ; clk          ; clk         ; 0.000        ; 0.027      ; 1.571      ;
; 1.460 ; packer_ppa_boundary:u_boundary|meta_sync2 ; packer_ppa_boundary:u_boundary|sf_q[8]       ; clk          ; clk         ; 0.000        ; 0.027      ; 1.571      ;
; 1.460 ; packer_ppa_boundary:u_boundary|meta_sync2 ; packer_ppa_boundary:u_boundary|sf_q[7]       ; clk          ; clk         ; 0.000        ; 0.027      ; 1.571      ;
; 1.460 ; packer_ppa_boundary:u_boundary|meta_sync2 ; packer_ppa_boundary:u_boundary|is_zero_q     ; clk          ; clk         ; 0.000        ; 0.027      ; 1.571      ;
; 1.460 ; packer_ppa_boundary:u_boundary|meta_sync2 ; packer_ppa_boundary:u_boundary|flags_in_q[4] ; clk          ; clk         ; 0.000        ; 0.023      ; 1.567      ;
; 1.460 ; packer_ppa_boundary:u_boundary|meta_sync2 ; packer_ppa_boundary:u_boundary|is_nar_q      ; clk          ; clk         ; 0.000        ; 0.023      ; 1.567      ;
; 1.460 ; packer_ppa_boundary:u_boundary|meta_sync2 ; packer_ppa_boundary:u_boundary|frac_q[43]    ; clk          ; clk         ; 0.000        ; 0.032      ; 1.576      ;
; 1.460 ; packer_ppa_boundary:u_boundary|meta_sync2 ; packer_ppa_boundary:u_boundary|sf_q[2]       ; clk          ; clk         ; 0.000        ; 0.031      ; 1.575      ;
; 1.460 ; packer_ppa_boundary:u_boundary|meta_sync2 ; packer_ppa_boundary:u_boundary|frac_q[44]    ; clk          ; clk         ; 0.000        ; 0.032      ; 1.576      ;
; 1.460 ; packer_ppa_boundary:u_boundary|meta_sync2 ; packer_ppa_boundary:u_boundary|frac_q[46]    ; clk          ; clk         ; 0.000        ; 0.032      ; 1.576      ;
; 1.460 ; packer_ppa_boundary:u_boundary|meta_sync2 ; packer_ppa_boundary:u_boundary|frac_q[45]    ; clk          ; clk         ; 0.000        ; 0.032      ; 1.576      ;
; 1.460 ; packer_ppa_boundary:u_boundary|meta_sync2 ; packer_ppa_boundary:u_boundary|frac_q[50]    ; clk          ; clk         ; 0.000        ; 0.031      ; 1.575      ;
; 1.460 ; packer_ppa_boundary:u_boundary|meta_sync2 ; packer_ppa_boundary:u_boundary|frac_q[49]    ; clk          ; clk         ; 0.000        ; 0.031      ; 1.575      ;
; 1.460 ; packer_ppa_boundary:u_boundary|meta_sync2 ; packer_ppa_boundary:u_boundary|frac_q[47]    ; clk          ; clk         ; 0.000        ; 0.031      ; 1.575      ;
; 1.460 ; packer_ppa_boundary:u_boundary|meta_sync2 ; packer_ppa_boundary:u_boundary|frac_q[48]    ; clk          ; clk         ; 0.000        ; 0.031      ; 1.575      ;
; 1.460 ; packer_ppa_boundary:u_boundary|meta_sync2 ; packer_ppa_boundary:u_boundary|frac_q[52]    ; clk          ; clk         ; 0.000        ; 0.031      ; 1.575      ;
; 1.460 ; packer_ppa_boundary:u_boundary|meta_sync2 ; packer_ppa_boundary:u_boundary|frac_q[51]    ; clk          ; clk         ; 0.000        ; 0.031      ; 1.575      ;
; 1.460 ; packer_ppa_boundary:u_boundary|meta_sync2 ; packer_ppa_boundary:u_boundary|frac_q[53]    ; clk          ; clk         ; 0.000        ; 0.031      ; 1.575      ;
; 1.460 ; packer_ppa_boundary:u_boundary|meta_sync2 ; packer_ppa_boundary:u_boundary|frac_q[54]    ; clk          ; clk         ; 0.000        ; 0.027      ; 1.571      ;
; 1.460 ; packer_ppa_boundary:u_boundary|meta_sync2 ; packer_ppa_boundary:u_boundary|sf_q[1]       ; clk          ; clk         ; 0.000        ; 0.029      ; 1.573      ;
; 1.460 ; packer_ppa_boundary:u_boundary|meta_sync2 ; packer_ppa_boundary:u_boundary|sf_q[0]       ; clk          ; clk         ; 0.000        ; 0.027      ; 1.571      ;
; 1.460 ; packer_ppa_boundary:u_boundary|meta_sync2 ; packer_ppa_boundary:u_boundary|frac_q[31]    ; clk          ; clk         ; 0.000        ; 0.031      ; 1.575      ;
; 1.460 ; packer_ppa_boundary:u_boundary|meta_sync2 ; packer_ppa_boundary:u_boundary|frac_q[32]    ; clk          ; clk         ; 0.000        ; 0.031      ; 1.575      ;
; 1.460 ; packer_ppa_boundary:u_boundary|meta_sync2 ; packer_ppa_boundary:u_boundary|frac_q[33]    ; clk          ; clk         ; 0.000        ; 0.031      ; 1.575      ;
; 1.460 ; packer_ppa_boundary:u_boundary|meta_sync2 ; packer_ppa_boundary:u_boundary|frac_q[34]    ; clk          ; clk         ; 0.000        ; 0.031      ; 1.575      ;
; 1.460 ; packer_ppa_boundary:u_boundary|meta_sync2 ; packer_ppa_boundary:u_boundary|frac_q[30]    ; clk          ; clk         ; 0.000        ; 0.031      ; 1.575      ;
; 1.460 ; packer_ppa_boundary:u_boundary|meta_sync2 ; packer_ppa_boundary:u_boundary|frac_q[29]    ; clk          ; clk         ; 0.000        ; 0.031      ; 1.575      ;
; 1.460 ; packer_ppa_boundary:u_boundary|meta_sync2 ; packer_ppa_boundary:u_boundary|frac_q[27]    ; clk          ; clk         ; 0.000        ; 0.031      ; 1.575      ;
; 1.460 ; packer_ppa_boundary:u_boundary|meta_sync2 ; packer_ppa_boundary:u_boundary|frac_q[28]    ; clk          ; clk         ; 0.000        ; 0.031      ; 1.575      ;
; 1.460 ; packer_ppa_boundary:u_boundary|meta_sync2 ; packer_ppa_boundary:u_boundary|frac_q[38]    ; clk          ; clk         ; 0.000        ; 0.032      ; 1.576      ;
; 1.460 ; packer_ppa_boundary:u_boundary|meta_sync2 ; packer_ppa_boundary:u_boundary|frac_q[37]    ; clk          ; clk         ; 0.000        ; 0.032      ; 1.576      ;
; 1.460 ; packer_ppa_boundary:u_boundary|meta_sync2 ; packer_ppa_boundary:u_boundary|frac_q[35]    ; clk          ; clk         ; 0.000        ; 0.031      ; 1.575      ;
; 1.460 ; packer_ppa_boundary:u_boundary|meta_sync2 ; packer_ppa_boundary:u_boundary|frac_q[36]    ; clk          ; clk         ; 0.000        ; 0.032      ; 1.576      ;
; 1.460 ; packer_ppa_boundary:u_boundary|meta_sync2 ; packer_ppa_boundary:u_boundary|frac_q[41]    ; clk          ; clk         ; 0.000        ; 0.032      ; 1.576      ;
; 1.460 ; packer_ppa_boundary:u_boundary|meta_sync2 ; packer_ppa_boundary:u_boundary|frac_q[42]    ; clk          ; clk         ; 0.000        ; 0.032      ; 1.576      ;
; 1.460 ; packer_ppa_boundary:u_boundary|meta_sync2 ; packer_ppa_boundary:u_boundary|frac_q[40]    ; clk          ; clk         ; 0.000        ; 0.032      ; 1.576      ;
; 1.460 ; packer_ppa_boundary:u_boundary|meta_sync2 ; packer_ppa_boundary:u_boundary|frac_q[39]    ; clk          ; clk         ; 0.000        ; 0.032      ; 1.576      ;
; 1.460 ; packer_ppa_boundary:u_boundary|meta_sync2 ; posit_pack:u_packer|g_rne.p1_guard_bit_q     ; clk          ; clk         ; 0.000        ; 0.025      ; 1.569      ;
; 1.460 ; packer_ppa_boundary:u_boundary|meta_sync2 ; packer_ppa_boundary:u_boundary|frac_q[26]    ; clk          ; clk         ; 0.000        ; 0.031      ; 1.575      ;
; 1.460 ; packer_ppa_boundary:u_boundary|meta_sync2 ; posit_pack:u_packer|g_rne.p1_round_bit_q     ; clk          ; clk         ; 0.000        ; 0.025      ; 1.569      ;
; 1.460 ; packer_ppa_boundary:u_boundary|meta_sync2 ; posit_pack:u_packer|g_rne.p1_mag_trunc_q[0]  ; clk          ; clk         ; 0.000        ; 0.025      ; 1.569      ;
; 1.460 ; packer_ppa_boundary:u_boundary|meta_sync2 ; packer_ppa_boundary:u_boundary|frac_q[20]    ; clk          ; clk         ; 0.000        ; 0.029      ; 1.573      ;
; 1.460 ; packer_ppa_boundary:u_boundary|meta_sync2 ; packer_ppa_boundary:u_boundary|frac_q[21]    ; clk          ; clk         ; 0.000        ; 0.030      ; 1.574      ;
; 1.460 ; packer_ppa_boundary:u_boundary|meta_sync2 ; packer_ppa_boundary:u_boundary|frac_q[17]    ; clk          ; clk         ; 0.000        ; 0.029      ; 1.573      ;
; 1.460 ; packer_ppa_boundary:u_boundary|meta_sync2 ; packer_ppa_boundary:u_boundary|frac_q[16]    ; clk          ; clk         ; 0.000        ; 0.029      ; 1.573      ;
; 1.460 ; packer_ppa_boundary:u_boundary|meta_sync2 ; packer_ppa_boundary:u_boundary|frac_q[15]    ; clk          ; clk         ; 0.000        ; 0.029      ; 1.573      ;
; 1.460 ; packer_ppa_boundary:u_boundary|meta_sync2 ; packer_ppa_boundary:u_boundary|frac_q[19]    ; clk          ; clk         ; 0.000        ; 0.029      ; 1.573      ;
; 1.460 ; packer_ppa_boundary:u_boundary|meta_sync2 ; packer_ppa_boundary:u_boundary|frac_q[18]    ; clk          ; clk         ; 0.000        ; 0.030      ; 1.574      ;
; 1.460 ; packer_ppa_boundary:u_boundary|meta_sync2 ; packer_ppa_boundary:u_boundary|frac_q[23]    ; clk          ; clk         ; 0.000        ; 0.030      ; 1.574      ;
; 1.460 ; packer_ppa_boundary:u_boundary|meta_sync2 ; packer_ppa_boundary:u_boundary|frac_q[22]    ; clk          ; clk         ; 0.000        ; 0.030      ; 1.574      ;
; 1.460 ; packer_ppa_boundary:u_boundary|meta_sync2 ; packer_ppa_boundary:u_boundary|frac_q[25]    ; clk          ; clk         ; 0.000        ; 0.031      ; 1.575      ;
; 1.460 ; packer_ppa_boundary:u_boundary|meta_sync2 ; packer_ppa_boundary:u_boundary|frac_q[24]    ; clk          ; clk         ; 0.000        ; 0.031      ; 1.575      ;
; 1.460 ; packer_ppa_boundary:u_boundary|meta_sync2 ; packer_ppa_boundary:u_boundary|frac_q[9]     ; clk          ; clk         ; 0.000        ; 0.023      ; 1.567      ;
; 1.460 ; packer_ppa_boundary:u_boundary|meta_sync2 ; packer_ppa_boundary:u_boundary|frac_q[8]     ; clk          ; clk         ; 0.000        ; 0.023      ; 1.567      ;
; 1.460 ; packer_ppa_boundary:u_boundary|meta_sync2 ; packer_ppa_boundary:u_boundary|frac_q[7]     ; clk          ; clk         ; 0.000        ; 0.023      ; 1.567      ;
; 1.460 ; packer_ppa_boundary:u_boundary|meta_sync2 ; packer_ppa_boundary:u_boundary|frac_q[0]     ; clk          ; clk         ; 0.000        ; 0.029      ; 1.573      ;
; 1.460 ; packer_ppa_boundary:u_boundary|meta_sync2 ; packer_ppa_boundary:u_boundary|frac_q[1]     ; clk          ; clk         ; 0.000        ; 0.025      ; 1.569      ;
; 1.460 ; packer_ppa_boundary:u_boundary|meta_sync2 ; packer_ppa_boundary:u_boundary|frac_q[2]     ; clk          ; clk         ; 0.000        ; 0.025      ; 1.569      ;
; 1.460 ; packer_ppa_boundary:u_boundary|meta_sync2 ; packer_ppa_boundary:u_boundary|frac_q[3]     ; clk          ; clk         ; 0.000        ; 0.025      ; 1.569      ;
; 1.460 ; packer_ppa_boundary:u_boundary|meta_sync2 ; packer_ppa_boundary:u_boundary|frac_q[4]     ; clk          ; clk         ; 0.000        ; 0.023      ; 1.567      ;
; 1.460 ; packer_ppa_boundary:u_boundary|meta_sync2 ; packer_ppa_boundary:u_boundary|frac_q[5]     ; clk          ; clk         ; 0.000        ; 0.023      ; 1.567      ;
; 1.460 ; packer_ppa_boundary:u_boundary|meta_sync2 ; packer_ppa_boundary:u_boundary|frac_q[6]     ; clk          ; clk         ; 0.000        ; 0.023      ; 1.567      ;
; 1.460 ; packer_ppa_boundary:u_boundary|meta_sync2 ; packer_ppa_boundary:u_boundary|sticky_q      ; clk          ; clk         ; 0.000        ; 0.025      ; 1.569      ;
; 1.460 ; packer_ppa_boundary:u_boundary|meta_sync2 ; posit_pack:u_packer|g_rne.p1_sticky_bit_q    ; clk          ; clk         ; 0.000        ; 0.025      ; 1.569      ;
; 1.460 ; packer_ppa_boundary:u_boundary|meta_sync2 ; posit_pack:u_packer|g_rne.p1_mag_trunc_q[1]  ; clk          ; clk         ; 0.000        ; 0.025      ; 1.569      ;
; 1.460 ; packer_ppa_boundary:u_boundary|meta_sync2 ; posit_pack:u_packer|g_rne.p1_mag_trunc_q[2]  ; clk          ; clk         ; 0.000        ; 0.025      ; 1.569      ;
+-------+-------------------------------------------+----------------------------------------------+--------------+-------------+--------------+------------+------------+


+-----------------------------------------------------------------------------------------------------------------------------+
; Fast 1200mV 0C Model Minimum Pulse Width: 'clk'                                                                             ;
+-------+--------------+----------------+-----------------+-------+------------+----------------------------------------------+
; Slack ; Actual Width ; Required Width ; Type            ; Clock ; Clock Edge ; Target                                       ;
+-------+--------------+----------------+-----------------+-------+------------+----------------------------------------------+
; 4.424 ; 4.608        ; 0.184          ; Low Pulse Width ; clk   ; Rise       ; packer_ppa_boundary:u_boundary|flags_in_q[1] ;
; 4.424 ; 4.608        ; 0.184          ; Low Pulse Width ; clk   ; Rise       ; posit_pack:u_packer|g_rne.d_q[10]            ;
; 4.424 ; 4.608        ; 0.184          ; Low Pulse Width ; clk   ; Rise       ; posit_pack:u_packer|g_rne.d_q[12]            ;
; 4.424 ; 4.608        ; 0.184          ; Low Pulse Width ; clk   ; Rise       ; posit_pack:u_packer|g_rne.d_q[13]            ;
; 4.424 ; 4.608        ; 0.184          ; Low Pulse Width ; clk   ; Rise       ; posit_pack:u_packer|g_rne.d_q[19]            ;
; 4.424 ; 4.608        ; 0.184          ; Low Pulse Width ; clk   ; Rise       ; posit_pack:u_packer|g_rne.d_q[20]            ;
; 4.424 ; 4.608        ; 0.184          ; Low Pulse Width ; clk   ; Rise       ; posit_pack:u_packer|g_rne.d_q[21]            ;
; 4.424 ; 4.608        ; 0.184          ; Low Pulse Width ; clk   ; Rise       ; posit_pack:u_packer|g_rne.d_q[22]            ;
; 4.424 ; 4.608        ; 0.184          ; Low Pulse Width ; clk   ; Rise       ; posit_pack:u_packer|g_rne.d_q[23]            ;
; 4.424 ; 4.608        ; 0.184          ; Low Pulse Width ; clk   ; Rise       ; posit_pack:u_packer|g_rne.d_q[24]            ;
; 4.424 ; 4.608        ; 0.184          ; Low Pulse Width ; clk   ; Rise       ; posit_pack:u_packer|g_rne.d_q[25]            ;
; 4.424 ; 4.608        ; 0.184          ; Low Pulse Width ; clk   ; Rise       ; posit_pack:u_packer|g_rne.d_q[26]            ;
; 4.424 ; 4.608        ; 0.184          ; Low Pulse Width ; clk   ; Rise       ; posit_pack:u_packer|g_rne.d_q[27]            ;
; 4.424 ; 4.608        ; 0.184          ; Low Pulse Width ; clk   ; Rise       ; posit_pack:u_packer|g_rne.d_q[28]            ;
; 4.424 ; 4.608        ; 0.184          ; Low Pulse Width ; clk   ; Rise       ; posit_pack:u_packer|g_rne.d_q[4]             ;
; 4.424 ; 4.608        ; 0.184          ; Low Pulse Width ; clk   ; Rise       ; posit_pack:u_packer|g_rne.flags_q[3]         ;
; 4.425 ; 4.609        ; 0.184          ; Low Pulse Width ; clk   ; Rise       ; posit_pack:u_packer|g_rne.d_q[11]            ;
; 4.430 ; 4.614        ; 0.184          ; Low Pulse Width ; clk   ; Rise       ; posit_pack:u_packer|g_rne.d_q[0]             ;
; 4.430 ; 4.614        ; 0.184          ; Low Pulse Width ; clk   ; Rise       ; posit_pack:u_packer|g_rne.d_q[14]            ;
; 4.430 ; 4.614        ; 0.184          ; Low Pulse Width ; clk   ; Rise       ; posit_pack:u_packer|g_rne.d_q[16]            ;
; 4.430 ; 4.614        ; 0.184          ; Low Pulse Width ; clk   ; Rise       ; posit_pack:u_packer|g_rne.d_q[18]            ;
; 4.430 ; 4.614        ; 0.184          ; Low Pulse Width ; clk   ; Rise       ; posit_pack:u_packer|g_rne.d_q[29]            ;
; 4.430 ; 4.614        ; 0.184          ; Low Pulse Width ; clk   ; Rise       ; posit_pack:u_packer|g_rne.d_q[2]             ;
; 4.430 ; 4.614        ; 0.184          ; Low Pulse Width ; clk   ; Rise       ; posit_pack:u_packer|g_rne.d_q[30]            ;
; 4.430 ; 4.614        ; 0.184          ; Low Pulse Width ; clk   ; Rise       ; posit_pack:u_packer|g_rne.d_q[31]            ;
; 4.430 ; 4.614        ; 0.184          ; Low Pulse Width ; clk   ; Rise       ; posit_pack:u_packer|g_rne.d_q[6]             ;
; 4.430 ; 4.614        ; 0.184          ; Low Pulse Width ; clk   ; Rise       ; posit_pack:u_packer|g_rne.d_q[8]             ;
; 4.430 ; 4.614        ; 0.184          ; Low Pulse Width ; clk   ; Rise       ; posit_pack:u_packer|g_rne.d_q[9]             ;
; 4.430 ; 4.614        ; 0.184          ; Low Pulse Width ; clk   ; Rise       ; posit_pack:u_packer|g_rne.flags_q[0]         ;
; 4.430 ; 4.614        ; 0.184          ; Low Pulse Width ; clk   ; Rise       ; posit_pack:u_packer|g_rne.flags_q[1]         ;
; 4.430 ; 4.614        ; 0.184          ; Low Pulse Width ; clk   ; Rise       ; posit_pack:u_packer|g_rne.flags_q[2]         ;
; 4.443 ; 4.627        ; 0.184          ; Low Pulse Width ; clk   ; Rise       ; packer_ppa_boundary:u_boundary|d[0]          ;
; 4.443 ; 4.627        ; 0.184          ; Low Pulse Width ; clk   ; Rise       ; packer_ppa_boundary:u_boundary|d[10]         ;
; 4.443 ; 4.627        ; 0.184          ; Low Pulse Width ; clk   ; Rise       ; packer_ppa_boundary:u_boundary|d[16]         ;
; 4.443 ; 4.627        ; 0.184          ; Low Pulse Width ; clk   ; Rise       ; packer_ppa_boundary:u_boundary|d[17]         ;
; 4.443 ; 4.627        ; 0.184          ; Low Pulse Width ; clk   ; Rise       ; packer_ppa_boundary:u_boundary|d[18]         ;
; 4.443 ; 4.627        ; 0.184          ; Low Pulse Width ; clk   ; Rise       ; packer_ppa_boundary:u_boundary|d[19]         ;
; 4.443 ; 4.627        ; 0.184          ; Low Pulse Width ; clk   ; Rise       ; packer_ppa_boundary:u_boundary|d[20]         ;
; 4.443 ; 4.627        ; 0.184          ; Low Pulse Width ; clk   ; Rise       ; packer_ppa_boundary:u_boundary|d[21]         ;
; 4.443 ; 4.627        ; 0.184          ; Low Pulse Width ; clk   ; Rise       ; packer_ppa_boundary:u_boundary|d[22]         ;
; 4.443 ; 4.627        ; 0.184          ; Low Pulse Width ; clk   ; Rise       ; packer_ppa_boundary:u_boundary|d[23]         ;
; 4.443 ; 4.627        ; 0.184          ; Low Pulse Width ; clk   ; Rise       ; packer_ppa_boundary:u_boundary|d[24]         ;
; 4.443 ; 4.627        ; 0.184          ; Low Pulse Width ; clk   ; Rise       ; packer_ppa_boundary:u_boundary|d[25]         ;
; 4.443 ; 4.627        ; 0.184          ; Low Pulse Width ; clk   ; Rise       ; packer_ppa_boundary:u_boundary|d[26]         ;
; 4.443 ; 4.627        ; 0.184          ; Low Pulse Width ; clk   ; Rise       ; packer_ppa_boundary:u_boundary|d[27]         ;
; 4.443 ; 4.627        ; 0.184          ; Low Pulse Width ; clk   ; Rise       ; packer_ppa_boundary:u_boundary|d[28]         ;
; 4.443 ; 4.627        ; 0.184          ; Low Pulse Width ; clk   ; Rise       ; packer_ppa_boundary:u_boundary|d[2]          ;
; 4.443 ; 4.627        ; 0.184          ; Low Pulse Width ; clk   ; Rise       ; packer_ppa_boundary:u_boundary|d[31]         ;
; 4.443 ; 4.627        ; 0.184          ; Low Pulse Width ; clk   ; Rise       ; packer_ppa_boundary:u_boundary|d[4]          ;
; 4.443 ; 4.627        ; 0.184          ; Low Pulse Width ; clk   ; Rise       ; packer_ppa_boundary:u_boundary|d[6]          ;
; 4.443 ; 4.627        ; 0.184          ; Low Pulse Width ; clk   ; Rise       ; packer_ppa_boundary:u_boundary|d[7]          ;
; 4.443 ; 4.627        ; 0.184          ; Low Pulse Width ; clk   ; Rise       ; packer_ppa_boundary:u_boundary|d[8]          ;
; 4.443 ; 4.627        ; 0.184          ; Low Pulse Width ; clk   ; Rise       ; packer_ppa_boundary:u_boundary|d[9]          ;
; 4.443 ; 4.627        ; 0.184          ; Low Pulse Width ; clk   ; Rise       ; packer_ppa_boundary:u_boundary|flags[0]      ;
; 4.443 ; 4.627        ; 0.184          ; Low Pulse Width ; clk   ; Rise       ; packer_ppa_boundary:u_boundary|flags[1]      ;
; 4.443 ; 4.627        ; 0.184          ; Low Pulse Width ; clk   ; Rise       ; packer_ppa_boundary:u_boundary|flags[2]      ;
; 4.443 ; 4.627        ; 0.184          ; Low Pulse Width ; clk   ; Rise       ; packer_ppa_boundary:u_boundary|flags[3]      ;
; 4.443 ; 4.627        ; 0.184          ; Low Pulse Width ; clk   ; Rise       ; packer_ppa_boundary:u_boundary|flags_in_q[0] ;
; 4.443 ; 4.627        ; 0.184          ; Low Pulse Width ; clk   ; Rise       ; packer_ppa_boundary:u_boundary|flags_in_q[2] ;
; 4.443 ; 4.627        ; 0.184          ; Low Pulse Width ; clk   ; Rise       ; packer_ppa_boundary:u_boundary|flags_in_q[3] ;
; 4.443 ; 4.627        ; 0.184          ; Low Pulse Width ; clk   ; Rise       ; packer_ppa_boundary:u_boundary|flags_in_q[4] ;
; 4.443 ; 4.627        ; 0.184          ; Low Pulse Width ; clk   ; Rise       ; packer_ppa_boundary:u_boundary|frac_q[10]    ;
; 4.443 ; 4.627        ; 0.184          ; Low Pulse Width ; clk   ; Rise       ; packer_ppa_boundary:u_boundary|frac_q[11]    ;
; 4.443 ; 4.627        ; 0.184          ; Low Pulse Width ; clk   ; Rise       ; packer_ppa_boundary:u_boundary|frac_q[12]    ;
; 4.443 ; 4.627        ; 0.184          ; Low Pulse Width ; clk   ; Rise       ; packer_ppa_boundary:u_boundary|frac_q[13]    ;
; 4.443 ; 4.627        ; 0.184          ; Low Pulse Width ; clk   ; Rise       ; packer_ppa_boundary:u_boundary|frac_q[14]    ;
; 4.443 ; 4.627        ; 0.184          ; Low Pulse Width ; clk   ; Rise       ; packer_ppa_boundary:u_boundary|frac_q[25]    ;
; 4.443 ; 4.627        ; 0.184          ; Low Pulse Width ; clk   ; Rise       ; packer_ppa_boundary:u_boundary|frac_q[26]    ;
; 4.443 ; 4.627        ; 0.184          ; Low Pulse Width ; clk   ; Rise       ; packer_ppa_boundary:u_boundary|frac_q[27]    ;
; 4.443 ; 4.627        ; 0.184          ; Low Pulse Width ; clk   ; Rise       ; packer_ppa_boundary:u_boundary|frac_q[28]    ;
; 4.443 ; 4.627        ; 0.184          ; Low Pulse Width ; clk   ; Rise       ; packer_ppa_boundary:u_boundary|frac_q[29]    ;
; 4.443 ; 4.627        ; 0.184          ; Low Pulse Width ; clk   ; Rise       ; packer_ppa_boundary:u_boundary|frac_q[30]    ;
; 4.443 ; 4.627        ; 0.184          ; Low Pulse Width ; clk   ; Rise       ; packer_ppa_boundary:u_boundary|frac_q[31]    ;
; 4.443 ; 4.627        ; 0.184          ; Low Pulse Width ; clk   ; Rise       ; packer_ppa_boundary:u_boundary|frac_q[32]    ;
; 4.443 ; 4.627        ; 0.184          ; Low Pulse Width ; clk   ; Rise       ; packer_ppa_boundary:u_boundary|frac_q[33]    ;
; 4.443 ; 4.627        ; 0.184          ; Low Pulse Width ; clk   ; Rise       ; packer_ppa_boundary:u_boundary|frac_q[34]    ;
; 4.443 ; 4.627        ; 0.184          ; Low Pulse Width ; clk   ; Rise       ; packer_ppa_boundary:u_boundary|frac_q[35]    ;
; 4.443 ; 4.627        ; 0.184          ; Low Pulse Width ; clk   ; Rise       ; packer_ppa_boundary:u_boundary|frac_q[4]     ;
; 4.443 ; 4.627        ; 0.184          ; Low Pulse Width ; clk   ; Rise       ; packer_ppa_boundary:u_boundary|frac_q[5]     ;
; 4.443 ; 4.627        ; 0.184          ; Low Pulse Width ; clk   ; Rise       ; packer_ppa_boundary:u_boundary|frac_q[6]     ;
; 4.443 ; 4.627        ; 0.184          ; Low Pulse Width ; clk   ; Rise       ; packer_ppa_boundary:u_boundary|frac_q[7]     ;
; 4.443 ; 4.627        ; 0.184          ; Low Pulse Width ; clk   ; Rise       ; packer_ppa_boundary:u_boundary|frac_q[8]     ;
; 4.443 ; 4.627        ; 0.184          ; Low Pulse Width ; clk   ; Rise       ; packer_ppa_boundary:u_boundary|frac_q[9]     ;
; 4.443 ; 4.627        ; 0.184          ; Low Pulse Width ; clk   ; Rise       ; packer_ppa_boundary:u_boundary|is_nar_q      ;
; 4.443 ; 4.627        ; 0.184          ; Low Pulse Width ; clk   ; Rise       ; packer_ppa_boundary:u_boundary|out_valid     ;
; 4.443 ; 4.627        ; 0.184          ; Low Pulse Width ; clk   ; Rise       ; packer_ppa_boundary:u_boundary|sf_q[2]       ;
; 4.443 ; 4.627        ; 0.184          ; Low Pulse Width ; clk   ; Rise       ; packer_ppa_boundary:u_boundary|sf_q[3]       ;
; 4.443 ; 4.627        ; 0.184          ; Low Pulse Width ; clk   ; Rise       ; packer_ppa_boundary:u_boundary|sf_q[4]       ;
; 4.443 ; 4.627        ; 0.184          ; Low Pulse Width ; clk   ; Rise       ; packer_ppa_boundary:u_boundary|sf_q[5]       ;
; 4.443 ; 4.627        ; 0.184          ; Low Pulse Width ; clk   ; Rise       ; packer_ppa_boundary:u_boundary|sf_q[9]       ;
; 4.443 ; 4.627        ; 0.184          ; Low Pulse Width ; clk   ; Rise       ; packer_ppa_boundary:u_boundary|sign_q        ;
; 4.443 ; 4.627        ; 0.184          ; Low Pulse Width ; clk   ; Rise       ; posit_pack:u_packer|g_rne.p1_flags_q[0]      ;
; 4.443 ; 4.627        ; 0.184          ; Low Pulse Width ; clk   ; Rise       ; posit_pack:u_packer|g_rne.p1_flags_q[1]      ;
; 4.443 ; 4.627        ; 0.184          ; Low Pulse Width ; clk   ; Rise       ; posit_pack:u_packer|g_rne.p1_flags_q[2]      ;
; 4.443 ; 4.627        ; 0.184          ; Low Pulse Width ; clk   ; Rise       ; posit_pack:u_packer|g_rne.p1_flags_q[3]      ;
; 4.443 ; 4.627        ; 0.184          ; Low Pulse Width ; clk   ; Rise       ; posit_pack:u_packer|g_rne.p1_flags_q[4]      ;
; 4.443 ; 4.627        ; 0.184          ; Low Pulse Width ; clk   ; Rise       ; posit_pack:u_packer|g_rne.p1_guard_bit_q     ;
; 4.443 ; 4.627        ; 0.184          ; Low Pulse Width ; clk   ; Rise       ; posit_pack:u_packer|g_rne.p1_mag_trunc_q[0]  ;
; 4.443 ; 4.627        ; 0.184          ; Low Pulse Width ; clk   ; Rise       ; posit_pack:u_packer|g_rne.p1_mag_trunc_q[10] ;
; 4.443 ; 4.627        ; 0.184          ; Low Pulse Width ; clk   ; Rise       ; posit_pack:u_packer|g_rne.p1_mag_trunc_q[11] ;
+-------+--------------+----------------+-----------------+-------+------------+----------------------------------------------+


+---------------------------------------------------------------------------+
; Setup Times                                                               ;
+--------------+------------+--------+-------+------------+-----------------+
; Data Port    ; Clock Port ; Rise   ; Fall  ; Clock Edge ; Clock Reference ;
+--------------+------------+--------+-------+------------+-----------------+
; flags_in[*]  ; clk        ; 1.188  ; 1.834 ; Rise       ; clk             ;
;  flags_in[0] ; clk        ; 1.181  ; 1.825 ; Rise       ; clk             ;
;  flags_in[1] ; clk        ; 0.976  ; 1.630 ; Rise       ; clk             ;
;  flags_in[2] ; clk        ; 1.174  ; 1.815 ; Rise       ; clk             ;
;  flags_in[3] ; clk        ; 1.053  ; 1.660 ; Rise       ; clk             ;
;  flags_in[4] ; clk        ; 1.188  ; 1.834 ; Rise       ; clk             ;
; frac[*]      ; clk        ; 1.510  ; 2.211 ; Rise       ; clk             ;
;  frac[0]     ; clk        ; 1.106  ; 1.743 ; Rise       ; clk             ;
;  frac[1]     ; clk        ; 1.218  ; 1.841 ; Rise       ; clk             ;
;  frac[2]     ; clk        ; 0.985  ; 1.585 ; Rise       ; clk             ;
;  frac[3]     ; clk        ; 1.180  ; 1.786 ; Rise       ; clk             ;
;  frac[4]     ; clk        ; -0.014 ; 0.279 ; Rise       ; clk             ;
;  frac[5]     ; clk        ; 1.420  ; 2.125 ; Rise       ; clk             ;
;  frac[6]     ; clk        ; 1.010  ; 1.604 ; Rise       ; clk             ;
;  frac[7]     ; clk        ; 1.076  ; 1.693 ; Rise       ; clk             ;
;  frac[8]     ; clk        ; 1.289  ; 1.955 ; Rise       ; clk             ;
;  frac[9]     ; clk        ; 1.193  ; 1.851 ; Rise       ; clk             ;
;  frac[10]    ; clk        ; 1.180  ; 1.793 ; Rise       ; clk             ;
;  frac[11]    ; clk        ; 1.215  ; 1.879 ; Rise       ; clk             ;
;  frac[12]    ; clk        ; 0.972  ; 1.557 ; Rise       ; clk             ;
;  frac[13]    ; clk        ; 1.235  ; 1.882 ; Rise       ; clk             ;
;  frac[14]    ; clk        ; 1.142  ; 1.763 ; Rise       ; clk             ;
;  frac[15]    ; clk        ; 1.358  ; 2.007 ; Rise       ; clk             ;
;  frac[16]    ; clk        ; 1.317  ; 1.991 ; Rise       ; clk             ;
;  frac[17]    ; clk        ; 1.204  ; 1.838 ; Rise       ; clk             ;
;  frac[18]    ; clk        ; 1.196  ; 1.827 ; Rise       ; clk             ;
;  frac[19]    ; clk        ; 1.197  ; 1.843 ; Rise       ; clk             ;
;  frac[20]    ; clk        ; 1.335  ; 1.986 ; Rise       ; clk             ;
;  frac[21]    ; clk        ; 1.311  ; 1.986 ; Rise       ; clk             ;
;  frac[22]    ; clk        ; 1.324  ; 1.986 ; Rise       ; clk             ;
;  frac[23]    ; clk        ; 0.241  ; 0.479 ; Rise       ; clk             ;
;  frac[24]    ; clk        ; 1.163  ; 1.806 ; Rise       ; clk             ;
;  frac[25]    ; clk        ; -0.034 ; 0.263 ; Rise       ; clk             ;
;  frac[26]    ; clk        ; 1.338  ; 2.001 ; Rise       ; clk             ;
;  frac[27]    ; clk        ; 1.217  ; 1.883 ; Rise       ; clk             ;
;  frac[28]    ; clk        ; 1.431  ; 2.113 ; Rise       ; clk             ;
;  frac[29]    ; clk        ; 1.510  ; 2.205 ; Rise       ; clk             ;
;  frac[30]    ; clk        ; 1.379  ; 2.049 ; Rise       ; clk             ;
;  frac[31]    ; clk        ; 1.204  ; 1.846 ; Rise       ; clk             ;
;  frac[32]    ; clk        ; 1.267  ; 1.904 ; Rise       ; clk             ;
;  frac[33]    ; clk        ; 1.156  ; 1.783 ; Rise       ; clk             ;
;  frac[34]    ; clk        ; 1.138  ; 1.775 ; Rise       ; clk             ;
;  frac[35]    ; clk        ; -0.139 ; 0.164 ; Rise       ; clk             ;
;  frac[36]    ; clk        ; -0.024 ; 0.238 ; Rise       ; clk             ;
;  frac[37]    ; clk        ; -0.059 ; 0.221 ; Rise       ; clk             ;
;  frac[38]    ; clk        ; 1.301  ; 1.950 ; Rise       ; clk             ;
;  frac[39]    ; clk        ; 1.359  ; 2.023 ; Rise       ; clk             ;
;  frac[40]    ; clk        ; -0.154 ; 0.134 ; Rise       ; clk             ;
;  frac[41]    ; clk        ; 1.301  ; 1.947 ; Rise       ; clk             ;
;  frac[42]    ; clk        ; 1.382  ; 2.041 ; Rise       ; clk             ;
;  frac[43]    ; clk        ; 1.329  ; 1.977 ; Rise       ; clk             ;
;  frac[44]    ; clk        ; 1.121  ; 1.747 ; Rise       ; clk             ;
;  frac[45]    ; clk        ; 1.349  ; 2.013 ; Rise       ; clk             ;
;  frac[46]    ; clk        ; 1.486  ; 2.211 ; Rise       ; clk             ;
;  frac[47]    ; clk        ; 1.335  ; 1.991 ; Rise       ; clk             ;
;  frac[48]    ; clk        ; 1.371  ; 2.077 ; Rise       ; clk             ;
;  frac[49]    ; clk        ; 0.991  ; 1.594 ; Rise       ; clk             ;
;  frac[50]    ; clk        ; 1.304  ; 1.977 ; Rise       ; clk             ;
;  frac[51]    ; clk        ; 1.182  ; 1.812 ; Rise       ; clk             ;
;  frac[52]    ; clk        ; 1.355  ; 2.038 ; Rise       ; clk             ;
;  frac[53]    ; clk        ; 1.205  ; 1.867 ; Rise       ; clk             ;
;  frac[54]    ; clk        ; 1.240  ; 1.877 ; Rise       ; clk             ;
; is_nar       ; clk        ; 1.103  ; 1.726 ; Rise       ; clk             ;
; is_zero      ; clk        ; 1.185  ; 1.796 ; Rise       ; clk             ;
; sf[*]        ; clk        ; 1.358  ; 2.028 ; Rise       ; clk             ;
;  sf[0]       ; clk        ; 1.213  ; 1.885 ; Rise       ; clk             ;
;  sf[1]       ; clk        ; 1.322  ; 1.998 ; Rise       ; clk             ;
;  sf[2]       ; clk        ; 1.277  ; 1.938 ; Rise       ; clk             ;
;  sf[3]       ; clk        ; 1.249  ; 1.897 ; Rise       ; clk             ;
;  sf[4]       ; clk        ; 1.331  ; 1.998 ; Rise       ; clk             ;
;  sf[5]       ; clk        ; 1.356  ; 2.018 ; Rise       ; clk             ;
;  sf[6]       ; clk        ; 1.089  ; 1.723 ; Rise       ; clk             ;
;  sf[7]       ; clk        ; 1.358  ; 2.002 ; Rise       ; clk             ;
;  sf[8]       ; clk        ; 1.048  ; 1.657 ; Rise       ; clk             ;
;  sf[9]       ; clk        ; 1.348  ; 2.028 ; Rise       ; clk             ;
; sign         ; clk        ; 1.096  ; 1.690 ; Rise       ; clk             ;
; sticky       ; clk        ; 1.030  ; 1.631 ; Rise       ; clk             ;
+--------------+------------+--------+-------+------------+-----------------+


+----------------------------------------------------------------------------+
; Hold Times                                                                 ;
+--------------+------------+--------+--------+------------+-----------------+
; Data Port    ; Clock Port ; Rise   ; Fall   ; Clock Edge ; Clock Reference ;
+--------------+------------+--------+--------+------------+-----------------+
; flags_in[*]  ; clk        ; -0.748 ; -1.382 ; Rise       ; clk             ;
;  flags_in[0] ; clk        ; -0.964 ; -1.597 ; Rise       ; clk             ;
;  flags_in[1] ; clk        ; -0.748 ; -1.382 ; Rise       ; clk             ;
;  flags_in[2] ; clk        ; -0.957 ; -1.588 ; Rise       ; clk             ;
;  flags_in[3] ; clk        ; -0.834 ; -1.427 ; Rise       ; clk             ;
;  flags_in[4] ; clk        ; -0.971 ; -1.605 ; Rise       ; clk             ;
; frac[*]      ; clk        ; 0.315  ; 0.023  ; Rise       ; clk             ;
;  frac[0]     ; clk        ; -0.885 ; -1.507 ; Rise       ; clk             ;
;  frac[1]     ; clk        ; -0.997 ; -1.612 ; Rise       ; clk             ;
;  frac[2]     ; clk        ; -0.773 ; -1.367 ; Rise       ; clk             ;
;  frac[3]     ; clk        ; -0.961 ; -1.559 ; Rise       ; clk             ;
;  frac[4]     ; clk        ; 0.180  ; -0.116 ; Rise       ; clk             ;
;  frac[5]     ; clk        ; -1.194 ; -1.885 ; Rise       ; clk             ;
;  frac[6]     ; clk        ; -0.798 ; -1.385 ; Rise       ; clk             ;
;  frac[7]     ; clk        ; -0.863 ; -1.471 ; Rise       ; clk             ;
;  frac[8]     ; clk        ; -1.068 ; -1.722 ; Rise       ; clk             ;
;  frac[9]     ; clk        ; -0.976 ; -1.622 ; Rise       ; clk             ;
;  frac[10]    ; clk        ; -0.961 ; -1.566 ; Rise       ; clk             ;
;  frac[11]    ; clk        ; -0.997 ; -1.649 ; Rise       ; clk             ;
;  frac[12]    ; clk        ; -0.761 ; -1.339 ; Rise       ; clk             ;
;  frac[13]    ; clk        ; -1.014 ; -1.651 ; Rise       ; clk             ;
;  frac[14]    ; clk        ; -0.925 ; -1.537 ; Rise       ; clk             ;
;  frac[15]    ; clk        ; -1.132 ; -1.771 ; Rise       ; clk             ;
;  frac[16]    ; clk        ; -1.094 ; -1.756 ; Rise       ; clk             ;
;  frac[17]    ; clk        ; -0.984 ; -1.609 ; Rise       ; clk             ;
;  frac[18]    ; clk        ; -0.976 ; -1.598 ; Rise       ; clk             ;
;  frac[19]    ; clk        ; -0.979 ; -1.614 ; Rise       ; clk             ;
;  frac[20]    ; clk        ; -1.109 ; -1.751 ; Rise       ; clk             ;
;  frac[21]    ; clk        ; -1.089 ; -1.751 ; Rise       ; clk             ;
;  frac[22]    ; clk        ; -1.101 ; -1.751 ; Rise       ; clk             ;
;  frac[23]    ; clk        ; -0.065 ; -0.309 ; Rise       ; clk             ;
;  frac[24]    ; clk        ; -0.946 ; -1.579 ; Rise       ; clk             ;
;  frac[25]    ; clk        ; 0.200  ; -0.101 ; Rise       ; clk             ;
;  frac[26]    ; clk        ; -1.114 ; -1.766 ; Rise       ; clk             ;
;  frac[27]    ; clk        ; -0.998 ; -1.652 ; Rise       ; clk             ;
;  frac[28]    ; clk        ; -1.202 ; -1.873 ; Rise       ; clk             ;
;  frac[29]    ; clk        ; -1.279 ; -1.962 ; Rise       ; clk             ;
;  frac[30]    ; clk        ; -1.152 ; -1.812 ; Rise       ; clk             ;
;  frac[31]    ; clk        ; -0.984 ; -1.617 ; Rise       ; clk             ;
;  frac[32]    ; clk        ; -1.046 ; -1.673 ; Rise       ; clk             ;
;  frac[33]    ; clk        ; -0.938 ; -1.556 ; Rise       ; clk             ;
;  frac[34]    ; clk        ; -0.922 ; -1.548 ; Rise       ; clk             ;
;  frac[35]    ; clk        ; 0.301  ; -0.006 ; Rise       ; clk             ;
;  frac[36]    ; clk        ; 0.190  ; -0.077 ; Rise       ; clk             ;
;  frac[37]    ; clk        ; 0.224  ; -0.060 ; Rise       ; clk             ;
;  frac[38]    ; clk        ; -1.079 ; -1.717 ; Rise       ; clk             ;
;  frac[39]    ; clk        ; -1.132 ; -1.786 ; Rise       ; clk             ;
;  frac[40]    ; clk        ; 0.315  ; 0.023  ; Rise       ; clk             ;
;  frac[41]    ; clk        ; -1.079 ; -1.713 ; Rise       ; clk             ;
;  frac[42]    ; clk        ; -1.154 ; -1.804 ; Rise       ; clk             ;
;  frac[43]    ; clk        ; -1.103 ; -1.742 ; Rise       ; clk             ;
;  frac[44]    ; clk        ; -0.906 ; -1.522 ; Rise       ; clk             ;
;  frac[45]    ; clk        ; -1.123 ; -1.777 ; Rise       ; clk             ;
;  frac[46]    ; clk        ; -1.256 ; -1.968 ; Rise       ; clk             ;
;  frac[47]    ; clk        ; -1.110 ; -1.756 ; Rise       ; clk             ;
;  frac[48]    ; clk        ; -1.146 ; -1.839 ; Rise       ; clk             ;
;  frac[49]    ; clk        ; -0.779 ; -1.375 ; Rise       ; clk             ;
;  frac[50]    ; clk        ; -1.082 ; -1.743 ; Rise       ; clk             ;
;  frac[51]    ; clk        ; -0.963 ; -1.584 ; Rise       ; clk             ;
;  frac[52]    ; clk        ; -1.131 ; -1.801 ; Rise       ; clk             ;
;  frac[53]    ; clk        ; -0.986 ; -1.637 ; Rise       ; clk             ;
;  frac[54]    ; clk        ; -1.019 ; -1.647 ; Rise       ; clk             ;
; is_nar       ; clk        ; -0.882 ; -1.490 ; Rise       ; clk             ;
; is_zero      ; clk        ; -0.966 ; -1.569 ; Rise       ; clk             ;
; sf[*]        ; clk        ; -0.834 ; -1.436 ; Rise       ; clk             ;
;  sf[0]       ; clk        ; -0.995 ; -1.654 ; Rise       ; clk             ;
;  sf[1]       ; clk        ; -1.099 ; -1.763 ; Rise       ; clk             ;
;  sf[2]       ; clk        ; -1.056 ; -1.705 ; Rise       ; clk             ;
;  sf[3]       ; clk        ; -1.022 ; -1.654 ; Rise       ; clk             ;
;  sf[4]       ; clk        ; -1.106 ; -1.763 ; Rise       ; clk             ;
;  sf[5]       ; clk        ; -1.132 ; -1.782 ; Rise       ; clk             ;
;  sf[6]       ; clk        ; -0.868 ; -1.488 ; Rise       ; clk             ;
;  sf[7]       ; clk        ; -1.132 ; -1.767 ; Rise       ; clk             ;
;  sf[8]       ; clk        ; -0.834 ; -1.436 ; Rise       ; clk             ;
;  sf[9]       ; clk        ; -1.124 ; -1.792 ; Rise       ; clk             ;
; sign         ; clk        ; -0.881 ; -1.467 ; Rise       ; clk             ;
; sticky       ; clk        ; -0.817 ; -1.411 ; Rise       ; clk             ;
+--------------+------------+--------+--------+------------+-----------------+


+-----------------------------------------------------------------------+
; Clock to Output Times                                                 ;
+-----------+------------+-------+-------+------------+-----------------+
; Data Port ; Clock Port ; Rise  ; Fall  ; Clock Edge ; Clock Reference ;
+-----------+------------+-------+-------+------------+-----------------+
; d[*]      ; clk        ; 4.532 ; 4.773 ; Rise       ; clk             ;
;  d[0]     ; clk        ; 4.185 ; 4.350 ; Rise       ; clk             ;
;  d[1]     ; clk        ; 3.806 ; 3.958 ; Rise       ; clk             ;
;  d[2]     ; clk        ; 4.260 ; 4.448 ; Rise       ; clk             ;
;  d[3]     ; clk        ; 4.532 ; 4.773 ; Rise       ; clk             ;
;  d[4]     ; clk        ; 3.825 ; 3.945 ; Rise       ; clk             ;
;  d[5]     ; clk        ; 3.695 ; 3.820 ; Rise       ; clk             ;
;  d[6]     ; clk        ; 3.732 ; 3.854 ; Rise       ; clk             ;
;  d[7]     ; clk        ; 3.573 ; 3.664 ; Rise       ; clk             ;
;  d[8]     ; clk        ; 3.396 ; 3.462 ; Rise       ; clk             ;
;  d[9]     ; clk        ; 3.901 ; 4.019 ; Rise       ; clk             ;
;  d[10]    ; clk        ; 3.667 ; 3.772 ; Rise       ; clk             ;
;  d[11]    ; clk        ; 3.577 ; 3.720 ; Rise       ; clk             ;
;  d[12]    ; clk        ; 3.885 ; 4.022 ; Rise       ; clk             ;
;  d[13]    ; clk        ; 3.565 ; 3.649 ; Rise       ; clk             ;
;  d[14]    ; clk        ; 3.766 ; 3.898 ; Rise       ; clk             ;
;  d[15]    ; clk        ; 3.521 ; 3.602 ; Rise       ; clk             ;
;  d[16]    ; clk        ; 3.413 ; 3.500 ; Rise       ; clk             ;
;  d[17]    ; clk        ; 3.764 ; 3.918 ; Rise       ; clk             ;
;  d[18]    ; clk        ; 4.134 ; 4.303 ; Rise       ; clk             ;
;  d[19]    ; clk        ; 3.629 ; 3.717 ; Rise       ; clk             ;
;  d[20]    ; clk        ; 3.532 ; 3.619 ; Rise       ; clk             ;
;  d[21]    ; clk        ; 3.353 ; 3.431 ; Rise       ; clk             ;
;  d[22]    ; clk        ; 3.889 ; 4.041 ; Rise       ; clk             ;
;  d[23]    ; clk        ; 3.677 ; 3.793 ; Rise       ; clk             ;
;  d[24]    ; clk        ; 3.839 ; 3.964 ; Rise       ; clk             ;
;  d[25]    ; clk        ; 3.507 ; 3.586 ; Rise       ; clk             ;
;  d[26]    ; clk        ; 3.918 ; 4.078 ; Rise       ; clk             ;
;  d[27]    ; clk        ; 3.424 ; 3.500 ; Rise       ; clk             ;
;  d[28]    ; clk        ; 3.694 ; 3.804 ; Rise       ; clk             ;
;  d[29]    ; clk        ; 3.464 ; 3.546 ; Rise       ; clk             ;
;  d[30]    ; clk        ; 3.719 ; 3.840 ; Rise       ; clk             ;
;  d[31]    ; clk        ; 3.745 ; 3.867 ; Rise       ; clk             ;
; flags[*]  ; clk        ; 4.644 ; 4.872 ; Rise       ; clk             ;
;  flags[0] ; clk        ; 3.592 ; 3.704 ; Rise       ; clk             ;
;  flags[1] ; clk        ; 4.063 ; 4.202 ; Rise       ; clk             ;
;  flags[2] ; clk        ; 3.743 ; 3.863 ; Rise       ; clk             ;
;  flags[3] ; clk        ; 3.938 ; 4.084 ; Rise       ; clk             ;
;  flags[4] ; clk        ; 4.644 ; 4.872 ; Rise       ; clk             ;
; out_valid ; clk        ; 3.851 ; 3.997 ; Rise       ; clk             ;
+-----------+------------+-------+-------+------------+-----------------+


+-----------------------------------------------------------------------+
; Minimum Clock to Output Times                                         ;
+-----------+------------+-------+-------+------------+-----------------+
; Data Port ; Clock Port ; Rise  ; Fall  ; Clock Edge ; Clock Reference ;
+-----------+------------+-------+-------+------------+-----------------+
; d[*]      ; clk        ; 3.242 ; 3.317 ; Rise       ; clk             ;
;  d[0]     ; clk        ; 4.040 ; 4.199 ; Rise       ; clk             ;
;  d[1]     ; clk        ; 3.675 ; 3.821 ; Rise       ; clk             ;
;  d[2]     ; clk        ; 4.112 ; 4.292 ; Rise       ; clk             ;
;  d[3]     ; clk        ; 4.372 ; 4.604 ; Rise       ; clk             ;
;  d[4]     ; clk        ; 3.694 ; 3.810 ; Rise       ; clk             ;
;  d[5]     ; clk        ; 3.569 ; 3.690 ; Rise       ; clk             ;
;  d[6]     ; clk        ; 3.605 ; 3.722 ; Rise       ; clk             ;
;  d[7]     ; clk        ; 3.452 ; 3.540 ; Rise       ; clk             ;
;  d[8]     ; clk        ; 3.283 ; 3.345 ; Rise       ; clk             ;
;  d[9]     ; clk        ; 3.767 ; 3.880 ; Rise       ; clk             ;
;  d[10]    ; clk        ; 3.542 ; 3.643 ; Rise       ; clk             ;
;  d[11]    ; clk        ; 3.460 ; 3.597 ; Rise       ; clk             ;
;  d[12]    ; clk        ; 3.752 ; 3.883 ; Rise       ; clk             ;
;  d[13]    ; clk        ; 3.445 ; 3.525 ; Rise       ; clk             ;
;  d[14]    ; clk        ; 3.636 ; 3.763 ; Rise       ; clk             ;
;  d[15]    ; clk        ; 3.402 ; 3.479 ; Rise       ; clk             ;
;  d[16]    ; clk        ; 3.300 ; 3.383 ; Rise       ; clk             ;
;  d[17]    ; clk        ; 3.638 ; 3.788 ; Rise       ; clk             ;
;  d[18]    ; clk        ; 3.990 ; 4.153 ; Rise       ; clk             ;
;  d[19]    ; clk        ; 3.505 ; 3.590 ; Rise       ; clk             ;
;  d[20]    ; clk        ; 3.413 ; 3.497 ; Rise       ; clk             ;
;  d[21]    ; clk        ; 3.242 ; 3.317 ; Rise       ; clk             ;
;  d[22]    ; clk        ; 3.755 ; 3.902 ; Rise       ; clk             ;
;  d[23]    ; clk        ; 3.551 ; 3.664 ; Rise       ; clk             ;
;  d[24]    ; clk        ; 3.707 ; 3.827 ; Rise       ; clk             ;
;  d[25]    ; clk        ; 3.389 ; 3.464 ; Rise       ; clk             ;
;  d[26]    ; clk        ; 3.784 ; 3.936 ; Rise       ; clk             ;
;  d[27]    ; clk        ; 3.309 ; 3.382 ; Rise       ; clk             ;
;  d[28]    ; clk        ; 3.568 ; 3.674 ; Rise       ; clk             ;
;  d[29]    ; clk        ; 3.346 ; 3.425 ; Rise       ; clk             ;
;  d[30]    ; clk        ; 3.591 ; 3.708 ; Rise       ; clk             ;
;  d[31]    ; clk        ; 3.617 ; 3.734 ; Rise       ; clk             ;
; flags[*]  ; clk        ; 3.470 ; 3.578 ; Rise       ; clk             ;
;  flags[0] ; clk        ; 3.470 ; 3.578 ; Rise       ; clk             ;
;  flags[1] ; clk        ; 3.923 ; 4.056 ; Rise       ; clk             ;
;  flags[2] ; clk        ; 3.615 ; 3.730 ; Rise       ; clk             ;
;  flags[3] ; clk        ; 3.806 ; 3.947 ; Rise       ; clk             ;
;  flags[4] ; clk        ; 4.480 ; 4.699 ; Rise       ; clk             ;
; out_valid ; clk        ; 3.719 ; 3.859 ; Rise       ; clk             ;
+-----------+------------+-------+-------+------------+-----------------+


---------------------------------------------
; Fast 1200mV 0C Model Metastability Report ;
---------------------------------------------
No synchronizer chains to report.


+-----------------------------------------------------------------------------+
; Multicorner Timing Analysis Summary                                         ;
+------------------+-------+-------+----------+---------+---------------------+
; Clock            ; Setup ; Hold  ; Recovery ; Removal ; Minimum Pulse Width ;
+------------------+-------+-------+----------+---------+---------------------+
; Worst-case Slack ; 0.435 ; 0.193 ; 6.994    ; 1.265   ; 4.424               ;
;  clk             ; 0.435 ; 0.193 ; 6.994    ; 1.265   ; 4.424               ;
; Design-wide TNS  ; 0.0   ; 0.0   ; 0.0      ; 0.0     ; 0.0                 ;
;  clk             ; 0.000 ; 0.000 ; 0.000    ; 0.000   ; 0.000               ;
+------------------+-------+-------+----------+---------+---------------------+


+---------------------------------------------------------------------------+
; Setup Times                                                               ;
+--------------+------------+--------+-------+------------+-----------------+
; Data Port    ; Clock Port ; Rise   ; Fall  ; Clock Edge ; Clock Reference ;
+--------------+------------+--------+-------+------------+-----------------+
; flags_in[*]  ; clk        ; 2.087  ; 2.593 ; Rise       ; clk             ;
;  flags_in[0] ; clk        ; 2.081  ; 2.592 ; Rise       ; clk             ;
;  flags_in[1] ; clk        ; 1.677  ; 2.205 ; Rise       ; clk             ;
;  flags_in[2] ; clk        ; 2.060  ; 2.573 ; Rise       ; clk             ;
;  flags_in[3] ; clk        ; 1.883  ; 2.310 ; Rise       ; clk             ;
;  flags_in[4] ; clk        ; 2.087  ; 2.593 ; Rise       ; clk             ;
; frac[*]      ; clk        ; 2.643  ; 3.185 ; Rise       ; clk             ;
;  frac[0]     ; clk        ; 1.973  ; 2.429 ; Rise       ; clk             ;
;  frac[1]     ; clk        ; 2.146  ; 2.630 ; Rise       ; clk             ;
;  frac[2]     ; clk        ; 1.791  ; 2.229 ; Rise       ; clk             ;
;  frac[3]     ; clk        ; 2.081  ; 2.539 ; Rise       ; clk             ;
;  frac[4]     ; clk        ; -0.011 ; 0.279 ; Rise       ; clk             ;
;  frac[5]     ; clk        ; 2.509  ; 3.057 ; Rise       ; clk             ;
;  frac[6]     ; clk        ; 1.805  ; 2.253 ; Rise       ; clk             ;
;  frac[7]     ; clk        ; 1.942  ; 2.419 ; Rise       ; clk             ;
;  frac[8]     ; clk        ; 2.297  ; 2.827 ; Rise       ; clk             ;
;  frac[9]     ; clk        ; 2.114  ; 2.630 ; Rise       ; clk             ;
;  frac[10]    ; clk        ; 2.078  ; 2.546 ; Rise       ; clk             ;
;  frac[11]    ; clk        ; 2.155  ; 2.673 ; Rise       ; clk             ;
;  frac[12]    ; clk        ; 1.769  ; 2.193 ; Rise       ; clk             ;
;  frac[13]    ; clk        ; 2.185  ; 2.690 ; Rise       ; clk             ;
;  frac[14]    ; clk        ; 2.045  ; 2.508 ; Rise       ; clk             ;
;  frac[15]    ; clk        ; 2.402  ; 2.884 ; Rise       ; clk             ;
;  frac[16]    ; clk        ; 2.315  ; 2.854 ; Rise       ; clk             ;
;  frac[17]    ; clk        ; 2.157  ; 2.626 ; Rise       ; clk             ;
;  frac[18]    ; clk        ; 2.139  ; 2.605 ; Rise       ; clk             ;
;  frac[19]    ; clk        ; 2.083  ; 2.609 ; Rise       ; clk             ;
;  frac[20]    ; clk        ; 2.389  ; 2.868 ; Rise       ; clk             ;
;  frac[21]    ; clk        ; 2.365  ; 2.856 ; Rise       ; clk             ;
;  frac[22]    ; clk        ; 2.333  ; 2.840 ; Rise       ; clk             ;
;  frac[23]    ; clk        ; 0.382  ; 0.479 ; Rise       ; clk             ;
;  frac[24]    ; clk        ; 2.080  ; 2.562 ; Rise       ; clk             ;
;  frac[25]    ; clk        ; -0.034 ; 0.263 ; Rise       ; clk             ;
;  frac[26]    ; clk        ; 2.345  ; 2.886 ; Rise       ; clk             ;
;  frac[27]    ; clk        ; 2.154  ; 2.672 ; Rise       ; clk             ;
;  frac[28]    ; clk        ; 2.516  ; 3.062 ; Rise       ; clk             ;
;  frac[29]    ; clk        ; 2.643  ; 3.185 ; Rise       ; clk             ;
;  frac[30]    ; clk        ; 2.445  ; 2.974 ; Rise       ; clk             ;
;  frac[31]    ; clk        ; 2.143  ; 2.625 ; Rise       ; clk             ;
;  frac[32]    ; clk        ; 2.248  ; 2.710 ; Rise       ; clk             ;
;  frac[33]    ; clk        ; 2.083  ; 2.530 ; Rise       ; clk             ;
;  frac[34]    ; clk        ; 2.033  ; 2.509 ; Rise       ; clk             ;
;  frac[35]    ; clk        ; -0.139 ; 0.164 ; Rise       ; clk             ;
;  frac[36]    ; clk        ; -0.024 ; 0.238 ; Rise       ; clk             ;
;  frac[37]    ; clk        ; -0.059 ; 0.221 ; Rise       ; clk             ;
;  frac[38]    ; clk        ; 2.304  ; 2.773 ; Rise       ; clk             ;
;  frac[39]    ; clk        ; 2.421  ; 2.923 ; Rise       ; clk             ;
;  frac[40]    ; clk        ; -0.154 ; 0.134 ; Rise       ; clk             ;
;  frac[41]    ; clk        ; 2.297  ; 2.772 ; Rise       ; clk             ;
;  frac[42]    ; clk        ; 2.441  ; 2.932 ; Rise       ; clk             ;
;  frac[43]    ; clk        ; 2.357  ; 2.840 ; Rise       ; clk             ;
;  frac[44]    ; clk        ; 1.985  ; 2.439 ; Rise       ; clk             ;
;  frac[45]    ; clk        ; 2.413  ; 2.933 ; Rise       ; clk             ;
;  frac[46]    ; clk        ; 2.567  ; 3.156 ; Rise       ; clk             ;
;  frac[47]    ; clk        ; 2.383  ; 2.882 ; Rise       ; clk             ;
;  frac[48]    ; clk        ; 2.322  ; 2.916 ; Rise       ; clk             ;
;  frac[49]    ; clk        ; 1.797  ; 2.247 ; Rise       ; clk             ;
;  frac[50]    ; clk        ; 2.316  ; 2.860 ; Rise       ; clk             ;
;  frac[51]    ; clk        ; 2.130  ; 2.590 ; Rise       ; clk             ;
;  frac[52]    ; clk        ; 2.401  ; 2.942 ; Rise       ; clk             ;
;  frac[53]    ; clk        ; 2.118  ; 2.660 ; Rise       ; clk             ;
;  frac[54]    ; clk        ; 2.178  ; 2.665 ; Rise       ; clk             ;
; is_nar       ; clk        ; 1.949  ; 2.411 ; Rise       ; clk             ;
; is_zero      ; clk        ; 2.100  ; 2.552 ; Rise       ; clk             ;
; sf[*]        ; clk        ; 2.389  ; 2.918 ; Rise       ; clk             ;
;  sf[0]       ; clk        ; 2.156  ; 2.688 ; Rise       ; clk             ;
;  sf[1]       ; clk        ; 2.360  ; 2.845 ; Rise       ; clk             ;
;  sf[2]       ; clk        ; 2.302  ; 2.785 ; Rise       ; clk             ;
;  sf[3]       ; clk        ; 2.216  ; 2.689 ; Rise       ; clk             ;
;  sf[4]       ; clk        ; 2.389  ; 2.860 ; Rise       ; clk             ;
;  sf[5]       ; clk        ; 2.385  ; 2.882 ; Rise       ; clk             ;
;  sf[6]       ; clk        ; 1.939  ; 2.401 ; Rise       ; clk             ;
;  sf[7]       ; clk        ; 2.387  ; 2.844 ; Rise       ; clk             ;
;  sf[8]       ; clk        ; 1.888  ; 2.322 ; Rise       ; clk             ;
;  sf[9]       ; clk        ; 2.377  ; 2.918 ; Rise       ; clk             ;
; sign         ; clk        ; 1.980  ; 2.393 ; Rise       ; clk             ;
; sticky       ; clk        ; 1.846  ; 2.293 ; Rise       ; clk             ;
+--------------+------------+--------+-------+------------+-----------------+


+----------------------------------------------------------------------------+
; Hold Times                                                                 ;
+--------------+------------+--------+--------+------------+-----------------+
; Data Port    ; Clock Port ; Rise   ; Fall   ; Clock Edge ; Clock Reference ;
+--------------+------------+--------+--------+------------+-----------------+
; flags_in[*]  ; clk        ; -0.748 ; -1.382 ; Rise       ; clk             ;
;  flags_in[0] ; clk        ; -0.964 ; -1.597 ; Rise       ; clk             ;
;  flags_in[1] ; clk        ; -0.748 ; -1.382 ; Rise       ; clk             ;
;  flags_in[2] ; clk        ; -0.957 ; -1.588 ; Rise       ; clk             ;
;  flags_in[3] ; clk        ; -0.834 ; -1.427 ; Rise       ; clk             ;
;  flags_in[4] ; clk        ; -0.971 ; -1.605 ; Rise       ; clk             ;
; frac[*]      ; clk        ; 0.566  ; 0.467  ; Rise       ; clk             ;
;  frac[0]     ; clk        ; -0.885 ; -1.507 ; Rise       ; clk             ;
;  frac[1]     ; clk        ; -0.997 ; -1.612 ; Rise       ; clk             ;
;  frac[2]     ; clk        ; -0.773 ; -1.367 ; Rise       ; clk             ;
;  frac[3]     ; clk        ; -0.961 ; -1.559 ; Rise       ; clk             ;
;  frac[4]     ; clk        ; 0.349  ; 0.188  ; Rise       ; clk             ;
;  frac[5]     ; clk        ; -1.194 ; -1.885 ; Rise       ; clk             ;
;  frac[6]     ; clk        ; -0.798 ; -1.385 ; Rise       ; clk             ;
;  frac[7]     ; clk        ; -0.863 ; -1.471 ; Rise       ; clk             ;
;  frac[8]     ; clk        ; -1.068 ; -1.722 ; Rise       ; clk             ;
;  frac[9]     ; clk        ; -0.976 ; -1.622 ; Rise       ; clk             ;
;  frac[10]    ; clk        ; -0.961 ; -1.566 ; Rise       ; clk             ;
;  frac[11]    ; clk        ; -0.997 ; -1.649 ; Rise       ; clk             ;
;  frac[12]    ; clk        ; -0.761 ; -1.339 ; Rise       ; clk             ;
;  frac[13]    ; clk        ; -1.014 ; -1.651 ; Rise       ; clk             ;
;  frac[14]    ; clk        ; -0.925 ; -1.537 ; Rise       ; clk             ;
;  frac[15]    ; clk        ; -1.132 ; -1.771 ; Rise       ; clk             ;
;  frac[16]    ; clk        ; -1.094 ; -1.756 ; Rise       ; clk             ;
;  frac[17]    ; clk        ; -0.984 ; -1.609 ; Rise       ; clk             ;
;  frac[18]    ; clk        ; -0.976 ; -1.598 ; Rise       ; clk             ;
;  frac[19]    ; clk        ; -0.979 ; -1.614 ; Rise       ; clk             ;
;  frac[20]    ; clk        ; -1.109 ; -1.751 ; Rise       ; clk             ;
;  frac[21]    ; clk        ; -1.089 ; -1.751 ; Rise       ; clk             ;
;  frac[22]    ; clk        ; -1.101 ; -1.751 ; Rise       ; clk             ;
;  frac[23]    ; clk        ; -0.065 ; -0.164 ; Rise       ; clk             ;
;  frac[24]    ; clk        ; -0.946 ; -1.579 ; Rise       ; clk             ;
;  frac[25]    ; clk        ; 0.355  ; 0.218  ; Rise       ; clk             ;
;  frac[26]    ; clk        ; -1.114 ; -1.766 ; Rise       ; clk             ;
;  frac[27]    ; clk        ; -0.998 ; -1.652 ; Rise       ; clk             ;
;  frac[28]    ; clk        ; -1.202 ; -1.873 ; Rise       ; clk             ;
;  frac[29]    ; clk        ; -1.279 ; -1.962 ; Rise       ; clk             ;
;  frac[30]    ; clk        ; -1.152 ; -1.812 ; Rise       ; clk             ;
;  frac[31]    ; clk        ; -0.984 ; -1.617 ; Rise       ; clk             ;
;  frac[32]    ; clk        ; -1.046 ; -1.673 ; Rise       ; clk             ;
;  frac[33]    ; clk        ; -0.938 ; -1.556 ; Rise       ; clk             ;
;  frac[34]    ; clk        ; -0.922 ; -1.548 ; Rise       ; clk             ;
;  frac[35]    ; clk        ; 0.504  ; 0.363  ; Rise       ; clk             ;
;  frac[36]    ; clk        ; 0.338  ; 0.266  ; Rise       ; clk             ;
;  frac[37]    ; clk        ; 0.389  ; 0.272  ; Rise       ; clk             ;
;  frac[38]    ; clk        ; -1.079 ; -1.717 ; Rise       ; clk             ;
;  frac[39]    ; clk        ; -1.132 ; -1.786 ; Rise       ; clk             ;
;  frac[40]    ; clk        ; 0.566  ; 0.467  ; Rise       ; clk             ;
;  frac[41]    ; clk        ; -1.079 ; -1.713 ; Rise       ; clk             ;
;  frac[42]    ; clk        ; -1.154 ; -1.804 ; Rise       ; clk             ;
;  frac[43]    ; clk        ; -1.103 ; -1.742 ; Rise       ; clk             ;
;  frac[44]    ; clk        ; -0.906 ; -1.522 ; Rise       ; clk             ;
;  frac[45]    ; clk        ; -1.123 ; -1.777 ; Rise       ; clk             ;
;  frac[46]    ; clk        ; -1.256 ; -1.968 ; Rise       ; clk             ;
;  frac[47]    ; clk        ; -1.110 ; -1.756 ; Rise       ; clk             ;
;  frac[48]    ; clk        ; -1.146 ; -1.839 ; Rise       ; clk             ;
;  frac[49]    ; clk        ; -0.779 ; -1.375 ; Rise       ; clk             ;
;  frac[50]    ; clk        ; -1.082 ; -1.743 ; Rise       ; clk             ;
;  frac[51]    ; clk        ; -0.963 ; -1.584 ; Rise       ; clk             ;
;  frac[52]    ; clk        ; -1.131 ; -1.801 ; Rise       ; clk             ;
;  frac[53]    ; clk        ; -0.986 ; -1.637 ; Rise       ; clk             ;
;  frac[54]    ; clk        ; -1.019 ; -1.647 ; Rise       ; clk             ;
; is_nar       ; clk        ; -0.882 ; -1.490 ; Rise       ; clk             ;
; is_zero      ; clk        ; -0.966 ; -1.569 ; Rise       ; clk             ;
; sf[*]        ; clk        ; -0.834 ; -1.436 ; Rise       ; clk             ;
;  sf[0]       ; clk        ; -0.995 ; -1.654 ; Rise       ; clk             ;
;  sf[1]       ; clk        ; -1.099 ; -1.763 ; Rise       ; clk             ;
;  sf[2]       ; clk        ; -1.056 ; -1.705 ; Rise       ; clk             ;
;  sf[3]       ; clk        ; -1.022 ; -1.654 ; Rise       ; clk             ;
;  sf[4]       ; clk        ; -1.106 ; -1.763 ; Rise       ; clk             ;
;  sf[5]       ; clk        ; -1.132 ; -1.782 ; Rise       ; clk             ;
;  sf[6]       ; clk        ; -0.868 ; -1.488 ; Rise       ; clk             ;
;  sf[7]       ; clk        ; -1.132 ; -1.767 ; Rise       ; clk             ;
;  sf[8]       ; clk        ; -0.834 ; -1.436 ; Rise       ; clk             ;
;  sf[9]       ; clk        ; -1.124 ; -1.792 ; Rise       ; clk             ;
; sign         ; clk        ; -0.881 ; -1.467 ; Rise       ; clk             ;
; sticky       ; clk        ; -0.817 ; -1.411 ; Rise       ; clk             ;
+--------------+------------+--------+--------+------------+-----------------+


+-----------------------------------------------------------------------+
; Clock to Output Times                                                 ;
+-----------+------------+-------+-------+------------+-----------------+
; Data Port ; Clock Port ; Rise  ; Fall  ; Clock Edge ; Clock Reference ;
+-----------+------------+-------+-------+------------+-----------------+
; d[*]      ; clk        ; 7.836 ; 7.903 ; Rise       ; clk             ;
;  d[0]     ; clk        ; 7.212 ; 7.230 ; Rise       ; clk             ;
;  d[1]     ; clk        ; 6.495 ; 6.578 ; Rise       ; clk             ;
;  d[2]     ; clk        ; 7.281 ; 7.395 ; Rise       ; clk             ;
;  d[3]     ; clk        ; 7.836 ; 7.903 ; Rise       ; clk             ;
;  d[4]     ; clk        ; 6.554 ; 6.609 ; Rise       ; clk             ;
;  d[5]     ; clk        ; 6.364 ; 6.408 ; Rise       ; clk             ;
;  d[6]     ; clk        ; 6.382 ; 6.447 ; Rise       ; clk             ;
;  d[7]     ; clk        ; 6.126 ; 6.166 ; Rise       ; clk             ;
;  d[8]     ; clk        ; 5.810 ; 5.831 ; Rise       ; clk             ;
;  d[9]     ; clk        ; 6.725 ; 6.739 ; Rise       ; clk             ;
;  d[10]    ; clk        ; 6.286 ; 6.314 ; Rise       ; clk             ;
;  d[11]    ; clk        ; 6.144 ; 6.210 ; Rise       ; clk             ;
;  d[12]    ; clk        ; 6.664 ; 6.723 ; Rise       ; clk             ;
;  d[13]    ; clk        ; 6.094 ; 6.121 ; Rise       ; clk             ;
;  d[14]    ; clk        ; 6.430 ; 6.493 ; Rise       ; clk             ;
;  d[15]    ; clk        ; 6.030 ; 6.058 ; Rise       ; clk             ;
;  d[16]    ; clk        ; 5.847 ; 5.897 ; Rise       ; clk             ;
;  d[17]    ; clk        ; 6.467 ; 6.542 ; Rise       ; clk             ;
;  d[18]    ; clk        ; 7.123 ; 7.160 ; Rise       ; clk             ;
;  d[19]    ; clk        ; 6.240 ; 6.220 ; Rise       ; clk             ;
;  d[20]    ; clk        ; 6.085 ; 6.114 ; Rise       ; clk             ;
;  d[21]    ; clk        ; 5.760 ; 5.800 ; Rise       ; clk             ;
;  d[22]    ; clk        ; 6.651 ; 6.710 ; Rise       ; clk             ;
;  d[23]    ; clk        ; 6.274 ; 6.303 ; Rise       ; clk             ;
;  d[24]    ; clk        ; 6.583 ; 6.617 ; Rise       ; clk             ;
;  d[25]    ; clk        ; 6.027 ; 6.028 ; Rise       ; clk             ;
;  d[26]    ; clk        ; 6.739 ; 6.824 ; Rise       ; clk             ;
;  d[27]    ; clk        ; 5.847 ; 5.856 ; Rise       ; clk             ;
;  d[28]    ; clk        ; 6.317 ; 6.345 ; Rise       ; clk             ;
;  d[29]    ; clk        ; 5.899 ; 5.957 ; Rise       ; clk             ;
;  d[30]    ; clk        ; 6.390 ; 6.445 ; Rise       ; clk             ;
;  d[31]    ; clk        ; 6.434 ; 6.455 ; Rise       ; clk             ;
; flags[*]  ; clk        ; 7.937 ; 8.062 ; Rise       ; clk             ;
;  flags[0] ; clk        ; 6.167 ; 6.227 ; Rise       ; clk             ;
;  flags[1] ; clk        ; 6.988 ; 7.015 ; Rise       ; clk             ;
;  flags[2] ; clk        ; 6.416 ; 6.451 ; Rise       ; clk             ;
;  flags[3] ; clk        ; 6.789 ; 6.815 ; Rise       ; clk             ;
;  flags[4] ; clk        ; 7.937 ; 8.062 ; Rise       ; clk             ;
; out_valid ; clk        ; 6.611 ; 6.679 ; Rise       ; clk             ;
+-----------+------------+-------+-------+------------+-----------------+


+-----------------------------------------------------------------------+
; Minimum Clock to Output Times                                         ;
+-----------+------------+-------+-------+------------+-----------------+
; Data Port ; Clock Port ; Rise  ; Fall  ; Clock Edge ; Clock Reference ;
+-----------+------------+-------+-------+------------+-----------------+
; d[*]      ; clk        ; 3.242 ; 3.317 ; Rise       ; clk             ;
;  d[0]     ; clk        ; 4.040 ; 4.199 ; Rise       ; clk             ;
;  d[1]     ; clk        ; 3.675 ; 3.821 ; Rise       ; clk             ;
;  d[2]     ; clk        ; 4.112 ; 4.292 ; Rise       ; clk             ;
;  d[3]     ; clk        ; 4.372 ; 4.604 ; Rise       ; clk             ;
;  d[4]     ; clk        ; 3.694 ; 3.810 ; Rise       ; clk             ;
;  d[5]     ; clk        ; 3.569 ; 3.690 ; Rise       ; clk             ;
;  d[6]     ; clk        ; 3.605 ; 3.722 ; Rise       ; clk             ;
;  d[7]     ; clk        ; 3.452 ; 3.540 ; Rise       ; clk             ;
;  d[8]     ; clk        ; 3.283 ; 3.345 ; Rise       ; clk             ;
;  d[9]     ; clk        ; 3.767 ; 3.880 ; Rise       ; clk             ;
;  d[10]    ; clk        ; 3.542 ; 3.643 ; Rise       ; clk             ;
;  d[11]    ; clk        ; 3.460 ; 3.597 ; Rise       ; clk             ;
;  d[12]    ; clk        ; 3.752 ; 3.883 ; Rise       ; clk             ;
;  d[13]    ; clk        ; 3.445 ; 3.525 ; Rise       ; clk             ;
;  d[14]    ; clk        ; 3.636 ; 3.763 ; Rise       ; clk             ;
;  d[15]    ; clk        ; 3.402 ; 3.479 ; Rise       ; clk             ;
;  d[16]    ; clk        ; 3.300 ; 3.383 ; Rise       ; clk             ;
;  d[17]    ; clk        ; 3.638 ; 3.788 ; Rise       ; clk             ;
;  d[18]    ; clk        ; 3.990 ; 4.153 ; Rise       ; clk             ;
;  d[19]    ; clk        ; 3.505 ; 3.590 ; Rise       ; clk             ;
;  d[20]    ; clk        ; 3.413 ; 3.497 ; Rise       ; clk             ;
;  d[21]    ; clk        ; 3.242 ; 3.317 ; Rise       ; clk             ;
;  d[22]    ; clk        ; 3.755 ; 3.902 ; Rise       ; clk             ;
;  d[23]    ; clk        ; 3.551 ; 3.664 ; Rise       ; clk             ;
;  d[24]    ; clk        ; 3.707 ; 3.827 ; Rise       ; clk             ;
;  d[25]    ; clk        ; 3.389 ; 3.464 ; Rise       ; clk             ;
;  d[26]    ; clk        ; 3.784 ; 3.936 ; Rise       ; clk             ;
;  d[27]    ; clk        ; 3.309 ; 3.382 ; Rise       ; clk             ;
;  d[28]    ; clk        ; 3.568 ; 3.674 ; Rise       ; clk             ;
;  d[29]    ; clk        ; 3.346 ; 3.425 ; Rise       ; clk             ;
;  d[30]    ; clk        ; 3.591 ; 3.708 ; Rise       ; clk             ;
;  d[31]    ; clk        ; 3.617 ; 3.734 ; Rise       ; clk             ;
; flags[*]  ; clk        ; 3.470 ; 3.578 ; Rise       ; clk             ;
;  flags[0] ; clk        ; 3.470 ; 3.578 ; Rise       ; clk             ;
;  flags[1] ; clk        ; 3.923 ; 4.056 ; Rise       ; clk             ;
;  flags[2] ; clk        ; 3.615 ; 3.730 ; Rise       ; clk             ;
;  flags[3] ; clk        ; 3.806 ; 3.947 ; Rise       ; clk             ;
;  flags[4] ; clk        ; 4.480 ; 4.699 ; Rise       ; clk             ;
; out_valid ; clk        ; 3.719 ; 3.859 ; Rise       ; clk             ;
+-----------+------------+-------+-------+------------+-----------------+


+------------------------------------------------------------------------------------------------------------------------------------------------------------------------------------------------------------------------------------------------------------------------------------------------------------------------------------------------------------------------------------------------------------------+
; Board Trace Model Assignments                                                                                                                                                                                                                                                                                                                                                                                    ;
+---------------+--------------+-------------------+-------------------------+-------------------------+---------------+---------------------+----------------+------------------+--------+------------------+------------------------+------------------------+--------------+---------------+-----------------+-------+---------------------+--------------------+---------------+-----------------+-------------+
; Pin           ; I/O Standard ; Near Tline Length ; Near Tline L per Length ; Near Tline C per Length ; Near Series R ; Near Differential R ; Near Pull-up R ; Near Pull-down R ; Near C ; Far Tline Length ; Far Tline L per Length ; Far Tline C per Length ; Far Series R ; Far Pull-up R ; Far Pull-down R ; Far C ; Termination Voltage ; Far Differential R ; EBD File Name ; EBD Signal Name ; EBD Far-end ;
+---------------+--------------+-------------------+-------------------------+-------------------------+---------------+---------------------+----------------+------------------+--------+------------------+------------------------+------------------------+--------------+---------------+-----------------+-------+---------------------+--------------------+---------------+-----------------+-------------+
; out_valid     ; 2.5 V        ; 0 in              ; 0 H/in                  ; 0 F/in                  ; short         ; -                   ; open           ; open             ; open   ; 0 in             ; 0 H/in                 ; 0 F/in                 ; short        ; open          ; open            ; open  ; 0 V                 ; -                  ; n/a           ; n/a             ; n/a         ;
; d[0]          ; 2.5 V        ; 0 in              ; 0 H/in                  ; 0 F/in                  ; short         ; -                   ; open           ; open             ; open   ; 0 in             ; 0 H/in                 ; 0 F/in                 ; short        ; open          ; open            ; open  ; 0 V                 ; -                  ; n/a           ; n/a             ; n/a         ;
; d[1]          ; 2.5 V        ; 0 in              ; 0 H/in                  ; 0 F/in                  ; short         ; -                   ; open           ; open             ; open   ; 0 in             ; 0 H/in                 ; 0 F/in                 ; short        ; open          ; open            ; open  ; 0 V                 ; -                  ; n/a           ; n/a             ; n/a         ;
; d[2]          ; 2.5 V        ; 0 in              ; 0 H/in                  ; 0 F/in                  ; short         ; -                   ; open           ; open             ; open   ; 0 in             ; 0 H/in                 ; 0 F/in                 ; short        ; open          ; open            ; open  ; 0 V                 ; -                  ; n/a           ; n/a             ; n/a         ;
; d[3]          ; 2.5 V        ; 0 in              ; 0 H/in                  ; 0 F/in                  ; short         ; -                   ; open           ; open             ; open   ; 0 in             ; 0 H/in                 ; 0 F/in                 ; short        ; open          ; open            ; open  ; 0 V                 ; -                  ; n/a           ; n/a             ; n/a         ;
; d[4]          ; 2.5 V        ; 0 in              ; 0 H/in                  ; 0 F/in                  ; short         ; -                   ; open           ; open             ; open   ; 0 in             ; 0 H/in                 ; 0 F/in                 ; short        ; open          ; open            ; open  ; 0 V                 ; -                  ; n/a           ; n/a             ; n/a         ;
; d[5]          ; 2.5 V        ; 0 in              ; 0 H/in                  ; 0 F/in                  ; short         ; -                   ; open           ; open             ; open   ; 0 in             ; 0 H/in                 ; 0 F/in                 ; short        ; open          ; open            ; open  ; 0 V                 ; -                  ; n/a           ; n/a             ; n/a         ;
; d[6]          ; 2.5 V        ; 0 in              ; 0 H/in                  ; 0 F/in                  ; short         ; -                   ; open           ; open             ; open   ; 0 in             ; 0 H/in                 ; 0 F/in                 ; short        ; open          ; open            ; open  ; 0 V                 ; -                  ; n/a           ; n/a             ; n/a         ;
; d[7]          ; 2.5 V        ; 0 in              ; 0 H/in                  ; 0 F/in                  ; short         ; -                   ; open           ; open             ; open   ; 0 in             ; 0 H/in                 ; 0 F/in                 ; short        ; open          ; open            ; open  ; 0 V                 ; -                  ; n/a           ; n/a             ; n/a         ;
; d[8]          ; 2.5 V        ; 0 in              ; 0 H/in                  ; 0 F/in                  ; short         ; -                   ; open           ; open             ; open   ; 0 in             ; 0 H/in                 ; 0 F/in                 ; short        ; open          ; open            ; open  ; 0 V                 ; -                  ; n/a           ; n/a             ; n/a         ;
; d[9]          ; 2.5 V        ; 0 in              ; 0 H/in                  ; 0 F/in                  ; short         ; -                   ; open           ; open             ; open   ; 0 in             ; 0 H/in                 ; 0 F/in                 ; short        ; open          ; open            ; open  ; 0 V                 ; -                  ; n/a           ; n/a             ; n/a         ;
; d[10]         ; 2.5 V        ; 0 in              ; 0 H/in                  ; 0 F/in                  ; short         ; -                   ; open           ; open             ; open   ; 0 in             ; 0 H/in                 ; 0 F/in                 ; short        ; open          ; open            ; open  ; 0 V                 ; -                  ; n/a           ; n/a             ; n/a         ;
; d[11]         ; 2.5 V        ; 0 in              ; 0 H/in                  ; 0 F/in                  ; short         ; -                   ; open           ; open             ; open   ; 0 in             ; 0 H/in                 ; 0 F/in                 ; short        ; open          ; open            ; open  ; 0 V                 ; -                  ; n/a           ; n/a             ; n/a         ;
; d[12]         ; 2.5 V        ; 0 in              ; 0 H/in                  ; 0 F/in                  ; short         ; -                   ; open           ; open             ; open   ; 0 in             ; 0 H/in                 ; 0 F/in                 ; short        ; open          ; open            ; open  ; 0 V                 ; -                  ; n/a           ; n/a             ; n/a         ;
; d[13]         ; 2.5 V        ; 0 in              ; 0 H/in                  ; 0 F/in                  ; short         ; -                   ; open           ; open             ; open   ; 0 in             ; 0 H/in                 ; 0 F/in                 ; short        ; open          ; open            ; open  ; 0 V                 ; -                  ; n/a           ; n/a             ; n/a         ;
; d[14]         ; 2.5 V        ; 0 in              ; 0 H/in                  ; 0 F/in                  ; short         ; -                   ; open           ; open             ; open   ; 0 in             ; 0 H/in                 ; 0 F/in                 ; short        ; open          ; open            ; open  ; 0 V                 ; -                  ; n/a           ; n/a             ; n/a         ;
; d[15]         ; 2.5 V        ; 0 in              ; 0 H/in                  ; 0 F/in                  ; short         ; -                   ; open           ; open             ; open   ; 0 in             ; 0 H/in                 ; 0 F/in                 ; short        ; open          ; open            ; open  ; 0 V                 ; -                  ; n/a           ; n/a             ; n/a         ;
; d[16]         ; 2.5 V        ; 0 in              ; 0 H/in                  ; 0 F/in                  ; short         ; -                   ; open           ; open             ; open   ; 0 in             ; 0 H/in                 ; 0 F/in                 ; short        ; open          ; open            ; open  ; 0 V                 ; -                  ; n/a           ; n/a             ; n/a         ;
; d[17]         ; 2.5 V        ; 0 in              ; 0 H/in                  ; 0 F/in                  ; short         ; -                   ; open           ; open             ; open   ; 0 in             ; 0 H/in                 ; 0 F/in                 ; short        ; open          ; open            ; open  ; 0 V                 ; -                  ; n/a           ; n/a             ; n/a         ;
; d[18]         ; 2.5 V        ; 0 in              ; 0 H/in                  ; 0 F/in                  ; short         ; -                   ; open           ; open             ; open   ; 0 in             ; 0 H/in                 ; 0 F/in                 ; short        ; open          ; open            ; open  ; 0 V                 ; -                  ; n/a           ; n/a             ; n/a         ;
; d[19]         ; 2.5 V        ; 0 in              ; 0 H/in                  ; 0 F/in                  ; short         ; -                   ; open           ; open             ; open   ; 0 in             ; 0 H/in                 ; 0 F/in                 ; short        ; open          ; open            ; open  ; 0 V                 ; -                  ; n/a           ; n/a             ; n/a         ;
; d[20]         ; 2.5 V        ; 0 in              ; 0 H/in                  ; 0 F/in                  ; short         ; -                   ; open           ; open             ; open   ; 0 in             ; 0 H/in                 ; 0 F/in                 ; short        ; open          ; open            ; open  ; 0 V                 ; -                  ; n/a           ; n/a             ; n/a         ;
; d[21]         ; 2.5 V        ; 0 in              ; 0 H/in                  ; 0 F/in                  ; short         ; -                   ; open           ; open             ; open   ; 0 in             ; 0 H/in                 ; 0 F/in                 ; short        ; open          ; open            ; open  ; 0 V                 ; -                  ; n/a           ; n/a             ; n/a         ;
; d[22]         ; 2.5 V        ; 0 in              ; 0 H/in                  ; 0 F/in                  ; short         ; -                   ; open           ; open             ; open   ; 0 in             ; 0 H/in                 ; 0 F/in                 ; short        ; open          ; open            ; open  ; 0 V                 ; -                  ; n/a           ; n/a             ; n/a         ;
; d[23]         ; 2.5 V        ; 0 in              ; 0 H/in                  ; 0 F/in                  ; short         ; -                   ; open           ; open             ; open   ; 0 in             ; 0 H/in                 ; 0 F/in                 ; short        ; open          ; open            ; open  ; 0 V                 ; -                  ; n/a           ; n/a             ; n/a         ;
; d[24]         ; 2.5 V        ; 0 in              ; 0 H/in                  ; 0 F/in                  ; short         ; -                   ; open           ; open             ; open   ; 0 in             ; 0 H/in                 ; 0 F/in                 ; short        ; open          ; open            ; open  ; 0 V                 ; -                  ; n/a           ; n/a             ; n/a         ;
; d[25]         ; 2.5 V        ; 0 in              ; 0 H/in                  ; 0 F/in                  ; short         ; -                   ; open           ; open             ; open   ; 0 in             ; 0 H/in                 ; 0 F/in                 ; short        ; open          ; open            ; open  ; 0 V                 ; -                  ; n/a           ; n/a             ; n/a         ;
; d[26]         ; 2.5 V        ; 0 in              ; 0 H/in                  ; 0 F/in                  ; short         ; -                   ; open           ; open             ; open   ; 0 in             ; 0 H/in                 ; 0 F/in                 ; short        ; open          ; open            ; open  ; 0 V                 ; -                  ; n/a           ; n/a             ; n/a         ;
; d[27]         ; 2.5 V        ; 0 in              ; 0 H/in                  ; 0 F/in                  ; short         ; -                   ; open           ; open             ; open   ; 0 in             ; 0 H/in                 ; 0 F/in                 ; short        ; open          ; open            ; open  ; 0 V                 ; -                  ; n/a           ; n/a             ; n/a         ;
; d[28]         ; 2.5 V        ; 0 in              ; 0 H/in                  ; 0 F/in                  ; short         ; -                   ; open           ; open             ; open   ; 0 in             ; 0 H/in                 ; 0 F/in                 ; short        ; open          ; open            ; open  ; 0 V                 ; -                  ; n/a           ; n/a             ; n/a         ;
; d[29]         ; 2.5 V        ; 0 in              ; 0 H/in                  ; 0 F/in                  ; short         ; -                   ; open           ; open             ; open   ; 0 in             ; 0 H/in                 ; 0 F/in                 ; short        ; open          ; open            ; open  ; 0 V                 ; -                  ; n/a           ; n/a             ; n/a         ;
; d[30]         ; 2.5 V        ; 0 in              ; 0 H/in                  ; 0 F/in                  ; short         ; -                   ; open           ; open             ; open   ; 0 in             ; 0 H/in                 ; 0 F/in                 ; short        ; open          ; open            ; open  ; 0 V                 ; -                  ; n/a           ; n/a             ; n/a         ;
; d[31]         ; 2.5 V        ; 0 in              ; 0 H/in                  ; 0 F/in                  ; short         ; -                   ; open           ; open             ; open   ; 0 in             ; 0 H/in                 ; 0 F/in                 ; short        ; open          ; open            ; open  ; 0 V                 ; -                  ; n/a           ; n/a             ; n/a         ;
; flags[0]      ; 2.5 V        ; 0 in              ; 0 H/in                  ; 0 F/in                  ; short         ; -                   ; open           ; open             ; open   ; 0 in             ; 0 H/in                 ; 0 F/in                 ; short        ; open          ; open            ; open  ; 0 V                 ; -                  ; n/a           ; n/a             ; n/a         ;
; flags[1]      ; 2.5 V        ; 0 in              ; 0 H/in                  ; 0 F/in                  ; short         ; -                   ; open           ; open             ; open   ; 0 in             ; 0 H/in                 ; 0 F/in                 ; short        ; open          ; open            ; open  ; 0 V                 ; -                  ; n/a           ; n/a             ; n/a         ;
; flags[2]      ; 2.5 V        ; 0 in              ; 0 H/in                  ; 0 F/in                  ; short         ; -                   ; open           ; open             ; open   ; 0 in             ; 0 H/in                 ; 0 F/in                 ; short        ; open          ; open            ; open  ; 0 V                 ; -                  ; n/a           ; n/a             ; n/a         ;
; flags[3]      ; 2.5 V        ; 0 in              ; 0 H/in                  ; 0 F/in                  ; short         ; -                   ; open           ; open             ; open   ; 0 in             ; 0 H/in                 ; 0 F/in                 ; short        ; open          ; open            ; open  ; 0 V                 ; -                  ; n/a           ; n/a             ; n/a         ;
; flags[4]      ; 2.5 V        ; 0 in              ; 0 H/in                  ; 0 F/in                  ; short         ; -                   ; open           ; open             ; open   ; 0 in             ; 0 H/in                 ; 0 F/in                 ; short        ; open          ; open            ; open  ; 0 V                 ; -                  ; n/a           ; n/a             ; n/a         ;
; ~ALTERA_DCLK~ ; 2.5 V        ; 0 in              ; 0 H/in                  ; 0 F/in                  ; short         ; -                   ; open           ; open             ; open   ; 0 in             ; 0 H/in                 ; 0 F/in                 ; short        ; open          ; open            ; open  ; 0 V                 ; -                  ; n/a           ; n/a             ; n/a         ;
; ~ALTERA_nCEO~ ; 2.5 V        ; 0 in              ; 0 H/in                  ; 0 F/in                  ; short         ; -                   ; open           ; open             ; open   ; 0 in             ; 0 H/in                 ; 0 F/in                 ; short        ; open          ; open            ; open  ; 0 V                 ; -                  ; n/a           ; n/a             ; n/a         ;
+---------------+--------------+-------------------+-------------------------+-------------------------+---------------+---------------------+----------------+------------------+--------+------------------+------------------------+------------------------+--------------+---------------+-----------------+-------+---------------------+--------------------+---------------+-----------------+-------------+


+----------------------------------------------------------------------------+
; Input Transition Times                                                     ;
+-------------------------+--------------+-----------------+-----------------+
; Pin                     ; I/O Standard ; 10-90 Rise Time ; 90-10 Fall Time ;
+-------------------------+--------------+-----------------+-----------------+
; clk                     ; 2.5 V        ; 2000 ps         ; 2000 ps         ;
; reset_n                 ; 2.5 V        ; 2000 ps         ; 2000 ps         ;
; is_zero                 ; 2.5 V        ; 2000 ps         ; 2000 ps         ;
; is_nar                  ; 2.5 V        ; 2000 ps         ; 2000 ps         ;
; flags_in[4]             ; 2.5 V        ; 2000 ps         ; 2000 ps         ;
; sf[9]                   ; 2.5 V        ; 2000 ps         ; 2000 ps         ;
; sf[8]                   ; 2.5 V        ; 2000 ps         ; 2000 ps         ;
; sf[7]                   ; 2.5 V        ; 2000 ps         ; 2000 ps         ;
; sf[6]                   ; 2.5 V        ; 2000 ps         ; 2000 ps         ;
; sf[5]                   ; 2.5 V        ; 2000 ps         ; 2000 ps         ;
; sf[4]                   ; 2.5 V        ; 2000 ps         ; 2000 ps         ;
; sf[3]                   ; 2.5 V        ; 2000 ps         ; 2000 ps         ;
; frac[33]                ; 2.5 V        ; 2000 ps         ; 2000 ps         ;
; frac[34]                ; 2.5 V        ; 2000 ps         ; 2000 ps         ;
; sf[2]                   ; 2.5 V        ; 2000 ps         ; 2000 ps         ;
; frac[31]                ; 2.5 V        ; 2000 ps         ; 2000 ps         ;
; frac[32]                ; 2.5 V        ; 2000 ps         ; 2000 ps         ;
; frac[29]                ; 2.5 V        ; 2000 ps         ; 2000 ps         ;
; frac[30]                ; 2.5 V        ; 2000 ps         ; 2000 ps         ;
; frac[27]                ; 2.5 V        ; 2000 ps         ; 2000 ps         ;
; frac[28]                ; 2.5 V        ; 2000 ps         ; 2000 ps         ;
; frac[41]                ; 2.5 V        ; 2000 ps         ; 2000 ps         ;
; frac[42]                ; 2.5 V        ; 2000 ps         ; 2000 ps         ;
; frac[39]                ; 2.5 V        ; 2000 ps         ; 2000 ps         ;
; frac[40]                ; 2.5 V        ; 2000 ps         ; 2000 ps         ;
; frac[37]                ; 2.5 V        ; 2000 ps         ; 2000 ps         ;
; frac[38]                ; 2.5 V        ; 2000 ps         ; 2000 ps         ;
; frac[35]                ; 2.5 V        ; 2000 ps         ; 2000 ps         ;
; frac[36]                ; 2.5 V        ; 2000 ps         ; 2000 ps         ;
; sf[0]                   ; 2.5 V        ; 2000 ps         ; 2000 ps         ;
; sf[1]                   ; 2.5 V        ; 2000 ps         ; 2000 ps         ;
; frac[53]                ; 2.5 V        ; 2000 ps         ; 2000 ps         ;
; frac[54]                ; 2.5 V        ; 2000 ps         ; 2000 ps         ;
; frac[51]                ; 2.5 V        ; 2000 ps         ; 2000 ps         ;
; frac[52]                ; 2.5 V        ; 2000 ps         ; 2000 ps         ;
; frac[49]                ; 2.5 V        ; 2000 ps         ; 2000 ps         ;
; frac[50]                ; 2.5 V        ; 2000 ps         ; 2000 ps         ;
; frac[47]                ; 2.5 V        ; 2000 ps         ; 2000 ps         ;
; frac[48]                ; 2.5 V        ; 2000 ps         ; 2000 ps         ;
; frac[45]                ; 2.5 V        ; 2000 ps         ; 2000 ps         ;
; frac[46]                ; 2.5 V        ; 2000 ps         ; 2000 ps         ;
; frac[43]                ; 2.5 V        ; 2000 ps         ; 2000 ps         ;
; frac[44]                ; 2.5 V        ; 2000 ps         ; 2000 ps         ;
; frac[9]                 ; 2.5 V        ; 2000 ps         ; 2000 ps         ;
; frac[7]                 ; 2.5 V        ; 2000 ps         ; 2000 ps         ;
; frac[11]                ; 2.5 V        ; 2000 ps         ; 2000 ps         ;
; frac[13]                ; 2.5 V        ; 2000 ps         ; 2000 ps         ;
; frac[6]                 ; 2.5 V        ; 2000 ps         ; 2000 ps         ;
; frac[2]                 ; 2.5 V        ; 2000 ps         ; 2000 ps         ;
; frac[10]                ; 2.5 V        ; 2000 ps         ; 2000 ps         ;
; frac[0]                 ; 2.5 V        ; 2000 ps         ; 2000 ps         ;
; frac[3]                 ; 2.5 V        ; 2000 ps         ; 2000 ps         ;
; frac[1]                 ; 2.5 V        ; 2000 ps         ; 2000 ps         ;
; sticky                  ; 2.5 V        ; 2000 ps         ; 2000 ps         ;
; frac[8]                 ; 2.5 V        ; 2000 ps         ; 2000 ps         ;
; frac[17]                ; 2.5 V        ; 2000 ps         ; 2000 ps         ;
; frac[18]                ; 2.5 V        ; 2000 ps         ; 2000 ps         ;
; frac[15]                ; 2.5 V        ; 2000 ps         ; 2000 ps         ;
; frac[16]                ; 2.5 V        ; 2000 ps         ; 2000 ps         ;
; frac[14]                ; 2.5 V        ; 2000 ps         ; 2000 ps         ;
; frac[12]                ; 2.5 V        ; 2000 ps         ; 2000 ps         ;
; frac[5]                 ; 2.5 V        ; 2000 ps         ; 2000 ps         ;
; frac[4]                 ; 2.5 V        ; 2000 ps         ; 2000 ps         ;
; frac[25]                ; 2.5 V        ; 2000 ps         ; 2000 ps         ;
; frac[26]                ; 2.5 V        ; 2000 ps         ; 2000 ps         ;
; frac[23]                ; 2.5 V        ; 2000 ps         ; 2000 ps         ;
; frac[24]                ; 2.5 V        ; 2000 ps         ; 2000 ps         ;
; frac[21]                ; 2.5 V        ; 2000 ps         ; 2000 ps         ;
; frac[22]                ; 2.5 V        ; 2000 ps         ; 2000 ps         ;
; frac[19]                ; 2.5 V        ; 2000 ps         ; 2000 ps         ;
; frac[20]                ; 2.5 V        ; 2000 ps         ; 2000 ps         ;
; sign                    ; 2.5 V        ; 2000 ps         ; 2000 ps         ;
; flags_in[0]             ; 2.5 V        ; 2000 ps         ; 2000 ps         ;
; flags_in[1]             ; 2.5 V        ; 2000 ps         ; 2000 ps         ;
; flags_in[2]             ; 2.5 V        ; 2000 ps         ; 2000 ps         ;
; flags_in[3]             ; 2.5 V        ; 2000 ps         ; 2000 ps         ;
; ~ALTERA_ASDO_DATA1~     ; 2.5 V        ; 2000 ps         ; 2000 ps         ;
; ~ALTERA_FLASH_nCE_nCSO~ ; 2.5 V        ; 2000 ps         ; 2000 ps         ;
; ~ALTERA_DATA0~          ; 2.5 V        ; 2000 ps         ; 2000 ps         ;
+-------------------------+--------------+-----------------+-----------------+


+--------------------------------------------------------------------------------------------------------------------------------------------------------------------------------------------------------------------------------------------------------------------------------------------------------------------------------------------------------------------------------------------------------------------------------------------------------------------------------------------------------------------------------------------------------------------------------------------------------------------------------------------------------------------------------------------+
; Signal Integrity Metrics (Slow 1200mv 0c Model)                                                                                                                                                                                                                                                                                                                                                                                                                                                                                                                                                                                                                                            ;
+---------------+--------------+---------------------+---------------------+------------------------------+------------------------------+---------------------+---------------------+--------------------------------------+--------------------------------------+-----------------------------+-----------------------------+----------------------------+----------------------------+-----------------------------+-----------------------------+--------------------+--------------------+-------------------------------------+-------------------------------------+----------------------------+----------------------------+---------------------------+---------------------------+
; Pin           ; I/O Standard ; Board Delay on Rise ; Board Delay on Fall ; Steady State Voh at FPGA Pin ; Steady State Vol at FPGA Pin ; Voh Max at FPGA Pin ; Vol Min at FPGA Pin ; Ringback Voltage on Rise at FPGA Pin ; Ringback Voltage on Fall at FPGA Pin ; 10-90 Rise Time at FPGA Pin ; 90-10 Fall Time at FPGA Pin ; Monotonic Rise at FPGA Pin ; Monotonic Fall at FPGA Pin ; Steady State Voh at Far-end ; Steady State Vol at Far-end ; Voh Max at Far-end ; Vol Min at Far-end ; Ringback Voltage on Rise at Far-end ; Ringback Voltage on Fall at Far-end ; 10-90 Rise Time at Far-end ; 90-10 Fall Time at Far-end ; Monotonic Rise at Far-end ; Monotonic Fall at Far-end ;
+---------------+--------------+---------------------+---------------------+------------------------------+------------------------------+---------------------+---------------------+--------------------------------------+--------------------------------------+-----------------------------+-----------------------------+----------------------------+----------------------------+-----------------------------+-----------------------------+--------------------+--------------------+-------------------------------------+-------------------------------------+----------------------------+----------------------------+---------------------------+---------------------------+
; out_valid     ; 2.5 V        ; 0 s                 ; 0 s                 ; 2.32 V                       ; 5.95e-09 V                   ; 2.38 V              ; -0.016 V            ; 0.22 V                               ; 0.025 V                              ; 3.06e-10 s                  ; 3.3e-10 s                   ; Yes                        ; Yes                        ; 2.32 V                      ; 5.95e-09 V                  ; 2.38 V             ; -0.016 V           ; 0.22 V                              ; 0.025 V                             ; 3.06e-10 s                 ; 3.3e-10 s                  ; Yes                       ; Yes                       ;
; d[0]          ; 2.5 V        ; 0 s                 ; 0 s                 ; 2.32 V                       ; 5.95e-09 V                   ; 2.38 V              ; -0.016 V            ; 0.22 V                               ; 0.025 V                              ; 3.06e-10 s                  ; 3.3e-10 s                   ; Yes                        ; Yes                        ; 2.32 V                      ; 5.95e-09 V                  ; 2.38 V             ; -0.016 V           ; 0.22 V                              ; 0.025 V                             ; 3.06e-10 s                 ; 3.3e-10 s                  ; Yes                       ; Yes                       ;
; d[1]          ; 2.5 V        ; 0 s                 ; 0 s                 ; 2.32 V                       ; 5.95e-09 V                   ; 2.38 V              ; -0.016 V            ; 0.22 V                               ; 0.025 V                              ; 3.06e-10 s                  ; 3.3e-10 s                   ; Yes                        ; Yes                        ; 2.32 V                      ; 5.95e-09 V                  ; 2.38 V             ; -0.016 V           ; 0.22 V                              ; 0.025 V                             ; 3.06e-10 s                 ; 3.3e-10 s                  ; Yes                       ; Yes                       ;
; d[2]          ; 2.5 V        ; 0 s                 ; 0 s                 ; 2.32 V                       ; 5.95e-09 V                   ; 2.38 V              ; -0.016 V            ; 0.22 V                               ; 0.025 V                              ; 3.06e-10 s                  ; 3.3e-10 s                   ; Yes                        ; Yes                        ; 2.32 V                      ; 5.95e-09 V                  ; 2.38 V             ; -0.016 V           ; 0.22 V                              ; 0.025 V                             ; 3.06e-10 s                 ; 3.3e-10 s                  ; Yes                       ; Yes                       ;
; d[3]          ; 2.5 V        ; 0 s                 ; 0 s                 ; 2.32 V                       ; 5.95e-09 V                   ; 2.38 V              ; -0.016 V            ; 0.22 V                               ; 0.025 V                              ; 3.06e-10 s                  ; 3.3e-10 s                   ; Yes                        ; Yes                        ; 2.32 V                      ; 5.95e-09 V                  ; 2.38 V             ; -0.016 V           ; 0.22 V                              ; 0.025 V                             ; 3.06e-10 s                 ; 3.3e-10 s                  ; Yes                       ; Yes                       ;
; d[4]          ; 2.5 V        ; 0 s                 ; 0 s                 ; 2.32 V                       ; 5.95e-09 V                   ; 2.38 V              ; -0.016 V            ; 0.22 V                               ; 0.025 V                              ; 3.06e-10 s                  ; 3.3e-10 s                   ; Yes                        ; Yes                        ; 2.32 V                      ; 5.95e-09 V                  ; 2.38 V             ; -0.016 V           ; 0.22 V                              ; 0.025 V                             ; 3.06e-10 s                 ; 3.3e-10 s                  ; Yes                       ; Yes                       ;
; d[5]          ; 2.5 V        ; 0 s                 ; 0 s                 ; 2.32 V                       ; 5.95e-09 V                   ; 2.38 V              ; -0.016 V            ; 0.22 V                               ; 0.025 V                              ; 3.06e-10 s                  ; 3.3e-10 s                   ; Yes                        ; Yes                        ; 2.32 V                      ; 5.95e-09 V                  ; 2.38 V             ; -0.016 V           ; 0.22 V                              ; 0.025 V                             ; 3.06e-10 s                 ; 3.3e-10 s                  ; Yes                       ; Yes                       ;
; d[6]          ; 2.5 V        ; 0 s                 ; 0 s                 ; 2.32 V                       ; 5.95e-09 V                   ; 2.38 V              ; -0.016 V            ; 0.22 V                               ; 0.025 V                              ; 3.06e-10 s                  ; 3.3e-10 s                   ; Yes                        ; Yes                        ; 2.32 V                      ; 5.95e-09 V                  ; 2.38 V             ; -0.016 V           ; 0.22 V                              ; 0.025 V                             ; 3.06e-10 s                 ; 3.3e-10 s                  ; Yes                       ; Yes                       ;
; d[7]          ; 2.5 V        ; 0 s                 ; 0 s                 ; 2.32 V                       ; 5.95e-09 V                   ; 2.38 V              ; -0.016 V            ; 0.22 V                               ; 0.025 V                              ; 3.06e-10 s                  ; 3.3e-10 s                   ; Yes                        ; Yes                        ; 2.32 V                      ; 5.95e-09 V                  ; 2.38 V             ; -0.016 V           ; 0.22 V                              ; 0.025 V                             ; 3.06e-10 s                 ; 3.3e-10 s                  ; Yes                       ; Yes                       ;
; d[8]          ; 2.5 V        ; 0 s                 ; 0 s                 ; 2.32 V                       ; 5.95e-09 V                   ; 2.38 V              ; -0.016 V            ; 0.22 V                               ; 0.025 V                              ; 3.06e-10 s                  ; 3.3e-10 s                   ; Yes                        ; Yes                        ; 2.32 V                      ; 5.95e-09 V                  ; 2.38 V             ; -0.016 V           ; 0.22 V                              ; 0.025 V                             ; 3.06e-10 s                 ; 3.3e-10 s                  ; Yes                       ; Yes                       ;
; d[9]          ; 2.5 V        ; 0 s                 ; 0 s                 ; 2.32 V                       ; 5.95e-09 V                   ; 2.38 V              ; -0.016 V            ; 0.22 V                               ; 0.025 V                              ; 3.06e-10 s                  ; 3.3e-10 s                   ; Yes                        ; Yes                        ; 2.32 V                      ; 5.95e-09 V                  ; 2.38 V             ; -0.016 V           ; 0.22 V                              ; 0.025 V                             ; 3.06e-10 s                 ; 3.3e-10 s                  ; Yes                       ; Yes                       ;
; d[10]         ; 2.5 V        ; 0 s                 ; 0 s                 ; 2.32 V                       ; 5.95e-09 V                   ; 2.38 V              ; -0.016 V            ; 0.22 V                               ; 0.025 V                              ; 3.06e-10 s                  ; 3.3e-10 s                   ; Yes                        ; Yes                        ; 2.32 V                      ; 5.95e-09 V                  ; 2.38 V             ; -0.016 V           ; 0.22 V                              ; 0.025 V                             ; 3.06e-10 s                 ; 3.3e-10 s                  ; Yes                       ; Yes                       ;
; d[11]         ; 2.5 V        ; 0 s                 ; 0 s                 ; 2.32 V                       ; 4.44e-09 V                   ; 2.38 V              ; -0.0145 V           ; 0.169 V                              ; 0.026 V                              ; 4.83e-10 s                  ; 4.71e-10 s                  ; Yes                        ; Yes                        ; 2.32 V                      ; 4.44e-09 V                  ; 2.38 V             ; -0.0145 V          ; 0.169 V                             ; 0.026 V                             ; 4.83e-10 s                 ; 4.71e-10 s                 ; Yes                       ; Yes                       ;
; d[12]         ; 2.5 V        ; 0 s                 ; 0 s                 ; 2.32 V                       ; 5.95e-09 V                   ; 2.38 V              ; -0.016 V            ; 0.22 V                               ; 0.025 V                              ; 3.06e-10 s                  ; 3.3e-10 s                   ; Yes                        ; Yes                        ; 2.32 V                      ; 5.95e-09 V                  ; 2.38 V             ; -0.016 V           ; 0.22 V                              ; 0.025 V                             ; 3.06e-10 s                 ; 3.3e-10 s                  ; Yes                       ; Yes                       ;
; d[13]         ; 2.5 V        ; 0 s                 ; 0 s                 ; 2.32 V                       ; 5.95e-09 V                   ; 2.38 V              ; -0.016 V            ; 0.22 V                               ; 0.025 V                              ; 3.06e-10 s                  ; 3.3e-10 s                   ; Yes                        ; Yes                        ; 2.32 V                      ; 5.95e-09 V                  ; 2.38 V             ; -0.016 V           ; 0.22 V                              ; 0.025 V                             ; 3.06e-10 s                 ; 3.3e-10 s                  ; Yes                       ; Yes                       ;
; d[14]         ; 2.5 V        ; 0 s                 ; 0 s                 ; 2.32 V                       ; 5.95e-09 V                   ; 2.38 V              ; -0.016 V            ; 0.22 V                               ; 0.025 V                              ; 3.06e-10 s                  ; 3.3e-10 s                   ; Yes                        ; Yes                        ; 2.32 V                      ; 5.95e-09 V                  ; 2.38 V             ; -0.016 V           ; 0.22 V                              ; 0.025 V                             ; 3.06e-10 s                 ; 3.3e-10 s                  ; Yes                       ; Yes                       ;
; d[15]         ; 2.5 V        ; 0 s                 ; 0 s                 ; 2.32 V                       ; 5.95e-09 V                   ; 2.38 V              ; -0.016 V            ; 0.22 V                               ; 0.025 V                              ; 3.06e-10 s                  ; 3.3e-10 s                   ; Yes                        ; Yes                        ; 2.32 V                      ; 5.95e-09 V                  ; 2.38 V             ; -0.016 V           ; 0.22 V                              ; 0.025 V                             ; 3.06e-10 s                 ; 3.3e-10 s                  ; Yes                       ; Yes                       ;
; d[16]         ; 2.5 V        ; 0 s                 ; 0 s                 ; 2.32 V                       ; 4.44e-09 V                   ; 2.39 V              ; -0.0265 V           ; 0.2 V                                ; 0.033 V                              ; 2.94e-10 s                  ; 3.12e-10 s                  ; Yes                        ; Yes                        ; 2.32 V                      ; 4.44e-09 V                  ; 2.39 V             ; -0.0265 V          ; 0.2 V                               ; 0.033 V                             ; 2.94e-10 s                 ; 3.12e-10 s                 ; Yes                       ; Yes                       ;
; d[17]         ; 2.5 V        ; 0 s                 ; 0 s                 ; 2.32 V                       ; 4.44e-09 V                   ; 2.38 V              ; -0.0145 V           ; 0.169 V                              ; 0.026 V                              ; 4.83e-10 s                  ; 4.71e-10 s                  ; Yes                        ; Yes                        ; 2.32 V                      ; 4.44e-09 V                  ; 2.38 V             ; -0.0145 V          ; 0.169 V                             ; 0.026 V                             ; 4.83e-10 s                 ; 4.71e-10 s                 ; Yes                       ; Yes                       ;
; d[18]         ; 2.5 V        ; 0 s                 ; 0 s                 ; 2.32 V                       ; 5.95e-09 V                   ; 2.38 V              ; -0.016 V            ; 0.22 V                               ; 0.025 V                              ; 3.06e-10 s                  ; 3.3e-10 s                   ; Yes                        ; Yes                        ; 2.32 V                      ; 5.95e-09 V                  ; 2.38 V             ; -0.016 V           ; 0.22 V                              ; 0.025 V                             ; 3.06e-10 s                 ; 3.3e-10 s                  ; Yes                       ; Yes                       ;
; d[19]         ; 2.5 V        ; 0 s                 ; 0 s                 ; 2.32 V                       ; 5.95e-09 V                   ; 2.38 V              ; -0.016 V            ; 0.22 V                               ; 0.025 V                              ; 3.06e-10 s                  ; 3.3e-10 s                   ; Yes                        ; Yes                        ; 2.32 V                      ; 5.95e-09 V                  ; 2.38 V             ; -0.016 V           ; 0.22 V                              ; 0.025 V                             ; 3.06e-10 s                 ; 3.3e-10 s                  ; Yes                       ; Yes                       ;
; d[20]         ; 2.5 V        ; 0 s                 ; 0 s                 ; 2.32 V                       ; 5.95e-09 V                   ; 2.38 V              ; -0.016 V            ; 0.22 V                               ; 0.025 V                              ; 3.06e-10 s                  ; 3.3e-10 s                   ; Yes                        ; Yes                        ; 2.32 V                      ; 5.95e-09 V                  ; 2.38 V             ; -0.016 V           ; 0.22 V                              ; 0.025 V                             ; 3.06e-10 s                 ; 3.3e-10 s                  ; Yes                       ; Yes                       ;
; d[21]         ; 2.5 V        ; 0 s                 ; 0 s                 ; 2.32 V                       ; 4.44e-09 V                   ; 2.39 V              ; -0.0265 V           ; 0.2 V                                ; 0.033 V                              ; 2.94e-10 s                  ; 3.12e-10 s                  ; Yes                        ; Yes                        ; 2.32 V                      ; 4.44e-09 V                  ; 2.39 V             ; -0.0265 V          ; 0.2 V                               ; 0.033 V                             ; 2.94e-10 s                 ; 3.12e-10 s                 ; Yes                       ; Yes                       ;
; d[22]         ; 2.5 V        ; 0 s                 ; 0 s                 ; 2.32 V                       ; 5.95e-09 V                   ; 2.38 V              ; -0.016 V            ; 0.22 V                               ; 0.025 V                              ; 3.06e-10 s                  ; 3.3e-10 s                   ; Yes                        ; Yes                        ; 2.32 V                      ; 5.95e-09 V                  ; 2.38 V             ; -0.016 V           ; 0.22 V                              ; 0.025 V                             ; 3.06e-10 s                 ; 3.3e-10 s                  ; Yes                       ; Yes                       ;
; d[23]         ; 2.5 V        ; 0 s                 ; 0 s                 ; 2.32 V                       ; 5.95e-09 V                   ; 2.38 V              ; -0.016 V            ; 0.22 V                               ; 0.025 V                              ; 3.06e-10 s                  ; 3.3e-10 s                   ; Yes                        ; Yes                        ; 2.32 V                      ; 5.95e-09 V                  ; 2.38 V             ; -0.016 V           ; 0.22 V                              ; 0.025 V                             ; 3.06e-10 s                 ; 3.3e-10 s                  ; Yes                       ; Yes                       ;
; d[24]         ; 2.5 V        ; 0 s                 ; 0 s                 ; 2.32 V                       ; 5.95e-09 V                   ; 2.38 V              ; -0.016 V            ; 0.22 V                               ; 0.025 V                              ; 3.06e-10 s                  ; 3.3e-10 s                   ; Yes                        ; Yes                        ; 2.32 V                      ; 5.95e-09 V                  ; 2.38 V             ; -0.016 V           ; 0.22 V                              ; 0.025 V                             ; 3.06e-10 s                 ; 3.3e-10 s                  ; Yes                       ; Yes                       ;
; d[25]         ; 2.5 V        ; 0 s                 ; 0 s                 ; 2.32 V                       ; 5.95e-09 V                   ; 2.38 V              ; -0.016 V            ; 0.22 V                               ; 0.025 V                              ; 3.06e-10 s                  ; 3.3e-10 s                   ; Yes                        ; Yes                        ; 2.32 V                      ; 5.95e-09 V                  ; 2.38 V             ; -0.016 V           ; 0.22 V                              ; 0.025 V                             ; 3.06e-10 s                 ; 3.3e-10 s                  ; Yes                       ; Yes                       ;
; d[26]         ; 2.5 V        ; 0 s                 ; 0 s                 ; 2.32 V                       ; 5.95e-09 V                   ; 2.38 V              ; -0.016 V            ; 0.22 V                               ; 0.025 V                              ; 3.06e-10 s                  ; 3.3e-10 s                   ; Yes                        ; Yes                        ; 2.32 V                      ; 5.95e-09 V                  ; 2.38 V             ; -0.016 V           ; 0.22 V                              ; 0.025 V                             ; 3.06e-10 s                 ; 3.3e-10 s                  ; Yes                       ; Yes                       ;
; d[27]         ; 2.5 V        ; 0 s                 ; 0 s                 ; 2.32 V                       ; 5.95e-09 V                   ; 2.38 V              ; -0.016 V            ; 0.22 V                               ; 0.025 V                              ; 3.06e-10 s                  ; 3.3e-10 s                   ; Yes                        ; Yes                        ; 2.32 V                      ; 5.95e-09 V                  ; 2.38 V             ; -0.016 V           ; 0.22 V                              ; 0.025 V                             ; 3.06e-10 s                 ; 3.3e-10 s                  ; Yes                       ; Yes                       ;
; d[28]         ; 2.5 V        ; 0 s                 ; 0 s                 ; 2.32 V                       ; 5.95e-09 V                   ; 2.38 V              ; -0.016 V            ; 0.22 V                               ; 0.025 V                              ; 3.06e-10 s                  ; 3.3e-10 s                   ; Yes                        ; Yes                        ; 2.32 V                      ; 5.95e-09 V                  ; 2.38 V             ; -0.016 V           ; 0.22 V                              ; 0.025 V                             ; 3.06e-10 s                 ; 3.3e-10 s                  ; Yes                       ; Yes                       ;
; d[29]         ; 2.5 V        ; 0 s                 ; 0 s                 ; 2.32 V                       ; 5.95e-09 V                   ; 2.38 V              ; -0.016 V            ; 0.22 V                               ; 0.025 V                              ; 3.06e-10 s                  ; 3.3e-10 s                   ; Yes                        ; Yes                        ; 2.32 V                      ; 5.95e-09 V                  ; 2.38 V             ; -0.016 V           ; 0.22 V                              ; 0.025 V                             ; 3.06e-10 s                 ; 3.3e-10 s                  ; Yes                       ; Yes                       ;
; d[30]         ; 2.5 V        ; 0 s                 ; 0 s                 ; 2.32 V                       ; 5.95e-09 V                   ; 2.38 V              ; -0.016 V            ; 0.22 V                               ; 0.025 V                              ; 3.06e-10 s                  ; 3.3e-10 s                   ; Yes                        ; Yes                        ; 2.32 V                      ; 5.95e-09 V                  ; 2.38 V             ; -0.016 V           ; 0.22 V                              ; 0.025 V                             ; 3.06e-10 s                 ; 3.3e-10 s                  ; Yes                       ; Yes                       ;
; d[31]         ; 2.5 V        ; 0 s                 ; 0 s                 ; 2.32 V                       ; 5.95e-09 V                   ; 2.38 V              ; -0.016 V            ; 0.22 V                               ; 0.025 V                              ; 3.06e-10 s                  ; 3.3e-10 s                   ; Yes                        ; Yes                        ; 2.32 V                      ; 5.95e-09 V                  ; 2.38 V             ; -0.016 V           ; 0.22 V                              ; 0.025 V                             ; 3.06e-10 s                 ; 3.3e-10 s                  ; Yes                       ; Yes                       ;
; flags[0]      ; 2.5 V        ; 0 s                 ; 0 s                 ; 2.32 V                       ; 5.95e-09 V                   ; 2.38 V              ; -0.016 V            ; 0.22 V                               ; 0.025 V                              ; 3.06e-10 s                  ; 3.3e-10 s                   ; Yes                        ; Yes                        ; 2.32 V                      ; 5.95e-09 V                  ; 2.38 V             ; -0.016 V           ; 0.22 V                              ; 0.025 V                             ; 3.06e-10 s                 ; 3.3e-10 s                  ; Yes                       ; Yes                       ;
; flags[1]      ; 2.5 V        ; 0 s                 ; 0 s                 ; 2.32 V                       ; 5.95e-09 V                   ; 2.38 V              ; -0.016 V            ; 0.22 V                               ; 0.025 V                              ; 3.06e-10 s                  ; 3.3e-10 s                   ; Yes                        ; Yes                        ; 2.32 V                      ; 5.95e-09 V                  ; 2.38 V             ; -0.016 V           ; 0.22 V                              ; 0.025 V                             ; 3.06e-10 s                 ; 3.3e-10 s                  ; Yes                       ; Yes                       ;
; flags[2]      ; 2.5 V        ; 0 s                 ; 0 s                 ; 2.32 V                       ; 5.95e-09 V                   ; 2.38 V              ; -0.016 V            ; 0.22 V                               ; 0.025 V                              ; 3.06e-10 s                  ; 3.3e-10 s                   ; Yes                        ; Yes                        ; 2.32 V                      ; 5.95e-09 V                  ; 2.38 V             ; -0.016 V           ; 0.22 V                              ; 0.025 V                             ; 3.06e-10 s                 ; 3.3e-10 s                  ; Yes                       ; Yes                       ;
; flags[3]      ; 2.5 V        ; 0 s                 ; 0 s                 ; 2.32 V                       ; 4.44e-09 V                   ; 2.38 V              ; -0.0145 V           ; 0.169 V                              ; 0.026 V                              ; 4.83e-10 s                  ; 4.71e-10 s                  ; Yes                        ; Yes                        ; 2.32 V                      ; 4.44e-09 V                  ; 2.38 V             ; -0.0145 V          ; 0.169 V                             ; 0.026 V                             ; 4.83e-10 s                 ; 4.71e-10 s                 ; Yes                       ; Yes                       ;
; flags[4]      ; 2.5 V        ; 0 s                 ; 0 s                 ; 2.32 V                       ; 5.95e-09 V                   ; 2.38 V              ; -0.016 V            ; 0.22 V                               ; 0.025 V                              ; 3.06e-10 s                  ; 3.3e-10 s                   ; Yes                        ; Yes                        ; 2.32 V                      ; 5.95e-09 V                  ; 2.38 V             ; -0.016 V           ; 0.22 V                              ; 0.025 V                             ; 3.06e-10 s                 ; 3.3e-10 s                  ; Yes                       ; Yes                       ;
; ~ALTERA_DCLK~ ; 2.5 V        ; 0 s                 ; 0 s                 ; 2.32 V                       ; 3.45e-09 V                   ; 2.38 V              ; -0.0609 V           ; 0.148 V                              ; 0.095 V                              ; 2.82e-10 s                  ; 2.59e-10 s                  ; Yes                        ; Yes                        ; 2.32 V                      ; 3.45e-09 V                  ; 2.38 V             ; -0.0609 V          ; 0.148 V                             ; 0.095 V                             ; 2.82e-10 s                 ; 2.59e-10 s                 ; Yes                       ; Yes                       ;
; ~ALTERA_nCEO~ ; 2.5 V        ; 0 s                 ; 0 s                 ; 2.32 V                       ; 5.61e-09 V                   ; 2.38 V              ; -0.00274 V          ; 0.141 V                              ; 0.006 V                              ; 4.7e-10 s                   ; 6.02e-10 s                  ; Yes                        ; Yes                        ; 2.32 V                      ; 5.61e-09 V                  ; 2.38 V             ; -0.00274 V         ; 0.141 V                             ; 0.006 V                             ; 4.7e-10 s                  ; 6.02e-10 s                 ; Yes                       ; Yes                       ;
+---------------+--------------+---------------------+---------------------+------------------------------+------------------------------+---------------------+---------------------+--------------------------------------+--------------------------------------+-----------------------------+-----------------------------+----------------------------+----------------------------+-----------------------------+-----------------------------+--------------------+--------------------+-------------------------------------+-------------------------------------+----------------------------+----------------------------+---------------------------+---------------------------+


+--------------------------------------------------------------------------------------------------------------------------------------------------------------------------------------------------------------------------------------------------------------------------------------------------------------------------------------------------------------------------------------------------------------------------------------------------------------------------------------------------------------------------------------------------------------------------------------------------------------------------------------------------------------------------------------------+
; Signal Integrity Metrics (Slow 1200mv 85c Model)                                                                                                                                                                                                                                                                                                                                                                                                                                                                                                                                                                                                                                           ;
+---------------+--------------+---------------------+---------------------+------------------------------+------------------------------+---------------------+---------------------+--------------------------------------+--------------------------------------+-----------------------------+-----------------------------+----------------------------+----------------------------+-----------------------------+-----------------------------+--------------------+--------------------+-------------------------------------+-------------------------------------+----------------------------+----------------------------+---------------------------+---------------------------+
; Pin           ; I/O Standard ; Board Delay on Rise ; Board Delay on Fall ; Steady State Voh at FPGA Pin ; Steady State Vol at FPGA Pin ; Voh Max at FPGA Pin ; Vol Min at FPGA Pin ; Ringback Voltage on Rise at FPGA Pin ; Ringback Voltage on Fall at FPGA Pin ; 10-90 Rise Time at FPGA Pin ; 90-10 Fall Time at FPGA Pin ; Monotonic Rise at FPGA Pin ; Monotonic Fall at FPGA Pin ; Steady State Voh at Far-end ; Steady State Vol at Far-end ; Voh Max at Far-end ; Vol Min at Far-end ; Ringback Voltage on Rise at Far-end ; Ringback Voltage on Fall at Far-end ; 10-90 Rise Time at Far-end ; 90-10 Fall Time at Far-end ; Monotonic Rise at Far-end ; Monotonic Fall at Far-end ;
+---------------+--------------+---------------------+---------------------+------------------------------+------------------------------+---------------------+---------------------+--------------------------------------+--------------------------------------+-----------------------------+-----------------------------+----------------------------+----------------------------+-----------------------------+-----------------------------+--------------------+--------------------+-------------------------------------+-------------------------------------+----------------------------+----------------------------+---------------------------+---------------------------+
; out_valid     ; 2.5 V        ; 0 s                 ; 0 s                 ; 2.32 V                       ; 1.06e-06 V                   ; 2.36 V              ; -0.00724 V          ; 0.107 V                              ; 0.02 V                               ; 4.5e-10 s                   ; 4.25e-10 s                  ; Yes                        ; Yes                        ; 2.32 V                      ; 1.06e-06 V                  ; 2.36 V             ; -0.00724 V         ; 0.107 V                             ; 0.02 V                              ; 4.5e-10 s                  ; 4.25e-10 s                 ; Yes                       ; Yes                       ;
; d[0]          ; 2.5 V        ; 0 s                 ; 0 s                 ; 2.32 V                       ; 1.06e-06 V                   ; 2.36 V              ; -0.00724 V          ; 0.107 V                              ; 0.02 V                               ; 4.5e-10 s                   ; 4.25e-10 s                  ; Yes                        ; Yes                        ; 2.32 V                      ; 1.06e-06 V                  ; 2.36 V             ; -0.00724 V         ; 0.107 V                             ; 0.02 V                              ; 4.5e-10 s                  ; 4.25e-10 s                 ; Yes                       ; Yes                       ;
; d[1]          ; 2.5 V        ; 0 s                 ; 0 s                 ; 2.32 V                       ; 1.06e-06 V                   ; 2.36 V              ; -0.00724 V          ; 0.107 V                              ; 0.02 V                               ; 4.5e-10 s                   ; 4.25e-10 s                  ; Yes                        ; Yes                        ; 2.32 V                      ; 1.06e-06 V                  ; 2.36 V             ; -0.00724 V         ; 0.107 V                             ; 0.02 V                              ; 4.5e-10 s                  ; 4.25e-10 s                 ; Yes                       ; Yes                       ;
; d[2]          ; 2.5 V        ; 0 s                 ; 0 s                 ; 2.32 V                       ; 1.06e-06 V                   ; 2.36 V              ; -0.00724 V          ; 0.107 V                              ; 0.02 V                               ; 4.5e-10 s                   ; 4.25e-10 s                  ; Yes                        ; Yes                        ; 2.32 V                      ; 1.06e-06 V                  ; 2.36 V             ; -0.00724 V         ; 0.107 V                             ; 0.02 V                              ; 4.5e-10 s                  ; 4.25e-10 s                 ; Yes                       ; Yes                       ;
; d[3]          ; 2.5 V        ; 0 s                 ; 0 s                 ; 2.32 V                       ; 1.06e-06 V                   ; 2.36 V              ; -0.00724 V          ; 0.107 V                              ; 0.02 V                               ; 4.5e-10 s                   ; 4.25e-10 s                  ; Yes                        ; Yes                        ; 2.32 V                      ; 1.06e-06 V                  ; 2.36 V             ; -0.00724 V         ; 0.107 V                             ; 0.02 V                              ; 4.5e-10 s                  ; 4.25e-10 s                 ; Yes                       ; Yes                       ;
; d[4]          ; 2.5 V        ; 0 s                 ; 0 s                 ; 2.32 V                       ; 1.06e-06 V                   ; 2.36 V              ; -0.00724 V          ; 0.107 V                              ; 0.02 V                               ; 4.5e-10 s                   ; 4.25e-10 s                  ; Yes                        ; Yes                        ; 2.32 V                      ; 1.06e-06 V                  ; 2.36 V             ; -0.00724 V         ; 0.107 V                             ; 0.02 V                              ; 4.5e-10 s                  ; 4.25e-10 s                 ; Yes                       ; Yes                       ;
; d[5]          ; 2.5 V        ; 0 s                 ; 0 s                 ; 2.32 V                       ; 1.06e-06 V                   ; 2.36 V              ; -0.00724 V          ; 0.107 V                              ; 0.02 V                               ; 4.5e-10 s                   ; 4.25e-10 s                  ; Yes                        ; Yes                        ; 2.32 V                      ; 1.06e-06 V                  ; 2.36 V             ; -0.00724 V         ; 0.107 V                             ; 0.02 V                              ; 4.5e-10 s                  ; 4.25e-10 s                 ; Yes                       ; Yes                       ;
; d[6]          ; 2.5 V        ; 0 s                 ; 0 s                 ; 2.32 V                       ; 1.06e-06 V                   ; 2.36 V              ; -0.00724 V          ; 0.107 V                              ; 0.02 V                               ; 4.5e-10 s                   ; 4.25e-10 s                  ; Yes                        ; Yes                        ; 2.32 V                      ; 1.06e-06 V                  ; 2.36 V             ; -0.00724 V         ; 0.107 V                             ; 0.02 V                              ; 4.5e-10 s                  ; 4.25e-10 s                 ; Yes                       ; Yes                       ;
; d[7]          ; 2.5 V        ; 0 s                 ; 0 s                 ; 2.32 V                       ; 1.06e-06 V                   ; 2.36 V              ; -0.00724 V          ; 0.107 V                              ; 0.02 V                               ; 4.5e-10 s                   ; 4.25e-10 s                  ; Yes                        ; Yes                        ; 2.32 V                      ; 1.06e-06 V                  ; 2.36 V             ; -0.00724 V         ; 0.107 V                             ; 0.02 V                              ; 4.5e-10 s                  ; 4.25e-10 s                 ; Yes                       ; Yes                       ;
; d[8]          ; 2.5 V        ; 0 s                 ; 0 s                 ; 2.32 V                       ; 1.06e-06 V                   ; 2.36 V              ; -0.00724 V          ; 0.107 V                              ; 0.02 V                               ; 4.5e-10 s                   ; 4.25e-10 s                  ; Yes                        ; Yes                        ; 2.32 V                      ; 1.06e-06 V                  ; 2.36 V             ; -0.00724 V         ; 0.107 V                             ; 0.02 V                              ; 4.5e-10 s                  ; 4.25e-10 s                 ; Yes                       ; Yes                       ;
; d[9]          ; 2.5 V        ; 0 s                 ; 0 s                 ; 2.32 V                       ; 1.06e-06 V                   ; 2.36 V              ; -0.00724 V          ; 0.107 V                              ; 0.02 V                               ; 4.5e-10 s                   ; 4.25e-10 s                  ; Yes                        ; Yes                        ; 2.32 V                      ; 1.06e-06 V                  ; 2.36 V             ; -0.00724 V         ; 0.107 V                             ; 0.02 V                              ; 4.5e-10 s                  ; 4.25e-10 s                 ; Yes                       ; Yes                       ;
; d[10]         ; 2.5 V        ; 0 s                 ; 0 s                 ; 2.32 V                       ; 1.06e-06 V                   ; 2.36 V              ; -0.00724 V          ; 0.107 V                              ; 0.02 V                               ; 4.5e-10 s                   ; 4.25e-10 s                  ; Yes                        ; Yes                        ; 2.32 V                      ; 1.06e-06 V                  ; 2.36 V             ; -0.00724 V         ; 0.107 V                             ; 0.02 V                              ; 4.5e-10 s                  ; 4.25e-10 s                 ; Yes                       ; Yes                       ;
; d[11]         ; 2.5 V        ; 0 s                 ; 0 s                 ; 2.32 V                       ; 7.16e-07 V                   ; 2.35 V              ; -0.00832 V          ; 0.101 V                              ; 0.024 V                              ; 6.39e-10 s                  ; 6e-10 s                     ; Yes                        ; Yes                        ; 2.32 V                      ; 7.16e-07 V                  ; 2.35 V             ; -0.00832 V         ; 0.101 V                             ; 0.024 V                             ; 6.39e-10 s                 ; 6e-10 s                    ; Yes                       ; Yes                       ;
; d[12]         ; 2.5 V        ; 0 s                 ; 0 s                 ; 2.32 V                       ; 1.06e-06 V                   ; 2.36 V              ; -0.00724 V          ; 0.107 V                              ; 0.02 V                               ; 4.5e-10 s                   ; 4.25e-10 s                  ; Yes                        ; Yes                        ; 2.32 V                      ; 1.06e-06 V                  ; 2.36 V             ; -0.00724 V         ; 0.107 V                             ; 0.02 V                              ; 4.5e-10 s                  ; 4.25e-10 s                 ; Yes                       ; Yes                       ;
; d[13]         ; 2.5 V        ; 0 s                 ; 0 s                 ; 2.32 V                       ; 1.06e-06 V                   ; 2.36 V              ; -0.00724 V          ; 0.107 V                              ; 0.02 V                               ; 4.5e-10 s                   ; 4.25e-10 s                  ; Yes                        ; Yes                        ; 2.32 V                      ; 1.06e-06 V                  ; 2.36 V             ; -0.00724 V         ; 0.107 V                             ; 0.02 V                              ; 4.5e-10 s                  ; 4.25e-10 s                 ; Yes                       ; Yes                       ;
; d[14]         ; 2.5 V        ; 0 s                 ; 0 s                 ; 2.32 V                       ; 1.06e-06 V                   ; 2.36 V              ; -0.00724 V          ; 0.107 V                              ; 0.02 V                               ; 4.5e-10 s                   ; 4.25e-10 s                  ; Yes                        ; Yes                        ; 2.32 V                      ; 1.06e-06 V                  ; 2.36 V             ; -0.00724 V         ; 0.107 V                             ; 0.02 V                              ; 4.5e-10 s                  ; 4.25e-10 s                 ; Yes                       ; Yes                       ;
; d[15]         ; 2.5 V        ; 0 s                 ; 0 s                 ; 2.32 V                       ; 1.06e-06 V                   ; 2.36 V              ; -0.00724 V          ; 0.107 V                              ; 0.02 V                               ; 4.5e-10 s                   ; 4.25e-10 s                  ; Yes                        ; Yes                        ; 2.32 V                      ; 1.06e-06 V                  ; 2.36 V             ; -0.00724 V         ; 0.107 V                             ; 0.02 V                              ; 4.5e-10 s                  ; 4.25e-10 s                 ; Yes                       ; Yes                       ;
; d[16]         ; 2.5 V        ; 0 s                 ; 0 s                 ; 2.32 V                       ; 7.16e-07 V                   ; 2.36 V              ; -0.00476 V          ; 0.096 V                              ; 0.013 V                              ; 4.39e-10 s                  ; 4.15e-10 s                  ; Yes                        ; Yes                        ; 2.32 V                      ; 7.16e-07 V                  ; 2.36 V             ; -0.00476 V         ; 0.096 V                             ; 0.013 V                             ; 4.39e-10 s                 ; 4.15e-10 s                 ; Yes                       ; Yes                       ;
; d[17]         ; 2.5 V        ; 0 s                 ; 0 s                 ; 2.32 V                       ; 7.16e-07 V                   ; 2.35 V              ; -0.00832 V          ; 0.101 V                              ; 0.024 V                              ; 6.39e-10 s                  ; 6e-10 s                     ; Yes                        ; Yes                        ; 2.32 V                      ; 7.16e-07 V                  ; 2.35 V             ; -0.00832 V         ; 0.101 V                             ; 0.024 V                             ; 6.39e-10 s                 ; 6e-10 s                    ; Yes                       ; Yes                       ;
; d[18]         ; 2.5 V        ; 0 s                 ; 0 s                 ; 2.32 V                       ; 1.06e-06 V                   ; 2.36 V              ; -0.00724 V          ; 0.107 V                              ; 0.02 V                               ; 4.5e-10 s                   ; 4.25e-10 s                  ; Yes                        ; Yes                        ; 2.32 V                      ; 1.06e-06 V                  ; 2.36 V             ; -0.00724 V         ; 0.107 V                             ; 0.02 V                              ; 4.5e-10 s                  ; 4.25e-10 s                 ; Yes                       ; Yes                       ;
; d[19]         ; 2.5 V        ; 0 s                 ; 0 s                 ; 2.32 V                       ; 1.06e-06 V                   ; 2.36 V              ; -0.00724 V          ; 0.107 V                              ; 0.02 V                               ; 4.5e-10 s                   ; 4.25e-10 s                  ; Yes                        ; Yes                        ; 2.32 V                      ; 1.06e-06 V                  ; 2.36 V             ; -0.00724 V         ; 0.107 V                             ; 0.02 V                              ; 4.5e-10 s                  ; 4.25e-10 s                 ; Yes                       ; Yes                       ;
; d[20]         ; 2.5 V        ; 0 s                 ; 0 s                 ; 2.32 V                       ; 1.06e-06 V                   ; 2.36 V              ; -0.00724 V          ; 0.107 V                              ; 0.02 V                               ; 4.5e-10 s                   ; 4.25e-10 s                  ; Yes                        ; Yes                        ; 2.32 V                      ; 1.06e-06 V                  ; 2.36 V             ; -0.00724 V         ; 0.107 V                             ; 0.02 V                              ; 4.5e-10 s                  ; 4.25e-10 s                 ; Yes                       ; Yes                       ;
; d[21]         ; 2.5 V        ; 0 s                 ; 0 s                 ; 2.32 V                       ; 7.16e-07 V                   ; 2.36 V              ; -0.00476 V          ; 0.096 V                              ; 0.013 V                              ; 4.39e-10 s                  ; 4.15e-10 s                  ; Yes                        ; Yes                        ; 2.32 V                      ; 7.16e-07 V                  ; 2.36 V             ; -0.00476 V         ; 0.096 V                             ; 0.013 V                             ; 4.39e-10 s                 ; 4.15e-10 s                 ; Yes                       ; Yes                       ;
; d[22]         ; 2.5 V        ; 0 s                 ; 0 s                 ; 2.32 V                       ; 1.06e-06 V                   ; 2.36 V              ; -0.00724 V          ; 0.107 V                              ; 0.02 V                               ; 4.5e-10 s                   ; 4.25e-10 s                  ; Yes                        ; Yes                        ; 2.32 V                      ; 1.06e-06 V                  ; 2.36 V             ; -0.00724 V         ; 0.107 V                             ; 0.02 V                              ; 4.5e-10 s                  ; 4.25e-10 s                 ; Yes                       ; Yes                       ;
; d[23]         ; 2.5 V        ; 0 s                 ; 0 s                 ; 2.32 V                       ; 1.06e-06 V                   ; 2.36 V              ; -0.00724 V          ; 0.107 V                              ; 0.02 V                               ; 4.5e-10 s                   ; 4.25e-10 s                  ; Yes                        ; Yes                        ; 2.32 V                      ; 1.06e-06 V                  ; 2.36 V             ; -0.00724 V         ; 0.107 V                             ; 0.02 V                              ; 4.5e-10 s                  ; 4.25e-10 s                 ; Yes                       ; Yes                       ;
; d[24]         ; 2.5 V        ; 0 s                 ; 0 s                 ; 2.32 V                       ; 1.06e-06 V                   ; 2.36 V              ; -0.00724 V          ; 0.107 V                              ; 0.02 V                               ; 4.5e-10 s                   ; 4.25e-10 s                  ; Yes                        ; Yes                        ; 2.32 V                      ; 1.06e-06 V                  ; 2.36 V             ; -0.00724 V         ; 0.107 V                             ; 0.02 V                              ; 4.5e-10 s                  ; 4.25e-10 s                 ; Yes                       ; Yes                       ;
; d[25]         ; 2.5 V        ; 0 s                 ; 0 s                 ; 2.32 V                       ; 1.06e-06 V                   ; 2.36 V              ; -0.00724 V          ; 0.107 V                              ; 0.02 V                               ; 4.5e-10 s                   ; 4.25e-10 s                  ; Yes                        ; Yes                        ; 2.32 V                      ; 1.06e-06 V                  ; 2.36 V             ; -0.00724 V         ; 0.107 V                             ; 0.02 V                              ; 4.5e-10 s                  ; 4.25e-10 s                 ; Yes                       ; Yes                       ;
; d[26]         ; 2.5 V        ; 0 s                 ; 0 s                 ; 2.32 V                       ; 1.06e-06 V                   ; 2.36 V              ; -0.00724 V          ; 0.107 V                              ; 0.02 V                               ; 4.5e-10 s                   ; 4.25e-10 s                  ; Yes                        ; Yes                        ; 2.32 V                      ; 1.06e-06 V                  ; 2.36 V             ; -0.00724 V         ; 0.107 V                             ; 0.02 V                              ; 4.5e-10 s                  ; 4.25e-10 s                 ; Yes                       ; Yes                       ;
; d[27]         ; 2.5 V        ; 0 s                 ; 0 s                 ; 2.32 V                       ; 1.06e-06 V                   ; 2.36 V              ; -0.00724 V          ; 0.107 V                              ; 0.02 V                               ; 4.5e-10 s                   ; 4.25e-10 s                  ; Yes                        ; Yes                        ; 2.32 V                      ; 1.06e-06 V                  ; 2.36 V             ; -0.00724 V         ; 0.107 V                             ; 0.02 V                              ; 4.5e-10 s                  ; 4.25e-10 s                 ; Yes                       ; Yes                       ;
; d[28]         ; 2.5 V        ; 0 s                 ; 0 s                 ; 2.32 V                       ; 1.06e-06 V                   ; 2.36 V              ; -0.00724 V          ; 0.107 V                              ; 0.02 V                               ; 4.5e-10 s                   ; 4.25e-10 s                  ; Yes                        ; Yes                        ; 2.32 V                      ; 1.06e-06 V                  ; 2.36 V             ; -0.00724 V         ; 0.107 V                             ; 0.02 V                              ; 4.5e-10 s                  ; 4.25e-10 s                 ; Yes                       ; Yes                       ;
; d[29]         ; 2.5 V        ; 0 s                 ; 0 s                 ; 2.32 V                       ; 1.06e-06 V                   ; 2.36 V              ; -0.00724 V          ; 0.107 V                              ; 0.02 V                               ; 4.5e-10 s                   ; 4.25e-10 s                  ; Yes                        ; Yes                        ; 2.32 V                      ; 1.06e-06 V                  ; 2.36 V             ; -0.00724 V         ; 0.107 V                             ; 0.02 V                              ; 4.5e-10 s                  ; 4.25e-10 s                 ; Yes                       ; Yes                       ;
; d[30]         ; 2.5 V        ; 0 s                 ; 0 s                 ; 2.32 V                       ; 1.06e-06 V                   ; 2.36 V              ; -0.00724 V          ; 0.107 V                              ; 0.02 V                               ; 4.5e-10 s                   ; 4.25e-10 s                  ; Yes                        ; Yes                        ; 2.32 V                      ; 1.06e-06 V                  ; 2.36 V             ; -0.00724 V         ; 0.107 V                             ; 0.02 V                              ; 4.5e-10 s                  ; 4.25e-10 s                 ; Yes                       ; Yes                       ;
; d[31]         ; 2.5 V        ; 0 s                 ; 0 s                 ; 2.32 V                       ; 1.06e-06 V                   ; 2.36 V              ; -0.00724 V          ; 0.107 V                              ; 0.02 V                               ; 4.5e-10 s                   ; 4.25e-10 s                  ; Yes                        ; Yes                        ; 2.32 V                      ; 1.06e-06 V                  ; 2.36 V             ; -0.00724 V         ; 0.107 V                             ; 0.02 V                              ; 4.5e-10 s                  ; 4.25e-10 s                 ; Yes                       ; Yes                       ;
; flags[0]      ; 2.5 V        ; 0 s                 ; 0 s                 ; 2.32 V                       ; 1.06e-06 V                   ; 2.36 V              ; -0.00724 V          ; 0.107 V                              ; 0.02 V                               ; 4.5e-10 s                   ; 4.25e-10 s                  ; Yes                        ; Yes                        ; 2.32 V                      ; 1.06e-06 V                  ; 2.36 V             ; -0.00724 V         ; 0.107 V                             ; 0.02 V                              ; 4.5e-10 s                  ; 4.25e-10 s                 ; Yes                       ; Yes                       ;
; flags[1]      ; 2.5 V        ; 0 s                 ; 0 s                 ; 2.32 V                       ; 1.06e-06 V                   ; 2.36 V              ; -0.00724 V          ; 0.107 V                              ; 0.02 V                               ; 4.5e-10 s                   ; 4.25e-10 s                  ; Yes                        ; Yes                        ; 2.32 V                      ; 1.06e-06 V                  ; 2.36 V             ; -0.00724 V         ; 0.107 V                             ; 0.02 V                              ; 4.5e-10 s                  ; 4.25e-10 s                 ; Yes                       ; Yes                       ;
; flags[2]      ; 2.5 V        ; 0 s                 ; 0 s                 ; 2.32 V                       ; 1.06e-06 V                   ; 2.36 V              ; -0.00724 V          ; 0.107 V                              ; 0.02 V                               ; 4.5e-10 s                   ; 4.25e-10 s                  ; Yes                        ; Yes                        ; 2.32 V                      ; 1.06e-06 V                  ; 2.36 V             ; -0.00724 V         ; 0.107 V                             ; 0.02 V                              ; 4.5e-10 s                  ; 4.25e-10 s                 ; Yes                       ; Yes                       ;
; flags[3]      ; 2.5 V        ; 0 s                 ; 0 s                 ; 2.32 V                       ; 7.16e-07 V                   ; 2.35 V              ; -0.00832 V          ; 0.101 V                              ; 0.024 V                              ; 6.39e-10 s                  ; 6e-10 s                     ; Yes                        ; Yes                        ; 2.32 V                      ; 7.16e-07 V                  ; 2.35 V             ; -0.00832 V         ; 0.101 V                             ; 0.024 V                             ; 6.39e-10 s                 ; 6e-10 s                    ; Yes                       ; Yes                       ;
; flags[4]      ; 2.5 V        ; 0 s                 ; 0 s                 ; 2.32 V                       ; 1.06e-06 V                   ; 2.36 V              ; -0.00724 V          ; 0.107 V                              ; 0.02 V                               ; 4.5e-10 s                   ; 4.25e-10 s                  ; Yes                        ; Yes                        ; 2.32 V                      ; 1.06e-06 V                  ; 2.36 V             ; -0.00724 V         ; 0.107 V                             ; 0.02 V                              ; 4.5e-10 s                  ; 4.25e-10 s                 ; Yes                       ; Yes                       ;
; ~ALTERA_DCLK~ ; 2.5 V        ; 0 s                 ; 0 s                 ; 2.32 V                       ; 5.74e-07 V                   ; 2.36 V              ; -0.0201 V           ; 0.072 V                              ; 0.033 V                              ; 4.04e-10 s                  ; 3.29e-10 s                  ; Yes                        ; Yes                        ; 2.32 V                      ; 5.74e-07 V                  ; 2.36 V             ; -0.0201 V          ; 0.072 V                             ; 0.033 V                             ; 4.04e-10 s                 ; 3.29e-10 s                 ; Yes                       ; Yes                       ;
; ~ALTERA_nCEO~ ; 2.5 V        ; 0 s                 ; 0 s                 ; 2.32 V                       ; 9.45e-07 V                   ; 2.35 V              ; -0.00643 V          ; 0.081 V                              ; 0.031 V                              ; 5.31e-10 s                  ; 7.59e-10 s                  ; Yes                        ; Yes                        ; 2.32 V                      ; 9.45e-07 V                  ; 2.35 V             ; -0.00643 V         ; 0.081 V                             ; 0.031 V                             ; 5.31e-10 s                 ; 7.59e-10 s                 ; Yes                       ; Yes                       ;
+---------------+--------------+---------------------+---------------------+------------------------------+------------------------------+---------------------+---------------------+--------------------------------------+--------------------------------------+-----------------------------+-----------------------------+----------------------------+----------------------------+-----------------------------+-----------------------------+--------------------+--------------------+-------------------------------------+-------------------------------------+----------------------------+----------------------------+---------------------------+---------------------------+


+--------------------------------------------------------------------------------------------------------------------------------------------------------------------------------------------------------------------------------------------------------------------------------------------------------------------------------------------------------------------------------------------------------------------------------------------------------------------------------------------------------------------------------------------------------------------------------------------------------------------------------------------------------------------------------------------+
; Signal Integrity Metrics (Fast 1200mv 0c Model)                                                                                                                                                                                                                                                                                                                                                                                                                                                                                                                                                                                                                                            ;
+---------------+--------------+---------------------+---------------------+------------------------------+------------------------------+---------------------+---------------------+--------------------------------------+--------------------------------------+-----------------------------+-----------------------------+----------------------------+----------------------------+-----------------------------+-----------------------------+--------------------+--------------------+-------------------------------------+-------------------------------------+----------------------------+----------------------------+---------------------------+---------------------------+
; Pin           ; I/O Standard ; Board Delay on Rise ; Board Delay on Fall ; Steady State Voh at FPGA Pin ; Steady State Vol at FPGA Pin ; Voh Max at FPGA Pin ; Vol Min at FPGA Pin ; Ringback Voltage on Rise at FPGA Pin ; Ringback Voltage on Fall at FPGA Pin ; 10-90 Rise Time at FPGA Pin ; 90-10 Fall Time at FPGA Pin ; Monotonic Rise at FPGA Pin ; Monotonic Fall at FPGA Pin ; Steady State Voh at Far-end ; Steady State Vol at Far-end ; Voh Max at Far-end ; Vol Min at Far-end ; Ringback Voltage on Rise at Far-end ; Ringback Voltage on Fall at Far-end ; 10-90 Rise Time at Far-end ; 90-10 Fall Time at Far-end ; Monotonic Rise at Far-end ; Monotonic Fall at Far-end ;
+---------------+--------------+---------------------+---------------------+------------------------------+------------------------------+---------------------+---------------------+--------------------------------------+--------------------------------------+-----------------------------+-----------------------------+----------------------------+----------------------------+-----------------------------+-----------------------------+--------------------+--------------------+-------------------------------------+-------------------------------------+----------------------------+----------------------------+---------------------------+---------------------------+
; out_valid     ; 2.5 V        ; 0 s                 ; 0 s                 ; 2.62 V                       ; 4.05e-08 V                   ; 2.72 V              ; -0.0349 V           ; 0.173 V                              ; 0.1 V                                ; 2.72e-10 s                  ; 2.69e-10 s                  ; Yes                        ; Yes                        ; 2.62 V                      ; 4.05e-08 V                  ; 2.72 V             ; -0.0349 V          ; 0.173 V                             ; 0.1 V                               ; 2.72e-10 s                 ; 2.69e-10 s                 ; Yes                       ; Yes                       ;
; d[0]          ; 2.5 V        ; 0 s                 ; 0 s                 ; 2.62 V                       ; 4.05e-08 V                   ; 2.72 V              ; -0.0349 V           ; 0.173 V                              ; 0.1 V                                ; 2.72e-10 s                  ; 2.69e-10 s                  ; Yes                        ; Yes                        ; 2.62 V                      ; 4.05e-08 V                  ; 2.72 V             ; -0.0349 V          ; 0.173 V                             ; 0.1 V                               ; 2.72e-10 s                 ; 2.69e-10 s                 ; Yes                       ; Yes                       ;
; d[1]          ; 2.5 V        ; 0 s                 ; 0 s                 ; 2.62 V                       ; 4.05e-08 V                   ; 2.72 V              ; -0.0349 V           ; 0.173 V                              ; 0.1 V                                ; 2.72e-10 s                  ; 2.69e-10 s                  ; Yes                        ; Yes                        ; 2.62 V                      ; 4.05e-08 V                  ; 2.72 V             ; -0.0349 V          ; 0.173 V                             ; 0.1 V                               ; 2.72e-10 s                 ; 2.69e-10 s                 ; Yes                       ; Yes                       ;
; d[2]          ; 2.5 V        ; 0 s                 ; 0 s                 ; 2.62 V                       ; 4.05e-08 V                   ; 2.72 V              ; -0.0349 V           ; 0.173 V                              ; 0.1 V                                ; 2.72e-10 s                  ; 2.69e-10 s                  ; Yes                        ; Yes                        ; 2.62 V                      ; 4.05e-08 V                  ; 2.72 V             ; -0.0349 V          ; 0.173 V                             ; 0.1 V                               ; 2.72e-10 s                 ; 2.69e-10 s                 ; Yes                       ; Yes                       ;
; d[3]          ; 2.5 V        ; 0 s                 ; 0 s                 ; 2.62 V                       ; 4.05e-08 V                   ; 2.72 V              ; -0.0349 V           ; 0.173 V                              ; 0.1 V                                ; 2.72e-10 s                  ; 2.69e-10 s                  ; Yes                        ; Yes                        ; 2.62 V                      ; 4.05e-08 V                  ; 2.72 V             ; -0.0349 V          ; 0.173 V                             ; 0.1 V                               ; 2.72e-10 s                 ; 2.69e-10 s                 ; Yes                       ; Yes                       ;
; d[4]          ; 2.5 V        ; 0 s                 ; 0 s                 ; 2.62 V                       ; 4.05e-08 V                   ; 2.72 V              ; -0.0349 V           ; 0.173 V                              ; 0.1 V                                ; 2.72e-10 s                  ; 2.69e-10 s                  ; Yes                        ; Yes                        ; 2.62 V                      ; 4.05e-08 V                  ; 2.72 V             ; -0.0349 V          ; 0.173 V                             ; 0.1 V                               ; 2.72e-10 s                 ; 2.69e-10 s                 ; Yes                       ; Yes                       ;
; d[5]          ; 2.5 V        ; 0 s                 ; 0 s                 ; 2.62 V                       ; 4.05e-08 V                   ; 2.72 V              ; -0.0349 V           ; 0.173 V                              ; 0.1 V                                ; 2.72e-10 s                  ; 2.69e-10 s                  ; Yes                        ; Yes                        ; 2.62 V                      ; 4.05e-08 V                  ; 2.72 V             ; -0.0349 V          ; 0.173 V                             ; 0.1 V                               ; 2.72e-10 s                 ; 2.69e-10 s                 ; Yes                       ; Yes                       ;
; d[6]          ; 2.5 V        ; 0 s                 ; 0 s                 ; 2.62 V                       ; 4.05e-08 V                   ; 2.72 V              ; -0.0349 V           ; 0.173 V                              ; 0.1 V                                ; 2.72e-10 s                  ; 2.69e-10 s                  ; Yes                        ; Yes                        ; 2.62 V                      ; 4.05e-08 V                  ; 2.72 V             ; -0.0349 V          ; 0.173 V                             ; 0.1 V                               ; 2.72e-10 s                 ; 2.69e-10 s                 ; Yes                       ; Yes                       ;
; d[7]          ; 2.5 V        ; 0 s                 ; 0 s                 ; 2.62 V                       ; 4.05e-08 V                   ; 2.72 V              ; -0.0349 V           ; 0.173 V                              ; 0.1 V                                ; 2.72e-10 s                  ; 2.69e-10 s                  ; Yes                        ; Yes                        ; 2.62 V                      ; 4.05e-08 V                  ; 2.72 V             ; -0.0349 V          ; 0.173 V                             ; 0.1 V                               ; 2.72e-10 s                 ; 2.69e-10 s                 ; Yes                       ; Yes                       ;
; d[8]          ; 2.5 V        ; 0 s                 ; 0 s                 ; 2.62 V                       ; 4.05e-08 V                   ; 2.72 V              ; -0.0349 V           ; 0.173 V                              ; 0.1 V                                ; 2.72e-10 s                  ; 2.69e-10 s                  ; Yes                        ; Yes                        ; 2.62 V                      ; 4.05e-08 V                  ; 2.72 V             ; -0.0349 V          ; 0.173 V                             ; 0.1 V                               ; 2.72e-10 s                 ; 2.69e-10 s                 ; Yes                       ; Yes                       ;
; d[9]          ; 2.5 V        ; 0 s                 ; 0 s                 ; 2.62 V                       ; 4.05e-08 V                   ; 2.72 V              ; -0.0349 V           ; 0.173 V                              ; 0.1 V                                ; 2.72e-10 s                  ; 2.69e-10 s                  ; Yes                        ; Yes                        ; 2.62 V                      ; 4.05e-08 V                  ; 2.72 V             ; -0.0349 V          ; 0.173 V                             ; 0.1 V                               ; 2.72e-10 s                 ; 2.69e-10 s                 ; Yes                       ; Yes                       ;
; d[10]         ; 2.5 V        ; 0 s                 ; 0 s                 ; 2.62 V                       ; 4.05e-08 V                   ; 2.72 V              ; -0.0349 V           ; 0.173 V                              ; 0.1 V                                ; 2.72e-10 s                  ; 2.69e-10 s                  ; Yes                        ; Yes                        ; 2.62 V                      ; 4.05e-08 V                  ; 2.72 V             ; -0.0349 V          ; 0.173 V                             ; 0.1 V                               ; 2.72e-10 s                 ; 2.69e-10 s                 ; Yes                       ; Yes                       ;
; d[11]         ; 2.5 V        ; 0 s                 ; 0 s                 ; 2.62 V                       ; 2.74e-08 V                   ; 2.71 V              ; -0.0317 V           ; 0.148 V                              ; 0.064 V                              ; 4.51e-10 s                  ; 4.15e-10 s                  ; No                         ; Yes                        ; 2.62 V                      ; 2.74e-08 V                  ; 2.71 V             ; -0.0317 V          ; 0.148 V                             ; 0.064 V                             ; 4.51e-10 s                 ; 4.15e-10 s                 ; No                        ; Yes                       ;
; d[12]         ; 2.5 V        ; 0 s                 ; 0 s                 ; 2.62 V                       ; 4.05e-08 V                   ; 2.72 V              ; -0.0349 V           ; 0.173 V                              ; 0.1 V                                ; 2.72e-10 s                  ; 2.69e-10 s                  ; Yes                        ; Yes                        ; 2.62 V                      ; 4.05e-08 V                  ; 2.72 V             ; -0.0349 V          ; 0.173 V                             ; 0.1 V                               ; 2.72e-10 s                 ; 2.69e-10 s                 ; Yes                       ; Yes                       ;
; d[13]         ; 2.5 V        ; 0 s                 ; 0 s                 ; 2.62 V                       ; 4.05e-08 V                   ; 2.72 V              ; -0.0349 V           ; 0.173 V                              ; 0.1 V                                ; 2.72e-10 s                  ; 2.69e-10 s                  ; Yes                        ; Yes                        ; 2.62 V                      ; 4.05e-08 V                  ; 2.72 V             ; -0.0349 V          ; 0.173 V                             ; 0.1 V                               ; 2.72e-10 s                 ; 2.69e-10 s                 ; Yes                       ; Yes                       ;
; d[14]         ; 2.5 V        ; 0 s                 ; 0 s                 ; 2.62 V                       ; 4.05e-08 V                   ; 2.72 V              ; -0.0349 V           ; 0.173 V                              ; 0.1 V                                ; 2.72e-10 s                  ; 2.69e-10 s                  ; Yes                        ; Yes                        ; 2.62 V                      ; 4.05e-08 V                  ; 2.72 V             ; -0.0349 V          ; 0.173 V                             ; 0.1 V                               ; 2.72e-10 s                 ; 2.69e-10 s                 ; Yes                       ; Yes                       ;
; d[15]         ; 2.5 V        ; 0 s                 ; 0 s                 ; 2.62 V                       ; 4.05e-08 V                   ; 2.72 V              ; -0.0349 V           ; 0.173 V                              ; 0.1 V                                ; 2.72e-10 s                  ; 2.69e-10 s                  ; Yes                        ; Yes                        ; 2.62 V                      ; 4.05e-08 V                  ; 2.72 V             ; -0.0349 V          ; 0.173 V                             ; 0.1 V                               ; 2.72e-10 s                 ; 2.69e-10 s                 ; Yes                       ; Yes                       ;
; d[16]         ; 2.5 V        ; 0 s                 ; 0 s                 ; 2.62 V                       ; 2.74e-08 V                   ; 2.73 V              ; -0.0384 V           ; 0.169 V                              ; 0.089 V                              ; 2.7e-10 s                   ; 2.62e-10 s                  ; Yes                        ; Yes                        ; 2.62 V                      ; 2.74e-08 V                  ; 2.73 V             ; -0.0384 V          ; 0.169 V                             ; 0.089 V                             ; 2.7e-10 s                  ; 2.62e-10 s                 ; Yes                       ; Yes                       ;
; d[17]         ; 2.5 V        ; 0 s                 ; 0 s                 ; 2.62 V                       ; 2.74e-08 V                   ; 2.71 V              ; -0.0317 V           ; 0.148 V                              ; 0.064 V                              ; 4.51e-10 s                  ; 4.15e-10 s                  ; No                         ; Yes                        ; 2.62 V                      ; 2.74e-08 V                  ; 2.71 V             ; -0.0317 V          ; 0.148 V                             ; 0.064 V                             ; 4.51e-10 s                 ; 4.15e-10 s                 ; No                        ; Yes                       ;
; d[18]         ; 2.5 V        ; 0 s                 ; 0 s                 ; 2.62 V                       ; 4.05e-08 V                   ; 2.72 V              ; -0.0349 V           ; 0.173 V                              ; 0.1 V                                ; 2.72e-10 s                  ; 2.69e-10 s                  ; Yes                        ; Yes                        ; 2.62 V                      ; 4.05e-08 V                  ; 2.72 V             ; -0.0349 V          ; 0.173 V                             ; 0.1 V                               ; 2.72e-10 s                 ; 2.69e-10 s                 ; Yes                       ; Yes                       ;
; d[19]         ; 2.5 V        ; 0 s                 ; 0 s                 ; 2.62 V                       ; 4.05e-08 V                   ; 2.72 V              ; -0.0349 V           ; 0.173 V                              ; 0.1 V                                ; 2.72e-10 s                  ; 2.69e-10 s                  ; Yes                        ; Yes                        ; 2.62 V                      ; 4.05e-08 V                  ; 2.72 V             ; -0.0349 V          ; 0.173 V                             ; 0.1 V                               ; 2.72e-10 s                 ; 2.69e-10 s                 ; Yes                       ; Yes                       ;
; d[20]         ; 2.5 V        ; 0 s                 ; 0 s                 ; 2.62 V                       ; 4.05e-08 V                   ; 2.72 V              ; -0.0349 V           ; 0.173 V                              ; 0.1 V                                ; 2.72e-10 s                  ; 2.69e-10 s                  ; Yes                        ; Yes                        ; 2.62 V                      ; 4.05e-08 V                  ; 2.72 V             ; -0.0349 V          ; 0.173 V                             ; 0.1 V                               ; 2.72e-10 s                 ; 2.69e-10 s                 ; Yes                       ; Yes                       ;
; d[21]         ; 2.5 V        ; 0 s                 ; 0 s                 ; 2.62 V                       ; 2.74e-08 V                   ; 2.73 V              ; -0.0384 V           ; 0.169 V                              ; 0.089 V                              ; 2.7e-10 s                   ; 2.62e-10 s                  ; Yes                        ; Yes                        ; 2.62 V                      ; 2.74e-08 V                  ; 2.73 V             ; -0.0384 V          ; 0.169 V                             ; 0.089 V                             ; 2.7e-10 s                  ; 2.62e-10 s                 ; Yes                       ; Yes                       ;
; d[22]         ; 2.5 V        ; 0 s                 ; 0 s                 ; 2.62 V                       ; 4.05e-08 V                   ; 2.72 V              ; -0.0349 V           ; 0.173 V                              ; 0.1 V                                ; 2.72e-10 s                  ; 2.69e-10 s                  ; Yes                        ; Yes                        ; 2.62 V                      ; 4.05e-08 V                  ; 2.72 V             ; -0.0349 V          ; 0.173 V                             ; 0.1 V                               ; 2.72e-10 s                 ; 2.69e-10 s                 ; Yes                       ; Yes                       ;
; d[23]         ; 2.5 V        ; 0 s                 ; 0 s                 ; 2.62 V                       ; 4.05e-08 V                   ; 2.72 V              ; -0.0349 V           ; 0.173 V                              ; 0.1 V                                ; 2.72e-10 s                  ; 2.69e-10 s                  ; Yes                        ; Yes                        ; 2.62 V                      ; 4.05e-08 V                  ; 2.72 V             ; -0.0349 V          ; 0.173 V                             ; 0.1 V                               ; 2.72e-10 s                 ; 2.69e-10 s                 ; Yes                       ; Yes                       ;
; d[24]         ; 2.5 V        ; 0 s                 ; 0 s                 ; 2.62 V                       ; 4.05e-08 V                   ; 2.72 V              ; -0.0349 V           ; 0.173 V                              ; 0.1 V                                ; 2.72e-10 s                  ; 2.69e-10 s                  ; Yes                        ; Yes                        ; 2.62 V                      ; 4.05e-08 V                  ; 2.72 V             ; -0.0349 V          ; 0.173 V                             ; 0.1 V                               ; 2.72e-10 s                 ; 2.69e-10 s                 ; Yes                       ; Yes                       ;
; d[25]         ; 2.5 V        ; 0 s                 ; 0 s                 ; 2.62 V                       ; 4.05e-08 V                   ; 2.72 V              ; -0.0349 V           ; 0.173 V                              ; 0.1 V                                ; 2.72e-10 s                  ; 2.69e-10 s                  ; Yes                        ; Yes                        ; 2.62 V                      ; 4.05e-08 V                  ; 2.72 V             ; -0.0349 V          ; 0.173 V                             ; 0.1 V                               ; 2.72e-10 s                 ; 2.69e-10 s                 ; Yes                       ; Yes                       ;
; d[26]         ; 2.5 V        ; 0 s                 ; 0 s                 ; 2.62 V                       ; 4.05e-08 V                   ; 2.72 V              ; -0.0349 V           ; 0.173 V                              ; 0.1 V                                ; 2.72e-10 s                  ; 2.69e-10 s                  ; Yes                        ; Yes                        ; 2.62 V                      ; 4.05e-08 V                  ; 2.72 V             ; -0.0349 V          ; 0.173 V                             ; 0.1 V                               ; 2.72e-10 s                 ; 2.69e-10 s                 ; Yes                       ; Yes                       ;
; d[27]         ; 2.5 V        ; 0 s                 ; 0 s                 ; 2.62 V                       ; 4.05e-08 V                   ; 2.72 V              ; -0.0349 V           ; 0.173 V                              ; 0.1 V                                ; 2.72e-10 s                  ; 2.69e-10 s                  ; Yes                        ; Yes                        ; 2.62 V                      ; 4.05e-08 V                  ; 2.72 V             ; -0.0349 V          ; 0.173 V                             ; 0.1 V                               ; 2.72e-10 s                 ; 2.69e-10 s                 ; Yes                       ; Yes                       ;
; d[28]         ; 2.5 V        ; 0 s                 ; 0 s                 ; 2.62 V                       ; 4.05e-08 V                   ; 2.72 V              ; -0.0349 V           ; 0.173 V                              ; 0.1 V                                ; 2.72e-10 s                  ; 2.69e-10 s                  ; Yes                        ; Yes                        ; 2.62 V                      ; 4.05e-08 V                  ; 2.72 V             ; -0.0349 V          ; 0.173 V                             ; 0.1 V                               ; 2.72e-10 s                 ; 2.69e-10 s                 ; Yes                       ; Yes                       ;
; d[29]         ; 2.5 V        ; 0 s                 ; 0 s                 ; 2.62 V                       ; 4.05e-08 V                   ; 2.72 V              ; -0.0349 V           ; 0.173 V                              ; 0.1 V                                ; 2.72e-10 s                  ; 2.69e-10 s                  ; Yes                        ; Yes                        ; 2.62 V                      ; 4.05e-08 V                  ; 2.72 V             ; -0.0349 V          ; 0.173 V                             ; 0.1 V                               ; 2.72e-10 s                 ; 2.69e-10 s                 ; Yes                       ; Yes                       ;
; d[30]         ; 2.5 V        ; 0 s                 ; 0 s                 ; 2.62 V                       ; 4.05e-08 V                   ; 2.72 V              ; -0.0349 V           ; 0.173 V                              ; 0.1 V                                ; 2.72e-10 s                  ; 2.69e-10 s                  ; Yes                        ; Yes                        ; 2.62 V                      ; 4.05e-08 V                  ; 2.72 V             ; -0.0349 V          ; 0.173 V                             ; 0.1 V                               ; 2.72e-10 s                 ; 2.69e-10 s                 ; Yes                       ; Yes                       ;
; d[31]         ; 2.5 V        ; 0 s                 ; 0 s                 ; 2.62 V                       ; 4.05e-08 V                   ; 2.72 V              ; -0.0349 V           ; 0.173 V                              ; 0.1 V                                ; 2.72e-10 s                  ; 2.69e-10 s                  ; Yes                        ; Yes                        ; 2.62 V                      ; 4.05e-08 V                  ; 2.72 V             ; -0.0349 V          ; 0.173 V                             ; 0.1 V                               ; 2.72e-10 s                 ; 2.69e-10 s                 ; Yes                       ; Yes                       ;
; flags[0]      ; 2.5 V        ; 0 s                 ; 0 s                 ; 2.62 V                       ; 4.05e-08 V                   ; 2.72 V              ; -0.0349 V           ; 0.173 V                              ; 0.1 V                                ; 2.72e-10 s                  ; 2.69e-10 s                  ; Yes                        ; Yes                        ; 2.62 V                      ; 4.05e-08 V                  ; 2.72 V             ; -0.0349 V          ; 0.173 V                             ; 0.1 V                               ; 2.72e-10 s                 ; 2.69e-10 s                 ; Yes                       ; Yes                       ;
; flags[1]      ; 2.5 V        ; 0 s                 ; 0 s                 ; 2.62 V                       ; 4.05e-08 V                   ; 2.72 V              ; -0.0349 V           ; 0.173 V                              ; 0.1 V                                ; 2.72e-10 s                  ; 2.69e-10 s                  ; Yes                        ; Yes                        ; 2.62 V                      ; 4.05e-08 V                  ; 2.72 V             ; -0.0349 V          ; 0.173 V                             ; 0.1 V                               ; 2.72e-10 s                 ; 2.69e-10 s                 ; Yes                       ; Yes                       ;
; flags[2]      ; 2.5 V        ; 0 s                 ; 0 s                 ; 2.62 V                       ; 4.05e-08 V                   ; 2.72 V              ; -0.0349 V           ; 0.173 V                              ; 0.1 V                                ; 2.72e-10 s                  ; 2.69e-10 s                  ; Yes                        ; Yes                        ; 2.62 V                      ; 4.05e-08 V                  ; 2.72 V             ; -0.0349 V          ; 0.173 V                             ; 0.1 V                               ; 2.72e-10 s                 ; 2.69e-10 s                 ; Yes                       ; Yes                       ;
; flags[3]      ; 2.5 V        ; 0 s                 ; 0 s                 ; 2.62 V                       ; 2.74e-08 V                   ; 2.71 V              ; -0.0317 V           ; 0.148 V                              ; 0.064 V                              ; 4.51e-10 s                  ; 4.15e-10 s                  ; No                         ; Yes                        ; 2.62 V                      ; 2.74e-08 V                  ; 2.71 V             ; -0.0317 V          ; 0.148 V                             ; 0.064 V                             ; 4.51e-10 s                 ; 4.15e-10 s                 ; No                        ; Yes                       ;
; flags[4]      ; 2.5 V        ; 0 s                 ; 0 s                 ; 2.62 V                       ; 4.05e-08 V                   ; 2.72 V              ; -0.0349 V           ; 0.173 V                              ; 0.1 V                                ; 2.72e-10 s                  ; 2.69e-10 s                  ; Yes                        ; Yes                        ; 2.62 V                      ; 4.05e-08 V                  ; 2.72 V             ; -0.0349 V          ; 0.173 V                             ; 0.1 V                               ; 2.72e-10 s                 ; 2.69e-10 s                 ; Yes                       ; Yes                       ;
; ~ALTERA_DCLK~ ; 2.5 V        ; 0 s                 ; 0 s                 ; 2.62 V                       ; 2.22e-08 V                   ; 2.74 V              ; -0.06 V             ; 0.158 V                              ; 0.08 V                               ; 2.68e-10 s                  ; 2.19e-10 s                  ; Yes                        ; Yes                        ; 2.62 V                      ; 2.22e-08 V                  ; 2.74 V             ; -0.06 V            ; 0.158 V                             ; 0.08 V                              ; 2.68e-10 s                 ; 2.19e-10 s                 ; Yes                       ; Yes                       ;
; ~ALTERA_nCEO~ ; 2.5 V        ; 0 s                 ; 0 s                 ; 2.62 V                       ; 3.54e-08 V                   ; 2.7 V               ; -0.00943 V          ; 0.276 V                              ; 0.035 V                              ; 3.19e-10 s                  ; 4.99e-10 s                  ; No                         ; Yes                        ; 2.62 V                      ; 3.54e-08 V                  ; 2.7 V              ; -0.00943 V         ; 0.276 V                             ; 0.035 V                             ; 3.19e-10 s                 ; 4.99e-10 s                 ; No                        ; Yes                       ;
+---------------+--------------+---------------------+---------------------+------------------------------+------------------------------+---------------------+---------------------+--------------------------------------+--------------------------------------+-----------------------------+-----------------------------+----------------------------+----------------------------+-----------------------------+-----------------------------+--------------------+--------------------+-------------------------------------+-------------------------------------+----------------------------+----------------------------+---------------------------+---------------------------+


+-------------------------------------------------------------------+
; Setup Transfers                                                   ;
+------------+----------+----------+----------+----------+----------+
; From Clock ; To Clock ; RR Paths ; FR Paths ; RF Paths ; FF Paths ;
+------------+----------+----------+----------+----------+----------+
; clk        ; clk      ; 382647   ; 0        ; 0        ; 0        ;
+------------+----------+----------+----------+----------+----------+
Entries labeled "false path" only account for clock-to-clock false paths and not path-based false paths. As a result, actual path counts may be lower than reported.


+-------------------------------------------------------------------+
; Hold Transfers                                                    ;
+------------+----------+----------+----------+----------+----------+
; From Clock ; To Clock ; RR Paths ; FR Paths ; RF Paths ; FF Paths ;
+------------+----------+----------+----------+----------+----------+
; clk        ; clk      ; 382647   ; 0        ; 0        ; 0        ;
+------------+----------+----------+----------+----------+----------+
Entries labeled "false path" only account for clock-to-clock false paths and not path-based false paths. As a result, actual path counts may be lower than reported.


+-------------------------------------------------------------------+
; Recovery Transfers                                                ;
+------------+----------+----------+----------+----------+----------+
; From Clock ; To Clock ; RR Paths ; FR Paths ; RF Paths ; FF Paths ;
+------------+----------+----------+----------+----------+----------+
; clk        ; clk      ; 194      ; 0        ; 0        ; 0        ;
+------------+----------+----------+----------+----------+----------+
Entries labeled "false path" only account for clock-to-clock false paths and not path-based false paths. As a result, actual path counts may be lower than reported.


+-------------------------------------------------------------------+
; Removal Transfers                                                 ;
+------------+----------+----------+----------+----------+----------+
; From Clock ; To Clock ; RR Paths ; FR Paths ; RF Paths ; FF Paths ;
+------------+----------+----------+----------+----------+----------+
; clk        ; clk      ; 194      ; 0        ; 0        ; 0        ;
+------------+----------+----------+----------+----------+----------+
Entries labeled "false path" only account for clock-to-clock false paths and not path-based false paths. As a result, actual path counts may be lower than reported.


---------------
; Report TCCS ;
---------------
No dedicated SERDES Transmitter circuitry present in device or used in design


---------------
; Report RSKM ;
---------------
No dedicated SERDES Receiver circuitry present in device or used in design


+------------------------------------------------+
; Unconstrained Paths                            ;
+---------------------------------+-------+------+
; Property                        ; Setup ; Hold ;
+---------------------------------+-------+------+
; Illegal Clocks                  ; 0     ; 0    ;
; Unconstrained Clocks            ; 0     ; 0    ;
; Unconstrained Input Ports       ; 75    ; 75   ;
; Unconstrained Input Port Paths  ; 76    ; 76   ;
; Unconstrained Output Ports      ; 38    ; 38   ;
; Unconstrained Output Port Paths ; 38    ; 38   ;
+---------------------------------+-------+------+


+------------------------------------+
; TimeQuest Timing Analyzer Messages ;
+------------------------------------+
Info: *******************************************************************
Info: Running Quartus II 64-Bit TimeQuest Timing Analyzer
    Info: Version 13.0.1 Build 232 06/12/2013 Service Pack 1 SJ Web Edition
    Info: Processing started: Wed Oct 07 00:20:52 2026
Info: Command: quartus_sta packer -c packer
Info: qsta_default_script.tcl version: #1
Warning (20028): Parallel compilation is not licensed and has been disabled
Info (21076): High junction temperature operating condition is not set. Assuming a default value of '85'.
Info (21076): Low junction temperature operating condition is not set. Assuming a default value of '0'.
Info (332104): Reading SDC File: 'packer.sdc'
Info (332151): Clock uncertainty is not calculated until you update the timing netlist.
Info (332123): Deriving Clock Uncertainty. Please refer to report_sdc in TimeQuest to see clock uncertainties.
Info: Found TIMEQUEST_REPORT_SCRIPT_INCLUDE_DEFAULT_ANALYSIS = ON
Info: Analyzing Slow 1200mV 85C Model
Info (332146): Worst-case setup slack is 0.435
    Info (332119):     Slack End Point TNS Clock 
    Info (332119): ========= ============= =====================
    Info (332119):     0.435         0.000 clk 
Info (332146): Worst-case hold slack is 0.372
    Info (332119):     Slack End Point TNS Clock 
    Info (332119): ========= ============= =====================
    Info (332119):     0.372         0.000 clk 
Info (332146): Worst-case recovery slack is 6.994
    Info (332119):     Slack End Point TNS Clock 
    Info (332119): ========= ============= =====================
    Info (332119):     6.994         0.000 clk 
Info (332146): Worst-case removal slack is 2.184
    Info (332119):     Slack End Point TNS Clock 
    Info (332119): ========= ============= =====================
    Info (332119):     2.184         0.000 clk 
Info (332146): Worst-case minimum pulse width slack is 4.676
    Info (332119):     Slack End Point TNS Clock 
    Info (332119): ========= ============= =====================
    Info (332119):     4.676         0.000 clk 
Info: Analyzing Slow 1200mV 0C Model
Info (334003): Started post-fitting delay annotation
Info (334004): Delay annotation completed successfully
Info (332123): Deriving Clock Uncertainty. Please refer to report_sdc in TimeQuest to see clock uncertainties.
Info (332146): Worst-case setup slack is 1.535
    Info (332119):     Slack End Point TNS Clock 
    Info (332119): ========= ============= =====================
    Info (332119):     1.535         0.000 clk 
Info (332146): Worst-case hold slack is 0.339
    Info (332119):     Slack End Point TNS Clock 
    Info (332119): ========= ============= =====================
    Info (332119):     0.339         0.000 clk 
Info (332146): Worst-case recovery slack is 7.308
    Info (332119):     Slack End Point TNS Clock 
    Info (332119): ========= ============= =====================
    Info (332119):     7.308         0.000 clk 
Info (332146): Worst-case removal slack is 1.951
    Info (332119):     Slack End Point TNS Clock 
    Info (332119): ========= ============= =====================
    Info (332119):     1.951         0.000 clk 
Info (332146): Worst-case minimum pulse width slack is 4.702
    Info (332119):     Slack End Point TNS Clock 
    Info (332119): ========= ============= =====================
    Info (332119):     4.702         0.000 clk 
Info: Analyzing Fast 1200mV 0C Model
Info (332123): Deriving Clock Uncertainty. Please refer to report_sdc in TimeQuest to see clock uncertainties.
Info (332146): Worst-case setup slack is 4.522
    Info (332119):     Slack End Point TNS Clock 
    Info (332119): ========= ============= =====================
    Info (332119):     4.522         0.000 clk 
Info (332146): Worst-case hold slack is 0.193
    Info (332119):     Slack End Point TNS Clock 
    Info (332119): ========= ============= =====================
    Info (332119):     0.193         0.000 clk 
Info (332146): Worst-case recovery slack is 8.215
    Info (332119):     Slack End Point TNS Clock 
    Info (332119): ========= ============= =====================
    Info (332119):     8.215         0.000 clk 
Info (332146): Worst-case removal slack is 1.265
    Info (332119):     Slack End Point TNS Clock 
    Info (332119): ========= ============= =====================
    Info (332119):     1.265         0.000 clk 
Info (332146): Worst-case minimum pulse width slack is 4.424
    Info (332119):     Slack End Point TNS Clock 
    Info (332119): ========= ============= =====================
    Info (332119):     4.424         0.000 clk 
Info (332102): Design is not fully constrained for setup requirements
Info (332102): Design is not fully constrained for hold requirements
Info: Quartus II 64-Bit TimeQuest Timing Analyzer was successful. 0 errors, 1 warning
    Info: Peak virtual memory: 4638 megabytes
    Info: Processing ended: Wed Oct 07 00:20:56 2026
    Info: Elapsed time: 00:00:04
    Info: Total CPU time (on all processors): 00:00:04


