case_id,category,candidate,selected_operand,index_a,index_b,score_a_Q12,score_b_Q12,tie,k,mantissa,exponent,power,coefficient,anchor,shift_right,acc_fraction_bits,term_magnitude,tail,accumulator_integer,accumulator_Q12_projection,next_mantissa,next_exponent,exact_sum_Q96_hex
0,equal_score,fig3,A,0,0,0,0,1,1,4097,0,0,1,0,0,12,4127,0,4127,4127,4096,-12,
0,equal_score,fig3,A,0,0,0,0,1,2,4096,-12,-12,1,0,12,12,1,1,4128,4128,0,-12,
0,equal_score,tie_b,B,0,0,0,0,1,1,4127,0,0,1,0,0,12,4097,0,4097,4097,7936,-8,
0,equal_score,tie_b,B,0,0,0,0,1,2,7936,-8,-7,1,0,7,12,32,1,4129,4129,8160,-13,
0,equal_score,legacy7,A,0,0,0,0,1,1,4097,0,0,1,0,0,12,4127,0,4127,4127,4096,-12,
0,equal_score,legacy7,A,0,0,0,0,1,2,4096,-12,-12,1,0,12,12,1,1,4128,4128,0,-12,
0,equal_score,input_anchor,A,0,0,0,0,1,1,4097,0,0,1,0,0,12,4127,0,4127,4127,4096,-12,
0,equal_score,input_anchor,A,0,0,0,0,1,2,4096,-12,-12,1,0,12,12,1,1,4128,4128,0,-12,
0,equal_score,exact_residual,A,0,0,0,0,1,1,4097,0,0,1,0,0,12,4127,0,4127,4127,4096,-12,
0,equal_score,exact_residual,A,0,0,0,0,1,2,4096,-12,-12,1,0,12,12,1,1,4128,4128,0,-12,
0,equal_score,guard1_pack12,A,0,0,0,0,1,1,4097,0,0,1,0,0,13,8254,0,8254,4127,4096,-12,
0,equal_score,guard1_pack12,A,0,0,0,0,1,2,4096,-12,-12,1,0,12,13,2,1,8256,4128,0,-12,
0,equal_score,guard12_pack12,A,0,0,0,0,1,1,4097,0,0,1,0,0,24,16904192,0,16904192,4127,4096,-12,
0,equal_score,guard12_pack12,A,0,0,0,0,1,2,4096,-12,-12,1,0,12,24,4127,0,16908319,4128,0,-12,
0,equal_score,source_uncut,A,0,0,0,0,1,1,4097,0,0,1,0,0,24,16904192,0,16904192,4127,4096,-12,
0,equal_score,source_uncut,A,0,0,0,0,1,2,4096,-12,-12,1,0,12,24,4127,0,16908319,4128,0,-12,
0,equal_score,post_sum_pack12,A,0,0,0,0,1,1,4097,0,0,1,0,0,12,4127,0,4127,4127,4096,-12,0x101f000000000000000000000000
0,equal_score,post_sum_pack12,A,0,0,0,0,1,2,4096,-12,-12,1,0,12,12,1,1,4128,4128,0,-12,0x102001f000000000000000000000
0,equal_score,signed_floor,A,0,0,0,0,1,1,4097,0,0,1,0,0,12,4127,0,4127,4127,4096,-12,
0,equal_score,signed_floor,A,0,0,0,0,1,2,4096,-12,-12,1,0,12,12,1,1,4128,4128,0,-12,
1,output_width,fig3,A,0,0,0,0,1,1,4097,0,0,1,0,0,12,4127,0,4127,4127,4096,-12,
1,output_width,fig3,A,0,0,0,0,1,2,4096,-12,-12,1,0,12,12,1,1,4128,4128,0,-12,
1,output_width,tie_b,B,0,0,0,0,1,1,4127,0,0,1,0,0,12,4097,0,4097,4097,7936,-8,
1,output_width,tie_b,B,0,0,0,0,1,2,7936,-8,-7,1,0,7,12,32,1,4129,4129,8160,-13,
1,output_width,legacy7,A,0,0,0,0,1,1,4097,0,0,1,0,0,12,4127,0,4127,4127,4096,-12,
1,output_width,legacy7,A,0,0,0,0,1,2,4096,-12,-12,1,0,12,12,1,1,4128,4128,0,-12,
1,output_width,input_anchor,A,0,0,0,0,1,1,4097,0,0,1,0,0,12,4127,0,4127,4127,4096,-12,
1,output_width,input_anchor,A,0,0,0,0,1,2,4096,-12,-12,1,0,12,12,1,1,4128,4128,0,-12,
1,output_width,exact_residual,A,0,0,0,0,1,1,4097,0,0,1,0,0,12,4127,0,4127,4127,4096,-12,
1,output_width,exact_residual,A,0,0,0,0,1,2,4096,-12,-12,1,0,12,12,1,1,4128,4128,0,-12,
1,output_width,guard1_pack12,A,0,0,0,0,1,1,4097,0,0,1,0,0,13,8254,0,8254,4127,4096,-12,
1,output_width,guard1_pack12,A,0,0,0,0,1,2,4096,-12,-12,1,0,12,13,2,1,8256,4128,0,-12,
1,output_width,guard12_pack12,A,0,0,0,0,1,1,4097,0,0,1,0,0,24,16904192,0,16904192,4127,4096,-12,
1,output_width,guard12_pack12,A,0,0,0,0,1,2,4096,-12,-12,1,0,12,24,4127,0,16908319,4128,0,-12,
1,output_width,source_uncut,A,0,0,0,0,1,1,4097,0,0,1,0,0,24,16904192,0,16904192,4127,4096,-12,
1,output_width,source_uncut,A,0,0,0,0,1,2,4096,-12,-12,1,0,12,24,4127,0,16908319,4128,0,-12,
1,output_width,post_sum_pack12,A,0,0,0,0,1,1,4097,0,0,1,0,0,12,4127,0,4127,4127,4096,-12,0x101f000000000000000000000000
1,output_width,post_sum_pack12,A,0,0,0,0,1,2,4096,-12,-12,1,0,12,12,1,1,4128,4128,0,-12,0x102001f000000000000000000000
1,output_width,signed_floor,A,0,0,0,0,1,1,4097,0,0,1,0,0,12,4127,0,4127,4127,4096,-12,
1,output_width,signed_floor,A,0,0,0,0,1,2,4096,-12,-12,1,0,12,12,1,1,4128,4128,0,-12,
2,output_width,fig3,A,0,0,0,0,1,1,4097,0,0,1,0,0,12,4127,0,4127,4127,4096,-12,
2,output_width,fig3,A,0,0,0,0,1,2,4096,-12,-12,1,0,12,12,1,1,4128,4128,0,-12,
2,output_width,tie_b,B,0,0,0,0,1,1,4127,0,0,1,0,0,12,4097,0,4097,4097,7936,-8,
2,output_width,tie_b,B,0,0,0,0,1,2,7936,-8,-7,1,0,7,12,32,1,4129,4129,8160,-13,
2,output_width,tie_b,B,0,0,0,0,1,3,8160,-13,-12,-1,0,12,12,1,1,4128,4128,7936,-21,
2,output_width,legacy7,A,0,0,0,0,1,1,4097,0,0,1,0,0,12,4127,0,4127,4127,4096,-12,
2,output_width,legacy7,A,0,0,0,0,1,2,4096,-12,-12,1,0,12,12,1,1,4128,4128,0,-12,
2,output_width,input_anchor,A,0,0,0,0,1,1,4097,0,0,1,0,0,12,4127,0,4127,4127,4096,-12,
2,output_width,input_anchor,A,0,0,0,0,1,2,4096,-12,-12,1,0,12,12,1,1,4128,4128,0,-12,
2,output_width,exact_residual,A,0,0,0,0,1,1,4097,0,0,1,0,0,12,4127,0,4127,4127,4096,-12,
2,output_width,exact_residual,A,0,0,0,0,1,2,4096,-12,-12,1,0,12,12,1,1,4128,4128,0,-12,
2,output_width,guard1_pack12,A,0,0,0,0,1,1,4097,0,0,1,0,0,13,8254,0,8254,4127,4096,-12,
2,output_width,guard1_pack12,A,0,0,0,0,1,2,4096,-12,-12,1,0,12,13,2,1,8256,4128,0,-12,
2,output_width,guard12_pack12,A,0,0,0,0,1,1,4097,0,0,1,0,0,24,16904192,0,16904192,4127,4096,-12,
2,output_width,guard12_pack12,A,0,0,0,0,1,2,4096,-12,-12,1,0,12,24,4127,0,16908319,4128,0,-12,
2,output_width,source_uncut,A,0,0,0,0,1,1,4097,0,0,1,0,0,24,16904192,0,16904192,4127,4096,-12,
2,output_width,source_uncut,A,0,0,0,0,1,2,4096,-12,-12,1,0,12,24,4127,0,16908319,4128,0,-12,
2,output_width,post_sum_pack12,A,0,0,0,0,1,1,4097,0,0,1,0,0,12,4127,0,4127,4127,4096,-12,0x101f000000000000000000000000
2,output_width,post_sum_pack12,A,0,0,0,0,1,2,4096,-12,-12,1,0,12,12,1,1,4128,4128,0,-12,0x102001f000000000000000000000
2,output_width,signed_floor,A,0,0,0,0,1,1,4097,0,0,1,0,0,12,4127,0,4127,4127,4096,-12,
2,output_width,signed_floor,A,0,0,0,0,1,2,4096,-12,-12,1,0,12,12,1,1,4128,4128,0,-12,
3,output_width,fig3,A,0,0,0,0,1,1,4097,0,0,1,0,0,12,4127,0,4127,4127,4096,-12,
3,output_width,fig3,A,0,0,0,0,1,2,4096,-12,-12,1,0,12,12,1,1,4128,4128,0,-12,
3,output_width,tie_b,B,0,0,0,0,1,1,4127,0,0,1,0,0,12,4097,0,4097,4097,7936,-8,
3,output_width,tie_b,B,0,0,0,0,1,2,7936,-8,-7,1,0,7,12,32,1,4129,4129,8160,-13,
3,output_width,tie_b,B,0,0,0,0,1,3,8160,-13,-12,-1,0,12,12,1,1,4128,4128,7936,-21,
3,output_width,tie_b,B,0,0,0,0,1,4,7936,-21,-20,1,0,20,12,0,1,4128,4128,8160,-26,
3,output_width,legacy7,A,0,0,0,0,1,1,4097,0,0,1,0,0,12,4127,0,4127,4127,4096,-12,
3,output_width,legacy7,A,0,0,0,0,1,2,4096,-12,-12,1,0,12,12,1,1,4128,4128,0,-12,
3,output_width,input_anchor,A,0,0,0,0,1,1,4097,0,0,1,0,0,12,4127,0,4127,4127,4096,-12,
3,output_width,input_anchor,A,0,0,0,0,1,2,4096,-12,-12,1,0,12,12,1,1,4128,4128,0,-12,
3,output_width,exact_residual,A,0,0,0,0,1,1,4097,0,0,1,0,0,12,4127,0,4127,4127,4096,-12,
3,output_width,exact_residual,A,0,0,0,0,1,2,4096,-12,-12,1,0,12,12,1,1,4128,4128,0,-12,
3,output_width,guard1_pack12,A,0,0,0,0,1,1,4097,0,0,1,0,0,13,8254,0,8254,4127,4096,-12,
3,output_width,guard1_pack12,A,0,0,0,0,1,2,4096,-12,-12,1,0,12,13,2,1,8256,4128,0,-12,
3,output_width,guard12_pack12,A,0,0,0,0,1,1,4097,0,0,1,0,0,24,16904192,0,16904192,4127,4096,-12,
3,output_width,guard12_pack12,A,0,0,0,0,1,2,4096,-12,-12,1,0,12,24,4127,0,16908319,4128,0,-12,
3,output_width,source_uncut,A,0,0,0,0,1,1,4097,0,0,1,0,0,24,16904192,0,16904192,4127,4096,-12,
3,output_width,source_uncut,A,0,0,0,0,1,2,4096,-12,-12,1,0,12,24,4127,0,16908319,4128,0,-12,
3,output_width,post_sum_pack12,A,0,0,0,0,1,1,4097,0,0,1,0,0,12,4127,0,4127,4127,4096,-12,0x101f000000000000000000000000
3,output_width,post_sum_pack12,A,0,0,0,0,1,2,4096,-12,-12,1,0,12,12,1,1,4128,4128,0,-12,0x102001f000000000000000000000
3,output_width,signed_floor,A,0,0,0,0,1,1,4097,0,0,1,0,0,12,4127,0,4127,4127,4096,-12,
3,output_width,signed_floor,A,0,0,0,0,1,2,4096,-12,-12,1,0,12,12,1,1,4128,4128,0,-12,
4,equal_score,fig3,A,0,1,0,0,1,1,4097,0,0,1,0,0,12,4158,0,4158,4158,4096,-12,
4,equal_score,fig3,A,0,1,0,0,1,2,4096,-12,-12,1,0,12,12,1,1,4159,4159,0,-12,
4,equal_score,tie_b,B,0,1,0,0,1,1,4158,0,0,1,0,0,12,4097,0,4097,4097,7936,-7,
4,equal_score,tie_b,B,0,1,0,0,1,2,7936,-7,-6,1,0,6,12,64,1,4161,4161,8160,-12,
4,equal_score,legacy7,A,0,1,0,0,1,1,4097,0,0,1,0,0,12,4158,0,4158,4158,4096,-12,
4,equal_score,legacy7,A,0,1,0,0,1,2,4096,-12,-12,1,0,12,12,1,1,4159,4159,0,-12,
4,equal_score,input_anchor,A,0,1,0,0,1,1,4097,0,0,1,0,0,12,4158,0,4158,4158,4096,-12,
4,equal_score,input_anchor,A,0,1,0,0,1,2,4096,-12,-12,1,0,12,12,1,1,4159,4159,0,-12,
4,equal_score,exact_residual,A,0,1,0,0,1,1,4097,0,0,1,0,0,12,4158,0,4158,4158,4096,-12,
4,equal_score,exact_residual,A,0,1,0,0,1,2,4096,-12,-12,1,0,12,12,1,1,4159,4159,0,-12,
4,equal_score,guard1_pack12,A,0,1,0,0,1,1,4097,0,0,1,0,0,13,8316,0,8316,4158,4096,-12,
4,equal_score,guard1_pack12,A,0,1,0,0,1,2,4096,-12,-12,1,0,12,13,2,1,8318,4159,0,-12,
4,equal_score,guard12_pack12,A,0,1,0,0,1,1,4097,0,0,1,0,0,24,17031168,0,17031168,4158,4096,-12,
4,equal_score,guard12_pack12,A,0,1,0,0,1,2,4096,-12,-12,1,0,12,24,4158,0,17035326,4159,0,-12,
4,equal_score,source_uncut,A,0,1,0,0,1,1,4097,0,0,1,0,0,24,17031168,0,17031168,4158,4096,-12,
4,equal_score,source_uncut,A,0,1,0,0,1,2,4096,-12,-12,1,0,12,24,4158,0,17035326,4159,0,-12,
4,equal_score,post_sum_pack12,A,0,1,0,0,1,1,4097,0,0,1,0,0,12,4158,0,4158,4158,4096,-12,0x103e000000000000000000000000
4,equal_score,post_sum_pack12,A,0,1,0,0,1,2,4096,-12,-12,1,0,12,12,1,1,4159,4159,0,-12,0x103f03e000000000000000000000
4,equal_score,signed_floor,A,0,1,0,0,1,1,4097,0,0,1,0,0,12,4158,0,4158,4158,4096,-12,
4,equal_score,signed_floor,A,0,1,0,0,1,2,4096,-12,-12,1,0,12,12,1,1,4159,4159,0,-12,
5,output_width,fig3,A,0,1,0,0,1,1,4097,0,0,1,0,0,12,4158,0,4158,4158,4096,-12,
5,output_width,fig3,A,0,1,0,0,1,2,4096,-12,-12,1,0,12,12,1,1,4159,4159,0,-12,
5,output_width,tie_b,B,0,1,0,0,1,1,4158,0,0,1,0,0,12,4097,0,4097,4097,7936,-7,
5,output_width,tie_b,B,0,1,0,0,1,2,7936,-7,-6,1,0,6,12,64,1,4161,4161,8160,-12,
5,output_width,legacy7,A,0,1,0,0,1,1,4097,0,0,1,0,0,12,4158,0,4158,4158,4096,-12,
5,output_width,legacy7,A,0,1,0,0,1,2,4096,-12,-12,1,0,12,12,1,1,4159,4159,0,-12,
5,output_width,input_anchor,A,0,1,0,0,1,1,4097,0,0,1,0,0,12,4158,0,4158,4158,4096,-12,
5,output_width,input_anchor,A,0,1,0,0,1,2,4096,-12,-12,1,0,12,12,1,1,4159,4159,0,-12,
5,output_width,exact_residual,A,0,1,0,0,1,1,4097,0,0,1,0,0,12,4158,0,4158,4158,4096,-12,
5,output_width,exact_residual,A,0,1,0,0,1,2,4096,-12,-12,1,0,12,12,1,1,4159,4159,0,-12,
5,output_width,guard1_pack12,A,0,1,0,0,1,1,4097,0,0,1,0,0,13,8316,0,8316,4158,4096,-12,
5,output_width,guard1_pack12,A,0,1,0,0,1,2,4096,-12,-12,1,0,12,13,2,1,8318,4159,0,-12,
5,output_width,guard12_pack12,A,0,1,0,0,1,1,4097,0,0,1,0,0,24,17031168,0,17031168,4158,4096,-12,
5,output_width,guard12_pack12,A,0,1,0,0,1,2,4096,-12,-12,1,0,12,24,4158,0,17035326,4159,0,-12,
5,output_width,source_uncut,A,0,1,0,0,1,1,4097,0,0,1,0,0,24,17031168,0,17031168,4158,4096,-12,
5,output_width,source_uncut,A,0,1,0,0,1,2,4096,-12,-12,1,0,12,24,4158,0,17035326,4159,0,-12,
5,output_width,post_sum_pack12,A,0,1,0,0,1,1,4097,0,0,1,0,0,12,4158,0,4158,4158,4096,-12,0x103e000000000000000000000000
5,output_width,post_sum_pack12,A,0,1,0,0,1,2,4096,-12,-12,1,0,12,12,1,1,4159,4159,0,-12,0x103f03e000000000000000000000
5,output_width,signed_floor,A,0,1,0,0,1,1,4097,0,0,1,0,0,12,4158,0,4158,4158,4096,-12,
5,output_width,signed_floor,A,0,1,0,0,1,2,4096,-12,-12,1,0,12,12,1,1,4159,4159,0,-12,
6,output_width,fig3,A,0,1,0,0,1,1,4097,0,0,1,0,0,12,4158,0,4158,4158,4096,-12,
6,output_width,fig3,A,0,1,0,0,1,2,4096,-12,-12,1,0,12,12,1,1,4159,4159,0,-12,
6,output_width,tie_b,B,0,1,0,0,1,1,4158,0,0,1,0,0,12,4097,0,4097,4097,7936,-7,
6,output_width,tie_b,B,0,1,0,0,1,2,7936,-7,-6,1,0,6,12,64,1,4161,4161,8160,-12,
6,output_width,tie_b,B,0,1,0,0,1,3,8160,-12,-11,-1,0,11,12,2,1,4159,4159,7936,-20,
6,output_width,legacy7,A,0,1,0,0,1,1,4097,0,0,1,0,0,12,4158,0,4158,4158,4096,-12,
6,output_width,legacy7,A,0,1,0,0,1,2,4096,-12,-12,1,0,12,12,1,1,4159,4159,0,-12,
6,output_width,input_anchor,A,0,1,0,0,1,1,4097,0,0,1,0,0,12,4158,0,4158,4158,4096,-12,
6,output_width,input_anchor,A,0,1,0,0,1,2,4096,-12,-12,1,0,12,12,1,1,4159,4159,0,-12,
6,output_width,exact_residual,A,0,1,0,0,1,1,4097,0,0,1,0,0,12,4158,0,4158,4158,4096,-12,
6,output_width,exact_residual,A,0,1,0,0,1,2,4096,-12,-12,1,0,12,12,1,1,4159,4159,0,-12,
6,output_width,guard1_pack12,A,0,1,0,0,1,1,4097,0,0,1,0,0,13,8316,0,8316,4158,4096,-12,
6,output_width,guard1_pack12,A,0,1,0,0,1,2,4096,-12,-12,1,0,12,13,2,1,8318,4159,0,-12,
6,output_width,guard12_pack12,A,0,1,0,0,1,1,4097,0,0,1,0,0,24,17031168,0,17031168,4158,4096,-12,
6,output_width,guard12_pack12,A,0,1,0,0,1,2,4096,-12,-12,1,0,12,24,4158,0,17035326,4159,0,-12,
6,output_width,source_uncut,A,0,1,0,0,1,1,4097,0,0,1,0,0,24,17031168,0,17031168,4158,4096,-12,
6,output_width,source_uncut,A,0,1,0,0,1,2,4096,-12,-12,1,0,12,24,4158,0,17035326,4159,0,-12,
6,output_width,post_sum_pack12,A,0,1,0,0,1,1,4097,0,0,1,0,0,12,4158,0,4158,4158,4096,-12,0x103e000000000000000000000000
6,output_width,post_sum_pack12,A,0,1,0,0,1,2,4096,-12,-12,1,0,12,12,1,1,4159,4159,0,-12,0x103f03e000000000000000000000
6,output_width,signed_floor,A,0,1,0,0,1,1,4097,0,0,1,0,0,12,4158,0,4158,4158,4096,-12,
6,output_width,signed_floor,A,0,1,0,0,1,2,4096,-12,-12,1,0,12,12,1,1,4159,4159,0,-12,
7,output_width,fig3,A,0,1,0,0,1,1,4097,0,0,1,0,0,12,4158,0,4158,4158,4096,-12,
7,output_width,fig3,A,0,1,0,0,1,2,4096,-12,-12,1,0,12,12,1,1,4159,4159,0,-12,
7,output_width,tie_b,B,0,1,0,0,1,1,4158,0,0,1,0,0,12,4097,0,4097,4097,7936,-7,
7,output_width,tie_b,B,0,1,0,0,1,2,7936,-7,-6,1,0,6,12,64,1,4161,4161,8160,-12,
7,output_width,tie_b,B,0,1,0,0,1,3,8160,-12,-11,-1,0,11,12,2,1,4159,4159,7936,-20,
7,output_width,tie_b,B,0,1,0,0,1,4,7936,-20,-19,1,0,19,12,0,1,4159,4159,8160,-25,
7,output_width,legacy7,A,0,1,0,0,1,1,4097,0,0,1,0,0,12,4158,0,4158,4158,4096,-12,
7,output_width,legacy7,A,0,1,0,0,1,2,4096,-12,-12,1,0,12,12,1,1,4159,4159,0,-12,
7,output_width,input_anchor,A,0,1,0,0,1,1,4097,0,0,1,0,0,12,4158,0,4158,4158,4096,-12,
7,output_width,input_anchor,A,0,1,0,0,1,2,4096,-12,-12,1,0,12,12,1,1,4159,4159,0,-12,
7,output_width,exact_residual,A,0,1,0,0,1,1,4097,0,0,1,0,0,12,4158,0,4158,4158,4096,-12,
7,output_width,exact_residual,A,0,1,0,0,1,2,4096,-12,-12,1,0,12,12,1,1,4159,4159,0,-12,
7,output_width,guard1_pack12,A,0,1,0,0,1,1,4097,0,0,1,0,0,13,8316,0,8316,4158,4096,-12,
7,output_width,guard1_pack12,A,0,1,0,0,1,2,4096,-12,-12,1,0,12,13,2,1,8318,4159,0,-12,
7,output_width,guard12_pack12,A,0,1,0,0,1,1,4097,0,0,1,0,0,24,17031168,0,17031168,4158,4096,-12,
7,output_width,guard12_pack12,A,0,1,0,0,1,2,4096,-12,-12,1,0,12,24,4158,0,17035326,4159,0,-12,
7,output_width,source_uncut,A,0,1,0,0,1,1,4097,0,0,1,0,0,24,17031168,0,17031168,4158,4096,-12,
7,output_width,source_uncut,A,0,1,0,0,1,2,4096,-12,-12,1,0,12,24,4158,0,17035326,4159,0,-12,
7,output_width,post_sum_pack12,A,0,1,0,0,1,1,4097,0,0,1,0,0,12,4158,0,4158,4158,4096,-12,0x103e000000000000000000000000
7,output_width,post_sum_pack12,A,0,1,0,0,1,2,4096,-12,-12,1,0,12,12,1,1,4159,4159,0,-12,0x103f03e000000000000000000000
7,output_width,signed_floor,A,0,1,0,0,1,1,4097,0,0,1,0,0,12,4158,0,4158,4158,4096,-12,
7,output_width,signed_floor,A,0,1,0,0,1,2,4096,-12,-12,1,0,12,12,1,1,4159,4159,0,-12,
8,equal_score,fig3,A,0,2,0,0,1,1,4097,0,0,1,0,0,12,4189,0,4189,4189,4096,-12,
8,equal_score,fig3,A,0,2,0,0,1,2,4096,-12,-12,1,0,12,12,1,1,4190,4190,0,-12,
8,equal_score,tie_b,B,0,2,0,0,1,1,4189,0,0,1,0,0,12,4097,0,4097,4097,5952,-6,
8,equal_score,tie_b,B,0,2,0,0,1,2,5952,-6,-6,1,0,6,12,64,1,4161,4161,7424,-8,
8,equal_score,legacy7,A,0,2,0,0,1,1,4097,0,0,1,0,0,12,4189,0,4189,4189,4096,-12,
8,equal_score,legacy7,A,0,2,0,0,1,2,4096,-12,-12,1,0,12,12,1,1,4190,4190,0,-12,
8,equal_score,input_anchor,A,0,2,0,0,1,1,4097,0,0,1,0,0,12,4189,0,4189,4189,4096,-12,
8,equal_score,input_anchor,A,0,2,0,0,1,2,4096,-12,-12,1,0,12,12,1,1,4190,4190,0,-12,
8,equal_score,exact_residual,A,0,2,0,0,1,1,4097,0,0,1,0,0,12,4189,0,4189,4189,4096,-12,
8,equal_score,exact_residual,A,0,2,0,0,1,2,4096,-12,-12,1,0,12,12,1,1,4190,4190,0,-12,
8,equal_score,guard1_pack12,A,0,2,0,0,1,1,4097,0,0,1,0,0,13,8378,0,8378,4189,4096,-12,
8,equal_score,guard1_pack12,A,0,2,0,0,1,2,4096,-12,-12,1,0,12,13,2,1,8380,4190,0,-12,
8,equal_score,guard12_pack12,A,0,2,0,0,1,1,4097,0,0,1,0,0,24,17158144,0,17158144,4189,4096,-12,
8,equal_score,guard12_pack12,A,0,2,0,0,1,2,4096,-12,-12,1,0,12,24,4189,0,17162333,4190,0,-12,
8,equal_score,source_uncut,A,0,2,0,0,1,1,4097,0,0,1,0,0,24,17158144,0,17158144,4189,4096,-12,
8,equal_score,source_uncut,A,0,2,0,0,1,2,4096,-12,-12,1,0,12,24,4189,0,17162333,4190,0,-12,
8,equal_score,post_sum_pack12,A,0,2,0,0,1,1,4097,0,0,1,0,0,12,4189,0,4189,4189,4096,-12,0x105d000000000000000000000000
8,equal_score,post_sum_pack12,A,0,2,0,0,1,2,4096,-12,-12,1,0,12,12,1,1,4190,4190,0,-12,0x105e05d000000000000000000000
8,equal_score,signed_floor,A,0,2,0,0,1,1,4097,0,0,1,0,0,12,4189,0,4189,4189,4096,-12,
8,equal_score,signed_floor,A,0,2,0,0,1,2,4096,-12,-12,1,0,12,12,1,1,4190,4190,0,-12,
9,output_width,fig3,A,0,2,0,0,1,1,4097,0,0,1,0,0,12,4189,0,4189,4189,4096,-12,
9,output_width,fig3,A,0,2,0,0,1,2,4096,-12,-12,1,0,12,12,1,1,4190,4190,0,-12,
9,output_width,tie_b,B,0,2,0,0,1,1,4189,0,0,1,0,0,12,4097,0,4097,4097,5952,-6,
9,output_width,tie_b,B,0,2,0,0,1,2,5952,-6,-6,1,0,6,12,64,1,4161,4161,7424,-8,
9,output_width,legacy7,A,0,2,0,0,1,1,4097,0,0,1,0,0,12,4189,0,4189,4189,4096,-12,
9,output_width,legacy7,A,0,2,0,0,1,2,4096,-12,-12,1,0,12,12,1,1,4190,4190,0,-12,
9,output_width,input_anchor,A,0,2,0,0,1,1,4097,0,0,1,0,0,12,4189,0,4189,4189,4096,-12,
9,output_width,input_anchor,A,0,2,0,0,1,2,4096,-12,-12,1,0,12,12,1,1,4190,4190,0,-12,
9,output_width,exact_residual,A,0,2,0,0,1,1,4097,0,0,1,0,0,12,4189,0,4189,4189,4096,-12,
9,output_width,exact_residual,A,0,2,0,0,1,2,4096,-12,-12,1,0,12,12,1,1,4190,4190,0,-12,
9,output_width,guard1_pack12,A,0,2,0,0,1,1,4097,0,0,1,0,0,13,8378,0,8378,4189,4096,-12,
9,output_width,guard1_pack12,A,0,2,0,0,1,2,4096,-12,-12,1,0,12,13,2,1,8380,4190,0,-12,
9,output_width,guard12_pack12,A,0,2,0,0,1,1,4097,0,0,1,0,0,24,17158144,0,17158144,4189,4096,-12,
9,output_width,guard12_pack12,A,0,2,0,0,1,2,4096,-12,-12,1,0,12,24,4189,0,17162333,4190,0,-12,
9,output_width,source_uncut,A,0,2,0,0,1,1,4097,0,0,1,0,0,24,17158144,0,17158144,4189,4096,-12,
9,output_width,source_uncut,A,0,2,0,0,1,2,4096,-12,-12,1,0,12,24,4189,0,17162333,4190,0,-12,
9,output_width,post_sum_pack12,A,0,2,0,0,1,1,4097,0,0,1,0,0,12,4189,0,4189,4189,4096,-12,0x105d000000000000000000000000
9,output_width,post_sum_pack12,A,0,2,0,0,1,2,4096,-12,-12,1,0,12,12,1,1,4190,4190,0,-12,0x105e05d000000000000000000000
9,output_width,signed_floor,A,0,2,0,0,1,1,4097,0,0,1,0,0,12,4189,0,4189,4189,4096,-12,
9,output_width,signed_floor,A,0,2,0,0,1,2,4096,-12,-12,1,0,12,12,1,1,4190,4190,0,-12,
10,equal_score,fig3,A,0,2,0,0,1,1,4097,0,0,1,0,0,12,4189,0,4189,4189,4096,-12,
10,equal_score,fig3,A,0,2,0,0,1,2,4096,-12,-12,1,0,12,12,1,1,4190,4190,0,-12,
10,equal_score,tie_b,B,0,2,0,0,1,1,4189,0,0,1,0,0,12,4097,0,4097,4097,5952,-6,
10,equal_score,tie_b,B,0,2,0,0,1,2,5952,-6,-6,1,0,6,12,64,1,4161,4161,7424,-8,
10,equal_score,tie_b,B,0,2,0,0,1,3,7424,-8,-7,1,0,7,12,32,1,4193,4193,6136,-11,
10,equal_score,legacy7,A,0,2,0,0,1,1,4097,0,0,1,0,0,12,4189,0,4189,4189,4096,-12,
10,equal_score,legacy7,A,0,2,0,0,1,2,4096,-12,-12,1,0,12,12,1,1,4190,4190,0,-12,
10,equal_score,input_anchor,A,0,2,0,0,1,1,4097,0,0,1,0,0,12,4189,0,4189,4189,4096,-12,
10,equal_score,input_anchor,A,0,2,0,0,1,2,4096,-12,-12,1,0,12,12,1,1,4190,4190,0,-12,
10,equal_score,exact_residual,A,0,2,0,0,1,1,4097,0,0,1,0,0,12,4189,0,4189,4189,4096,-12,
10,equal_score,exact_residual,A,0,2,0,0,1,2,4096,-12,-12,1,0,12,12,1,1,4190,4190,0,-12,
10,equal_score,guard1_pack12,A,0,2,0,0,1,1,4097,0,0,1,0,0,13,8378,0,8378,4189,4096,-12,
10,equal_score,guard1_pack12,A,0,2,0,0,1,2,4096,-12,-12,1,0,12,13,2,1,8380,4190,0,-12,
10,equal_score,guard12_pack12,A,0,2,0,0,1,1,4097,0,0,1,0,0,24,17158144,0,17158144,4189,4096,-12,
10,equal_score,guard12_pack12,A,0,2,0,0,1,2,4096,-12,-12,1,0,12,24,4189,0,17162333,4190,0,-12,
10,equal_score,source_uncut,A,0,2,0,0,1,1,4097,0,0,1,0,0,24,17158144,0,17158144,4189,4096,-12,
10,equal_score,source_uncut,A,0,2,0,0,1,2,4096,-12,-12,1,0,12,24,4189,0,17162333,4190,0,-12,
10,equal_score,post_sum_pack12,A,0,2,0,0,1,1,4097,0,0,1,0,0,12,4189,0,4189,4189,4096,-12,0x105d000000000000000000000000
10,equal_score,post_sum_pack12,A,0,2,0,0,1,2,4096,-12,-12,1,0,12,12,1,1,4190,4190,0,-12,0x105e05d000000000000000000000
10,equal_score,signed_floor,A,0,2,0,0,1,1,4097,0,0,1,0,0,12,4189,0,4189,4189,4096,-12,
10,equal_score,signed_floor,A,0,2,0,0,1,2,4096,-12,-12,1,0,12,12,1,1,4190,4190,0,-12,
11,output_width,fig3,A,0,2,0,0,1,1,4097,0,0,1,0,0,12,4189,0,4189,4189,4096,-12,
11,output_width,fig3,A,0,2,0,0,1,2,4096,-12,-12,1,0,12,12,1,1,4190,4190,0,-12,
11,output_width,tie_b,B,0,2,0,0,1,1,4189,0,0,1,0,0,12,4097,0,4097,4097,5952,-6,
11,output_width,tie_b,B,0,2,0,0,1,2,5952,-6,-6,1,0,6,12,64,1,4161,4161,7424,-8,
11,output_width,tie_b,B,0,2,0,0,1,3,7424,-8,-7,1,0,7,12,32,1,4193,4193,6136,-11,
11,output_width,legacy7,A,0,2,0,0,1,1,4097,0,0,1,0,0,12,4189,0,4189,4189,4096,-12,
11,output_width,legacy7,A,0,2,0,0,1,2,4096,-12,-12,1,0,12,12,1,1,4190,4190,0,-12,
11,output_width,input_anchor,A,0,2,0,0,1,1,4097,0,0,1,0,0,12,4189,0,4189,4189,4096,-12,
11,output_width,input_anchor,A,0,2,0,0,1,2,4096,-12,-12,1,0,12,12,1,1,4190,4190,0,-12,
11,output_width,exact_residual,A,0,2,0,0,1,1,4097,0,0,1,0,0,12,4189,0,4189,4189,4096,-12,
11,output_width,exact_residual,A,0,2,0,0,1,2,4096,-12,-12,1,0,12,12,1,1,4190,4190,0,-12,
11,output_width,guard1_pack12,A,0,2,0,0,1,1,4097,0,0,1,0,0,13,8378,0,8378,4189,4096,-12,
11,output_width,guard1_pack12,A,0,2,0,0,1,2,4096,-12,-12,1,0,12,13,2,1,8380,4190,0,-12,
11,output_width,guard12_pack12,A,0,2,0,0,1,1,4097,0,0,1,0,0,24,17158144,0,17158144,4189,4096,-12,
11,output_width,guard12_pack12,A,0,2,0,0,1,2,4096,-12,-12,1,0,12,24,4189,0,17162333,4190,0,-12,
11,output_width,source_uncut,A,0,2,0,0,1,1,4097,0,0,1,0,0,24,17158144,0,17158144,4189,4096,-12,
11,output_width,source_uncut,A,0,2,0,0,1,2,4096,-12,-12,1,0,12,24,4189,0,17162333,4190,0,-12,
11,output_width,post_sum_pack12,A,0,2,0,0,1,1,4097,0,0,1,0,0,12,4189,0,4189,4189,4096,-12,0x105d000000000000000000000000
11,output_width,post_sum_pack12,A,0,2,0,0,1,2,4096,-12,-12,1,0,12,12,1,1,4190,4190,0,-12,0x105e05d000000000000000000000
11,output_width,signed_floor,A,0,2,0,0,1,1,4097,0,0,1,0,0,12,4189,0,4189,4189,4096,-12,
11,output_width,signed_floor,A,0,2,0,0,1,2,4096,-12,-12,1,0,12,12,1,1,4190,4190,0,-12,
12,equal_score,fig3,A,0,2,0,0,1,1,4097,0,0,1,0,0,12,4189,0,4189,4189,4096,-12,
12,equal_score,fig3,A,0,2,0,0,1,2,4096,-12,-12,1,0,12,12,1,1,4190,4190,0,-12,
12,equal_score,tie_b,B,0,2,0,0,1,1,4189,0,0,1,0,0,12,4097,0,4097,4097,5952,-6,
12,equal_score,tie_b,B,0,2,0,0,1,2,5952,-6,-6,1,0,6,12,64,1,4161,4161,7424,-8,
12,equal_score,tie_b,B,0,2,0,0,1,3,7424,-8,-7,1,0,7,12,32,1,4193,4193,6136,-11,
12,equal_score,tie_b,B,0,2,0,0,1,4,6136,-11,-11,-1,0,11,12,2,1,4191,4191,8160,-13,
12,equal_score,legacy7,A,0,2,0,0,1,1,4097,0,0,1,0,0,12,4189,0,4189,4189,4096,-12,
12,equal_score,legacy7,A,0,2,0,0,1,2,4096,-12,-12,1,0,12,12,1,1,4190,4190,0,-12,
12,equal_score,input_anchor,A,0,2,0,0,1,1,4097,0,0,1,0,0,12,4189,0,4189,4189,4096,-12,
12,equal_score,input_anchor,A,0,2,0,0,1,2,4096,-12,-12,1,0,12,12,1,1,4190,4190,0,-12,
12,equal_score,exact_residual,A,0,2,0,0,1,1,4097,0,0,1,0,0,12,4189,0,4189,4189,4096,-12,
12,equal_score,exact_residual,A,0,2,0,0,1,2,4096,-12,-12,1,0,12,12,1,1,4190,4190,0,-12,
12,equal_score,guard1_pack12,A,0,2,0,0,1,1,4097,0,0,1,0,0,13,8378,0,8378,4189,4096,-12,
12,equal_score,guard1_pack12,A,0,2,0,0,1,2,4096,-12,-12,1,0,12,13,2,1,8380,4190,0,-12,
12,equal_score,guard12_pack12,A,0,2,0,0,1,1,4097,0,0,1,0,0,24,17158144,0,17158144,4189,4096,-12,
12,equal_score,guard12_pack12,A,0,2,0,0,1,2,4096,-12,-12,1,0,12,24,4189,0,17162333,4190,0,-12,
12,equal_score,source_uncut,A,0,2,0,0,1,1,4097,0,0,1,0,0,24,17158144,0,17158144,4189,4096,-12,
12,equal_score,source_uncut,A,0,2,0,0,1,2,4096,-12,-12,1,0,12,24,4189,0,17162333,4190,0,-12,
12,equal_score,post_sum_pack12,A,0,2,0,0,1,1,4097,0,0,1,0,0,12,4189,0,4189,4189,4096,-12,0x105d000000000000000000000000
12,equal_score,post_sum_pack12,A,0,2,0,0,1,2,4096,-12,-12,1,0,12,12,1,1,4190,4190,0,-12,0x105e05d000000000000000000000
12,equal_score,signed_floor,A,0,2,0,0,1,1,4097,0,0,1,0,0,12,4189,0,4189,4189,4096,-12,
12,equal_score,signed_floor,A,0,2,0,0,1,2,4096,-12,-12,1,0,12,12,1,1,4190,4190,0,-12,
13,output_width,fig3,A,0,2,0,0,1,1,4097,0,0,1,0,0,12,4189,0,4189,4189,4096,-12,
13,output_width,fig3,A,0,2,0,0,1,2,4096,-12,-12,1,0,12,12,1,1,4190,4190,0,-12,
13,output_width,tie_b,B,0,2,0,0,1,1,4189,0,0,1,0,0,12,4097,0,4097,4097,5952,-6,
13,output_width,tie_b,B,0,2,0,0,1,2,5952,-6,-6,1,0,6,12,64,1,4161,4161,7424,-8,
13,output_width,tie_b,B,0,2,0,0,1,3,7424,-8,-7,1,0,7,12,32,1,4193,4193,6136,-11,
13,output_width,tie_b,B,0,2,0,0,1,4,6136,-11,-11,-1,0,11,12,2,1,4191,4191,8160,-13,
13,output_width,legacy7,A,0,2,0,0,1,1,4097,0,0,1,0,0,12,4189,0,4189,4189,4096,-12,
13,output_width,legacy7,A,0,2,0,0,1,2,4096,-12,-12,1,0,12,12,1,1,4190,4190,0,-12,
13,output_width,input_anchor,A,0,2,0,0,1,1,4097,0,0,1,0,0,12,4189,0,4189,4189,4096,-12,
13,output_width,input_anchor,A,0,2,0,0,1,2,4096,-12,-12,1,0,12,12,1,1,4190,4190,0,-12,
13,output_width,exact_residual,A,0,2,0,0,1,1,4097,0,0,1,0,0,12,4189,0,4189,4189,4096,-12,
13,output_width,exact_residual,A,0,2,0,0,1,2,4096,-12,-12,1,0,12,12,1,1,4190,4190,0,-12,
13,output_width,guard1_pack12,A,0,2,0,0,1,1,4097,0,0,1,0,0,13,8378,0,8378,4189,4096,-12,
13,output_width,guard1_pack12,A,0,2,0,0,1,2,4096,-12,-12,1,0,12,13,2,1,8380,4190,0,-12,
13,output_width,guard12_pack12,A,0,2,0,0,1,1,4097,0,0,1,0,0,24,17158144,0,17158144,4189,4096,-12,
13,output_width,guard12_pack12,A,0,2,0,0,1,2,4096,-12,-12,1,0,12,24,4189,0,17162333,4190,0,-12,
13,output_width,source_uncut,A,0,2,0,0,1,1,4097,0,0,1,0,0,24,17158144,0,17158144,4189,4096,-12,
13,output_width,source_uncut,A,0,2,0,0,1,2,4096,-12,-12,1,0,12,24,4189,0,17162333,4190,0,-12,
13,output_width,post_sum_pack12,A,0,2,0,0,1,1,4097,0,0,1,0,0,12,4189,0,4189,4189,4096,-12,0x105d000000000000000000000000
13,output_width,post_sum_pack12,A,0,2,0,0,1,2,4096,-12,-12,1,0,12,12,1,1,4190,4190,0,-12,0x105e05d000000000000000000000
13,output_width,signed_floor,A,0,2,0,0,1,1,4097,0,0,1,0,0,12,4189,0,4189,4189,4096,-12,
13,output_width,signed_floor,A,0,2,0,0,1,2,4096,-12,-12,1,0,12,12,1,1,4190,4190,0,-12,
14,output_width,fig3,A,0,3,0,32,0,1,4097,0,0,1,0,0,12,4220,0,4220,4220,4096,-12,
14,output_width,fig3,A,0,3,0,32,0,2,4096,-12,-12,1,0,12,12,1,1,4221,4221,0,-12,
14,output_width,tie_b,A,0,3,0,32,0,1,4097,0,0,1,0,0,12,4220,0,4220,4220,4096,-12,
14,output_width,tie_b,A,0,3,0,32,0,2,4096,-12,-12,1,0,12,12,1,1,4221,4221,0,-12,
14,output_width,legacy7,A,0,3,0,32,0,1,4097,0,0,1,0,0,12,4220,0,4220,4220,4096,-12,
14,output_width,legacy7,A,0,3,0,32,0,2,4096,-12,-12,1,0,12,12,1,1,4221,4221,0,-12,
14,output_width,input_anchor,A,0,3,0,32,0,1,4097,0,0,1,0,0,12,4220,0,4220,4220,4096,-12,
14,output_width,input_anchor,A,0,3,0,32,0,2,4096,-12,-12,1,0,12,12,1,1,4221,4221,0,-12,
14,output_width,exact_residual,A,0,3,0,32,0,1,4097,0,0,1,0,0,12,4220,0,4220,4220,4096,-12,
14,output_width,exact_residual,A,0,3,0,32,0,2,4096,-12,-12,1,0,12,12,1,1,4221,4221,0,-12,
14,output_width,guard1_pack12,A,0,3,0,32,0,1,4097,0,0,1,0,0,13,8440,0,8440,4220,4096,-12,
14,output_width,guard1_pack12,A,0,3,0,32,0,2,4096,-12,-12,1,0,12,13,2,1,8442,4221,0,-12,
14,output_width,guard12_pack12,A,0,3,0,32,0,1,4097,0,0,1,0,0,24,17285120,0,17285120,4220,4096,-12,
14,output_width,guard12_pack12,A,0,3,0,32,0,2,4096,-12,-12,1,0,12,24,4220,0,17289340,4221,0,-12,
14,output_width,source_uncut,A,0,3,0,32,0,1,4097,0,0,1,0,0,24,17285120,0,17285120,4220,4096,-12,
14,output_width,source_uncut,A,0,3,0,32,0,2,4096,-12,-12,1,0,12,24,4220,0,17289340,4221,0,-12,
14,output_width,post_sum_pack12,A,0,3,0,32,0,1,4097,0,0,1,0,0,12,4220,0,4220,4220,4096,-12,0x107c000000000000000000000000
14,output_width,post_sum_pack12,A,0,3,0,32,0,2,4096,-12,-12,1,0,12,12,1,1,4221,4221,0,-12,0x107d07c000000000000000000000
14,output_width,signed_floor,A,0,3,0,32,0,1,4097,0,0,1,0,0,12,4220,0,4220,4220,4096,-12,
14,output_width,signed_floor,A,0,3,0,32,0,2,4096,-12,-12,1,0,12,12,1,1,4221,4221,0,-12,
15,output_width,fig3,A,0,3,0,32,0,1,4097,0,0,1,0,0,12,4220,0,4220,4220,4096,-12,
15,output_width,fig3,A,0,3,0,32,0,2,4096,-12,-12,1,0,12,12,1,1,4221,4221,0,-12,
15,output_width,tie_b,A,0,3,0,32,0,1,4097,0,0,1,0,0,12,4220,0,4220,4220,4096,-12,
15,output_width,tie_b,A,0,3,0,32,0,2,4096,-12,-12,1,0,12,12,1,1,4221,4221,0,-12,
15,output_width,legacy7,A,0,3,0,32,0,1,4097,0,0,1,0,0,12,4220,0,4220,4220,4096,-12,
15,output_width,legacy7,A,0,3,0,32,0,2,4096,-12,-12,1,0,12,12,1,1,4221,4221,0,-12,
15,output_width,input_anchor,A,0,3,0,32,0,1,4097,0,0,1,0,0,12,4220,0,4220,4220,4096,-12,
15,output_width,input_anchor,A,0,3,0,32,0,2,4096,-12,-12,1,0,12,12,1,1,4221,4221,0,-12,
15,output_width,exact_residual,A,0,3,0,32,0,1,4097,0,0,1,0,0,12,4220,0,4220,4220,4096,-12,
15,output_width,exact_residual,A,0,3,0,32,0,2,4096,-12,-12,1,0,12,12,1,1,4221,4221,0,-12,
15,output_width,guard1_pack12,A,0,3,0,32,0,1,4097,0,0,1,0,0,13,8440,0,8440,4220,4096,-12,
15,output_width,guard1_pack12,A,0,3,0,32,0,2,4096,-12,-12,1,0,12,13,2,1,8442,4221,0,-12,
15,output_width,guard12_pack12,A,0,3,0,32,0,1,4097,0,0,1,0,0,24,17285120,0,17285120,4220,4096,-12,
15,output_width,guard12_pack12,A,0,3,0,32,0,2,4096,-12,-12,1,0,12,24,4220,0,17289340,4221,0,-12,
15,output_width,source_uncut,A,0,3,0,32,0,1,4097,0,0,1,0,0,24,17285120,0,17285120,4220,4096,-12,
15,output_width,source_uncut,A,0,3,0,32,0,2,4096,-12,-12,1,0,12,24,4220,0,17289340,4221,0,-12,
15,output_width,post_sum_pack12,A,0,3,0,32,0,1,4097,0,0,1,0,0,12,4220,0,4220,4220,4096,-12,0x107c000000000000000000000000
15,output_width,post_sum_pack12,A,0,3,0,32,0,2,4096,-12,-12,1,0,12,12,1,1,4221,4221,0,-12,0x107d07c000000000000000000000
15,output_width,signed_floor,A,0,3,0,32,0,1,4097,0,0,1,0,0,12,4220,0,4220,4220,4096,-12,
15,output_width,signed_floor,A,0,3,0,32,0,2,4096,-12,-12,1,0,12,12,1,1,4221,4221,0,-12,
16,output_width,fig3,A,0,3,0,32,0,1,4097,0,0,1,0,0,12,4220,0,4220,4220,4096,-12,
16,output_width,fig3,A,0,3,0,32,0,2,4096,-12,-12,1,0,12,12,1,1,4221,4221,0,-12,
16,output_width,tie_b,A,0,3,0,32,0,1,4097,0,0,1,0,0,12,4220,0,4220,4220,4096,-12,
16,output_width,tie_b,A,0,3,0,32,0,2,4096,-12,-12,1,0,12,12,1,1,4221,4221,0,-12,
16,output_width,legacy7,A,0,3,0,32,0,1,4097,0,0,1,0,0,12,4220,0,4220,4220,4096,-12,
16,output_width,legacy7,A,0,3,0,32,0,2,4096,-12,-12,1,0,12,12,1,1,4221,4221,0,-12,
16,output_width,input_anchor,A,0,3,0,32,0,1,4097,0,0,1,0,0,12,4220,0,4220,4220,4096,-12,
16,output_width,input_anchor,A,0,3,0,32,0,2,4096,-12,-12,1,0,12,12,1,1,4221,4221,0,-12,
16,output_width,exact_residual,A,0,3,0,32,0,1,4097,0,0,1,0,0,12,4220,0,4220,4220,4096,-12,
16,output_width,exact_residual,A,0,3,0,32,0,2,4096,-12,-12,1,0,12,12,1,1,4221,4221,0,-12,
16,output_width,guard1_pack12,A,0,3,0,32,0,1,4097,0,0,1,0,0,13,8440,0,8440,4220,4096,-12,
16,output_width,guard1_pack12,A,0,3,0,32,0,2,4096,-12,-12,1,0,12,13,2,1,8442,4221,0,-12,
16,output_width,guard12_pack12,A,0,3,0,32,0,1,4097,0,0,1,0,0,24,17285120,0,17285120,4220,4096,-12,
16,output_width,guard12_pack12,A,0,3,0,32,0,2,4096,-12,-12,1,0,12,24,4220,0,17289340,4221,0,-12,
16,output_width,source_uncut,A,0,3,0,32,0,1,4097,0,0,1,0,0,24,17285120,0,17285120,4220,4096,-12,
16,output_width,source_uncut,A,0,3,0,32,0,2,4096,-12,-12,1,0,12,24,4220,0,17289340,4221,0,-12,
16,output_width,post_sum_pack12,A,0,3,0,32,0,1,4097,0,0,1,0,0,12,4220,0,4220,4220,4096,-12,0x107c000000000000000000000000
16,output_width,post_sum_pack12,A,0,3,0,32,0,2,4096,-12,-12,1,0,12,12,1,1,4221,4221,0,-12,0x107d07c000000000000000000000
16,output_width,signed_floor,A,0,3,0,32,0,1,4097,0,0,1,0,0,12,4220,0,4220,4220,4096,-12,
16,output_width,signed_floor,A,0,3,0,32,0,2,4096,-12,-12,1,0,12,12,1,1,4221,4221,0,-12,
17,equal_score,fig3,A,0,4,0,0,1,1,4097,0,0,1,0,0,12,4251,0,4251,4251,4096,-12,
17,equal_score,fig3,A,0,4,0,0,1,2,4096,-12,-12,1,0,12,12,1,1,4252,4252,0,-12,
17,equal_score,tie_b,B,0,4,0,0,1,1,4251,0,0,1,0,0,12,4097,0,4097,4097,4960,-5,
17,equal_score,tie_b,B,0,4,0,0,1,2,4960,-5,-5,1,0,5,12,128,1,4225,4225,6912,-8,
17,equal_score,legacy7,A,0,4,0,0,1,1,4097,0,0,1,0,0,12,4251,0,4251,4251,4096,-12,
17,equal_score,legacy7,A,0,4,0,0,1,2,4096,-12,-12,1,0,12,12,1,1,4252,4252,0,-12,
17,equal_score,input_anchor,A,0,4,0,0,1,1,4097,0,0,1,0,0,12,4251,0,4251,4251,4096,-12,
17,equal_score,input_anchor,A,0,4,0,0,1,2,4096,-12,-12,1,0,12,12,1,1,4252,4252,0,-12,
17,equal_score,exact_residual,A,0,4,0,0,1,1,4097,0,0,1,0,0,12,4251,0,4251,4251,4096,-12,
17,equal_score,exact_residual,A,0,4,0,0,1,2,4096,-12,-12,1,0,12,12,1,1,4252,4252,0,-12,
17,equal_score,guard1_pack12,A,0,4,0,0,1,1,4097,0,0,1,0,0,13,8502,0,8502,4251,4096,-12,
17,equal_score,guard1_pack12,A,0,4,0,0,1,2,4096,-12,-12,1,0,12,13,2,1,8504,4252,0,-12,
17,equal_score,guard12_pack12,A,0,4,0,0,1,1,4097,0,0,1,0,0,24,17412096,0,17412096,4251,4096,-12,
17,equal_score,guard12_pack12,A,0,4,0,0,1,2,4096,-12,-12,1,0,12,24,4251,0,17416347,4252,0,-12,
17,equal_score,source_uncut,A,0,4,0,0,1,1,4097,0,0,1,0,0,24,17412096,0,17412096,4251,4096,-12,
17,equal_score,source_uncut,A,0,4,0,0,1,2,4096,-12,-12,1,0,12,24,4251,0,17416347,4252,0,-12,
17,equal_score,post_sum_pack12,A,0,4,0,0,1,1,4097,0,0,1,0,0,12,4251,0,4251,4251,4096,-12,0x109b000000000000000000000000
17,equal_score,post_sum_pack12,A,0,4,0,0,1,2,4096,-12,-12,1,0,12,12,1,1,4252,4252,0,-12,0x109c09b000000000000000000000
17,equal_score,signed_floor,A,0,4,0,0,1,1,4097,0,0,1,0,0,12,4251,0,4251,4251,4096,-12,
17,equal_score,signed_floor,A,0,4,0,0,1,2,4096,-12,-12,1,0,12,12,1,1,4252,4252,0,-12,
18,output_width,fig3,A,0,4,0,0,1,1,4097,0,0,1,0,0,12,4251,0,4251,4251,4096,-12,
18,output_width,fig3,A,0,4,0,0,1,2,4096,-12,-12,1,0,12,12,1,1,4252,4252,0,-12,
18,output_width,tie_b,B,0,4,0,0,1,1,4251,0,0,1,0,0,12,4097,0,4097,4097,4960,-5,
18,output_width,tie_b,B,0,4,0,0,1,2,4960,-5,-5,1,0,5,12,128,1,4225,4225,6912,-8,
18,output_width,legacy7,A,0,4,0,0,1,1,4097,0,0,1,0,0,12,4251,0,4251,4251,4096,-12,
18,output_width,legacy7,A,0,4,0,0,1,2,4096,-12,-12,1,0,12,12,1,1,4252,4252,0,-12,
18,output_width,input_anchor,A,0,4,0,0,1,1,4097,0,0,1,0,0,12,4251,0,4251,4251,4096,-12,
18,output_width,input_anchor,A,0,4,0,0,1,2,4096,-12,-12,1,0,12,12,1,1,4252,4252,0,-12,
18,output_width,exact_residual,A,0,4,0,0,1,1,4097,0,0,1,0,0,12,4251,0,4251,4251,4096,-12,
18,output_width,exact_residual,A,0,4,0,0,1,2,4096,-12,-12,1,0,12,12,1,1,4252,4252,0,-12,
18,output_width,guard1_pack12,A,0,4,0,0,1,1,4097,0,0,1,0,0,13,8502,0,8502,4251,4096,-12,
18,output_width,guard1_pack12,A,0,4,0,0,1,2,4096,-12,-12,1,0,12,13,2,1,8504,4252,0,-12,
18,output_width,guard12_pack12,A,0,4,0,0,1,1,4097,0,0,1,0,0,24,17412096,0,17412096,4251,4096,-12,
18,output_width,guard12_pack12,A,0,4,0,0,1,2,4096,-12,-12,1,0,12,24,4251,0,17416347,4252,0,-12,
18,output_width,source_uncut,A,0,4,0,0,1,1,4097,0,0,1,0,0,24,17412096,0,17412096,4251,4096,-12,
18,output_width,source_uncut,A,0,4,0,0,1,2,4096,-12,-12,1,0,12,24,4251,0,17416347,4252,0,-12,
18,output_width,post_sum_pack12,A,0,4,0,0,1,1,4097,0,0,1,0,0,12,4251,0,4251,4251,4096,-12,0x109b000000000000000000000000
18,output_width,post_sum_pack12,A,0,4,0,0,1,2,4096,-12,-12,1,0,12,12,1,1,4252,4252,0,-12,0x109c09b000000000000000000000
18,output_width,signed_floor,A,0,4,0,0,1,1,4097,0,0,1,0,0,12,4251,0,4251,4251,4096,-12,
18,output_width,signed_floor,A,0,4,0,0,1,2,4096,-12,-12,1,0,12,12,1,1,4252,4252,0,-12,
19,equal_score,fig3,A,0,4,0,0,1,1,4097,0,0,1,0,0,12,4251,0,4251,4251,4096,-12,
19,equal_score,fig3,A,0,4,0,0,1,2,4096,-12,-12,1,0,12,12,1,1,4252,4252,0,-12,
19,equal_score,tie_b,B,0,4,0,0,1,1,4251,0,0,1,0,0,12,4097,0,4097,4097,4960,-5,
19,equal_score,tie_b,B,0,4,0,0,1,2,4960,-5,-5,1,0,5,12,128,1,4225,4225,6912,-8,
19,equal_score,tie_b,B,0,4,0,0,1,3,6912,-8,-7,1,0,7,12,32,1,4257,4257,5116,-10,
19,equal_score,legacy7,A,0,4,0,0,1,1,4097,0,0,1,0,0,12,4251,0,4251,4251,4096,-12,
19,equal_score,legacy7,A,0,4,0,0,1,2,4096,-12,-12,1,0,12,12,1,1,4252,4252,0,-12,
19,equal_score,input_anchor,A,0,4,0,0,1,1,4097,0,0,1,0,0,12,4251,0,4251,4251,4096,-12,
19,equal_score,input_anchor,A,0,4,0,0,1,2,4096,-12,-12,1,0,12,12,1,1,4252,4252,0,-12,
19,equal_score,exact_residual,A,0,4,0,0,1,1,4097,0,0,1,0,0,12,4251,0,4251,4251,4096,-12,
19,equal_score,exact_residual,A,0,4,0,0,1,2,4096,-12,-12,1,0,12,12,1,1,4252,4252,0,-12,
19,equal_score,guard1_pack12,A,0,4,0,0,1,1,4097,0,0,1,0,0,13,8502,0,8502,4251,4096,-12,
19,equal_score,guard1_pack12,A,0,4,0,0,1,2,4096,-12,-12,1,0,12,13,2,1,8504,4252,0,-12,
19,equal_score,guard12_pack12,A,0,4,0,0,1,1,4097,0,0,1,0,0,24,17412096,0,17412096,4251,4096,-12,
19,equal_score,guard12_pack12,A,0,4,0,0,1,2,4096,-12,-12,1,0,12,24,4251,0,17416347,4252,0,-12,
19,equal_score,source_uncut,A,0,4,0,0,1,1,4097,0,0,1,0,0,24,17412096,0,17412096,4251,4096,-12,
19,equal_score,source_uncut,A,0,4,0,0,1,2,4096,-12,-12,1,0,12,24,4251,0,17416347,4252,0,-12,
19,equal_score,post_sum_pack12,A,0,4,0,0,1,1,4097,0,0,1,0,0,12,4251,0,4251,4251,4096,-12,0x109b000000000000000000000000
19,equal_score,post_sum_pack12,A,0,4,0,0,1,2,4096,-12,-12,1,0,12,12,1,1,4252,4252,0,-12,0x109c09b000000000000000000000
19,equal_score,signed_floor,A,0,4,0,0,1,1,4097,0,0,1,0,0,12,4251,0,4251,4251,4096,-12,
19,equal_score,signed_floor,A,0,4,0,0,1,2,4096,-12,-12,1,0,12,12,1,1,4252,4252,0,-12,
20,output_width,fig3,A,0,4,0,0,1,1,4097,0,0,1,0,0,12,4251,0,4251,4251,4096,-12,
20,output_width,fig3,A,0,4,0,0,1,2,4096,-12,-12,1,0,12,12,1,1,4252,4252,0,-12,
20,output_width,tie_b,B,0,4,0,0,1,1,4251,0,0,1,0,0,12,4097,0,4097,4097,4960,-5,
20,output_width,tie_b,B,0,4,0,0,1,2,4960,-5,-5,1,0,5,12,128,1,4225,4225,6912,-8,
20,output_width,tie_b,B,0,4,0,0,1,3,6912,-8,-7,1,0,7,12,32,1,4257,4257,5116,-10,
20,output_width,legacy7,A,0,4,0,0,1,1,4097,0,0,1,0,0,12,4251,0,4251,4251,4096,-12,
20,output_width,legacy7,A,0,4,0,0,1,2,4096,-12,-12,1,0,12,12,1,1,4252,4252,0,-12,
20,output_width,input_anchor,A,0,4,0,0,1,1,4097,0,0,1,0,0,12,4251,0,4251,4251,4096,-12,
20,output_width,input_anchor,A,0,4,0,0,1,2,4096,-12,-12,1,0,12,12,1,1,4252,4252,0,-12,
20,output_width,exact_residual,A,0,4,0,0,1,1,4097,0,0,1,0,0,12,4251,0,4251,4251,4096,-12,
20,output_width,exact_residual,A,0,4,0,0,1,2,4096,-12,-12,1,0,12,12,1,1,4252,4252,0,-12,
20,output_width,guard1_pack12,A,0,4,0,0,1,1,4097,0,0,1,0,0,13,8502,0,8502,4251,4096,-12,
20,output_width,guard1_pack12,A,0,4,0,0,1,2,4096,-12,-12,1,0,12,13,2,1,8504,4252,0,-12,
20,output_width,guard12_pack12,A,0,4,0,0,1,1,4097,0,0,1,0,0,24,17412096,0,17412096,4251,4096,-12,
20,output_width,guard12_pack12,A,0,4,0,0,1,2,4096,-12,-12,1,0,12,24,4251,0,17416347,4252,0,-12,
20,output_width,source_uncut,A,0,4,0,0,1,1,4097,0,0,1,0,0,24,17412096,0,17412096,4251,4096,-12,
20,output_width,source_uncut,A,0,4,0,0,1,2,4096,-12,-12,1,0,12,24,4251,0,17416347,4252,0,-12,
20,output_width,post_sum_pack12,A,0,4,0,0,1,1,4097,0,0,1,0,0,12,4251,0,4251,4251,4096,-12,0x109b000000000000000000000000
20,output_width,post_sum_pack12,A,0,4,0,0,1,2,4096,-12,-12,1,0,12,12,1,1,4252,4252,0,-12,0x109c09b000000000000000000000
20,output_width,signed_floor,A,0,4,0,0,1,1,4097,0,0,1,0,0,12,4251,0,4251,4251,4096,-12,
20,output_width,signed_floor,A,0,4,0,0,1,2,4096,-12,-12,1,0,12,12,1,1,4252,4252,0,-12,
21,equal_score,fig3,A,0,4,0,0,1,1,4097,0,0,1,0,0,12,4251,0,4251,4251,4096,-12,
21,equal_score,fig3,A,0,4,0,0,1,2,4096,-12,-12,1,0,12,12,1,1,4252,4252,0,-12,
21,equal_score,tie_b,B,0,4,0,0,1,1,4251,0,0,1,0,0,12,4097,0,4097,4097,4960,-5,
21,equal_score,tie_b,B,0,4,0,0,1,2,4960,-5,-5,1,0,5,12,128,1,4225,4225,6912,-8,
21,equal_score,tie_b,B,0,4,0,0,1,3,6912,-8,-7,1,0,7,12,32,1,4257,4257,5116,-10,
21,equal_score,tie_b,B,0,4,0,0,1,4,5116,-10,-10,-1,0,10,12,4,1,4253,4253,8160,-13,
21,equal_score,legacy7,A,0,4,0,0,1,1,4097,0,0,1,0,0,12,4251,0,4251,4251,4096,-12,
21,equal_score,legacy7,A,0,4,0,0,1,2,4096,-12,-12,1,0,12,12,1,1,4252,4252,0,-12,
21,equal_score,input_anchor,A,0,4,0,0,1,1,4097,0,0,1,0,0,12,4251,0,4251,4251,4096,-12,
21,equal_score,input_anchor,A,0,4,0,0,1,2,4096,-12,-12,1,0,12,12,1,1,4252,4252,0,-12,
21,equal_score,exact_residual,A,0,4,0,0,1,1,4097,0,0,1,0,0,12,4251,0,4251,4251,4096,-12,
21,equal_score,exact_residual,A,0,4,0,0,1,2,4096,-12,-12,1,0,12,12,1,1,4252,4252,0,-12,
21,equal_score,guard1_pack12,A,0,4,0,0,1,1,4097,0,0,1,0,0,13,8502,0,8502,4251,4096,-12,
21,equal_score,guard1_pack12,A,0,4,0,0,1,2,4096,-12,-12,1,0,12,13,2,1,8504,4252,0,-12,
21,equal_score,guard12_pack12,A,0,4,0,0,1,1,4097,0,0,1,0,0,24,17412096,0,17412096,4251,4096,-12,
21,equal_score,guard12_pack12,A,0,4,0,0,1,2,4096,-12,-12,1,0,12,24,4251,0,17416347,4252,0,-12,
21,equal_score,source_uncut,A,0,4,0,0,1,1,4097,0,0,1,0,0,24,17412096,0,17412096,4251,4096,-12,
21,equal_score,source_uncut,A,0,4,0,0,1,2,4096,-12,-12,1,0,12,24,4251,0,17416347,4252,0,-12,
21,equal_score,post_sum_pack12,A,0,4,0,0,1,1,4097,0,0,1,0,0,12,4251,0,4251,4251,4096,-12,0x109b000000000000000000000000
21,equal_score,post_sum_pack12,A,0,4,0,0,1,2,4096,-12,-12,1,0,12,12,1,1,4252,4252,0,-12,0x109c09b000000000000000000000
21,equal_score,signed_floor,A,0,4,0,0,1,1,4097,0,0,1,0,0,12,4251,0,4251,4251,4096,-12,
21,equal_score,signed_floor,A,0,4,0,0,1,2,4096,-12,-12,1,0,12,12,1,1,4252,4252,0,-12,
22,output_width,fig3,A,0,4,0,0,1,1,4097,0,0,1,0,0,12,4251,0,4251,4251,4096,-12,
22,output_width,fig3,A,0,4,0,0,1,2,4096,-12,-12,1,0,12,12,1,1,4252,4252,0,-12,
22,output_width,tie_b,B,0,4,0,0,1,1,4251,0,0,1,0,0,12,4097,0,4097,4097,4960,-5,
22,output_width,tie_b,B,0,4,0,0,1,2,4960,-5,-5,1,0,5,12,128,1,4225,4225,6912,-8,
22,output_width,tie_b,B,0,4,0,0,1,3,6912,-8,-7,1,0,7,12,32,1,4257,4257,5116,-10,
22,output_width,tie_b,B,0,4,0,0,1,4,5116,-10,-10,-1,0,10,12,4,1,4253,4253,8160,-13,
22,output_width,legacy7,A,0,4,0,0,1,1,4097,0,0,1,0,0,12,4251,0,4251,4251,4096,-12,
22,output_width,legacy7,A,0,4,0,0,1,2,4096,-12,-12,1,0,12,12,1,1,4252,4252,0,-12,
22,output_width,input_anchor,A,0,4,0,0,1,1,4097,0,0,1,0,0,12,4251,0,4251,4251,4096,-12,
22,output_width,input_anchor,A,0,4,0,0,1,2,4096,-12,-12,1,0,12,12,1,1,4252,4252,0,-12,
22,output_width,exact_residual,A,0,4,0,0,1,1,4097,0,0,1,0,0,12,4251,0,4251,4251,4096,-12,
22,output_width,exact_residual,A,0,4,0,0,1,2,4096,-12,-12,1,0,12,12,1,1,4252,4252,0,-12,
22,output_width,guard1_pack12,A,0,4,0,0,1,1,4097,0,0,1,0,0,13,8502,0,8502,4251,4096,-12,
22,output_width,guard1_pack12,A,0,4,0,0,1,2,4096,-12,-12,1,0,12,13,2,1,8504,4252,0,-12,
22,output_width,guard12_pack12,A,0,4,0,0,1,1,4097,0,0,1,0,0,24,17412096,0,17412096,4251,4096,-12,
22,output_width,guard12_pack12,A,0,4,0,0,1,2,4096,-12,-12,1,0,12,24,4251,0,17416347,4252,0,-12,
22,output_width,source_uncut,A,0,4,0,0,1,1,4097,0,0,1,0,0,24,17412096,0,17412096,4251,4096,-12,
22,output_width,source_uncut,A,0,4,0,0,1,2,4096,-12,-12,1,0,12,24,4251,0,17416347,4252,0,-12,
22,output_width,post_sum_pack12,A,0,4,0,0,1,1,4097,0,0,1,0,0,12,4251,0,4251,4251,4096,-12,0x109b000000000000000000000000
22,output_width,post_sum_pack12,A,0,4,0,0,1,2,4096,-12,-12,1,0,12,12,1,1,4252,4252,0,-12,0x109c09b000000000000000000000
22,output_width,signed_floor,A,0,4,0,0,1,1,4097,0,0,1,0,0,12,4251,0,4251,4251,4096,-12,
22,output_width,signed_floor,A,0,4,0,0,1,2,4096,-12,-12,1,0,12,12,1,1,4252,4252,0,-12,
23,output_width,fig3,A,0,5,0,32,0,1,4097,0,0,1,0,0,12,4282,0,4282,4282,4096,-12,
23,output_width,fig3,A,0,5,0,32,0,2,4096,-12,-12,1,0,12,12,1,1,4283,4283,0,-12,
23,output_width,tie_b,A,0,5,0,32,0,1,4097,0,0,1,0,0,12,4282,0,4282,4282,4096,-12,
23,output_width,tie_b,A,0,5,0,32,0,2,4096,-12,-12,1,0,12,12,1,1,4283,4283,0,-12,
23,output_width,legacy7,A,0,5,0,32,0,1,4097,0,0,1,0,0,12,4282,0,4282,4282,4096,-12,
23,output_width,legacy7,A,0,5,0,32,0,2,4096,-12,-12,1,0,12,12,1,1,4283,4283,0,-12,
23,output_width,input_anchor,A,0,5,0,32,0,1,4097,0,0,1,0,0,12,4282,0,4282,4282,4096,-12,
23,output_width,input_anchor,A,0,5,0,32,0,2,4096,-12,-12,1,0,12,12,1,1,4283,4283,0,-12,
23,output_width,exact_residual,A,0,5,0,32,0,1,4097,0,0,1,0,0,12,4282,0,4282,4282,4096,-12,
23,output_width,exact_residual,A,0,5,0,32,0,2,4096,-12,-12,1,0,12,12,1,1,4283,4283,0,-12,
23,output_width,guard1_pack12,A,0,5,0,32,0,1,4097,0,0,1,0,0,13,8564,0,8564,4282,4096,-12,
23,output_width,guard1_pack12,A,0,5,0,32,0,2,4096,-12,-12,1,0,12,13,2,1,8566,4283,0,-12,
23,output_width,guard12_pack12,A,0,5,0,32,0,1,4097,0,0,1,0,0,24,17539072,0,17539072,4282,4096,-12,
23,output_width,guard12_pack12,A,0,5,0,32,0,2,4096,-12,-12,1,0,12,24,4282,0,17543354,4283,0,-12,
23,output_width,source_uncut,A,0,5,0,32,0,1,4097,0,0,1,0,0,24,17539072,0,17539072,4282,4096,-12,
23,output_width,source_uncut,A,0,5,0,32,0,2,4096,-12,-12,1,0,12,24,4282,0,17543354,4283,0,-12,
23,output_width,post_sum_pack12,A,0,5,0,32,0,1,4097,0,0,1,0,0,12,4282,0,4282,4282,4096,-12,0x10ba000000000000000000000000
23,output_width,post_sum_pack12,A,0,5,0,32,0,2,4096,-12,-12,1,0,12,12,1,1,4283,4283,0,-12,0x10bb0ba000000000000000000000
23,output_width,signed_floor,A,0,5,0,32,0,1,4097,0,0,1,0,0,12,4282,0,4282,4282,4096,-12,
23,output_width,signed_floor,A,0,5,0,32,0,2,4096,-12,-12,1,0,12,12,1,1,4283,4283,0,-12,
24,output_width,fig3,A,0,5,0,32,0,1,4097,0,0,1,0,0,12,4282,0,4282,4282,4096,-12,
24,output_width,fig3,A,0,5,0,32,0,2,4096,-12,-12,1,0,12,12,1,1,4283,4283,0,-12,
24,output_width,tie_b,A,0,5,0,32,0,1,4097,0,0,1,0,0,12,4282,0,4282,4282,4096,-12,
24,output_width,tie_b,A,0,5,0,32,0,2,4096,-12,-12,1,0,12,12,1,1,4283,4283,0,-12,
24,output_width,legacy7,A,0,5,0,32,0,1,4097,0,0,1,0,0,12,4282,0,4282,4282,4096,-12,
24,output_width,legacy7,A,0,5,0,32,0,2,4096,-12,-12,1,0,12,12,1,1,4283,4283,0,-12,
24,output_width,input_anchor,A,0,5,0,32,0,1,4097,0,0,1,0,0,12,4282,0,4282,4282,4096,-12,
24,output_width,input_anchor,A,0,5,0,32,0,2,4096,-12,-12,1,0,12,12,1,1,4283,4283,0,-12,
24,output_width,exact_residual,A,0,5,0,32,0,1,4097,0,0,1,0,0,12,4282,0,4282,4282,4096,-12,
24,output_width,exact_residual,A,0,5,0,32,0,2,4096,-12,-12,1,0,12,12,1,1,4283,4283,0,-12,
24,output_width,guard1_pack12,A,0,5,0,32,0,1,4097,0,0,1,0,0,13,8564,0,8564,4282,4096,-12,
24,output_width,guard1_pack12,A,0,5,0,32,0,2,4096,-12,-12,1,0,12,13,2,1,8566,4283,0,-12,
24,output_width,guard12_pack12,A,0,5,0,32,0,1,4097,0,0,1,0,0,24,17539072,0,17539072,4282,4096,-12,
24,output_width,guard12_pack12,A,0,5,0,32,0,2,4096,-12,-12,1,0,12,24,4282,0,17543354,4283,0,-12,
24,output_width,source_uncut,A,0,5,0,32,0,1,4097,0,0,1,0,0,24,17539072,0,17539072,4282,4096,-12,
24,output_width,source_uncut,A,0,5,0,32,0,2,4096,-12,-12,1,0,12,24,4282,0,17543354,4283,0,-12,
24,output_width,post_sum_pack12,A,0,5,0,32,0,1,4097,0,0,1,0,0,12,4282,0,4282,4282,4096,-12,0x10ba000000000000000000000000
24,output_width,post_sum_pack12,A,0,5,0,32,0,2,4096,-12,-12,1,0,12,12,1,1,4283,4283,0,-12,0x10bb0ba000000000000000000000
24,output_width,signed_floor,A,0,5,0,32,0,1,4097,0,0,1,0,0,12,4282,0,4282,4282,4096,-12,
24,output_width,signed_floor,A,0,5,0,32,0,2,4096,-12,-12,1,0,12,12,1,1,4283,4283,0,-12,
25,output_width,fig3,A,0,5,0,32,0,1,4097,0,0,1,0,0,12,4282,0,4282,4282,4096,-12,
25,output_width,fig3,A,0,5,0,32,0,2,4096,-12,-12,1,0,12,12,1,1,4283,4283,0,-12,
25,output_width,tie_b,A,0,5,0,32,0,1,4097,0,0,1,0,0,12,4282,0,4282,4282,4096,-12,
25,output_width,tie_b,A,0,5,0,32,0,2,4096,-12,-12,1,0,12,12,1,1,4283,4283,0,-12,
25,output_width,legacy7,A,0,5,0,32,0,1,4097,0,0,1,0,0,12,4282,0,4282,4282,4096,-12,
25,output_width,legacy7,A,0,5,0,32,0,2,4096,-12,-12,1,0,12,12,1,1,4283,4283,0,-12,
25,output_width,input_anchor,A,0,5,0,32,0,1,4097,0,0,1,0,0,12,4282,0,4282,4282,4096,-12,
25,output_width,input_anchor,A,0,5,0,32,0,2,4096,-12,-12,1,0,12,12,1,1,4283,4283,0,-12,
25,output_width,exact_residual,A,0,5,0,32,0,1,4097,0,0,1,0,0,12,4282,0,4282,4282,4096,-12,
25,output_width,exact_residual,A,0,5,0,32,0,2,4096,-12,-12,1,0,12,12,1,1,4283,4283,0,-12,
25,output_width,guard1_pack12,A,0,5,0,32,0,1,4097,0,0,1,0,0,13,8564,0,8564,4282,4096,-12,
25,output_width,guard1_pack12,A,0,5,0,32,0,2,4096,-12,-12,1,0,12,13,2,1,8566,4283,0,-12,
25,output_width,guard12_pack12,A,0,5,0,32,0,1,4097,0,0,1,0,0,24,17539072,0,17539072,4282,4096,-12,
25,output_width,guard12_pack12,A,0,5,0,32,0,2,4096,-12,-12,1,0,12,24,4282,0,17543354,4283,0,-12,
25,output_width,source_uncut,A,0,5,0,32,0,1,4097,0,0,1,0,0,24,17539072,0,17539072,4282,4096,-12,
25,output_width,source_uncut,A,0,5,0,32,0,2,4096,-12,-12,1,0,12,24,4282,0,17543354,4283,0,-12,
25,output_width,post_sum_pack12,A,0,5,0,32,0,1,4097,0,0,1,0,0,12,4282,0,4282,4282,4096,-12,0x10ba000000000000000000000000
25,output_width,post_sum_pack12,A,0,5,0,32,0,2,4096,-12,-12,1,0,12,12,1,1,4283,4283,0,-12,0x10bb0ba000000000000000000000
25,output_width,signed_floor,A,0,5,0,32,0,1,4097,0,0,1,0,0,12,4282,0,4282,4282,4096,-12,
25,output_width,signed_floor,A,0,5,0,32,0,2,4096,-12,-12,1,0,12,12,1,1,4283,4283,0,-12,
26,output_width,fig3,A,0,6,0,64,0,1,4097,0,0,1,0,0,12,4313,0,4313,4313,4096,-12,
26,output_width,fig3,A,0,6,0,64,0,2,4096,-12,-12,1,0,12,12,1,1,4314,4314,0,-12,
26,output_width,tie_b,A,0,6,0,64,0,1,4097,0,0,1,0,0,12,4313,0,4313,4313,4096,-12,
26,output_width,tie_b,A,0,6,0,64,0,2,4096,-12,-12,1,0,12,12,1,1,4314,4314,0,-12,
26,output_width,legacy7,A,0,6,0,64,0,1,4097,0,0,1,0,0,12,4313,0,4313,4313,4096,-12,
26,output_width,legacy7,A,0,6,0,64,0,2,4096,-12,-12,1,0,12,12,1,1,4314,4314,0,-12,
26,output_width,input_anchor,A,0,6,0,64,0,1,4097,0,0,1,0,0,12,4313,0,4313,4313,4096,-12,
26,output_width,input_anchor,A,0,6,0,64,0,2,4096,-12,-12,1,0,12,12,1,1,4314,4314,0,-12,
26,output_width,exact_residual,A,0,6,0,64,0,1,4097,0,0,1,0,0,12,4313,0,4313,4313,4096,-12,
26,output_width,exact_residual,A,0,6,0,64,0,2,4096,-12,-12,1,0,12,12,1,1,4314,4314,0,-12,
26,output_width,guard1_pack12,A,0,6,0,64,0,1,4097,0,0,1,0,0,13,8626,0,8626,4313,4096,-12,
26,output_width,guard1_pack12,A,0,6,0,64,0,2,4096,-12,-12,1,0,12,13,2,1,8628,4314,0,-12,
26,output_width,guard12_pack12,A,0,6,0,64,0,1,4097,0,0,1,0,0,24,17666048,0,17666048,4313,4096,-12,
26,output_width,guard12_pack12,A,0,6,0,64,0,2,4096,-12,-12,1,0,12,24,4313,0,17670361,4314,0,-12,
26,output_width,source_uncut,A,0,6,0,64,0,1,4097,0,0,1,0,0,24,17666048,0,17666048,4313,4096,-12,
26,output_width,source_uncut,A,0,6,0,64,0,2,4096,-12,-12,1,0,12,24,4313,0,17670361,4314,0,-12,
26,output_width,post_sum_pack12,A,0,6,0,64,0,1,4097,0,0,1,0,0,12,4313,0,4313,4313,4096,-12,0x10d9000000000000000000000000
26,output_width,post_sum_pack12,A,0,6,0,64,0,2,4096,-12,-12,1,0,12,12,1,1,4314,4314,0,-12,0x10da0d9000000000000000000000
26,output_width,signed_floor,A,0,6,0,64,0,1,4097,0,0,1,0,0,12,4313,0,4313,4313,4096,-12,
26,output_width,signed_floor,A,0,6,0,64,0,2,4096,-12,-12,1,0,12,12,1,1,4314,4314,0,-12,
27,output_width,fig3,A,0,6,0,64,0,1,4097,0,0,1,0,0,12,4313,0,4313,4313,4096,-12,
27,output_width,fig3,A,0,6,0,64,0,2,4096,-12,-12,1,0,12,12,1,1,4314,4314,0,-12,
27,output_width,tie_b,A,0,6,0,64,0,1,4097,0,0,1,0,0,12,4313,0,4313,4313,4096,-12,
27,output_width,tie_b,A,0,6,0,64,0,2,4096,-12,-12,1,0,12,12,1,1,4314,4314,0,-12,
27,output_width,legacy7,A,0,6,0,64,0,1,4097,0,0,1,0,0,12,4313,0,4313,4313,4096,-12,
27,output_width,legacy7,A,0,6,0,64,0,2,4096,-12,-12,1,0,12,12,1,1,4314,4314,0,-12,
27,output_width,input_anchor,A,0,6,0,64,0,1,4097,0,0,1,0,0,12,4313,0,4313,4313,4096,-12,
27,output_width,input_anchor,A,0,6,0,64,0,2,4096,-12,-12,1,0,12,12,1,1,4314,4314,0,-12,
27,output_width,exact_residual,A,0,6,0,64,0,1,4097,0,0,1,0,0,12,4313,0,4313,4313,4096,-12,
27,output_width,exact_residual,A,0,6,0,64,0,2,4096,-12,-12,1,0,12,12,1,1,4314,4314,0,-12,
27,output_width,guard1_pack12,A,0,6,0,64,0,1,4097,0,0,1,0,0,13,8626,0,8626,4313,4096,-12,
27,output_width,guard1_pack12,A,0,6,0,64,0,2,4096,-12,-12,1,0,12,13,2,1,8628,4314,0,-12,
27,output_width,guard12_pack12,A,0,6,0,64,0,1,4097,0,0,1,0,0,24,17666048,0,17666048,4313,4096,-12,
27,output_width,guard12_pack12,A,0,6,0,64,0,2,4096,-12,-12,1,0,12,24,4313,0,17670361,4314,0,-12,
27,output_width,source_uncut,A,0,6,0,64,0,1,4097,0,0,1,0,0,24,17666048,0,17666048,4313,4096,-12,
27,output_width,source_uncut,A,0,6,0,64,0,2,4096,-12,-12,1,0,12,24,4313,0,17670361,4314,0,-12,
27,output_width,post_sum_pack12,A,0,6,0,64,0,1,4097,0,0,1,0,0,12,4313,0,4313,4313,4096,-12,0x10d9000000000000000000000000
27,output_width,post_sum_pack12,A,0,6,0,64,0,2,4096,-12,-12,1,0,12,12,1,1,4314,4314,0,-12,0x10da0d9000000000000000000000
27,output_width,signed_floor,A,0,6,0,64,0,1,4097,0,0,1,0,0,12,4313,0,4313,4313,4096,-12,
27,output_width,signed_floor,A,0,6,0,64,0,2,4096,-12,-12,1,0,12,12,1,1,4314,4314,0,-12,
28,output_width,fig3,A,0,6,0,64,0,1,4097,0,0,1,0,0,12,4313,0,4313,4313,4096,-12,
28,output_width,fig3,A,0,6,0,64,0,2,4096,-12,-12,1,0,12,12,1,1,4314,4314,0,-12,
28,output_width,tie_b,A,0,6,0,64,0,1,4097,0,0,1,0,0,12,4313,0,4313,4313,4096,-12,
28,output_width,tie_b,A,0,6,0,64,0,2,4096,-12,-12,1,0,12,12,1,1,4314,4314,0,-12,
28,output_width,legacy7,A,0,6,0,64,0,1,4097,0,0,1,0,0,12,4313,0,4313,4313,4096,-12,
28,output_width,legacy7,A,0,6,0,64,0,2,4096,-12,-12,1,0,12,12,1,1,4314,4314,0,-12,
28,output_width,input_anchor,A,0,6,0,64,0,1,4097,0,0,1,0,0,12,4313,0,4313,4313,4096,-12,
28,output_width,input_anchor,A,0,6,0,64,0,2,4096,-12,-12,1,0,12,12,1,1,4314,4314,0,-12,
28,output_width,exact_residual,A,0,6,0,64,0,1,4097,0,0,1,0,0,12,4313,0,4313,4313,4096,-12,
28,output_width,exact_residual,A,0,6,0,64,0,2,4096,-12,-12,1,0,12,12,1,1,4314,4314,0,-12,
28,output_width,guard1_pack12,A,0,6,0,64,0,1,4097,0,0,1,0,0,13,8626,0,8626,4313,4096,-12,
28,output_width,guard1_pack12,A,0,6,0,64,0,2,4096,-12,-12,1,0,12,13,2,1,8628,4314,0,-12,
28,output_width,guard12_pack12,A,0,6,0,64,0,1,4097,0,0,1,0,0,24,17666048,0,17666048,4313,4096,-12,
28,output_width,guard12_pack12,A,0,6,0,64,0,2,4096,-12,-12,1,0,12,24,4313,0,17670361,4314,0,-12,
28,output_width,source_uncut,A,0,6,0,64,0,1,4097,0,0,1,0,0,24,17666048,0,17666048,4313,4096,-12,
28,output_width,source_uncut,A,0,6,0,64,0,2,4096,-12,-12,1,0,12,24,4313,0,17670361,4314,0,-12,
28,output_width,post_sum_pack12,A,0,6,0,64,0,1,4097,0,0,1,0,0,12,4313,0,4313,4313,4096,-12,0x10d9000000000000000000000000
28,output_width,post_sum_pack12,A,0,6,0,64,0,2,4096,-12,-12,1,0,12,12,1,1,4314,4314,0,-12,0x10da0d9000000000000000000000
28,output_width,signed_floor,A,0,6,0,64,0,1,4097,0,0,1,0,0,12,4313,0,4313,4313,4096,-12,
28,output_width,signed_floor,A,0,6,0,64,0,2,4096,-12,-12,1,0,12,12,1,1,4314,4314,0,-12,
29,output_width,fig3,A,0,7,0,32,0,1,4097,0,0,1,0,0,12,4344,0,4344,4344,4096,-12,
29,output_width,fig3,A,0,7,0,32,0,2,4096,-12,-12,1,0,12,12,1,1,4345,4345,0,-12,
29,output_width,tie_b,A,0,7,0,32,0,1,4097,0,0,1,0,0,12,4344,0,4344,4344,4096,-12,
29,output_width,tie_b,A,0,7,0,32,0,2,4096,-12,-12,1,0,12,12,1,1,4345,4345,0,-12,
29,output_width,legacy7,A,0,7,0,32,0,1,4097,0,0,1,0,0,12,4344,0,4344,4344,4096,-12,
29,output_width,legacy7,A,0,7,0,32,0,2,4096,-12,-12,1,0,12,12,1,1,4345,4345,0,-12,
29,output_width,input_anchor,A,0,7,0,32,0,1,4097,0,0,1,0,0,12,4344,0,4344,4344,4096,-12,
29,output_width,input_anchor,A,0,7,0,32,0,2,4096,-12,-12,1,0,12,12,1,1,4345,4345,0,-12,
29,output_width,exact_residual,A,0,7,0,32,0,1,4097,0,0,1,0,0,12,4344,0,4344,4344,4096,-12,
29,output_width,exact_residual,A,0,7,0,32,0,2,4096,-12,-12,1,0,12,12,1,1,4345,4345,0,-12,
29,output_width,guard1_pack12,A,0,7,0,32,0,1,4097,0,0,1,0,0,13,8688,0,8688,4344,4096,-12,
29,output_width,guard1_pack12,A,0,7,0,32,0,2,4096,-12,-12,1,0,12,13,2,1,8690,4345,0,-12,
29,output_width,guard12_pack12,A,0,7,0,32,0,1,4097,0,0,1,0,0,24,17793024,0,17793024,4344,4096,-12,
29,output_width,guard12_pack12,A,0,7,0,32,0,2,4096,-12,-12,1,0,12,24,4344,0,17797368,4345,0,-12,
29,output_width,source_uncut,A,0,7,0,32,0,1,4097,0,0,1,0,0,24,17793024,0,17793024,4344,4096,-12,
29,output_width,source_uncut,A,0,7,0,32,0,2,4096,-12,-12,1,0,12,24,4344,0,17797368,4345,0,-12,
29,output_width,post_sum_pack12,A,0,7,0,32,0,1,4097,0,0,1,0,0,12,4344,0,4344,4344,4096,-12,0x10f8000000000000000000000000
29,output_width,post_sum_pack12,A,0,7,0,32,0,2,4096,-12,-12,1,0,12,12,1,1,4345,4345,0,-12,0x10f90f8000000000000000000000
29,output_width,signed_floor,A,0,7,0,32,0,1,4097,0,0,1,0,0,12,4344,0,4344,4344,4096,-12,
29,output_width,signed_floor,A,0,7,0,32,0,2,4096,-12,-12,1,0,12,12,1,1,4345,4345,0,-12,
30,output_width,fig3,A,0,7,0,32,0,1,4097,0,0,1,0,0,12,4344,0,4344,4344,4096,-12,
30,output_width,fig3,A,0,7,0,32,0,2,4096,-12,-12,1,0,12,12,1,1,4345,4345,0,-12,
30,output_width,tie_b,A,0,7,0,32,0,1,4097,0,0,1,0,0,12,4344,0,4344,4344,4096,-12,
30,output_width,tie_b,A,0,7,0,32,0,2,4096,-12,-12,1,0,12,12,1,1,4345,4345,0,-12,
30,output_width,legacy7,A,0,7,0,32,0,1,4097,0,0,1,0,0,12,4344,0,4344,4344,4096,-12,
30,output_width,legacy7,A,0,7,0,32,0,2,4096,-12,-12,1,0,12,12,1,1,4345,4345,0,-12,
30,output_width,input_anchor,A,0,7,0,32,0,1,4097,0,0,1,0,0,12,4344,0,4344,4344,4096,-12,
30,output_width,input_anchor,A,0,7,0,32,0,2,4096,-12,-12,1,0,12,12,1,1,4345,4345,0,-12,
30,output_width,exact_residual,A,0,7,0,32,0,1,4097,0,0,1,0,0,12,4344,0,4344,4344,4096,-12,
30,output_width,exact_residual,A,0,7,0,32,0,2,4096,-12,-12,1,0,12,12,1,1,4345,4345,0,-12,
30,output_width,guard1_pack12,A,0,7,0,32,0,1,4097,0,0,1,0,0,13,8688,0,8688,4344,4096,-12,
30,output_width,guard1_pack12,A,0,7,0,32,0,2,4096,-12,-12,1,0,12,13,2,1,8690,4345,0,-12,
30,output_width,guard12_pack12,A,0,7,0,32,0,1,4097,0,0,1,0,0,24,17793024,0,17793024,4344,4096,-12,
30,output_width,guard12_pack12,A,0,7,0,32,0,2,4096,-12,-12,1,0,12,24,4344,0,17797368,4345,0,-12,
30,output_width,source_uncut,A,0,7,0,32,0,1,4097,0,0,1,0,0,24,17793024,0,17793024,4344,4096,-12,
30,output_width,source_uncut,A,0,7,0,32,0,2,4096,-12,-12,1,0,12,24,4344,0,17797368,4345,0,-12,
30,output_width,post_sum_pack12,A,0,7,0,32,0,1,4097,0,0,1,0,0,12,4344,0,4344,4344,4096,-12,0x10f8000000000000000000000000
30,output_width,post_sum_pack12,A,0,7,0,32,0,2,4096,-12,-12,1,0,12,12,1,1,4345,4345,0,-12,0x10f90f8000000000000000000000
30,output_width,signed_floor,A,0,7,0,32,0,1,4097,0,0,1,0,0,12,4344,0,4344,4344,4096,-12,
30,output_width,signed_floor,A,0,7,0,32,0,2,4096,-12,-12,1,0,12,12,1,1,4345,4345,0,-12,
31,output_width,fig3,A,0,7,0,32,0,1,4097,0,0,1,0,0,12,4344,0,4344,4344,4096,-12,
31,output_width,fig3,A,0,7,0,32,0,2,4096,-12,-12,1,0,12,12,1,1,4345,4345,0,-12,
31,output_width,tie_b,A,0,7,0,32,0,1,4097,0,0,1,0,0,12,4344,0,4344,4344,4096,-12,
31,output_width,tie_b,A,0,7,0,32,0,2,4096,-12,-12,1,0,12,12,1,1,4345,4345,0,-12,
31,output_width,legacy7,A,0,7,0,32,0,1,4097,0,0,1,0,0,12,4344,0,4344,4344,4096,-12,
31,output_width,legacy7,A,0,7,0,32,0,2,4096,-12,-12,1,0,12,12,1,1,4345,4345,0,-12,
31,output_width,input_anchor,A,0,7,0,32,0,1,4097,0,0,1,0,0,12,4344,0,4344,4344,4096,-12,
31,output_width,input_anchor,A,0,7,0,32,0,2,4096,-12,-12,1,0,12,12,1,1,4345,4345,0,-12,
31,output_width,exact_residual,A,0,7,0,32,0,1,4097,0,0,1,0,0,12,4344,0,4344,4344,4096,-12,
31,output_width,exact_residual,A,0,7,0,32,0,2,4096,-12,-12,1,0,12,12,1,1,4345,4345,0,-12,
31,output_width,guard1_pack12,A,0,7,0,32,0,1,4097,0,0,1,0,0,13,8688,0,8688,4344,4096,-12,
31,output_width,guard1_pack12,A,0,7,0,32,0,2,4096,-12,-12,1,0,12,13,2,1,8690,4345,0,-12,
31,output_width,guard12_pack12,A,0,7,0,32,0,1,4097,0,0,1,0,0,24,17793024,0,17793024,4344,4096,-12,
31,output_width,guard12_pack12,A,0,7,0,32,0,2,4096,-12,-12,1,0,12,24,4344,0,17797368,4345,0,-12,
31,output_width,source_uncut,A,0,7,0,32,0,1,4097,0,0,1,0,0,24,17793024,0,17793024,4344,4096,-12,
31,output_width,source_uncut,A,0,7,0,32,0,2,4096,-12,-12,1,0,12,24,4344,0,17797368,4345,0,-12,
31,output_width,post_sum_pack12,A,0,7,0,32,0,1,4097,0,0,1,0,0,12,4344,0,4344,4344,4096,-12,0x10f8000000000000000000000000
31,output_width,post_sum_pack12,A,0,7,0,32,0,2,4096,-12,-12,1,0,12,12,1,1,4345,4345,0,-12,0x10f90f8000000000000000000000
31,output_width,signed_floor,A,0,7,0,32,0,1,4097,0,0,1,0,0,12,4344,0,4344,4344,4096,-12,
31,output_width,signed_floor,A,0,7,0,32,0,2,4096,-12,-12,1,0,12,12,1,1,4345,4345,0,-12,
32,equal_score,fig3,A,0,8,0,0,1,1,4097,0,0,1,0,0,12,4375,0,4375,4375,4096,-12,
32,equal_score,fig3,A,0,8,0,0,1,2,4096,-12,-12,1,0,12,12,1,1,4376,4376,0,-12,
32,equal_score,tie_b,B,0,8,0,0,1,1,4375,0,0,1,0,0,12,4097,0,4097,4097,4464,-4,
32,equal_score,tie_b,B,0,8,0,0,1,2,4464,-4,-4,1,0,4,12,256,1,4353,4353,5888,-8,
32,equal_score,legacy7,A,0,8,0,0,1,1,4097,0,0,1,0,0,12,4375,0,4375,4375,4096,-12,
32,equal_score,legacy7,A,0,8,0,0,1,2,4096,-12,-12,1,0,12,12,1,1,4376,4376,0,-12,
32,equal_score,input_anchor,A,0,8,0,0,1,1,4097,0,0,1,0,0,12,4375,0,4375,4375,4096,-12,
32,equal_score,input_anchor,A,0,8,0,0,1,2,4096,-12,-12,1,0,12,12,1,1,4376,4376,0,-12,
32,equal_score,exact_residual,A,0,8,0,0,1,1,4097,0,0,1,0,0,12,4375,0,4375,4375,4096,-12,
32,equal_score,exact_residual,A,0,8,0,0,1,2,4096,-12,-12,1,0,12,12,1,1,4376,4376,0,-12,
32,equal_score,guard1_pack12,A,0,8,0,0,1,1,4097,0,0,1,0,0,13,8750,0,8750,4375,4096,-12,
32,equal_score,guard1_pack12,A,0,8,0,0,1,2,4096,-12,-12,1,0,12,13,2,1,8752,4376,0,-12,
32,equal_score,guard12_pack12,A,0,8,0,0,1,1,4097,0,0,1,0,0,24,17920000,0,17920000,4375,4096,-12,
32,equal_score,guard12_pack12,A,0,8,0,0,1,2,4096,-12,-12,1,0,12,24,4375,0,17924375,4376,0,-12,
32,equal_score,source_uncut,A,0,8,0,0,1,1,4097,0,0,1,0,0,24,17920000,0,17920000,4375,4096,-12,
32,equal_score,source_uncut,A,0,8,0,0,1,2,4096,-12,-12,1,0,12,24,4375,0,17924375,4376,0,-12,
32,equal_score,post_sum_pack12,A,0,8,0,0,1,1,4097,0,0,1,0,0,12,4375,0,4375,4375,4096,-12,0x1117000000000000000000000000
32,equal_score,post_sum_pack12,A,0,8,0,0,1,2,4096,-12,-12,1,0,12,12,1,1,4376,4376,0,-12,0x1118117000000000000000000000
32,equal_score,signed_floor,A,0,8,0,0,1,1,4097,0,0,1,0,0,12,4375,0,4375,4375,4096,-12,
32,equal_score,signed_floor,A,0,8,0,0,1,2,4096,-12,-12,1,0,12,12,1,1,4376,4376,0,-12,
33,output_width,fig3,A,0,8,0,0,1,1,4097,0,0,1,0,0,12,4375,0,4375,4375,4096,-12,
33,output_width,fig3,A,0,8,0,0,1,2,4096,-12,-12,1,0,12,12,1,1,4376,4376,0,-12,
33,output_width,tie_b,B,0,8,0,0,1,1,4375,0,0,1,0,0,12,4097,0,4097,4097,4464,-4,
33,output_width,tie_b,B,0,8,0,0,1,2,4464,-4,-4,1,0,4,12,256,1,4353,4353,5888,-8,
33,output_width,legacy7,A,0,8,0,0,1,1,4097,0,0,1,0,0,12,4375,0,4375,4375,4096,-12,
33,output_width,legacy7,A,0,8,0,0,1,2,4096,-12,-12,1,0,12,12,1,1,4376,4376,0,-12,
33,output_width,input_anchor,A,0,8,0,0,1,1,4097,0,0,1,0,0,12,4375,0,4375,4375,4096,-12,
33,output_width,input_anchor,A,0,8,0,0,1,2,4096,-12,-12,1,0,12,12,1,1,4376,4376,0,-12,
33,output_width,exact_residual,A,0,8,0,0,1,1,4097,0,0,1,0,0,12,4375,0,4375,4375,4096,-12,
33,output_width,exact_residual,A,0,8,0,0,1,2,4096,-12,-12,1,0,12,12,1,1,4376,4376,0,-12,
33,output_width,guard1_pack12,A,0,8,0,0,1,1,4097,0,0,1,0,0,13,8750,0,8750,4375,4096,-12,
33,output_width,guard1_pack12,A,0,8,0,0,1,2,4096,-12,-12,1,0,12,13,2,1,8752,4376,0,-12,
33,output_width,guard12_pack12,A,0,8,0,0,1,1,4097,0,0,1,0,0,24,17920000,0,17920000,4375,4096,-12,
33,output_width,guard12_pack12,A,0,8,0,0,1,2,4096,-12,-12,1,0,12,24,4375,0,17924375,4376,0,-12,
33,output_width,source_uncut,A,0,8,0,0,1,1,4097,0,0,1,0,0,24,17920000,0,17920000,4375,4096,-12,
33,output_width,source_uncut,A,0,8,0,0,1,2,4096,-12,-12,1,0,12,24,4375,0,17924375,4376,0,-12,
33,output_width,post_sum_pack12,A,0,8,0,0,1,1,4097,0,0,1,0,0,12,4375,0,4375,4375,4096,-12,0x1117000000000000000000000000
33,output_width,post_sum_pack12,A,0,8,0,0,1,2,4096,-12,-12,1,0,12,12,1,1,4376,4376,0,-12,0x1118117000000000000000000000
33,output_width,signed_floor,A,0,8,0,0,1,1,4097,0,0,1,0,0,12,4375,0,4375,4375,4096,-12,
33,output_width,signed_floor,A,0,8,0,0,1,2,4096,-12,-12,1,0,12,12,1,1,4376,4376,0,-12,
34,equal_score,fig3,A,0,8,0,0,1,1,4097,0,0,1,0,0,12,4375,0,4375,4375,4096,-12,
34,equal_score,fig3,A,0,8,0,0,1,2,4096,-12,-12,1,0,12,12,1,1,4376,4376,0,-12,
34,equal_score,tie_b,B,0,8,0,0,1,1,4375,0,0,1,0,0,12,4097,0,4097,4097,4464,-4,
34,equal_score,tie_b,B,0,8,0,0,1,2,4464,-4,-4,1,0,4,12,256,1,4353,4353,5888,-8,
34,equal_score,tie_b,B,0,8,0,0,1,3,5888,-8,-8,1,0,8,12,16,1,4369,4369,7168,-10,
34,equal_score,legacy7,A,0,8,0,0,1,1,4097,0,0,1,0,0,12,4375,0,4375,4375,4096,-12,
34,equal_score,legacy7,A,0,8,0,0,1,2,4096,-12,-12,1,0,12,12,1,1,4376,4376,0,-12,
34,equal_score,input_anchor,A,0,8,0,0,1,1,4097,0,0,1,0,0,12,4375,0,4375,4375,4096,-12,
34,equal_score,input_anchor,A,0,8,0,0,1,2,4096,-12,-12,1,0,12,12,1,1,4376,4376,0,-12,
34,equal_score,exact_residual,A,0,8,0,0,1,1,4097,0,0,1,0,0,12,4375,0,4375,4375,4096,-12,
34,equal_score,exact_residual,A,0,8,0,0,1,2,4096,-12,-12,1,0,12,12,1,1,4376,4376,0,-12,
34,equal_score,guard1_pack12,A,0,8,0,0,1,1,4097,0,0,1,0,0,13,8750,0,8750,4375,4096,-12,
34,equal_score,guard1_pack12,A,0,8,0,0,1,2,4096,-12,-12,1,0,12,13,2,1,8752,4376,0,-12,
34,equal_score,guard12_pack12,A,0,8,0,0,1,1,4097,0,0,1,0,0,24,17920000,0,17920000,4375,4096,-12,
34,equal_score,guard12_pack12,A,0,8,0,0,1,2,4096,-12,-12,1,0,12,24,4375,0,17924375,4376,0,-12,
34,equal_score,source_uncut,A,0,8,0,0,1,1,4097,0,0,1,0,0,24,17920000,0,17920000,4375,4096,-12,
34,equal_score,source_uncut,A,0,8,0,0,1,2,4096,-12,-12,1,0,12,24,4375,0,17924375,4376,0,-12,
34,equal_score,post_sum_pack12,A,0,8,0,0,1,1,4097,0,0,1,0,0,12,4375,0,4375,4375,4096,-12,0x1117000000000000000000000000
34,equal_score,post_sum_pack12,A,0,8,0,0,1,2,4096,-12,-12,1,0,12,12,1,1,4376,4376,0,-12,0x1118117000000000000000000000
34,equal_score,signed_floor,A,0,8,0,0,1,1,4097,0,0,1,0,0,12,4375,0,4375,4375,4096,-12,
34,equal_score,signed_floor,A,0,8,0,0,1,2,4096,-12,-12,1,0,12,12,1,1,4376,4376,0,-12,
35,output_width,fig3,A,0,8,0,0,1,1,4097,0,0,1,0,0,12,4375,0,4375,4375,4096,-12,
35,output_width,fig3,A,0,8,0,0,1,2,4096,-12,-12,1,0,12,12,1,1,4376,4376,0,-12,
35,output_width,tie_b,B,0,8,0,0,1,1,4375,0,0,1,0,0,12,4097,0,4097,4097,4464,-4,
35,output_width,tie_b,B,0,8,0,0,1,2,4464,-4,-4,1,0,4,12,256,1,4353,4353,5888,-8,
35,output_width,tie_b,B,0,8,0,0,1,3,5888,-8,-8,1,0,8,12,16,1,4369,4369,7168,-10,
35,output_width,legacy7,A,0,8,0,0,1,1,4097,0,0,1,0,0,12,4375,0,4375,4375,4096,-12,
35,output_width,legacy7,A,0,8,0,0,1,2,4096,-12,-12,1,0,12,12,1,1,4376,4376,0,-12,
35,output_width,input_anchor,A,0,8,0,0,1,1,4097,0,0,1,0,0,12,4375,0,4375,4375,4096,-12,
35,output_width,input_anchor,A,0,8,0,0,1,2,4096,-12,-12,1,0,12,12,1,1,4376,4376,0,-12,
35,output_width,exact_residual,A,0,8,0,0,1,1,4097,0,0,1,0,0,12,4375,0,4375,4375,4096,-12,
35,output_width,exact_residual,A,0,8,0,0,1,2,4096,-12,-12,1,0,12,12,1,1,4376,4376,0,-12,
35,output_width,guard1_pack12,A,0,8,0,0,1,1,4097,0,0,1,0,0,13,8750,0,8750,4375,4096,-12,
35,output_width,guard1_pack12,A,0,8,0,0,1,2,4096,-12,-12,1,0,12,13,2,1,8752,4376,0,-12,
35,output_width,guard12_pack12,A,0,8,0,0,1,1,4097,0,0,1,0,0,24,17920000,0,17920000,4375,4096,-12,
35,output_width,guard12_pack12,A,0,8,0,0,1,2,4096,-12,-12,1,0,12,24,4375,0,17924375,4376,0,-12,
35,output_width,source_uncut,A,0,8,0,0,1,1,4097,0,0,1,0,0,24,17920000,0,17920000,4375,4096,-12,
35,output_width,source_uncut,A,0,8,0,0,1,2,4096,-12,-12,1,0,12,24,4375,0,17924375,4376,0,-12,
35,output_width,post_sum_pack12,A,0,8,0,0,1,1,4097,0,0,1,0,0,12,4375,0,4375,4375,4096,-12,0x1117000000000000000000000000
35,output_width,post_sum_pack12,A,0,8,0,0,1,2,4096,-12,-12,1,0,12,12,1,1,4376,4376,0,-12,0x1118117000000000000000000000
35,output_width,signed_floor,A,0,8,0,0,1,1,4097,0,0,1,0,0,12,4375,0,4375,4375,4096,-12,
35,output_width,signed_floor,A,0,8,0,0,1,2,4096,-12,-12,1,0,12,12,1,1,4376,4376,0,-12,
36,equal_score,fig3,A,0,8,0,0,1,1,4097,0,0,1,0,0,12,4375,0,4375,4375,4096,-12,
36,equal_score,fig3,A,0,8,0,0,1,2,4096,-12,-12,1,0,12,12,1,1,4376,4376,0,-12,
36,equal_score,tie_b,B,0,8,0,0,1,1,4375,0,0,1,0,0,12,4097,0,4097,4097,4464,-4,
36,equal_score,tie_b,B,0,8,0,0,1,2,4464,-4,-4,1,0,4,12,256,1,4353,4353,5888,-8,
36,equal_score,tie_b,B,0,8,0,0,1,3,5888,-8,-8,1,0,8,12,16,1,4369,4369,7168,-10,
36,equal_score,tie_b,B,0,8,0,0,1,4,7168,-10,-9,1,0,9,12,8,1,4377,4377,8184,-13,
36,equal_score,legacy7,A,0,8,0,0,1,1,4097,0,0,1,0,0,12,4375,0,4375,4375,4096,-12,
36,equal_score,legacy7,A,0,8,0,0,1,2,4096,-12,-12,1,0,12,12,1,1,4376,4376,0,-12,
36,equal_score,input_anchor,A,0,8,0,0,1,1,4097,0,0,1,0,0,12,4375,0,4375,4375,4096,-12,
36,equal_score,input_anchor,A,0,8,0,0,1,2,4096,-12,-12,1,0,12,12,1,1,4376,4376,0,-12,
36,equal_score,exact_residual,A,0,8,0,0,1,1,4097,0,0,1,0,0,12,4375,0,4375,4375,4096,-12,
36,equal_score,exact_residual,A,0,8,0,0,1,2,4096,-12,-12,1,0,12,12,1,1,4376,4376,0,-12,
36,equal_score,guard1_pack12,A,0,8,0,0,1,1,4097,0,0,1,0,0,13,8750,0,8750,4375,4096,-12,
36,equal_score,guard1_pack12,A,0,8,0,0,1,2,4096,-12,-12,1,0,12,13,2,1,8752,4376,0,-12,
36,equal_score,guard12_pack12,A,0,8,0,0,1,1,4097,0,0,1,0,0,24,17920000,0,17920000,4375,4096,-12,
36,equal_score,guard12_pack12,A,0,8,0,0,1,2,4096,-12,-12,1,0,12,24,4375,0,17924375,4376,0,-12,
36,equal_score,source_uncut,A,0,8,0,0,1,1,4097,0,0,1,0,0,24,17920000,0,17920000,4375,4096,-12,
36,equal_score,source_uncut,A,0,8,0,0,1,2,4096,-12,-12,1,0,12,24,4375,0,17924375,4376,0,-12,
36,equal_score,post_sum_pack12,A,0,8,0,0,1,1,4097,0,0,1,0,0,12,4375,0,4375,4375,4096,-12,0x1117000000000000000000000000
36,equal_score,post_sum_pack12,A,0,8,0,0,1,2,4096,-12,-12,1,0,12,12,1,1,4376,4376,0,-12,0x1118117000000000000000000000
36,equal_score,signed_floor,A,0,8,0,0,1,1,4097,0,0,1,0,0,12,4375,0,4375,4375,4096,-12,
36,equal_score,signed_floor,A,0,8,0,0,1,2,4096,-12,-12,1,0,12,12,1,1,4376,4376,0,-12,
37,output_width,fig3,A,0,8,0,0,1,1,4097,0,0,1,0,0,12,4375,0,4375,4375,4096,-12,
37,output_width,fig3,A,0,8,0,0,1,2,4096,-12,-12,1,0,12,12,1,1,4376,4376,0,-12,
37,output_width,tie_b,B,0,8,0,0,1,1,4375,0,0,1,0,0,12,4097,0,4097,4097,4464,-4,
37,output_width,tie_b,B,0,8,0,0,1,2,4464,-4,-4,1,0,4,12,256,1,4353,4353,5888,-8,
37,output_width,tie_b,B,0,8,0,0,1,3,5888,-8,-8,1,0,8,12,16,1,4369,4369,7168,-10,
37,output_width,tie_b,B,0,8,0,0,1,4,7168,-10,-9,1,0,9,12,8,1,4377,4377,8184,-13,
37,output_width,legacy7,A,0,8,0,0,1,1,4097,0,0,1,0,0,12,4375,0,4375,4375,4096,-12,
37,output_width,legacy7,A,0,8,0,0,1,2,4096,-12,-12,1,0,12,12,1,1,4376,4376,0,-12,
37,output_width,input_anchor,A,0,8,0,0,1,1,4097,0,0,1,0,0,12,4375,0,4375,4375,4096,-12,
37,output_width,input_anchor,A,0,8,0,0,1,2,4096,-12,-12,1,0,12,12,1,1,4376,4376,0,-12,
37,output_width,exact_residual,A,0,8,0,0,1,1,4097,0,0,1,0,0,12,4375,0,4375,4375,4096,-12,
37,output_width,exact_residual,A,0,8,0,0,1,2,4096,-12,-12,1,0,12,12,1,1,4376,4376,0,-12,
37,output_width,guard1_pack12,A,0,8,0,0,1,1,4097,0,0,1,0,0,13,8750,0,8750,4375,4096,-12,
37,output_width,guard1_pack12,A,0,8,0,0,1,2,4096,-12,-12,1,0,12,13,2,1,8752,4376,0,-12,
37,output_width,guard12_pack12,A,0,8,0,0,1,1,4097,0,0,1,0,0,24,17920000,0,17920000,4375,4096,-12,
37,output_width,guard12_pack12,A,0,8,0,0,1,2,4096,-12,-12,1,0,12,24,4375,0,17924375,4376,0,-12,
37,output_width,source_uncut,A,0,8,0,0,1,1,4097,0,0,1,0,0,24,17920000,0,17920000,4375,4096,-12,
37,output_width,source_uncut,A,0,8,0,0,1,2,4096,-12,-12,1,0,12,24,4375,0,17924375,4376,0,-12,
37,output_width,post_sum_pack12,A,0,8,0,0,1,1,4097,0,0,1,0,0,12,4375,0,4375,4375,4096,-12,0x1117000000000000000000000000
37,output_width,post_sum_pack12,A,0,8,0,0,1,2,4096,-12,-12,1,0,12,12,1,1,4376,4376,0,-12,0x1118117000000000000000000000
37,output_width,signed_floor,A,0,8,0,0,1,1,4097,0,0,1,0,0,12,4375,0,4375,4375,4096,-12,
37,output_width,signed_floor,A,0,8,0,0,1,2,4096,-12,-12,1,0,12,12,1,1,4376,4376,0,-12,
38,output_width,fig3,A,0,9,0,32,0,1,4097,0,0,1,0,0,12,4406,0,4406,4406,4096,-12,
38,output_width,fig3,A,0,9,0,32,0,2,4096,-12,-12,1,0,12,12,1,1,4407,4407,0,-12,
38,output_width,tie_b,A,0,9,0,32,0,1,4097,0,0,1,0,0,12,4406,0,4406,4406,4096,-12,
38,output_width,tie_b,A,0,9,0,32,0,2,4096,-12,-12,1,0,12,12,1,1,4407,4407,0,-12,
38,output_width,legacy7,A,0,9,0,32,0,1,4097,0,0,1,0,0,12,4406,0,4406,4406,4096,-12,
38,output_width,legacy7,A,0,9,0,32,0,2,4096,-12,-12,1,0,12,12,1,1,4407,4407,0,-12,
38,output_width,input_anchor,A,0,9,0,32,0,1,4097,0,0,1,0,0,12,4406,0,4406,4406,4096,-12,
38,output_width,input_anchor,A,0,9,0,32,0,2,4096,-12,-12,1,0,12,12,1,1,4407,4407,0,-12,
38,output_width,exact_residual,A,0,9,0,32,0,1,4097,0,0,1,0,0,12,4406,0,4406,4406,4096,-12,
38,output_width,exact_residual,A,0,9,0,32,0,2,4096,-12,-12,1,0,12,12,1,1,4407,4407,0,-12,
38,output_width,guard1_pack12,A,0,9,0,32,0,1,4097,0,0,1,0,0,13,8812,0,8812,4406,4096,-12,
38,output_width,guard1_pack12,A,0,9,0,32,0,2,4096,-12,-12,1,0,12,13,2,1,8814,4407,0,-12,
38,output_width,guard12_pack12,A,0,9,0,32,0,1,4097,0,0,1,0,0,24,18046976,0,18046976,4406,4096,-12,
38,output_width,guard12_pack12,A,0,9,0,32,0,2,4096,-12,-12,1,0,12,24,4406,0,18051382,4407,0,-12,
38,output_width,source_uncut,A,0,9,0,32,0,1,4097,0,0,1,0,0,24,18046976,0,18046976,4406,4096,-12,
38,output_width,source_uncut,A,0,9,0,32,0,2,4096,-12,-12,1,0,12,24,4406,0,18051382,4407,0,-12,
38,output_width,post_sum_pack12,A,0,9,0,32,0,1,4097,0,0,1,0,0,12,4406,0,4406,4406,4096,-12,0x1136000000000000000000000000
38,output_width,post_sum_pack12,A,0,9,0,32,0,2,4096,-12,-12,1,0,12,12,1,1,4407,4407,0,-12,0x1137136000000000000000000000
38,output_width,signed_floor,A,0,9,0,32,0,1,4097,0,0,1,0,0,12,4406,0,4406,4406,4096,-12,
38,output_width,signed_floor,A,0,9,0,32,0,2,4096,-12,-12,1,0,12,12,1,1,4407,4407,0,-12,
39,output_width,fig3,A,0,9,0,32,0,1,4097,0,0,1,0,0,12,4406,0,4406,4406,4096,-12,
39,output_width,fig3,A,0,9,0,32,0,2,4096,-12,-12,1,0,12,12,1,1,4407,4407,0,-12,
39,output_width,tie_b,A,0,9,0,32,0,1,4097,0,0,1,0,0,12,4406,0,4406,4406,4096,-12,
39,output_width,tie_b,A,0,9,0,32,0,2,4096,-12,-12,1,0,12,12,1,1,4407,4407,0,-12,
39,output_width,legacy7,A,0,9,0,32,0,1,4097,0,0,1,0,0,12,4406,0,4406,4406,4096,-12,
39,output_width,legacy7,A,0,9,0,32,0,2,4096,-12,-12,1,0,12,12,1,1,4407,4407,0,-12,
39,output_width,input_anchor,A,0,9,0,32,0,1,4097,0,0,1,0,0,12,4406,0,4406,4406,4096,-12,
39,output_width,input_anchor,A,0,9,0,32,0,2,4096,-12,-12,1,0,12,12,1,1,4407,4407,0,-12,
39,output_width,exact_residual,A,0,9,0,32,0,1,4097,0,0,1,0,0,12,4406,0,4406,4406,4096,-12,
39,output_width,exact_residual,A,0,9,0,32,0,2,4096,-12,-12,1,0,12,12,1,1,4407,4407,0,-12,
39,output_width,guard1_pack12,A,0,9,0,32,0,1,4097,0,0,1,0,0,13,8812,0,8812,4406,4096,-12,
39,output_width,guard1_pack12,A,0,9,0,32,0,2,4096,-12,-12,1,0,12,13,2,1,8814,4407,0,-12,
39,output_width,guard12_pack12,A,0,9,0,32,0,1,4097,0,0,1,0,0,24,18046976,0,18046976,4406,4096,-12,
39,output_width,guard12_pack12,A,0,9,0,32,0,2,4096,-12,-12,1,0,12,24,4406,0,18051382,4407,0,-12,
39,output_width,source_uncut,A,0,9,0,32,0,1,4097,0,0,1,0,0,24,18046976,0,18046976,4406,4096,-12,
39,output_width,source_uncut,A,0,9,0,32,0,2,4096,-12,-12,1,0,12,24,4406,0,18051382,4407,0,-12,
39,output_width,post_sum_pack12,A,0,9,0,32,0,1,4097,0,0,1,0,0,12,4406,0,4406,4406,4096,-12,0x1136000000000000000000000000
39,output_width,post_sum_pack12,A,0,9,0,32,0,2,4096,-12,-12,1,0,12,12,1,1,4407,4407,0,-12,0x1137136000000000000000000000
39,output_width,signed_floor,A,0,9,0,32,0,1,4097,0,0,1,0,0,12,4406,0,4406,4406,4096,-12,
39,output_width,signed_floor,A,0,9,0,32,0,2,4096,-12,-12,1,0,12,12,1,1,4407,4407,0,-12,
40,output_width,fig3,A,0,9,0,32,0,1,4097,0,0,1,0,0,12,4406,0,4406,4406,4096,-12,
40,output_width,fig3,A,0,9,0,32,0,2,4096,-12,-12,1,0,12,12,1,1,4407,4407,0,-12,
40,output_width,tie_b,A,0,9,0,32,0,1,4097,0,0,1,0,0,12,4406,0,4406,4406,4096,-12,
40,output_width,tie_b,A,0,9,0,32,0,2,4096,-12,-12,1,0,12,12,1,1,4407,4407,0,-12,
40,output_width,legacy7,A,0,9,0,32,0,1,4097,0,0,1,0,0,12,4406,0,4406,4406,4096,-12,
40,output_width,legacy7,A,0,9,0,32,0,2,4096,-12,-12,1,0,12,12,1,1,4407,4407,0,-12,
40,output_width,input_anchor,A,0,9,0,32,0,1,4097,0,0,1,0,0,12,4406,0,4406,4406,4096,-12,
40,output_width,input_anchor,A,0,9,0,32,0,2,4096,-12,-12,1,0,12,12,1,1,4407,4407,0,-12,
40,output_width,exact_residual,A,0,9,0,32,0,1,4097,0,0,1,0,0,12,4406,0,4406,4406,4096,-12,
40,output_width,exact_residual,A,0,9,0,32,0,2,4096,-12,-12,1,0,12,12,1,1,4407,4407,0,-12,
40,output_width,guard1_pack12,A,0,9,0,32,0,1,4097,0,0,1,0,0,13,8812,0,8812,4406,4096,-12,
40,output_width,guard1_pack12,A,0,9,0,32,0,2,4096,-12,-12,1,0,12,13,2,1,8814,4407,0,-12,
40,output_width,guard12_pack12,A,0,9,0,32,0,1,4097,0,0,1,0,0,24,18046976,0,18046976,4406,4096,-12,
40,output_width,guard12_pack12,A,0,9,0,32,0,2,4096,-12,-12,1,0,12,24,4406,0,18051382,4407,0,-12,
40,output_width,source_uncut,A,0,9,0,32,0,1,4097,0,0,1,0,0,24,18046976,0,18046976,4406,4096,-12,
40,output_width,source_uncut,A,0,9,0,32,0,2,4096,-12,-12,1,0,12,24,4406,0,18051382,4407,0,-12,
40,output_width,post_sum_pack12,A,0,9,0,32,0,1,4097,0,0,1,0,0,12,4406,0,4406,4406,4096,-12,0x1136000000000000000000000000
40,output_width,post_sum_pack12,A,0,9,0,32,0,2,4096,-12,-12,1,0,12,12,1,1,4407,4407,0,-12,0x1137136000000000000000000000
40,output_width,signed_floor,A,0,9,0,32,0,1,4097,0,0,1,0,0,12,4406,0,4406,4406,4096,-12,
40,output_width,signed_floor,A,0,9,0,32,0,2,4096,-12,-12,1,0,12,12,1,1,4407,4407,0,-12,
41,output_width,fig3,A,0,10,0,64,0,1,4097,0,0,1,0,0,12,4437,0,4437,4437,4096,-12,
41,output_width,fig3,A,0,10,0,64,0,2,4096,-12,-12,1,0,12,12,1,1,4438,4438,0,-12,
41,output_width,tie_b,A,0,10,0,64,0,1,4097,0,0,1,0,0,12,4437,0,4437,4437,4096,-12,
41,output_width,tie_b,A,0,10,0,64,0,2,4096,-12,-12,1,0,12,12,1,1,4438,4438,0,-12,
41,output_width,legacy7,A,0,10,0,64,0,1,4097,0,0,1,0,0,12,4437,0,4437,4437,4096,-12,
41,output_width,legacy7,A,0,10,0,64,0,2,4096,-12,-12,1,0,12,12,1,1,4438,4438,0,-12,
41,output_width,input_anchor,A,0,10,0,64,0,1,4097,0,0,1,0,0,12,4437,0,4437,4437,4096,-12,
41,output_width,input_anchor,A,0,10,0,64,0,2,4096,-12,-12,1,0,12,12,1,1,4438,4438,0,-12,
41,output_width,exact_residual,A,0,10,0,64,0,1,4097,0,0,1,0,0,12,4437,0,4437,4437,4096,-12,
41,output_width,exact_residual,A,0,10,0,64,0,2,4096,-12,-12,1,0,12,12,1,1,4438,4438,0,-12,
41,output_width,guard1_pack12,A,0,10,0,64,0,1,4097,0,0,1,0,0,13,8874,0,8874,4437,4096,-12,
41,output_width,guard1_pack12,A,0,10,0,64,0,2,4096,-12,-12,1,0,12,13,2,1,8876,4438,0,-12,
41,output_width,guard12_pack12,A,0,10,0,64,0,1,4097,0,0,1,0,0,24,18173952,0,18173952,4437,4096,-12,
41,output_width,guard12_pack12,A,0,10,0,64,0,2,4096,-12,-12,1,0,12,24,4437,0,18178389,4438,0,-12,
41,output_width,source_uncut,A,0,10,0,64,0,1,4097,0,0,1,0,0,24,18173952,0,18173952,4437,4096,-12,
41,output_width,source_uncut,A,0,10,0,64,0,2,4096,-12,-12,1,0,12,24,4437,0,18178389,4438,0,-12,
41,output_width,post_sum_pack12,A,0,10,0,64,0,1,4097,0,0,1,0,0,12,4437,0,4437,4437,4096,-12,0x1155000000000000000000000000
41,output_width,post_sum_pack12,A,0,10,0,64,0,2,4096,-12,-12,1,0,12,12,1,1,4438,4438,0,-12,0x1156155000000000000000000000
41,output_width,signed_floor,A,0,10,0,64,0,1,4097,0,0,1,0,0,12,4437,0,4437,4437,4096,-12,
41,output_width,signed_floor,A,0,10,0,64,0,2,4096,-12,-12,1,0,12,12,1,1,4438,4438,0,-12,
42,output_width,fig3,A,0,10,0,64,0,1,4097,0,0,1,0,0,12,4437,0,4437,4437,4096,-12,
42,output_width,fig3,A,0,10,0,64,0,2,4096,-12,-12,1,0,12,12,1,1,4438,4438,0,-12,
42,output_width,tie_b,A,0,10,0,64,0,1,4097,0,0,1,0,0,12,4437,0,4437,4437,4096,-12,
42,output_width,tie_b,A,0,10,0,64,0,2,4096,-12,-12,1,0,12,12,1,1,4438,4438,0,-12,
42,output_width,legacy7,A,0,10,0,64,0,1,4097,0,0,1,0,0,12,4437,0,4437,4437,4096,-12,
42,output_width,legacy7,A,0,10,0,64,0,2,4096,-12,-12,1,0,12,12,1,1,4438,4438,0,-12,
42,output_width,input_anchor,A,0,10,0,64,0,1,4097,0,0,1,0,0,12,4437,0,4437,4437,4096,-12,
42,output_width,input_anchor,A,0,10,0,64,0,2,4096,-12,-12,1,0,12,12,1,1,4438,4438,0,-12,
42,output_width,exact_residual,A,0,10,0,64,0,1,4097,0,0,1,0,0,12,4437,0,4437,4437,4096,-12,
42,output_width,exact_residual,A,0,10,0,64,0,2,4096,-12,-12,1,0,12,12,1,1,4438,4438,0,-12,
42,output_width,guard1_pack12,A,0,10,0,64,0,1,4097,0,0,1,0,0,13,8874,0,8874,4437,4096,-12,
42,output_width,guard1_pack12,A,0,10,0,64,0,2,4096,-12,-12,1,0,12,13,2,1,8876,4438,0,-12,
42,output_width,guard12_pack12,A,0,10,0,64,0,1,4097,0,0,1,0,0,24,18173952,0,18173952,4437,4096,-12,
42,output_width,guard12_pack12,A,0,10,0,64,0,2,4096,-12,-12,1,0,12,24,4437,0,18178389,4438,0,-12,
42,output_width,source_uncut,A,0,10,0,64,0,1,4097,0,0,1,0,0,24,18173952,0,18173952,4437,4096,-12,
42,output_width,source_uncut,A,0,10,0,64,0,2,4096,-12,-12,1,0,12,24,4437,0,18178389,4438,0,-12,
42,output_width,post_sum_pack12,A,0,10,0,64,0,1,4097,0,0,1,0,0,12,4437,0,4437,4437,4096,-12,0x1155000000000000000000000000
42,output_width,post_sum_pack12,A,0,10,0,64,0,2,4096,-12,-12,1,0,12,12,1,1,4438,4438,0,-12,0x1156155000000000000000000000
42,output_width,signed_floor,A,0,10,0,64,0,1,4097,0,0,1,0,0,12,4437,0,4437,4437,4096,-12,
42,output_width,signed_floor,A,0,10,0,64,0,2,4096,-12,-12,1,0,12,12,1,1,4438,4438,0,-12,
43,equal_score,fig3,A,0,16,0,0,1,1,4097,0,0,1,0,0,12,4623,0,4623,4623,4096,-12,
43,equal_score,fig3,A,0,16,0,0,1,2,4096,-12,-12,1,0,12,12,1,1,4624,4624,0,-12,
43,equal_score,tie_b,B,0,16,0,0,1,1,4623,0,0,1,0,0,12,4097,0,4097,4097,4216,-3,
43,equal_score,tie_b,B,0,16,0,0,1,2,4216,-3,-3,1,0,3,12,512,1,4609,4609,7680,-9,
43,equal_score,legacy7,A,0,16,0,0,1,1,4097,0,0,1,0,0,12,4623,0,4623,4623,4096,-12,
43,equal_score,legacy7,A,0,16,0,0,1,2,4096,-12,-12,1,0,12,12,1,1,4624,4624,0,-12,
43,equal_score,input_anchor,A,0,16,0,0,1,1,4097,0,0,1,0,0,12,4623,0,4623,4623,4096,-12,
43,equal_score,input_anchor,A,0,16,0,0,1,2,4096,-12,-12,1,0,12,12,1,1,4624,4624,0,-12,
43,equal_score,exact_residual,A,0,16,0,0,1,1,4097,0,0,1,0,0,12,4623,0,4623,4623,4096,-12,
43,equal_score,exact_residual,A,0,16,0,0,1,2,4096,-12,-12,1,0,12,12,1,1,4624,4624,0,-12,
43,equal_score,guard1_pack12,A,0,16,0,0,1,1,4097,0,0,1,0,0,13,9246,0,9246,4623,4096,-12,
43,equal_score,guard1_pack12,A,0,16,0,0,1,2,4096,-12,-12,1,0,12,13,2,1,9248,4624,0,-12,
43,equal_score,guard12_pack12,A,0,16,0,0,1,1,4097,0,0,1,0,0,24,18935808,0,18935808,4623,4096,-12,
43,equal_score,guard12_pack12,A,0,16,0,0,1,2,4096,-12,-12,1,0,12,24,4623,0,18940431,4624,0,-12,
43,equal_score,source_uncut,A,0,16,0,0,1,1,4097,0,0,1,0,0,24,18935808,0,18935808,4623,4096,-12,
43,equal_score,source_uncut,A,0,16,0,0,1,2,4096,-12,-12,1,0,12,24,4623,0,18940431,4624,0,-12,
43,equal_score,post_sum_pack12,A,0,16,0,0,1,1,4097,0,0,1,0,0,12,4623,0,4623,4623,4096,-12,0x120f000000000000000000000000
43,equal_score,post_sum_pack12,A,0,16,0,0,1,2,4096,-12,-12,1,0,12,12,1,1,4624,4624,0,-12,0x121020f000000000000000000000
43,equal_score,signed_floor,A,0,16,0,0,1,1,4097,0,0,1,0,0,12,4623,0,4623,4623,4096,-12,
43,equal_score,signed_floor,A,0,16,0,0,1,2,4096,-12,-12,1,0,12,12,1,1,4624,4624,0,-12,
44,equal_score,fig3,A,0,16,0,0,1,1,4097,0,0,1,0,0,12,4623,0,4623,4623,4096,-12,
44,equal_score,fig3,A,0,16,0,0,1,2,4096,-12,-12,1,0,12,12,1,1,4624,4624,0,-12,
44,equal_score,tie_b,B,0,16,0,0,1,1,4623,0,0,1,0,0,12,4097,0,4097,4097,4216,-3,
44,equal_score,tie_b,B,0,16,0,0,1,2,4216,-3,-3,1,0,3,12,512,1,4609,4609,7680,-9,
44,equal_score,tie_b,B,0,16,0,0,1,3,7680,-9,-8,1,0,8,12,16,1,4625,4625,8176,-13,
44,equal_score,legacy7,A,0,16,0,0,1,1,4097,0,0,1,0,0,12,4623,0,4623,4623,4096,-12,
44,equal_score,legacy7,A,0,16,0,0,1,2,4096,-12,-12,1,0,12,12,1,1,4624,4624,0,-12,
44,equal_score,input_anchor,A,0,16,0,0,1,1,4097,0,0,1,0,0,12,4623,0,4623,4623,4096,-12,
44,equal_score,input_anchor,A,0,16,0,0,1,2,4096,-12,-12,1,0,12,12,1,1,4624,4624,0,-12,
44,equal_score,exact_residual,A,0,16,0,0,1,1,4097,0,0,1,0,0,12,4623,0,4623,4623,4096,-12,
44,equal_score,exact_residual,A,0,16,0,0,1,2,4096,-12,-12,1,0,12,12,1,1,4624,4624,0,-12,
44,equal_score,guard1_pack12,A,0,16,0,0,1,1,4097,0,0,1,0,0,13,9246,0,9246,4623,4096,-12,
44,equal_score,guard1_pack12,A,0,16,0,0,1,2,4096,-12,-12,1,0,12,13,2,1,9248,4624,0,-12,
44,equal_score,guard12_pack12,A,0,16,0,0,1,1,4097,0,0,1,0,0,24,18935808,0,18935808,4623,4096,-12,
44,equal_score,guard12_pack12,A,0,16,0,0,1,2,4096,-12,-12,1,0,12,24,4623,0,18940431,4624,0,-12,
44,equal_score,source_uncut,A,0,16,0,0,1,1,4097,0,0,1,0,0,24,18935808,0,18935808,4623,4096,-12,
44,equal_score,source_uncut,A,0,16,0,0,1,2,4096,-12,-12,1,0,12,24,4623,0,18940431,4624,0,-12,
44,equal_score,post_sum_pack12,A,0,16,0,0,1,1,4097,0,0,1,0,0,12,4623,0,4623,4623,4096,-12,0x120f000000000000000000000000
44,equal_score,post_sum_pack12,A,0,16,0,0,1,2,4096,-12,-12,1,0,12,12,1,1,4624,4624,0,-12,0x121020f000000000000000000000
44,equal_score,signed_floor,A,0,16,0,0,1,1,4097,0,0,1,0,0,12,4623,0,4623,4623,4096,-12,
44,equal_score,signed_floor,A,0,16,0,0,1,2,4096,-12,-12,1,0,12,12,1,1,4624,4624,0,-12,
45,equal_score,fig3,A,0,32,0,0,1,1,4097,0,0,1,0,0,12,5150,0,5150,5150,4096,-12,
45,equal_score,fig3,A,0,32,0,0,1,2,4096,-12,-12,1,0,12,12,1,1,5151,5151,0,-12,
45,equal_score,tie_b,B,0,32,0,0,1,1,5150,0,0,1,0,0,12,4097,0,4097,4097,4216,-2,
45,equal_score,tie_b,B,0,32,0,0,1,2,4216,-2,-2,1,0,2,12,1024,1,5121,5121,7680,-8,
45,equal_score,legacy7,A,0,32,0,0,1,1,4097,0,0,1,0,0,12,5150,0,5150,5150,4096,-12,
45,equal_score,legacy7,A,0,32,0,0,1,2,4096,-12,-12,1,0,12,12,1,1,5151,5151,0,-12,
45,equal_score,input_anchor,A,0,32,0,0,1,1,4097,0,0,1,0,0,12,5150,0,5150,5150,4096,-12,
45,equal_score,input_anchor,A,0,32,0,0,1,2,4096,-12,-12,1,0,12,12,1,1,5151,5151,0,-12,
45,equal_score,exact_residual,A,0,32,0,0,1,1,4097,0,0,1,0,0,12,5150,0,5150,5150,4096,-12,
45,equal_score,exact_residual,A,0,32,0,0,1,2,4096,-12,-12,1,0,12,12,1,1,5151,5151,0,-12,
45,equal_score,guard1_pack12,A,0,32,0,0,1,1,4097,0,0,1,0,0,13,10300,0,10300,5150,4096,-12,
45,equal_score,guard1_pack12,A,0,32,0,0,1,2,4096,-12,-12,1,0,12,13,2,1,10302,5151,0,-12,
45,equal_score,guard12_pack12,A,0,32,0,0,1,1,4097,0,0,1,0,0,24,21094400,0,21094400,5150,4096,-12,
45,equal_score,guard12_pack12,A,0,32,0,0,1,2,4096,-12,-12,1,0,12,24,5150,0,21099550,5151,0,-12,
45,equal_score,source_uncut,A,0,32,0,0,1,1,4097,0,0,1,0,0,24,21094400,0,21094400,5150,4096,-12,
45,equal_score,source_uncut,A,0,32,0,0,1,2,4096,-12,-12,1,0,12,24,5150,0,21099550,5151,0,-12,
45,equal_score,post_sum_pack12,A,0,32,0,0,1,1,4097,0,0,1,0,0,12,5150,0,5150,5150,4096,-12,0x141e000000000000000000000000
45,equal_score,post_sum_pack12,A,0,32,0,0,1,2,4096,-12,-12,1,0,12,12,1,1,5151,5151,0,-12,0x141f41e000000000000000000000
45,equal_score,signed_floor,A,0,32,0,0,1,1,4097,0,0,1,0,0,12,5150,0,5150,5150,4096,-12,
45,equal_score,signed_floor,A,0,32,0,0,1,2,4096,-12,-12,1,0,12,12,1,1,5151,5151,0,-12,
46,equal_score,fig3,A,0,32,0,0,1,1,4097,0,0,1,0,0,12,5150,0,5150,5150,4096,-12,
46,equal_score,fig3,A,0,32,0,0,1,2,4096,-12,-12,1,0,12,12,1,1,5151,5151,0,-12,
46,equal_score,tie_b,B,0,32,0,0,1,1,5150,0,0,1,0,0,12,4097,0,4097,4097,4216,-2,
46,equal_score,tie_b,B,0,32,0,0,1,2,4216,-2,-2,1,0,2,12,1024,1,5121,5121,7680,-8,
46,equal_score,tie_b,B,0,32,0,0,1,3,7680,-8,-7,1,0,7,12,32,1,5153,5153,8176,-12,
46,equal_score,legacy7,A,0,32,0,0,1,1,4097,0,0,1,0,0,12,5150,0,5150,5150,4096,-12,
46,equal_score,legacy7,A,0,32,0,0,1,2,4096,-12,-12,1,0,12,12,1,1,5151,5151,0,-12,
46,equal_score,input_anchor,A,0,32,0,0,1,1,4097,0,0,1,0,0,12,5150,0,5150,5150,4096,-12,
46,equal_score,input_anchor,A,0,32,0,0,1,2,4096,-12,-12,1,0,12,12,1,1,5151,5151,0,-12,
46,equal_score,exact_residual,A,0,32,0,0,1,1,4097,0,0,1,0,0,12,5150,0,5150,5150,4096,-12,
46,equal_score,exact_residual,A,0,32,0,0,1,2,4096,-12,-12,1,0,12,12,1,1,5151,5151,0,-12,
46,equal_score,guard1_pack12,A,0,32,0,0,1,1,4097,0,0,1,0,0,13,10300,0,10300,5150,4096,-12,
46,equal_score,guard1_pack12,A,0,32,0,0,1,2,4096,-12,-12,1,0,12,13,2,1,10302,5151,0,-12,
46,equal_score,guard12_pack12,A,0,32,0,0,1,1,4097,0,0,1,0,0,24,21094400,0,21094400,5150,4096,-12,
46,equal_score,guard12_pack12,A,0,32,0,0,1,2,4096,-12,-12,1,0,12,24,5150,0,21099550,5151,0,-12,
46,equal_score,source_uncut,A,0,32,0,0,1,1,4097,0,0,1,0,0,24,21094400,0,21094400,5150,4096,-12,
46,equal_score,source_uncut,A,0,32,0,0,1,2,4096,-12,-12,1,0,12,24,5150,0,21099550,5151,0,-12,
46,equal_score,post_sum_pack12,A,0,32,0,0,1,1,4097,0,0,1,0,0,12,5150,0,5150,5150,4096,-12,0x141e000000000000000000000000
46,equal_score,post_sum_pack12,A,0,32,0,0,1,2,4096,-12,-12,1,0,12,12,1,1,5151,5151,0,-12,0x141f41e000000000000000000000
46,equal_score,signed_floor,A,0,32,0,0,1,1,4097,0,0,1,0,0,12,5150,0,5150,5150,4096,-12,
46,equal_score,signed_floor,A,0,32,0,0,1,2,4096,-12,-12,1,0,12,12,1,1,5151,5151,0,-12,
47,equal_score,fig3,A,0,64,0,0,1,1,4097,0,0,1,0,0,12,6173,0,6173,6173,4096,-12,
47,equal_score,fig3,A,0,64,0,0,1,2,4096,-12,-12,1,0,12,12,1,1,6174,6174,0,-12,
47,equal_score,tie_b,B,0,64,0,0,1,1,6173,0,1,1,1,0,12,4097,0,4097,4097,8072,-2,
47,equal_score,tie_b,B,0,64,0,0,1,2,8072,-2,-1,-1,1,2,12,1024,1,3073,3073,7616,-8,
47,equal_score,legacy7,A,0,64,0,0,1,1,4097,0,0,1,0,0,12,6173,0,6173,6173,4096,-12,
47,equal_score,legacy7,A,0,64,0,0,1,2,4096,-12,-12,1,0,12,12,1,1,6174,6174,0,-12,
47,equal_score,input_anchor,A,0,64,0,0,1,1,4097,0,0,1,0,0,12,6173,0,6173,6173,4096,-12,
47,equal_score,input_anchor,A,0,64,0,0,1,2,4096,-12,-12,1,0,12,12,1,1,6174,6174,0,-12,
47,equal_score,exact_residual,A,0,64,0,0,1,1,4097,0,0,1,0,0,12,6173,0,6173,6173,4096,-12,
47,equal_score,exact_residual,A,0,64,0,0,1,2,4096,-12,-12,1,0,12,12,1,1,6174,6174,0,-12,
47,equal_score,guard1_pack12,A,0,64,0,0,1,1,4097,0,0,1,0,0,13,12346,0,12346,6173,4096,-12,
47,equal_score,guard1_pack12,A,0,64,0,0,1,2,4096,-12,-12,1,0,12,13,3,1,12349,6174,0,-12,
47,equal_score,guard12_pack12,A,0,64,0,0,1,1,4097,0,0,1,0,0,24,25284608,0,25284608,6173,4096,-12,
47,equal_score,guard12_pack12,A,0,64,0,0,1,2,4096,-12,-12,1,0,12,24,6173,0,25290781,6174,0,-12,
47,equal_score,source_uncut,A,0,64,0,0,1,1,4097,0,0,1,0,0,24,25284608,0,25284608,6173,4096,-12,
47,equal_score,source_uncut,A,0,64,0,0,1,2,4096,-12,-12,1,0,12,24,6173,0,25290781,6174,0,-12,
47,equal_score,post_sum_pack12,A,0,64,0,0,1,1,4097,0,0,1,0,0,12,6173,0,6173,6173,4096,-12,0x181d000000000000000000000000
47,equal_score,post_sum_pack12,A,0,64,0,0,1,2,4096,-12,-12,1,0,12,12,1,1,6174,6174,0,-12,0x181e81d000000000000000000000
47,equal_score,signed_floor,A,0,64,0,0,1,1,4097,0,0,1,0,0,12,6173,0,6173,6173,4096,-12,
47,equal_score,signed_floor,A,0,64,0,0,1,2,4096,-12,-12,1,0,12,12,1,1,6174,6174,0,-12,
48,equal_score,fig3,A,0,64,0,0,1,1,4097,0,0,1,0,0,12,6173,0,6173,6173,4096,-12,
48,equal_score,fig3,A,0,64,0,0,1,2,4096,-12,-12,1,0,12,12,1,1,6174,6174,0,-12,
48,equal_score,tie_b,B,0,64,0,0,1,1,6173,0,1,1,1,0,12,4097,0,4097,4097,8072,-2,
48,equal_score,tie_b,B,0,64,0,0,1,2,8072,-2,-1,-1,1,2,12,1024,1,3073,3073,7616,-8,
48,equal_score,tie_b,B,0,64,0,0,1,3,7616,-8,-7,1,1,8,12,16,1,3089,3089,4600,-11,
48,equal_score,legacy7,A,0,64,0,0,1,1,4097,0,0,1,0,0,12,6173,0,6173,6173,4096,-12,
48,equal_score,legacy7,A,0,64,0,0,1,2,4096,-12,-12,1,0,12,12,1,1,6174,6174,0,-12,
48,equal_score,input_anchor,A,0,64,0,0,1,1,4097,0,0,1,0,0,12,6173,0,6173,6173,4096,-12,
48,equal_score,input_anchor,A,0,64,0,0,1,2,4096,-12,-12,1,0,12,12,1,1,6174,6174,0,-12,
48,equal_score,exact_residual,A,0,64,0,0,1,1,4097,0,0,1,0,0,12,6173,0,6173,6173,4096,-12,
48,equal_score,exact_residual,A,0,64,0,0,1,2,4096,-12,-12,1,0,12,12,1,1,6174,6174,0,-12,
48,equal_score,guard1_pack12,A,0,64,0,0,1,1,4097,0,0,1,0,0,13,12346,0,12346,6173,4096,-12,
48,equal_score,guard1_pack12,A,0,64,0,0,1,2,4096,-12,-12,1,0,12,13,3,1,12349,6174,0,-12,
48,equal_score,guard12_pack12,A,0,64,0,0,1,1,4097,0,0,1,0,0,24,25284608,0,25284608,6173,4096,-12,
48,equal_score,guard12_pack12,A,0,64,0,0,1,2,4096,-12,-12,1,0,12,24,6173,0,25290781,6174,0,-12,
48,equal_score,source_uncut,A,0,64,0,0,1,1,4097,0,0,1,0,0,24,25284608,0,25284608,6173,4096,-12,
48,equal_score,source_uncut,A,0,64,0,0,1,2,4096,-12,-12,1,0,12,24,6173,0,25290781,6174,0,-12,
48,equal_score,post_sum_pack12,A,0,64,0,0,1,1,4097,0,0,1,0,0,12,6173,0,6173,6173,4096,-12,0x181d000000000000000000000000
48,equal_score,post_sum_pack12,A,0,64,0,0,1,2,4096,-12,-12,1,0,12,12,1,1,6174,6174,0,-12,0x181e81d000000000000000000000
48,equal_score,signed_floor,A,0,64,0,0,1,1,4097,0,0,1,0,0,12,6173,0,6173,6173,4096,-12,
48,equal_score,signed_floor,A,0,64,0,0,1,2,4096,-12,-12,1,0,12,12,1,1,6174,6174,0,-12,
49,equal_score,fig3,A,0,64,0,0,1,1,4097,0,0,1,0,0,12,6173,0,6173,6173,4096,-12,
49,equal_score,fig3,A,0,64,0,0,1,2,4096,-12,-12,1,0,12,12,1,1,6174,6174,0,-12,
49,equal_score,tie_b,B,0,64,0,0,1,1,6173,0,1,1,1,0,12,4097,0,4097,4097,8072,-2,
49,equal_score,tie_b,B,0,64,0,0,1,2,8072,-2,-1,-1,1,2,12,1024,1,3073,3073,7616,-8,
49,equal_score,tie_b,B,0,64,0,0,1,3,7616,-8,-7,1,1,8,12,16,1,3089,3089,4600,-11,
49,equal_score,tie_b,B,0,64,0,0,1,4,4600,-11,-11,-1,1,12,12,1,1,3088,3088,8064,-15,
49,equal_score,legacy7,A,0,64,0,0,1,1,4097,0,0,1,0,0,12,6173,0,6173,6173,4096,-12,
49,equal_score,legacy7,A,0,64,0,0,1,2,4096,-12,-12,1,0,12,12,1,1,6174,6174,0,-12,
49,equal_score,input_anchor,A,0,64,0,0,1,1,4097,0,0,1,0,0,12,6173,0,6173,6173,4096,-12,
49,equal_score,input_anchor,A,0,64,0,0,1,2,4096,-12,-12,1,0,12,12,1,1,6174,6174,0,-12,
49,equal_score,exact_residual,A,0,64,0,0,1,1,4097,0,0,1,0,0,12,6173,0,6173,6173,4096,-12,
49,equal_score,exact_residual,A,0,64,0,0,1,2,4096,-12,-12,1,0,12,12,1,1,6174,6174,0,-12,
49,equal_score,guard1_pack12,A,0,64,0,0,1,1,4097,0,0,1,0,0,13,12346,0,12346,6173,4096,-12,
49,equal_score,guard1_pack12,A,0,64,0,0,1,2,4096,-12,-12,1,0,12,13,3,1,12349,6174,0,-12,
49,equal_score,guard12_pack12,A,0,64,0,0,1,1,4097,0,0,1,0,0,24,25284608,0,25284608,6173,4096,-12,
49,equal_score,guard12_pack12,A,0,64,0,0,1,2,4096,-12,-12,1,0,12,24,6173,0,25290781,6174,0,-12,
49,equal_score,source_uncut,A,0,64,0,0,1,1,4097,0,0,1,0,0,24,25284608,0,25284608,6173,4096,-12,
49,equal_score,source_uncut,A,0,64,0,0,1,2,4096,-12,-12,1,0,12,24,6173,0,25290781,6174,0,-12,
49,equal_score,post_sum_pack12,A,0,64,0,0,1,1,4097,0,0,1,0,0,12,6173,0,6173,6173,4096,-12,0x181d000000000000000000000000
49,equal_score,post_sum_pack12,A,0,64,0,0,1,2,4096,-12,-12,1,0,12,12,1,1,6174,6174,0,-12,0x181e81d000000000000000000000
49,equal_score,signed_floor,A,0,64,0,0,1,1,4097,0,0,1,0,0,12,6173,0,6173,6173,4096,-12,
49,equal_score,signed_floor,A,0,64,0,0,1,2,4096,-12,-12,1,0,12,12,1,1,6174,6174,0,-12,
50,equal_score,fig3,A,0,96,0,0,1,1,4097,0,0,1,0,0,12,7196,0,7196,7196,4096,-12,
50,equal_score,fig3,A,0,96,0,0,1,2,4096,-12,-12,1,0,12,12,1,1,7197,7197,0,-12,
50,equal_score,tie_b,B,0,96,0,0,1,1,7196,0,1,1,1,0,12,4097,0,4097,4097,7960,-3,
50,equal_score,tie_b,B,0,96,0,0,1,2,7960,-3,-2,-1,1,3,12,512,1,3585,3585,7392,-8,
50,equal_score,legacy7,A,0,96,0,0,1,1,4097,0,0,1,0,0,12,7196,0,7196,7196,4096,-12,
50,equal_score,legacy7,A,0,96,0,0,1,2,4096,-12,-12,1,0,12,12,1,1,7197,7197,0,-12,
50,equal_score,input_anchor,A,0,96,0,0,1,1,4097,0,0,1,0,0,12,7196,0,7196,7196,4096,-12,
50,equal_score,input_anchor,A,0,96,0,0,1,2,4096,-12,-12,1,0,12,12,1,1,7197,7197,0,-12,
50,equal_score,exact_residual,A,0,96,0,0,1,1,4097,0,0,1,0,0,12,7196,0,7196,7196,4096,-12,
50,equal_score,exact_residual,A,0,96,0,0,1,2,4096,-12,-12,1,0,12,12,1,1,7197,7197,0,-12,
50,equal_score,guard1_pack12,A,0,96,0,0,1,1,4097,0,0,1,0,0,13,14392,0,14392,7196,4096,-12,
50,equal_score,guard1_pack12,A,0,96,0,0,1,2,4096,-12,-12,1,0,12,13,3,1,14395,7197,0,-12,
50,equal_score,guard12_pack12,A,0,96,0,0,1,1,4097,0,0,1,0,0,24,29474816,0,29474816,7196,4096,-12,
50,equal_score,guard12_pack12,A,0,96,0,0,1,2,4096,-12,-12,1,0,12,24,7196,0,29482012,7197,0,-12,
50,equal_score,source_uncut,A,0,96,0,0,1,1,4097,0,0,1,0,0,24,29474816,0,29474816,7196,4096,-12,
50,equal_score,source_uncut,A,0,96,0,0,1,2,4096,-12,-12,1,0,12,24,7196,0,29482012,7197,0,-12,
50,equal_score,post_sum_pack12,A,0,96,0,0,1,1,4097,0,0,1,0,0,12,7196,0,7196,7196,4096,-12,0x1c1c000000000000000000000000
50,equal_score,post_sum_pack12,A,0,96,0,0,1,2,4096,-12,-12,1,0,12,12,1,1,7197,7197,0,-12,0x1c1dc1c000000000000000000000
50,equal_score,signed_floor,A,0,96,0,0,1,1,4097,0,0,1,0,0,12,7196,0,7196,7196,4096,-12,
50,equal_score,signed_floor,A,0,96,0,0,1,2,4096,-12,-12,1,0,12,12,1,1,7197,7197,0,-12,
51,equal_score,fig3,A,0,96,0,0,1,1,4097,0,0,1,0,0,12,7196,0,7196,7196,4096,-12,
51,equal_score,fig3,A,0,96,0,0,1,2,4096,-12,-12,1,0,12,12,1,1,7197,7197,0,-12,
51,equal_score,tie_b,B,0,96,0,0,1,1,7196,0,1,1,1,0,12,4097,0,4097,4097,7960,-3,
51,equal_score,tie_b,B,0,96,0,0,1,2,7960,-3,-2,-1,1,3,12,512,1,3585,3585,7392,-8,
51,equal_score,tie_b,B,0,96,0,0,1,3,7392,-8,-7,1,1,8,12,16,1,3601,3601,6392,-11,
51,equal_score,legacy7,A,0,96,0,0,1,1,4097,0,0,1,0,0,12,7196,0,7196,7196,4096,-12,
51,equal_score,legacy7,A,0,96,0,0,1,2,4096,-12,-12,1,0,12,12,1,1,7197,7197,0,-12,
51,equal_score,input_anchor,A,0,96,0,0,1,1,4097,0,0,1,0,0,12,7196,0,7196,7196,4096,-12,
51,equal_score,input_anchor,A,0,96,0,0,1,2,4096,-12,-12,1,0,12,12,1,1,7197,7197,0,-12,
51,equal_score,exact_residual,A,0,96,0,0,1,1,4097,0,0,1,0,0,12,7196,0,7196,7196,4096,-12,
51,equal_score,exact_residual,A,0,96,0,0,1,2,4096,-12,-12,1,0,12,12,1,1,7197,7197,0,-12,
51,equal_score,guard1_pack12,A,0,96,0,0,1,1,4097,0,0,1,0,0,13,14392,0,14392,7196,4096,-12,
51,equal_score,guard1_pack12,A,0,96,0,0,1,2,4096,-12,-12,1,0,12,13,3,1,14395,7197,0,-12,
51,equal_score,guard12_pack12,A,0,96,0,0,1,1,4097,0,0,1,0,0,24,29474816,0,29474816,7196,4096,-12,
51,equal_score,guard12_pack12,A,0,96,0,0,1,2,4096,-12,-12,1,0,12,24,7196,0,29482012,7197,0,-12,
51,equal_score,source_uncut,A,0,96,0,0,1,1,4097,0,0,1,0,0,24,29474816,0,29474816,7196,4096,-12,
51,equal_score,source_uncut,A,0,96,0,0,1,2,4096,-12,-12,1,0,12,24,7196,0,29482012,7197,0,-12,
51,equal_score,post_sum_pack12,A,0,96,0,0,1,1,4097,0,0,1,0,0,12,7196,0,7196,7196,4096,-12,0x1c1c000000000000000000000000
51,equal_score,post_sum_pack12,A,0,96,0,0,1,2,4096,-12,-12,1,0,12,12,1,1,7197,7197,0,-12,0x1c1dc1c000000000000000000000
51,equal_score,signed_floor,A,0,96,0,0,1,1,4097,0,0,1,0,0,12,7196,0,7196,7196,4096,-12,
51,equal_score,signed_floor,A,0,96,0,0,1,2,4096,-12,-12,1,0,12,12,1,1,7197,7197,0,-12,
52,equal_score,fig3,A,0,96,0,0,1,1,4097,0,0,1,0,0,12,7196,0,7196,7196,4096,-12,
52,equal_score,fig3,A,0,96,0,0,1,2,4096,-12,-12,1,0,12,12,1,1,7197,7197,0,-12,
52,equal_score,tie_b,B,0,96,0,0,1,1,7196,0,1,1,1,0,12,4097,0,4097,4097,7960,-3,
52,equal_score,tie_b,B,0,96,0,0,1,2,7960,-3,-2,-1,1,3,12,512,1,3585,3585,7392,-8,
52,equal_score,tie_b,B,0,96,0,0,1,3,7392,-8,-7,1,1,8,12,16,1,3601,3601,6392,-11,
52,equal_score,tie_b,B,0,96,0,0,1,4,6392,-11,-10,-1,1,11,12,2,1,3599,3599,7196,-13,
52,equal_score,legacy7,A,0,96,0,0,1,1,4097,0,0,1,0,0,12,7196,0,7196,7196,4096,-12,
52,equal_score,legacy7,A,0,96,0,0,1,2,4096,-12,-12,1,0,12,12,1,1,7197,7197,0,-12,
52,equal_score,input_anchor,A,0,96,0,0,1,1,4097,0,0,1,0,0,12,7196,0,7196,7196,4096,-12,
52,equal_score,input_anchor,A,0,96,0,0,1,2,4096,-12,-12,1,0,12,12,1,1,7197,7197,0,-12,
52,equal_score,exact_residual,A,0,96,0,0,1,1,4097,0,0,1,0,0,12,7196,0,7196,7196,4096,-12,
52,equal_score,exact_residual,A,0,96,0,0,1,2,4096,-12,-12,1,0,12,12,1,1,7197,7197,0,-12,
52,equal_score,guard1_pack12,A,0,96,0,0,1,1,4097,0,0,1,0,0,13,14392,0,14392,7196,4096,-12,
52,equal_score,guard1_pack12,A,0,96,0,0,1,2,4096,-12,-12,1,0,12,13,3,1,14395,7197,0,-12,
52,equal_score,guard12_pack12,A,0,96,0,0,1,1,4097,0,0,1,0,0,24,29474816,0,29474816,7196,4096,-12,
52,equal_score,guard12_pack12,A,0,96,0,0,1,2,4096,-12,-12,1,0,12,24,7196,0,29482012,7197,0,-12,
52,equal_score,source_uncut,A,0,96,0,0,1,1,4097,0,0,1,0,0,24,29474816,0,29474816,7196,4096,-12,
52,equal_score,source_uncut,A,0,96,0,0,1,2,4096,-12,-12,1,0,12,24,7196,0,29482012,7197,0,-12,
52,equal_score,post_sum_pack12,A,0,96,0,0,1,1,4097,0,0,1,0,0,12,7196,0,7196,7196,4096,-12,0x1c1c000000000000000000000000
52,equal_score,post_sum_pack12,A,0,96,0,0,1,2,4096,-12,-12,1,0,12,12,1,1,7197,7197,0,-12,0x1c1dc1c000000000000000000000
52,equal_score,signed_floor,A,0,96,0,0,1,1,4097,0,0,1,0,0,12,7196,0,7196,7196,4096,-12,
52,equal_score,signed_floor,A,0,96,0,0,1,2,4096,-12,-12,1,0,12,12,1,1,7197,7197,0,-12,
53,equal_score,fig3,A,0,112,0,0,1,1,4097,0,0,1,0,0,12,7692,0,7692,7692,4096,-12,
53,equal_score,fig3,A,0,112,0,0,1,2,4096,-12,-12,1,0,12,12,1,1,7693,7693,0,-12,
53,equal_score,tie_b,B,0,112,0,0,1,1,7692,0,1,1,1,0,12,4097,0,4097,4097,7984,-4,
53,equal_score,tie_b,B,0,112,0,0,1,2,7984,-4,-3,-1,1,4,12,256,1,3841,3841,6624,-9,
53,equal_score,legacy7,A,0,112,0,0,1,1,4097,0,0,1,0,0,12,7692,0,7692,7692,4096,-12,
53,equal_score,legacy7,A,0,112,0,0,1,2,4096,-12,-12,1,0,12,12,1,1,7693,7693,0,-12,
53,equal_score,input_anchor,A,0,112,0,0,1,1,4097,0,0,1,0,0,12,7692,0,7692,7692,4096,-12,
53,equal_score,input_anchor,A,0,112,0,0,1,2,4096,-12,-12,1,0,12,12,1,1,7693,7693,0,-12,
53,equal_score,exact_residual,A,0,112,0,0,1,1,4097,0,0,1,0,0,12,7692,0,7692,7692,4096,-12,
53,equal_score,exact_residual,A,0,112,0,0,1,2,4096,-12,-12,1,0,12,12,1,1,7693,7693,0,-12,
53,equal_score,guard1_pack12,A,0,112,0,0,1,1,4097,0,0,1,0,0,13,15384,0,15384,7692,4096,-12,
53,equal_score,guard1_pack12,A,0,112,0,0,1,2,4096,-12,-12,1,0,12,13,3,1,15387,7693,0,-12,
53,equal_score,guard12_pack12,A,0,112,0,0,1,1,4097,0,0,1,0,0,24,31506432,0,31506432,7692,4096,-12,
53,equal_score,guard12_pack12,A,0,112,0,0,1,2,4096,-12,-12,1,0,12,24,7692,0,31514124,7693,0,-12,
53,equal_score,source_uncut,A,0,112,0,0,1,1,4097,0,0,1,0,0,24,31506432,0,31506432,7692,4096,-12,
53,equal_score,source_uncut,A,0,112,0,0,1,2,4096,-12,-12,1,0,12,24,7692,0,31514124,7693,0,-12,
53,equal_score,post_sum_pack12,A,0,112,0,0,1,1,4097,0,0,1,0,0,12,7692,0,7692,7692,4096,-12,0x1e0c000000000000000000000000
53,equal_score,post_sum_pack12,A,0,112,0,0,1,2,4096,-12,-12,1,0,12,12,1,1,7693,7693,0,-12,0x1e0de0c000000000000000000000
53,equal_score,signed_floor,A,0,112,0,0,1,1,4097,0,0,1,0,0,12,7692,0,7692,7692,4096,-12,
53,equal_score,signed_floor,A,0,112,0,0,1,2,4096,-12,-12,1,0,12,12,1,1,7693,7693,0,-12,
54,equal_score,fig3,A,0,112,0,0,1,1,4097,0,0,1,0,0,12,7692,0,7692,7692,4096,-12,
54,equal_score,fig3,A,0,112,0,0,1,2,4096,-12,-12,1,0,12,12,1,1,7693,7693,0,-12,
54,equal_score,tie_b,B,0,112,0,0,1,1,7692,0,1,1,1,0,12,4097,0,4097,4097,7984,-4,
54,equal_score,tie_b,B,0,112,0,0,1,2,7984,-4,-3,-1,1,4,12,256,1,3841,3841,6624,-9,
54,equal_score,tie_b,B,0,112,0,0,1,3,6624,-9,-8,1,1,9,12,8,1,3849,3849,6268,-11,
54,equal_score,legacy7,A,0,112,0,0,1,1,4097,0,0,1,0,0,12,7692,0,7692,7692,4096,-12,
54,equal_score,legacy7,A,0,112,0,0,1,2,4096,-12,-12,1,0,12,12,1,1,7693,7693,0,-12,
54,equal_score,input_anchor,A,0,112,0,0,1,1,4097,0,0,1,0,0,12,7692,0,7692,7692,4096,-12,
54,equal_score,input_anchor,A,0,112,0,0,1,2,4096,-12,-12,1,0,12,12,1,1,7693,7693,0,-12,
54,equal_score,exact_residual,A,0,112,0,0,1,1,4097,0,0,1,0,0,12,7692,0,7692,7692,4096,-12,
54,equal_score,exact_residual,A,0,112,0,0,1,2,4096,-12,-12,1,0,12,12,1,1,7693,7693,0,-12,
54,equal_score,guard1_pack12,A,0,112,0,0,1,1,4097,0,0,1,0,0,13,15384,0,15384,7692,4096,-12,
54,equal_score,guard1_pack12,A,0,112,0,0,1,2,4096,-12,-12,1,0,12,13,3,1,15387,7693,0,-12,
54,equal_score,guard12_pack12,A,0,112,0,0,1,1,4097,0,0,1,0,0,24,31506432,0,31506432,7692,4096,-12,
54,equal_score,guard12_pack12,A,0,112,0,0,1,2,4096,-12,-12,1,0,12,24,7692,0,31514124,7693,0,-12,
54,equal_score,source_uncut,A,0,112,0,0,1,1,4097,0,0,1,0,0,24,31506432,0,31506432,7692,4096,-12,
54,equal_score,source_uncut,A,0,112,0,0,1,2,4096,-12,-12,1,0,12,24,7692,0,31514124,7693,0,-12,
54,equal_score,post_sum_pack12,A,0,112,0,0,1,1,4097,0,0,1,0,0,12,7692,0,7692,7692,4096,-12,0x1e0c000000000000000000000000
54,equal_score,post_sum_pack12,A,0,112,0,0,1,2,4096,-12,-12,1,0,12,12,1,1,7693,7693,0,-12,0x1e0de0c000000000000000000000
54,equal_score,signed_floor,A,0,112,0,0,1,1,4097,0,0,1,0,0,12,7692,0,7692,7692,4096,-12,
54,equal_score,signed_floor,A,0,112,0,0,1,2,4096,-12,-12,1,0,12,12,1,1,7693,7693,0,-12,
55,equal_score,fig3,A,0,112,0,0,1,1,4097,0,0,1,0,0,12,7692,0,7692,7692,4096,-12,
55,equal_score,fig3,A,0,112,0,0,1,2,4096,-12,-12,1,0,12,12,1,1,7693,7693,0,-12,
55,equal_score,tie_b,B,0,112,0,0,1,1,7692,0,1,1,1,0,12,4097,0,4097,4097,7984,-4,
55,equal_score,tie_b,B,0,112,0,0,1,2,7984,-4,-3,-1,1,4,12,256,1,3841,3841,6624,-9,
55,equal_score,tie_b,B,0,112,0,0,1,3,6624,-9,-8,1,1,9,12,8,1,3849,3849,6268,-11,
55,equal_score,tie_b,B,0,112,0,0,1,4,6268,-11,-10,-1,1,11,12,2,1,3847,3847,7692,-13,
55,equal_score,legacy7,A,0,112,0,0,1,1,4097,0,0,1,0,0,12,7692,0,7692,7692,4096,-12,
55,equal_score,legacy7,A,0,112,0,0,1,2,4096,-12,-12,1,0,12,12,1,1,7693,7693,0,-12,
55,equal_score,input_anchor,A,0,112,0,0,1,1,4097,0,0,1,0,0,12,7692,0,7692,7692,4096,-12,
55,equal_score,input_anchor,A,0,112,0,0,1,2,4096,-12,-12,1,0,12,12,1,1,7693,7693,0,-12,
55,equal_score,exact_residual,A,0,112,0,0,1,1,4097,0,0,1,0,0,12,7692,0,7692,7692,4096,-12,
55,equal_score,exact_residual,A,0,112,0,0,1,2,4096,-12,-12,1,0,12,12,1,1,7693,7693,0,-12,
55,equal_score,guard1_pack12,A,0,112,0,0,1,1,4097,0,0,1,0,0,13,15384,0,15384,7692,4096,-12,
55,equal_score,guard1_pack12,A,0,112,0,0,1,2,4096,-12,-12,1,0,12,13,3,1,15387,7693,0,-12,
55,equal_score,guard12_pack12,A,0,112,0,0,1,1,4097,0,0,1,0,0,24,31506432,0,31506432,7692,4096,-12,
55,equal_score,guard12_pack12,A,0,112,0,0,1,2,4096,-12,-12,1,0,12,24,7692,0,31514124,7693,0,-12,
55,equal_score,source_uncut,A,0,112,0,0,1,1,4097,0,0,1,0,0,24,31506432,0,31506432,7692,4096,-12,
55,equal_score,source_uncut,A,0,112,0,0,1,2,4096,-12,-12,1,0,12,24,7692,0,31514124,7693,0,-12,
55,equal_score,post_sum_pack12,A,0,112,0,0,1,1,4097,0,0,1,0,0,12,7692,0,7692,7692,4096,-12,0x1e0c000000000000000000000000
55,equal_score,post_sum_pack12,A,0,112,0,0,1,2,4096,-12,-12,1,0,12,12,1,1,7693,7693,0,-12,0x1e0de0c000000000000000000000
55,equal_score,signed_floor,A,0,112,0,0,1,1,4097,0,0,1,0,0,12,7692,0,7692,7692,4096,-12,
55,equal_score,signed_floor,A,0,112,0,0,1,2,4096,-12,-12,1,0,12,12,1,1,7693,7693,0,-12,
56,equal_score,fig3,A,0,120,0,0,1,1,4097,0,0,1,0,0,12,7940,0,7940,7940,4096,-12,
56,equal_score,fig3,A,0,120,0,0,1,2,4096,-12,-12,1,0,12,12,1,1,7941,7941,0,-12,
56,equal_score,tie_b,B,0,120,0,0,1,1,7940,0,1,1,1,0,12,4097,0,4097,4097,8032,-5,
56,equal_score,tie_b,B,0,120,0,0,1,2,8032,-5,-4,-1,1,5,12,128,1,3969,3969,5088,-10,
56,equal_score,legacy7,A,0,120,0,0,1,1,4097,0,0,1,0,0,12,7940,0,7940,7940,4096,-12,
56,equal_score,legacy7,A,0,120,0,0,1,2,4096,-12,-12,1,0,12,12,1,1,7941,7941,0,-12,
56,equal_score,input_anchor,A,0,120,0,0,1,1,4097,0,0,1,0,0,12,7940,0,7940,7940,4096,-12,
56,equal_score,input_anchor,A,0,120,0,0,1,2,4096,-12,-12,1,0,12,12,1,1,7941,7941,0,-12,
56,equal_score,exact_residual,A,0,120,0,0,1,1,4097,0,0,1,0,0,12,7940,0,7940,7940,4096,-12,
56,equal_score,exact_residual,A,0,120,0,0,1,2,4096,-12,-12,1,0,12,12,1,1,7941,7941,0,-12,
56,equal_score,guard1_pack12,A,0,120,0,0,1,1,4097,0,0,1,0,0,13,15880,0,15880,7940,4096,-12,
56,equal_score,guard1_pack12,A,0,120,0,0,1,2,4096,-12,-12,1,0,12,13,3,1,15883,7941,0,-12,
56,equal_score,guard12_pack12,A,0,120,0,0,1,1,4097,0,0,1,0,0,24,32522240,0,32522240,7940,4096,-12,
56,equal_score,guard12_pack12,A,0,120,0,0,1,2,4096,-12,-12,1,0,12,24,7940,0,32530180,7941,0,-12,
56,equal_score,source_uncut,A,0,120,0,0,1,1,4097,0,0,1,0,0,24,32522240,0,32522240,7940,4096,-12,
56,equal_score,source_uncut,A,0,120,0,0,1,2,4096,-12,-12,1,0,12,24,7940,0,32530180,7941,0,-12,
56,equal_score,post_sum_pack12,A,0,120,0,0,1,1,4097,0,0,1,0,0,12,7940,0,7940,7940,4096,-12,0x1f04000000000000000000000000
56,equal_score,post_sum_pack12,A,0,120,0,0,1,2,4096,-12,-12,1,0,12,12,1,1,7941,7941,0,-12,0x1f05f04000000000000000000000
56,equal_score,signed_floor,A,0,120,0,0,1,1,4097,0,0,1,0,0,12,7940,0,7940,7940,4096,-12,
56,equal_score,signed_floor,A,0,120,0,0,1,2,4096,-12,-12,1,0,12,12,1,1,7941,7941,0,-12,
57,equal_score,fig3,A,0,120,0,0,1,1,4097,0,0,1,0,0,12,7940,0,7940,7940,4096,-12,
57,equal_score,fig3,A,0,120,0,0,1,2,4096,-12,-12,1,0,12,12,1,1,7941,7941,0,-12,
57,equal_score,tie_b,B,0,120,0,0,1,1,7940,0,1,1,1,0,12,4097,0,4097,4097,8032,-5,
57,equal_score,tie_b,B,0,120,0,0,1,2,8032,-5,-4,-1,1,5,12,128,1,3969,3969,5088,-10,
57,equal_score,tie_b,B,0,120,0,0,1,3,5088,-10,-10,1,1,11,12,2,1,3971,3971,7936,-13,
57,equal_score,legacy7,A,0,120,0,0,1,1,4097,0,0,1,0,0,12,7940,0,7940,7940,4096,-12,
57,equal_score,legacy7,A,0,120,0,0,1,2,4096,-12,-12,1,0,12,12,1,1,7941,7941,0,-12,
57,equal_score,input_anchor,A,0,120,0,0,1,1,4097,0,0,1,0,0,12,7940,0,7940,7940,4096,-12,
57,equal_score,input_anchor,A,0,120,0,0,1,2,4096,-12,-12,1,0,12,12,1,1,7941,7941,0,-12,
57,equal_score,exact_residual,A,0,120,0,0,1,1,4097,0,0,1,0,0,12,7940,0,7940,7940,4096,-12,
57,equal_score,exact_residual,A,0,120,0,0,1,2,4096,-12,-12,1,0,12,12,1,1,7941,7941,0,-12,
57,equal_score,guard1_pack12,A,0,120,0,0,1,1,4097,0,0,1,0,0,13,15880,0,15880,7940,4096,-12,
57,equal_score,guard1_pack12,A,0,120,0,0,1,2,4096,-12,-12,1,0,12,13,3,1,15883,7941,0,-12,
57,equal_score,guard12_pack12,A,0,120,0,0,1,1,4097,0,0,1,0,0,24,32522240,0,32522240,7940,4096,-12,
57,equal_score,guard12_pack12,A,0,120,0,0,1,2,4096,-12,-12,1,0,12,24,7940,0,32530180,7941,0,-12,
57,equal_score,source_uncut,A,0,120,0,0,1,1,4097,0,0,1,0,0,24,32522240,0,32522240,7940,4096,-12,
57,equal_score,source_uncut,A,0,120,0,0,1,2,4096,-12,-12,1,0,12,24,7940,0,32530180,7941,0,-12,
57,equal_score,post_sum_pack12,A,0,120,0,0,1,1,4097,0,0,1,0,0,12,7940,0,7940,7940,4096,-12,0x1f04000000000000000000000000
57,equal_score,post_sum_pack12,A,0,120,0,0,1,2,4096,-12,-12,1,0,12,12,1,1,7941,7941,0,-12,0x1f05f04000000000000000000000
57,equal_score,signed_floor,A,0,120,0,0,1,1,4097,0,0,1,0,0,12,7940,0,7940,7940,4096,-12,
57,equal_score,signed_floor,A,0,120,0,0,1,2,4096,-12,-12,1,0,12,12,1,1,7941,7941,0,-12,
58,equal_score,fig3,A,0,120,0,0,1,1,4097,0,0,1,0,0,12,7940,0,7940,7940,4096,-12,
58,equal_score,fig3,A,0,120,0,0,1,2,4096,-12,-12,1,0,12,12,1,1,7941,7941,0,-12,
58,equal_score,tie_b,B,0,120,0,0,1,1,7940,0,1,1,1,0,12,4097,0,4097,4097,8032,-5,
58,equal_score,tie_b,B,0,120,0,0,1,2,8032,-5,-4,-1,1,5,12,128,1,3969,3969,5088,-10,
58,equal_score,tie_b,B,0,120,0,0,1,3,5088,-10,-10,1,1,11,12,2,1,3971,3971,7936,-13,
58,equal_score,tie_b,B,0,120,0,0,1,4,7936,-13,-12,1,1,13,12,0,1,3971,3971,8160,-18,
58,equal_score,legacy7,A,0,120,0,0,1,1,4097,0,0,1,0,0,12,7940,0,7940,7940,4096,-12,
58,equal_score,legacy7,A,0,120,0,0,1,2,4096,-12,-12,1,0,12,12,1,1,7941,7941,0,-12,
58,equal_score,input_anchor,A,0,120,0,0,1,1,4097,0,0,1,0,0,12,7940,0,7940,7940,4096,-12,
58,equal_score,input_anchor,A,0,120,0,0,1,2,4096,-12,-12,1,0,12,12,1,1,7941,7941,0,-12,
58,equal_score,exact_residual,A,0,120,0,0,1,1,4097,0,0,1,0,0,12,7940,0,7940,7940,4096,-12,
58,equal_score,exact_residual,A,0,120,0,0,1,2,4096,-12,-12,1,0,12,12,1,1,7941,7941,0,-12,
58,equal_score,guard1_pack12,A,0,120,0,0,1,1,4097,0,0,1,0,0,13,15880,0,15880,7940,4096,-12,
58,equal_score,guard1_pack12,A,0,120,0,0,1,2,4096,-12,-12,1,0,12,13,3,1,15883,7941,0,-12,
58,equal_score,guard12_pack12,A,0,120,0,0,1,1,4097,0,0,1,0,0,24,32522240,0,32522240,7940,4096,-12,
58,equal_score,guard12_pack12,A,0,120,0,0,1,2,4096,-12,-12,1,0,12,24,7940,0,32530180,7941,0,-12,
58,equal_score,source_uncut,A,0,120,0,0,1,1,4097,0,0,1,0,0,24,32522240,0,32522240,7940,4096,-12,
58,equal_score,source_uncut,A,0,120,0,0,1,2,4096,-12,-12,1,0,12,24,7940,0,32530180,7941,0,-12,
58,equal_score,post_sum_pack12,A,0,120,0,0,1,1,4097,0,0,1,0,0,12,7940,0,7940,7940,4096,-12,0x1f04000000000000000000000000
58,equal_score,post_sum_pack12,A,0,120,0,0,1,2,4096,-12,-12,1,0,12,12,1,1,7941,7941,0,-12,0x1f05f04000000000000000000000
58,equal_score,signed_floor,A,0,120,0,0,1,1,4097,0,0,1,0,0,12,7940,0,7940,7940,4096,-12,
58,equal_score,signed_floor,A,0,120,0,0,1,2,4096,-12,-12,1,0,12,12,1,1,7941,7941,0,-12,
59,equal_score,fig3,A,0,124,0,0,1,1,4097,0,0,1,0,0,12,8064,0,8064,8064,4096,-12,
59,equal_score,fig3,A,0,124,0,0,1,2,4096,-12,-12,1,0,12,12,1,1,8065,8065,0,-12,
59,equal_score,tie_b,B,0,124,0,0,1,1,8064,0,1,1,1,0,12,4097,0,4097,4097,8128,-6,
59,equal_score,tie_b,B,0,124,0,0,1,2,8128,-6,-5,-1,1,6,12,64,1,4033,4033,8064,-13,
59,equal_score,legacy7,A,0,124,0,0,1,1,4097,0,0,1,0,0,12,8064,0,8064,8064,4096,-12,
59,equal_score,legacy7,A,0,124,0,0,1,2,4096,-12,-12,1,0,12,12,1,1,8065,8065,0,-12,
59,equal_score,input_anchor,A,0,124,0,0,1,1,4097,0,0,1,0,0,12,8064,0,8064,8064,4096,-12,
59,equal_score,input_anchor,A,0,124,0,0,1,2,4096,-12,-12,1,0,12,12,1,1,8065,8065,0,-12,
59,equal_score,exact_residual,A,0,124,0,0,1,1,4097,0,0,1,0,0,12,8064,0,8064,8064,4096,-12,
59,equal_score,exact_residual,A,0,124,0,0,1,2,4096,-12,-12,1,0,12,12,1,1,8065,8065,0,-12,
59,equal_score,guard1_pack12,A,0,124,0,0,1,1,4097,0,0,1,0,0,13,16128,0,16128,8064,4096,-12,
59,equal_score,guard1_pack12,A,0,124,0,0,1,2,4096,-12,-12,1,0,12,13,3,1,16131,8065,0,-12,
59,equal_score,guard12_pack12,A,0,124,0,0,1,1,4097,0,0,1,0,0,24,33030144,0,33030144,8064,4096,-12,
59,equal_score,guard12_pack12,A,0,124,0,0,1,2,4096,-12,-12,1,0,12,24,8064,0,33038208,8065,0,-12,
59,equal_score,source_uncut,A,0,124,0,0,1,1,4097,0,0,1,0,0,24,33030144,0,33030144,8064,4096,-12,
59,equal_score,source_uncut,A,0,124,0,0,1,2,4096,-12,-12,1,0,12,24,8064,0,33038208,8065,0,-12,
59,equal_score,post_sum_pack12,A,0,124,0,0,1,1,4097,0,0,1,0,0,12,8064,0,8064,8064,4096,-12,0x1f80000000000000000000000000
59,equal_score,post_sum_pack12,A,0,124,0,0,1,2,4096,-12,-12,1,0,12,12,1,1,8065,8065,0,-12,0x1f81f80000000000000000000000
59,equal_score,signed_floor,A,0,124,0,0,1,1,4097,0,0,1,0,0,12,8064,0,8064,8064,4096,-12,
59,equal_score,signed_floor,A,0,124,0,0,1,2,4096,-12,-12,1,0,12,12,1,1,8065,8065,0,-12,
60,equal_score,fig3,A,0,124,0,0,1,1,4097,0,0,1,0,0,12,8064,0,8064,8064,4096,-12,
60,equal_score,fig3,A,0,124,0,0,1,2,4096,-12,-12,1,0,12,12,1,1,8065,8065,0,-12,
60,equal_score,tie_b,B,0,124,0,0,1,1,8064,0,1,1,1,0,12,4097,0,4097,4097,8128,-6,
60,equal_score,tie_b,B,0,124,0,0,1,2,8128,-6,-5,-1,1,6,12,64,1,4033,4033,8064,-13,
60,equal_score,tie_b,B,0,124,0,0,1,3,8064,-13,-12,1,1,13,12,0,1,4033,4033,8128,-19,
60,equal_score,legacy7,A,0,124,0,0,1,1,4097,0,0,1,0,0,12,8064,0,8064,8064,4096,-12,
60,equal_score,legacy7,A,0,124,0,0,1,2,4096,-12,-12,1,0,12,12,1,1,8065,8065,0,-12,
60,equal_score,input_anchor,A,0,124,0,0,1,1,4097,0,0,1,0,0,12,8064,0,8064,8064,4096,-12,
60,equal_score,input_anchor,A,0,124,0,0,1,2,4096,-12,-12,1,0,12,12,1,1,8065,8065,0,-12,
60,equal_score,exact_residual,A,0,124,0,0,1,1,4097,0,0,1,0,0,12,8064,0,8064,8064,4096,-12,
60,equal_score,exact_residual,A,0,124,0,0,1,2,4096,-12,-12,1,0,12,12,1,1,8065,8065,0,-12,
60,equal_score,guard1_pack12,A,0,124,0,0,1,1,4097,0,0,1,0,0,13,16128,0,16128,8064,4096,-12,
60,equal_score,guard1_pack12,A,0,124,0,0,1,2,4096,-12,-12,1,0,12,13,3,1,16131,8065,0,-12,
60,equal_score,guard12_pack12,A,0,124,0,0,1,1,4097,0,0,1,0,0,24,33030144,0,33030144,8064,4096,-12,
60,equal_score,guard12_pack12,A,0,124,0,0,1,2,4096,-12,-12,1,0,12,24,8064,0,33038208,8065,0,-12,
60,equal_score,source_uncut,A,0,124,0,0,1,1,4097,0,0,1,0,0,24,33030144,0,33030144,8064,4096,-12,
60,equal_score,source_uncut,A,0,124,0,0,1,2,4096,-12,-12,1,0,12,24,8064,0,33038208,8065,0,-12,
60,equal_score,post_sum_pack12,A,0,124,0,0,1,1,4097,0,0,1,0,0,12,8064,0,8064,8064,4096,-12,0x1f80000000000000000000000000
60,equal_score,post_sum_pack12,A,0,124,0,0,1,2,4096,-12,-12,1,0,12,12,1,1,8065,8065,0,-12,0x1f81f80000000000000000000000
60,equal_score,signed_floor,A,0,124,0,0,1,1,4097,0,0,1,0,0,12,8064,0,8064,8064,4096,-12,
60,equal_score,signed_floor,A,0,124,0,0,1,2,4096,-12,-12,1,0,12,12,1,1,8065,8065,0,-12,
61,equal_score,fig3,A,0,124,0,0,1,1,4097,0,0,1,0,0,12,8064,0,8064,8064,4096,-12,
61,equal_score,fig3,A,0,124,0,0,1,2,4096,-12,-12,1,0,12,12,1,1,8065,8065,0,-12,
61,equal_score,tie_b,B,0,124,0,0,1,1,8064,0,1,1,1,0,12,4097,0,4097,4097,8128,-6,
61,equal_score,tie_b,B,0,124,0,0,1,2,8128,-6,-5,-1,1,6,12,64,1,4033,4033,8064,-13,
61,equal_score,tie_b,B,0,124,0,0,1,3,8064,-13,-12,1,1,13,12,0,1,4033,4033,8128,-19,
61,equal_score,tie_b,B,0,124,0,0,1,4,8128,-19,-18,-1,1,19,12,0,1,4033,4033,8064,-26,
61,equal_score,legacy7,A,0,124,0,0,1,1,4097,0,0,1,0,0,12,8064,0,8064,8064,4096,-12,
61,equal_score,legacy7,A,0,124,0,0,1,2,4096,-12,-12,1,0,12,12,1,1,8065,8065,0,-12,
61,equal_score,input_anchor,A,0,124,0,0,1,1,4097,0,0,1,0,0,12,8064,0,8064,8064,4096,-12,
61,equal_score,input_anchor,A,0,124,0,0,1,2,4096,-12,-12,1,0,12,12,1,1,8065,8065,0,-12,
61,equal_score,exact_residual,A,0,124,0,0,1,1,4097,0,0,1,0,0,12,8064,0,8064,8064,4096,-12,
61,equal_score,exact_residual,A,0,124,0,0,1,2,4096,-12,-12,1,0,12,12,1,1,8065,8065,0,-12,
61,equal_score,guard1_pack12,A,0,124,0,0,1,1,4097,0,0,1,0,0,13,16128,0,16128,8064,4096,-12,
61,equal_score,guard1_pack12,A,0,124,0,0,1,2,4096,-12,-12,1,0,12,13,3,1,16131,8065,0,-12,
61,equal_score,guard12_pack12,A,0,124,0,0,1,1,4097,0,0,1,0,0,24,33030144,0,33030144,8064,4096,-12,
61,equal_score,guard12_pack12,A,0,124,0,0,1,2,4096,-12,-12,1,0,12,24,8064,0,33038208,8065,0,-12,
61,equal_score,source_uncut,A,0,124,0,0,1,1,4097,0,0,1,0,0,24,33030144,0,33030144,8064,4096,-12,
61,equal_score,source_uncut,A,0,124,0,0,1,2,4096,-12,-12,1,0,12,24,8064,0,33038208,8065,0,-12,
61,equal_score,post_sum_pack12,A,0,124,0,0,1,1,4097,0,0,1,0,0,12,8064,0,8064,8064,4096,-12,0x1f80000000000000000000000000
61,equal_score,post_sum_pack12,A,0,124,0,0,1,2,4096,-12,-12,1,0,12,12,1,1,8065,8065,0,-12,0x1f81f80000000000000000000000
61,equal_score,signed_floor,A,0,124,0,0,1,1,4097,0,0,1,0,0,12,8064,0,8064,8064,4096,-12,
61,equal_score,signed_floor,A,0,124,0,0,1,2,4096,-12,-12,1,0,12,12,1,1,8065,8065,0,-12,
62,equal_score,fig3,A,0,124,0,0,1,1,4097,0,0,1,0,0,12,8095,0,8095,8095,4096,-12,
62,equal_score,fig3,A,0,124,0,0,1,2,4096,-12,-12,1,0,12,12,1,1,8096,8096,0,-12,
62,equal_score,tie_b,B,0,124,0,0,1,1,8095,0,1,1,1,0,12,4097,0,4097,4097,6144,-6,
62,equal_score,tie_b,B,0,124,0,0,1,2,6144,-6,-5,-1,1,6,12,64,1,4033,4033,8188,-8,
62,equal_score,legacy7,A,0,124,0,0,1,1,4097,0,0,1,0,0,12,8095,0,8095,8095,4096,-12,
62,equal_score,legacy7,A,0,124,0,0,1,2,4096,-12,-12,1,0,12,12,1,1,8096,8096,0,-12,
62,equal_score,input_anchor,A,0,124,0,0,1,1,4097,0,0,1,0,0,12,8095,0,8095,8095,4096,-12,
62,equal_score,input_anchor,A,0,124,0,0,1,2,4096,-12,-12,1,0,12,12,1,1,8096,8096,0,-12,
62,equal_score,exact_residual,A,0,124,0,0,1,1,4097,0,0,1,0,0,12,8095,0,8095,8095,4096,-12,
62,equal_score,exact_residual,A,0,124,0,0,1,2,4096,-12,-12,1,0,12,12,1,1,8096,8096,0,-12,
62,equal_score,guard1_pack12,A,0,124,0,0,1,1,4097,0,0,1,0,0,13,16190,0,16190,8095,4096,-12,
62,equal_score,guard1_pack12,A,0,124,0,0,1,2,4096,-12,-12,1,0,12,13,3,1,16193,8096,0,-12,
62,equal_score,guard12_pack12,A,0,124,0,0,1,1,4097,0,0,1,0,0,24,33157120,0,33157120,8095,4096,-12,
62,equal_score,guard12_pack12,A,0,124,0,0,1,2,4096,-12,-12,1,0,12,24,8095,0,33165215,8096,0,-12,
62,equal_score,source_uncut,A,0,124,0,0,1,1,4097,0,0,1,0,0,24,33157120,0,33157120,8095,4096,-12,
62,equal_score,source_uncut,A,0,124,0,0,1,2,4096,-12,-12,1,0,12,24,8095,0,33165215,8096,0,-12,
62,equal_score,post_sum_pack12,A,0,124,0,0,1,1,4097,0,0,1,0,0,12,8095,0,8095,8095,4096,-12,0x1f9f000000000000000000000000
62,equal_score,post_sum_pack12,A,0,124,0,0,1,2,4096,-12,-12,1,0,12,12,1,1,8096,8096,0,-12,0x1fa0f9f000000000000000000000
62,equal_score,signed_floor,A,0,124,0,0,1,1,4097,0,0,1,0,0,12,8095,0,8095,8095,4096,-12,
62,equal_score,signed_floor,A,0,124,0,0,1,2,4096,-12,-12,1,0,12,12,1,1,8096,8096,0,-12,
63,equal_score,fig3,A,0,124,0,0,1,1,4097,0,0,1,0,0,12,8095,0,8095,8095,4096,-12,
63,equal_score,fig3,A,0,124,0,0,1,2,4096,-12,-12,1,0,12,12,1,1,8096,8096,0,-12,
63,equal_score,tie_b,B,0,124,0,0,1,1,8095,0,1,1,1,0,12,4097,0,4097,4097,6144,-6,
63,equal_score,tie_b,B,0,124,0,0,1,2,6144,-6,-5,-1,1,6,12,64,1,4033,4033,8188,-8,
63,equal_score,tie_b,B,0,124,0,0,1,3,8188,-8,-7,1,1,8,12,16,1,4049,4049,6144,-19,
63,equal_score,legacy7,A,0,124,0,0,1,1,4097,0,0,1,0,0,12,8095,0,8095,8095,4096,-12,
63,equal_score,legacy7,A,0,124,0,0,1,2,4096,-12,-12,1,0,12,12,1,1,8096,8096,0,-12,
63,equal_score,input_anchor,A,0,124,0,0,1,1,4097,0,0,1,0,0,12,8095,0,8095,8095,4096,-12,
63,equal_score,input_anchor,A,0,124,0,0,1,2,4096,-12,-12,1,0,12,12,1,1,8096,8096,0,-12,
63,equal_score,exact_residual,A,0,124,0,0,1,1,4097,0,0,1,0,0,12,8095,0,8095,8095,4096,-12,
63,equal_score,exact_residual,A,0,124,0,0,1,2,4096,-12,-12,1,0,12,12,1,1,8096,8096,0,-12,
63,equal_score,guard1_pack12,A,0,124,0,0,1,1,4097,0,0,1,0,0,13,16190,0,16190,8095,4096,-12,
63,equal_score,guard1_pack12,A,0,124,0,0,1,2,4096,-12,-12,1,0,12,13,3,1,16193,8096,0,-12,
63,equal_score,guard12_pack12,A,0,124,0,0,1,1,4097,0,0,1,0,0,24,33157120,0,33157120,8095,4096,-12,
63,equal_score,guard12_pack12,A,0,124,0,0,1,2,4096,-12,-12,1,0,12,24,8095,0,33165215,8096,0,-12,
63,equal_score,source_uncut,A,0,124,0,0,1,1,4097,0,0,1,0,0,24,33157120,0,33157120,8095,4096,-12,
63,equal_score,source_uncut,A,0,124,0,0,1,2,4096,-12,-12,1,0,12,24,8095,0,33165215,8096,0,-12,
63,equal_score,post_sum_pack12,A,0,124,0,0,1,1,4097,0,0,1,0,0,12,8095,0,8095,8095,4096,-12,0x1f9f000000000000000000000000
63,equal_score,post_sum_pack12,A,0,124,0,0,1,2,4096,-12,-12,1,0,12,12,1,1,8096,8096,0,-12,0x1fa0f9f000000000000000000000
63,equal_score,signed_floor,A,0,124,0,0,1,1,4097,0,0,1,0,0,12,8095,0,8095,8095,4096,-12,
63,equal_score,signed_floor,A,0,124,0,0,1,2,4096,-12,-12,1,0,12,12,1,1,8096,8096,0,-12,
64,signed_cut,fig3,B,63,0,32,0,0,1,4127,0,0,1,0,0,12,6143,0,6143,6143,7936,-8,
64,signed_cut,fig3,B,63,0,32,0,0,2,7936,-8,-7,1,0,7,12,47,1,6190,6190,8160,-13,
64,signed_cut,fig3,B,63,0,32,0,0,3,8160,-13,-12,-1,0,12,12,1,1,6189,6189,7936,-21,
64,signed_cut,tie_b,B,63,0,32,0,0,1,4127,0,0,1,0,0,12,6143,0,6143,6143,7936,-8,
64,signed_cut,tie_b,B,63,0,32,0,0,2,7936,-8,-7,1,0,7,12,47,1,6190,6190,8160,-13,
64,signed_cut,tie_b,B,63,0,32,0,0,3,8160,-13,-12,-1,0,12,12,1,1,6189,6189,7936,-21,
64,signed_cut,legacy7,B,63,0,32,0,0,1,4127,0,0,1,0,0,12,6143,0,6143,6143,7936,-8,
64,signed_cut,legacy7,B,63,0,32,0,0,2,7936,-8,-7,1,0,7,12,47,1,6190,6190,8160,-13,
64,signed_cut,legacy7,B,63,0,32,0,0,3,8160,-13,-12,-1,0,12,12,1,1,6189,6189,7936,-21,
64,signed_cut,input_anchor,B,63,0,32,0,0,1,4127,0,0,1,0,0,12,6143,0,6143,6143,7936,-8,
64,signed_cut,input_anchor,B,63,0,32,0,0,2,7936,-8,-7,1,0,7,12,47,1,6190,6190,8160,-13,
64,signed_cut,input_anchor,B,63,0,32,0,0,3,8160,-13,-12,-1,0,12,12,1,1,6189,6189,7936,-21,
64,signed_cut,exact_residual,B,63,0,32,0,0,1,4127,0,0,1,0,0,12,6143,0,6143,6143,7936,-8,
64,signed_cut,exact_residual,B,63,0,32,0,0,2,7936,-8,-7,1,0,7,12,47,1,6190,6190,4096,-12,
64,signed_cut,exact_residual,B,63,0,32,0,0,3,4096,-12,-12,-1,0,12,12,1,1,6189,6189,0,-12,
64,signed_cut,guard1_pack12,B,63,0,32,0,0,1,4127,0,0,1,0,0,13,12286,0,12286,6143,7936,-8,
64,signed_cut,guard1_pack12,B,63,0,32,0,0,2,7936,-8,-7,1,0,7,13,95,1,12381,6190,8160,-13,
64,signed_cut,guard1_pack12,B,63,0,32,0,0,3,8160,-13,-12,-1,0,12,13,2,1,12379,6189,7936,-21,
64,signed_cut,guard12_pack12,B,63,0,32,0,0,1,4127,0,0,1,0,0,24,25161728,0,25161728,6143,7936,-8,
64,signed_cut,guard12_pack12,B,63,0,32,0,0,2,7936,-8,-7,1,0,7,24,196576,0,25358304,6190,8160,-13,
64,signed_cut,guard12_pack12,B,63,0,32,0,0,3,8160,-13,-12,-1,0,12,24,6143,0,25352161,6189,7936,-21,
64,signed_cut,source_uncut,B,63,0,32,0,0,1,4127,0,0,1,0,0,24,25161728,0,25161728,6143,7936,-8,
64,signed_cut,source_uncut,B,63,0,32,0,0,2,7936,-8,-7,1,0,7,24,196576,0,25358304,6190,8160,-13,
64,signed_cut,source_uncut,B,63,0,32,0,0,3,8160,-13,-12,-1,0,12,24,6143,0,25352161,6189,7936,-21,
64,signed_cut,post_sum_pack12,B,63,0,32,0,0,1,4127,0,0,1,0,0,12,6143,0,6143,6143,7936,-8,0x17ff000000000000000000000000
64,signed_cut,post_sum_pack12,B,63,0,32,0,0,2,7936,-8,-7,1,0,7,12,47,1,6190,6190,8160,-13,0x182efe0000000000000000000000
64,signed_cut,post_sum_pack12,B,63,0,32,0,0,3,8160,-13,-12,-1,0,12,12,1,1,6189,6189,7936,-21,0x182d7e1000000000000000000000
64,signed_cut,signed_floor,B,63,0,32,0,0,1,4127,0,0,1,0,0,12,6143,0,6143,6143,7936,-8,
64,signed_cut,signed_floor,B,63,0,32,0,0,2,7936,-8,-7,1,0,7,12,47,1,6190,6190,8160,-13,
64,signed_cut,signed_floor,B,63,0,32,0,0,3,8160,-13,-12,-1,0,12,12,1,1,6188,6188,7936,-21,
65,signed_cut,fig3,B,63,0,32,0,0,1,4127,0,0,1,0,0,12,6143,0,6143,6143,7936,-8,
65,signed_cut,fig3,B,63,0,32,0,0,2,7936,-8,-7,1,0,7,12,47,1,6190,6190,8160,-13,
65,signed_cut,fig3,B,63,0,32,0,0,3,8160,-13,-12,-1,0,12,12,1,1,6189,6189,7936,-21,
65,signed_cut,fig3,B,63,0,32,0,0,4,7936,-21,-20,1,0,20,12,0,1,6189,6189,8160,-26,
65,signed_cut,tie_b,B,63,0,32,0,0,1,4127,0,0,1,0,0,12,6143,0,6143,6143,7936,-8,
65,signed_cut,tie_b,B,63,0,32,0,0,2,7936,-8,-7,1,0,7,12,47,1,6190,6190,8160,-13,
65,signed_cut,tie_b,B,63,0,32,0,0,3,8160,-13,-12,-1,0,12,12,1,1,6189,6189,7936,-21,
65,signed_cut,tie_b,B,63,0,32,0,0,4,7936,-21,-20,1,0,20,12,0,1,6189,6189,8160,-26,
65,signed_cut,legacy7,B,63,0,32,0,0,1,4127,0,0,1,0,0,12,6143,0,6143,6143,7936,-8,
65,signed_cut,legacy7,B,63,0,32,0,0,2,7936,-8,-7,1,0,7,12,47,1,6190,6190,8160,-13,
65,signed_cut,legacy7,B,63,0,32,0,0,3,8160,-13,-12,-1,0,12,12,1,1,6189,6189,7936,-21,
65,signed_cut,legacy7,B,63,0,32,0,0,4,7936,-21,-20,1,0,20,12,0,1,6189,6189,8160,-26,
65,signed_cut,input_anchor,B,63,0,32,0,0,1,4127,0,0,1,0,0,12,6143,0,6143,6143,7936,-8,
65,signed_cut,input_anchor,B,63,0,32,0,0,2,7936,-8,-7,1,0,7,12,47,1,6190,6190,8160,-13,
65,signed_cut,input_anchor,B,63,0,32,0,0,3,8160,-13,-12,-1,0,12,12,1,1,6189,6189,7936,-21,
65,signed_cut,input_anchor,B,63,0,32,0,0,4,7936,-21,-20,1,0,20,12,0,1,6189,6189,8160,-26,
65,signed_cut,exact_residual,B,63,0,32,0,0,1,4127,0,0,1,0,0,12,6143,0,6143,6143,7936,-8,
65,signed_cut,exact_residual,B,63,0,32,0,0,2,7936,-8,-7,1,0,7,12,47,1,6190,6190,4096,-12,
65,signed_cut,exact_residual,B,63,0,32,0,0,3,4096,-12,-12,-1,0,12,12,1,1,6189,6189,0,-12,
65,signed_cut,guard1_pack12,B,63,0,32,0,0,1,4127,0,0,1,0,0,13,12286,0,12286,6143,7936,-8,
65,signed_cut,guard1_pack12,B,63,0,32,0,0,2,7936,-8,-7,1,0,7,13,95,1,12381,6190,8160,-13,
65,signed_cut,guard1_pack12,B,63,0,32,0,0,3,8160,-13,-12,-1,0,12,13,2,1,12379,6189,7936,-21,
65,signed_cut,guard1_pack12,B,63,0,32,0,0,4,7936,-21,-20,1,0,20,13,0,1,12379,6189,8160,-26,
65,signed_cut,guard12_pack12,B,63,0,32,0,0,1,4127,0,0,1,0,0,24,25161728,0,25161728,6143,7936,-8,
65,signed_cut,guard12_pack12,B,63,0,32,0,0,2,7936,-8,-7,1,0,7,24,196576,0,25358304,6190,8160,-13,
65,signed_cut,guard12_pack12,B,63,0,32,0,0,3,8160,-13,-12,-1,0,12,24,6143,0,25352161,6189,7936,-21,
65,signed_cut,guard12_pack12,B,63,0,32,0,0,4,7936,-21,-20,1,0,20,24,23,1,25352184,6189,8160,-26,
65,signed_cut,source_uncut,B,63,0,32,0,0,1,4127,0,0,1,0,0,24,25161728,0,25161728,6143,7936,-8,
65,signed_cut,source_uncut,B,63,0,32,0,0,2,7936,-8,-7,1,0,7,24,196576,0,25358304,6190,8160,-13,
65,signed_cut,source_uncut,B,63,0,32,0,0,3,8160,-13,-12,-1,0,12,24,6143,0,25352161,6189,7936,-21,
65,signed_cut,source_uncut,B,63,0,32,0,0,4,7936,-21,-20,1,0,20,24,23,1,25352184,6189,8160,-26,
65,signed_cut,post_sum_pack12,B,63,0,32,0,0,1,4127,0,0,1,0,0,12,6143,0,6143,6143,7936,-8,0x17ff000000000000000000000000
65,signed_cut,post_sum_pack12,B,63,0,32,0,0,2,7936,-8,-7,1,0,7,12,47,1,6190,6190,8160,-13,0x182efe0000000000000000000000
65,signed_cut,post_sum_pack12,B,63,0,32,0,0,3,8160,-13,-12,-1,0,12,12,1,1,6189,6189,7936,-21,0x182d7e1000000000000000000000
65,signed_cut,post_sum_pack12,B,63,0,32,0,0,4,7936,-21,-20,1,0,20,12,0,1,6189,6189,8160,-26,0x182d7f8ff0000000000000000000
65,signed_cut,signed_floor,B,63,0,32,0,0,1,4127,0,0,1,0,0,12,6143,0,6143,6143,7936,-8,
65,signed_cut,signed_floor,B,63,0,32,0,0,2,7936,-8,-7,1,0,7,12,47,1,6190,6190,8160,-13,
65,signed_cut,signed_floor,B,63,0,32,0,0,3,8160,-13,-12,-1,0,12,12,1,1,6188,6188,7936,-21,
65,signed_cut,signed_floor,B,63,0,32,0,0,4,7936,-21,-20,1,0,20,12,0,1,6188,6188,8160,-26,
66,term_cut,fig3,B,63,1,32,0,0,1,4158,0,0,1,0,0,12,6143,0,6143,6143,7936,-7,
66,term_cut,fig3,B,63,1,32,0,0,2,7936,-7,-6,1,0,6,12,95,1,6238,6238,8160,-12,
66,term_cut,fig3,B,63,1,32,0,0,3,8160,-12,-11,-1,0,11,12,2,1,6236,6236,7936,-20,
66,term_cut,tie_b,B,63,1,32,0,0,1,4158,0,0,1,0,0,12,6143,0,6143,6143,7936,-7,
66,term_cut,tie_b,B,63,1,32,0,0,2,7936,-7,-6,1,0,6,12,95,1,6238,6238,8160,-12,
66,term_cut,tie_b,B,63,1,32,0,0,3,8160,-12,-11,-1,0,11,12,2,1,6236,6236,7936,-20,
66,term_cut,legacy7,B,63,1,32,0,0,1,4158,0,0,1,0,0,12,6143,0,6143,6143,7936,-7,
66,term_cut,legacy7,B,63,1,32,0,0,2,7936,-7,-6,1,0,6,12,95,1,6238,6238,8160,-12,
66,term_cut,legacy7,B,63,1,32,0,0,3,8160,-12,-11,-1,0,11,12,2,1,6236,6236,7936,-20,
66,term_cut,input_anchor,B,63,1,32,0,0,1,4158,0,0,1,0,0,12,6143,0,6143,6143,7936,-7,
66,term_cut,input_anchor,B,63,1,32,0,0,2,7936,-7,-6,1,0,6,12,95,1,6238,6238,8160,-12,
66,term_cut,input_anchor,B,63,1,32,0,0,3,8160,-12,-11,-1,0,11,12,2,1,6236,6236,7936,-20,
66,term_cut,exact_residual,B,63,1,32,0,0,1,4158,0,0,1,0,0,12,6143,0,6143,6143,7936,-7,
66,term_cut,exact_residual,B,63,1,32,0,0,2,7936,-7,-6,1,0,6,12,95,1,6238,6238,4096,-11,
66,term_cut,exact_residual,B,63,1,32,0,0,3,4096,-11,-11,-1,0,11,12,2,1,6236,6236,0,-11,
66,term_cut,guard1_pack12,B,63,1,32,0,0,1,4158,0,0,1,0,0,13,12286,0,12286,6143,7936,-7,
66,term_cut,guard1_pack12,B,63,1,32,0,0,2,7936,-7,-6,1,0,6,13,191,1,12477,6238,8160,-12,
66,term_cut,guard1_pack12,B,63,1,32,0,0,3,8160,-12,-11,-1,0,11,13,5,1,12472,6236,7936,-20,
66,term_cut,guard12_pack12,B,63,1,32,0,0,1,4158,0,0,1,0,0,24,25161728,0,25161728,6143,7936,-7,
66,term_cut,guard12_pack12,B,63,1,32,0,0,2,7936,-7,-6,1,0,6,24,393152,0,25554880,6238,8160,-12,
66,term_cut,guard12_pack12,B,63,1,32,0,0,3,8160,-12,-11,-1,0,11,24,12286,0,25542594,6235,7936,-20,
66,term_cut,source_uncut,B,63,1,32,0,0,1,4158,0,0,1,0,0,24,25161728,0,25161728,6143,7936,-7,
66,term_cut,source_uncut,B,63,1,32,0,0,2,7936,-7,-6,1,0,6,24,393152,0,25554880,6238,8160,-12,
66,term_cut,source_uncut,B,63,1,32,0,0,3,8160,-12,-11,-1,0,11,24,12286,0,25542594,6235,7936,-20,
66,term_cut,post_sum_pack12,B,63,1,32,0,0,1,4158,0,0,1,0,0,12,6143,0,6143,6143,7936,-7,0x17ff000000000000000000000000
66,term_cut,post_sum_pack12,B,63,1,32,0,0,2,7936,-7,-6,1,0,6,12,95,1,6238,6238,8160,-12,0x185efc0000000000000000000000
66,term_cut,post_sum_pack12,B,63,1,32,0,0,3,8160,-12,-11,-1,0,11,12,2,1,6235,6235,7936,-20,0x185bfc2000000000000000000000
66,term_cut,signed_floor,B,63,1,32,0,0,1,4158,0,0,1,0,0,12,6143,0,6143,6143,7936,-7,
66,term_cut,signed_floor,B,63,1,32,0,0,2,7936,-7,-6,1,0,6,12,95,1,6238,6238,8160,-12,
66,term_cut,signed_floor,B,63,1,32,0,0,3,8160,-12,-11,-1,0,11,12,2,1,6235,6235,7936,-20,
67,guard_depth,fig3,B,63,1,32,0,0,1,4158,0,0,1,0,0,12,6143,0,6143,6143,7936,-7,
67,guard_depth,fig3,B,63,1,32,0,0,2,7936,-7,-6,1,0,6,12,95,1,6238,6238,8160,-12,
67,guard_depth,fig3,B,63,1,32,0,0,3,8160,-12,-11,-1,0,11,12,2,1,6236,6236,7936,-20,
67,guard_depth,tie_b,B,63,1,32,0,0,1,4158,0,0,1,0,0,12,6143,0,6143,6143,7936,-7,
67,guard_depth,tie_b,B,63,1,32,0,0,2,7936,-7,-6,1,0,6,12,95,1,6238,6238,8160,-12,
67,guard_depth,tie_b,B,63,1,32,0,0,3,8160,-12,-11,-1,0,11,12,2,1,6236,6236,7936,-20,
67,guard_depth,legacy7,B,63,1,32,0,0,1,4158,0,0,1,0,0,12,6143,0,6143,6143,7936,-7,
67,guard_depth,legacy7,B,63,1,32,0,0,2,7936,-7,-6,1,0,6,12,95,1,6238,6238,8160,-12,
67,guard_depth,legacy7,B,63,1,32,0,0,3,8160,-12,-11,-1,0,11,12,2,1,6236,6236,7936,-20,
67,guard_depth,input_anchor,B,63,1,32,0,0,1,4158,0,0,1,0,0,12,6143,0,6143,6143,7936,-7,
67,guard_depth,input_anchor,B,63,1,32,0,0,2,7936,-7,-6,1,0,6,12,95,1,6238,6238,8160,-12,
67,guard_depth,input_anchor,B,63,1,32,0,0,3,8160,-12,-11,-1,0,11,12,2,1,6236,6236,7936,-20,
67,guard_depth,exact_residual,B,63,1,32,0,0,1,4158,0,0,1,0,0,12,6143,0,6143,6143,7936,-7,
67,guard_depth,exact_residual,B,63,1,32,0,0,2,7936,-7,-6,1,0,6,12,95,1,6238,6238,4096,-11,
67,guard_depth,exact_residual,B,63,1,32,0,0,3,4096,-11,-11,-1,0,11,12,2,1,6236,6236,0,-11,
67,guard_depth,guard1_pack12,B,63,1,32,0,0,1,4158,0,0,1,0,0,13,12286,0,12286,6143,7936,-7,
67,guard_depth,guard1_pack12,B,63,1,32,0,0,2,7936,-7,-6,1,0,6,13,191,1,12477,6238,8160,-12,
67,guard_depth,guard1_pack12,B,63,1,32,0,0,3,8160,-12,-11,-1,0,11,13,5,1,12472,6236,7936,-20,
67,guard_depth,guard12_pack12,B,63,1,32,0,0,1,4158,0,0,1,0,0,24,25161728,0,25161728,6143,7936,-7,
67,guard_depth,guard12_pack12,B,63,1,32,0,0,2,7936,-7,-6,1,0,6,24,393152,0,25554880,6238,8160,-12,
67,guard_depth,guard12_pack12,B,63,1,32,0,0,3,8160,-12,-11,-1,0,11,24,12286,0,25542594,6235,7936,-20,
67,guard_depth,source_uncut,B,63,1,32,0,0,1,4158,0,0,1,0,0,24,25161728,0,25161728,6143,7936,-7,
67,guard_depth,source_uncut,B,63,1,32,0,0,2,7936,-7,-6,1,0,6,24,393152,0,25554880,6238,8160,-12,
67,guard_depth,source_uncut,B,63,1,32,0,0,3,8160,-12,-11,-1,0,11,24,12286,0,25542594,6235,7936,-20,
67,guard_depth,post_sum_pack12,B,63,1,32,0,0,1,4158,0,0,1,0,0,12,6143,0,6143,6143,7936,-7,0x17ff000000000000000000000000
67,guard_depth,post_sum_pack12,B,63,1,32,0,0,2,7936,-7,-6,1,0,6,12,95,1,6238,6238,8160,-12,0x185efc0000000000000000000000
67,guard_depth,post_sum_pack12,B,63,1,32,0,0,3,8160,-12,-11,-1,0,11,12,2,1,6235,6235,7936,-20,0x185bfc2000000000000000000000
67,guard_depth,signed_floor,B,63,1,32,0,0,1,4158,0,0,1,0,0,12,6143,0,6143,6143,7936,-7,
67,guard_depth,signed_floor,B,63,1,32,0,0,2,7936,-7,-6,1,0,6,12,95,1,6238,6238,8160,-12,
67,guard_depth,signed_floor,B,63,1,32,0,0,3,8160,-12,-11,-1,0,11,12,2,1,6235,6235,7936,-20,
68,post_sum_cut,fig3,B,63,1,32,0,0,1,4158,0,0,1,0,0,12,6143,0,6143,6143,7936,-7,
68,post_sum_cut,fig3,B,63,1,32,0,0,2,7936,-7,-6,1,0,6,12,95,1,6238,6238,8160,-12,
68,post_sum_cut,fig3,B,63,1,32,0,0,3,8160,-12,-11,-1,0,11,12,2,1,6236,6236,7936,-20,
68,post_sum_cut,tie_b,B,63,1,32,0,0,1,4158,0,0,1,0,0,12,6143,0,6143,6143,7936,-7,
68,post_sum_cut,tie_b,B,63,1,32,0,0,2,7936,-7,-6,1,0,6,12,95,1,6238,6238,8160,-12,
68,post_sum_cut,tie_b,B,63,1,32,0,0,3,8160,-12,-11,-1,0,11,12,2,1,6236,6236,7936,-20,
68,post_sum_cut,legacy7,B,63,1,32,0,0,1,4158,0,0,1,0,0,12,6143,0,6143,6143,7936,-7,
68,post_sum_cut,legacy7,B,63,1,32,0,0,2,7936,-7,-6,1,0,6,12,95,1,6238,6238,8160,-12,
68,post_sum_cut,legacy7,B,63,1,32,0,0,3,8160,-12,-11,-1,0,11,12,2,1,6236,6236,7936,-20,
68,post_sum_cut,input_anchor,B,63,1,32,0,0,1,4158,0,0,1,0,0,12,6143,0,6143,6143,7936,-7,
68,post_sum_cut,input_anchor,B,63,1,32,0,0,2,7936,-7,-6,1,0,6,12,95,1,6238,6238,8160,-12,
68,post_sum_cut,input_anchor,B,63,1,32,0,0,3,8160,-12,-11,-1,0,11,12,2,1,6236,6236,7936,-20,
68,post_sum_cut,exact_residual,B,63,1,32,0,0,1,4158,0,0,1,0,0,12,6143,0,6143,6143,7936,-7,
68,post_sum_cut,exact_residual,B,63,1,32,0,0,2,7936,-7,-6,1,0,6,12,95,1,6238,6238,4096,-11,
68,post_sum_cut,exact_residual,B,63,1,32,0,0,3,4096,-11,-11,-1,0,11,12,2,1,6236,6236,0,-11,
68,post_sum_cut,guard1_pack12,B,63,1,32,0,0,1,4158,0,0,1,0,0,13,12286,0,12286,6143,7936,-7,
68,post_sum_cut,guard1_pack12,B,63,1,32,0,0,2,7936,-7,-6,1,0,6,13,191,1,12477,6238,8160,-12,
68,post_sum_cut,guard1_pack12,B,63,1,32,0,0,3,8160,-12,-11,-1,0,11,13,5,1,12472,6236,7936,-20,
68,post_sum_cut,guard12_pack12,B,63,1,32,0,0,1,4158,0,0,1,0,0,24,25161728,0,25161728,6143,7936,-7,
68,post_sum_cut,guard12_pack12,B,63,1,32,0,0,2,7936,-7,-6,1,0,6,24,393152,0,25554880,6238,8160,-12,
68,post_sum_cut,guard12_pack12,B,63,1,32,0,0,3,8160,-12,-11,-1,0,11,24,12286,0,25542594,6235,7936,-20,
68,post_sum_cut,source_uncut,B,63,1,32,0,0,1,4158,0,0,1,0,0,24,25161728,0,25161728,6143,7936,-7,
68,post_sum_cut,source_uncut,B,63,1,32,0,0,2,7936,-7,-6,1,0,6,24,393152,0,25554880,6238,8160,-12,
68,post_sum_cut,source_uncut,B,63,1,32,0,0,3,8160,-12,-11,-1,0,11,24,12286,0,25542594,6235,7936,-20,
68,post_sum_cut,post_sum_pack12,B,63,1,32,0,0,1,4158,0,0,1,0,0,12,6143,0,6143,6143,7936,-7,0x17ff000000000000000000000000
68,post_sum_cut,post_sum_pack12,B,63,1,32,0,0,2,7936,-7,-6,1,0,6,12,95,1,6238,6238,8160,-12,0x185efc0000000000000000000000
68,post_sum_cut,post_sum_pack12,B,63,1,32,0,0,3,8160,-12,-11,-1,0,11,12,2,1,6235,6235,7936,-20,0x185bfc2000000000000000000000
68,post_sum_cut,signed_floor,B,63,1,32,0,0,1,4158,0,0,1,0,0,12,6143,0,6143,6143,7936,-7,
68,post_sum_cut,signed_floor,B,63,1,32,0,0,2,7936,-7,-6,1,0,6,12,95,1,6238,6238,8160,-12,
68,post_sum_cut,signed_floor,B,63,1,32,0,0,3,8160,-12,-11,-1,0,11,12,2,1,6235,6235,7936,-20,
69,signed_cut,fig3,B,63,1,32,0,0,1,4158,0,0,1,0,0,12,6143,0,6143,6143,7936,-7,
69,signed_cut,fig3,B,63,1,32,0,0,2,7936,-7,-6,1,0,6,12,95,1,6238,6238,8160,-12,
69,signed_cut,fig3,B,63,1,32,0,0,3,8160,-12,-11,-1,0,11,12,2,1,6236,6236,7936,-20,
69,signed_cut,tie_b,B,63,1,32,0,0,1,4158,0,0,1,0,0,12,6143,0,6143,6143,7936,-7,
69,signed_cut,tie_b,B,63,1,32,0,0,2,7936,-7,-6,1,0,6,12,95,1,6238,6238,8160,-12,
69,signed_cut,tie_b,B,63,1,32,0,0,3,8160,-12,-11,-1,0,11,12,2,1,6236,6236,7936,-20,
69,signed_cut,legacy7,B,63,1,32,0,0,1,4158,0,0,1,0,0,12,6143,0,6143,6143,7936,-7,
69,signed_cut,legacy7,B,63,1,32,0,0,2,7936,-7,-6,1,0,6,12,95,1,6238,6238,8160,-12,
69,signed_cut,legacy7,B,63,1,32,0,0,3,8160,-12,-11,-1,0,11,12,2,1,6236,6236,7936,-20,
69,signed_cut,input_anchor,B,63,1,32,0,0,1,4158,0,0,1,0,0,12,6143,0,6143,6143,7936,-7,
69,signed_cut,input_anchor,B,63,1,32,0,0,2,7936,-7,-6,1,0,6,12,95,1,6238,6238,8160,-12,
69,signed_cut,input_anchor,B,63,1,32,0,0,3,8160,-12,-11,-1,0,11,12,2,1,6236,6236,7936,-20,
69,signed_cut,exact_residual,B,63,1,32,0,0,1,4158,0,0,1,0,0,12,6143,0,6143,6143,7936,-7,
69,signed_cut,exact_residual,B,63,1,32,0,0,2,7936,-7,-6,1,0,6,12,95,1,6238,6238,4096,-11,
69,signed_cut,exact_residual,B,63,1,32,0,0,3,4096,-11,-11,-1,0,11,12,2,1,6236,6236,0,-11,
69,signed_cut,guard1_pack12,B,63,1,32,0,0,1,4158,0,0,1,0,0,13,12286,0,12286,6143,7936,-7,
69,signed_cut,guard1_pack12,B,63,1,32,0,0,2,7936,-7,-6,1,0,6,13,191,1,12477,6238,8160,-12,
69,signed_cut,guard1_pack12,B,63,1,32,0,0,3,8160,-12,-11,-1,0,11,13,5,1,12472,6236,7936,-20,
69,signed_cut,guard12_pack12,B,63,1,32,0,0,1,4158,0,0,1,0,0,24,25161728,0,25161728,6143,7936,-7,
69,signed_cut,guard12_pack12,B,63,1,32,0,0,2,7936,-7,-6,1,0,6,24,393152,0,25554880,6238,8160,-12,
69,signed_cut,guard12_pack12,B,63,1,32,0,0,3,8160,-12,-11,-1,0,11,24,12286,0,25542594,6235,7936,-20,
69,signed_cut,source_uncut,B,63,1,32,0,0,1,4158,0,0,1,0,0,24,25161728,0,25161728,6143,7936,-7,
69,signed_cut,source_uncut,B,63,1,32,0,0,2,7936,-7,-6,1,0,6,24,393152,0,25554880,6238,8160,-12,
69,signed_cut,source_uncut,B,63,1,32,0,0,3,8160,-12,-11,-1,0,11,24,12286,0,25542594,6235,7936,-20,
69,signed_cut,post_sum_pack12,B,63,1,32,0,0,1,4158,0,0,1,0,0,12,6143,0,6143,6143,7936,-7,0x17ff000000000000000000000000
69,signed_cut,post_sum_pack12,B,63,1,32,0,0,2,7936,-7,-6,1,0,6,12,95,1,6238,6238,8160,-12,0x185efc0000000000000000000000
69,signed_cut,post_sum_pack12,B,63,1,32,0,0,3,8160,-12,-11,-1,0,11,12,2,1,6235,6235,7936,-20,0x185bfc2000000000000000000000
69,signed_cut,signed_floor,B,63,1,32,0,0,1,4158,0,0,1,0,0,12,6143,0,6143,6143,7936,-7,
69,signed_cut,signed_floor,B,63,1,32,0,0,2,7936,-7,-6,1,0,6,12,95,1,6238,6238,8160,-12,
69,signed_cut,signed_floor,B,63,1,32,0,0,3,8160,-12,-11,-1,0,11,12,2,1,6235,6235,7936,-20,
70,term_cut,fig3,B,63,1,32,0,0,1,4158,0,0,1,0,0,12,6143,0,6143,6143,7936,-7,
70,term_cut,fig3,B,63,1,32,0,0,2,7936,-7,-6,1,0,6,12,95,1,6238,6238,8160,-12,
70,term_cut,fig3,B,63,1,32,0,0,3,8160,-12,-11,-1,0,11,12,2,1,6236,6236,7936,-20,
70,term_cut,fig3,B,63,1,32,0,0,4,7936,-20,-19,1,0,19,12,0,1,6236,6236,8160,-25,
70,term_cut,tie_b,B,63,1,32,0,0,1,4158,0,0,1,0,0,12,6143,0,6143,6143,7936,-7,
70,term_cut,tie_b,B,63,1,32,0,0,2,7936,-7,-6,1,0,6,12,95,1,6238,6238,8160,-12,
70,term_cut,tie_b,B,63,1,32,0,0,3,8160,-12,-11,-1,0,11,12,2,1,6236,6236,7936,-20,
70,term_cut,tie_b,B,63,1,32,0,0,4,7936,-20,-19,1,0,19,12,0,1,6236,6236,8160,-25,
70,term_cut,legacy7,B,63,1,32,0,0,1,4158,0,0,1,0,0,12,6143,0,6143,6143,7936,-7,
70,term_cut,legacy7,B,63,1,32,0,0,2,7936,-7,-6,1,0,6,12,95,1,6238,6238,8160,-12,
70,term_cut,legacy7,B,63,1,32,0,0,3,8160,-12,-11,-1,0,11,12,2,1,6236,6236,7936,-20,
70,term_cut,legacy7,B,63,1,32,0,0,4,7936,-20,-19,1,0,19,12,0,1,6236,6236,8160,-25,
70,term_cut,input_anchor,B,63,1,32,0,0,1,4158,0,0,1,0,0,12,6143,0,6143,6143,7936,-7,
70,term_cut,input_anchor,B,63,1,32,0,0,2,7936,-7,-6,1,0,6,12,95,1,6238,6238,8160,-12,
70,term_cut,input_anchor,B,63,1,32,0,0,3,8160,-12,-11,-1,0,11,12,2,1,6236,6236,7936,-20,
70,term_cut,input_anchor,B,63,1,32,0,0,4,7936,-20,-19,1,0,19,12,0,1,6236,6236,8160,-25,
70,term_cut,exact_residual,B,63,1,32,0,0,1,4158,0,0,1,0,0,12,6143,0,6143,6143,7936,-7,
70,term_cut,exact_residual,B,63,1,32,0,0,2,7936,-7,-6,1,0,6,12,95,1,6238,6238,4096,-11,
70,term_cut,exact_residual,B,63,1,32,0,0,3,4096,-11,-11,-1,0,11,12,2,1,6236,6236,0,-11,
70,term_cut,guard1_pack12,B,63,1,32,0,0,1,4158,0,0,1,0,0,13,12286,0,12286,6143,7936,-7,
70,term_cut,guard1_pack12,B,63,1,32,0,0,2,7936,-7,-6,1,0,6,13,191,1,12477,6238,8160,-12,
70,term_cut,guard1_pack12,B,63,1,32,0,0,3,8160,-12,-11,-1,0,11,13,5,1,12472,6236,7936,-20,
70,term_cut,guard1_pack12,B,63,1,32,0,0,4,7936,-20,-19,1,0,19,13,0,1,12472,6236,8160,-25,
70,term_cut,guard12_pack12,B,63,1,32,0,0,1,4158,0,0,1,0,0,24,25161728,0,25161728,6143,7936,-7,
70,term_cut,guard12_pack12,B,63,1,32,0,0,2,7936,-7,-6,1,0,6,24,393152,0,25554880,6238,8160,-12,
70,term_cut,guard12_pack12,B,63,1,32,0,0,3,8160,-12,-11,-1,0,11,24,12286,0,25542594,6235,7936,-20,
70,term_cut,guard12_pack12,B,63,1,32,0,0,4,7936,-20,-19,1,0,19,24,47,1,25542641,6235,8160,-25,
70,term_cut,source_uncut,B,63,1,32,0,0,1,4158,0,0,1,0,0,24,25161728,0,25161728,6143,7936,-7,
70,term_cut,source_uncut,B,63,1,32,0,0,2,7936,-7,-6,1,0,6,24,393152,0,25554880,6238,8160,-12,
70,term_cut,source_uncut,B,63,1,32,0,0,3,8160,-12,-11,-1,0,11,24,12286,0,25542594,6235,7936,-20,
70,term_cut,source_uncut,B,63,1,32,0,0,4,7936,-20,-19,1,0,19,24,47,1,25542641,6235,8160,-25,
70,term_cut,post_sum_pack12,B,63,1,32,0,0,1,4158,0,0,1,0,0,12,6143,0,6143,6143,7936,-7,0x17ff000000000000000000000000
70,term_cut,post_sum_pack12,B,63,1,32,0,0,2,7936,-7,-6,1,0,6,12,95,1,6238,6238,8160,-12,0x185efc0000000000000000000000
70,term_cut,post_sum_pack12,B,63,1,32,0,0,3,8160,-12,-11,-1,0,11,12,2,1,6235,6235,7936,-20,0x185bfc2000000000000000000000
70,term_cut,post_sum_pack12,B,63,1,32,0,0,4,7936,-20,-19,1,0,19,12,0,1,6235,6235,8160,-25,0x185bff1fe0000000000000000000
70,term_cut,signed_floor,B,63,1,32,0,0,1,4158,0,0,1,0,0,12,6143,0,6143,6143,7936,-7,
70,term_cut,signed_floor,B,63,1,32,0,0,2,7936,-7,-6,1,0,6,12,95,1,6238,6238,8160,-12,
70,term_cut,signed_floor,B,63,1,32,0,0,3,8160,-12,-11,-1,0,11,12,2,1,6235,6235,7936,-20,
70,term_cut,signed_floor,B,63,1,32,0,0,4,7936,-20,-19,1,0,19,12,0,1,6235,6235,8160,-25,
71,guard_depth,fig3,B,63,1,32,0,0,1,4158,0,0,1,0,0,12,6143,0,6143,6143,7936,-7,
71,guard_depth,fig3,B,63,1,32,0,0,2,7936,-7,-6,1,0,6,12,95,1,6238,6238,8160,-12,
71,guard_depth,fig3,B,63,1,32,0,0,3,8160,-12,-11,-1,0,11,12,2,1,6236,6236,7936,-20,
71,guard_depth,fig3,B,63,1,32,0,0,4,7936,-20,-19,1,0,19,12,0,1,6236,6236,8160,-25,
71,guard_depth,tie_b,B,63,1,32,0,0,1,4158,0,0,1,0,0,12,6143,0,6143,6143,7936,-7,
71,guard_depth,tie_b,B,63,1,32,0,0,2,7936,-7,-6,1,0,6,12,95,1,6238,6238,8160,-12,
71,guard_depth,tie_b,B,63,1,32,0,0,3,8160,-12,-11,-1,0,11,12,2,1,6236,6236,7936,-20,
71,guard_depth,tie_b,B,63,1,32,0,0,4,7936,-20,-19,1,0,19,12,0,1,6236,6236,8160,-25,
71,guard_depth,legacy7,B,63,1,32,0,0,1,4158,0,0,1,0,0,12,6143,0,6143,6143,7936,-7,
71,guard_depth,legacy7,B,63,1,32,0,0,2,7936,-7,-6,1,0,6,12,95,1,6238,6238,8160,-12,
71,guard_depth,legacy7,B,63,1,32,0,0,3,8160,-12,-11,-1,0,11,12,2,1,6236,6236,7936,-20,
71,guard_depth,legacy7,B,63,1,32,0,0,4,7936,-20,-19,1,0,19,12,0,1,6236,6236,8160,-25,
71,guard_depth,input_anchor,B,63,1,32,0,0,1,4158,0,0,1,0,0,12,6143,0,6143,6143,7936,-7,
71,guard_depth,input_anchor,B,63,1,32,0,0,2,7936,-7,-6,1,0,6,12,95,1,6238,6238,8160,-12,
71,guard_depth,input_anchor,B,63,1,32,0,0,3,8160,-12,-11,-1,0,11,12,2,1,6236,6236,7936,-20,
71,guard_depth,input_anchor,B,63,1,32,0,0,4,7936,-20,-19,1,0,19,12,0,1,6236,6236,8160,-25,
71,guard_depth,exact_residual,B,63,1,32,0,0,1,4158,0,0,1,0,0,12,6143,0,6143,6143,7936,-7,
71,guard_depth,exact_residual,B,63,1,32,0,0,2,7936,-7,-6,1,0,6,12,95,1,6238,6238,4096,-11,
71,guard_depth,exact_residual,B,63,1,32,0,0,3,4096,-11,-11,-1,0,11,12,2,1,6236,6236,0,-11,
71,guard_depth,guard1_pack12,B,63,1,32,0,0,1,4158,0,0,1,0,0,13,12286,0,12286,6143,7936,-7,
71,guard_depth,guard1_pack12,B,63,1,32,0,0,2,7936,-7,-6,1,0,6,13,191,1,12477,6238,8160,-12,
71,guard_depth,guard1_pack12,B,63,1,32,0,0,3,8160,-12,-11,-1,0,11,13,5,1,12472,6236,7936,-20,
71,guard_depth,guard1_pack12,B,63,1,32,0,0,4,7936,-20,-19,1,0,19,13,0,1,12472,6236,8160,-25,
71,guard_depth,guard12_pack12,B,63,1,32,0,0,1,4158,0,0,1,0,0,24,25161728,0,25161728,6143,7936,-7,
71,guard_depth,guard12_pack12,B,63,1,32,0,0,2,7936,-7,-6,1,0,6,24,393152,0,25554880,6238,8160,-12,
71,guard_depth,guard12_pack12,B,63,1,32,0,0,3,8160,-12,-11,-1,0,11,24,12286,0,25542594,6235,7936,-20,
71,guard_depth,guard12_pack12,B,63,1,32,0,0,4,7936,-20,-19,1,0,19,24,47,1,25542641,6235,8160,-25,
71,guard_depth,source_uncut,B,63,1,32,0,0,1,4158,0,0,1,0,0,24,25161728,0,25161728,6143,7936,-7,
71,guard_depth,source_uncut,B,63,1,32,0,0,2,7936,-7,-6,1,0,6,24,393152,0,25554880,6238,8160,-12,
71,guard_depth,source_uncut,B,63,1,32,0,0,3,8160,-12,-11,-1,0,11,24,12286,0,25542594,6235,7936,-20,
71,guard_depth,source_uncut,B,63,1,32,0,0,4,7936,-20,-19,1,0,19,24,47,1,25542641,6235,8160,-25,
71,guard_depth,post_sum_pack12,B,63,1,32,0,0,1,4158,0,0,1,0,0,12,6143,0,6143,6143,7936,-7,0x17ff000000000000000000000000
71,guard_depth,post_sum_pack12,B,63,1,32,0,0,2,7936,-7,-6,1,0,6,12,95,1,6238,6238,8160,-12,0x185efc0000000000000000000000
71,guard_depth,post_sum_pack12,B,63,1,32,0,0,3,8160,-12,-11,-1,0,11,12,2,1,6235,6235,7936,-20,0x185bfc2000000000000000000000
71,guard_depth,post_sum_pack12,B,63,1,32,0,0,4,7936,-20,-19,1,0,19,12,0,1,6235,6235,8160,-25,0x185bff1fe0000000000000000000
71,guard_depth,signed_floor,B,63,1,32,0,0,1,4158,0,0,1,0,0,12,6143,0,6143,6143,7936,-7,
71,guard_depth,signed_floor,B,63,1,32,0,0,2,7936,-7,-6,1,0,6,12,95,1,6238,6238,8160,-12,
71,guard_depth,signed_floor,B,63,1,32,0,0,3,8160,-12,-11,-1,0,11,12,2,1,6235,6235,7936,-20,
71,guard_depth,signed_floor,B,63,1,32,0,0,4,7936,-20,-19,1,0,19,12,0,1,6235,6235,8160,-25,
72,post_sum_cut,fig3,B,63,1,32,0,0,1,4158,0,0,1,0,0,12,6143,0,6143,6143,7936,-7,
72,post_sum_cut,fig3,B,63,1,32,0,0,2,7936,-7,-6,1,0,6,12,95,1,6238,6238,8160,-12,
72,post_sum_cut,fig3,B,63,1,32,0,0,3,8160,-12,-11,-1,0,11,12,2,1,6236,6236,7936,-20,
72,post_sum_cut,fig3,B,63,1,32,0,0,4,7936,-20,-19,1,0,19,12,0,1,6236,6236,8160,-25,
72,post_sum_cut,tie_b,B,63,1,32,0,0,1,4158,0,0,1,0,0,12,6143,0,6143,6143,7936,-7,
72,post_sum_cut,tie_b,B,63,1,32,0,0,2,7936,-7,-6,1,0,6,12,95,1,6238,6238,8160,-12,
72,post_sum_cut,tie_b,B,63,1,32,0,0,3,8160,-12,-11,-1,0,11,12,2,1,6236,6236,7936,-20,
72,post_sum_cut,tie_b,B,63,1,32,0,0,4,7936,-20,-19,1,0,19,12,0,1,6236,6236,8160,-25,
72,post_sum_cut,legacy7,B,63,1,32,0,0,1,4158,0,0,1,0,0,12,6143,0,6143,6143,7936,-7,
72,post_sum_cut,legacy7,B,63,1,32,0,0,2,7936,-7,-6,1,0,6,12,95,1,6238,6238,8160,-12,
72,post_sum_cut,legacy7,B,63,1,32,0,0,3,8160,-12,-11,-1,0,11,12,2,1,6236,6236,7936,-20,
72,post_sum_cut,legacy7,B,63,1,32,0,0,4,7936,-20,-19,1,0,19,12,0,1,6236,6236,8160,-25,
72,post_sum_cut,input_anchor,B,63,1,32,0,0,1,4158,0,0,1,0,0,12,6143,0,6143,6143,7936,-7,
72,post_sum_cut,input_anchor,B,63,1,32,0,0,2,7936,-7,-6,1,0,6,12,95,1,6238,6238,8160,-12,
72,post_sum_cut,input_anchor,B,63,1,32,0,0,3,8160,-12,-11,-1,0,11,12,2,1,6236,6236,7936,-20,
72,post_sum_cut,input_anchor,B,63,1,32,0,0,4,7936,-20,-19,1,0,19,12,0,1,6236,6236,8160,-25,
72,post_sum_cut,exact_residual,B,63,1,32,0,0,1,4158,0,0,1,0,0,12,6143,0,6143,6143,7936,-7,
72,post_sum_cut,exact_residual,B,63,1,32,0,0,2,7936,-7,-6,1,0,6,12,95,1,6238,6238,4096,-11,
72,post_sum_cut,exact_residual,B,63,1,32,0,0,3,4096,-11,-11,-1,0,11,12,2,1,6236,6236,0,-11,
72,post_sum_cut,guard1_pack12,B,63,1,32,0,0,1,4158,0,0,1,0,0,13,12286,0,12286,6143,7936,-7,
72,post_sum_cut,guard1_pack12,B,63,1,32,0,0,2,7936,-7,-6,1,0,6,13,191,1,12477,6238,8160,-12,
72,post_sum_cut,guard1_pack12,B,63,1,32,0,0,3,8160,-12,-11,-1,0,11,13,5,1,12472,6236,7936,-20,
72,post_sum_cut,guard1_pack12,B,63,1,32,0,0,4,7936,-20,-19,1,0,19,13,0,1,12472,6236,8160,-25,
72,post_sum_cut,guard12_pack12,B,63,1,32,0,0,1,4158,0,0,1,0,0,24,25161728,0,25161728,6143,7936,-7,
72,post_sum_cut,guard12_pack12,B,63,1,32,0,0,2,7936,-7,-6,1,0,6,24,393152,0,25554880,6238,8160,-12,
72,post_sum_cut,guard12_pack12,B,63,1,32,0,0,3,8160,-12,-11,-1,0,11,24,12286,0,25542594,6235,7936,-20,
72,post_sum_cut,guard12_pack12,B,63,1,32,0,0,4,7936,-20,-19,1,0,19,24,47,1,25542641,6235,8160,-25,
72,post_sum_cut,source_uncut,B,63,1,32,0,0,1,4158,0,0,1,0,0,24,25161728,0,25161728,6143,7936,-7,
72,post_sum_cut,source_uncut,B,63,1,32,0,0,2,7936,-7,-6,1,0,6,24,393152,0,25554880,6238,8160,-12,
72,post_sum_cut,source_uncut,B,63,1,32,0,0,3,8160,-12,-11,-1,0,11,24,12286,0,25542594,6235,7936,-20,
72,post_sum_cut,source_uncut,B,63,1,32,0,0,4,7936,-20,-19,1,0,19,24,47,1,25542641,6235,8160,-25,
72,post_sum_cut,post_sum_pack12,B,63,1,32,0,0,1,4158,0,0,1,0,0,12,6143,0,6143,6143,7936,-7,0x17ff000000000000000000000000
72,post_sum_cut,post_sum_pack12,B,63,1,32,0,0,2,7936,-7,-6,1,0,6,12,95,1,6238,6238,8160,-12,0x185efc0000000000000000000000
72,post_sum_cut,post_sum_pack12,B,63,1,32,0,0,3,8160,-12,-11,-1,0,11,12,2,1,6235,6235,7936,-20,0x185bfc2000000000000000000000
72,post_sum_cut,post_sum_pack12,B,63,1,32,0,0,4,7936,-20,-19,1,0,19,12,0,1,6235,6235,8160,-25,0x185bff1fe0000000000000000000
72,post_sum_cut,signed_floor,B,63,1,32,0,0,1,4158,0,0,1,0,0,12,6143,0,6143,6143,7936,-7,
72,post_sum_cut,signed_floor,B,63,1,32,0,0,2,7936,-7,-6,1,0,6,12,95,1,6238,6238,8160,-12,
72,post_sum_cut,signed_floor,B,63,1,32,0,0,3,8160,-12,-11,-1,0,11,12,2,1,6235,6235,7936,-20,
72,post_sum_cut,signed_floor,B,63,1,32,0,0,4,7936,-20,-19,1,0,19,12,0,1,6235,6235,8160,-25,
73,signed_cut,fig3,B,63,1,32,0,0,1,4158,0,0,1,0,0,12,6143,0,6143,6143,7936,-7,
73,signed_cut,fig3,B,63,1,32,0,0,2,7936,-7,-6,1,0,6,12,95,1,6238,6238,8160,-12,
73,signed_cut,fig3,B,63,1,32,0,0,3,8160,-12,-11,-1,0,11,12,2,1,6236,6236,7936,-20,
73,signed_cut,fig3,B,63,1,32,0,0,4,7936,-20,-19,1,0,19,12,0,1,6236,6236,8160,-25,
73,signed_cut,tie_b,B,63,1,32,0,0,1,4158,0,0,1,0,0,12,6143,0,6143,6143,7936,-7,
73,signed_cut,tie_b,B,63,1,32,0,0,2,7936,-7,-6,1,0,6,12,95,1,6238,6238,8160,-12,
73,signed_cut,tie_b,B,63,1,32,0,0,3,8160,-12,-11,-1,0,11,12,2,1,6236,6236,7936,-20,
73,signed_cut,tie_b,B,63,1,32,0,0,4,7936,-20,-19,1,0,19,12,0,1,6236,6236,8160,-25,
73,signed_cut,legacy7,B,63,1,32,0,0,1,4158,0,0,1,0,0,12,6143,0,6143,6143,7936,-7,
73,signed_cut,legacy7,B,63,1,32,0,0,2,7936,-7,-6,1,0,6,12,95,1,6238,6238,8160,-12,
73,signed_cut,legacy7,B,63,1,32,0,0,3,8160,-12,-11,-1,0,11,12,2,1,6236,6236,7936,-20,
73,signed_cut,legacy7,B,63,1,32,0,0,4,7936,-20,-19,1,0,19,12,0,1,6236,6236,8160,-25,
73,signed_cut,input_anchor,B,63,1,32,0,0,1,4158,0,0,1,0,0,12,6143,0,6143,6143,7936,-7,
73,signed_cut,input_anchor,B,63,1,32,0,0,2,7936,-7,-6,1,0,6,12,95,1,6238,6238,8160,-12,
73,signed_cut,input_anchor,B,63,1,32,0,0,3,8160,-12,-11,-1,0,11,12,2,1,6236,6236,7936,-20,
73,signed_cut,input_anchor,B,63,1,32,0,0,4,7936,-20,-19,1,0,19,12,0,1,6236,6236,8160,-25,
73,signed_cut,exact_residual,B,63,1,32,0,0,1,4158,0,0,1,0,0,12,6143,0,6143,6143,7936,-7,
73,signed_cut,exact_residual,B,63,1,32,0,0,2,7936,-7,-6,1,0,6,12,95,1,6238,6238,4096,-11,
73,signed_cut,exact_residual,B,63,1,32,0,0,3,4096,-11,-11,-1,0,11,12,2,1,6236,6236,0,-11,
73,signed_cut,guard1_pack12,B,63,1,32,0,0,1,4158,0,0,1,0,0,13,12286,0,12286,6143,7936,-7,
73,signed_cut,guard1_pack12,B,63,1,32,0,0,2,7936,-7,-6,1,0,6,13,191,1,12477,6238,8160,-12,
73,signed_cut,guard1_pack12,B,63,1,32,0,0,3,8160,-12,-11,-1,0,11,13,5,1,12472,6236,7936,-20,
73,signed_cut,guard1_pack12,B,63,1,32,0,0,4,7936,-20,-19,1,0,19,13,0,1,12472,6236,8160,-25,
73,signed_cut,guard12_pack12,B,63,1,32,0,0,1,4158,0,0,1,0,0,24,25161728,0,25161728,6143,7936,-7,
73,signed_cut,guard12_pack12,B,63,1,32,0,0,2,7936,-7,-6,1,0,6,24,393152,0,25554880,6238,8160,-12,
73,signed_cut,guard12_pack12,B,63,1,32,0,0,3,8160,-12,-11,-1,0,11,24,12286,0,25542594,6235,7936,-20,
73,signed_cut,guard12_pack12,B,63,1,32,0,0,4,7936,-20,-19,1,0,19,24,47,1,25542641,6235,8160,-25,
73,signed_cut,source_uncut,B,63,1,32,0,0,1,4158,0,0,1,0,0,24,25161728,0,25161728,6143,7936,-7,
73,signed_cut,source_uncut,B,63,1,32,0,0,2,7936,-7,-6,1,0,6,24,393152,0,25554880,6238,8160,-12,
73,signed_cut,source_uncut,B,63,1,32,0,0,3,8160,-12,-11,-1,0,11,24,12286,0,25542594,6235,7936,-20,
73,signed_cut,source_uncut,B,63,1,32,0,0,4,7936,-20,-19,1,0,19,24,47,1,25542641,6235,8160,-25,
73,signed_cut,post_sum_pack12,B,63,1,32,0,0,1,4158,0,0,1,0,0,12,6143,0,6143,6143,7936,-7,0x17ff000000000000000000000000
73,signed_cut,post_sum_pack12,B,63,1,32,0,0,2,7936,-7,-6,1,0,6,12,95,1,6238,6238,8160,-12,0x185efc0000000000000000000000
73,signed_cut,post_sum_pack12,B,63,1,32,0,0,3,8160,-12,-11,-1,0,11,12,2,1,6235,6235,7936,-20,0x185bfc2000000000000000000000
73,signed_cut,post_sum_pack12,B,63,1,32,0,0,4,7936,-20,-19,1,0,19,12,0,1,6235,6235,8160,-25,0x185bff1fe0000000000000000000
73,signed_cut,signed_floor,B,63,1,32,0,0,1,4158,0,0,1,0,0,12,6143,0,6143,6143,7936,-7,
73,signed_cut,signed_floor,B,63,1,32,0,0,2,7936,-7,-6,1,0,6,12,95,1,6238,6238,8160,-12,
73,signed_cut,signed_floor,B,63,1,32,0,0,3,8160,-12,-11,-1,0,11,12,2,1,6235,6235,7936,-20,
73,signed_cut,signed_floor,B,63,1,32,0,0,4,7936,-20,-19,1,0,19,12,0,1,6235,6235,8160,-25,
74,term_cut,fig3,B,63,2,32,0,0,1,4189,0,0,1,0,0,12,6143,0,6143,6143,5952,-6,
74,term_cut,fig3,B,63,2,32,0,0,2,5952,-6,-6,1,0,6,12,95,1,6238,6238,7424,-8,
74,term_cut,fig3,B,63,2,32,0,0,3,7424,-8,-7,1,0,7,12,47,1,6285,6285,6136,-11,
74,term_cut,tie_b,B,63,2,32,0,0,1,4189,0,0,1,0,0,12,6143,0,6143,6143,5952,-6,
74,term_cut,tie_b,B,63,2,32,0,0,2,5952,-6,-6,1,0,6,12,95,1,6238,6238,7424,-8,
74,term_cut,tie_b,B,63,2,32,0,0,3,7424,-8,-7,1,0,7,12,47,1,6285,6285,6136,-11,
74,term_cut,legacy7,B,63,2,32,0,0,1,4189,0,0,1,0,0,12,6143,0,6143,6143,5952,-6,
74,term_cut,legacy7,B,63,2,32,0,0,2,5952,-6,-6,1,0,6,12,95,1,6238,6238,7424,-8,
74,term_cut,legacy7,B,63,2,32,0,0,3,7424,-8,-7,1,0,7,12,47,1,6285,6285,6136,-11,
74,term_cut,input_anchor,B,63,2,32,0,0,1,4189,0,0,1,0,0,12,6143,0,6143,6143,5952,-6,
74,term_cut,input_anchor,B,63,2,32,0,0,2,5952,-6,-6,1,0,6,12,95,1,6238,6238,7424,-8,
74,term_cut,input_anchor,B,63,2,32,0,0,3,7424,-8,-7,1,0,7,12,47,1,6285,6285,6136,-11,
74,term_cut,exact_residual,B,63,2,32,0,0,1,4189,0,0,1,0,0,12,6143,0,6143,6143,5952,-6,
74,term_cut,exact_residual,B,63,2,32,0,0,2,5952,-6,-6,1,0,6,12,95,1,6238,6238,7424,-8,
74,term_cut,exact_residual,B,63,2,32,0,0,3,7424,-8,-7,1,0,7,12,47,1,6285,6285,6144,-11,
74,term_cut,guard1_pack12,B,63,2,32,0,0,1,4189,0,0,1,0,0,13,12286,0,12286,6143,5952,-6,
74,term_cut,guard1_pack12,B,63,2,32,0,0,2,5952,-6,-6,1,0,6,13,191,1,12477,6238,7424,-8,
74,term_cut,guard1_pack12,B,63,2,32,0,0,3,7424,-8,-7,1,0,7,13,95,1,12572,6286,6136,-11,
74,term_cut,guard12_pack12,B,63,2,32,0,0,1,4189,0,0,1,0,0,24,25161728,0,25161728,6143,5952,-6,
74,term_cut,guard12_pack12,B,63,2,32,0,0,2,5952,-6,-6,1,0,6,24,393152,0,25554880,6238,7424,-8,
74,term_cut,guard12_pack12,B,63,2,32,0,0,3,7424,-8,-7,1,0,7,24,196576,0,25751456,6286,6136,-11,
74,term_cut,source_uncut,B,63,2,32,0,0,1,4189,0,0,1,0,0,24,25161728,0,25161728,6143,5952,-6,
74,term_cut,source_uncut,B,63,2,32,0,0,2,5952,-6,-6,1,0,6,24,393152,0,25554880,6238,7424,-8,
74,term_cut,source_uncut,B,63,2,32,0,0,3,7424,-8,-7,1,0,7,24,196576,0,25751456,6286,6136,-11,
74,term_cut,post_sum_pack12,B,63,2,32,0,0,1,4189,0,0,1,0,0,12,6143,0,6143,6143,5952,-6,0x17ff000000000000000000000000
74,term_cut,post_sum_pack12,B,63,2,32,0,0,2,5952,-6,-6,1,0,6,12,95,1,6238,6238,7424,-8,0x185efc0000000000000000000000
74,term_cut,post_sum_pack12,B,63,2,32,0,0,3,7424,-8,-7,1,0,7,12,47,1,6286,6286,6136,-11,0x188efa0000000000000000000000
74,term_cut,signed_floor,B,63,2,32,0,0,1,4189,0,0,1,0,0,12,6143,0,6143,6143,5952,-6,
74,term_cut,signed_floor,B,63,2,32,0,0,2,5952,-6,-6,1,0,6,12,95,1,6238,6238,7424,-8,
74,term_cut,signed_floor,B,63,2,32,0,0,3,7424,-8,-7,1,0,7,12,47,1,6285,6285,6136,-11,
75,post_sum_cut,fig3,B,63,2,32,0,0,1,4189,0,0,1,0,0,12,6143,0,6143,6143,5952,-6,
75,post_sum_cut,fig3,B,63,2,32,0,0,2,5952,-6,-6,1,0,6,12,95,1,6238,6238,7424,-8,
75,post_sum_cut,fig3,B,63,2,32,0,0,3,7424,-8,-7,1,0,7,12,47,1,6285,6285,6136,-11,
75,post_sum_cut,tie_b,B,63,2,32,0,0,1,4189,0,0,1,0,0,12,6143,0,6143,6143,5952,-6,
75,post_sum_cut,tie_b,B,63,2,32,0,0,2,5952,-6,-6,1,0,6,12,95,1,6238,6238,7424,-8,
75,post_sum_cut,tie_b,B,63,2,32,0,0,3,7424,-8,-7,1,0,7,12,47,1,6285,6285,6136,-11,
75,post_sum_cut,legacy7,B,63,2,32,0,0,1,4189,0,0,1,0,0,12,6143,0,6143,6143,5952,-6,
75,post_sum_cut,legacy7,B,63,2,32,0,0,2,5952,-6,-6,1,0,6,12,95,1,6238,6238,7424,-8,
75,post_sum_cut,legacy7,B,63,2,32,0,0,3,7424,-8,-7,1,0,7,12,47,1,6285,6285,6136,-11,
75,post_sum_cut,input_anchor,B,63,2,32,0,0,1,4189,0,0,1,0,0,12,6143,0,6143,6143,5952,-6,
75,post_sum_cut,input_anchor,B,63,2,32,0,0,2,5952,-6,-6,1,0,6,12,95,1,6238,6238,7424,-8,
75,post_sum_cut,input_anchor,B,63,2,32,0,0,3,7424,-8,-7,1,0,7,12,47,1,6285,6285,6136,-11,
75,post_sum_cut,exact_residual,B,63,2,32,0,0,1,4189,0,0,1,0,0,12,6143,0,6143,6143,5952,-6,
75,post_sum_cut,exact_residual,B,63,2,32,0,0,2,5952,-6,-6,1,0,6,12,95,1,6238,6238,7424,-8,
75,post_sum_cut,exact_residual,B,63,2,32,0,0,3,7424,-8,-7,1,0,7,12,47,1,6285,6285,6144,-11,
75,post_sum_cut,guard1_pack12,B,63,2,32,0,0,1,4189,0,0,1,0,0,13,12286,0,12286,6143,5952,-6,
75,post_sum_cut,guard1_pack12,B,63,2,32,0,0,2,5952,-6,-6,1,0,6,13,191,1,12477,6238,7424,-8,
75,post_sum_cut,guard1_pack12,B,63,2,32,0,0,3,7424,-8,-7,1,0,7,13,95,1,12572,6286,6136,-11,
75,post_sum_cut,guard12_pack12,B,63,2,32,0,0,1,4189,0,0,1,0,0,24,25161728,0,25161728,6143,5952,-6,
75,post_sum_cut,guard12_pack12,B,63,2,32,0,0,2,5952,-6,-6,1,0,6,24,393152,0,25554880,6238,7424,-8,
75,post_sum_cut,guard12_pack12,B,63,2,32,0,0,3,7424,-8,-7,1,0,7,24,196576,0,25751456,6286,6136,-11,
75,post_sum_cut,source_uncut,B,63,2,32,0,0,1,4189,0,0,1,0,0,24,25161728,0,25161728,6143,5952,-6,
75,post_sum_cut,source_uncut,B,63,2,32,0,0,2,5952,-6,-6,1,0,6,24,393152,0,25554880,6238,7424,-8,
75,post_sum_cut,source_uncut,B,63,2,32,0,0,3,7424,-8,-7,1,0,7,24,196576,0,25751456,6286,6136,-11,
75,post_sum_cut,post_sum_pack12,B,63,2,32,0,0,1,4189,0,0,1,0,0,12,6143,0,6143,6143,5952,-6,0x17ff000000000000000000000000
75,post_sum_cut,post_sum_pack12,B,63,2,32,0,0,2,5952,-6,-6,1,0,6,12,95,1,6238,6238,7424,-8,0x185efc0000000000000000000000
75,post_sum_cut,post_sum_pack12,B,63,2,32,0,0,3,7424,-8,-7,1,0,7,12,47,1,6286,6286,6136,-11,0x188efa0000000000000000000000
75,post_sum_cut,signed_floor,B,63,2,32,0,0,1,4189,0,0,1,0,0,12,6143,0,6143,6143,5952,-6,
75,post_sum_cut,signed_floor,B,63,2,32,0,0,2,5952,-6,-6,1,0,6,12,95,1,6238,6238,7424,-8,
75,post_sum_cut,signed_floor,B,63,2,32,0,0,3,7424,-8,-7,1,0,7,12,47,1,6285,6285,6136,-11,
76,rnd_boundary,fig3,B,63,2,32,0,0,1,4189,0,0,1,0,0,12,6143,0,6143,6143,5952,-6,
76,rnd_boundary,fig3,B,63,2,32,0,0,2,5952,-6,-6,1,0,6,12,95,1,6238,6238,7424,-8,
76,rnd_boundary,fig3,B,63,2,32,0,0,3,7424,-8,-7,1,0,7,12,47,1,6285,6285,6136,-11,
76,rnd_boundary,fig3,B,63,2,32,0,0,4,6136,-11,-11,-1,0,11,12,2,1,6283,6283,8160,-13,
76,rnd_boundary,tie_b,B,63,2,32,0,0,1,4189,0,0,1,0,0,12,6143,0,6143,6143,5952,-6,
76,rnd_boundary,tie_b,B,63,2,32,0,0,2,5952,-6,-6,1,0,6,12,95,1,6238,6238,7424,-8,
76,rnd_boundary,tie_b,B,63,2,32,0,0,3,7424,-8,-7,1,0,7,12,47,1,6285,6285,6136,-11,
76,rnd_boundary,tie_b,B,63,2,32,0,0,4,6136,-11,-11,-1,0,11,12,2,1,6283,6283,8160,-13,
76,rnd_boundary,legacy7,B,63,2,32,0,0,1,4189,0,0,1,0,0,12,6143,0,6143,6143,5952,-6,
76,rnd_boundary,legacy7,B,63,2,32,0,0,2,5952,-6,-6,1,0,6,12,95,1,6238,6238,7424,-8,
76,rnd_boundary,legacy7,B,63,2,32,0,0,3,7424,-8,-7,1,0,7,12,47,1,6285,6285,6136,-11,
76,rnd_boundary,legacy7,B,63,2,32,0,0,4,6136,-11,-11,-1,0,11,12,2,1,6283,6283,8160,-13,
76,rnd_boundary,input_anchor,B,63,2,32,0,0,1,4189,0,0,1,0,0,12,6143,0,6143,6143,5952,-6,
76,rnd_boundary,input_anchor,B,63,2,32,0,0,2,5952,-6,-6,1,0,6,12,95,1,6238,6238,7424,-8,
76,rnd_boundary,input_anchor,B,63,2,32,0,0,3,7424,-8,-7,1,0,7,12,47,1,6285,6285,6136,-11,
76,rnd_boundary,input_anchor,B,63,2,32,0,0,4,6136,-11,-11,-1,0,11,12,2,1,6283,6283,8160,-13,
76,rnd_boundary,exact_residual,B,63,2,32,0,0,1,4189,0,0,1,0,0,12,6143,0,6143,6143,5952,-6,
76,rnd_boundary,exact_residual,B,63,2,32,0,0,2,5952,-6,-6,1,0,6,12,95,1,6238,6238,7424,-8,
76,rnd_boundary,exact_residual,B,63,2,32,0,0,3,7424,-8,-7,1,0,7,12,47,1,6285,6285,6144,-11,
76,rnd_boundary,exact_residual,B,63,2,32,0,0,4,6144,-11,-10,-1,0,10,12,5,1,6280,6280,4096,-12,
76,rnd_boundary,guard1_pack12,B,63,2,32,0,0,1,4189,0,0,1,0,0,13,12286,0,12286,6143,5952,-6,
76,rnd_boundary,guard1_pack12,B,63,2,32,0,0,2,5952,-6,-6,1,0,6,13,191,1,12477,6238,7424,-8,
76,rnd_boundary,guard1_pack12,B,63,2,32,0,0,3,7424,-8,-7,1,0,7,13,95,1,12572,6286,6136,-11,
76,rnd_boundary,guard1_pack12,B,63,2,32,0,0,4,6136,-11,-11,-1,0,11,13,5,1,12567,6283,8160,-13,
76,rnd_boundary,guard12_pack12,B,63,2,32,0,0,1,4189,0,0,1,0,0,24,25161728,0,25161728,6143,5952,-6,
76,rnd_boundary,guard12_pack12,B,63,2,32,0,0,2,5952,-6,-6,1,0,6,24,393152,0,25554880,6238,7424,-8,
76,rnd_boundary,guard12_pack12,B,63,2,32,0,0,3,7424,-8,-7,1,0,7,24,196576,0,25751456,6286,6136,-11,
76,rnd_boundary,guard12_pack12,B,63,2,32,0,0,4,6136,-11,-11,-1,0,11,24,12286,0,25739170,6283,8160,-13,
76,rnd_boundary,source_uncut,B,63,2,32,0,0,1,4189,0,0,1,0,0,24,25161728,0,25161728,6143,5952,-6,
76,rnd_boundary,source_uncut,B,63,2,32,0,0,2,5952,-6,-6,1,0,6,24,393152,0,25554880,6238,7424,-8,
76,rnd_boundary,source_uncut,B,63,2,32,0,0,3,7424,-8,-7,1,0,7,24,196576,0,25751456,6286,6136,-11,
76,rnd_boundary,source_uncut,B,63,2,32,0,0,4,6136,-11,-11,-1,0,11,24,12286,0,25739170,6283,8160,-13,
76,rnd_boundary,post_sum_pack12,B,63,2,32,0,0,1,4189,0,0,1,0,0,12,6143,0,6143,6143,5952,-6,0x17ff000000000000000000000000
76,rnd_boundary,post_sum_pack12,B,63,2,32,0,0,2,5952,-6,-6,1,0,6,12,95,1,6238,6238,7424,-8,0x185efc0000000000000000000000
76,rnd_boundary,post_sum_pack12,B,63,2,32,0,0,3,7424,-8,-7,1,0,7,12,47,1,6286,6286,6136,-11,0x188efa0000000000000000000000
76,rnd_boundary,post_sum_pack12,B,63,2,32,0,0,4,6136,-11,-11,-1,0,11,12,2,1,6283,6283,8160,-13,0x188bfa2000000000000000000000
76,rnd_boundary,signed_floor,B,63,2,32,0,0,1,4189,0,0,1,0,0,12,6143,0,6143,6143,5952,-6,
76,rnd_boundary,signed_floor,B,63,2,32,0,0,2,5952,-6,-6,1,0,6,12,95,1,6238,6238,7424,-8,
76,rnd_boundary,signed_floor,B,63,2,32,0,0,3,7424,-8,-7,1,0,7,12,47,1,6285,6285,6136,-11,
76,rnd_boundary,signed_floor,B,63,2,32,0,0,4,6136,-11,-11,-1,0,11,12,2,1,6282,6282,8160,-13,
77,signed_cut,fig3,B,63,2,32,0,0,1,4189,0,0,1,0,0,12,6143,0,6143,6143,5952,-6,
77,signed_cut,fig3,B,63,2,32,0,0,2,5952,-6,-6,1,0,6,12,95,1,6238,6238,7424,-8,
77,signed_cut,fig3,B,63,2,32,0,0,3,7424,-8,-7,1,0,7,12,47,1,6285,6285,6136,-11,
77,signed_cut,fig3,B,63,2,32,0,0,4,6136,-11,-11,-1,0,11,12,2,1,6283,6283,8160,-13,
77,signed_cut,tie_b,B,63,2,32,0,0,1,4189,0,0,1,0,0,12,6143,0,6143,6143,5952,-6,
77,signed_cut,tie_b,B,63,2,32,0,0,2,5952,-6,-6,1,0,6,12,95,1,6238,6238,7424,-8,
77,signed_cut,tie_b,B,63,2,32,0,0,3,7424,-8,-7,1,0,7,12,47,1,6285,6285,6136,-11,
77,signed_cut,tie_b,B,63,2,32,0,0,4,6136,-11,-11,-1,0,11,12,2,1,6283,6283,8160,-13,
77,signed_cut,legacy7,B,63,2,32,0,0,1,4189,0,0,1,0,0,12,6143,0,6143,6143,5952,-6,
77,signed_cut,legacy7,B,63,2,32,0,0,2,5952,-6,-6,1,0,6,12,95,1,6238,6238,7424,-8,
77,signed_cut,legacy7,B,63,2,32,0,0,3,7424,-8,-7,1,0,7,12,47,1,6285,6285,6136,-11,
77,signed_cut,legacy7,B,63,2,32,0,0,4,6136,-11,-11,-1,0,11,12,2,1,6283,6283,8160,-13,
77,signed_cut,input_anchor,B,63,2,32,0,0,1,4189,0,0,1,0,0,12,6143,0,6143,6143,5952,-6,
77,signed_cut,input_anchor,B,63,2,32,0,0,2,5952,-6,-6,1,0,6,12,95,1,6238,6238,7424,-8,
77,signed_cut,input_anchor,B,63,2,32,0,0,3,7424,-8,-7,1,0,7,12,47,1,6285,6285,6136,-11,
77,signed_cut,input_anchor,B,63,2,32,0,0,4,6136,-11,-11,-1,0,11,12,2,1,6283,6283,8160,-13,
77,signed_cut,exact_residual,B,63,2,32,0,0,1,4189,0,0,1,0,0,12,6143,0,6143,6143,5952,-6,
77,signed_cut,exact_residual,B,63,2,32,0,0,2,5952,-6,-6,1,0,6,12,95,1,6238,6238,7424,-8,
77,signed_cut,exact_residual,B,63,2,32,0,0,3,7424,-8,-7,1,0,7,12,47,1,6285,6285,6144,-11,
77,signed_cut,exact_residual,B,63,2,32,0,0,4,6144,-11,-10,-1,0,10,12,5,1,6280,6280,4096,-12,
77,signed_cut,guard1_pack12,B,63,2,32,0,0,1,4189,0,0,1,0,0,13,12286,0,12286,6143,5952,-6,
77,signed_cut,guard1_pack12,B,63,2,32,0,0,2,5952,-6,-6,1,0,6,13,191,1,12477,6238,7424,-8,
77,signed_cut,guard1_pack12,B,63,2,32,0,0,3,7424,-8,-7,1,0,7,13,95,1,12572,6286,6136,-11,
77,signed_cut,guard1_pack12,B,63,2,32,0,0,4,6136,-11,-11,-1,0,11,13,5,1,12567,6283,8160,-13,
77,signed_cut,guard12_pack12,B,63,2,32,0,0,1,4189,0,0,1,0,0,24,25161728,0,25161728,6143,5952,-6,
77,signed_cut,guard12_pack12,B,63,2,32,0,0,2,5952,-6,-6,1,0,6,24,393152,0,25554880,6238,7424,-8,
77,signed_cut,guard12_pack12,B,63,2,32,0,0,3,7424,-8,-7,1,0,7,24,196576,0,25751456,6286,6136,-11,
77,signed_cut,guard12_pack12,B,63,2,32,0,0,4,6136,-11,-11,-1,0,11,24,12286,0,25739170,6283,8160,-13,
77,signed_cut,source_uncut,B,63,2,32,0,0,1,4189,0,0,1,0,0,24,25161728,0,25161728,6143,5952,-6,
77,signed_cut,source_uncut,B,63,2,32,0,0,2,5952,-6,-6,1,0,6,24,393152,0,25554880,6238,7424,-8,
77,signed_cut,source_uncut,B,63,2,32,0,0,3,7424,-8,-7,1,0,7,24,196576,0,25751456,6286,6136,-11,
77,signed_cut,source_uncut,B,63,2,32,0,0,4,6136,-11,-11,-1,0,11,24,12286,0,25739170,6283,8160,-13,
77,signed_cut,post_sum_pack12,B,63,2,32,0,0,1,4189,0,0,1,0,0,12,6143,0,6143,6143,5952,-6,0x17ff000000000000000000000000
77,signed_cut,post_sum_pack12,B,63,2,32,0,0,2,5952,-6,-6,1,0,6,12,95,1,6238,6238,7424,-8,0x185efc0000000000000000000000
77,signed_cut,post_sum_pack12,B,63,2,32,0,0,3,7424,-8,-7,1,0,7,12,47,1,6286,6286,6136,-11,0x188efa0000000000000000000000
77,signed_cut,post_sum_pack12,B,63,2,32,0,0,4,6136,-11,-11,-1,0,11,12,2,1,6283,6283,8160,-13,0x188bfa2000000000000000000000
77,signed_cut,signed_floor,B,63,2,32,0,0,1,4189,0,0,1,0,0,12,6143,0,6143,6143,5952,-6,
77,signed_cut,signed_floor,B,63,2,32,0,0,2,5952,-6,-6,1,0,6,12,95,1,6238,6238,7424,-8,
77,signed_cut,signed_floor,B,63,2,32,0,0,3,7424,-8,-7,1,0,7,12,47,1,6285,6285,6136,-11,
77,signed_cut,signed_floor,B,63,2,32,0,0,4,6136,-11,-11,-1,0,11,12,2,1,6282,6282,8160,-13,
78,term_cut,fig3,A,63,3,32,32,1,1,6143,0,0,1,0,0,12,4220,0,4220,4220,8188,-2,
78,term_cut,fig3,A,63,3,32,32,1,2,8188,-2,-1,1,0,1,12,2110,0,6330,6330,6144,-13,
78,term_cut,fig3,A,63,3,32,32,1,3,6144,-13,-12,-1,0,12,12,1,1,6329,6329,8188,-15,
78,term_cut,tie_b,B,63,3,32,32,1,1,4220,0,0,1,0,0,12,6143,0,6143,6143,7936,-6,
78,term_cut,tie_b,B,63,3,32,32,1,2,7936,-6,-5,1,0,5,12,191,1,6334,6334,8160,-11,
78,term_cut,tie_b,B,63,3,32,32,1,3,8160,-11,-10,-1,0,10,12,5,1,6329,6329,7936,-19,
78,term_cut,legacy7,A,63,3,32,32,1,1,6143,0,0,1,0,0,12,4220,0,4220,4220,8188,-2,
78,term_cut,legacy7,A,63,3,32,32,1,2,8188,-2,-1,1,0,1,12,2110,0,6330,6330,6144,-13,
78,term_cut,legacy7,A,63,3,32,32,1,3,6144,-13,-12,-1,0,12,12,1,1,6329,6329,8188,-15,
78,term_cut,input_anchor,A,63,3,32,32,1,1,6143,0,0,1,0,0,12,4220,0,4220,4220,8188,-2,
78,term_cut,input_anchor,A,63,3,32,32,1,2,8188,-2,-1,1,0,1,12,2110,0,6330,6330,6144,-13,
78,term_cut,input_anchor,A,63,3,32,32,1,3,6144,-13,-12,-1,0,12,12,1,1,6329,6329,8188,-15,
78,term_cut,exact_residual,A,63,3,32,32,1,1,6143,0,0,1,0,0,12,4220,0,4220,4220,8188,-2,
78,term_cut,exact_residual,A,63,3,32,32,1,2,8188,-2,-1,1,0,1,12,2110,0,6330,6330,4096,-12,
78,term_cut,exact_residual,A,63,3,32,32,1,3,4096,-12,-12,-1,0,12,12,1,1,6329,6329,0,-12,
78,term_cut,guard1_pack12,A,63,3,32,32,1,1,6143,0,0,1,0,0,13,8440,0,8440,4220,8188,-2,
78,term_cut,guard1_pack12,A,63,3,32,32,1,2,8188,-2,-1,1,0,1,13,4220,0,12660,6330,6144,-13,
78,term_cut,guard1_pack12,A,63,3,32,32,1,3,6144,-13,-12,-1,0,12,13,2,1,12658,6329,8188,-15,
78,term_cut,guard12_pack12,A,63,3,32,32,1,1,6143,0,0,1,0,0,24,17285120,0,17285120,4220,8188,-2,
78,term_cut,guard12_pack12,A,63,3,32,32,1,2,8188,-2,-1,1,0,1,24,8642560,0,25927680,6330,6144,-13,
78,term_cut,guard12_pack12,A,63,3,32,32,1,3,6144,-13,-12,-1,0,12,24,4220,0,25923460,6328,8188,-15,
78,term_cut,source_uncut,A,63,3,32,32,1,1,6143,0,0,1,0,0,24,17285120,0,17285120,4220,8188,-2,
78,term_cut,source_uncut,A,63,3,32,32,1,2,8188,-2,-1,1,0,1,24,8642560,0,25927680,6330,6144,-13,
78,term_cut,source_uncut,A,63,3,32,32,1,3,6144,-13,-12,-1,0,12,24,4220,0,25923460,6328,8188,-15,
78,term_cut,post_sum_pack12,A,63,3,32,32,1,1,6143,0,0,1,0,0,12,4220,0,4220,4220,8188,-2,0x107c000000000000000000000000
78,term_cut,post_sum_pack12,A,63,3,32,32,1,2,8188,-2,-1,1,0,1,12,2110,0,6330,6330,6144,-13,0x18ba000000000000000000000000
78,term_cut,post_sum_pack12,A,63,3,32,32,1,3,6144,-13,-12,-1,0,12,12,1,1,6328,6328,8188,-15,0x18b8f84000000000000000000000
78,term_cut,signed_floor,A,63,3,32,32,1,1,6143,0,0,1,0,0,12,4220,0,4220,4220,8188,-2,
78,term_cut,signed_floor,A,63,3,32,32,1,2,8188,-2,-1,1,0,1,12,2110,0,6330,6330,6144,-13,
78,term_cut,signed_floor,A,63,3,32,32,1,3,6144,-13,-12,-1,0,12,12,1,1,6328,6328,8188,-15,
79,guard_depth,fig3,A,63,3,32,32,1,1,6143,0,0,1,0,0,12,4220,0,4220,4220,8188,-2,
79,guard_depth,fig3,A,63,3,32,32,1,2,8188,-2,-1,1,0,1,12,2110,0,6330,6330,6144,-13,
79,guard_depth,fig3,A,63,3,32,32,1,3,6144,-13,-12,-1,0,12,12,1,1,6329,6329,8188,-15,
79,guard_depth,tie_b,B,63,3,32,32,1,1,4220,0,0,1,0,0,12,6143,0,6143,6143,7936,-6,
79,guard_depth,tie_b,B,63,3,32,32,1,2,7936,-6,-5,1,0,5,12,191,1,6334,6334,8160,-11,
79,guard_depth,tie_b,B,63,3,32,32,1,3,8160,-11,-10,-1,0,10,12,5,1,6329,6329,7936,-19,
79,guard_depth,legacy7,A,63,3,32,32,1,1,6143,0,0,1,0,0,12,4220,0,4220,4220,8188,-2,
79,guard_depth,legacy7,A,63,3,32,32,1,2,8188,-2,-1,1,0,1,12,2110,0,6330,6330,6144,-13,
79,guard_depth,legacy7,A,63,3,32,32,1,3,6144,-13,-12,-1,0,12,12,1,1,6329,6329,8188,-15,
79,guard_depth,input_anchor,A,63,3,32,32,1,1,6143,0,0,1,0,0,12,4220,0,4220,4220,8188,-2,
79,guard_depth,input_anchor,A,63,3,32,32,1,2,8188,-2,-1,1,0,1,12,2110,0,6330,6330,6144,-13,
79,guard_depth,input_anchor,A,63,3,32,32,1,3,6144,-13,-12,-1,0,12,12,1,1,6329,6329,8188,-15,
79,guard_depth,exact_residual,A,63,3,32,32,1,1,6143,0,0,1,0,0,12,4220,0,4220,4220,8188,-2,
79,guard_depth,exact_residual,A,63,3,32,32,1,2,8188,-2,-1,1,0,1,12,2110,0,6330,6330,4096,-12,
79,guard_depth,exact_residual,A,63,3,32,32,1,3,4096,-12,-12,-1,0,12,12,1,1,6329,6329,0,-12,
79,guard_depth,guard1_pack12,A,63,3,32,32,1,1,6143,0,0,1,0,0,13,8440,0,8440,4220,8188,-2,
79,guard_depth,guard1_pack12,A,63,3,32,32,1,2,8188,-2,-1,1,0,1,13,4220,0,12660,6330,6144,-13,
79,guard_depth,guard1_pack12,A,63,3,32,32,1,3,6144,-13,-12,-1,0,12,13,2,1,12658,6329,8188,-15,
79,guard_depth,guard12_pack12,A,63,3,32,32,1,1,6143,0,0,1,0,0,24,17285120,0,17285120,4220,8188,-2,
79,guard_depth,guard12_pack12,A,63,3,32,32,1,2,8188,-2,-1,1,0,1,24,8642560,0,25927680,6330,6144,-13,
79,guard_depth,guard12_pack12,A,63,3,32,32,1,3,6144,-13,-12,-1,0,12,24,4220,0,25923460,6328,8188,-15,
79,guard_depth,source_uncut,A,63,3,32,32,1,1,6143,0,0,1,0,0,24,17285120,0,17285120,4220,8188,-2,
79,guard_depth,source_uncut,A,63,3,32,32,1,2,8188,-2,-1,1,0,1,24,8642560,0,25927680,6330,6144,-13,
79,guard_depth,source_uncut,A,63,3,32,32,1,3,6144,-13,-12,-1,0,12,24,4220,0,25923460,6328,8188,-15,
79,guard_depth,post_sum_pack12,A,63,3,32,32,1,1,6143,0,0,1,0,0,12,4220,0,4220,4220,8188,-2,0x107c000000000000000000000000
79,guard_depth,post_sum_pack12,A,63,3,32,32,1,2,8188,-2,-1,1,0,1,12,2110,0,6330,6330,6144,-13,0x18ba000000000000000000000000
79,guard_depth,post_sum_pack12,A,63,3,32,32,1,3,6144,-13,-12,-1,0,12,12,1,1,6328,6328,8188,-15,0x18b8f84000000000000000000000
79,guard_depth,signed_floor,A,63,3,32,32,1,1,6143,0,0,1,0,0,12,4220,0,4220,4220,8188,-2,
79,guard_depth,signed_floor,A,63,3,32,32,1,2,8188,-2,-1,1,0,1,12,2110,0,6330,6330,6144,-13,
79,guard_depth,signed_floor,A,63,3,32,32,1,3,6144,-13,-12,-1,0,12,12,1,1,6328,6328,8188,-15,
80,post_sum_cut,fig3,A,63,3,32,32,1,1,6143,0,0,1,0,0,12,4220,0,4220,4220,8188,-2,
80,post_sum_cut,fig3,A,63,3,32,32,1,2,8188,-2,-1,1,0,1,12,2110,0,6330,6330,6144,-13,
80,post_sum_cut,fig3,A,63,3,32,32,1,3,6144,-13,-12,-1,0,12,12,1,1,6329,6329,8188,-15,
80,post_sum_cut,tie_b,B,63,3,32,32,1,1,4220,0,0,1,0,0,12,6143,0,6143,6143,7936,-6,
80,post_sum_cut,tie_b,B,63,3,32,32,1,2,7936,-6,-5,1,0,5,12,191,1,6334,6334,8160,-11,
80,post_sum_cut,tie_b,B,63,3,32,32,1,3,8160,-11,-10,-1,0,10,12,5,1,6329,6329,7936,-19,
80,post_sum_cut,legacy7,A,63,3,32,32,1,1,6143,0,0,1,0,0,12,4220,0,4220,4220,8188,-2,
80,post_sum_cut,legacy7,A,63,3,32,32,1,2,8188,-2,-1,1,0,1,12,2110,0,6330,6330,6144,-13,
80,post_sum_cut,legacy7,A,63,3,32,32,1,3,6144,-13,-12,-1,0,12,12,1,1,6329,6329,8188,-15,
80,post_sum_cut,input_anchor,A,63,3,32,32,1,1,6143,0,0,1,0,0,12,4220,0,4220,4220,8188,-2,
80,post_sum_cut,input_anchor,A,63,3,32,32,1,2,8188,-2,-1,1,0,1,12,2110,0,6330,6330,6144,-13,
80,post_sum_cut,input_anchor,A,63,3,32,32,1,3,6144,-13,-12,-1,0,12,12,1,1,6329,6329,8188,-15,
80,post_sum_cut,exact_residual,A,63,3,32,32,1,1,6143,0,0,1,0,0,12,4220,0,4220,4220,8188,-2,
80,post_sum_cut,exact_residual,A,63,3,32,32,1,2,8188,-2,-1,1,0,1,12,2110,0,6330,6330,4096,-12,
80,post_sum_cut,exact_residual,A,63,3,32,32,1,3,4096,-12,-12,-1,0,12,12,1,1,6329,6329,0,-12,
80,post_sum_cut,guard1_pack12,A,63,3,32,32,1,1,6143,0,0,1,0,0,13,8440,0,8440,4220,8188,-2,
80,post_sum_cut,guard1_pack12,A,63,3,32,32,1,2,8188,-2,-1,1,0,1,13,4220,0,12660,6330,6144,-13,
80,post_sum_cut,guard1_pack12,A,63,3,32,32,1,3,6144,-13,-12,-1,0,12,13,2,1,12658,6329,8188,-15,
80,post_sum_cut,guard12_pack12,A,63,3,32,32,1,1,6143,0,0,1,0,0,24,17285120,0,17285120,4220,8188,-2,
80,post_sum_cut,guard12_pack12,A,63,3,32,32,1,2,8188,-2,-1,1,0,1,24,8642560,0,25927680,6330,6144,-13,
80,post_sum_cut,guard12_pack12,A,63,3,32,32,1,3,6144,-13,-12,-1,0,12,24,4220,0,25923460,6328,8188,-15,
80,post_sum_cut,source_uncut,A,63,3,32,32,1,1,6143,0,0,1,0,0,24,17285120,0,17285120,4220,8188,-2,
80,post_sum_cut,source_uncut,A,63,3,32,32,1,2,8188,-2,-1,1,0,1,24,8642560,0,25927680,6330,6144,-13,
80,post_sum_cut,source_uncut,A,63,3,32,32,1,3,6144,-13,-12,-1,0,12,24,4220,0,25923460,6328,8188,-15,
80,post_sum_cut,post_sum_pack12,A,63,3,32,32,1,1,6143,0,0,1,0,0,12,4220,0,4220,4220,8188,-2,0x107c000000000000000000000000
80,post_sum_cut,post_sum_pack12,A,63,3,32,32,1,2,8188,-2,-1,1,0,1,12,2110,0,6330,6330,6144,-13,0x18ba000000000000000000000000
80,post_sum_cut,post_sum_pack12,A,63,3,32,32,1,3,6144,-13,-12,-1,0,12,12,1,1,6328,6328,8188,-15,0x18b8f84000000000000000000000
80,post_sum_cut,signed_floor,A,63,3,32,32,1,1,6143,0,0,1,0,0,12,4220,0,4220,4220,8188,-2,
80,post_sum_cut,signed_floor,A,63,3,32,32,1,2,8188,-2,-1,1,0,1,12,2110,0,6330,6330,6144,-13,
80,post_sum_cut,signed_floor,A,63,3,32,32,1,3,6144,-13,-12,-1,0,12,12,1,1,6328,6328,8188,-15,
81,signed_cut,fig3,A,63,3,32,32,1,1,6143,0,0,1,0,0,12,4220,0,4220,4220,8188,-2,
81,signed_cut,fig3,A,63,3,32,32,1,2,8188,-2,-1,1,0,1,12,2110,0,6330,6330,6144,-13,
81,signed_cut,fig3,A,63,3,32,32,1,3,6144,-13,-12,-1,0,12,12,1,1,6329,6329,8188,-15,
81,signed_cut,tie_b,B,63,3,32,32,1,1,4220,0,0,1,0,0,12,6143,0,6143,6143,7936,-6,
81,signed_cut,tie_b,B,63,3,32,32,1,2,7936,-6,-5,1,0,5,12,191,1,6334,6334,8160,-11,
81,signed_cut,tie_b,B,63,3,32,32,1,3,8160,-11,-10,-1,0,10,12,5,1,6329,6329,7936,-19,
81,signed_cut,legacy7,A,63,3,32,32,1,1,6143,0,0,1,0,0,12,4220,0,4220,4220,8188,-2,
81,signed_cut,legacy7,A,63,3,32,32,1,2,8188,-2,-1,1,0,1,12,2110,0,6330,6330,6144,-13,
81,signed_cut,legacy7,A,63,3,32,32,1,3,6144,-13,-12,-1,0,12,12,1,1,6329,6329,8188,-15,
81,signed_cut,input_anchor,A,63,3,32,32,1,1,6143,0,0,1,0,0,12,4220,0,4220,4220,8188,-2,
81,signed_cut,input_anchor,A,63,3,32,32,1,2,8188,-2,-1,1,0,1,12,2110,0,6330,6330,6144,-13,
81,signed_cut,input_anchor,A,63,3,32,32,1,3,6144,-13,-12,-1,0,12,12,1,1,6329,6329,8188,-15,
81,signed_cut,exact_residual,A,63,3,32,32,1,1,6143,0,0,1,0,0,12,4220,0,4220,4220,8188,-2,
81,signed_cut,exact_residual,A,63,3,32,32,1,2,8188,-2,-1,1,0,1,12,2110,0,6330,6330,4096,-12,
81,signed_cut,exact_residual,A,63,3,32,32,1,3,4096,-12,-12,-1,0,12,12,1,1,6329,6329,0,-12,
81,signed_cut,guard1_pack12,A,63,3,32,32,1,1,6143,0,0,1,0,0,13,8440,0,8440,4220,8188,-2,
81,signed_cut,guard1_pack12,A,63,3,32,32,1,2,8188,-2,-1,1,0,1,13,4220,0,12660,6330,6144,-13,
81,signed_cut,guard1_pack12,A,63,3,32,32,1,3,6144,-13,-12,-1,0,12,13,2,1,12658,6329,8188,-15,
81,signed_cut,guard12_pack12,A,63,3,32,32,1,1,6143,0,0,1,0,0,24,17285120,0,17285120,4220,8188,-2,
81,signed_cut,guard12_pack12,A,63,3,32,32,1,2,8188,-2,-1,1,0,1,24,8642560,0,25927680,6330,6144,-13,
81,signed_cut,guard12_pack12,A,63,3,32,32,1,3,6144,-13,-12,-1,0,12,24,4220,0,25923460,6328,8188,-15,
81,signed_cut,source_uncut,A,63,3,32,32,1,1,6143,0,0,1,0,0,24,17285120,0,17285120,4220,8188,-2,
81,signed_cut,source_uncut,A,63,3,32,32,1,2,8188,-2,-1,1,0,1,24,8642560,0,25927680,6330,6144,-13,
81,signed_cut,source_uncut,A,63,3,32,32,1,3,6144,-13,-12,-1,0,12,24,4220,0,25923460,6328,8188,-15,
81,signed_cut,post_sum_pack12,A,63,3,32,32,1,1,6143,0,0,1,0,0,12,4220,0,4220,4220,8188,-2,0x107c000000000000000000000000
81,signed_cut,post_sum_pack12,A,63,3,32,32,1,2,8188,-2,-1,1,0,1,12,2110,0,6330,6330,6144,-13,0x18ba000000000000000000000000
81,signed_cut,post_sum_pack12,A,63,3,32,32,1,3,6144,-13,-12,-1,0,12,12,1,1,6328,6328,8188,-15,0x18b8f84000000000000000000000
81,signed_cut,signed_floor,A,63,3,32,32,1,1,6143,0,0,1,0,0,12,4220,0,4220,4220,8188,-2,
81,signed_cut,signed_floor,A,63,3,32,32,1,2,8188,-2,-1,1,0,1,12,2110,0,6330,6330,6144,-13,
81,signed_cut,signed_floor,A,63,3,32,32,1,3,6144,-13,-12,-1,0,12,12,1,1,6328,6328,8188,-15,
82,signed_cut,fig3,A,63,3,32,32,1,1,6143,0,0,1,0,0,12,4220,0,4220,4220,8188,-2,
82,signed_cut,fig3,A,63,3,32,32,1,2,8188,-2,-1,1,0,1,12,2110,0,6330,6330,6144,-13,
82,signed_cut,fig3,A,63,3,32,32,1,3,6144,-13,-12,-1,0,12,12,1,1,6329,6329,8188,-15,
82,signed_cut,fig3,A,63,3,32,32,1,4,8188,-15,-14,1,0,14,12,0,1,6329,6329,6144,-26,
82,signed_cut,tie_b,B,63,3,32,32,1,1,4220,0,0,1,0,0,12,6143,0,6143,6143,7936,-6,
82,signed_cut,tie_b,B,63,3,32,32,1,2,7936,-6,-5,1,0,5,12,191,1,6334,6334,8160,-11,
82,signed_cut,tie_b,B,63,3,32,32,1,3,8160,-11,-10,-1,0,10,12,5,1,6329,6329,7936,-19,
82,signed_cut,tie_b,B,63,3,32,32,1,4,7936,-19,-18,1,0,18,12,0,1,6329,6329,8160,-24,
82,signed_cut,legacy7,A,63,3,32,32,1,1,6143,0,0,1,0,0,12,4220,0,4220,4220,8188,-2,
82,signed_cut,legacy7,A,63,3,32,32,1,2,8188,-2,-1,1,0,1,12,2110,0,6330,6330,6144,-13,
82,signed_cut,legacy7,A,63,3,32,32,1,3,6144,-13,-12,-1,0,12,12,1,1,6329,6329,8188,-15,
82,signed_cut,legacy7,A,63,3,32,32,1,4,8188,-15,-14,1,0,14,12,0,1,6329,6329,6144,-26,
82,signed_cut,input_anchor,A,63,3,32,32,1,1,6143,0,0,1,0,0,12,4220,0,4220,4220,8188,-2,
82,signed_cut,input_anchor,A,63,3,32,32,1,2,8188,-2,-1,1,0,1,12,2110,0,6330,6330,6144,-13,
82,signed_cut,input_anchor,A,63,3,32,32,1,3,6144,-13,-12,-1,0,12,12,1,1,6329,6329,8188,-15,
82,signed_cut,input_anchor,A,63,3,32,32,1,4,8188,-15,-14,1,0,14,12,0,1,6329,6329,6144,-26,
82,signed_cut,exact_residual,A,63,3,32,32,1,1,6143,0,0,1,0,0,12,4220,0,4220,4220,8188,-2,
82,signed_cut,exact_residual,A,63,3,32,32,1,2,8188,-2,-1,1,0,1,12,2110,0,6330,6330,4096,-12,
82,signed_cut,exact_residual,A,63,3,32,32,1,3,4096,-12,-12,-1,0,12,12,1,1,6329,6329,0,-12,
82,signed_cut,guard1_pack12,A,63,3,32,32,1,1,6143,0,0,1,0,0,13,8440,0,8440,4220,8188,-2,
82,signed_cut,guard1_pack12,A,63,3,32,32,1,2,8188,-2,-1,1,0,1,13,4220,0,12660,6330,6144,-13,
82,signed_cut,guard1_pack12,A,63,3,32,32,1,3,6144,-13,-12,-1,0,12,13,2,1,12658,6329,8188,-15,
82,signed_cut,guard1_pack12,A,63,3,32,32,1,4,8188,-15,-14,1,0,14,13,0,1,12658,6329,6144,-26,
82,signed_cut,guard12_pack12,A,63,3,32,32,1,1,6143,0,0,1,0,0,24,17285120,0,17285120,4220,8188,-2,
82,signed_cut,guard12_pack12,A,63,3,32,32,1,2,8188,-2,-1,1,0,1,24,8642560,0,25927680,6330,6144,-13,
82,signed_cut,guard12_pack12,A,63,3,32,32,1,3,6144,-13,-12,-1,0,12,24,4220,0,25923460,6328,8188,-15,
82,signed_cut,guard12_pack12,A,63,3,32,32,1,4,8188,-15,-14,1,0,14,24,1055,0,25924515,6329,6144,-26,
82,signed_cut,source_uncut,A,63,3,32,32,1,1,6143,0,0,1,0,0,24,17285120,0,17285120,4220,8188,-2,
82,signed_cut,source_uncut,A,63,3,32,32,1,2,8188,-2,-1,1,0,1,24,8642560,0,25927680,6330,6144,-13,
82,signed_cut,source_uncut,A,63,3,32,32,1,3,6144,-13,-12,-1,0,12,24,4220,0,25923460,6328,8188,-15,
82,signed_cut,source_uncut,A,63,3,32,32,1,4,8188,-15,-14,1,0,14,24,1055,0,25924515,6329,6144,-26,
82,signed_cut,post_sum_pack12,A,63,3,32,32,1,1,6143,0,0,1,0,0,12,4220,0,4220,4220,8188,-2,0x107c000000000000000000000000
82,signed_cut,post_sum_pack12,A,63,3,32,32,1,2,8188,-2,-1,1,0,1,12,2110,0,6330,6330,6144,-13,0x18ba000000000000000000000000
82,signed_cut,post_sum_pack12,A,63,3,32,32,1,3,6144,-13,-12,-1,0,12,12,1,1,6328,6328,8188,-15,0x18b8f84000000000000000000000
82,signed_cut,post_sum_pack12,A,63,3,32,32,1,4,8188,-15,-14,1,0,14,12,0,1,6329,6329,6144,-26,0x18b93a3000000000000000000000
82,signed_cut,signed_floor,A,63,3,32,32,1,1,6143,0,0,1,0,0,12,4220,0,4220,4220,8188,-2,
82,signed_cut,signed_floor,A,63,3,32,32,1,2,8188,-2,-1,1,0,1,12,2110,0,6330,6330,6144,-13,
82,signed_cut,signed_floor,A,63,3,32,32,1,3,6144,-13,-12,-1,0,12,12,1,1,6328,6328,8188,-15,
82,signed_cut,signed_floor,A,63,3,32,32,1,4,8188,-15,-14,1,0,14,12,0,1,6328,6328,6144,-26,
83,term_cut,fig3,B,63,4,32,0,0,1,4251,0,0,1,0,0,12,6143,0,6143,6143,4960,-5,
83,term_cut,fig3,B,63,4,32,0,0,2,4960,-5,-5,1,0,5,12,191,1,6334,6334,6912,-8,
83,term_cut,fig3,B,63,4,32,0,0,3,6912,-8,-7,1,0,7,12,47,1,6381,6381,5116,-10,
83,term_cut,tie_b,B,63,4,32,0,0,1,4251,0,0,1,0,0,12,6143,0,6143,6143,4960,-5,
83,term_cut,tie_b,B,63,4,32,0,0,2,4960,-5,-5,1,0,5,12,191,1,6334,6334,6912,-8,
83,term_cut,tie_b,B,63,4,32,0,0,3,6912,-8,-7,1,0,7,12,47,1,6381,6381,5116,-10,
83,term_cut,legacy7,B,63,4,32,0,0,1,4251,0,0,1,0,0,12,6143,0,6143,6143,4960,-5,
83,term_cut,legacy7,B,63,4,32,0,0,2,4960,-5,-5,1,0,5,12,191,1,6334,6334,6912,-8,
83,term_cut,legacy7,B,63,4,32,0,0,3,6912,-8,-7,1,0,7,12,47,1,6381,6381,5116,-10,
83,term_cut,input_anchor,B,63,4,32,0,0,1,4251,0,0,1,0,0,12,6143,0,6143,6143,4960,-5,
83,term_cut,input_anchor,B,63,4,32,0,0,2,4960,-5,-5,1,0,5,12,191,1,6334,6334,6912,-8,
83,term_cut,input_anchor,B,63,4,32,0,0,3,6912,-8,-7,1,0,7,12,47,1,6381,6381,5116,-10,
83,term_cut,exact_residual,B,63,4,32,0,0,1,4251,0,0,1,0,0,12,6143,0,6143,6143,4960,-5,
83,term_cut,exact_residual,B,63,4,32,0,0,2,4960,-5,-5,1,0,5,12,191,1,6334,6334,6912,-8,
83,term_cut,exact_residual,B,63,4,32,0,0,3,6912,-8,-7,1,0,7,12,47,1,6381,6381,5120,-10,
83,term_cut,guard1_pack12,B,63,4,32,0,0,1,4251,0,0,1,0,0,13,12286,0,12286,6143,4960,-5,
83,term_cut,guard1_pack12,B,63,4,32,0,0,2,4960,-5,-5,1,0,5,13,383,1,12669,6334,6912,-8,
83,term_cut,guard1_pack12,B,63,4,32,0,0,3,6912,-8,-7,1,0,7,13,95,1,12764,6382,5116,-10,
83,term_cut,guard12_pack12,B,63,4,32,0,0,1,4251,0,0,1,0,0,24,25161728,0,25161728,6143,4960,-5,
83,term_cut,guard12_pack12,B,63,4,32,0,0,2,4960,-5,-5,1,0,5,24,786304,0,25948032,6334,6912,-8,
83,term_cut,guard12_pack12,B,63,4,32,0,0,3,6912,-8,-7,1,0,7,24,196576,0,26144608,6382,5116,-10,
83,term_cut,source_uncut,B,63,4,32,0,0,1,4251,0,0,1,0,0,24,25161728,0,25161728,6143,4960,-5,
83,term_cut,source_uncut,B,63,4,32,0,0,2,4960,-5,-5,1,0,5,24,786304,0,25948032,6334,6912,-8,
83,term_cut,source_uncut,B,63,4,32,0,0,3,6912,-8,-7,1,0,7,24,196576,0,26144608,6382,5116,-10,
83,term_cut,post_sum_pack12,B,63,4,32,0,0,1,4251,0,0,1,0,0,12,6143,0,6143,6143,4960,-5,0x17ff000000000000000000000000
83,term_cut,post_sum_pack12,B,63,4,32,0,0,2,4960,-5,-5,1,0,5,12,191,1,6334,6334,6912,-8,0x18bef80000000000000000000000
83,term_cut,post_sum_pack12,B,63,4,32,0,0,3,6912,-8,-7,1,0,7,12,47,1,6382,6382,5116,-10,0x18eef60000000000000000000000
83,term_cut,signed_floor,B,63,4,32,0,0,1,4251,0,0,1,0,0,12,6143,0,6143,6143,4960,-5,
83,term_cut,signed_floor,B,63,4,32,0,0,2,4960,-5,-5,1,0,5,12,191,1,6334,6334,6912,-8,
83,term_cut,signed_floor,B,63,4,32,0,0,3,6912,-8,-7,1,0,7,12,47,1,6381,6381,5116,-10,
84,post_sum_cut,fig3,B,63,4,32,0,0,1,4251,0,0,1,0,0,12,6143,0,6143,6143,4960,-5,
84,post_sum_cut,fig3,B,63,4,32,0,0,2,4960,-5,-5,1,0,5,12,191,1,6334,6334,6912,-8,
84,post_sum_cut,fig3,B,63,4,32,0,0,3,6912,-8,-7,1,0,7,12,47,1,6381,6381,5116,-10,
84,post_sum_cut,tie_b,B,63,4,32,0,0,1,4251,0,0,1,0,0,12,6143,0,6143,6143,4960,-5,
84,post_sum_cut,tie_b,B,63,4,32,0,0,2,4960,-5,-5,1,0,5,12,191,1,6334,6334,6912,-8,
84,post_sum_cut,tie_b,B,63,4,32,0,0,3,6912,-8,-7,1,0,7,12,47,1,6381,6381,5116,-10,
84,post_sum_cut,legacy7,B,63,4,32,0,0,1,4251,0,0,1,0,0,12,6143,0,6143,6143,4960,-5,
84,post_sum_cut,legacy7,B,63,4,32,0,0,2,4960,-5,-5,1,0,5,12,191,1,6334,6334,6912,-8,
84,post_sum_cut,legacy7,B,63,4,32,0,0,3,6912,-8,-7,1,0,7,12,47,1,6381,6381,5116,-10,
84,post_sum_cut,input_anchor,B,63,4,32,0,0,1,4251,0,0,1,0,0,12,6143,0,6143,6143,4960,-5,
84,post_sum_cut,input_anchor,B,63,4,32,0,0,2,4960,-5,-5,1,0,5,12,191,1,6334,6334,6912,-8,
84,post_sum_cut,input_anchor,B,63,4,32,0,0,3,6912,-8,-7,1,0,7,12,47,1,6381,6381,5116,-10,
84,post_sum_cut,exact_residual,B,63,4,32,0,0,1,4251,0,0,1,0,0,12,6143,0,6143,6143,4960,-5,
84,post_sum_cut,exact_residual,B,63,4,32,0,0,2,4960,-5,-5,1,0,5,12,191,1,6334,6334,6912,-8,
84,post_sum_cut,exact_residual,B,63,4,32,0,0,3,6912,-8,-7,1,0,7,12,47,1,6381,6381,5120,-10,
84,post_sum_cut,guard1_pack12,B,63,4,32,0,0,1,4251,0,0,1,0,0,13,12286,0,12286,6143,4960,-5,
84,post_sum_cut,guard1_pack12,B,63,4,32,0,0,2,4960,-5,-5,1,0,5,13,383,1,12669,6334,6912,-8,
84,post_sum_cut,guard1_pack12,B,63,4,32,0,0,3,6912,-8,-7,1,0,7,13,95,1,12764,6382,5116,-10,
84,post_sum_cut,guard12_pack12,B,63,4,32,0,0,1,4251,0,0,1,0,0,24,25161728,0,25161728,6143,4960,-5,
84,post_sum_cut,guard12_pack12,B,63,4,32,0,0,2,4960,-5,-5,1,0,5,24,786304,0,25948032,6334,6912,-8,
84,post_sum_cut,guard12_pack12,B,63,4,32,0,0,3,6912,-8,-7,1,0,7,24,196576,0,26144608,6382,5116,-10,
84,post_sum_cut,source_uncut,B,63,4,32,0,0,1,4251,0,0,1,0,0,24,25161728,0,25161728,6143,4960,-5,
84,post_sum_cut,source_uncut,B,63,4,32,0,0,2,4960,-5,-5,1,0,5,24,786304,0,25948032,6334,6912,-8,
84,post_sum_cut,source_uncut,B,63,4,32,0,0,3,6912,-8,-7,1,0,7,24,196576,0,26144608,6382,5116,-10,
84,post_sum_cut,post_sum_pack12,B,63,4,32,0,0,1,4251,0,0,1,0,0,12,6143,0,6143,6143,4960,-5,0x17ff000000000000000000000000
84,post_sum_cut,post_sum_pack12,B,63,4,32,0,0,2,4960,-5,-5,1,0,5,12,191,1,6334,6334,6912,-8,0x18bef80000000000000000000000
84,post_sum_cut,post_sum_pack12,B,63,4,32,0,0,3,6912,-8,-7,1,0,7,12,47,1,6382,6382,5116,-10,0x18eef60000000000000000000000
84,post_sum_cut,signed_floor,B,63,4,32,0,0,1,4251,0,0,1,0,0,12,6143,0,6143,6143,4960,-5,
84,post_sum_cut,signed_floor,B,63,4,32,0,0,2,4960,-5,-5,1,0,5,12,191,1,6334,6334,6912,-8,
84,post_sum_cut,signed_floor,B,63,4,32,0,0,3,6912,-8,-7,1,0,7,12,47,1,6381,6381,5116,-10,
85,signed_cut,fig3,B,63,4,32,0,0,1,4251,0,0,1,0,0,12,6143,0,6143,6143,4960,-5,
85,signed_cut,fig3,B,63,4,32,0,0,2,4960,-5,-5,1,0,5,12,191,1,6334,6334,6912,-8,
85,signed_cut,fig3,B,63,4,32,0,0,3,6912,-8,-7,1,0,7,12,47,1,6381,6381,5116,-10,
85,signed_cut,fig3,B,63,4,32,0,0,4,5116,-10,-10,-1,0,10,12,5,1,6376,6376,8160,-13,
85,signed_cut,tie_b,B,63,4,32,0,0,1,4251,0,0,1,0,0,12,6143,0,6143,6143,4960,-5,
85,signed_cut,tie_b,B,63,4,32,0,0,2,4960,-5,-5,1,0,5,12,191,1,6334,6334,6912,-8,
85,signed_cut,tie_b,B,63,4,32,0,0,3,6912,-8,-7,1,0,7,12,47,1,6381,6381,5116,-10,
85,signed_cut,tie_b,B,63,4,32,0,0,4,5116,-10,-10,-1,0,10,12,5,1,6376,6376,8160,-13,
85,signed_cut,legacy7,B,63,4,32,0,0,1,4251,0,0,1,0,0,12,6143,0,6143,6143,4960,-5,
85,signed_cut,legacy7,B,63,4,32,0,0,2,4960,-5,-5,1,0,5,12,191,1,6334,6334,6912,-8,
85,signed_cut,legacy7,B,63,4,32,0,0,3,6912,-8,-7,1,0,7,12,47,1,6381,6381,5116,-10,
85,signed_cut,legacy7,B,63,4,32,0,0,4,5116,-10,-10,-1,0,10,12,5,1,6376,6376,8160,-13,
85,signed_cut,input_anchor,B,63,4,32,0,0,1,4251,0,0,1,0,0,12,6143,0,6143,6143,4960,-5,
85,signed_cut,input_anchor,B,63,4,32,0,0,2,4960,-5,-5,1,0,5,12,191,1,6334,6334,6912,-8,
85,signed_cut,input_anchor,B,63,4,32,0,0,3,6912,-8,-7,1,0,7,12,47,1,6381,6381,5116,-10,
85,signed_cut,input_anchor,B,63,4,32,0,0,4,5116,-10,-10,-1,0,10,12,5,1,6376,6376,8160,-13,
85,signed_cut,exact_residual,B,63,4,32,0,0,1,4251,0,0,1,0,0,12,6143,0,6143,6143,4960,-5,
85,signed_cut,exact_residual,B,63,4,32,0,0,2,4960,-5,-5,1,0,5,12,191,1,6334,6334,6912,-8,
85,signed_cut,exact_residual,B,63,4,32,0,0,3,6912,-8,-7,1,0,7,12,47,1,6381,6381,5120,-10,
85,signed_cut,exact_residual,B,63,4,32,0,0,4,5120,-10,-10,-1,0,10,12,5,1,6376,6376,4096,-12,
85,signed_cut,guard1_pack12,B,63,4,32,0,0,1,4251,0,0,1,0,0,13,12286,0,12286,6143,4960,-5,
85,signed_cut,guard1_pack12,B,63,4,32,0,0,2,4960,-5,-5,1,0,5,13,383,1,12669,6334,6912,-8,
85,signed_cut,guard1_pack12,B,63,4,32,0,0,3,6912,-8,-7,1,0,7,13,95,1,12764,6382,5116,-10,
85,signed_cut,guard1_pack12,B,63,4,32,0,0,4,5116,-10,-10,-1,0,10,13,11,1,12753,6376,8160,-13,
85,signed_cut,guard12_pack12,B,63,4,32,0,0,1,4251,0,0,1,0,0,24,25161728,0,25161728,6143,4960,-5,
85,signed_cut,guard12_pack12,B,63,4,32,0,0,2,4960,-5,-5,1,0,5,24,786304,0,25948032,6334,6912,-8,
85,signed_cut,guard12_pack12,B,63,4,32,0,0,3,6912,-8,-7,1,0,7,24,196576,0,26144608,6382,5116,-10,
85,signed_cut,guard12_pack12,B,63,4,32,0,0,4,5116,-10,-10,-1,0,10,24,24572,0,26120036,6376,8160,-13,
85,signed_cut,source_uncut,B,63,4,32,0,0,1,4251,0,0,1,0,0,24,25161728,0,25161728,6143,4960,-5,
85,signed_cut,source_uncut,B,63,4,32,0,0,2,4960,-5,-5,1,0,5,24,786304,0,25948032,6334,6912,-8,
85,signed_cut,source_uncut,B,63,4,32,0,0,3,6912,-8,-7,1,0,7,24,196576,0,26144608,6382,5116,-10,
85,signed_cut,source_uncut,B,63,4,32,0,0,4,5116,-10,-10,-1,0,10,24,24572,0,26120036,6376,8160,-13,
85,signed_cut,post_sum_pack12,B,63,4,32,0,0,1,4251,0,0,1,0,0,12,6143,0,6143,6143,4960,-5,0x17ff000000000000000000000000
85,signed_cut,post_sum_pack12,B,63,4,32,0,0,2,4960,-5,-5,1,0,5,12,191,1,6334,6334,6912,-8,0x18bef80000000000000000000000
85,signed_cut,post_sum_pack12,B,63,4,32,0,0,3,6912,-8,-7,1,0,7,12,47,1,6382,6382,5116,-10,0x18eef60000000000000000000000
85,signed_cut,post_sum_pack12,B,63,4,32,0,0,4,5116,-10,-10,-1,0,10,12,5,1,6376,6376,8160,-13,0x18e8f64000000000000000000000
85,signed_cut,signed_floor,B,63,4,32,0,0,1,4251,0,0,1,0,0,12,6143,0,6143,6143,4960,-5,
85,signed_cut,signed_floor,B,63,4,32,0,0,2,4960,-5,-5,1,0,5,12,191,1,6334,6334,6912,-8,
85,signed_cut,signed_floor,B,63,4,32,0,0,3,6912,-8,-7,1,0,7,12,47,1,6381,6381,5116,-10,
85,signed_cut,signed_floor,B,63,4,32,0,0,4,5116,-10,-10,-1,0,10,12,5,1,6375,6375,8160,-13,
86,term_cut,fig3,A,63,5,32,32,1,1,6143,0,0,1,0,0,12,4282,0,4282,4282,8188,-2,
86,term_cut,fig3,A,63,5,32,32,1,2,8188,-2,-1,1,0,1,12,2141,0,6423,6423,6144,-13,
86,term_cut,fig3,A,63,5,32,32,1,3,6144,-13,-12,-1,0,12,12,1,1,6422,6422,8188,-15,
86,term_cut,tie_b,B,63,5,32,32,1,1,4282,0,0,1,0,0,12,6143,0,6143,6143,5952,-5,
86,term_cut,tie_b,B,63,5,32,32,1,2,5952,-5,-5,1,0,5,12,191,1,6334,6334,7424,-7,
86,term_cut,tie_b,B,63,5,32,32,1,3,7424,-7,-6,1,0,6,12,95,1,6429,6429,6136,-10,
86,term_cut,legacy7,A,63,5,32,32,1,1,6143,0,0,1,0,0,12,4282,0,4282,4282,8188,-2,
86,term_cut,legacy7,A,63,5,32,32,1,2,8188,-2,-1,1,0,1,12,2141,0,6423,6423,6144,-13,
86,term_cut,legacy7,A,63,5,32,32,1,3,6144,-13,-12,-1,0,12,12,1,1,6422,6422,8188,-15,
86,term_cut,input_anchor,A,63,5,32,32,1,1,6143,0,0,1,0,0,12,4282,0,4282,4282,8188,-2,
86,term_cut,input_anchor,A,63,5,32,32,1,2,8188,-2,-1,1,0,1,12,2141,0,6423,6423,6144,-13,
86,term_cut,input_anchor,A,63,5,32,32,1,3,6144,-13,-12,-1,0,12,12,1,1,6422,6422,8188,-15,
86,term_cut,exact_residual,A,63,5,32,32,1,1,6143,0,0,1,0,0,12,4282,0,4282,4282,8188,-2,
86,term_cut,exact_residual,A,63,5,32,32,1,2,8188,-2,-1,1,0,1,12,2141,0,6423,6423,4096,-12,
86,term_cut,exact_residual,A,63,5,32,32,1,3,4096,-12,-12,-1,0,12,12,1,1,6422,6422,0,-12,
86,term_cut,guard1_pack12,A,63,5,32,32,1,1,6143,0,0,1,0,0,13,8564,0,8564,4282,8188,-2,
86,term_cut,guard1_pack12,A,63,5,32,32,1,2,8188,-2,-1,1,0,1,13,4282,0,12846,6423,6144,-13,
86,term_cut,guard1_pack12,A,63,5,32,32,1,3,6144,-13,-12,-1,0,12,13,2,1,12844,6422,8188,-15,
86,term_cut,guard12_pack12,A,63,5,32,32,1,1,6143,0,0,1,0,0,24,17539072,0,17539072,4282,8188,-2,
86,term_cut,guard12_pack12,A,63,5,32,32,1,2,8188,-2,-1,1,0,1,24,8769536,0,26308608,6423,6144,-13,
86,term_cut,guard12_pack12,A,63,5,32,32,1,3,6144,-13,-12,-1,0,12,24,4282,0,26304326,6421,8188,-15,
86,term_cut,source_uncut,A,63,5,32,32,1,1,6143,0,0,1,0,0,24,17539072,0,17539072,4282,8188,-2,
86,term_cut,source_uncut,A,63,5,32,32,1,2,8188,-2,-1,1,0,1,24,8769536,0,26308608,6423,6144,-13,
86,term_cut,source_uncut,A,63,5,32,32,1,3,6144,-13,-12,-1,0,12,24,4282,0,26304326,6421,8188,-15,
86,term_cut,post_sum_pack12,A,63,5,32,32,1,1,6143,0,0,1,0,0,12,4282,0,4282,4282,8188,-2,0x10ba000000000000000000000000
86,term_cut,post_sum_pack12,A,63,5,32,32,1,2,8188,-2,-1,1,0,1,12,2141,0,6423,6423,6144,-13,0x1917000000000000000000000000
86,term_cut,post_sum_pack12,A,63,5,32,32,1,3,6144,-13,-12,-1,0,12,12,1,1,6421,6421,8188,-15,0x1915f46000000000000000000000
86,term_cut,signed_floor,A,63,5,32,32,1,1,6143,0,0,1,0,0,12,4282,0,4282,4282,8188,-2,
86,term_cut,signed_floor,A,63,5,32,32,1,2,8188,-2,-1,1,0,1,12,2141,0,6423,6423,6144,-13,
86,term_cut,signed_floor,A,63,5,32,32,1,3,6144,-13,-12,-1,0,12,12,1,1,6421,6421,8188,-15,
87,guard_depth,fig3,A,63,5,32,32,1,1,6143,0,0,1,0,0,12,4282,0,4282,4282,8188,-2,
87,guard_depth,fig3,A,63,5,32,32,1,2,8188,-2,-1,1,0,1,12,2141,0,6423,6423,6144,-13,
87,guard_depth,fig3,A,63,5,32,32,1,3,6144,-13,-12,-1,0,12,12,1,1,6422,6422,8188,-15,
87,guard_depth,tie_b,B,63,5,32,32,1,1,4282,0,0,1,0,0,12,6143,0,6143,6143,5952,-5,
87,guard_depth,tie_b,B,63,5,32,32,1,2,5952,-5,-5,1,0,5,12,191,1,6334,6334,7424,-7,
87,guard_depth,tie_b,B,63,5,32,32,1,3,7424,-7,-6,1,0,6,12,95,1,6429,6429,6136,-10,
87,guard_depth,legacy7,A,63,5,32,32,1,1,6143,0,0,1,0,0,12,4282,0,4282,4282,8188,-2,
87,guard_depth,legacy7,A,63,5,32,32,1,2,8188,-2,-1,1,0,1,12,2141,0,6423,6423,6144,-13,
87,guard_depth,legacy7,A,63,5,32,32,1,3,6144,-13,-12,-1,0,12,12,1,1,6422,6422,8188,-15,
87,guard_depth,input_anchor,A,63,5,32,32,1,1,6143,0,0,1,0,0,12,4282,0,4282,4282,8188,-2,
87,guard_depth,input_anchor,A,63,5,32,32,1,2,8188,-2,-1,1,0,1,12,2141,0,6423,6423,6144,-13,
87,guard_depth,input_anchor,A,63,5,32,32,1,3,6144,-13,-12,-1,0,12,12,1,1,6422,6422,8188,-15,
87,guard_depth,exact_residual,A,63,5,32,32,1,1,6143,0,0,1,0,0,12,4282,0,4282,4282,8188,-2,
87,guard_depth,exact_residual,A,63,5,32,32,1,2,8188,-2,-1,1,0,1,12,2141,0,6423,6423,4096,-12,
87,guard_depth,exact_residual,A,63,5,32,32,1,3,4096,-12,-12,-1,0,12,12,1,1,6422,6422,0,-12,
87,guard_depth,guard1_pack12,A,63,5,32,32,1,1,6143,0,0,1,0,0,13,8564,0,8564,4282,8188,-2,
87,guard_depth,guard1_pack12,A,63,5,32,32,1,2,8188,-2,-1,1,0,1,13,4282,0,12846,6423,6144,-13,
87,guard_depth,guard1_pack12,A,63,5,32,32,1,3,6144,-13,-12,-1,0,12,13,2,1,12844,6422,8188,-15,
87,guard_depth,guard12_pack12,A,63,5,32,32,1,1,6143,0,0,1,0,0,24,17539072,0,17539072,4282,8188,-2,
87,guard_depth,guard12_pack12,A,63,5,32,32,1,2,8188,-2,-1,1,0,1,24,8769536,0,26308608,6423,6144,-13,
87,guard_depth,guard12_pack12,A,63,5,32,32,1,3,6144,-13,-12,-1,0,12,24,4282,0,26304326,6421,8188,-15,
87,guard_depth,source_uncut,A,63,5,32,32,1,1,6143,0,0,1,0,0,24,17539072,0,17539072,4282,8188,-2,
87,guard_depth,source_uncut,A,63,5,32,32,1,2,8188,-2,-1,1,0,1,24,8769536,0,26308608,6423,6144,-13,
87,guard_depth,source_uncut,A,63,5,32,32,1,3,6144,-13,-12,-1,0,12,24,4282,0,26304326,6421,8188,-15,
87,guard_depth,post_sum_pack12,A,63,5,32,32,1,1,6143,0,0,1,0,0,12,4282,0,4282,4282,8188,-2,0x10ba000000000000000000000000
87,guard_depth,post_sum_pack12,A,63,5,32,32,1,2,8188,-2,-1,1,0,1,12,2141,0,6423,6423,6144,-13,0x1917000000000000000000000000
87,guard_depth,post_sum_pack12,A,63,5,32,32,1,3,6144,-13,-12,-1,0,12,12,1,1,6421,6421,8188,-15,0x1915f46000000000000000000000
87,guard_depth,signed_floor,A,63,5,32,32,1,1,6143,0,0,1,0,0,12,4282,0,4282,4282,8188,-2,
87,guard_depth,signed_floor,A,63,5,32,32,1,2,8188,-2,-1,1,0,1,12,2141,0,6423,6423,6144,-13,
87,guard_depth,signed_floor,A,63,5,32,32,1,3,6144,-13,-12,-1,0,12,12,1,1,6421,6421,8188,-15,
88,post_sum_cut,fig3,A,63,5,32,32,1,1,6143,0,0,1,0,0,12,4282,0,4282,4282,8188,-2,
88,post_sum_cut,fig3,A,63,5,32,32,1,2,8188,-2,-1,1,0,1,12,2141,0,6423,6423,6144,-13,
88,post_sum_cut,fig3,A,63,5,32,32,1,3,6144,-13,-12,-1,0,12,12,1,1,6422,6422,8188,-15,
88,post_sum_cut,tie_b,B,63,5,32,32,1,1,4282,0,0,1,0,0,12,6143,0,6143,6143,5952,-5,
88,post_sum_cut,tie_b,B,63,5,32,32,1,2,5952,-5,-5,1,0,5,12,191,1,6334,6334,7424,-7,
88,post_sum_cut,tie_b,B,63,5,32,32,1,3,7424,-7,-6,1,0,6,12,95,1,6429,6429,6136,-10,
88,post_sum_cut,legacy7,A,63,5,32,32,1,1,6143,0,0,1,0,0,12,4282,0,4282,4282,8188,-2,
88,post_sum_cut,legacy7,A,63,5,32,32,1,2,8188,-2,-1,1,0,1,12,2141,0,6423,6423,6144,-13,
88,post_sum_cut,legacy7,A,63,5,32,32,1,3,6144,-13,-12,-1,0,12,12,1,1,6422,6422,8188,-15,
88,post_sum_cut,input_anchor,A,63,5,32,32,1,1,6143,0,0,1,0,0,12,4282,0,4282,4282,8188,-2,
88,post_sum_cut,input_anchor,A,63,5,32,32,1,2,8188,-2,-1,1,0,1,12,2141,0,6423,6423,6144,-13,
88,post_sum_cut,input_anchor,A,63,5,32,32,1,3,6144,-13,-12,-1,0,12,12,1,1,6422,6422,8188,-15,
88,post_sum_cut,exact_residual,A,63,5,32,32,1,1,6143,0,0,1,0,0,12,4282,0,4282,4282,8188,-2,
88,post_sum_cut,exact_residual,A,63,5,32,32,1,2,8188,-2,-1,1,0,1,12,2141,0,6423,6423,4096,-12,
88,post_sum_cut,exact_residual,A,63,5,32,32,1,3,4096,-12,-12,-1,0,12,12,1,1,6422,6422,0,-12,
88,post_sum_cut,guard1_pack12,A,63,5,32,32,1,1,6143,0,0,1,0,0,13,8564,0,8564,4282,8188,-2,
88,post_sum_cut,guard1_pack12,A,63,5,32,32,1,2,8188,-2,-1,1,0,1,13,4282,0,12846,6423,6144,-13,
88,post_sum_cut,guard1_pack12,A,63,5,32,32,1,3,6144,-13,-12,-1,0,12,13,2,1,12844,6422,8188,-15,
88,post_sum_cut,guard12_pack12,A,63,5,32,32,1,1,6143,0,0,1,0,0,24,17539072,0,17539072,4282,8188,-2,
88,post_sum_cut,guard12_pack12,A,63,5,32,32,1,2,8188,-2,-1,1,0,1,24,8769536,0,26308608,6423,6144,-13,
88,post_sum_cut,guard12_pack12,A,63,5,32,32,1,3,6144,-13,-12,-1,0,12,24,4282,0,26304326,6421,8188,-15,
88,post_sum_cut,source_uncut,A,63,5,32,32,1,1,6143,0,0,1,0,0,24,17539072,0,17539072,4282,8188,-2,
88,post_sum_cut,source_uncut,A,63,5,32,32,1,2,8188,-2,-1,1,0,1,24,8769536,0,26308608,6423,6144,-13,
88,post_sum_cut,source_uncut,A,63,5,32,32,1,3,6144,-13,-12,-1,0,12,24,4282,0,26304326,6421,8188,-15,
88,post_sum_cut,post_sum_pack12,A,63,5,32,32,1,1,6143,0,0,1,0,0,12,4282,0,4282,4282,8188,-2,0x10ba000000000000000000000000
88,post_sum_cut,post_sum_pack12,A,63,5,32,32,1,2,8188,-2,-1,1,0,1,12,2141,0,6423,6423,6144,-13,0x1917000000000000000000000000
88,post_sum_cut,post_sum_pack12,A,63,5,32,32,1,3,6144,-13,-12,-1,0,12,12,1,1,6421,6421,8188,-15,0x1915f46000000000000000000000
88,post_sum_cut,signed_floor,A,63,5,32,32,1,1,6143,0,0,1,0,0,12,4282,0,4282,4282,8188,-2,
88,post_sum_cut,signed_floor,A,63,5,32,32,1,2,8188,-2,-1,1,0,1,12,2141,0,6423,6423,6144,-13,
88,post_sum_cut,signed_floor,A,63,5,32,32,1,3,6144,-13,-12,-1,0,12,12,1,1,6421,6421,8188,-15,
89,signed_cut,fig3,A,63,5,32,32,1,1,6143,0,0,1,0,0,12,4282,0,4282,4282,8188,-2,
89,signed_cut,fig3,A,63,5,32,32,1,2,8188,-2,-1,1,0,1,12,2141,0,6423,6423,6144,-13,
89,signed_cut,fig3,A,63,5,32,32,1,3,6144,-13,-12,-1,0,12,12,1,1,6422,6422,8188,-15,
89,signed_cut,tie_b,B,63,5,32,32,1,1,4282,0,0,1,0,0,12,6143,0,6143,6143,5952,-5,
89,signed_cut,tie_b,B,63,5,32,32,1,2,5952,-5,-5,1,0,5,12,191,1,6334,6334,7424,-7,
89,signed_cut,tie_b,B,63,5,32,32,1,3,7424,-7,-6,1,0,6,12,95,1,6429,6429,6136,-10,
89,signed_cut,legacy7,A,63,5,32,32,1,1,6143,0,0,1,0,0,12,4282,0,4282,4282,8188,-2,
89,signed_cut,legacy7,A,63,5,32,32,1,2,8188,-2,-1,1,0,1,12,2141,0,6423,6423,6144,-13,
89,signed_cut,legacy7,A,63,5,32,32,1,3,6144,-13,-12,-1,0,12,12,1,1,6422,6422,8188,-15,
89,signed_cut,input_anchor,A,63,5,32,32,1,1,6143,0,0,1,0,0,12,4282,0,4282,4282,8188,-2,
89,signed_cut,input_anchor,A,63,5,32,32,1,2,8188,-2,-1,1,0,1,12,2141,0,6423,6423,6144,-13,
89,signed_cut,input_anchor,A,63,5,32,32,1,3,6144,-13,-12,-1,0,12,12,1,1,6422,6422,8188,-15,
89,signed_cut,exact_residual,A,63,5,32,32,1,1,6143,0,0,1,0,0,12,4282,0,4282,4282,8188,-2,
89,signed_cut,exact_residual,A,63,5,32,32,1,2,8188,-2,-1,1,0,1,12,2141,0,6423,6423,4096,-12,
89,signed_cut,exact_residual,A,63,5,32,32,1,3,4096,-12,-12,-1,0,12,12,1,1,6422,6422,0,-12,
89,signed_cut,guard1_pack12,A,63,5,32,32,1,1,6143,0,0,1,0,0,13,8564,0,8564,4282,8188,-2,
89,signed_cut,guard1_pack12,A,63,5,32,32,1,2,8188,-2,-1,1,0,1,13,4282,0,12846,6423,6144,-13,
89,signed_cut,guard1_pack12,A,63,5,32,32,1,3,6144,-13,-12,-1,0,12,13,2,1,12844,6422,8188,-15,
89,signed_cut,guard12_pack12,A,63,5,32,32,1,1,6143,0,0,1,0,0,24,17539072,0,17539072,4282,8188,-2,
89,signed_cut,guard12_pack12,A,63,5,32,32,1,2,8188,-2,-1,1,0,1,24,8769536,0,26308608,6423,6144,-13,
89,signed_cut,guard12_pack12,A,63,5,32,32,1,3,6144,-13,-12,-1,0,12,24,4282,0,26304326,6421,8188,-15,
89,signed_cut,source_uncut,A,63,5,32,32,1,1,6143,0,0,1,0,0,24,17539072,0,17539072,4282,8188,-2,
89,signed_cut,source_uncut,A,63,5,32,32,1,2,8188,-2,-1,1,0,1,24,8769536,0,26308608,6423,6144,-13,
89,signed_cut,source_uncut,A,63,5,32,32,1,3,6144,-13,-12,-1,0,12,24,4282,0,26304326,6421,8188,-15,
89,signed_cut,post_sum_pack12,A,63,5,32,32,1,1,6143,0,0,1,0,0,12,4282,0,4282,4282,8188,-2,0x10ba000000000000000000000000
89,signed_cut,post_sum_pack12,A,63,5,32,32,1,2,8188,-2,-1,1,0,1,12,2141,0,6423,6423,6144,-13,0x1917000000000000000000000000
89,signed_cut,post_sum_pack12,A,63,5,32,32,1,3,6144,-13,-12,-1,0,12,12,1,1,6421,6421,8188,-15,0x1915f46000000000000000000000
89,signed_cut,signed_floor,A,63,5,32,32,1,1,6143,0,0,1,0,0,12,4282,0,4282,4282,8188,-2,
89,signed_cut,signed_floor,A,63,5,32,32,1,2,8188,-2,-1,1,0,1,12,2141,0,6423,6423,6144,-13,
89,signed_cut,signed_floor,A,63,5,32,32,1,3,6144,-13,-12,-1,0,12,12,1,1,6421,6421,8188,-15,
90,signed_cut,fig3,A,63,5,32,32,1,1,6143,0,0,1,0,0,12,4282,0,4282,4282,8188,-2,
90,signed_cut,fig3,A,63,5,32,32,1,2,8188,-2,-1,1,0,1,12,2141,0,6423,6423,6144,-13,
90,signed_cut,fig3,A,63,5,32,32,1,3,6144,-13,-12,-1,0,12,12,1,1,6422,6422,8188,-15,
90,signed_cut,fig3,A,63,5,32,32,1,4,8188,-15,-14,1,0,14,12,0,1,6422,6422,6144,-26,
90,signed_cut,tie_b,B,63,5,32,32,1,1,4282,0,0,1,0,0,12,6143,0,6143,6143,5952,-5,
90,signed_cut,tie_b,B,63,5,32,32,1,2,5952,-5,-5,1,0,5,12,191,1,6334,6334,7424,-7,
90,signed_cut,tie_b,B,63,5,32,32,1,3,7424,-7,-6,1,0,6,12,95,1,6429,6429,6136,-10,
90,signed_cut,tie_b,B,63,5,32,32,1,4,6136,-10,-10,-1,0,10,12,5,1,6424,6424,8160,-12,
90,signed_cut,legacy7,A,63,5,32,32,1,1,6143,0,0,1,0,0,12,4282,0,4282,4282,8188,-2,
90,signed_cut,legacy7,A,63,5,32,32,1,2,8188,-2,-1,1,0,1,12,2141,0,6423,6423,6144,-13,
90,signed_cut,legacy7,A,63,5,32,32,1,3,6144,-13,-12,-1,0,12,12,1,1,6422,6422,8188,-15,
90,signed_cut,legacy7,A,63,5,32,32,1,4,8188,-15,-14,1,0,14,12,0,1,6422,6422,6144,-26,
90,signed_cut,input_anchor,A,63,5,32,32,1,1,6143,0,0,1,0,0,12,4282,0,4282,4282,8188,-2,
90,signed_cut,input_anchor,A,63,5,32,32,1,2,8188,-2,-1,1,0,1,12,2141,0,6423,6423,6144,-13,
90,signed_cut,input_anchor,A,63,5,32,32,1,3,6144,-13,-12,-1,0,12,12,1,1,6422,6422,8188,-15,
90,signed_cut,input_anchor,A,63,5,32,32,1,4,8188,-15,-14,1,0,14,12,0,1,6422,6422,6144,-26,
90,signed_cut,exact_residual,A,63,5,32,32,1,1,6143,0,0,1,0,0,12,4282,0,4282,4282,8188,-2,
90,signed_cut,exact_residual,A,63,5,32,32,1,2,8188,-2,-1,1,0,1,12,2141,0,6423,6423,4096,-12,
90,signed_cut,exact_residual,A,63,5,32,32,1,3,4096,-12,-12,-1,0,12,12,1,1,6422,6422,0,-12,
90,signed_cut,guard1_pack12,A,63,5,32,32,1,1,6143,0,0,1,0,0,13,8564,0,8564,4282,8188,-2,
90,signed_cut,guard1_pack12,A,63,5,32,32,1,2,8188,-2,-1,1,0,1,13,4282,0,12846,6423,6144,-13,
90,signed_cut,guard1_pack12,A,63,5,32,32,1,3,6144,-13,-12,-1,0,12,13,2,1,12844,6422,8188,-15,
90,signed_cut,guard1_pack12,A,63,5,32,32,1,4,8188,-15,-14,1,0,14,13,0,1,12844,6422,6144,-26,
90,signed_cut,guard12_pack12,A,63,5,32,32,1,1,6143,0,0,1,0,0,24,17539072,0,17539072,4282,8188,-2,
90,signed_cut,guard12_pack12,A,63,5,32,32,1,2,8188,-2,-1,1,0,1,24,8769536,0,26308608,6423,6144,-13,
90,signed_cut,guard12_pack12,A,63,5,32,32,1,3,6144,-13,-12,-1,0,12,24,4282,0,26304326,6421,8188,-15,
90,signed_cut,guard12_pack12,A,63,5,32,32,1,4,8188,-15,-14,1,0,14,24,1070,1,26305396,6422,6144,-26,
90,signed_cut,source_uncut,A,63,5,32,32,1,1,6143,0,0,1,0,0,24,17539072,0,17539072,4282,8188,-2,
90,signed_cut,source_uncut,A,63,5,32,32,1,2,8188,-2,-1,1,0,1,24,8769536,0,26308608,6423,6144,-13,
90,signed_cut,source_uncut,A,63,5,32,32,1,3,6144,-13,-12,-1,0,12,24,4282,0,26304326,6421,8188,-15,
90,signed_cut,source_uncut,A,63,5,32,32,1,4,8188,-15,-14,1,0,14,24,1070,1,26305396,6422,6144,-26,
90,signed_cut,post_sum_pack12,A,63,5,32,32,1,1,6143,0,0,1,0,0,12,4282,0,4282,4282,8188,-2,0x10ba000000000000000000000000
90,signed_cut,post_sum_pack12,A,63,5,32,32,1,2,8188,-2,-1,1,0,1,12,2141,0,6423,6423,6144,-13,0x1917000000000000000000000000
90,signed_cut,post_sum_pack12,A,63,5,32,32,1,3,6144,-13,-12,-1,0,12,12,1,1,6421,6421,8188,-15,0x1915f46000000000000000000000
90,signed_cut,post_sum_pack12,A,63,5,32,32,1,4,8188,-15,-14,1,0,14,12,0,1,6422,6422,6144,-26,0x1916374800000000000000000000
90,signed_cut,signed_floor,A,63,5,32,32,1,1,6143,0,0,1,0,0,12,4282,0,4282,4282,8188,-2,
90,signed_cut,signed_floor,A,63,5,32,32,1,2,8188,-2,-1,1,0,1,12,2141,0,6423,6423,6144,-13,
90,signed_cut,signed_floor,A,63,5,32,32,1,3,6144,-13,-12,-1,0,12,12,1,1,6421,6421,8188,-15,
90,signed_cut,signed_floor,A,63,5,32,32,1,4,8188,-15,-14,1,0,14,12,0,1,6421,6421,6144,-26,
91,signed_cut,fig3,A,63,6,32,64,0,1,6143,0,0,1,0,0,12,4313,0,4313,4313,8188,-2,
91,signed_cut,fig3,A,63,6,32,64,0,2,8188,-2,-1,1,0,1,12,2156,1,6469,6469,6144,-13,
91,signed_cut,fig3,A,63,6,32,64,0,3,6144,-13,-12,-1,0,12,12,1,1,6468,6468,8188,-15,
91,signed_cut,tie_b,A,63,6,32,64,0,1,6143,0,0,1,0,0,12,4313,0,4313,4313,8188,-2,
91,signed_cut,tie_b,A,63,6,32,64,0,2,8188,-2,-1,1,0,1,12,2156,1,6469,6469,6144,-13,
91,signed_cut,tie_b,A,63,6,32,64,0,3,6144,-13,-12,-1,0,12,12,1,1,6468,6468,8188,-15,
91,signed_cut,legacy7,A,63,6,32,64,0,1,6143,0,0,1,0,0,12,4313,0,4313,4313,8188,-2,
91,signed_cut,legacy7,A,63,6,32,64,0,2,8188,-2,-1,1,0,1,12,2156,1,6469,6469,6144,-13,
91,signed_cut,legacy7,A,63,6,32,64,0,3,6144,-13,-12,-1,0,12,12,1,1,6468,6468,8188,-15,
91,signed_cut,input_anchor,A,63,6,32,64,0,1,6143,0,0,1,0,0,12,4313,0,4313,4313,8188,-2,
91,signed_cut,input_anchor,A,63,6,32,64,0,2,8188,-2,-1,1,0,1,12,2156,1,6469,6469,6144,-13,
91,signed_cut,input_anchor,A,63,6,32,64,0,3,6144,-13,-12,-1,0,12,12,1,1,6468,6468,8188,-15,
91,signed_cut,exact_residual,A,63,6,32,64,0,1,6143,0,0,1,0,0,12,4313,0,4313,4313,8188,-2,
91,signed_cut,exact_residual,A,63,6,32,64,0,2,8188,-2,-1,1,0,1,12,2156,1,6469,6469,4096,-12,
91,signed_cut,exact_residual,A,63,6,32,64,0,3,4096,-12,-12,-1,0,12,12,1,1,6468,6468,0,-12,
91,signed_cut,guard1_pack12,A,63,6,32,64,0,1,6143,0,0,1,0,0,13,8626,0,8626,4313,8188,-2,
91,signed_cut,guard1_pack12,A,63,6,32,64,0,2,8188,-2,-1,1,0,1,13,4313,0,12939,6469,6144,-13,
91,signed_cut,guard1_pack12,A,63,6,32,64,0,3,6144,-13,-12,-1,0,12,13,2,1,12937,6468,8188,-15,
91,signed_cut,guard12_pack12,A,63,6,32,64,0,1,6143,0,0,1,0,0,24,17666048,0,17666048,4313,8188,-2,
91,signed_cut,guard12_pack12,A,63,6,32,64,0,2,8188,-2,-1,1,0,1,24,8833024,0,26499072,6469,6144,-13,
91,signed_cut,guard12_pack12,A,63,6,32,64,0,3,6144,-13,-12,-1,0,12,24,4313,0,26494759,6468,8188,-15,
91,signed_cut,source_uncut,A,63,6,32,64,0,1,6143,0,0,1,0,0,24,17666048,0,17666048,4313,8188,-2,
91,signed_cut,source_uncut,A,63,6,32,64,0,2,8188,-2,-1,1,0,1,24,8833024,0,26499072,6469,6144,-13,
91,signed_cut,source_uncut,A,63,6,32,64,0,3,6144,-13,-12,-1,0,12,24,4313,0,26494759,6468,8188,-15,
91,signed_cut,post_sum_pack12,A,63,6,32,64,0,1,6143,0,0,1,0,0,12,4313,0,4313,4313,8188,-2,0x10d9000000000000000000000000
91,signed_cut,post_sum_pack12,A,63,6,32,64,0,2,8188,-2,-1,1,0,1,12,2156,1,6469,6469,6144,-13,0x1945800000000000000000000000
91,signed_cut,post_sum_pack12,A,63,6,32,64,0,3,6144,-13,-12,-1,0,12,12,1,1,6468,6468,8188,-15,0x1944727000000000000000000000
91,signed_cut,signed_floor,A,63,6,32,64,0,1,6143,0,0,1,0,0,12,4313,0,4313,4313,8188,-2,
91,signed_cut,signed_floor,A,63,6,32,64,0,2,8188,-2,-1,1,0,1,12,2156,1,6469,6469,6144,-13,
91,signed_cut,signed_floor,A,63,6,32,64,0,3,6144,-13,-12,-1,0,12,12,1,1,6467,6467,8188,-15,
92,signed_cut,fig3,A,63,6,32,64,0,1,6143,0,0,1,0,0,12,4313,0,4313,4313,8188,-2,
92,signed_cut,fig3,A,63,6,32,64,0,2,8188,-2,-1,1,0,1,12,2156,1,6469,6469,6144,-13,
92,signed_cut,fig3,A,63,6,32,64,0,3,6144,-13,-12,-1,0,12,12,1,1,6468,6468,8188,-15,
92,signed_cut,fig3,A,63,6,32,64,0,4,8188,-15,-14,1,0,14,12,0,1,6468,6468,6144,-26,
92,signed_cut,tie_b,A,63,6,32,64,0,1,6143,0,0,1,0,0,12,4313,0,4313,4313,8188,-2,
92,signed_cut,tie_b,A,63,6,32,64,0,2,8188,-2,-1,1,0,1,12,2156,1,6469,6469,6144,-13,
92,signed_cut,tie_b,A,63,6,32,64,0,3,6144,-13,-12,-1,0,12,12,1,1,6468,6468,8188,-15,
92,signed_cut,tie_b,A,63,6,32,64,0,4,8188,-15,-14,1,0,14,12,0,1,6468,6468,6144,-26,
92,signed_cut,legacy7,A,63,6,32,64,0,1,6143,0,0,1,0,0,12,4313,0,4313,4313,8188,-2,
92,signed_cut,legacy7,A,63,6,32,64,0,2,8188,-2,-1,1,0,1,12,2156,1,6469,6469,6144,-13,
92,signed_cut,legacy7,A,63,6,32,64,0,3,6144,-13,-12,-1,0,12,12,1,1,6468,6468,8188,-15,
92,signed_cut,legacy7,A,63,6,32,64,0,4,8188,-15,-14,1,0,14,12,0,1,6468,6468,6144,-26,
92,signed_cut,input_anchor,A,63,6,32,64,0,1,6143,0,0,1,0,0,12,4313,0,4313,4313,8188,-2,
92,signed_cut,input_anchor,A,63,6,32,64,0,2,8188,-2,-1,1,0,1,12,2156,1,6469,6469,6144,-13,
92,signed_cut,input_anchor,A,63,6,32,64,0,3,6144,-13,-12,-1,0,12,12,1,1,6468,6468,8188,-15,
92,signed_cut,input_anchor,A,63,6,32,64,0,4,8188,-15,-14,1,0,14,12,0,1,6468,6468,6144,-26,
92,signed_cut,exact_residual,A,63,6,32,64,0,1,6143,0,0,1,0,0,12,4313,0,4313,4313,8188,-2,
92,signed_cut,exact_residual,A,63,6,32,64,0,2,8188,-2,-1,1,0,1,12,2156,1,6469,6469,4096,-12,
92,signed_cut,exact_residual,A,63,6,32,64,0,3,4096,-12,-12,-1,0,12,12,1,1,6468,6468,0,-12,
92,signed_cut,guard1_pack12,A,63,6,32,64,0,1,6143,0,0,1,0,0,13,8626,0,8626,4313,8188,-2,
92,signed_cut,guard1_pack12,A,63,6,32,64,0,2,8188,-2,-1,1,0,1,13,4313,0,12939,6469,6144,-13,
92,signed_cut,guard1_pack12,A,63,6,32,64,0,3,6144,-13,-12,-1,0,12,13,2,1,12937,6468,8188,-15,
92,signed_cut,guard1_pack12,A,63,6,32,64,0,4,8188,-15,-14,1,0,14,13,0,1,12937,6468,6144,-26,
92,signed_cut,guard12_pack12,A,63,6,32,64,0,1,6143,0,0,1,0,0,24,17666048,0,17666048,4313,8188,-2,
92,signed_cut,guard12_pack12,A,63,6,32,64,0,2,8188,-2,-1,1,0,1,24,8833024,0,26499072,6469,6144,-13,
92,signed_cut,guard12_pack12,A,63,6,32,64,0,3,6144,-13,-12,-1,0,12,24,4313,0,26494759,6468,8188,-15,
92,signed_cut,guard12_pack12,A,63,6,32,64,0,4,8188,-15,-14,1,0,14,24,1078,1,26495837,6468,6144,-26,
92,signed_cut,source_uncut,A,63,6,32,64,0,1,6143,0,0,1,0,0,24,17666048,0,17666048,4313,8188,-2,
92,signed_cut,source_uncut,A,63,6,32,64,0,2,8188,-2,-1,1,0,1,24,8833024,0,26499072,6469,6144,-13,
92,signed_cut,source_uncut,A,63,6,32,64,0,3,6144,-13,-12,-1,0,12,24,4313,0,26494759,6468,8188,-15,
92,signed_cut,source_uncut,A,63,6,32,64,0,4,8188,-15,-14,1,0,14,24,1078,1,26495837,6468,6144,-26,
92,signed_cut,post_sum_pack12,A,63,6,32,64,0,1,6143,0,0,1,0,0,12,4313,0,4313,4313,8188,-2,0x10d9000000000000000000000000
92,signed_cut,post_sum_pack12,A,63,6,32,64,0,2,8188,-2,-1,1,0,1,12,2156,1,6469,6469,6144,-13,0x1945800000000000000000000000
92,signed_cut,post_sum_pack12,A,63,6,32,64,0,3,6144,-13,-12,-1,0,12,12,1,1,6468,6468,8188,-15,0x1944727000000000000000000000
92,signed_cut,post_sum_pack12,A,63,6,32,64,0,4,8188,-15,-14,1,0,14,12,0,1,6468,6468,6144,-26,0x1944b5d400000000000000000000
92,signed_cut,signed_floor,A,63,6,32,64,0,1,6143,0,0,1,0,0,12,4313,0,4313,4313,8188,-2,
92,signed_cut,signed_floor,A,63,6,32,64,0,2,8188,-2,-1,1,0,1,12,2156,1,6469,6469,6144,-13,
92,signed_cut,signed_floor,A,63,6,32,64,0,3,6144,-13,-12,-1,0,12,12,1,1,6467,6467,8188,-15,
92,signed_cut,signed_floor,A,63,6,32,64,0,4,8188,-15,-14,1,0,14,12,0,1,6467,6467,6144,-26,
93,term_cut,fig3,A,63,7,32,32,1,1,6143,0,0,1,0,0,12,4344,0,4344,4344,8188,-2,
93,term_cut,fig3,A,63,7,32,32,1,2,8188,-2,-1,1,0,1,12,2172,0,6516,6516,6144,-13,
93,term_cut,fig3,A,63,7,32,32,1,3,6144,-13,-12,-1,0,12,12,1,1,6515,6515,8188,-15,
93,term_cut,tie_b,B,63,7,32,32,1,1,4344,0,0,1,0,0,12,6143,0,6143,6143,7936,-5,
93,term_cut,tie_b,B,63,7,32,32,1,2,7936,-5,-4,1,0,4,12,383,1,6526,6526,8160,-10,
93,term_cut,tie_b,B,63,7,32,32,1,3,8160,-10,-9,-1,0,9,12,11,1,6515,6515,7936,-18,
93,term_cut,legacy7,A,63,7,32,32,1,1,6143,0,0,1,0,0,12,4344,0,4344,4344,8188,-2,
93,term_cut,legacy7,A,63,7,32,32,1,2,8188,-2,-1,1,0,1,12,2172,0,6516,6516,6144,-13,
93,term_cut,legacy7,A,63,7,32,32,1,3,6144,-13,-12,-1,0,12,12,1,1,6515,6515,8188,-15,
93,term_cut,input_anchor,A,63,7,32,32,1,1,6143,0,0,1,0,0,12,4344,0,4344,4344,8188,-2,
93,term_cut,input_anchor,A,63,7,32,32,1,2,8188,-2,-1,1,0,1,12,2172,0,6516,6516,6144,-13,
93,term_cut,input_anchor,A,63,7,32,32,1,3,6144,-13,-12,-1,0,12,12,1,1,6515,6515,8188,-15,
93,term_cut,exact_residual,A,63,7,32,32,1,1,6143,0,0,1,0,0,12,4344,0,4344,4344,8188,-2,
93,term_cut,exact_residual,A,63,7,32,32,1,2,8188,-2,-1,1,0,1,12,2172,0,6516,6516,4096,-12,
93,term_cut,exact_residual,A,63,7,32,32,1,3,4096,-12,-12,-1,0,12,12,1,1,6515,6515,0,-12,
93,term_cut,guard1_pack12,A,63,7,32,32,1,1,6143,0,0,1,0,0,13,8688,0,8688,4344,8188,-2,
93,term_cut,guard1_pack12,A,63,7,32,32,1,2,8188,-2,-1,1,0,1,13,4344,0,13032,6516,6144,-13,
93,term_cut,guard1_pack12,A,63,7,32,32,1,3,6144,-13,-12,-1,0,12,13,2,1,13030,6515,8188,-15,
93,term_cut,guard12_pack12,A,63,7,32,32,1,1,6143,0,0,1,0,0,24,17793024,0,17793024,4344,8188,-2,
93,term_cut,guard12_pack12,A,63,7,32,32,1,2,8188,-2,-1,1,0,1,24,8896512,0,26689536,6516,6144,-13,
93,term_cut,guard12_pack12,A,63,7,32,32,1,3,6144,-13,-12,-1,0,12,24,4344,0,26685192,6514,8188,-15,
93,term_cut,source_uncut,A,63,7,32,32,1,1,6143,0,0,1,0,0,24,17793024,0,17793024,4344,8188,-2,
93,term_cut,source_uncut,A,63,7,32,32,1,2,8188,-2,-1,1,0,1,24,8896512,0,26689536,6516,6144,-13,
93,term_cut,source_uncut,A,63,7,32,32,1,3,6144,-13,-12,-1,0,12,24,4344,0,26685192,6514,8188,-15,
93,term_cut,post_sum_pack12,A,63,7,32,32,1,1,6143,0,0,1,0,0,12,4344,0,4344,4344,8188,-2,0x10f8000000000000000000000000
93,term_cut,post_sum_pack12,A,63,7,32,32,1,2,8188,-2,-1,1,0,1,12,2172,0,6516,6516,6144,-13,0x1974000000000000000000000000
93,term_cut,post_sum_pack12,A,63,7,32,32,1,3,6144,-13,-12,-1,0,12,12,1,1,6514,6514,8188,-15,0x1972f08000000000000000000000
93,term_cut,signed_floor,A,63,7,32,32,1,1,6143,0,0,1,0,0,12,4344,0,4344,4344,8188,-2,
93,term_cut,signed_floor,A,63,7,32,32,1,2,8188,-2,-1,1,0,1,12,2172,0,6516,6516,6144,-13,
93,term_cut,signed_floor,A,63,7,32,32,1,3,6144,-13,-12,-1,0,12,12,1,1,6514,6514,8188,-15,
94,guard_depth,fig3,A,63,7,32,32,1,1,6143,0,0,1,0,0,12,4344,0,4344,4344,8188,-2,
94,guard_depth,fig3,A,63,7,32,32,1,2,8188,-2,-1,1,0,1,12,2172,0,6516,6516,6144,-13,
94,guard_depth,fig3,A,63,7,32,32,1,3,6144,-13,-12,-1,0,12,12,1,1,6515,6515,8188,-15,
94,guard_depth,tie_b,B,63,7,32,32,1,1,4344,0,0,1,0,0,12,6143,0,6143,6143,7936,-5,
94,guard_depth,tie_b,B,63,7,32,32,1,2,7936,-5,-4,1,0,4,12,383,1,6526,6526,8160,-10,
94,guard_depth,tie_b,B,63,7,32,32,1,3,8160,-10,-9,-1,0,9,12,11,1,6515,6515,7936,-18,
94,guard_depth,legacy7,A,63,7,32,32,1,1,6143,0,0,1,0,0,12,4344,0,4344,4344,8188,-2,
94,guard_depth,legacy7,A,63,7,32,32,1,2,8188,-2,-1,1,0,1,12,2172,0,6516,6516,6144,-13,
94,guard_depth,legacy7,A,63,7,32,32,1,3,6144,-13,-12,-1,0,12,12,1,1,6515,6515,8188,-15,
94,guard_depth,input_anchor,A,63,7,32,32,1,1,6143,0,0,1,0,0,12,4344,0,4344,4344,8188,-2,
94,guard_depth,input_anchor,A,63,7,32,32,1,2,8188,-2,-1,1,0,1,12,2172,0,6516,6516,6144,-13,
94,guard_depth,input_anchor,A,63,7,32,32,1,3,6144,-13,-12,-1,0,12,12,1,1,6515,6515,8188,-15,
94,guard_depth,exact_residual,A,63,7,32,32,1,1,6143,0,0,1,0,0,12,4344,0,4344,4344,8188,-2,
94,guard_depth,exact_residual,A,63,7,32,32,1,2,8188,-2,-1,1,0,1,12,2172,0,6516,6516,4096,-12,
94,guard_depth,exact_residual,A,63,7,32,32,1,3,4096,-12,-12,-1,0,12,12,1,1,6515,6515,0,-12,
94,guard_depth,guard1_pack12,A,63,7,32,32,1,1,6143,0,0,1,0,0,13,8688,0,8688,4344,8188,-2,
94,guard_depth,guard1_pack12,A,63,7,32,32,1,2,8188,-2,-1,1,0,1,13,4344,0,13032,6516,6144,-13,
94,guard_depth,guard1_pack12,A,63,7,32,32,1,3,6144,-13,-12,-1,0,12,13,2,1,13030,6515,8188,-15,
94,guard_depth,guard12_pack12,A,63,7,32,32,1,1,6143,0,0,1,0,0,24,17793024,0,17793024,4344,8188,-2,
94,guard_depth,guard12_pack12,A,63,7,32,32,1,2,8188,-2,-1,1,0,1,24,8896512,0,26689536,6516,6144,-13,
94,guard_depth,guard12_pack12,A,63,7,32,32,1,3,6144,-13,-12,-1,0,12,24,4344,0,26685192,6514,8188,-15,
94,guard_depth,source_uncut,A,63,7,32,32,1,1,6143,0,0,1,0,0,24,17793024,0,17793024,4344,8188,-2,
94,guard_depth,source_uncut,A,63,7,32,32,1,2,8188,-2,-1,1,0,1,24,8896512,0,26689536,6516,6144,-13,
94,guard_depth,source_uncut,A,63,7,32,32,1,3,6144,-13,-12,-1,0,12,24,4344,0,26685192,6514,8188,-15,
94,guard_depth,post_sum_pack12,A,63,7,32,32,1,1,6143,0,0,1,0,0,12,4344,0,4344,4344,8188,-2,0x10f8000000000000000000000000
94,guard_depth,post_sum_pack12,A,63,7,32,32,1,2,8188,-2,-1,1,0,1,12,2172,0,6516,6516,6144,-13,0x1974000000000000000000000000
94,guard_depth,post_sum_pack12,A,63,7,32,32,1,3,6144,-13,-12,-1,0,12,12,1,1,6514,6514,8188,-15,0x1972f08000000000000000000000
94,guard_depth,signed_floor,A,63,7,32,32,1,1,6143,0,0,1,0,0,12,4344,0,4344,4344,8188,-2,
94,guard_depth,signed_floor,A,63,7,32,32,1,2,8188,-2,-1,1,0,1,12,2172,0,6516,6516,6144,-13,
94,guard_depth,signed_floor,A,63,7,32,32,1,3,6144,-13,-12,-1,0,12,12,1,1,6514,6514,8188,-15,
95,post_sum_cut,fig3,A,63,7,32,32,1,1,6143,0,0,1,0,0,12,4344,0,4344,4344,8188,-2,
95,post_sum_cut,fig3,A,63,7,32,32,1,2,8188,-2,-1,1,0,1,12,2172,0,6516,6516,6144,-13,
95,post_sum_cut,fig3,A,63,7,32,32,1,3,6144,-13,-12,-1,0,12,12,1,1,6515,6515,8188,-15,
95,post_sum_cut,tie_b,B,63,7,32,32,1,1,4344,0,0,1,0,0,12,6143,0,6143,6143,7936,-5,
95,post_sum_cut,tie_b,B,63,7,32,32,1,2,7936,-5,-4,1,0,4,12,383,1,6526,6526,8160,-10,
95,post_sum_cut,tie_b,B,63,7,32,32,1,3,8160,-10,-9,-1,0,9,12,11,1,6515,6515,7936,-18,
95,post_sum_cut,legacy7,A,63,7,32,32,1,1,6143,0,0,1,0,0,12,4344,0,4344,4344,8188,-2,
95,post_sum_cut,legacy7,A,63,7,32,32,1,2,8188,-2,-1,1,0,1,12,2172,0,6516,6516,6144,-13,
95,post_sum_cut,legacy7,A,63,7,32,32,1,3,6144,-13,-12,-1,0,12,12,1,1,6515,6515,8188,-15,
95,post_sum_cut,input_anchor,A,63,7,32,32,1,1,6143,0,0,1,0,0,12,4344,0,4344,4344,8188,-2,
95,post_sum_cut,input_anchor,A,63,7,32,32,1,2,8188,-2,-1,1,0,1,12,2172,0,6516,6516,6144,-13,
95,post_sum_cut,input_anchor,A,63,7,32,32,1,3,6144,-13,-12,-1,0,12,12,1,1,6515,6515,8188,-15,
95,post_sum_cut,exact_residual,A,63,7,32,32,1,1,6143,0,0,1,0,0,12,4344,0,4344,4344,8188,-2,
95,post_sum_cut,exact_residual,A,63,7,32,32,1,2,8188,-2,-1,1,0,1,12,2172,0,6516,6516,4096,-12,
95,post_sum_cut,exact_residual,A,63,7,32,32,1,3,4096,-12,-12,-1,0,12,12,1,1,6515,6515,0,-12,
95,post_sum_cut,guard1_pack12,A,63,7,32,32,1,1,6143,0,0,1,0,0,13,8688,0,8688,4344,8188,-2,
95,post_sum_cut,guard1_pack12,A,63,7,32,32,1,2,8188,-2,-1,1,0,1,13,4344,0,13032,6516,6144,-13,
95,post_sum_cut,guard1_pack12,A,63,7,32,32,1,3,6144,-13,-12,-1,0,12,13,2,1,13030,6515,8188,-15,
95,post_sum_cut,guard12_pack12,A,63,7,32,32,1,1,6143,0,0,1,0,0,24,17793024,0,17793024,4344,8188,-2,
95,post_sum_cut,guard12_pack12,A,63,7,32,32,1,2,8188,-2,-1,1,0,1,24,8896512,0,26689536,6516,6144,-13,
95,post_sum_cut,guard12_pack12,A,63,7,32,32,1,3,6144,-13,-12,-1,0,12,24,4344,0,26685192,6514,8188,-15,
95,post_sum_cut,source_uncut,A,63,7,32,32,1,1,6143,0,0,1,0,0,24,17793024,0,17793024,4344,8188,-2,
95,post_sum_cut,source_uncut,A,63,7,32,32,1,2,8188,-2,-1,1,0,1,24,8896512,0,26689536,6516,6144,-13,
95,post_sum_cut,source_uncut,A,63,7,32,32,1,3,6144,-13,-12,-1,0,12,24,4344,0,26685192,6514,8188,-15,
95,post_sum_cut,post_sum_pack12,A,63,7,32,32,1,1,6143,0,0,1,0,0,12,4344,0,4344,4344,8188,-2,0x10f8000000000000000000000000
95,post_sum_cut,post_sum_pack12,A,63,7,32,32,1,2,8188,-2,-1,1,0,1,12,2172,0,6516,6516,6144,-13,0x1974000000000000000000000000
95,post_sum_cut,post_sum_pack12,A,63,7,32,32,1,3,6144,-13,-12,-1,0,12,12,1,1,6514,6514,8188,-15,0x1972f08000000000000000000000
95,post_sum_cut,signed_floor,A,63,7,32,32,1,1,6143,0,0,1,0,0,12,4344,0,4344,4344,8188,-2,
95,post_sum_cut,signed_floor,A,63,7,32,32,1,2,8188,-2,-1,1,0,1,12,2172,0,6516,6516,6144,-13,
95,post_sum_cut,signed_floor,A,63,7,32,32,1,3,6144,-13,-12,-1,0,12,12,1,1,6514,6514,8188,-15,
96,signed_cut,fig3,A,63,7,32,32,1,1,6143,0,0,1,0,0,12,4344,0,4344,4344,8188,-2,
96,signed_cut,fig3,A,63,7,32,32,1,2,8188,-2,-1,1,0,1,12,2172,0,6516,6516,6144,-13,
96,signed_cut,fig3,A,63,7,32,32,1,3,6144,-13,-12,-1,0,12,12,1,1,6515,6515,8188,-15,
96,signed_cut,tie_b,B,63,7,32,32,1,1,4344,0,0,1,0,0,12,6143,0,6143,6143,7936,-5,
96,signed_cut,tie_b,B,63,7,32,32,1,2,7936,-5,-4,1,0,4,12,383,1,6526,6526,8160,-10,
96,signed_cut,tie_b,B,63,7,32,32,1,3,8160,-10,-9,-1,0,9,12,11,1,6515,6515,7936,-18,
96,signed_cut,legacy7,A,63,7,32,32,1,1,6143,0,0,1,0,0,12,4344,0,4344,4344,8188,-2,
96,signed_cut,legacy7,A,63,7,32,32,1,2,8188,-2,-1,1,0,1,12,2172,0,6516,6516,6144,-13,
96,signed_cut,legacy7,A,63,7,32,32,1,3,6144,-13,-12,-1,0,12,12,1,1,6515,6515,8188,-15,
96,signed_cut,input_anchor,A,63,7,32,32,1,1,6143,0,0,1,0,0,12,4344,0,4344,4344,8188,-2,
96,signed_cut,input_anchor,A,63,7,32,32,1,2,8188,-2,-1,1,0,1,12,2172,0,6516,6516,6144,-13,
96,signed_cut,input_anchor,A,63,7,32,32,1,3,6144,-13,-12,-1,0,12,12,1,1,6515,6515,8188,-15,
96,signed_cut,exact_residual,A,63,7,32,32,1,1,6143,0,0,1,0,0,12,4344,0,4344,4344,8188,-2,
96,signed_cut,exact_residual,A,63,7,32,32,1,2,8188,-2,-1,1,0,1,12,2172,0,6516,6516,4096,-12,
96,signed_cut,exact_residual,A,63,7,32,32,1,3,4096,-12,-12,-1,0,12,12,1,1,6515,6515,0,-12,
96,signed_cut,guard1_pack12,A,63,7,32,32,1,1,6143,0,0,1,0,0,13,8688,0,8688,4344,8188,-2,
96,signed_cut,guard1_pack12,A,63,7,32,32,1,2,8188,-2,-1,1,0,1,13,4344,0,13032,6516,6144,-13,
96,signed_cut,guard1_pack12,A,63,7,32,32,1,3,6144,-13,-12,-1,0,12,13,2,1,13030,6515,8188,-15,
96,signed_cut,guard12_pack12,A,63,7,32,32,1,1,6143,0,0,1,0,0,24,17793024,0,17793024,4344,8188,-2,
96,signed_cut,guard12_pack12,A,63,7,32,32,1,2,8188,-2,-1,1,0,1,24,8896512,0,26689536,6516,6144,-13,
96,signed_cut,guard12_pack12,A,63,7,32,32,1,3,6144,-13,-12,-1,0,12,24,4344,0,26685192,6514,8188,-15,
96,signed_cut,source_uncut,A,63,7,32,32,1,1,6143,0,0,1,0,0,24,17793024,0,17793024,4344,8188,-2,
96,signed_cut,source_uncut,A,63,7,32,32,1,2,8188,-2,-1,1,0,1,24,8896512,0,26689536,6516,6144,-13,
96,signed_cut,source_uncut,A,63,7,32,32,1,3,6144,-13,-12,-1,0,12,24,4344,0,26685192,6514,8188,-15,
96,signed_cut,post_sum_pack12,A,63,7,32,32,1,1,6143,0,0,1,0,0,12,4344,0,4344,4344,8188,-2,0x10f8000000000000000000000000
96,signed_cut,post_sum_pack12,A,63,7,32,32,1,2,8188,-2,-1,1,0,1,12,2172,0,6516,6516,6144,-13,0x1974000000000000000000000000
96,signed_cut,post_sum_pack12,A,63,7,32,32,1,3,6144,-13,-12,-1,0,12,12,1,1,6514,6514,8188,-15,0x1972f08000000000000000000000
96,signed_cut,signed_floor,A,63,7,32,32,1,1,6143,0,0,1,0,0,12,4344,0,4344,4344,8188,-2,
96,signed_cut,signed_floor,A,63,7,32,32,1,2,8188,-2,-1,1,0,1,12,2172,0,6516,6516,6144,-13,
96,signed_cut,signed_floor,A,63,7,32,32,1,3,6144,-13,-12,-1,0,12,12,1,1,6514,6514,8188,-15,
97,signed_cut,fig3,A,63,7,32,32,1,1,6143,0,0,1,0,0,12,4344,0,4344,4344,8188,-2,
97,signed_cut,fig3,A,63,7,32,32,1,2,8188,-2,-1,1,0,1,12,2172,0,6516,6516,6144,-13,
97,signed_cut,fig3,A,63,7,32,32,1,3,6144,-13,-12,-1,0,12,12,1,1,6515,6515,8188,-15,
97,signed_cut,fig3,A,63,7,32,32,1,4,8188,-15,-14,1,0,14,12,0,1,6515,6515,6144,-26,
97,signed_cut,tie_b,B,63,7,32,32,1,1,4344,0,0,1,0,0,12,6143,0,6143,6143,7936,-5,
97,signed_cut,tie_b,B,63,7,32,32,1,2,7936,-5,-4,1,0,4,12,383,1,6526,6526,8160,-10,
97,signed_cut,tie_b,B,63,7,32,32,1,3,8160,-10,-9,-1,0,9,12,11,1,6515,6515,7936,-18,
97,signed_cut,tie_b,B,63,7,32,32,1,4,7936,-18,-17,1,0,17,12,0,1,6515,6515,8160,-23,
97,signed_cut,legacy7,A,63,7,32,32,1,1,6143,0,0,1,0,0,12,4344,0,4344,4344,8188,-2,
97,signed_cut,legacy7,A,63,7,32,32,1,2,8188,-2,-1,1,0,1,12,2172,0,6516,6516,6144,-13,
97,signed_cut,legacy7,A,63,7,32,32,1,3,6144,-13,-12,-1,0,12,12,1,1,6515,6515,8188,-15,
97,signed_cut,legacy7,A,63,7,32,32,1,4,8188,-15,-14,1,0,14,12,0,1,6515,6515,6144,-26,
97,signed_cut,input_anchor,A,63,7,32,32,1,1,6143,0,0,1,0,0,12,4344,0,4344,4344,8188,-2,
97,signed_cut,input_anchor,A,63,7,32,32,1,2,8188,-2,-1,1,0,1,12,2172,0,6516,6516,6144,-13,
97,signed_cut,input_anchor,A,63,7,32,32,1,3,6144,-13,-12,-1,0,12,12,1,1,6515,6515,8188,-15,
97,signed_cut,input_anchor,A,63,7,32,32,1,4,8188,-15,-14,1,0,14,12,0,1,6515,6515,6144,-26,
97,signed_cut,exact_residual,A,63,7,32,32,1,1,6143,0,0,1,0,0,12,4344,0,4344,4344,8188,-2,
97,signed_cut,exact_residual,A,63,7,32,32,1,2,8188,-2,-1,1,0,1,12,2172,0,6516,6516,4096,-12,
97,signed_cut,exact_residual,A,63,7,32,32,1,3,4096,-12,-12,-1,0,12,12,1,1,6515,6515,0,-12,
97,signed_cut,guard1_pack12,A,63,7,32,32,1,1,6143,0,0,1,0,0,13,8688,0,8688,4344,8188,-2,
97,signed_cut,guard1_pack12,A,63,7,32,32,1,2,8188,-2,-1,1,0,1,13,4344,0,13032,6516,6144,-13,
97,signed_cut,guard1_pack12,A,63,7,32,32,1,3,6144,-13,-12,-1,0,12,13,2,1,13030,6515,8188,-15,
97,signed_cut,guard1_pack12,A,63,7,32,32,1,4,8188,-15,-14,1,0,14,13,0,1,13030,6515,6144,-26,
97,signed_cut,guard12_pack12,A,63,7,32,32,1,1,6143,0,0,1,0,0,24,17793024,0,17793024,4344,8188,-2,
97,signed_cut,guard12_pack12,A,63,7,32,32,1,2,8188,-2,-1,1,0,1,24,8896512,0,26689536,6516,6144,-13,
97,signed_cut,guard12_pack12,A,63,7,32,32,1,3,6144,-13,-12,-1,0,12,24,4344,0,26685192,6514,8188,-15,
97,signed_cut,guard12_pack12,A,63,7,32,32,1,4,8188,-15,-14,1,0,14,24,1086,0,26686278,6515,6144,-26,
97,signed_cut,source_uncut,A,63,7,32,32,1,1,6143,0,0,1,0,0,24,17793024,0,17793024,4344,8188,-2,
97,signed_cut,source_uncut,A,63,7,32,32,1,2,8188,-2,-1,1,0,1,24,8896512,0,26689536,6516,6144,-13,
97,signed_cut,source_uncut,A,63,7,32,32,1,3,6144,-13,-12,-1,0,12,24,4344,0,26685192,6514,8188,-15,
97,signed_cut,source_uncut,A,63,7,32,32,1,4,8188,-15,-14,1,0,14,24,1086,0,26686278,6515,6144,-26,
97,signed_cut,post_sum_pack12,A,63,7,32,32,1,1,6143,0,0,1,0,0,12,4344,0,4344,4344,8188,-2,0x10f8000000000000000000000000
97,signed_cut,post_sum_pack12,A,63,7,32,32,1,2,8188,-2,-1,1,0,1,12,2172,0,6516,6516,6144,-13,0x1974000000000000000000000000
97,signed_cut,post_sum_pack12,A,63,7,32,32,1,3,6144,-13,-12,-1,0,12,12,1,1,6514,6514,8188,-15,0x1972f08000000000000000000000
97,signed_cut,post_sum_pack12,A,63,7,32,32,1,4,8188,-15,-14,1,0,14,12,0,1,6515,6515,6144,-26,0x1973346000000000000000000000
97,signed_cut,signed_floor,A,63,7,32,32,1,1,6143,0,0,1,0,0,12,4344,0,4344,4344,8188,-2,
97,signed_cut,signed_floor,A,63,7,32,32,1,2,8188,-2,-1,1,0,1,12,2172,0,6516,6516,6144,-13,
97,signed_cut,signed_floor,A,63,7,32,32,1,3,6144,-13,-12,-1,0,12,12,1,1,6514,6514,8188,-15,
97,signed_cut,signed_floor,A,63,7,32,32,1,4,8188,-15,-14,1,0,14,12,0,1,6514,6514,6144,-26,
98,term_cut,fig3,B,63,8,32,0,0,1,4375,0,0,1,0,0,12,6143,0,6143,6143,4464,-4,
98,term_cut,fig3,B,63,8,32,0,0,2,4464,-4,-4,1,0,4,12,383,1,6526,6526,5888,-8,
98,term_cut,fig3,B,63,8,32,0,0,3,5888,-8,-8,1,0,8,12,23,1,6549,6549,7168,-10,
98,term_cut,tie_b,B,63,8,32,0,0,1,4375,0,0,1,0,0,12,6143,0,6143,6143,4464,-4,
98,term_cut,tie_b,B,63,8,32,0,0,2,4464,-4,-4,1,0,4,12,383,1,6526,6526,5888,-8,
98,term_cut,tie_b,B,63,8,32,0,0,3,5888,-8,-8,1,0,8,12,23,1,6549,6549,7168,-10,
98,term_cut,legacy7,B,63,8,32,0,0,1,4375,0,0,1,0,0,12,6143,0,6143,6143,4464,-4,
98,term_cut,legacy7,B,63,8,32,0,0,2,4464,-4,-4,1,0,4,12,383,1,6526,6526,5888,-8,
98,term_cut,legacy7,B,63,8,32,0,0,3,5888,-8,-8,1,0,8,12,23,1,6549,6549,7168,-10,
98,term_cut,input_anchor,B,63,8,32,0,0,1,4375,0,0,1,0,0,12,6143,0,6143,6143,4464,-4,
98,term_cut,input_anchor,B,63,8,32,0,0,2,4464,-4,-4,1,0,4,12,383,1,6526,6526,5888,-8,
98,term_cut,input_anchor,B,63,8,32,0,0,3,5888,-8,-8,1,0,8,12,23,1,6549,6549,7168,-10,
98,term_cut,exact_residual,B,63,8,32,0,0,1,4375,0,0,1,0,0,12,6143,0,6143,6143,4464,-4,
98,term_cut,exact_residual,B,63,8,32,0,0,2,4464,-4,-4,1,0,4,12,383,1,6526,6526,5888,-8,
98,term_cut,exact_residual,B,63,8,32,0,0,3,5888,-8,-8,1,0,8,12,23,1,6549,6549,7168,-10,
98,term_cut,guard1_pack12,B,63,8,32,0,0,1,4375,0,0,1,0,0,13,12286,0,12286,6143,4464,-4,
98,term_cut,guard1_pack12,B,63,8,32,0,0,2,4464,-4,-4,1,0,4,13,767,1,13053,6526,5888,-8,
98,term_cut,guard1_pack12,B,63,8,32,0,0,3,5888,-8,-8,1,0,8,13,47,1,13100,6550,7168,-10,
98,term_cut,guard12_pack12,B,63,8,32,0,0,1,4375,0,0,1,0,0,24,25161728,0,25161728,6143,4464,-4,
98,term_cut,guard12_pack12,B,63,8,32,0,0,2,4464,-4,-4,1,0,4,24,1572608,0,26734336,6526,5888,-8,
98,term_cut,guard12_pack12,B,63,8,32,0,0,3,5888,-8,-8,1,0,8,24,98288,0,26832624,6550,7168,-10,
98,term_cut,source_uncut,B,63,8,32,0,0,1,4375,0,0,1,0,0,24,25161728,0,25161728,6143,4464,-4,
98,term_cut,source_uncut,B,63,8,32,0,0,2,4464,-4,-4,1,0,4,24,1572608,0,26734336,6526,5888,-8,
98,term_cut,source_uncut,B,63,8,32,0,0,3,5888,-8,-8,1,0,8,24,98288,0,26832624,6550,7168,-10,
98,term_cut,post_sum_pack12,B,63,8,32,0,0,1,4375,0,0,1,0,0,12,6143,0,6143,6143,4464,-4,0x17ff000000000000000000000000
98,term_cut,post_sum_pack12,B,63,8,32,0,0,2,4464,-4,-4,1,0,4,12,383,1,6526,6526,5888,-8,0x197ef00000000000000000000000
98,term_cut,post_sum_pack12,B,63,8,32,0,0,3,5888,-8,-8,1,0,8,12,23,1,6550,6550,7168,-10,0x1996ef0000000000000000000000
98,term_cut,signed_floor,B,63,8,32,0,0,1,4375,0,0,1,0,0,12,6143,0,6143,6143,4464,-4,
98,term_cut,signed_floor,B,63,8,32,0,0,2,4464,-4,-4,1,0,4,12,383,1,6526,6526,5888,-8,
98,term_cut,signed_floor,B,63,8,32,0,0,3,5888,-8,-8,1,0,8,12,23,1,6549,6549,7168,-10,
99,post_sum_cut,fig3,B,63,8,32,0,0,1,4375,0,0,1,0,0,12,6143,0,6143,6143,4464,-4,
99,post_sum_cut,fig3,B,63,8,32,0,0,2,4464,-4,-4,1,0,4,12,383,1,6526,6526,5888,-8,
99,post_sum_cut,fig3,B,63,8,32,0,0,3,5888,-8,-8,1,0,8,12,23,1,6549,6549,7168,-10,
99,post_sum_cut,tie_b,B,63,8,32,0,0,1,4375,0,0,1,0,0,12,6143,0,6143,6143,4464,-4,
99,post_sum_cut,tie_b,B,63,8,32,0,0,2,4464,-4,-4,1,0,4,12,383,1,6526,6526,5888,-8,
99,post_sum_cut,tie_b,B,63,8,32,0,0,3,5888,-8,-8,1,0,8,12,23,1,6549,6549,7168,-10,
99,post_sum_cut,legacy7,B,63,8,32,0,0,1,4375,0,0,1,0,0,12,6143,0,6143,6143,4464,-4,
99,post_sum_cut,legacy7,B,63,8,32,0,0,2,4464,-4,-4,1,0,4,12,383,1,6526,6526,5888,-8,
99,post_sum_cut,legacy7,B,63,8,32,0,0,3,5888,-8,-8,1,0,8,12,23,1,6549,6549,7168,-10,
99,post_sum_cut,input_anchor,B,63,8,32,0,0,1,4375,0,0,1,0,0,12,6143,0,6143,6143,4464,-4,
99,post_sum_cut,input_anchor,B,63,8,32,0,0,2,4464,-4,-4,1,0,4,12,383,1,6526,6526,5888,-8,
99,post_sum_cut,input_anchor,B,63,8,32,0,0,3,5888,-8,-8,1,0,8,12,23,1,6549,6549,7168,-10,
99,post_sum_cut,exact_residual,B,63,8,32,0,0,1,4375,0,0,1,0,0,12,6143,0,6143,6143,4464,-4,
99,post_sum_cut,exact_residual,B,63,8,32,0,0,2,4464,-4,-4,1,0,4,12,383,1,6526,6526,5888,-8,
99,post_sum_cut,exact_residual,B,63,8,32,0,0,3,5888,-8,-8,1,0,8,12,23,1,6549,6549,7168,-10,
99,post_sum_cut,guard1_pack12,B,63,8,32,0,0,1,4375,0,0,1,0,0,13,12286,0,12286,6143,4464,-4,
99,post_sum_cut,guard1_pack12,B,63,8,32,0,0,2,4464,-4,-4,1,0,4,13,767,1,13053,6526,5888,-8,
99,post_sum_cut,guard1_pack12,B,63,8,32,0,0,3,5888,-8,-8,1,0,8,13,47,1,13100,6550,7168,-10,
99,post_sum_cut,guard12_pack12,B,63,8,32,0,0,1,4375,0,0,1,0,0,24,25161728,0,25161728,6143,4464,-4,
99,post_sum_cut,guard12_pack12,B,63,8,32,0,0,2,4464,-4,-4,1,0,4,24,1572608,0,26734336,6526,5888,-8,
99,post_sum_cut,guard12_pack12,B,63,8,32,0,0,3,5888,-8,-8,1,0,8,24,98288,0,26832624,6550,7168,-10,
99,post_sum_cut,source_uncut,B,63,8,32,0,0,1,4375,0,0,1,0,0,24,25161728,0,25161728,6143,4464,-4,
99,post_sum_cut,source_uncut,B,63,8,32,0,0,2,4464,-4,-4,1,0,4,24,1572608,0,26734336,6526,5888,-8,
99,post_sum_cut,source_uncut,B,63,8,32,0,0,3,5888,-8,-8,1,0,8,24,98288,0,26832624,6550,7168,-10,
99,post_sum_cut,post_sum_pack12,B,63,8,32,0,0,1,4375,0,0,1,0,0,12,6143,0,6143,6143,4464,-4,0x17ff000000000000000000000000
99,post_sum_cut,post_sum_pack12,B,63,8,32,0,0,2,4464,-4,-4,1,0,4,12,383,1,6526,6526,5888,-8,0x197ef00000000000000000000000
99,post_sum_cut,post_sum_pack12,B,63,8,32,0,0,3,5888,-8,-8,1,0,8,12,23,1,6550,6550,7168,-10,0x1996ef0000000000000000000000
99,post_sum_cut,signed_floor,B,63,8,32,0,0,1,4375,0,0,1,0,0,12,6143,0,6143,6143,4464,-4,
99,post_sum_cut,signed_floor,B,63,8,32,0,0,2,4464,-4,-4,1,0,4,12,383,1,6526,6526,5888,-8,
99,post_sum_cut,signed_floor,B,63,8,32,0,0,3,5888,-8,-8,1,0,8,12,23,1,6549,6549,7168,-10,
100,term_cut,fig3,B,63,8,32,0,0,1,4375,0,0,1,0,0,12,6143,0,6143,6143,4464,-4,
100,term_cut,fig3,B,63,8,32,0,0,2,4464,-4,-4,1,0,4,12,383,1,6526,6526,5888,-8,
100,term_cut,fig3,B,63,8,32,0,0,3,5888,-8,-8,1,0,8,12,23,1,6549,6549,7168,-10,
100,term_cut,fig3,B,63,8,32,0,0,4,7168,-10,-9,1,0,9,12,11,1,6560,6560,8184,-13,
100,term_cut,tie_b,B,63,8,32,0,0,1,4375,0,0,1,0,0,12,6143,0,6143,6143,4464,-4,
100,term_cut,tie_b,B,63,8,32,0,0,2,4464,-4,-4,1,0,4,12,383,1,6526,6526,5888,-8,
100,term_cut,tie_b,B,63,8,32,0,0,3,5888,-8,-8,1,0,8,12,23,1,6549,6549,7168,-10,
100,term_cut,tie_b,B,63,8,32,0,0,4,7168,-10,-9,1,0,9,12,11,1,6560,6560,8184,-13,
100,term_cut,legacy7,B,63,8,32,0,0,1,4375,0,0,1,0,0,12,6143,0,6143,6143,4464,-4,
100,term_cut,legacy7,B,63,8,32,0,0,2,4464,-4,-4,1,0,4,12,383,1,6526,6526,5888,-8,
100,term_cut,legacy7,B,63,8,32,0,0,3,5888,-8,-8,1,0,8,12,23,1,6549,6549,7168,-10,
100,term_cut,legacy7,B,63,8,32,0,0,4,7168,-10,-9,1,0,9,12,11,1,6560,6560,8184,-13,
100,term_cut,input_anchor,B,63,8,32,0,0,1,4375,0,0,1,0,0,12,6143,0,6143,6143,4464,-4,
100,term_cut,input_anchor,B,63,8,32,0,0,2,4464,-4,-4,1,0,4,12,383,1,6526,6526,5888,-8,
100,term_cut,input_anchor,B,63,8,32,0,0,3,5888,-8,-8,1,0,8,12,23,1,6549,6549,7168,-10,
100,term_cut,input_anchor,B,63,8,32,0,0,4,7168,-10,-9,1,0,9,12,11,1,6560,6560,8184,-13,
100,term_cut,exact_residual,B,63,8,32,0,0,1,4375,0,0,1,0,0,12,6143,0,6143,6143,4464,-4,
100,term_cut,exact_residual,B,63,8,32,0,0,2,4464,-4,-4,1,0,4,12,383,1,6526,6526,5888,-8,
100,term_cut,exact_residual,B,63,8,32,0,0,3,5888,-8,-8,1,0,8,12,23,1,6549,6549,7168,-10,
100,term_cut,exact_residual,B,63,8,32,0,0,4,7168,-10,-9,1,0,9,12,11,1,6560,6560,4096,-12,
100,term_cut,guard1_pack12,B,63,8,32,0,0,1,4375,0,0,1,0,0,13,12286,0,12286,6143,4464,-4,
100,term_cut,guard1_pack12,B,63,8,32,0,0,2,4464,-4,-4,1,0,4,13,767,1,13053,6526,5888,-8,
100,term_cut,guard1_pack12,B,63,8,32,0,0,3,5888,-8,-8,1,0,8,13,47,1,13100,6550,7168,-10,
100,term_cut,guard1_pack12,B,63,8,32,0,0,4,7168,-10,-9,1,0,9,13,23,1,13123,6561,8184,-13,
100,term_cut,guard12_pack12,B,63,8,32,0,0,1,4375,0,0,1,0,0,24,25161728,0,25161728,6143,4464,-4,
100,term_cut,guard12_pack12,B,63,8,32,0,0,2,4464,-4,-4,1,0,4,24,1572608,0,26734336,6526,5888,-8,
100,term_cut,guard12_pack12,B,63,8,32,0,0,3,5888,-8,-8,1,0,8,24,98288,0,26832624,6550,7168,-10,
100,term_cut,guard12_pack12,B,63,8,32,0,0,4,7168,-10,-9,1,0,9,24,49144,0,26881768,6562,8184,-13,
100,term_cut,source_uncut,B,63,8,32,0,0,1,4375,0,0,1,0,0,24,25161728,0,25161728,6143,4464,-4,
100,term_cut,source_uncut,B,63,8,32,0,0,2,4464,-4,-4,1,0,4,24,1572608,0,26734336,6526,5888,-8,
100,term_cut,source_uncut,B,63,8,32,0,0,3,5888,-8,-8,1,0,8,24,98288,0,26832624,6550,7168,-10,
100,term_cut,source_uncut,B,63,8,32,0,0,4,7168,-10,-9,1,0,9,24,49144,0,26881768,6562,8184,-13,
100,term_cut,post_sum_pack12,B,63,8,32,0,0,1,4375,0,0,1,0,0,12,6143,0,6143,6143,4464,-4,0x17ff000000000000000000000000
100,term_cut,post_sum_pack12,B,63,8,32,0,0,2,4464,-4,-4,1,0,4,12,383,1,6526,6526,5888,-8,0x197ef00000000000000000000000
100,term_cut,post_sum_pack12,B,63,8,32,0,0,3,5888,-8,-8,1,0,8,12,23,1,6550,6550,7168,-10,0x1996ef0000000000000000000000
100,term_cut,post_sum_pack12,B,63,8,32,0,0,4,7168,-10,-9,1,0,9,12,11,1,6562,6562,8184,-13,0x19a2ee8000000000000000000000
100,term_cut,signed_floor,B,63,8,32,0,0,1,4375,0,0,1,0,0,12,6143,0,6143,6143,4464,-4,
100,term_cut,signed_floor,B,63,8,32,0,0,2,4464,-4,-4,1,0,4,12,383,1,6526,6526,5888,-8,
100,term_cut,signed_floor,B,63,8,32,0,0,3,5888,-8,-8,1,0,8,12,23,1,6549,6549,7168,-10,
100,term_cut,signed_floor,B,63,8,32,0,0,4,7168,-10,-9,1,0,9,12,11,1,6560,6560,8184,-13,
101,guard_depth,fig3,B,63,8,32,0,0,1,4375,0,0,1,0,0,12,6143,0,6143,6143,4464,-4,
101,guard_depth,fig3,B,63,8,32,0,0,2,4464,-4,-4,1,0,4,12,383,1,6526,6526,5888,-8,
101,guard_depth,fig3,B,63,8,32,0,0,3,5888,-8,-8,1,0,8,12,23,1,6549,6549,7168,-10,
101,guard_depth,fig3,B,63,8,32,0,0,4,7168,-10,-9,1,0,9,12,11,1,6560,6560,8184,-13,
101,guard_depth,tie_b,B,63,8,32,0,0,1,4375,0,0,1,0,0,12,6143,0,6143,6143,4464,-4,
101,guard_depth,tie_b,B,63,8,32,0,0,2,4464,-4,-4,1,0,4,12,383,1,6526,6526,5888,-8,
101,guard_depth,tie_b,B,63,8,32,0,0,3,5888,-8,-8,1,0,8,12,23,1,6549,6549,7168,-10,
101,guard_depth,tie_b,B,63,8,32,0,0,4,7168,-10,-9,1,0,9,12,11,1,6560,6560,8184,-13,
101,guard_depth,legacy7,B,63,8,32,0,0,1,4375,0,0,1,0,0,12,6143,0,6143,6143,4464,-4,
101,guard_depth,legacy7,B,63,8,32,0,0,2,4464,-4,-4,1,0,4,12,383,1,6526,6526,5888,-8,
101,guard_depth,legacy7,B,63,8,32,0,0,3,5888,-8,-8,1,0,8,12,23,1,6549,6549,7168,-10,
101,guard_depth,legacy7,B,63,8,32,0,0,4,7168,-10,-9,1,0,9,12,11,1,6560,6560,8184,-13,
101,guard_depth,input_anchor,B,63,8,32,0,0,1,4375,0,0,1,0,0,12,6143,0,6143,6143,4464,-4,
101,guard_depth,input_anchor,B,63,8,32,0,0,2,4464,-4,-4,1,0,4,12,383,1,6526,6526,5888,-8,
101,guard_depth,input_anchor,B,63,8,32,0,0,3,5888,-8,-8,1,0,8,12,23,1,6549,6549,7168,-10,
101,guard_depth,input_anchor,B,63,8,32,0,0,4,7168,-10,-9,1,0,9,12,11,1,6560,6560,8184,-13,
101,guard_depth,exact_residual,B,63,8,32,0,0,1,4375,0,0,1,0,0,12,6143,0,6143,6143,4464,-4,
101,guard_depth,exact_residual,B,63,8,32,0,0,2,4464,-4,-4,1,0,4,12,383,1,6526,6526,5888,-8,
101,guard_depth,exact_residual,B,63,8,32,0,0,3,5888,-8,-8,1,0,8,12,23,1,6549,6549,7168,-10,
101,guard_depth,exact_residual,B,63,8,32,0,0,4,7168,-10,-9,1,0,9,12,11,1,6560,6560,4096,-12,
101,guard_depth,guard1_pack12,B,63,8,32,0,0,1,4375,0,0,1,0,0,13,12286,0,12286,6143,4464,-4,
101,guard_depth,guard1_pack12,B,63,8,32,0,0,2,4464,-4,-4,1,0,4,13,767,1,13053,6526,5888,-8,
101,guard_depth,guard1_pack12,B,63,8,32,0,0,3,5888,-8,-8,1,0,8,13,47,1,13100,6550,7168,-10,
101,guard_depth,guard1_pack12,B,63,8,32,0,0,4,7168,-10,-9,1,0,9,13,23,1,13123,6561,8184,-13,
101,guard_depth,guard12_pack12,B,63,8,32,0,0,1,4375,0,0,1,0,0,24,25161728,0,25161728,6143,4464,-4,
101,guard_depth,guard12_pack12,B,63,8,32,0,0,2,4464,-4,-4,1,0,4,24,1572608,0,26734336,6526,5888,-8,
101,guard_depth,guard12_pack12,B,63,8,32,0,0,3,5888,-8,-8,1,0,8,24,98288,0,26832624,6550,7168,-10,
101,guard_depth,guard12_pack12,B,63,8,32,0,0,4,7168,-10,-9,1,0,9,24,49144,0,26881768,6562,8184,-13,
101,guard_depth,source_uncut,B,63,8,32,0,0,1,4375,0,0,1,0,0,24,25161728,0,25161728,6143,4464,-4,
101,guard_depth,source_uncut,B,63,8,32,0,0,2,4464,-4,-4,1,0,4,24,1572608,0,26734336,6526,5888,-8,
101,guard_depth,source_uncut,B,63,8,32,0,0,3,5888,-8,-8,1,0,8,24,98288,0,26832624,6550,7168,-10,
101,guard_depth,source_uncut,B,63,8,32,0,0,4,7168,-10,-9,1,0,9,24,49144,0,26881768,6562,8184,-13,
101,guard_depth,post_sum_pack12,B,63,8,32,0,0,1,4375,0,0,1,0,0,12,6143,0,6143,6143,4464,-4,0x17ff000000000000000000000000
101,guard_depth,post_sum_pack12,B,63,8,32,0,0,2,4464,-4,-4,1,0,4,12,383,1,6526,6526,5888,-8,0x197ef00000000000000000000000
101,guard_depth,post_sum_pack12,B,63,8,32,0,0,3,5888,-8,-8,1,0,8,12,23,1,6550,6550,7168,-10,0x1996ef0000000000000000000000
101,guard_depth,post_sum_pack12,B,63,8,32,0,0,4,7168,-10,-9,1,0,9,12,11,1,6562,6562,8184,-13,0x19a2ee8000000000000000000000
101,guard_depth,signed_floor,B,63,8,32,0,0,1,4375,0,0,1,0,0,12,6143,0,6143,6143,4464,-4,
101,guard_depth,signed_floor,B,63,8,32,0,0,2,4464,-4,-4,1,0,4,12,383,1,6526,6526,5888,-8,
101,guard_depth,signed_floor,B,63,8,32,0,0,3,5888,-8,-8,1,0,8,12,23,1,6549,6549,7168,-10,
101,guard_depth,signed_floor,B,63,8,32,0,0,4,7168,-10,-9,1,0,9,12,11,1,6560,6560,8184,-13,
102,post_sum_cut,fig3,B,63,8,32,0,0,1,4375,0,0,1,0,0,12,6143,0,6143,6143,4464,-4,
102,post_sum_cut,fig3,B,63,8,32,0,0,2,4464,-4,-4,1,0,4,12,383,1,6526,6526,5888,-8,
102,post_sum_cut,fig3,B,63,8,32,0,0,3,5888,-8,-8,1,0,8,12,23,1,6549,6549,7168,-10,
102,post_sum_cut,fig3,B,63,8,32,0,0,4,7168,-10,-9,1,0,9,12,11,1,6560,6560,8184,-13,
102,post_sum_cut,tie_b,B,63,8,32,0,0,1,4375,0,0,1,0,0,12,6143,0,6143,6143,4464,-4,
102,post_sum_cut,tie_b,B,63,8,32,0,0,2,4464,-4,-4,1,0,4,12,383,1,6526,6526,5888,-8,
102,post_sum_cut,tie_b,B,63,8,32,0,0,3,5888,-8,-8,1,0,8,12,23,1,6549,6549,7168,-10,
102,post_sum_cut,tie_b,B,63,8,32,0,0,4,7168,-10,-9,1,0,9,12,11,1,6560,6560,8184,-13,
102,post_sum_cut,legacy7,B,63,8,32,0,0,1,4375,0,0,1,0,0,12,6143,0,6143,6143,4464,-4,
102,post_sum_cut,legacy7,B,63,8,32,0,0,2,4464,-4,-4,1,0,4,12,383,1,6526,6526,5888,-8,
102,post_sum_cut,legacy7,B,63,8,32,0,0,3,5888,-8,-8,1,0,8,12,23,1,6549,6549,7168,-10,
102,post_sum_cut,legacy7,B,63,8,32,0,0,4,7168,-10,-9,1,0,9,12,11,1,6560,6560,8184,-13,
102,post_sum_cut,input_anchor,B,63,8,32,0,0,1,4375,0,0,1,0,0,12,6143,0,6143,6143,4464,-4,
102,post_sum_cut,input_anchor,B,63,8,32,0,0,2,4464,-4,-4,1,0,4,12,383,1,6526,6526,5888,-8,
102,post_sum_cut,input_anchor,B,63,8,32,0,0,3,5888,-8,-8,1,0,8,12,23,1,6549,6549,7168,-10,
102,post_sum_cut,input_anchor,B,63,8,32,0,0,4,7168,-10,-9,1,0,9,12,11,1,6560,6560,8184,-13,
102,post_sum_cut,exact_residual,B,63,8,32,0,0,1,4375,0,0,1,0,0,12,6143,0,6143,6143,4464,-4,
102,post_sum_cut,exact_residual,B,63,8,32,0,0,2,4464,-4,-4,1,0,4,12,383,1,6526,6526,5888,-8,
102,post_sum_cut,exact_residual,B,63,8,32,0,0,3,5888,-8,-8,1,0,8,12,23,1,6549,6549,7168,-10,
102,post_sum_cut,exact_residual,B,63,8,32,0,0,4,7168,-10,-9,1,0,9,12,11,1,6560,6560,4096,-12,
102,post_sum_cut,guard1_pack12,B,63,8,32,0,0,1,4375,0,0,1,0,0,13,12286,0,12286,6143,4464,-4,
102,post_sum_cut,guard1_pack12,B,63,8,32,0,0,2,4464,-4,-4,1,0,4,13,767,1,13053,6526,5888,-8,
102,post_sum_cut,guard1_pack12,B,63,8,32,0,0,3,5888,-8,-8,1,0,8,13,47,1,13100,6550,7168,-10,
102,post_sum_cut,guard1_pack12,B,63,8,32,0,0,4,7168,-10,-9,1,0,9,13,23,1,13123,6561,8184,-13,
102,post_sum_cut,guard12_pack12,B,63,8,32,0,0,1,4375,0,0,1,0,0,24,25161728,0,25161728,6143,4464,-4,
102,post_sum_cut,guard12_pack12,B,63,8,32,0,0,2,4464,-4,-4,1,0,4,24,1572608,0,26734336,6526,5888,-8,
102,post_sum_cut,guard12_pack12,B,63,8,32,0,0,3,5888,-8,-8,1,0,8,24,98288,0,26832624,6550,7168,-10,
102,post_sum_cut,guard12_pack12,B,63,8,32,0,0,4,7168,-10,-9,1,0,9,24,49144,0,26881768,6562,8184,-13,
102,post_sum_cut,source_uncut,B,63,8,32,0,0,1,4375,0,0,1,0,0,24,25161728,0,25161728,6143,4464,-4,
102,post_sum_cut,source_uncut,B,63,8,32,0,0,2,4464,-4,-4,1,0,4,24,1572608,0,26734336,6526,5888,-8,
102,post_sum_cut,source_uncut,B,63,8,32,0,0,3,5888,-8,-8,1,0,8,24,98288,0,26832624,6550,7168,-10,
102,post_sum_cut,source_uncut,B,63,8,32,0,0,4,7168,-10,-9,1,0,9,24,49144,0,26881768,6562,8184,-13,
102,post_sum_cut,post_sum_pack12,B,63,8,32,0,0,1,4375,0,0,1,0,0,12,6143,0,6143,6143,4464,-4,0x17ff000000000000000000000000
102,post_sum_cut,post_sum_pack12,B,63,8,32,0,0,2,4464,-4,-4,1,0,4,12,383,1,6526,6526,5888,-8,0x197ef00000000000000000000000
102,post_sum_cut,post_sum_pack12,B,63,8,32,0,0,3,5888,-8,-8,1,0,8,12,23,1,6550,6550,7168,-10,0x1996ef0000000000000000000000
102,post_sum_cut,post_sum_pack12,B,63,8,32,0,0,4,7168,-10,-9,1,0,9,12,11,1,6562,6562,8184,-13,0x19a2ee8000000000000000000000
102,post_sum_cut,signed_floor,B,63,8,32,0,0,1,4375,0,0,1,0,0,12,6143,0,6143,6143,4464,-4,
102,post_sum_cut,signed_floor,B,63,8,32,0,0,2,4464,-4,-4,1,0,4,12,383,1,6526,6526,5888,-8,
102,post_sum_cut,signed_floor,B,63,8,32,0,0,3,5888,-8,-8,1,0,8,12,23,1,6549,6549,7168,-10,
102,post_sum_cut,signed_floor,B,63,8,32,0,0,4,7168,-10,-9,1,0,9,12,11,1,6560,6560,8184,-13,
103,term_cut,fig3,A,63,9,32,32,1,1,6143,0,0,1,0,0,12,4406,0,4406,4406,8188,-2,
103,term_cut,fig3,A,63,9,32,32,1,2,8188,-2,-1,1,0,1,12,2203,0,6609,6609,6144,-13,
103,term_cut,fig3,A,63,9,32,32,1,3,6144,-13,-12,-1,0,12,12,1,1,6608,6608,8188,-15,
103,term_cut,tie_b,B,63,9,32,32,1,1,4406,0,0,1,0,0,12,6143,0,6143,6143,4960,-4,
103,term_cut,tie_b,B,63,9,32,32,1,2,4960,-4,-4,1,0,4,12,383,1,6526,6526,6912,-7,
103,term_cut,tie_b,B,63,9,32,32,1,3,6912,-7,-6,1,0,6,12,95,1,6621,6621,5116,-9,
103,term_cut,legacy7,A,63,9,32,32,1,1,6143,0,0,1,0,0,12,4406,0,4406,4406,8188,-2,
103,term_cut,legacy7,A,63,9,32,32,1,2,8188,-2,-1,1,0,1,12,2203,0,6609,6609,6144,-13,
103,term_cut,legacy7,A,63,9,32,32,1,3,6144,-13,-12,-1,0,12,12,1,1,6608,6608,8188,-15,
103,term_cut,input_anchor,A,63,9,32,32,1,1,6143,0,0,1,0,0,12,4406,0,4406,4406,8188,-2,
103,term_cut,input_anchor,A,63,9,32,32,1,2,8188,-2,-1,1,0,1,12,2203,0,6609,6609,6144,-13,
103,term_cut,input_anchor,A,63,9,32,32,1,3,6144,-13,-12,-1,0,12,12,1,1,6608,6608,8188,-15,
103,term_cut,exact_residual,A,63,9,32,32,1,1,6143,0,0,1,0,0,12,4406,0,4406,4406,8188,-2,
103,term_cut,exact_residual,A,63,9,32,32,1,2,8188,-2,-1,1,0,1,12,2203,0,6609,6609,4096,-12,
103,term_cut,exact_residual,A,63,9,32,32,1,3,4096,-12,-12,-1,0,12,12,1,1,6608,6608,0,-12,
103,term_cut,guard1_pack12,A,63,9,32,32,1,1,6143,0,0,1,0,0,13,8812,0,8812,4406,8188,-2,
103,term_cut,guard1_pack12,A,63,9,32,32,1,2,8188,-2,-1,1,0,1,13,4406,0,13218,6609,6144,-13,
103,term_cut,guard1_pack12,A,63,9,32,32,1,3,6144,-13,-12,-1,0,12,13,2,1,13216,6608,8188,-15,
103,term_cut,guard12_pack12,A,63,9,32,32,1,1,6143,0,0,1,0,0,24,18046976,0,18046976,4406,8188,-2,
103,term_cut,guard12_pack12,A,63,9,32,32,1,2,8188,-2,-1,1,0,1,24,9023488,0,27070464,6609,6144,-13,
103,term_cut,guard12_pack12,A,63,9,32,32,1,3,6144,-13,-12,-1,0,12,24,4406,0,27066058,6607,8188,-15,
103,term_cut,source_uncut,A,63,9,32,32,1,1,6143,0,0,1,0,0,24,18046976,0,18046976,4406,8188,-2,
103,term_cut,source_uncut,A,63,9,32,32,1,2,8188,-2,-1,1,0,1,24,9023488,0,27070464,6609,6144,-13,
103,term_cut,source_uncut,A,63,9,32,32,1,3,6144,-13,-12,-1,0,12,24,4406,0,27066058,6607,8188,-15,
103,term_cut,post_sum_pack12,A,63,9,32,32,1,1,6143,0,0,1,0,0,12,4406,0,4406,4406,8188,-2,0x1136000000000000000000000000
103,term_cut,post_sum_pack12,A,63,9,32,32,1,2,8188,-2,-1,1,0,1,12,2203,0,6609,6609,6144,-13,0x19d1000000000000000000000000
103,term_cut,post_sum_pack12,A,63,9,32,32,1,3,6144,-13,-12,-1,0,12,12,1,1,6607,6607,8188,-15,0x19cfeca000000000000000000000
103,term_cut,signed_floor,A,63,9,32,32,1,1,6143,0,0,1,0,0,12,4406,0,4406,4406,8188,-2,
103,term_cut,signed_floor,A,63,9,32,32,1,2,8188,-2,-1,1,0,1,12,2203,0,6609,6609,6144,-13,
103,term_cut,signed_floor,A,63,9,32,32,1,3,6144,-13,-12,-1,0,12,12,1,1,6607,6607,8188,-15,
104,guard_depth,fig3,A,63,9,32,32,1,1,6143,0,0,1,0,0,12,4406,0,4406,4406,8188,-2,
104,guard_depth,fig3,A,63,9,32,32,1,2,8188,-2,-1,1,0,1,12,2203,0,6609,6609,6144,-13,
104,guard_depth,fig3,A,63,9,32,32,1,3,6144,-13,-12,-1,0,12,12,1,1,6608,6608,8188,-15,
104,guard_depth,tie_b,B,63,9,32,32,1,1,4406,0,0,1,0,0,12,6143,0,6143,6143,4960,-4,
104,guard_depth,tie_b,B,63,9,32,32,1,2,4960,-4,-4,1,0,4,12,383,1,6526,6526,6912,-7,
104,guard_depth,tie_b,B,63,9,32,32,1,3,6912,-7,-6,1,0,6,12,95,1,6621,6621,5116,-9,
104,guard_depth,legacy7,A,63,9,32,32,1,1,6143,0,0,1,0,0,12,4406,0,4406,4406,8188,-2,
104,guard_depth,legacy7,A,63,9,32,32,1,2,8188,-2,-1,1,0,1,12,2203,0,6609,6609,6144,-13,
104,guard_depth,legacy7,A,63,9,32,32,1,3,6144,-13,-12,-1,0,12,12,1,1,6608,6608,8188,-15,
104,guard_depth,input_anchor,A,63,9,32,32,1,1,6143,0,0,1,0,0,12,4406,0,4406,4406,8188,-2,
104,guard_depth,input_anchor,A,63,9,32,32,1,2,8188,-2,-1,1,0,1,12,2203,0,6609,6609,6144,-13,
104,guard_depth,input_anchor,A,63,9,32,32,1,3,6144,-13,-12,-1,0,12,12,1,1,6608,6608,8188,-15,
104,guard_depth,exact_residual,A,63,9,32,32,1,1,6143,0,0,1,0,0,12,4406,0,4406,4406,8188,-2,
104,guard_depth,exact_residual,A,63,9,32,32,1,2,8188,-2,-1,1,0,1,12,2203,0,6609,6609,4096,-12,
104,guard_depth,exact_residual,A,63,9,32,32,1,3,4096,-12,-12,-1,0,12,12,1,1,6608,6608,0,-12,
104,guard_depth,guard1_pack12,A,63,9,32,32,1,1,6143,0,0,1,0,0,13,8812,0,8812,4406,8188,-2,
104,guard_depth,guard1_pack12,A,63,9,32,32,1,2,8188,-2,-1,1,0,1,13,4406,0,13218,6609,6144,-13,
104,guard_depth,guard1_pack12,A,63,9,32,32,1,3,6144,-13,-12,-1,0,12,13,2,1,13216,6608,8188,-15,
104,guard_depth,guard12_pack12,A,63,9,32,32,1,1,6143,0,0,1,0,0,24,18046976,0,18046976,4406,8188,-2,
104,guard_depth,guard12_pack12,A,63,9,32,32,1,2,8188,-2,-1,1,0,1,24,9023488,0,27070464,6609,6144,-13,
104,guard_depth,guard12_pack12,A,63,9,32,32,1,3,6144,-13,-12,-1,0,12,24,4406,0,27066058,6607,8188,-15,
104,guard_depth,source_uncut,A,63,9,32,32,1,1,6143,0,0,1,0,0,24,18046976,0,18046976,4406,8188,-2,
104,guard_depth,source_uncut,A,63,9,32,32,1,2,8188,-2,-1,1,0,1,24,9023488,0,27070464,6609,6144,-13,
104,guard_depth,source_uncut,A,63,9,32,32,1,3,6144,-13,-12,-1,0,12,24,4406,0,27066058,6607,8188,-15,
104,guard_depth,post_sum_pack12,A,63,9,32,32,1,1,6143,0,0,1,0,0,12,4406,0,4406,4406,8188,-2,0x1136000000000000000000000000
104,guard_depth,post_sum_pack12,A,63,9,32,32,1,2,8188,-2,-1,1,0,1,12,2203,0,6609,6609,6144,-13,0x19d1000000000000000000000000
104,guard_depth,post_sum_pack12,A,63,9,32,32,1,3,6144,-13,-12,-1,0,12,12,1,1,6607,6607,8188,-15,0x19cfeca000000000000000000000
104,guard_depth,signed_floor,A,63,9,32,32,1,1,6143,0,0,1,0,0,12,4406,0,4406,4406,8188,-2,
104,guard_depth,signed_floor,A,63,9,32,32,1,2,8188,-2,-1,1,0,1,12,2203,0,6609,6609,6144,-13,
104,guard_depth,signed_floor,A,63,9,32,32,1,3,6144,-13,-12,-1,0,12,12,1,1,6607,6607,8188,-15,
105,post_sum_cut,fig3,A,63,9,32,32,1,1,6143,0,0,1,0,0,12,4406,0,4406,4406,8188,-2,
105,post_sum_cut,fig3,A,63,9,32,32,1,2,8188,-2,-1,1,0,1,12,2203,0,6609,6609,6144,-13,
105,post_sum_cut,fig3,A,63,9,32,32,1,3,6144,-13,-12,-1,0,12,12,1,1,6608,6608,8188,-15,
105,post_sum_cut,tie_b,B,63,9,32,32,1,1,4406,0,0,1,0,0,12,6143,0,6143,6143,4960,-4,
105,post_sum_cut,tie_b,B,63,9,32,32,1,2,4960,-4,-4,1,0,4,12,383,1,6526,6526,6912,-7,
105,post_sum_cut,tie_b,B,63,9,32,32,1,3,6912,-7,-6,1,0,6,12,95,1,6621,6621,5116,-9,
105,post_sum_cut,legacy7,A,63,9,32,32,1,1,6143,0,0,1,0,0,12,4406,0,4406,4406,8188,-2,
105,post_sum_cut,legacy7,A,63,9,32,32,1,2,8188,-2,-1,1,0,1,12,2203,0,6609,6609,6144,-13,
105,post_sum_cut,legacy7,A,63,9,32,32,1,3,6144,-13,-12,-1,0,12,12,1,1,6608,6608,8188,-15,
105,post_sum_cut,input_anchor,A,63,9,32,32,1,1,6143,0,0,1,0,0,12,4406,0,4406,4406,8188,-2,
105,post_sum_cut,input_anchor,A,63,9,32,32,1,2,8188,-2,-1,1,0,1,12,2203,0,6609,6609,6144,-13,
105,post_sum_cut,input_anchor,A,63,9,32,32,1,3,6144,-13,-12,-1,0,12,12,1,1,6608,6608,8188,-15,
105,post_sum_cut,exact_residual,A,63,9,32,32,1,1,6143,0,0,1,0,0,12,4406,0,4406,4406,8188,-2,
105,post_sum_cut,exact_residual,A,63,9,32,32,1,2,8188,-2,-1,1,0,1,12,2203,0,6609,6609,4096,-12,
105,post_sum_cut,exact_residual,A,63,9,32,32,1,3,4096,-12,-12,-1,0,12,12,1,1,6608,6608,0,-12,
105,post_sum_cut,guard1_pack12,A,63,9,32,32,1,1,6143,0,0,1,0,0,13,8812,0,8812,4406,8188,-2,
105,post_sum_cut,guard1_pack12,A,63,9,32,32,1,2,8188,-2,-1,1,0,1,13,4406,0,13218,6609,6144,-13,
105,post_sum_cut,guard1_pack12,A,63,9,32,32,1,3,6144,-13,-12,-1,0,12,13,2,1,13216,6608,8188,-15,
105,post_sum_cut,guard12_pack12,A,63,9,32,32,1,1,6143,0,0,1,0,0,24,18046976,0,18046976,4406,8188,-2,
105,post_sum_cut,guard12_pack12,A,63,9,32,32,1,2,8188,-2,-1,1,0,1,24,9023488,0,27070464,6609,6144,-13,
105,post_sum_cut,guard12_pack12,A,63,9,32,32,1,3,6144,-13,-12,-1,0,12,24,4406,0,27066058,6607,8188,-15,
105,post_sum_cut,source_uncut,A,63,9,32,32,1,1,6143,0,0,1,0,0,24,18046976,0,18046976,4406,8188,-2,
105,post_sum_cut,source_uncut,A,63,9,32,32,1,2,8188,-2,-1,1,0,1,24,9023488,0,27070464,6609,6144,-13,
105,post_sum_cut,source_uncut,A,63,9,32,32,1,3,6144,-13,-12,-1,0,12,24,4406,0,27066058,6607,8188,-15,
105,post_sum_cut,post_sum_pack12,A,63,9,32,32,1,1,6143,0,0,1,0,0,12,4406,0,4406,4406,8188,-2,0x1136000000000000000000000000
105,post_sum_cut,post_sum_pack12,A,63,9,32,32,1,2,8188,-2,-1,1,0,1,12,2203,0,6609,6609,6144,-13,0x19d1000000000000000000000000
105,post_sum_cut,post_sum_pack12,A,63,9,32,32,1,3,6144,-13,-12,-1,0,12,12,1,1,6607,6607,8188,-15,0x19cfeca000000000000000000000
105,post_sum_cut,signed_floor,A,63,9,32,32,1,1,6143,0,0,1,0,0,12,4406,0,4406,4406,8188,-2,
105,post_sum_cut,signed_floor,A,63,9,32,32,1,2,8188,-2,-1,1,0,1,12,2203,0,6609,6609,6144,-13,
105,post_sum_cut,signed_floor,A,63,9,32,32,1,3,6144,-13,-12,-1,0,12,12,1,1,6607,6607,8188,-15,
106,signed_cut,fig3,A,63,9,32,32,1,1,6143,0,0,1,0,0,12,4406,0,4406,4406,8188,-2,
106,signed_cut,fig3,A,63,9,32,32,1,2,8188,-2,-1,1,0,1,12,2203,0,6609,6609,6144,-13,
106,signed_cut,fig3,A,63,9,32,32,1,3,6144,-13,-12,-1,0,12,12,1,1,6608,6608,8188,-15,
106,signed_cut,tie_b,B,63,9,32,32,1,1,4406,0,0,1,0,0,12,6143,0,6143,6143,4960,-4,
106,signed_cut,tie_b,B,63,9,32,32,1,2,4960,-4,-4,1,0,4,12,383,1,6526,6526,6912,-7,
106,signed_cut,tie_b,B,63,9,32,32,1,3,6912,-7,-6,1,0,6,12,95,1,6621,6621,5116,-9,
106,signed_cut,legacy7,A,63,9,32,32,1,1,6143,0,0,1,0,0,12,4406,0,4406,4406,8188,-2,
106,signed_cut,legacy7,A,63,9,32,32,1,2,8188,-2,-1,1,0,1,12,2203,0,6609,6609,6144,-13,
106,signed_cut,legacy7,A,63,9,32,32,1,3,6144,-13,-12,-1,0,12,12,1,1,6608,6608,8188,-15,
106,signed_cut,input_anchor,A,63,9,32,32,1,1,6143,0,0,1,0,0,12,4406,0,4406,4406,8188,-2,
106,signed_cut,input_anchor,A,63,9,32,32,1,2,8188,-2,-1,1,0,1,12,2203,0,6609,6609,6144,-13,
106,signed_cut,input_anchor,A,63,9,32,32,1,3,6144,-13,-12,-1,0,12,12,1,1,6608,6608,8188,-15,
106,signed_cut,exact_residual,A,63,9,32,32,1,1,6143,0,0,1,0,0,12,4406,0,4406,4406,8188,-2,
106,signed_cut,exact_residual,A,63,9,32,32,1,2,8188,-2,-1,1,0,1,12,2203,0,6609,6609,4096,-12,
106,signed_cut,exact_residual,A,63,9,32,32,1,3,4096,-12,-12,-1,0,12,12,1,1,6608,6608,0,-12,
106,signed_cut,guard1_pack12,A,63,9,32,32,1,1,6143,0,0,1,0,0,13,8812,0,8812,4406,8188,-2,
106,signed_cut,guard1_pack12,A,63,9,32,32,1,2,8188,-2,-1,1,0,1,13,4406,0,13218,6609,6144,-13,
106,signed_cut,guard1_pack12,A,63,9,32,32,1,3,6144,-13,-12,-1,0,12,13,2,1,13216,6608,8188,-15,
106,signed_cut,guard12_pack12,A,63,9,32,32,1,1,6143,0,0,1,0,0,24,18046976,0,18046976,4406,8188,-2,
106,signed_cut,guard12_pack12,A,63,9,32,32,1,2,8188,-2,-1,1,0,1,24,9023488,0,27070464,6609,6144,-13,
106,signed_cut,guard12_pack12,A,63,9,32,32,1,3,6144,-13,-12,-1,0,12,24,4406,0,27066058,6607,8188,-15,
106,signed_cut,source_uncut,A,63,9,32,32,1,1,6143,0,0,1,0,0,24,18046976,0,18046976,4406,8188,-2,
106,signed_cut,source_uncut,A,63,9,32,32,1,2,8188,-2,-1,1,0,1,24,9023488,0,27070464,6609,6144,-13,
106,signed_cut,source_uncut,A,63,9,32,32,1,3,6144,-13,-12,-1,0,12,24,4406,0,27066058,6607,8188,-15,
106,signed_cut,post_sum_pack12,A,63,9,32,32,1,1,6143,0,0,1,0,0,12,4406,0,4406,4406,8188,-2,0x1136000000000000000000000000
106,signed_cut,post_sum_pack12,A,63,9,32,32,1,2,8188,-2,-1,1,0,1,12,2203,0,6609,6609,6144,-13,0x19d1000000000000000000000000
106,signed_cut,post_sum_pack12,A,63,9,32,32,1,3,6144,-13,-12,-1,0,12,12,1,1,6607,6607,8188,-15,0x19cfeca000000000000000000000
106,signed_cut,signed_floor,A,63,9,32,32,1,1,6143,0,0,1,0,0,12,4406,0,4406,4406,8188,-2,
106,signed_cut,signed_floor,A,63,9,32,32,1,2,8188,-2,-1,1,0,1,12,2203,0,6609,6609,6144,-13,
106,signed_cut,signed_floor,A,63,9,32,32,1,3,6144,-13,-12,-1,0,12,12,1,1,6607,6607,8188,-15,
107,signed_cut,fig3,A,63,9,32,32,1,1,6143,0,0,1,0,0,12,4406,0,4406,4406,8188,-2,
107,signed_cut,fig3,A,63,9,32,32,1,2,8188,-2,-1,1,0,1,12,2203,0,6609,6609,6144,-13,
107,signed_cut,fig3,A,63,9,32,32,1,3,6144,-13,-12,-1,0,12,12,1,1,6608,6608,8188,-15,
107,signed_cut,fig3,A,63,9,32,32,1,4,8188,-15,-14,1,0,14,12,0,1,6608,6608,6144,-26,
107,signed_cut,tie_b,B,63,9,32,32,1,1,4406,0,0,1,0,0,12,6143,0,6143,6143,4960,-4,
107,signed_cut,tie_b,B,63,9,32,32,1,2,4960,-4,-4,1,0,4,12,383,1,6526,6526,6912,-7,
107,signed_cut,tie_b,B,63,9,32,32,1,3,6912,-7,-6,1,0,6,12,95,1,6621,6621,5116,-9,
107,signed_cut,tie_b,B,63,9,32,32,1,4,5116,-9,-9,-1,0,9,12,11,1,6610,6610,8160,-12,
107,signed_cut,legacy7,A,63,9,32,32,1,1,6143,0,0,1,0,0,12,4406,0,4406,4406,8188,-2,
107,signed_cut,legacy7,A,63,9,32,32,1,2,8188,-2,-1,1,0,1,12,2203,0,6609,6609,6144,-13,
107,signed_cut,legacy7,A,63,9,32,32,1,3,6144,-13,-12,-1,0,12,12,1,1,6608,6608,8188,-15,
107,signed_cut,legacy7,A,63,9,32,32,1,4,8188,-15,-14,1,0,14,12,0,1,6608,6608,6144,-26,
107,signed_cut,input_anchor,A,63,9,32,32,1,1,6143,0,0,1,0,0,12,4406,0,4406,4406,8188,-2,
107,signed_cut,input_anchor,A,63,9,32,32,1,2,8188,-2,-1,1,0,1,12,2203,0,6609,6609,6144,-13,
107,signed_cut,input_anchor,A,63,9,32,32,1,3,6144,-13,-12,-1,0,12,12,1,1,6608,6608,8188,-15,
107,signed_cut,input_anchor,A,63,9,32,32,1,4,8188,-15,-14,1,0,14,12,0,1,6608,6608,6144,-26,
107,signed_cut,exact_residual,A,63,9,32,32,1,1,6143,0,0,1,0,0,12,4406,0,4406,4406,8188,-2,
107,signed_cut,exact_residual,A,63,9,32,32,1,2,8188,-2,-1,1,0,1,12,2203,0,6609,6609,4096,-12,
107,signed_cut,exact_residual,A,63,9,32,32,1,3,4096,-12,-12,-1,0,12,12,1,1,6608,6608,0,-12,
107,signed_cut,guard1_pack12,A,63,9,32,32,1,1,6143,0,0,1,0,0,13,8812,0,8812,4406,8188,-2,
107,signed_cut,guard1_pack12,A,63,9,32,32,1,2,8188,-2,-1,1,0,1,13,4406,0,13218,6609,6144,-13,
107,signed_cut,guard1_pack12,A,63,9,32,32,1,3,6144,-13,-12,-1,0,12,13,2,1,13216,6608,8188,-15,
107,signed_cut,guard1_pack12,A,63,9,32,32,1,4,8188,-15,-14,1,0,14,13,0,1,13216,6608,6144,-26,
107,signed_cut,guard12_pack12,A,63,9,32,32,1,1,6143,0,0,1,0,0,24,18046976,0,18046976,4406,8188,-2,
107,signed_cut,guard12_pack12,A,63,9,32,32,1,2,8188,-2,-1,1,0,1,24,9023488,0,27070464,6609,6144,-13,
107,signed_cut,guard12_pack12,A,63,9,32,32,1,3,6144,-13,-12,-1,0,12,24,4406,0,27066058,6607,8188,-15,
107,signed_cut,guard12_pack12,A,63,9,32,32,1,4,8188,-15,-14,1,0,14,24,1101,1,27067159,6608,6144,-26,
107,signed_cut,source_uncut,A,63,9,32,32,1,1,6143,0,0,1,0,0,24,18046976,0,18046976,4406,8188,-2,
107,signed_cut,source_uncut,A,63,9,32,32,1,2,8188,-2,-1,1,0,1,24,9023488,0,27070464,6609,6144,-13,
107,signed_cut,source_uncut,A,63,9,32,32,1,3,6144,-13,-12,-1,0,12,24,4406,0,27066058,6607,8188,-15,
107,signed_cut,source_uncut,A,63,9,32,32,1,4,8188,-15,-14,1,0,14,24,1101,1,27067159,6608,6144,-26,
107,signed_cut,post_sum_pack12,A,63,9,32,32,1,1,6143,0,0,1,0,0,12,4406,0,4406,4406,8188,-2,0x1136000000000000000000000000
107,signed_cut,post_sum_pack12,A,63,9,32,32,1,2,8188,-2,-1,1,0,1,12,2203,0,6609,6609,6144,-13,0x19d1000000000000000000000000
107,signed_cut,post_sum_pack12,A,63,9,32,32,1,3,6144,-13,-12,-1,0,12,12,1,1,6607,6607,8188,-15,0x19cfeca000000000000000000000
107,signed_cut,post_sum_pack12,A,63,9,32,32,1,4,8188,-15,-14,1,0,14,12,0,1,6608,6608,6144,-26,0x19d0317800000000000000000000
107,signed_cut,signed_floor,A,63,9,32,32,1,1,6143,0,0,1,0,0,12,4406,0,4406,4406,8188,-2,
107,signed_cut,signed_floor,A,63,9,32,32,1,2,8188,-2,-1,1,0,1,12,2203,0,6609,6609,6144,-13,
107,signed_cut,signed_floor,A,63,9,32,32,1,3,6144,-13,-12,-1,0,12,12,1,1,6607,6607,8188,-15,
107,signed_cut,signed_floor,A,63,9,32,32,1,4,8188,-15,-14,1,0,14,12,0,1,6607,6607,6144,-26,
108,signed_cut,fig3,A,63,10,32,64,0,1,6143,0,0,1,0,0,12,4437,0,4437,4437,8188,-2,
108,signed_cut,fig3,A,63,10,32,64,0,2,8188,-2,-1,1,0,1,12,2218,1,6655,6655,6144,-13,
108,signed_cut,fig3,A,63,10,32,64,0,3,6144,-13,-12,-1,0,12,12,1,1,6654,6654,8188,-15,
108,signed_cut,tie_b,A,63,10,32,64,0,1,6143,0,0,1,0,0,12,4437,0,4437,4437,8188,-2,
108,signed_cut,tie_b,A,63,10,32,64,0,2,8188,-2,-1,1,0,1,12,2218,1,6655,6655,6144,-13,
108,signed_cut,tie_b,A,63,10,32,64,0,3,6144,-13,-12,-1,0,12,12,1,1,6654,6654,8188,-15,
108,signed_cut,legacy7,A,63,10,32,64,0,1,6143,0,0,1,0,0,12,4437,0,4437,4437,8188,-2,
108,signed_cut,legacy7,A,63,10,32,64,0,2,8188,-2,-1,1,0,1,12,2218,1,6655,6655,6144,-13,
108,signed_cut,legacy7,A,63,10,32,64,0,3,6144,-13,-12,-1,0,12,12,1,1,6654,6654,8188,-15,
108,signed_cut,input_anchor,A,63,10,32,64,0,1,6143,0,0,1,0,0,12,4437,0,4437,4437,8188,-2,
108,signed_cut,input_anchor,A,63,10,32,64,0,2,8188,-2,-1,1,0,1,12,2218,1,6655,6655,6144,-13,
108,signed_cut,input_anchor,A,63,10,32,64,0,3,6144,-13,-12,-1,0,12,12,1,1,6654,6654,8188,-15,
108,signed_cut,exact_residual,A,63,10,32,64,0,1,6143,0,0,1,0,0,12,4437,0,4437,4437,8188,-2,
108,signed_cut,exact_residual,A,63,10,32,64,0,2,8188,-2,-1,1,0,1,12,2218,1,6655,6655,4096,-12,
108,signed_cut,exact_residual,A,63,10,32,64,0,3,4096,-12,-12,-1,0,12,12,1,1,6654,6654,0,-12,
108,signed_cut,guard1_pack12,A,63,10,32,64,0,1,6143,0,0,1,0,0,13,8874,0,8874,4437,8188,-2,
108,signed_cut,guard1_pack12,A,63,10,32,64,0,2,8188,-2,-1,1,0,1,13,4437,0,13311,6655,6144,-13,
108,signed_cut,guard1_pack12,A,63,10,32,64,0,3,6144,-13,-12,-1,0,12,13,2,1,13309,6654,8188,-15,
108,signed_cut,guard12_pack12,A,63,10,32,64,0,1,6143,0,0,1,0,0,24,18173952,0,18173952,4437,8188,-2,
108,signed_cut,guard12_pack12,A,63,10,32,64,0,2,8188,-2,-1,1,0,1,24,9086976,0,27260928,6655,6144,-13,
108,signed_cut,guard12_pack12,A,63,10,32,64,0,3,6144,-13,-12,-1,0,12,24,4437,0,27256491,6654,8188,-15,
108,signed_cut,source_uncut,A,63,10,32,64,0,1,6143,0,0,1,0,0,24,18173952,0,18173952,4437,8188,-2,
108,signed_cut,source_uncut,A,63,10,32,64,0,2,8188,-2,-1,1,0,1,24,9086976,0,27260928,6655,6144,-13,
108,signed_cut,source_uncut,A,63,10,32,64,0,3,6144,-13,-12,-1,0,12,24,4437,0,27256491,6654,8188,-15,
108,signed_cut,post_sum_pack12,A,63,10,32,64,0,1,6143,0,0,1,0,0,12,4437,0,4437,4437,8188,-2,0x1155000000000000000000000000
108,signed_cut,post_sum_pack12,A,63,10,32,64,0,2,8188,-2,-1,1,0,1,12,2218,1,6655,6655,6144,-13,0x19ff800000000000000000000000
108,signed_cut,post_sum_pack12,A,63,10,32,64,0,3,6144,-13,-12,-1,0,12,12,1,1,6654,6654,8188,-15,0x19fe6ab000000000000000000000
108,signed_cut,signed_floor,A,63,10,32,64,0,1,6143,0,0,1,0,0,12,4437,0,4437,4437,8188,-2,
108,signed_cut,signed_floor,A,63,10,32,64,0,2,8188,-2,-1,1,0,1,12,2218,1,6655,6655,6144,-13,
108,signed_cut,signed_floor,A,63,10,32,64,0,3,6144,-13,-12,-1,0,12,12,1,1,6653,6653,8188,-15,
109,signed_cut,fig3,A,63,10,32,64,0,1,6143,0,0,1,0,0,12,4437,0,4437,4437,8188,-2,
109,signed_cut,fig3,A,63,10,32,64,0,2,8188,-2,-1,1,0,1,12,2218,1,6655,6655,6144,-13,
109,signed_cut,fig3,A,63,10,32,64,0,3,6144,-13,-12,-1,0,12,12,1,1,6654,6654,8188,-15,
109,signed_cut,fig3,A,63,10,32,64,0,4,8188,-15,-14,1,0,14,12,0,1,6654,6654,6144,-26,
109,signed_cut,tie_b,A,63,10,32,64,0,1,6143,0,0,1,0,0,12,4437,0,4437,4437,8188,-2,
109,signed_cut,tie_b,A,63,10,32,64,0,2,8188,-2,-1,1,0,1,12,2218,1,6655,6655,6144,-13,
109,signed_cut,tie_b,A,63,10,32,64,0,3,6144,-13,-12,-1,0,12,12,1,1,6654,6654,8188,-15,
109,signed_cut,tie_b,A,63,10,32,64,0,4,8188,-15,-14,1,0,14,12,0,1,6654,6654,6144,-26,
109,signed_cut,legacy7,A,63,10,32,64,0,1,6143,0,0,1,0,0,12,4437,0,4437,4437,8188,-2,
109,signed_cut,legacy7,A,63,10,32,64,0,2,8188,-2,-1,1,0,1,12,2218,1,6655,6655,6144,-13,
109,signed_cut,legacy7,A,63,10,32,64,0,3,6144,-13,-12,-1,0,12,12,1,1,6654,6654,8188,-15,
109,signed_cut,legacy7,A,63,10,32,64,0,4,8188,-15,-14,1,0,14,12,0,1,6654,6654,6144,-26,
109,signed_cut,input_anchor,A,63,10,32,64,0,1,6143,0,0,1,0,0,12,4437,0,4437,4437,8188,-2,
109,signed_cut,input_anchor,A,63,10,32,64,0,2,8188,-2,-1,1,0,1,12,2218,1,6655,6655,6144,-13,
109,signed_cut,input_anchor,A,63,10,32,64,0,3,6144,-13,-12,-1,0,12,12,1,1,6654,6654,8188,-15,
109,signed_cut,input_anchor,A,63,10,32,64,0,4,8188,-15,-14,1,0,14,12,0,1,6654,6654,6144,-26,
109,signed_cut,exact_residual,A,63,10,32,64,0,1,6143,0,0,1,0,0,12,4437,0,4437,4437,8188,-2,
109,signed_cut,exact_residual,A,63,10,32,64,0,2,8188,-2,-1,1,0,1,12,2218,1,6655,6655,4096,-12,
109,signed_cut,exact_residual,A,63,10,32,64,0,3,4096,-12,-12,-1,0,12,12,1,1,6654,6654,0,-12,
109,signed_cut,guard1_pack12,A,63,10,32,64,0,1,6143,0,0,1,0,0,13,8874,0,8874,4437,8188,-2,
109,signed_cut,guard1_pack12,A,63,10,32,64,0,2,8188,-2,-1,1,0,1,13,4437,0,13311,6655,6144,-13,
109,signed_cut,guard1_pack12,A,63,10,32,64,0,3,6144,-13,-12,-1,0,12,13,2,1,13309,6654,8188,-15,
109,signed_cut,guard1_pack12,A,63,10,32,64,0,4,8188,-15,-14,1,0,14,13,0,1,13309,6654,6144,-26,
109,signed_cut,guard12_pack12,A,63,10,32,64,0,1,6143,0,0,1,0,0,24,18173952,0,18173952,4437,8188,-2,
109,signed_cut,guard12_pack12,A,63,10,32,64,0,2,8188,-2,-1,1,0,1,24,9086976,0,27260928,6655,6144,-13,
109,signed_cut,guard12_pack12,A,63,10,32,64,0,3,6144,-13,-12,-1,0,12,24,4437,0,27256491,6654,8188,-15,
109,signed_cut,guard12_pack12,A,63,10,32,64,0,4,8188,-15,-14,1,0,14,24,1109,1,27257600,6654,6144,-26,
109,signed_cut,source_uncut,A,63,10,32,64,0,1,6143,0,0,1,0,0,24,18173952,0,18173952,4437,8188,-2,
109,signed_cut,source_uncut,A,63,10,32,64,0,2,8188,-2,-1,1,0,1,24,9086976,0,27260928,6655,6144,-13,
109,signed_cut,source_uncut,A,63,10,32,64,0,3,6144,-13,-12,-1,0,12,24,4437,0,27256491,6654,8188,-15,
109,signed_cut,source_uncut,A,63,10,32,64,0,4,8188,-15,-14,1,0,14,24,1109,1,27257600,6654,6144,-26,
109,signed_cut,post_sum_pack12,A,63,10,32,64,0,1,6143,0,0,1,0,0,12,4437,0,4437,4437,8188,-2,0x1155000000000000000000000000
109,signed_cut,post_sum_pack12,A,63,10,32,64,0,2,8188,-2,-1,1,0,1,12,2218,1,6655,6655,6144,-13,0x19ff800000000000000000000000
109,signed_cut,post_sum_pack12,A,63,10,32,64,0,3,6144,-13,-12,-1,0,12,12,1,1,6654,6654,8188,-15,0x19fe6ab000000000000000000000
109,signed_cut,post_sum_pack12,A,63,10,32,64,0,4,8188,-15,-14,1,0,14,12,0,1,6654,6654,6144,-26,0x19feb00400000000000000000000
109,signed_cut,signed_floor,A,63,10,32,64,0,1,6143,0,0,1,0,0,12,4437,0,4437,4437,8188,-2,
109,signed_cut,signed_floor,A,63,10,32,64,0,2,8188,-2,-1,1,0,1,12,2218,1,6655,6655,6144,-13,
109,signed_cut,signed_floor,A,63,10,32,64,0,3,6144,-13,-12,-1,0,12,12,1,1,6653,6653,8188,-15,
109,signed_cut,signed_floor,A,63,10,32,64,0,4,8188,-15,-14,1,0,14,12,0,1,6653,6653,6144,-26,
110,term_cut,fig3,A,63,11,32,96,0,1,6143,0,0,1,0,0,12,4468,0,4468,4468,8188,-2,
110,term_cut,fig3,A,63,11,32,96,0,2,8188,-2,-1,1,0,1,12,2234,0,6702,6702,6144,-13,
110,term_cut,fig3,A,63,11,32,96,0,3,6144,-13,-12,-1,0,12,12,1,1,6701,6701,8188,-15,
110,term_cut,tie_b,A,63,11,32,96,0,1,6143,0,0,1,0,0,12,4468,0,4468,4468,8188,-2,
110,term_cut,tie_b,A,63,11,32,96,0,2,8188,-2,-1,1,0,1,12,2234,0,6702,6702,6144,-13,
110,term_cut,tie_b,A,63,11,32,96,0,3,6144,-13,-12,-1,0,12,12,1,1,6701,6701,8188,-15,
110,term_cut,legacy7,A,63,11,32,96,0,1,6143,0,0,1,0,0,12,4468,0,4468,4468,8188,-2,
110,term_cut,legacy7,A,63,11,32,96,0,2,8188,-2,-1,1,0,1,12,2234,0,6702,6702,6144,-13,
110,term_cut,legacy7,A,63,11,32,96,0,3,6144,-13,-12,-1,0,12,12,1,1,6701,6701,8188,-15,
110,term_cut,input_anchor,A,63,11,32,96,0,1,6143,0,0,1,0,0,12,4468,0,4468,4468,8188,-2,
110,term_cut,input_anchor,A,63,11,32,96,0,2,8188,-2,-1,1,0,1,12,2234,0,6702,6702,6144,-13,
110,term_cut,input_anchor,A,63,11,32,96,0,3,6144,-13,-12,-1,0,12,12,1,1,6701,6701,8188,-15,
110,term_cut,exact_residual,A,63,11,32,96,0,1,6143,0,0,1,0,0,12,4468,0,4468,4468,8188,-2,
110,term_cut,exact_residual,A,63,11,32,96,0,2,8188,-2,-1,1,0,1,12,2234,0,6702,6702,4096,-12,
110,term_cut,exact_residual,A,63,11,32,96,0,3,4096,-12,-12,-1,0,12,12,1,1,6701,6701,0,-12,
110,term_cut,guard1_pack12,A,63,11,32,96,0,1,6143,0,0,1,0,0,13,8936,0,8936,4468,8188,-2,
110,term_cut,guard1_pack12,A,63,11,32,96,0,2,8188,-2,-1,1,0,1,13,4468,0,13404,6702,6144,-13,
110,term_cut,guard1_pack12,A,63,11,32,96,0,3,6144,-13,-12,-1,0,12,13,2,1,13402,6701,8188,-15,
110,term_cut,guard12_pack12,A,63,11,32,96,0,1,6143,0,0,1,0,0,24,18300928,0,18300928,4468,8188,-2,
110,term_cut,guard12_pack12,A,63,11,32,96,0,2,8188,-2,-1,1,0,1,24,9150464,0,27451392,6702,6144,-13,
110,term_cut,guard12_pack12,A,63,11,32,96,0,3,6144,-13,-12,-1,0,12,24,4468,0,27446924,6700,8188,-15,
110,term_cut,source_uncut,A,63,11,32,96,0,1,6143,0,0,1,0,0,24,18300928,0,18300928,4468,8188,-2,
110,term_cut,source_uncut,A,63,11,32,96,0,2,8188,-2,-1,1,0,1,24,9150464,0,27451392,6702,6144,-13,
110,term_cut,source_uncut,A,63,11,32,96,0,3,6144,-13,-12,-1,0,12,24,4468,0,27446924,6700,8188,-15,
110,term_cut,post_sum_pack12,A,63,11,32,96,0,1,6143,0,0,1,0,0,12,4468,0,4468,4468,8188,-2,0x1174000000000000000000000000
110,term_cut,post_sum_pack12,A,63,11,32,96,0,2,8188,-2,-1,1,0,1,12,2234,0,6702,6702,6144,-13,0x1a2e000000000000000000000000
110,term_cut,post_sum_pack12,A,63,11,32,96,0,3,6144,-13,-12,-1,0,12,12,1,1,6700,6700,8188,-15,0x1a2ce8c000000000000000000000
110,term_cut,signed_floor,A,63,11,32,96,0,1,6143,0,0,1,0,0,12,4468,0,4468,4468,8188,-2,
110,term_cut,signed_floor,A,63,11,32,96,0,2,8188,-2,-1,1,0,1,12,2234,0,6702,6702,6144,-13,
110,term_cut,signed_floor,A,63,11,32,96,0,3,6144,-13,-12,-1,0,12,12,1,1,6700,6700,8188,-15,
111,guard_depth,fig3,A,63,11,32,96,0,1,6143,0,0,1,0,0,12,4468,0,4468,4468,8188,-2,
111,guard_depth,fig3,A,63,11,32,96,0,2,8188,-2,-1,1,0,1,12,2234,0,6702,6702,6144,-13,
111,guard_depth,fig3,A,63,11,32,96,0,3,6144,-13,-12,-1,0,12,12,1,1,6701,6701,8188,-15,
111,guard_depth,tie_b,A,63,11,32,96,0,1,6143,0,0,1,0,0,12,4468,0,4468,4468,8188,-2,
111,guard_depth,tie_b,A,63,11,32,96,0,2,8188,-2,-1,1,0,1,12,2234,0,6702,6702,6144,-13,
111,guard_depth,tie_b,A,63,11,32,96,0,3,6144,-13,-12,-1,0,12,12,1,1,6701,6701,8188,-15,
111,guard_depth,legacy7,A,63,11,32,96,0,1,6143,0,0,1,0,0,12,4468,0,4468,4468,8188,-2,
111,guard_depth,legacy7,A,63,11,32,96,0,2,8188,-2,-1,1,0,1,12,2234,0,6702,6702,6144,-13,
111,guard_depth,legacy7,A,63,11,32,96,0,3,6144,-13,-12,-1,0,12,12,1,1,6701,6701,8188,-15,
111,guard_depth,input_anchor,A,63,11,32,96,0,1,6143,0,0,1,0,0,12,4468,0,4468,4468,8188,-2,
111,guard_depth,input_anchor,A,63,11,32,96,0,2,8188,-2,-1,1,0,1,12,2234,0,6702,6702,6144,-13,
111,guard_depth,input_anchor,A,63,11,32,96,0,3,6144,-13,-12,-1,0,12,12,1,1,6701,6701,8188,-15,
111,guard_depth,exact_residual,A,63,11,32,96,0,1,6143,0,0,1,0,0,12,4468,0,4468,4468,8188,-2,
111,guard_depth,exact_residual,A,63,11,32,96,0,2,8188,-2,-1,1,0,1,12,2234,0,6702,6702,4096,-12,
111,guard_depth,exact_residual,A,63,11,32,96,0,3,4096,-12,-12,-1,0,12,12,1,1,6701,6701,0,-12,
111,guard_depth,guard1_pack12,A,63,11,32,96,0,1,6143,0,0,1,0,0,13,8936,0,8936,4468,8188,-2,
111,guard_depth,guard1_pack12,A,63,11,32,96,0,2,8188,-2,-1,1,0,1,13,4468,0,13404,6702,6144,-13,
111,guard_depth,guard1_pack12,A,63,11,32,96,0,3,6144,-13,-12,-1,0,12,13,2,1,13402,6701,8188,-15,
111,guard_depth,guard12_pack12,A,63,11,32,96,0,1,6143,0,0,1,0,0,24,18300928,0,18300928,4468,8188,-2,
111,guard_depth,guard12_pack12,A,63,11,32,96,0,2,8188,-2,-1,1,0,1,24,9150464,0,27451392,6702,6144,-13,
111,guard_depth,guard12_pack12,A,63,11,32,96,0,3,6144,-13,-12,-1,0,12,24,4468,0,27446924,6700,8188,-15,
111,guard_depth,source_uncut,A,63,11,32,96,0,1,6143,0,0,1,0,0,24,18300928,0,18300928,4468,8188,-2,
111,guard_depth,source_uncut,A,63,11,32,96,0,2,8188,-2,-1,1,0,1,24,9150464,0,27451392,6702,6144,-13,
111,guard_depth,source_uncut,A,63,11,32,96,0,3,6144,-13,-12,-1,0,12,24,4468,0,27446924,6700,8188,-15,
111,guard_depth,post_sum_pack12,A,63,11,32,96,0,1,6143,0,0,1,0,0,12,4468,0,4468,4468,8188,-2,0x1174000000000000000000000000
111,guard_depth,post_sum_pack12,A,63,11,32,96,0,2,8188,-2,-1,1,0,1,12,2234,0,6702,6702,6144,-13,0x1a2e000000000000000000000000
111,guard_depth,post_sum_pack12,A,63,11,32,96,0,3,6144,-13,-12,-1,0,12,12,1,1,6700,6700,8188,-15,0x1a2ce8c000000000000000000000
111,guard_depth,signed_floor,A,63,11,32,96,0,1,6143,0,0,1,0,0,12,4468,0,4468,4468,8188,-2,
111,guard_depth,signed_floor,A,63,11,32,96,0,2,8188,-2,-1,1,0,1,12,2234,0,6702,6702,6144,-13,
111,guard_depth,signed_floor,A,63,11,32,96,0,3,6144,-13,-12,-1,0,12,12,1,1,6700,6700,8188,-15,
112,post_sum_cut,fig3,A,63,11,32,96,0,1,6143,0,0,1,0,0,12,4468,0,4468,4468,8188,-2,
112,post_sum_cut,fig3,A,63,11,32,96,0,2,8188,-2,-1,1,0,1,12,2234,0,6702,6702,6144,-13,
112,post_sum_cut,fig3,A,63,11,32,96,0,3,6144,-13,-12,-1,0,12,12,1,1,6701,6701,8188,-15,
112,post_sum_cut,tie_b,A,63,11,32,96,0,1,6143,0,0,1,0,0,12,4468,0,4468,4468,8188,-2,
112,post_sum_cut,tie_b,A,63,11,32,96,0,2,8188,-2,-1,1,0,1,12,2234,0,6702,6702,6144,-13,
112,post_sum_cut,tie_b,A,63,11,32,96,0,3,6144,-13,-12,-1,0,12,12,1,1,6701,6701,8188,-15,
112,post_sum_cut,legacy7,A,63,11,32,96,0,1,6143,0,0,1,0,0,12,4468,0,4468,4468,8188,-2,
112,post_sum_cut,legacy7,A,63,11,32,96,0,2,8188,-2,-1,1,0,1,12,2234,0,6702,6702,6144,-13,
112,post_sum_cut,legacy7,A,63,11,32,96,0,3,6144,-13,-12,-1,0,12,12,1,1,6701,6701,8188,-15,
112,post_sum_cut,input_anchor,A,63,11,32,96,0,1,6143,0,0,1,0,0,12,4468,0,4468,4468,8188,-2,
112,post_sum_cut,input_anchor,A,63,11,32,96,0,2,8188,-2,-1,1,0,1,12,2234,0,6702,6702,6144,-13,
112,post_sum_cut,input_anchor,A,63,11,32,96,0,3,6144,-13,-12,-1,0,12,12,1,1,6701,6701,8188,-15,
112,post_sum_cut,exact_residual,A,63,11,32,96,0,1,6143,0,0,1,0,0,12,4468,0,4468,4468,8188,-2,
112,post_sum_cut,exact_residual,A,63,11,32,96,0,2,8188,-2,-1,1,0,1,12,2234,0,6702,6702,4096,-12,
112,post_sum_cut,exact_residual,A,63,11,32,96,0,3,4096,-12,-12,-1,0,12,12,1,1,6701,6701,0,-12,
112,post_sum_cut,guard1_pack12,A,63,11,32,96,0,1,6143,0,0,1,0,0,13,8936,0,8936,4468,8188,-2,
112,post_sum_cut,guard1_pack12,A,63,11,32,96,0,2,8188,-2,-1,1,0,1,13,4468,0,13404,6702,6144,-13,
112,post_sum_cut,guard1_pack12,A,63,11,32,96,0,3,6144,-13,-12,-1,0,12,13,2,1,13402,6701,8188,-15,
112,post_sum_cut,guard12_pack12,A,63,11,32,96,0,1,6143,0,0,1,0,0,24,18300928,0,18300928,4468,8188,-2,
112,post_sum_cut,guard12_pack12,A,63,11,32,96,0,2,8188,-2,-1,1,0,1,24,9150464,0,27451392,6702,6144,-13,
112,post_sum_cut,guard12_pack12,A,63,11,32,96,0,3,6144,-13,-12,-1,0,12,24,4468,0,27446924,6700,8188,-15,
112,post_sum_cut,source_uncut,A,63,11,32,96,0,1,6143,0,0,1,0,0,24,18300928,0,18300928,4468,8188,-2,
112,post_sum_cut,source_uncut,A,63,11,32,96,0,2,8188,-2,-1,1,0,1,24,9150464,0,27451392,6702,6144,-13,
112,post_sum_cut,source_uncut,A,63,11,32,96,0,3,6144,-13,-12,-1,0,12,24,4468,0,27446924,6700,8188,-15,
112,post_sum_cut,post_sum_pack12,A,63,11,32,96,0,1,6143,0,0,1,0,0,12,4468,0,4468,4468,8188,-2,0x1174000000000000000000000000
112,post_sum_cut,post_sum_pack12,A,63,11,32,96,0,2,8188,-2,-1,1,0,1,12,2234,0,6702,6702,6144,-13,0x1a2e000000000000000000000000
112,post_sum_cut,post_sum_pack12,A,63,11,32,96,0,3,6144,-13,-12,-1,0,12,12,1,1,6700,6700,8188,-15,0x1a2ce8c000000000000000000000
112,post_sum_cut,signed_floor,A,63,11,32,96,0,1,6143,0,0,1,0,0,12,4468,0,4468,4468,8188,-2,
112,post_sum_cut,signed_floor,A,63,11,32,96,0,2,8188,-2,-1,1,0,1,12,2234,0,6702,6702,6144,-13,
112,post_sum_cut,signed_floor,A,63,11,32,96,0,3,6144,-13,-12,-1,0,12,12,1,1,6700,6700,8188,-15,
113,signed_cut,fig3,A,63,11,32,96,0,1,6143,0,0,1,0,0,12,4468,0,4468,4468,8188,-2,
113,signed_cut,fig3,A,63,11,32,96,0,2,8188,-2,-1,1,0,1,12,2234,0,6702,6702,6144,-13,
113,signed_cut,fig3,A,63,11,32,96,0,3,6144,-13,-12,-1,0,12,12,1,1,6701,6701,8188,-15,
113,signed_cut,tie_b,A,63,11,32,96,0,1,6143,0,0,1,0,0,12,4468,0,4468,4468,8188,-2,
113,signed_cut,tie_b,A,63,11,32,96,0,2,8188,-2,-1,1,0,1,12,2234,0,6702,6702,6144,-13,
113,signed_cut,tie_b,A,63,11,32,96,0,3,6144,-13,-12,-1,0,12,12,1,1,6701,6701,8188,-15,
113,signed_cut,legacy7,A,63,11,32,96,0,1,6143,0,0,1,0,0,12,4468,0,4468,4468,8188,-2,
113,signed_cut,legacy7,A,63,11,32,96,0,2,8188,-2,-1,1,0,1,12,2234,0,6702,6702,6144,-13,
113,signed_cut,legacy7,A,63,11,32,96,0,3,6144,-13,-12,-1,0,12,12,1,1,6701,6701,8188,-15,
113,signed_cut,input_anchor,A,63,11,32,96,0,1,6143,0,0,1,0,0,12,4468,0,4468,4468,8188,-2,
113,signed_cut,input_anchor,A,63,11,32,96,0,2,8188,-2,-1,1,0,1,12,2234,0,6702,6702,6144,-13,
113,signed_cut,input_anchor,A,63,11,32,96,0,3,6144,-13,-12,-1,0,12,12,1,1,6701,6701,8188,-15,
113,signed_cut,exact_residual,A,63,11,32,96,0,1,6143,0,0,1,0,0,12,4468,0,4468,4468,8188,-2,
113,signed_cut,exact_residual,A,63,11,32,96,0,2,8188,-2,-1,1,0,1,12,2234,0,6702,6702,4096,-12,
113,signed_cut,exact_residual,A,63,11,32,96,0,3,4096,-12,-12,-1,0,12,12,1,1,6701,6701,0,-12,
113,signed_cut,guard1_pack12,A,63,11,32,96,0,1,6143,0,0,1,0,0,13,8936,0,8936,4468,8188,-2,
113,signed_cut,guard1_pack12,A,63,11,32,96,0,2,8188,-2,-1,1,0,1,13,4468,0,13404,6702,6144,-13,
113,signed_cut,guard1_pack12,A,63,11,32,96,0,3,6144,-13,-12,-1,0,12,13,2,1,13402,6701,8188,-15,
113,signed_cut,guard12_pack12,A,63,11,32,96,0,1,6143,0,0,1,0,0,24,18300928,0,18300928,4468,8188,-2,
113,signed_cut,guard12_pack12,A,63,11,32,96,0,2,8188,-2,-1,1,0,1,24,9150464,0,27451392,6702,6144,-13,
113,signed_cut,guard12_pack12,A,63,11,32,96,0,3,6144,-13,-12,-1,0,12,24,4468,0,27446924,6700,8188,-15,
113,signed_cut,source_uncut,A,63,11,32,96,0,1,6143,0,0,1,0,0,24,18300928,0,18300928,4468,8188,-2,
113,signed_cut,source_uncut,A,63,11,32,96,0,2,8188,-2,-1,1,0,1,24,9150464,0,27451392,6702,6144,-13,
113,signed_cut,source_uncut,A,63,11,32,96,0,3,6144,-13,-12,-1,0,12,24,4468,0,27446924,6700,8188,-15,
113,signed_cut,post_sum_pack12,A,63,11,32,96,0,1,6143,0,0,1,0,0,12,4468,0,4468,4468,8188,-2,0x1174000000000000000000000000
113,signed_cut,post_sum_pack12,A,63,11,32,96,0,2,8188,-2,-1,1,0,1,12,2234,0,6702,6702,6144,-13,0x1a2e000000000000000000000000
113,signed_cut,post_sum_pack12,A,63,11,32,96,0,3,6144,-13,-12,-1,0,12,12,1,1,6700,6700,8188,-15,0x1a2ce8c000000000000000000000
113,signed_cut,signed_floor,A,63,11,32,96,0,1,6143,0,0,1,0,0,12,4468,0,4468,4468,8188,-2,
113,signed_cut,signed_floor,A,63,11,32,96,0,2,8188,-2,-1,1,0,1,12,2234,0,6702,6702,6144,-13,
113,signed_cut,signed_floor,A,63,11,32,96,0,3,6144,-13,-12,-1,0,12,12,1,1,6700,6700,8188,-15,
114,signed_cut,fig3,A,63,11,32,96,0,1,6143,0,0,1,0,0,12,4468,0,4468,4468,8188,-2,
114,signed_cut,fig3,A,63,11,32,96,0,2,8188,-2,-1,1,0,1,12,2234,0,6702,6702,6144,-13,
114,signed_cut,fig3,A,63,11,32,96,0,3,6144,-13,-12,-1,0,12,12,1,1,6701,6701,8188,-15,
114,signed_cut,fig3,A,63,11,32,96,0,4,8188,-15,-14,1,0,14,12,0,1,6701,6701,6144,-26,
114,signed_cut,tie_b,A,63,11,32,96,0,1,6143,0,0,1,0,0,12,4468,0,4468,4468,8188,-2,
114,signed_cut,tie_b,A,63,11,32,96,0,2,8188,-2,-1,1,0,1,12,2234,0,6702,6702,6144,-13,
114,signed_cut,tie_b,A,63,11,32,96,0,3,6144,-13,-12,-1,0,12,12,1,1,6701,6701,8188,-15,
114,signed_cut,tie_b,A,63,11,32,96,0,4,8188,-15,-14,1,0,14,12,0,1,6701,6701,6144,-26,
114,signed_cut,legacy7,A,63,11,32,96,0,1,6143,0,0,1,0,0,12,4468,0,4468,4468,8188,-2,
114,signed_cut,legacy7,A,63,11,32,96,0,2,8188,-2,-1,1,0,1,12,2234,0,6702,6702,6144,-13,
114,signed_cut,legacy7,A,63,11,32,96,0,3,6144,-13,-12,-1,0,12,12,1,1,6701,6701,8188,-15,
114,signed_cut,legacy7,A,63,11,32,96,0,4,8188,-15,-14,1,0,14,12,0,1,6701,6701,6144,-26,
114,signed_cut,input_anchor,A,63,11,32,96,0,1,6143,0,0,1,0,0,12,4468,0,4468,4468,8188,-2,
114,signed_cut,input_anchor,A,63,11,32,96,0,2,8188,-2,-1,1,0,1,12,2234,0,6702,6702,6144,-13,
114,signed_cut,input_anchor,A,63,11,32,96,0,3,6144,-13,-12,-1,0,12,12,1,1,6701,6701,8188,-15,
114,signed_cut,input_anchor,A,63,11,32,96,0,4,8188,-15,-14,1,0,14,12,0,1,6701,6701,6144,-26,
114,signed_cut,exact_residual,A,63,11,32,96,0,1,6143,0,0,1,0,0,12,4468,0,4468,4468,8188,-2,
114,signed_cut,exact_residual,A,63,11,32,96,0,2,8188,-2,-1,1,0,1,12,2234,0,6702,6702,4096,-12,
114,signed_cut,exact_residual,A,63,11,32,96,0,3,4096,-12,-12,-1,0,12,12,1,1,6701,6701,0,-12,
114,signed_cut,guard1_pack12,A,63,11,32,96,0,1,6143,0,0,1,0,0,13,8936,0,8936,4468,8188,-2,
114,signed_cut,guard1_pack12,A,63,11,32,96,0,2,8188,-2,-1,1,0,1,13,4468,0,13404,6702,6144,-13,
114,signed_cut,guard1_pack12,A,63,11,32,96,0,3,6144,-13,-12,-1,0,12,13,2,1,13402,6701,8188,-15,
114,signed_cut,guard1_pack12,A,63,11,32,96,0,4,8188,-15,-14,1,0,14,13,0,1,13402,6701,6144,-26,
114,signed_cut,guard12_pack12,A,63,11,32,96,0,1,6143,0,0,1,0,0,24,18300928,0,18300928,4468,8188,-2,
114,signed_cut,guard12_pack12,A,63,11,32,96,0,2,8188,-2,-1,1,0,1,24,9150464,0,27451392,6702,6144,-13,
114,signed_cut,guard12_pack12,A,63,11,32,96,0,3,6144,-13,-12,-1,0,12,24,4468,0,27446924,6700,8188,-15,
114,signed_cut,guard12_pack12,A,63,11,32,96,0,4,8188,-15,-14,1,0,14,24,1117,0,27448041,6701,6144,-26,
114,signed_cut,source_uncut,A,63,11,32,96,0,1,6143,0,0,1,0,0,24,18300928,0,18300928,4468,8188,-2,
114,signed_cut,source_uncut,A,63,11,32,96,0,2,8188,-2,-1,1,0,1,24,9150464,0,27451392,6702,6144,-13,
114,signed_cut,source_uncut,A,63,11,32,96,0,3,6144,-13,-12,-1,0,12,24,4468,0,27446924,6700,8188,-15,
114,signed_cut,source_uncut,A,63,11,32,96,0,4,8188,-15,-14,1,0,14,24,1117,0,27448041,6701,6144,-26,
114,signed_cut,post_sum_pack12,A,63,11,32,96,0,1,6143,0,0,1,0,0,12,4468,0,4468,4468,8188,-2,0x1174000000000000000000000000
114,signed_cut,post_sum_pack12,A,63,11,32,96,0,2,8188,-2,-1,1,0,1,12,2234,0,6702,6702,6144,-13,0x1a2e000000000000000000000000
114,signed_cut,post_sum_pack12,A,63,11,32,96,0,3,6144,-13,-12,-1,0,12,12,1,1,6700,6700,8188,-15,0x1a2ce8c000000000000000000000
114,signed_cut,post_sum_pack12,A,63,11,32,96,0,4,8188,-15,-14,1,0,14,12,0,1,6701,6701,6144,-26,0x1a2d2e9000000000000000000000
114,signed_cut,signed_floor,A,63,11,32,96,0,1,6143,0,0,1,0,0,12,4468,0,4468,4468,8188,-2,
114,signed_cut,signed_floor,A,63,11,32,96,0,2,8188,-2,-1,1,0,1,12,2234,0,6702,6702,6144,-13,
114,signed_cut,signed_floor,A,63,11,32,96,0,3,6144,-13,-12,-1,0,12,12,1,1,6700,6700,8188,-15,
114,signed_cut,signed_floor,A,63,11,32,96,0,4,8188,-15,-14,1,0,14,12,0,1,6700,6700,6144,-26,
115,signed_cut,fig3,A,63,12,32,128,0,1,6143,0,0,1,0,0,12,4499,0,4499,4499,8188,-2,
115,signed_cut,fig3,A,63,12,32,128,0,2,8188,-2,-1,1,0,1,12,2249,1,6748,6748,6144,-13,
115,signed_cut,fig3,A,63,12,32,128,0,3,6144,-13,-12,-1,0,12,12,1,1,6747,6747,8188,-15,
115,signed_cut,tie_b,A,63,12,32,128,0,1,6143,0,0,1,0,0,12,4499,0,4499,4499,8188,-2,
115,signed_cut,tie_b,A,63,12,32,128,0,2,8188,-2,-1,1,0,1,12,2249,1,6748,6748,6144,-13,
115,signed_cut,tie_b,A,63,12,32,128,0,3,6144,-13,-12,-1,0,12,12,1,1,6747,6747,8188,-15,
115,signed_cut,legacy7,A,63,12,32,128,0,1,6143,0,0,1,0,0,12,4499,0,4499,4499,8188,-2,
115,signed_cut,legacy7,A,63,12,32,128,0,2,8188,-2,-1,1,0,1,12,2249,1,6748,6748,6144,-13,
115,signed_cut,legacy7,A,63,12,32,128,0,3,6144,-13,-12,-1,0,12,12,1,1,6747,6747,8188,-15,
115,signed_cut,input_anchor,A,63,12,32,128,0,1,6143,0,0,1,0,0,12,4499,0,4499,4499,8188,-2,
115,signed_cut,input_anchor,A,63,12,32,128,0,2,8188,-2,-1,1,0,1,12,2249,1,6748,6748,6144,-13,
115,signed_cut,input_anchor,A,63,12,32,128,0,3,6144,-13,-12,-1,0,12,12,1,1,6747,6747,8188,-15,
115,signed_cut,exact_residual,A,63,12,32,128,0,1,6143,0,0,1,0,0,12,4499,0,4499,4499,8188,-2,
115,signed_cut,exact_residual,A,63,12,32,128,0,2,8188,-2,-1,1,0,1,12,2249,1,6748,6748,4096,-12,
115,signed_cut,exact_residual,A,63,12,32,128,0,3,4096,-12,-12,-1,0,12,12,1,1,6747,6747,0,-12,
115,signed_cut,guard1_pack12,A,63,12,32,128,0,1,6143,0,0,1,0,0,13,8998,0,8998,4499,8188,-2,
115,signed_cut,guard1_pack12,A,63,12,32,128,0,2,8188,-2,-1,1,0,1,13,4499,0,13497,6748,6144,-13,
115,signed_cut,guard1_pack12,A,63,12,32,128,0,3,6144,-13,-12,-1,0,12,13,2,1,13495,6747,8188,-15,
115,signed_cut,guard12_pack12,A,63,12,32,128,0,1,6143,0,0,1,0,0,24,18427904,0,18427904,4499,8188,-2,
115,signed_cut,guard12_pack12,A,63,12,32,128,0,2,8188,-2,-1,1,0,1,24,9213952,0,27641856,6748,6144,-13,
115,signed_cut,guard12_pack12,A,63,12,32,128,0,3,6144,-13,-12,-1,0,12,24,4499,0,27637357,6747,8188,-15,
115,signed_cut,source_uncut,A,63,12,32,128,0,1,6143,0,0,1,0,0,24,18427904,0,18427904,4499,8188,-2,
115,signed_cut,source_uncut,A,63,12,32,128,0,2,8188,-2,-1,1,0,1,24,9213952,0,27641856,6748,6144,-13,
115,signed_cut,source_uncut,A,63,12,32,128,0,3,6144,-13,-12,-1,0,12,24,4499,0,27637357,6747,8188,-15,
115,signed_cut,post_sum_pack12,A,63,12,32,128,0,1,6143,0,0,1,0,0,12,4499,0,4499,4499,8188,-2,0x1193000000000000000000000000
115,signed_cut,post_sum_pack12,A,63,12,32,128,0,2,8188,-2,-1,1,0,1,12,2249,1,6748,6748,6144,-13,0x1a5c800000000000000000000000
115,signed_cut,post_sum_pack12,A,63,12,32,128,0,3,6144,-13,-12,-1,0,12,12,1,1,6747,6747,8188,-15,0x1a5b66d000000000000000000000
115,signed_cut,signed_floor,A,63,12,32,128,0,1,6143,0,0,1,0,0,12,4499,0,4499,4499,8188,-2,
115,signed_cut,signed_floor,A,63,12,32,128,0,2,8188,-2,-1,1,0,1,12,2249,1,6748,6748,6144,-13,
115,signed_cut,signed_floor,A,63,12,32,128,0,3,6144,-13,-12,-1,0,12,12,1,1,6746,6746,8188,-15,
116,signed_cut,fig3,A,63,12,32,128,0,1,6143,0,0,1,0,0,12,4499,0,4499,4499,8188,-2,
116,signed_cut,fig3,A,63,12,32,128,0,2,8188,-2,-1,1,0,1,12,2249,1,6748,6748,6144,-13,
116,signed_cut,fig3,A,63,12,32,128,0,3,6144,-13,-12,-1,0,12,12,1,1,6747,6747,8188,-15,
116,signed_cut,fig3,A,63,12,32,128,0,4,8188,-15,-14,1,0,14,12,0,1,6747,6747,6144,-26,
116,signed_cut,tie_b,A,63,12,32,128,0,1,6143,0,0,1,0,0,12,4499,0,4499,4499,8188,-2,
116,signed_cut,tie_b,A,63,12,32,128,0,2,8188,-2,-1,1,0,1,12,2249,1,6748,6748,6144,-13,
116,signed_cut,tie_b,A,63,12,32,128,0,3,6144,-13,-12,-1,0,12,12,1,1,6747,6747,8188,-15,
116,signed_cut,tie_b,A,63,12,32,128,0,4,8188,-15,-14,1,0,14,12,0,1,6747,6747,6144,-26,
116,signed_cut,legacy7,A,63,12,32,128,0,1,6143,0,0,1,0,0,12,4499,0,4499,4499,8188,-2,
116,signed_cut,legacy7,A,63,12,32,128,0,2,8188,-2,-1,1,0,1,12,2249,1,6748,6748,6144,-13,
116,signed_cut,legacy7,A,63,12,32,128,0,3,6144,-13,-12,-1,0,12,12,1,1,6747,6747,8188,-15,
116,signed_cut,legacy7,A,63,12,32,128,0,4,8188,-15,-14,1,0,14,12,0,1,6747,6747,6144,-26,
116,signed_cut,input_anchor,A,63,12,32,128,0,1,6143,0,0,1,0,0,12,4499,0,4499,4499,8188,-2,
116,signed_cut,input_anchor,A,63,12,32,128,0,2,8188,-2,-1,1,0,1,12,2249,1,6748,6748,6144,-13,
116,signed_cut,input_anchor,A,63,12,32,128,0,3,6144,-13,-12,-1,0,12,12,1,1,6747,6747,8188,-15,
116,signed_cut,input_anchor,A,63,12,32,128,0,4,8188,-15,-14,1,0,14,12,0,1,6747,6747,6144,-26,
116,signed_cut,exact_residual,A,63,12,32,128,0,1,6143,0,0,1,0,0,12,4499,0,4499,4499,8188,-2,
116,signed_cut,exact_residual,A,63,12,32,128,0,2,8188,-2,-1,1,0,1,12,2249,1,6748,6748,4096,-12,
116,signed_cut,exact_residual,A,63,12,32,128,0,3,4096,-12,-12,-1,0,12,12,1,1,6747,6747,0,-12,
116,signed_cut,guard1_pack12,A,63,12,32,128,0,1,6143,0,0,1,0,0,13,8998,0,8998,4499,8188,-2,
116,signed_cut,guard1_pack12,A,63,12,32,128,0,2,8188,-2,-1,1,0,1,13,4499,0,13497,6748,6144,-13,
116,signed_cut,guard1_pack12,A,63,12,32,128,0,3,6144,-13,-12,-1,0,12,13,2,1,13495,6747,8188,-15,
116,signed_cut,guard1_pack12,A,63,12,32,128,0,4,8188,-15,-14,1,0,14,13,0,1,13495,6747,6144,-26,
116,signed_cut,guard12_pack12,A,63,12,32,128,0,1,6143,0,0,1,0,0,24,18427904,0,18427904,4499,8188,-2,
116,signed_cut,guard12_pack12,A,63,12,32,128,0,2,8188,-2,-1,1,0,1,24,9213952,0,27641856,6748,6144,-13,
116,signed_cut,guard12_pack12,A,63,12,32,128,0,3,6144,-13,-12,-1,0,12,24,4499,0,27637357,6747,8188,-15,
116,signed_cut,guard12_pack12,A,63,12,32,128,0,4,8188,-15,-14,1,0,14,24,1124,1,27638481,6747,6144,-26,
116,signed_cut,source_uncut,A,63,12,32,128,0,1,6143,0,0,1,0,0,24,18427904,0,18427904,4499,8188,-2,
116,signed_cut,source_uncut,A,63,12,32,128,0,2,8188,-2,-1,1,0,1,24,9213952,0,27641856,6748,6144,-13,
116,signed_cut,source_uncut,A,63,12,32,128,0,3,6144,-13,-12,-1,0,12,24,4499,0,27637357,6747,8188,-15,
116,signed_cut,source_uncut,A,63,12,32,128,0,4,8188,-15,-14,1,0,14,24,1124,1,27638481,6747,6144,-26,
116,signed_cut,post_sum_pack12,A,63,12,32,128,0,1,6143,0,0,1,0,0,12,4499,0,4499,4499,8188,-2,0x1193000000000000000000000000
116,signed_cut,post_sum_pack12,A,63,12,32,128,0,2,8188,-2,-1,1,0,1,12,2249,1,6748,6748,6144,-13,0x1a5c800000000000000000000000
116,signed_cut,post_sum_pack12,A,63,12,32,128,0,3,6144,-13,-12,-1,0,12,12,1,1,6747,6747,8188,-15,0x1a5b66d000000000000000000000
116,signed_cut,post_sum_pack12,A,63,12,32,128,0,4,8188,-15,-14,1,0,14,12,0,1,6747,6747,6144,-26,0x1a5bad1c00000000000000000000
116,signed_cut,signed_floor,A,63,12,32,128,0,1,6143,0,0,1,0,0,12,4499,0,4499,4499,8188,-2,
116,signed_cut,signed_floor,A,63,12,32,128,0,2,8188,-2,-1,1,0,1,12,2249,1,6748,6748,6144,-13,
116,signed_cut,signed_floor,A,63,12,32,128,0,3,6144,-13,-12,-1,0,12,12,1,1,6746,6746,8188,-15,
116,signed_cut,signed_floor,A,63,12,32,128,0,4,8188,-15,-14,1,0,14,12,0,1,6746,6746,6144,-26,
117,term_cut,fig3,A,63,13,32,96,0,1,6143,0,0,1,0,0,12,4530,0,4530,4530,8188,-2,
117,term_cut,fig3,A,63,13,32,96,0,2,8188,-2,-1,1,0,1,12,2265,0,6795,6795,6144,-13,
117,term_cut,fig3,A,63,13,32,96,0,3,6144,-13,-12,-1,0,12,12,1,1,6794,6794,8188,-15,
117,term_cut,tie_b,A,63,13,32,96,0,1,6143,0,0,1,0,0,12,4530,0,4530,4530,8188,-2,
117,term_cut,tie_b,A,63,13,32,96,0,2,8188,-2,-1,1,0,1,12,2265,0,6795,6795,6144,-13,
117,term_cut,tie_b,A,63,13,32,96,0,3,6144,-13,-12,-1,0,12,12,1,1,6794,6794,8188,-15,
117,term_cut,legacy7,A,63,13,32,96,0,1,6143,0,0,1,0,0,12,4530,0,4530,4530,8188,-2,
117,term_cut,legacy7,A,63,13,32,96,0,2,8188,-2,-1,1,0,1,12,2265,0,6795,6795,6144,-13,
117,term_cut,legacy7,A,63,13,32,96,0,3,6144,-13,-12,-1,0,12,12,1,1,6794,6794,8188,-15,
117,term_cut,input_anchor,A,63,13,32,96,0,1,6143,0,0,1,0,0,12,4530,0,4530,4530,8188,-2,
117,term_cut,input_anchor,A,63,13,32,96,0,2,8188,-2,-1,1,0,1,12,2265,0,6795,6795,6144,-13,
117,term_cut,input_anchor,A,63,13,32,96,0,3,6144,-13,-12,-1,0,12,12,1,1,6794,6794,8188,-15,
117,term_cut,exact_residual,A,63,13,32,96,0,1,6143,0,0,1,0,0,12,4530,0,4530,4530,8188,-2,
117,term_cut,exact_residual,A,63,13,32,96,0,2,8188,-2,-1,1,0,1,12,2265,0,6795,6795,4096,-12,
117,term_cut,exact_residual,A,63,13,32,96,0,3,4096,-12,-12,-1,0,12,12,1,1,6794,6794,0,-12,
117,term_cut,guard1_pack12,A,63,13,32,96,0,1,6143,0,0,1,0,0,13,9060,0,9060,4530,8188,-2,
117,term_cut,guard1_pack12,A,63,13,32,96,0,2,8188,-2,-1,1,0,1,13,4530,0,13590,6795,6144,-13,
117,term_cut,guard1_pack12,A,63,13,32,96,0,3,6144,-13,-12,-1,0,12,13,2,1,13588,6794,8188,-15,
117,term_cut,guard12_pack12,A,63,13,32,96,0,1,6143,0,0,1,0,0,24,18554880,0,18554880,4530,8188,-2,
117,term_cut,guard12_pack12,A,63,13,32,96,0,2,8188,-2,-1,1,0,1,24,9277440,0,27832320,6795,6144,-13,
117,term_cut,guard12_pack12,A,63,13,32,96,0,3,6144,-13,-12,-1,0,12,24,4530,0,27827790,6793,8188,-15,
117,term_cut,source_uncut,A,63,13,32,96,0,1,6143,0,0,1,0,0,24,18554880,0,18554880,4530,8188,-2,
117,term_cut,source_uncut,A,63,13,32,96,0,2,8188,-2,-1,1,0,1,24,9277440,0,27832320,6795,6144,-13,
117,term_cut,source_uncut,A,63,13,32,96,0,3,6144,-13,-12,-1,0,12,24,4530,0,27827790,6793,8188,-15,
117,term_cut,post_sum_pack12,A,63,13,32,96,0,1,6143,0,0,1,0,0,12,4530,0,4530,4530,8188,-2,0x11b2000000000000000000000000
117,term_cut,post_sum_pack12,A,63,13,32,96,0,2,8188,-2,-1,1,0,1,12,2265,0,6795,6795,6144,-13,0x1a8b000000000000000000000000
117,term_cut,post_sum_pack12,A,63,13,32,96,0,3,6144,-13,-12,-1,0,12,12,1,1,6793,6793,8188,-15,0x1a89e4e000000000000000000000
117,term_cut,signed_floor,A,63,13,32,96,0,1,6143,0,0,1,0,0,12,4530,0,4530,4530,8188,-2,
117,term_cut,signed_floor,A,63,13,32,96,0,2,8188,-2,-1,1,0,1,12,2265,0,6795,6795,6144,-13,
117,term_cut,signed_floor,A,63,13,32,96,0,3,6144,-13,-12,-1,0,12,12,1,1,6793,6793,8188,-15,
118,guard_depth,fig3,A,63,13,32,96,0,1,6143,0,0,1,0,0,12,4530,0,4530,4530,8188,-2,
118,guard_depth,fig3,A,63,13,32,96,0,2,8188,-2,-1,1,0,1,12,2265,0,6795,6795,6144,-13,
118,guard_depth,fig3,A,63,13,32,96,0,3,6144,-13,-12,-1,0,12,12,1,1,6794,6794,8188,-15,
118,guard_depth,tie_b,A,63,13,32,96,0,1,6143,0,0,1,0,0,12,4530,0,4530,4530,8188,-2,
118,guard_depth,tie_b,A,63,13,32,96,0,2,8188,-2,-1,1,0,1,12,2265,0,6795,6795,6144,-13,
118,guard_depth,tie_b,A,63,13,32,96,0,3,6144,-13,-12,-1,0,12,12,1,1,6794,6794,8188,-15,
118,guard_depth,legacy7,A,63,13,32,96,0,1,6143,0,0,1,0,0,12,4530,0,4530,4530,8188,-2,
118,guard_depth,legacy7,A,63,13,32,96,0,2,8188,-2,-1,1,0,1,12,2265,0,6795,6795,6144,-13,
118,guard_depth,legacy7,A,63,13,32,96,0,3,6144,-13,-12,-1,0,12,12,1,1,6794,6794,8188,-15,
118,guard_depth,input_anchor,A,63,13,32,96,0,1,6143,0,0,1,0,0,12,4530,0,4530,4530,8188,-2,
118,guard_depth,input_anchor,A,63,13,32,96,0,2,8188,-2,-1,1,0,1,12,2265,0,6795,6795,6144,-13,
118,guard_depth,input_anchor,A,63,13,32,96,0,3,6144,-13,-12,-1,0,12,12,1,1,6794,6794,8188,-15,
118,guard_depth,exact_residual,A,63,13,32,96,0,1,6143,0,0,1,0,0,12,4530,0,4530,4530,8188,-2,
118,guard_depth,exact_residual,A,63,13,32,96,0,2,8188,-2,-1,1,0,1,12,2265,0,6795,6795,4096,-12,
118,guard_depth,exact_residual,A,63,13,32,96,0,3,4096,-12,-12,-1,0,12,12,1,1,6794,6794,0,-12,
118,guard_depth,guard1_pack12,A,63,13,32,96,0,1,6143,0,0,1,0,0,13,9060,0,9060,4530,8188,-2,
118,guard_depth,guard1_pack12,A,63,13,32,96,0,2,8188,-2,-1,1,0,1,13,4530,0,13590,6795,6144,-13,
118,guard_depth,guard1_pack12,A,63,13,32,96,0,3,6144,-13,-12,-1,0,12,13,2,1,13588,6794,8188,-15,
118,guard_depth,guard12_pack12,A,63,13,32,96,0,1,6143,0,0,1,0,0,24,18554880,0,18554880,4530,8188,-2,
118,guard_depth,guard12_pack12,A,63,13,32,96,0,2,8188,-2,-1,1,0,1,24,9277440,0,27832320,6795,6144,-13,
118,guard_depth,guard12_pack12,A,63,13,32,96,0,3,6144,-13,-12,-1,0,12,24,4530,0,27827790,6793,8188,-15,
118,guard_depth,source_uncut,A,63,13,32,96,0,1,6143,0,0,1,0,0,24,18554880,0,18554880,4530,8188,-2,
118,guard_depth,source_uncut,A,63,13,32,96,0,2,8188,-2,-1,1,0,1,24,9277440,0,27832320,6795,6144,-13,
118,guard_depth,source_uncut,A,63,13,32,96,0,3,6144,-13,-12,-1,0,12,24,4530,0,27827790,6793,8188,-15,
118,guard_depth,post_sum_pack12,A,63,13,32,96,0,1,6143,0,0,1,0,0,12,4530,0,4530,4530,8188,-2,0x11b2000000000000000000000000
118,guard_depth,post_sum_pack12,A,63,13,32,96,0,2,8188,-2,-1,1,0,1,12,2265,0,6795,6795,6144,-13,0x1a8b000000000000000000000000
118,guard_depth,post_sum_pack12,A,63,13,32,96,0,3,6144,-13,-12,-1,0,12,12,1,1,6793,6793,8188,-15,0x1a89e4e000000000000000000000
118,guard_depth,signed_floor,A,63,13,32,96,0,1,6143,0,0,1,0,0,12,4530,0,4530,4530,8188,-2,
118,guard_depth,signed_floor,A,63,13,32,96,0,2,8188,-2,-1,1,0,1,12,2265,0,6795,6795,6144,-13,
118,guard_depth,signed_floor,A,63,13,32,96,0,3,6144,-13,-12,-1,0,12,12,1,1,6793,6793,8188,-15,
119,post_sum_cut,fig3,A,63,13,32,96,0,1,6143,0,0,1,0,0,12,4530,0,4530,4530,8188,-2,
119,post_sum_cut,fig3,A,63,13,32,96,0,2,8188,-2,-1,1,0,1,12,2265,0,6795,6795,6144,-13,
119,post_sum_cut,fig3,A,63,13,32,96,0,3,6144,-13,-12,-1,0,12,12,1,1,6794,6794,8188,-15,
119,post_sum_cut,tie_b,A,63,13,32,96,0,1,6143,0,0,1,0,0,12,4530,0,4530,4530,8188,-2,
119,post_sum_cut,tie_b,A,63,13,32,96,0,2,8188,-2,-1,1,0,1,12,2265,0,6795,6795,6144,-13,
119,post_sum_cut,tie_b,A,63,13,32,96,0,3,6144,-13,-12,-1,0,12,12,1,1,6794,6794,8188,-15,
119,post_sum_cut,legacy7,A,63,13,32,96,0,1,6143,0,0,1,0,0,12,4530,0,4530,4530,8188,-2,
119,post_sum_cut,legacy7,A,63,13,32,96,0,2,8188,-2,-1,1,0,1,12,2265,0,6795,6795,6144,-13,
119,post_sum_cut,legacy7,A,63,13,32,96,0,3,6144,-13,-12,-1,0,12,12,1,1,6794,6794,8188,-15,
119,post_sum_cut,input_anchor,A,63,13,32,96,0,1,6143,0,0,1,0,0,12,4530,0,4530,4530,8188,-2,
119,post_sum_cut,input_anchor,A,63,13,32,96,0,2,8188,-2,-1,1,0,1,12,2265,0,6795,6795,6144,-13,
119,post_sum_cut,input_anchor,A,63,13,32,96,0,3,6144,-13,-12,-1,0,12,12,1,1,6794,6794,8188,-15,
119,post_sum_cut,exact_residual,A,63,13,32,96,0,1,6143,0,0,1,0,0,12,4530,0,4530,4530,8188,-2,
119,post_sum_cut,exact_residual,A,63,13,32,96,0,2,8188,-2,-1,1,0,1,12,2265,0,6795,6795,4096,-12,
119,post_sum_cut,exact_residual,A,63,13,32,96,0,3,4096,-12,-12,-1,0,12,12,1,1,6794,6794,0,-12,
119,post_sum_cut,guard1_pack12,A,63,13,32,96,0,1,6143,0,0,1,0,0,13,9060,0,9060,4530,8188,-2,
119,post_sum_cut,guard1_pack12,A,63,13,32,96,0,2,8188,-2,-1,1,0,1,13,4530,0,13590,6795,6144,-13,
119,post_sum_cut,guard1_pack12,A,63,13,32,96,0,3,6144,-13,-12,-1,0,12,13,2,1,13588,6794,8188,-15,
119,post_sum_cut,guard12_pack12,A,63,13,32,96,0,1,6143,0,0,1,0,0,24,18554880,0,18554880,4530,8188,-2,
119,post_sum_cut,guard12_pack12,A,63,13,32,96,0,2,8188,-2,-1,1,0,1,24,9277440,0,27832320,6795,6144,-13,
119,post_sum_cut,guard12_pack12,A,63,13,32,96,0,3,6144,-13,-12,-1,0,12,24,4530,0,27827790,6793,8188,-15,
119,post_sum_cut,source_uncut,A,63,13,32,96,0,1,6143,0,0,1,0,0,24,18554880,0,18554880,4530,8188,-2,
119,post_sum_cut,source_uncut,A,63,13,32,96,0,2,8188,-2,-1,1,0,1,24,9277440,0,27832320,6795,6144,-13,
119,post_sum_cut,source_uncut,A,63,13,32,96,0,3,6144,-13,-12,-1,0,12,24,4530,0,27827790,6793,8188,-15,
119,post_sum_cut,post_sum_pack12,A,63,13,32,96,0,1,6143,0,0,1,0,0,12,4530,0,4530,4530,8188,-2,0x11b2000000000000000000000000
119,post_sum_cut,post_sum_pack12,A,63,13,32,96,0,2,8188,-2,-1,1,0,1,12,2265,0,6795,6795,6144,-13,0x1a8b000000000000000000000000
119,post_sum_cut,post_sum_pack12,A,63,13,32,96,0,3,6144,-13,-12,-1,0,12,12,1,1,6793,6793,8188,-15,0x1a89e4e000000000000000000000
119,post_sum_cut,signed_floor,A,63,13,32,96,0,1,6143,0,0,1,0,0,12,4530,0,4530,4530,8188,-2,
119,post_sum_cut,signed_floor,A,63,13,32,96,0,2,8188,-2,-1,1,0,1,12,2265,0,6795,6795,6144,-13,
119,post_sum_cut,signed_floor,A,63,13,32,96,0,3,6144,-13,-12,-1,0,12,12,1,1,6793,6793,8188,-15,
120,signed_cut,fig3,A,63,13,32,96,0,1,6143,0,0,1,0,0,12,4530,0,4530,4530,8188,-2,
120,signed_cut,fig3,A,63,13,32,96,0,2,8188,-2,-1,1,0,1,12,2265,0,6795,6795,6144,-13,
120,signed_cut,fig3,A,63,13,32,96,0,3,6144,-13,-12,-1,0,12,12,1,1,6794,6794,8188,-15,
120,signed_cut,tie_b,A,63,13,32,96,0,1,6143,0,0,1,0,0,12,4530,0,4530,4530,8188,-2,
120,signed_cut,tie_b,A,63,13,32,96,0,2,8188,-2,-1,1,0,1,12,2265,0,6795,6795,6144,-13,
120,signed_cut,tie_b,A,63,13,32,96,0,3,6144,-13,-12,-1,0,12,12,1,1,6794,6794,8188,-15,
120,signed_cut,legacy7,A,63,13,32,96,0,1,6143,0,0,1,0,0,12,4530,0,4530,4530,8188,-2,
120,signed_cut,legacy7,A,63,13,32,96,0,2,8188,-2,-1,1,0,1,12,2265,0,6795,6795,6144,-13,
120,signed_cut,legacy7,A,63,13,32,96,0,3,6144,-13,-12,-1,0,12,12,1,1,6794,6794,8188,-15,
120,signed_cut,input_anchor,A,63,13,32,96,0,1,6143,0,0,1,0,0,12,4530,0,4530,4530,8188,-2,
120,signed_cut,input_anchor,A,63,13,32,96,0,2,8188,-2,-1,1,0,1,12,2265,0,6795,6795,6144,-13,
120,signed_cut,input_anchor,A,63,13,32,96,0,3,6144,-13,-12,-1,0,12,12,1,1,6794,6794,8188,-15,
120,signed_cut,exact_residual,A,63,13,32,96,0,1,6143,0,0,1,0,0,12,4530,0,4530,4530,8188,-2,
120,signed_cut,exact_residual,A,63,13,32,96,0,2,8188,-2,-1,1,0,1,12,2265,0,6795,6795,4096,-12,
120,signed_cut,exact_residual,A,63,13,32,96,0,3,4096,-12,-12,-1,0,12,12,1,1,6794,6794,0,-12,
120,signed_cut,guard1_pack12,A,63,13,32,96,0,1,6143,0,0,1,0,0,13,9060,0,9060,4530,8188,-2,
120,signed_cut,guard1_pack12,A,63,13,32,96,0,2,8188,-2,-1,1,0,1,13,4530,0,13590,6795,6144,-13,
120,signed_cut,guard1_pack12,A,63,13,32,96,0,3,6144,-13,-12,-1,0,12,13,2,1,13588,6794,8188,-15,
120,signed_cut,guard12_pack12,A,63,13,32,96,0,1,6143,0,0,1,0,0,24,18554880,0,18554880,4530,8188,-2,
120,signed_cut,guard12_pack12,A,63,13,32,96,0,2,8188,-2,-1,1,0,1,24,9277440,0,27832320,6795,6144,-13,
120,signed_cut,guard12_pack12,A,63,13,32,96,0,3,6144,-13,-12,-1,0,12,24,4530,0,27827790,6793,8188,-15,
120,signed_cut,source_uncut,A,63,13,32,96,0,1,6143,0,0,1,0,0,24,18554880,0,18554880,4530,8188,-2,
120,signed_cut,source_uncut,A,63,13,32,96,0,2,8188,-2,-1,1,0,1,24,9277440,0,27832320,6795,6144,-13,
120,signed_cut,source_uncut,A,63,13,32,96,0,3,6144,-13,-12,-1,0,12,24,4530,0,27827790,6793,8188,-15,
120,signed_cut,post_sum_pack12,A,63,13,32,96,0,1,6143,0,0,1,0,0,12,4530,0,4530,4530,8188,-2,0x11b2000000000000000000000000
120,signed_cut,post_sum_pack12,A,63,13,32,96,0,2,8188,-2,-1,1,0,1,12,2265,0,6795,6795,6144,-13,0x1a8b000000000000000000000000
120,signed_cut,post_sum_pack12,A,63,13,32,96,0,3,6144,-13,-12,-1,0,12,12,1,1,6793,6793,8188,-15,0x1a89e4e000000000000000000000
120,signed_cut,signed_floor,A,63,13,32,96,0,1,6143,0,0,1,0,0,12,4530,0,4530,4530,8188,-2,
120,signed_cut,signed_floor,A,63,13,32,96,0,2,8188,-2,-1,1,0,1,12,2265,0,6795,6795,6144,-13,
120,signed_cut,signed_floor,A,63,13,32,96,0,3,6144,-13,-12,-1,0,12,12,1,1,6793,6793,8188,-15,
121,signed_cut,fig3,A,63,13,32,96,0,1,6143,0,0,1,0,0,12,4530,0,4530,4530,8188,-2,
121,signed_cut,fig3,A,63,13,32,96,0,2,8188,-2,-1,1,0,1,12,2265,0,6795,6795,6144,-13,
121,signed_cut,fig3,A,63,13,32,96,0,3,6144,-13,-12,-1,0,12,12,1,1,6794,6794,8188,-15,
121,signed_cut,fig3,A,63,13,32,96,0,4,8188,-15,-14,1,0,14,12,0,1,6794,6794,6144,-26,
121,signed_cut,tie_b,A,63,13,32,96,0,1,6143,0,0,1,0,0,12,4530,0,4530,4530,8188,-2,
121,signed_cut,tie_b,A,63,13,32,96,0,2,8188,-2,-1,1,0,1,12,2265,0,6795,6795,6144,-13,
121,signed_cut,tie_b,A,63,13,32,96,0,3,6144,-13,-12,-1,0,12,12,1,1,6794,6794,8188,-15,
121,signed_cut,tie_b,A,63,13,32,96,0,4,8188,-15,-14,1,0,14,12,0,1,6794,6794,6144,-26,
121,signed_cut,legacy7,A,63,13,32,96,0,1,6143,0,0,1,0,0,12,4530,0,4530,4530,8188,-2,
121,signed_cut,legacy7,A,63,13,32,96,0,2,8188,-2,-1,1,0,1,12,2265,0,6795,6795,6144,-13,
121,signed_cut,legacy7,A,63,13,32,96,0,3,6144,-13,-12,-1,0,12,12,1,1,6794,6794,8188,-15,
121,signed_cut,legacy7,A,63,13,32,96,0,4,8188,-15,-14,1,0,14,12,0,1,6794,6794,6144,-26,
121,signed_cut,input_anchor,A,63,13,32,96,0,1,6143,0,0,1,0,0,12,4530,0,4530,4530,8188,-2,
121,signed_cut,input_anchor,A,63,13,32,96,0,2,8188,-2,-1,1,0,1,12,2265,0,6795,6795,6144,-13,
121,signed_cut,input_anchor,A,63,13,32,96,0,3,6144,-13,-12,-1,0,12,12,1,1,6794,6794,8188,-15,
121,signed_cut,input_anchor,A,63,13,32,96,0,4,8188,-15,-14,1,0,14,12,0,1,6794,6794,6144,-26,
121,signed_cut,exact_residual,A,63,13,32,96,0,1,6143,0,0,1,0,0,12,4530,0,4530,4530,8188,-2,
121,signed_cut,exact_residual,A,63,13,32,96,0,2,8188,-2,-1,1,0,1,12,2265,0,6795,6795,4096,-12,
121,signed_cut,exact_residual,A,63,13,32,96,0,3,4096,-12,-12,-1,0,12,12,1,1,6794,6794,0,-12,
121,signed_cut,guard1_pack12,A,63,13,32,96,0,1,6143,0,0,1,0,0,13,9060,0,9060,4530,8188,-2,
121,signed_cut,guard1_pack12,A,63,13,32,96,0,2,8188,-2,-1,1,0,1,13,4530,0,13590,6795,6144,-13,
121,signed_cut,guard1_pack12,A,63,13,32,96,0,3,6144,-13,-12,-1,0,12,13,2,1,13588,6794,8188,-15,
121,signed_cut,guard1_pack12,A,63,13,32,96,0,4,8188,-15,-14,1,0,14,13,0,1,13588,6794,6144,-26,
121,signed_cut,guard12_pack12,A,63,13,32,96,0,1,6143,0,0,1,0,0,24,18554880,0,18554880,4530,8188,-2,
121,signed_cut,guard12_pack12,A,63,13,32,96,0,2,8188,-2,-1,1,0,1,24,9277440,0,27832320,6795,6144,-13,
121,signed_cut,guard12_pack12,A,63,13,32,96,0,3,6144,-13,-12,-1,0,12,24,4530,0,27827790,6793,8188,-15,
121,signed_cut,guard12_pack12,A,63,13,32,96,0,4,8188,-15,-14,1,0,14,24,1132,1,27828922,6794,6144,-26,
121,signed_cut,source_uncut,A,63,13,32,96,0,1,6143,0,0,1,0,0,24,18554880,0,18554880,4530,8188,-2,
121,signed_cut,source_uncut,A,63,13,32,96,0,2,8188,-2,-1,1,0,1,24,9277440,0,27832320,6795,6144,-13,
121,signed_cut,source_uncut,A,63,13,32,96,0,3,6144,-13,-12,-1,0,12,24,4530,0,27827790,6793,8188,-15,
121,signed_cut,source_uncut,A,63,13,32,96,0,4,8188,-15,-14,1,0,14,24,1132,1,27828922,6794,6144,-26,
121,signed_cut,post_sum_pack12,A,63,13,32,96,0,1,6143,0,0,1,0,0,12,4530,0,4530,4530,8188,-2,0x11b2000000000000000000000000
121,signed_cut,post_sum_pack12,A,63,13,32,96,0,2,8188,-2,-1,1,0,1,12,2265,0,6795,6795,6144,-13,0x1a8b000000000000000000000000
121,signed_cut,post_sum_pack12,A,63,13,32,96,0,3,6144,-13,-12,-1,0,12,12,1,1,6793,6793,8188,-15,0x1a89e4e000000000000000000000
121,signed_cut,post_sum_pack12,A,63,13,32,96,0,4,8188,-15,-14,1,0,14,12,0,1,6794,6794,6144,-26,0x1a8a2ba800000000000000000000
121,signed_cut,signed_floor,A,63,13,32,96,0,1,6143,0,0,1,0,0,12,4530,0,4530,4530,8188,-2,
121,signed_cut,signed_floor,A,63,13,32,96,0,2,8188,-2,-1,1,0,1,12,2265,0,6795,6795,6144,-13,
121,signed_cut,signed_floor,A,63,13,32,96,0,3,6144,-13,-12,-1,0,12,12,1,1,6793,6793,8188,-15,
121,signed_cut,signed_floor,A,63,13,32,96,0,4,8188,-15,-14,1,0,14,12,0,1,6793,6793,6144,-26,
122,signed_cut,fig3,A,63,14,32,64,0,1,6143,0,0,1,0,0,12,4561,0,4561,4561,8188,-2,
122,signed_cut,fig3,A,63,14,32,64,0,2,8188,-2,-1,1,0,1,12,2280,1,6841,6841,6144,-13,
122,signed_cut,fig3,A,63,14,32,64,0,3,6144,-13,-12,-1,0,12,12,1,1,6840,6840,8188,-15,
122,signed_cut,tie_b,A,63,14,32,64,0,1,6143,0,0,1,0,0,12,4561,0,4561,4561,8188,-2,
122,signed_cut,tie_b,A,63,14,32,64,0,2,8188,-2,-1,1,0,1,12,2280,1,6841,6841,6144,-13,
122,signed_cut,tie_b,A,63,14,32,64,0,3,6144,-13,-12,-1,0,12,12,1,1,6840,6840,8188,-15,
122,signed_cut,legacy7,A,63,14,32,64,0,1,6143,0,0,1,0,0,12,4561,0,4561,4561,8188,-2,
122,signed_cut,legacy7,A,63,14,32,64,0,2,8188,-2,-1,1,0,1,12,2280,1,6841,6841,6144,-13,
122,signed_cut,legacy7,A,63,14,32,64,0,3,6144,-13,-12,-1,0,12,12,1,1,6840,6840,8188,-15,
122,signed_cut,input_anchor,A,63,14,32,64,0,1,6143,0,0,1,0,0,12,4561,0,4561,4561,8188,-2,
122,signed_cut,input_anchor,A,63,14,32,64,0,2,8188,-2,-1,1,0,1,12,2280,1,6841,6841,6144,-13,
122,signed_cut,input_anchor,A,63,14,32,64,0,3,6144,-13,-12,-1,0,12,12,1,1,6840,6840,8188,-15,
122,signed_cut,exact_residual,A,63,14,32,64,0,1,6143,0,0,1,0,0,12,4561,0,4561,4561,8188,-2,
122,signed_cut,exact_residual,A,63,14,32,64,0,2,8188,-2,-1,1,0,1,12,2280,1,6841,6841,4096,-12,
122,signed_cut,exact_residual,A,63,14,32,64,0,3,4096,-12,-12,-1,0,12,12,1,1,6840,6840,0,-12,
122,signed_cut,guard1_pack12,A,63,14,32,64,0,1,6143,0,0,1,0,0,13,9122,0,9122,4561,8188,-2,
122,signed_cut,guard1_pack12,A,63,14,32,64,0,2,8188,-2,-1,1,0,1,13,4561,0,13683,6841,6144,-13,
122,signed_cut,guard1_pack12,A,63,14,32,64,0,3,6144,-13,-12,-1,0,12,13,2,1,13681,6840,8188,-15,
122,signed_cut,guard12_pack12,A,63,14,32,64,0,1,6143,0,0,1,0,0,24,18681856,0,18681856,4561,8188,-2,
122,signed_cut,guard12_pack12,A,63,14,32,64,0,2,8188,-2,-1,1,0,1,24,9340928,0,28022784,6841,6144,-13,
122,signed_cut,guard12_pack12,A,63,14,32,64,0,3,6144,-13,-12,-1,0,12,24,4561,0,28018223,6840,8188,-15,
122,signed_cut,source_uncut,A,63,14,32,64,0,1,6143,0,0,1,0,0,24,18681856,0,18681856,4561,8188,-2,
122,signed_cut,source_uncut,A,63,14,32,64,0,2,8188,-2,-1,1,0,1,24,9340928,0,28022784,6841,6144,-13,
122,signed_cut,source_uncut,A,63,14,32,64,0,3,6144,-13,-12,-1,0,12,24,4561,0,28018223,6840,8188,-15,
122,signed_cut,post_sum_pack12,A,63,14,32,64,0,1,6143,0,0,1,0,0,12,4561,0,4561,4561,8188,-2,0x11d1000000000000000000000000
122,signed_cut,post_sum_pack12,A,63,14,32,64,0,2,8188,-2,-1,1,0,1,12,2280,1,6841,6841,6144,-13,0x1ab9800000000000000000000000
122,signed_cut,post_sum_pack12,A,63,14,32,64,0,3,6144,-13,-12,-1,0,12,12,1,1,6840,6840,8188,-15,0x1ab862f000000000000000000000
122,signed_cut,signed_floor,A,63,14,32,64,0,1,6143,0,0,1,0,0,12,4561,0,4561,4561,8188,-2,
122,signed_cut,signed_floor,A,63,14,32,64,0,2,8188,-2,-1,1,0,1,12,2280,1,6841,6841,6144,-13,
122,signed_cut,signed_floor,A,63,14,32,64,0,3,6144,-13,-12,-1,0,12,12,1,1,6839,6839,8188,-15,
123,signed_cut,fig3,A,63,14,32,64,0,1,6143,0,0,1,0,0,12,4561,0,4561,4561,8188,-2,
123,signed_cut,fig3,A,63,14,32,64,0,2,8188,-2,-1,1,0,1,12,2280,1,6841,6841,6144,-13,
123,signed_cut,fig3,A,63,14,32,64,0,3,6144,-13,-12,-1,0,12,12,1,1,6840,6840,8188,-15,
123,signed_cut,fig3,A,63,14,32,64,0,4,8188,-15,-14,1,0,14,12,0,1,6840,6840,6144,-26,
123,signed_cut,tie_b,A,63,14,32,64,0,1,6143,0,0,1,0,0,12,4561,0,4561,4561,8188,-2,
123,signed_cut,tie_b,A,63,14,32,64,0,2,8188,-2,-1,1,0,1,12,2280,1,6841,6841,6144,-13,
123,signed_cut,tie_b,A,63,14,32,64,0,3,6144,-13,-12,-1,0,12,12,1,1,6840,6840,8188,-15,
123,signed_cut,tie_b,A,63,14,32,64,0,4,8188,-15,-14,1,0,14,12,0,1,6840,6840,6144,-26,
123,signed_cut,legacy7,A,63,14,32,64,0,1,6143,0,0,1,0,0,12,4561,0,4561,4561,8188,-2,
123,signed_cut,legacy7,A,63,14,32,64,0,2,8188,-2,-1,1,0,1,12,2280,1,6841,6841,6144,-13,
123,signed_cut,legacy7,A,63,14,32,64,0,3,6144,-13,-12,-1,0,12,12,1,1,6840,6840,8188,-15,
123,signed_cut,legacy7,A,63,14,32,64,0,4,8188,-15,-14,1,0,14,12,0,1,6840,6840,6144,-26,
123,signed_cut,input_anchor,A,63,14,32,64,0,1,6143,0,0,1,0,0,12,4561,0,4561,4561,8188,-2,
123,signed_cut,input_anchor,A,63,14,32,64,0,2,8188,-2,-1,1,0,1,12,2280,1,6841,6841,6144,-13,
123,signed_cut,input_anchor,A,63,14,32,64,0,3,6144,-13,-12,-1,0,12,12,1,1,6840,6840,8188,-15,
123,signed_cut,input_anchor,A,63,14,32,64,0,4,8188,-15,-14,1,0,14,12,0,1,6840,6840,6144,-26,
123,signed_cut,exact_residual,A,63,14,32,64,0,1,6143,0,0,1,0,0,12,4561,0,4561,4561,8188,-2,
123,signed_cut,exact_residual,A,63,14,32,64,0,2,8188,-2,-1,1,0,1,12,2280,1,6841,6841,4096,-12,
123,signed_cut,exact_residual,A,63,14,32,64,0,3,4096,-12,-12,-1,0,12,12,1,1,6840,6840,0,-12,
123,signed_cut,guard1_pack12,A,63,14,32,64,0,1,6143,0,0,1,0,0,13,9122,0,9122,4561,8188,-2,
123,signed_cut,guard1_pack12,A,63,14,32,64,0,2,8188,-2,-1,1,0,1,13,4561,0,13683,6841,6144,-13,
123,signed_cut,guard1_pack12,A,63,14,32,64,0,3,6144,-13,-12,-1,0,12,13,2,1,13681,6840,8188,-15,
123,signed_cut,guard1_pack12,A,63,14,32,64,0,4,8188,-15,-14,1,0,14,13,0,1,13681,6840,6144,-26,
123,signed_cut,guard12_pack12,A,63,14,32,64,0,1,6143,0,0,1,0,0,24,18681856,0,18681856,4561,8188,-2,
123,signed_cut,guard12_pack12,A,63,14,32,64,0,2,8188,-2,-1,1,0,1,24,9340928,0,28022784,6841,6144,-13,
123,signed_cut,guard12_pack12,A,63,14,32,64,0,3,6144,-13,-12,-1,0,12,24,4561,0,28018223,6840,8188,-15,
123,signed_cut,guard12_pack12,A,63,14,32,64,0,4,8188,-15,-14,1,0,14,24,1140,1,28019363,6840,6144,-26,
123,signed_cut,source_uncut,A,63,14,32,64,0,1,6143,0,0,1,0,0,24,18681856,0,18681856,4561,8188,-2,
123,signed_cut,source_uncut,A,63,14,32,64,0,2,8188,-2,-1,1,0,1,24,9340928,0,28022784,6841,6144,-13,
123,signed_cut,source_uncut,A,63,14,32,64,0,3,6144,-13,-12,-1,0,12,24,4561,0,28018223,6840,8188,-15,
123,signed_cut,source_uncut,A,63,14,32,64,0,4,8188,-15,-14,1,0,14,24,1140,1,28019363,6840,6144,-26,
123,signed_cut,post_sum_pack12,A,63,14,32,64,0,1,6143,0,0,1,0,0,12,4561,0,4561,4561,8188,-2,0x11d1000000000000000000000000
123,signed_cut,post_sum_pack12,A,63,14,32,64,0,2,8188,-2,-1,1,0,1,12,2280,1,6841,6841,6144,-13,0x1ab9800000000000000000000000
123,signed_cut,post_sum_pack12,A,63,14,32,64,0,3,6144,-13,-12,-1,0,12,12,1,1,6840,6840,8188,-15,0x1ab862f000000000000000000000
123,signed_cut,post_sum_pack12,A,63,14,32,64,0,4,8188,-15,-14,1,0,14,12,0,1,6840,6840,6144,-26,0x1ab8aa3400000000000000000000
123,signed_cut,signed_floor,A,63,14,32,64,0,1,6143,0,0,1,0,0,12,4561,0,4561,4561,8188,-2,
123,signed_cut,signed_floor,A,63,14,32,64,0,2,8188,-2,-1,1,0,1,12,2280,1,6841,6841,6144,-13,
123,signed_cut,signed_floor,A,63,14,32,64,0,3,6144,-13,-12,-1,0,12,12,1,1,6839,6839,8188,-15,
123,signed_cut,signed_floor,A,63,14,32,64,0,4,8188,-15,-14,1,0,14,12,0,1,6839,6839,6144,-26,
124,term_cut,fig3,A,63,15,32,32,1,1,6143,0,0,1,0,0,12,4592,0,4592,4592,8188,-2,
124,term_cut,fig3,A,63,15,32,32,1,2,8188,-2,-1,1,0,1,12,2296,0,6888,6888,6144,-13,
124,term_cut,fig3,A,63,15,32,32,1,3,6144,-13,-12,-1,0,12,12,1,1,6887,6887,8188,-15,
124,term_cut,tie_b,B,63,15,32,32,1,1,4592,0,0,1,0,0,12,6143,0,6143,6143,7936,-4,
124,term_cut,tie_b,B,63,15,32,32,1,2,7936,-4,-3,1,0,3,12,767,1,6910,6910,8160,-9,
124,term_cut,tie_b,B,63,15,32,32,1,3,8160,-9,-8,-1,0,8,12,23,1,6887,6887,7936,-17,
124,term_cut,legacy7,A,63,15,32,32,1,1,6143,0,0,1,0,0,12,4592,0,4592,4592,8188,-2,
124,term_cut,legacy7,A,63,15,32,32,1,2,8188,-2,-1,1,0,1,12,2296,0,6888,6888,6144,-13,
124,term_cut,legacy7,A,63,15,32,32,1,3,6144,-13,-12,-1,0,12,12,1,1,6887,6887,8188,-15,
124,term_cut,input_anchor,A,63,15,32,32,1,1,6143,0,0,1,0,0,12,4592,0,4592,4592,8188,-2,
124,term_cut,input_anchor,A,63,15,32,32,1,2,8188,-2,-1,1,0,1,12,2296,0,6888,6888,6144,-13,
124,term_cut,input_anchor,A,63,15,32,32,1,3,6144,-13,-12,-1,0,12,12,1,1,6887,6887,8188,-15,
124,term_cut,exact_residual,A,63,15,32,32,1,1,6143,0,0,1,0,0,12,4592,0,4592,4592,8188,-2,
124,term_cut,exact_residual,A,63,15,32,32,1,2,8188,-2,-1,1,0,1,12,2296,0,6888,6888,4096,-12,
124,term_cut,exact_residual,A,63,15,32,32,1,3,4096,-12,-12,-1,0,12,12,1,1,6887,6887,0,-12,
124,term_cut,guard1_pack12,A,63,15,32,32,1,1,6143,0,0,1,0,0,13,9184,0,9184,4592,8188,-2,
124,term_cut,guard1_pack12,A,63,15,32,32,1,2,8188,-2,-1,1,0,1,13,4592,0,13776,6888,6144,-13,
124,term_cut,guard1_pack12,A,63,15,32,32,1,3,6144,-13,-12,-1,0,12,13,2,1,13774,6887,8188,-15,
124,term_cut,guard12_pack12,A,63,15,32,32,1,1,6143,0,0,1,0,0,24,18808832,0,18808832,4592,8188,-2,
124,term_cut,guard12_pack12,A,63,15,32,32,1,2,8188,-2,-1,1,0,1,24,9404416,0,28213248,6888,6144,-13,
124,term_cut,guard12_pack12,A,63,15,32,32,1,3,6144,-13,-12,-1,0,12,24,4592,0,28208656,6886,8188,-15,
124,term_cut,source_uncut,A,63,15,32,32,1,1,6143,0,0,1,0,0,24,18808832,0,18808832,4592,8188,-2,
124,term_cut,source_uncut,A,63,15,32,32,1,2,8188,-2,-1,1,0,1,24,9404416,0,28213248,6888,6144,-13,
124,term_cut,source_uncut,A,63,15,32,32,1,3,6144,-13,-12,-1,0,12,24,4592,0,28208656,6886,8188,-15,
124,term_cut,post_sum_pack12,A,63,15,32,32,1,1,6143,0,0,1,0,0,12,4592,0,4592,4592,8188,-2,0x11f0000000000000000000000000
124,term_cut,post_sum_pack12,A,63,15,32,32,1,2,8188,-2,-1,1,0,1,12,2296,0,6888,6888,6144,-13,0x1ae8000000000000000000000000
124,term_cut,post_sum_pack12,A,63,15,32,32,1,3,6144,-13,-12,-1,0,12,12,1,1,6886,6886,8188,-15,0x1ae6e10000000000000000000000
124,term_cut,signed_floor,A,63,15,32,32,1,1,6143,0,0,1,0,0,12,4592,0,4592,4592,8188,-2,
124,term_cut,signed_floor,A,63,15,32,32,1,2,8188,-2,-1,1,0,1,12,2296,0,6888,6888,6144,-13,
124,term_cut,signed_floor,A,63,15,32,32,1,3,6144,-13,-12,-1,0,12,12,1,1,6886,6886,8188,-15,
125,guard_depth,fig3,A,63,15,32,32,1,1,6143,0,0,1,0,0,12,4592,0,4592,4592,8188,-2,
125,guard_depth,fig3,A,63,15,32,32,1,2,8188,-2,-1,1,0,1,12,2296,0,6888,6888,6144,-13,
125,guard_depth,fig3,A,63,15,32,32,1,3,6144,-13,-12,-1,0,12,12,1,1,6887,6887,8188,-15,
125,guard_depth,tie_b,B,63,15,32,32,1,1,4592,0,0,1,0,0,12,6143,0,6143,6143,7936,-4,
125,guard_depth,tie_b,B,63,15,32,32,1,2,7936,-4,-3,1,0,3,12,767,1,6910,6910,8160,-9,
125,guard_depth,tie_b,B,63,15,32,32,1,3,8160,-9,-8,-1,0,8,12,23,1,6887,6887,7936,-17,
125,guard_depth,legacy7,A,63,15,32,32,1,1,6143,0,0,1,0,0,12,4592,0,4592,4592,8188,-2,
125,guard_depth,legacy7,A,63,15,32,32,1,2,8188,-2,-1,1,0,1,12,2296,0,6888,6888,6144,-13,
125,guard_depth,legacy7,A,63,15,32,32,1,3,6144,-13,-12,-1,0,12,12,1,1,6887,6887,8188,-15,
125,guard_depth,input_anchor,A,63,15,32,32,1,1,6143,0,0,1,0,0,12,4592,0,4592,4592,8188,-2,
125,guard_depth,input_anchor,A,63,15,32,32,1,2,8188,-2,-1,1,0,1,12,2296,0,6888,6888,6144,-13,
125,guard_depth,input_anchor,A,63,15,32,32,1,3,6144,-13,-12,-1,0,12,12,1,1,6887,6887,8188,-15,
125,guard_depth,exact_residual,A,63,15,32,32,1,1,6143,0,0,1,0,0,12,4592,0,4592,4592,8188,-2,
125,guard_depth,exact_residual,A,63,15,32,32,1,2,8188,-2,-1,1,0,1,12,2296,0,6888,6888,4096,-12,
125,guard_depth,exact_residual,A,63,15,32,32,1,3,4096,-12,-12,-1,0,12,12,1,1,6887,6887,0,-12,
125,guard_depth,guard1_pack12,A,63,15,32,32,1,1,6143,0,0,1,0,0,13,9184,0,9184,4592,8188,-2,
125,guard_depth,guard1_pack12,A,63,15,32,32,1,2,8188,-2,-1,1,0,1,13,4592,0,13776,6888,6144,-13,
125,guard_depth,guard1_pack12,A,63,15,32,32,1,3,6144,-13,-12,-1,0,12,13,2,1,13774,6887,8188,-15,
125,guard_depth,guard12_pack12,A,63,15,32,32,1,1,6143,0,0,1,0,0,24,18808832,0,18808832,4592,8188,-2,
125,guard_depth,guard12_pack12,A,63,15,32,32,1,2,8188,-2,-1,1,0,1,24,9404416,0,28213248,6888,6144,-13,
125,guard_depth,guard12_pack12,A,63,15,32,32,1,3,6144,-13,-12,-1,0,12,24,4592,0,28208656,6886,8188,-15,
125,guard_depth,source_uncut,A,63,15,32,32,1,1,6143,0,0,1,0,0,24,18808832,0,18808832,4592,8188,-2,
125,guard_depth,source_uncut,A,63,15,32,32,1,2,8188,-2,-1,1,0,1,24,9404416,0,28213248,6888,6144,-13,
125,guard_depth,source_uncut,A,63,15,32,32,1,3,6144,-13,-12,-1,0,12,24,4592,0,28208656,6886,8188,-15,
125,guard_depth,post_sum_pack12,A,63,15,32,32,1,1,6143,0,0,1,0,0,12,4592,0,4592,4592,8188,-2,0x11f0000000000000000000000000
125,guard_depth,post_sum_pack12,A,63,15,32,32,1,2,8188,-2,-1,1,0,1,12,2296,0,6888,6888,6144,-13,0x1ae8000000000000000000000000
125,guard_depth,post_sum_pack12,A,63,15,32,32,1,3,6144,-13,-12,-1,0,12,12,1,1,6886,6886,8188,-15,0x1ae6e10000000000000000000000
125,guard_depth,signed_floor,A,63,15,32,32,1,1,6143,0,0,1,0,0,12,4592,0,4592,4592,8188,-2,
125,guard_depth,signed_floor,A,63,15,32,32,1,2,8188,-2,-1,1,0,1,12,2296,0,6888,6888,6144,-13,
125,guard_depth,signed_floor,A,63,15,32,32,1,3,6144,-13,-12,-1,0,12,12,1,1,6886,6886,8188,-15,
126,post_sum_cut,fig3,A,63,15,32,32,1,1,6143,0,0,1,0,0,12,4592,0,4592,4592,8188,-2,
126,post_sum_cut,fig3,A,63,15,32,32,1,2,8188,-2,-1,1,0,1,12,2296,0,6888,6888,6144,-13,
126,post_sum_cut,fig3,A,63,15,32,32,1,3,6144,-13,-12,-1,0,12,12,1,1,6887,6887,8188,-15,
126,post_sum_cut,tie_b,B,63,15,32,32,1,1,4592,0,0,1,0,0,12,6143,0,6143,6143,7936,-4,
126,post_sum_cut,tie_b,B,63,15,32,32,1,2,7936,-4,-3,1,0,3,12,767,1,6910,6910,8160,-9,
126,post_sum_cut,tie_b,B,63,15,32,32,1,3,8160,-9,-8,-1,0,8,12,23,1,6887,6887,7936,-17,
126,post_sum_cut,legacy7,A,63,15,32,32,1,1,6143,0,0,1,0,0,12,4592,0,4592,4592,8188,-2,
126,post_sum_cut,legacy7,A,63,15,32,32,1,2,8188,-2,-1,1,0,1,12,2296,0,6888,6888,6144,-13,
126,post_sum_cut,legacy7,A,63,15,32,32,1,3,6144,-13,-12,-1,0,12,12,1,1,6887,6887,8188,-15,
126,post_sum_cut,input_anchor,A,63,15,32,32,1,1,6143,0,0,1,0,0,12,4592,0,4592,4592,8188,-2,
126,post_sum_cut,input_anchor,A,63,15,32,32,1,2,8188,-2,-1,1,0,1,12,2296,0,6888,6888,6144,-13,
126,post_sum_cut,input_anchor,A,63,15,32,32,1,3,6144,-13,-12,-1,0,12,12,1,1,6887,6887,8188,-15,
126,post_sum_cut,exact_residual,A,63,15,32,32,1,1,6143,0,0,1,0,0,12,4592,0,4592,4592,8188,-2,
126,post_sum_cut,exact_residual,A,63,15,32,32,1,2,8188,-2,-1,1,0,1,12,2296,0,6888,6888,4096,-12,
126,post_sum_cut,exact_residual,A,63,15,32,32,1,3,4096,-12,-12,-1,0,12,12,1,1,6887,6887,0,-12,
126,post_sum_cut,guard1_pack12,A,63,15,32,32,1,1,6143,0,0,1,0,0,13,9184,0,9184,4592,8188,-2,
126,post_sum_cut,guard1_pack12,A,63,15,32,32,1,2,8188,-2,-1,1,0,1,13,4592,0,13776,6888,6144,-13,
126,post_sum_cut,guard1_pack12,A,63,15,32,32,1,3,6144,-13,-12,-1,0,12,13,2,1,13774,6887,8188,-15,
126,post_sum_cut,guard12_pack12,A,63,15,32,32,1,1,6143,0,0,1,0,0,24,18808832,0,18808832,4592,8188,-2,
126,post_sum_cut,guard12_pack12,A,63,15,32,32,1,2,8188,-2,-1,1,0,1,24,9404416,0,28213248,6888,6144,-13,
126,post_sum_cut,guard12_pack12,A,63,15,32,32,1,3,6144,-13,-12,-1,0,12,24,4592,0,28208656,6886,8188,-15,
126,post_sum_cut,source_uncut,A,63,15,32,32,1,1,6143,0,0,1,0,0,24,18808832,0,18808832,4592,8188,-2,
126,post_sum_cut,source_uncut,A,63,15,32,32,1,2,8188,-2,-1,1,0,1,24,9404416,0,28213248,6888,6144,-13,
126,post_sum_cut,source_uncut,A,63,15,32,32,1,3,6144,-13,-12,-1,0,12,24,4592,0,28208656,6886,8188,-15,
126,post_sum_cut,post_sum_pack12,A,63,15,32,32,1,1,6143,0,0,1,0,0,12,4592,0,4592,4592,8188,-2,0x11f0000000000000000000000000
126,post_sum_cut,post_sum_pack12,A,63,15,32,32,1,2,8188,-2,-1,1,0,1,12,2296,0,6888,6888,6144,-13,0x1ae8000000000000000000000000
126,post_sum_cut,post_sum_pack12,A,63,15,32,32,1,3,6144,-13,-12,-1,0,12,12,1,1,6886,6886,8188,-15,0x1ae6e10000000000000000000000
126,post_sum_cut,signed_floor,A,63,15,32,32,1,1,6143,0,0,1,0,0,12,4592,0,4592,4592,8188,-2,
126,post_sum_cut,signed_floor,A,63,15,32,32,1,2,8188,-2,-1,1,0,1,12,2296,0,6888,6888,6144,-13,
126,post_sum_cut,signed_floor,A,63,15,32,32,1,3,6144,-13,-12,-1,0,12,12,1,1,6886,6886,8188,-15,
127,signed_cut,fig3,A,63,15,32,32,1,1,6143,0,0,1,0,0,12,4592,0,4592,4592,8188,-2,
127,signed_cut,fig3,A,63,15,32,32,1,2,8188,-2,-1,1,0,1,12,2296,0,6888,6888,6144,-13,
127,signed_cut,fig3,A,63,15,32,32,1,3,6144,-13,-12,-1,0,12,12,1,1,6887,6887,8188,-15,
127,signed_cut,tie_b,B,63,15,32,32,1,1,4592,0,0,1,0,0,12,6143,0,6143,6143,7936,-4,
127,signed_cut,tie_b,B,63,15,32,32,1,2,7936,-4,-3,1,0,3,12,767,1,6910,6910,8160,-9,
127,signed_cut,tie_b,B,63,15,32,32,1,3,8160,-9,-8,-1,0,8,12,23,1,6887,6887,7936,-17,
127,signed_cut,legacy7,A,63,15,32,32,1,1,6143,0,0,1,0,0,12,4592,0,4592,4592,8188,-2,
127,signed_cut,legacy7,A,63,15,32,32,1,2,8188,-2,-1,1,0,1,12,2296,0,6888,6888,6144,-13,
127,signed_cut,legacy7,A,63,15,32,32,1,3,6144,-13,-12,-1,0,12,12,1,1,6887,6887,8188,-15,
127,signed_cut,input_anchor,A,63,15,32,32,1,1,6143,0,0,1,0,0,12,4592,0,4592,4592,8188,-2,
127,signed_cut,input_anchor,A,63,15,32,32,1,2,8188,-2,-1,1,0,1,12,2296,0,6888,6888,6144,-13,
127,signed_cut,input_anchor,A,63,15,32,32,1,3,6144,-13,-12,-1,0,12,12,1,1,6887,6887,8188,-15,
127,signed_cut,exact_residual,A,63,15,32,32,1,1,6143,0,0,1,0,0,12,4592,0,4592,4592,8188,-2,
127,signed_cut,exact_residual,A,63,15,32,32,1,2,8188,-2,-1,1,0,1,12,2296,0,6888,6888,4096,-12,
127,signed_cut,exact_residual,A,63,15,32,32,1,3,4096,-12,-12,-1,0,12,12,1,1,6887,6887,0,-12,
127,signed_cut,guard1_pack12,A,63,15,32,32,1,1,6143,0,0,1,0,0,13,9184,0,9184,4592,8188,-2,
127,signed_cut,guard1_pack12,A,63,15,32,32,1,2,8188,-2,-1,1,0,1,13,4592,0,13776,6888,6144,-13,
127,signed_cut,guard1_pack12,A,63,15,32,32,1,3,6144,-13,-12,-1,0,12,13,2,1,13774,6887,8188,-15,
127,signed_cut,guard12_pack12,A,63,15,32,32,1,1,6143,0,0,1,0,0,24,18808832,0,18808832,4592,8188,-2,
127,signed_cut,guard12_pack12,A,63,15,32,32,1,2,8188,-2,-1,1,0,1,24,9404416,0,28213248,6888,6144,-13,
127,signed_cut,guard12_pack12,A,63,15,32,32,1,3,6144,-13,-12,-1,0,12,24,4592,0,28208656,6886,8188,-15,
127,signed_cut,source_uncut,A,63,15,32,32,1,1,6143,0,0,1,0,0,24,18808832,0,18808832,4592,8188,-2,
127,signed_cut,source_uncut,A,63,15,32,32,1,2,8188,-2,-1,1,0,1,24,9404416,0,28213248,6888,6144,-13,
127,signed_cut,source_uncut,A,63,15,32,32,1,3,6144,-13,-12,-1,0,12,24,4592,0,28208656,6886,8188,-15,
127,signed_cut,post_sum_pack12,A,63,15,32,32,1,1,6143,0,0,1,0,0,12,4592,0,4592,4592,8188,-2,0x11f0000000000000000000000000
127,signed_cut,post_sum_pack12,A,63,15,32,32,1,2,8188,-2,-1,1,0,1,12,2296,0,6888,6888,6144,-13,0x1ae8000000000000000000000000
127,signed_cut,post_sum_pack12,A,63,15,32,32,1,3,6144,-13,-12,-1,0,12,12,1,1,6886,6886,8188,-15,0x1ae6e10000000000000000000000
127,signed_cut,signed_floor,A,63,15,32,32,1,1,6143,0,0,1,0,0,12,4592,0,4592,4592,8188,-2,
127,signed_cut,signed_floor,A,63,15,32,32,1,2,8188,-2,-1,1,0,1,12,2296,0,6888,6888,6144,-13,
127,signed_cut,signed_floor,A,63,15,32,32,1,3,6144,-13,-12,-1,0,12,12,1,1,6886,6886,8188,-15,
128,signed_cut,fig3,A,63,15,32,32,1,1,6143,0,0,1,0,0,12,4592,0,4592,4592,8188,-2,
128,signed_cut,fig3,A,63,15,32,32,1,2,8188,-2,-1,1,0,1,12,2296,0,6888,6888,6144,-13,
128,signed_cut,fig3,A,63,15,32,32,1,3,6144,-13,-12,-1,0,12,12,1,1,6887,6887,8188,-15,
128,signed_cut,fig3,A,63,15,32,32,1,4,8188,-15,-14,1,0,14,12,0,1,6887,6887,6144,-26,
128,signed_cut,tie_b,B,63,15,32,32,1,1,4592,0,0,1,0,0,12,6143,0,6143,6143,7936,-4,
128,signed_cut,tie_b,B,63,15,32,32,1,2,7936,-4,-3,1,0,3,12,767,1,6910,6910,8160,-9,
128,signed_cut,tie_b,B,63,15,32,32,1,3,8160,-9,-8,-1,0,8,12,23,1,6887,6887,7936,-17,
128,signed_cut,tie_b,B,63,15,32,32,1,4,7936,-17,-16,1,0,16,12,0,1,6887,6887,8160,-22,
128,signed_cut,legacy7,A,63,15,32,32,1,1,6143,0,0,1,0,0,12,4592,0,4592,4592,8188,-2,
128,signed_cut,legacy7,A,63,15,32,32,1,2,8188,-2,-1,1,0,1,12,2296,0,6888,6888,6144,-13,
128,signed_cut,legacy7,A,63,15,32,32,1,3,6144,-13,-12,-1,0,12,12,1,1,6887,6887,8188,-15,
128,signed_cut,legacy7,A,63,15,32,32,1,4,8188,-15,-14,1,0,14,12,0,1,6887,6887,6144,-26,
128,signed_cut,input_anchor,A,63,15,32,32,1,1,6143,0,0,1,0,0,12,4592,0,4592,4592,8188,-2,
128,signed_cut,input_anchor,A,63,15,32,32,1,2,8188,-2,-1,1,0,1,12,2296,0,6888,6888,6144,-13,
128,signed_cut,input_anchor,A,63,15,32,32,1,3,6144,-13,-12,-1,0,12,12,1,1,6887,6887,8188,-15,
128,signed_cut,input_anchor,A,63,15,32,32,1,4,8188,-15,-14,1,0,14,12,0,1,6887,6887,6144,-26,
128,signed_cut,exact_residual,A,63,15,32,32,1,1,6143,0,0,1,0,0,12,4592,0,4592,4592,8188,-2,
128,signed_cut,exact_residual,A,63,15,32,32,1,2,8188,-2,-1,1,0,1,12,2296,0,6888,6888,4096,-12,
128,signed_cut,exact_residual,A,63,15,32,32,1,3,4096,-12,-12,-1,0,12,12,1,1,6887,6887,0,-12,
128,signed_cut,guard1_pack12,A,63,15,32,32,1,1,6143,0,0,1,0,0,13,9184,0,9184,4592,8188,-2,
128,signed_cut,guard1_pack12,A,63,15,32,32,1,2,8188,-2,-1,1,0,1,13,4592,0,13776,6888,6144,-13,
128,signed_cut,guard1_pack12,A,63,15,32,32,1,3,6144,-13,-12,-1,0,12,13,2,1,13774,6887,8188,-15,
128,signed_cut,guard1_pack12,A,63,15,32,32,1,4,8188,-15,-14,1,0,14,13,0,1,13774,6887,6144,-26,
128,signed_cut,guard12_pack12,A,63,15,32,32,1,1,6143,0,0,1,0,0,24,18808832,0,18808832,4592,8188,-2,
128,signed_cut,guard12_pack12,A,63,15,32,32,1,2,8188,-2,-1,1,0,1,24,9404416,0,28213248,6888,6144,-13,
128,signed_cut,guard12_pack12,A,63,15,32,32,1,3,6144,-13,-12,-1,0,12,24,4592,0,28208656,6886,8188,-15,
128,signed_cut,guard12_pack12,A,63,15,32,32,1,4,8188,-15,-14,1,0,14,24,1148,0,28209804,6887,6144,-26,
128,signed_cut,source_uncut,A,63,15,32,32,1,1,6143,0,0,1,0,0,24,18808832,0,18808832,4592,8188,-2,
128,signed_cut,source_uncut,A,63,15,32,32,1,2,8188,-2,-1,1,0,1,24,9404416,0,28213248,6888,6144,-13,
128,signed_cut,source_uncut,A,63,15,32,32,1,3,6144,-13,-12,-1,0,12,24,4592,0,28208656,6886,8188,-15,
128,signed_cut,source_uncut,A,63,15,32,32,1,4,8188,-15,-14,1,0,14,24,1148,0,28209804,6887,6144,-26,
128,signed_cut,post_sum_pack12,A,63,15,32,32,1,1,6143,0,0,1,0,0,12,4592,0,4592,4592,8188,-2,0x11f0000000000000000000000000
128,signed_cut,post_sum_pack12,A,63,15,32,32,1,2,8188,-2,-1,1,0,1,12,2296,0,6888,6888,6144,-13,0x1ae8000000000000000000000000
128,signed_cut,post_sum_pack12,A,63,15,32,32,1,3,6144,-13,-12,-1,0,12,12,1,1,6886,6886,8188,-15,0x1ae6e10000000000000000000000
128,signed_cut,post_sum_pack12,A,63,15,32,32,1,4,8188,-15,-14,1,0,14,12,0,1,6887,6887,6144,-26,0x1ae728c000000000000000000000
128,signed_cut,signed_floor,A,63,15,32,32,1,1,6143,0,0,1,0,0,12,4592,0,4592,4592,8188,-2,
128,signed_cut,signed_floor,A,63,15,32,32,1,2,8188,-2,-1,1,0,1,12,2296,0,6888,6888,6144,-13,
128,signed_cut,signed_floor,A,63,15,32,32,1,3,6144,-13,-12,-1,0,12,12,1,1,6886,6886,8188,-15,
128,signed_cut,signed_floor,A,63,15,32,32,1,4,8188,-15,-14,1,0,14,12,0,1,6886,6886,6144,-26,
129,term_cut,fig3,B,63,16,32,0,0,1,4623,0,0,1,0,0,12,6143,0,6143,6143,4216,-3,
129,term_cut,fig3,B,63,16,32,0,0,2,4216,-3,-3,1,0,3,12,767,1,6910,6910,7680,-9,
129,term_cut,fig3,B,63,16,32,0,0,3,7680,-9,-8,1,0,8,12,23,1,6933,6933,8176,-13,
129,term_cut,tie_b,B,63,16,32,0,0,1,4623,0,0,1,0,0,12,6143,0,6143,6143,4216,-3,
129,term_cut,tie_b,B,63,16,32,0,0,2,4216,-3,-3,1,0,3,12,767,1,6910,6910,7680,-9,
129,term_cut,tie_b,B,63,16,32,0,0,3,7680,-9,-8,1,0,8,12,23,1,6933,6933,8176,-13,
129,term_cut,legacy7,B,63,16,32,0,0,1,4623,0,0,1,0,0,12,6143,0,6143,6143,4216,-3,
129,term_cut,legacy7,B,63,16,32,0,0,2,4216,-3,-3,1,0,3,12,767,1,6910,6910,7680,-9,
129,term_cut,legacy7,B,63,16,32,0,0,3,7680,-9,-8,1,0,8,12,23,1,6933,6933,8176,-13,
129,term_cut,input_anchor,B,63,16,32,0,0,1,4623,0,0,1,0,0,12,6143,0,6143,6143,4216,-3,
129,term_cut,input_anchor,B,63,16,32,0,0,2,4216,-3,-3,1,0,3,12,767,1,6910,6910,7680,-9,
129,term_cut,input_anchor,B,63,16,32,0,0,3,7680,-9,-8,1,0,8,12,23,1,6933,6933,8176,-13,
129,term_cut,exact_residual,B,63,16,32,0,0,1,4623,0,0,1,0,0,12,6143,0,6143,6143,4216,-3,
129,term_cut,exact_residual,B,63,16,32,0,0,2,4216,-3,-3,1,0,3,12,767,1,6910,6910,7680,-9,
129,term_cut,exact_residual,B,63,16,32,0,0,3,7680,-9,-8,1,0,8,12,23,1,6933,6933,4096,-12,
129,term_cut,guard1_pack12,B,63,16,32,0,0,1,4623,0,0,1,0,0,13,12286,0,12286,6143,4216,-3,
129,term_cut,guard1_pack12,B,63,16,32,0,0,2,4216,-3,-3,1,0,3,13,1535,1,13821,6910,7680,-9,
129,term_cut,guard1_pack12,B,63,16,32,0,0,3,7680,-9,-8,1,0,8,13,47,1,13868,6934,8176,-13,
129,term_cut,guard12_pack12,B,63,16,32,0,0,1,4623,0,0,1,0,0,24,25161728,0,25161728,6143,4216,-3,
129,term_cut,guard12_pack12,B,63,16,32,0,0,2,4216,-3,-3,1,0,3,24,3145216,0,28306944,6910,7680,-9,
129,term_cut,guard12_pack12,B,63,16,32,0,0,3,7680,-9,-8,1,0,8,24,98288,0,28405232,6934,8176,-13,
129,term_cut,source_uncut,B,63,16,32,0,0,1,4623,0,0,1,0,0,24,25161728,0,25161728,6143,4216,-3,
129,term_cut,source_uncut,B,63,16,32,0,0,2,4216,-3,-3,1,0,3,24,3145216,0,28306944,6910,7680,-9,
129,term_cut,source_uncut,B,63,16,32,0,0,3,7680,-9,-8,1,0,8,24,98288,0,28405232,6934,8176,-13,
129,term_cut,post_sum_pack12,B,63,16,32,0,0,1,4623,0,0,1,0,0,12,6143,0,6143,6143,4216,-3,0x17ff000000000000000000000000
129,term_cut,post_sum_pack12,B,63,16,32,0,0,2,4216,-3,-3,1,0,3,12,767,1,6910,6910,7680,-9,0x1afee00000000000000000000000
129,term_cut,post_sum_pack12,B,63,16,32,0,0,3,7680,-9,-8,1,0,8,12,23,1,6934,6934,8176,-13,0x1b16df0000000000000000000000
129,term_cut,signed_floor,B,63,16,32,0,0,1,4623,0,0,1,0,0,12,6143,0,6143,6143,4216,-3,
129,term_cut,signed_floor,B,63,16,32,0,0,2,4216,-3,-3,1,0,3,12,767,1,6910,6910,7680,-9,
129,term_cut,signed_floor,B,63,16,32,0,0,3,7680,-9,-8,1,0,8,12,23,1,6933,6933,8176,-13,
130,post_sum_cut,fig3,B,63,16,32,0,0,1,4623,0,0,1,0,0,12,6143,0,6143,6143,4216,-3,
130,post_sum_cut,fig3,B,63,16,32,0,0,2,4216,-3,-3,1,0,3,12,767,1,6910,6910,7680,-9,
130,post_sum_cut,fig3,B,63,16,32,0,0,3,7680,-9,-8,1,0,8,12,23,1,6933,6933,8176,-13,
130,post_sum_cut,tie_b,B,63,16,32,0,0,1,4623,0,0,1,0,0,12,6143,0,6143,6143,4216,-3,
130,post_sum_cut,tie_b,B,63,16,32,0,0,2,4216,-3,-3,1,0,3,12,767,1,6910,6910,7680,-9,
130,post_sum_cut,tie_b,B,63,16,32,0,0,3,7680,-9,-8,1,0,8,12,23,1,6933,6933,8176,-13,
130,post_sum_cut,legacy7,B,63,16,32,0,0,1,4623,0,0,1,0,0,12,6143,0,6143,6143,4216,-3,
130,post_sum_cut,legacy7,B,63,16,32,0,0,2,4216,-3,-3,1,0,3,12,767,1,6910,6910,7680,-9,
130,post_sum_cut,legacy7,B,63,16,32,0,0,3,7680,-9,-8,1,0,8,12,23,1,6933,6933,8176,-13,
130,post_sum_cut,input_anchor,B,63,16,32,0,0,1,4623,0,0,1,0,0,12,6143,0,6143,6143,4216,-3,
130,post_sum_cut,input_anchor,B,63,16,32,0,0,2,4216,-3,-3,1,0,3,12,767,1,6910,6910,7680,-9,
130,post_sum_cut,input_anchor,B,63,16,32,0,0,3,7680,-9,-8,1,0,8,12,23,1,6933,6933,8176,-13,
130,post_sum_cut,exact_residual,B,63,16,32,0,0,1,4623,0,0,1,0,0,12,6143,0,6143,6143,4216,-3,
130,post_sum_cut,exact_residual,B,63,16,32,0,0,2,4216,-3,-3,1,0,3,12,767,1,6910,6910,7680,-9,
130,post_sum_cut,exact_residual,B,63,16,32,0,0,3,7680,-9,-8,1,0,8,12,23,1,6933,6933,4096,-12,
130,post_sum_cut,guard1_pack12,B,63,16,32,0,0,1,4623,0,0,1,0,0,13,12286,0,12286,6143,4216,-3,
130,post_sum_cut,guard1_pack12,B,63,16,32,0,0,2,4216,-3,-3,1,0,3,13,1535,1,13821,6910,7680,-9,
130,post_sum_cut,guard1_pack12,B,63,16,32,0,0,3,7680,-9,-8,1,0,8,13,47,1,13868,6934,8176,-13,
130,post_sum_cut,guard12_pack12,B,63,16,32,0,0,1,4623,0,0,1,0,0,24,25161728,0,25161728,6143,4216,-3,
130,post_sum_cut,guard12_pack12,B,63,16,32,0,0,2,4216,-3,-3,1,0,3,24,3145216,0,28306944,6910,7680,-9,
130,post_sum_cut,guard12_pack12,B,63,16,32,0,0,3,7680,-9,-8,1,0,8,24,98288,0,28405232,6934,8176,-13,
130,post_sum_cut,source_uncut,B,63,16,32,0,0,1,4623,0,0,1,0,0,24,25161728,0,25161728,6143,4216,-3,
130,post_sum_cut,source_uncut,B,63,16,32,0,0,2,4216,-3,-3,1,0,3,24,3145216,0,28306944,6910,7680,-9,
130,post_sum_cut,source_uncut,B,63,16,32,0,0,3,7680,-9,-8,1,0,8,24,98288,0,28405232,6934,8176,-13,
130,post_sum_cut,post_sum_pack12,B,63,16,32,0,0,1,4623,0,0,1,0,0,12,6143,0,6143,6143,4216,-3,0x17ff000000000000000000000000
130,post_sum_cut,post_sum_pack12,B,63,16,32,0,0,2,4216,-3,-3,1,0,3,12,767,1,6910,6910,7680,-9,0x1afee00000000000000000000000
130,post_sum_cut,post_sum_pack12,B,63,16,32,0,0,3,7680,-9,-8,1,0,8,12,23,1,6934,6934,8176,-13,0x1b16df0000000000000000000000
130,post_sum_cut,signed_floor,B,63,16,32,0,0,1,4623,0,0,1,0,0,12,6143,0,6143,6143,4216,-3,
130,post_sum_cut,signed_floor,B,63,16,32,0,0,2,4216,-3,-3,1,0,3,12,767,1,6910,6910,7680,-9,
130,post_sum_cut,signed_floor,B,63,16,32,0,0,3,7680,-9,-8,1,0,8,12,23,1,6933,6933,8176,-13,
131,term_cut,fig3,B,63,16,32,0,0,1,4623,0,0,1,0,0,12,6143,0,6143,6143,4216,-3,
131,term_cut,fig3,B,63,16,32,0,0,2,4216,-3,-3,1,0,3,12,767,1,6910,6910,7680,-9,
131,term_cut,fig3,B,63,16,32,0,0,3,7680,-9,-8,1,0,8,12,23,1,6933,6933,8176,-13,
131,term_cut,fig3,B,63,16,32,0,0,4,8176,-13,-12,-1,0,12,12,1,1,6932,6932,7680,-22,
131,term_cut,tie_b,B,63,16,32,0,0,1,4623,0,0,1,0,0,12,6143,0,6143,6143,4216,-3,
131,term_cut,tie_b,B,63,16,32,0,0,2,4216,-3,-3,1,0,3,12,767,1,6910,6910,7680,-9,
131,term_cut,tie_b,B,63,16,32,0,0,3,7680,-9,-8,1,0,8,12,23,1,6933,6933,8176,-13,
131,term_cut,tie_b,B,63,16,32,0,0,4,8176,-13,-12,-1,0,12,12,1,1,6932,6932,7680,-22,
131,term_cut,legacy7,B,63,16,32,0,0,1,4623,0,0,1,0,0,12,6143,0,6143,6143,4216,-3,
131,term_cut,legacy7,B,63,16,32,0,0,2,4216,-3,-3,1,0,3,12,767,1,6910,6910,7680,-9,
131,term_cut,legacy7,B,63,16,32,0,0,3,7680,-9,-8,1,0,8,12,23,1,6933,6933,8176,-13,
131,term_cut,legacy7,B,63,16,32,0,0,4,8176,-13,-12,-1,0,12,12,1,1,6932,6932,7680,-22,
131,term_cut,input_anchor,B,63,16,32,0,0,1,4623,0,0,1,0,0,12,6143,0,6143,6143,4216,-3,
131,term_cut,input_anchor,B,63,16,32,0,0,2,4216,-3,-3,1,0,3,12,767,1,6910,6910,7680,-9,
131,term_cut,input_anchor,B,63,16,32,0,0,3,7680,-9,-8,1,0,8,12,23,1,6933,6933,8176,-13,
131,term_cut,input_anchor,B,63,16,32,0,0,4,8176,-13,-12,-1,0,12,12,1,1,6932,6932,7680,-22,
131,term_cut,exact_residual,B,63,16,32,0,0,1,4623,0,0,1,0,0,12,6143,0,6143,6143,4216,-3,
131,term_cut,exact_residual,B,63,16,32,0,0,2,4216,-3,-3,1,0,3,12,767,1,6910,6910,7680,-9,
131,term_cut,exact_residual,B,63,16,32,0,0,3,7680,-9,-8,1,0,8,12,23,1,6933,6933,4096,-12,
131,term_cut,exact_residual,B,63,16,32,0,0,4,4096,-12,-12,-1,0,12,12,1,1,6932,6932,0,-12,
131,term_cut,guard1_pack12,B,63,16,32,0,0,1,4623,0,0,1,0,0,13,12286,0,12286,6143,4216,-3,
131,term_cut,guard1_pack12,B,63,16,32,0,0,2,4216,-3,-3,1,0,3,13,1535,1,13821,6910,7680,-9,
131,term_cut,guard1_pack12,B,63,16,32,0,0,3,7680,-9,-8,1,0,8,13,47,1,13868,6934,8176,-13,
131,term_cut,guard1_pack12,B,63,16,32,0,0,4,8176,-13,-12,-1,0,12,13,2,1,13866,6933,7680,-22,
131,term_cut,guard12_pack12,B,63,16,32,0,0,1,4623,0,0,1,0,0,24,25161728,0,25161728,6143,4216,-3,
131,term_cut,guard12_pack12,B,63,16,32,0,0,2,4216,-3,-3,1,0,3,24,3145216,0,28306944,6910,7680,-9,
131,term_cut,guard12_pack12,B,63,16,32,0,0,3,7680,-9,-8,1,0,8,24,98288,0,28405232,6934,8176,-13,
131,term_cut,guard12_pack12,B,63,16,32,0,0,4,8176,-13,-12,-1,0,12,24,6143,0,28399089,6933,7680,-22,
131,term_cut,source_uncut,B,63,16,32,0,0,1,4623,0,0,1,0,0,24,25161728,0,25161728,6143,4216,-3,
131,term_cut,source_uncut,B,63,16,32,0,0,2,4216,-3,-3,1,0,3,24,3145216,0,28306944,6910,7680,-9,
131,term_cut,source_uncut,B,63,16,32,0,0,3,7680,-9,-8,1,0,8,24,98288,0,28405232,6934,8176,-13,
131,term_cut,source_uncut,B,63,16,32,0,0,4,8176,-13,-12,-1,0,12,24,6143,0,28399089,6933,7680,-22,
131,term_cut,post_sum_pack12,B,63,16,32,0,0,1,4623,0,0,1,0,0,12,6143,0,6143,6143,4216,-3,0x17ff000000000000000000000000
131,term_cut,post_sum_pack12,B,63,16,32,0,0,2,4216,-3,-3,1,0,3,12,767,1,6910,6910,7680,-9,0x1afee00000000000000000000000
131,term_cut,post_sum_pack12,B,63,16,32,0,0,3,7680,-9,-8,1,0,8,12,23,1,6934,6934,8176,-13,0x1b16df0000000000000000000000
131,term_cut,post_sum_pack12,B,63,16,32,0,0,4,8176,-13,-12,-1,0,12,12,1,1,6933,6933,7680,-22,0x1b155f1000000000000000000000
131,term_cut,signed_floor,B,63,16,32,0,0,1,4623,0,0,1,0,0,12,6143,0,6143,6143,4216,-3,
131,term_cut,signed_floor,B,63,16,32,0,0,2,4216,-3,-3,1,0,3,12,767,1,6910,6910,7680,-9,
131,term_cut,signed_floor,B,63,16,32,0,0,3,7680,-9,-8,1,0,8,12,23,1,6933,6933,8176,-13,
131,term_cut,signed_floor,B,63,16,32,0,0,4,8176,-13,-12,-1,0,12,12,1,1,6931,6931,7680,-22,
132,post_sum_cut,fig3,B,63,16,32,0,0,1,4623,0,0,1,0,0,12,6143,0,6143,6143,4216,-3,
132,post_sum_cut,fig3,B,63,16,32,0,0,2,4216,-3,-3,1,0,3,12,767,1,6910,6910,7680,-9,
132,post_sum_cut,fig3,B,63,16,32,0,0,3,7680,-9,-8,1,0,8,12,23,1,6933,6933,8176,-13,
132,post_sum_cut,fig3,B,63,16,32,0,0,4,8176,-13,-12,-1,0,12,12,1,1,6932,6932,7680,-22,
132,post_sum_cut,tie_b,B,63,16,32,0,0,1,4623,0,0,1,0,0,12,6143,0,6143,6143,4216,-3,
132,post_sum_cut,tie_b,B,63,16,32,0,0,2,4216,-3,-3,1,0,3,12,767,1,6910,6910,7680,-9,
132,post_sum_cut,tie_b,B,63,16,32,0,0,3,7680,-9,-8,1,0,8,12,23,1,6933,6933,8176,-13,
132,post_sum_cut,tie_b,B,63,16,32,0,0,4,8176,-13,-12,-1,0,12,12,1,1,6932,6932,7680,-22,
132,post_sum_cut,legacy7,B,63,16,32,0,0,1,4623,0,0,1,0,0,12,6143,0,6143,6143,4216,-3,
132,post_sum_cut,legacy7,B,63,16,32,0,0,2,4216,-3,-3,1,0,3,12,767,1,6910,6910,7680,-9,
132,post_sum_cut,legacy7,B,63,16,32,0,0,3,7680,-9,-8,1,0,8,12,23,1,6933,6933,8176,-13,
132,post_sum_cut,legacy7,B,63,16,32,0,0,4,8176,-13,-12,-1,0,12,12,1,1,6932,6932,7680,-22,
132,post_sum_cut,input_anchor,B,63,16,32,0,0,1,4623,0,0,1,0,0,12,6143,0,6143,6143,4216,-3,
132,post_sum_cut,input_anchor,B,63,16,32,0,0,2,4216,-3,-3,1,0,3,12,767,1,6910,6910,7680,-9,
132,post_sum_cut,input_anchor,B,63,16,32,0,0,3,7680,-9,-8,1,0,8,12,23,1,6933,6933,8176,-13,
132,post_sum_cut,input_anchor,B,63,16,32,0,0,4,8176,-13,-12,-1,0,12,12,1,1,6932,6932,7680,-22,
132,post_sum_cut,exact_residual,B,63,16,32,0,0,1,4623,0,0,1,0,0,12,6143,0,6143,6143,4216,-3,
132,post_sum_cut,exact_residual,B,63,16,32,0,0,2,4216,-3,-3,1,0,3,12,767,1,6910,6910,7680,-9,
132,post_sum_cut,exact_residual,B,63,16,32,0,0,3,7680,-9,-8,1,0,8,12,23,1,6933,6933,4096,-12,
132,post_sum_cut,exact_residual,B,63,16,32,0,0,4,4096,-12,-12,-1,0,12,12,1,1,6932,6932,0,-12,
132,post_sum_cut,guard1_pack12,B,63,16,32,0,0,1,4623,0,0,1,0,0,13,12286,0,12286,6143,4216,-3,
132,post_sum_cut,guard1_pack12,B,63,16,32,0,0,2,4216,-3,-3,1,0,3,13,1535,1,13821,6910,7680,-9,
132,post_sum_cut,guard1_pack12,B,63,16,32,0,0,3,7680,-9,-8,1,0,8,13,47,1,13868,6934,8176,-13,
132,post_sum_cut,guard1_pack12,B,63,16,32,0,0,4,8176,-13,-12,-1,0,12,13,2,1,13866,6933,7680,-22,
132,post_sum_cut,guard12_pack12,B,63,16,32,0,0,1,4623,0,0,1,0,0,24,25161728,0,25161728,6143,4216,-3,
132,post_sum_cut,guard12_pack12,B,63,16,32,0,0,2,4216,-3,-3,1,0,3,24,3145216,0,28306944,6910,7680,-9,
132,post_sum_cut,guard12_pack12,B,63,16,32,0,0,3,7680,-9,-8,1,0,8,24,98288,0,28405232,6934,8176,-13,
132,post_sum_cut,guard12_pack12,B,63,16,32,0,0,4,8176,-13,-12,-1,0,12,24,6143,0,28399089,6933,7680,-22,
132,post_sum_cut,source_uncut,B,63,16,32,0,0,1,4623,0,0,1,0,0,24,25161728,0,25161728,6143,4216,-3,
132,post_sum_cut,source_uncut,B,63,16,32,0,0,2,4216,-3,-3,1,0,3,24,3145216,0,28306944,6910,7680,-9,
132,post_sum_cut,source_uncut,B,63,16,32,0,0,3,7680,-9,-8,1,0,8,24,98288,0,28405232,6934,8176,-13,
132,post_sum_cut,source_uncut,B,63,16,32,0,0,4,8176,-13,-12,-1,0,12,24,6143,0,28399089,6933,7680,-22,
132,post_sum_cut,post_sum_pack12,B,63,16,32,0,0,1,4623,0,0,1,0,0,12,6143,0,6143,6143,4216,-3,0x17ff000000000000000000000000
132,post_sum_cut,post_sum_pack12,B,63,16,32,0,0,2,4216,-3,-3,1,0,3,12,767,1,6910,6910,7680,-9,0x1afee00000000000000000000000
132,post_sum_cut,post_sum_pack12,B,63,16,32,0,0,3,7680,-9,-8,1,0,8,12,23,1,6934,6934,8176,-13,0x1b16df0000000000000000000000
132,post_sum_cut,post_sum_pack12,B,63,16,32,0,0,4,8176,-13,-12,-1,0,12,12,1,1,6933,6933,7680,-22,0x1b155f1000000000000000000000
132,post_sum_cut,signed_floor,B,63,16,32,0,0,1,4623,0,0,1,0,0,12,6143,0,6143,6143,4216,-3,
132,post_sum_cut,signed_floor,B,63,16,32,0,0,2,4216,-3,-3,1,0,3,12,767,1,6910,6910,7680,-9,
132,post_sum_cut,signed_floor,B,63,16,32,0,0,3,7680,-9,-8,1,0,8,12,23,1,6933,6933,8176,-13,
132,post_sum_cut,signed_floor,B,63,16,32,0,0,4,8176,-13,-12,-1,0,12,12,1,1,6931,6931,7680,-22,
133,signed_cut,fig3,B,63,16,32,0,0,1,4623,0,0,1,0,0,12,6143,0,6143,6143,4216,-3,
133,signed_cut,fig3,B,63,16,32,0,0,2,4216,-3,-3,1,0,3,12,767,1,6910,6910,7680,-9,
133,signed_cut,fig3,B,63,16,32,0,0,3,7680,-9,-8,1,0,8,12,23,1,6933,6933,8176,-13,
133,signed_cut,fig3,B,63,16,32,0,0,4,8176,-13,-12,-1,0,12,12,1,1,6932,6932,7680,-22,
133,signed_cut,tie_b,B,63,16,32,0,0,1,4623,0,0,1,0,0,12,6143,0,6143,6143,4216,-3,
133,signed_cut,tie_b,B,63,16,32,0,0,2,4216,-3,-3,1,0,3,12,767,1,6910,6910,7680,-9,
133,signed_cut,tie_b,B,63,16,32,0,0,3,7680,-9,-8,1,0,8,12,23,1,6933,6933,8176,-13,
133,signed_cut,tie_b,B,63,16,32,0,0,4,8176,-13,-12,-1,0,12,12,1,1,6932,6932,7680,-22,
133,signed_cut,legacy7,B,63,16,32,0,0,1,4623,0,0,1,0,0,12,6143,0,6143,6143,4216,-3,
133,signed_cut,legacy7,B,63,16,32,0,0,2,4216,-3,-3,1,0,3,12,767,1,6910,6910,7680,-9,
133,signed_cut,legacy7,B,63,16,32,0,0,3,7680,-9,-8,1,0,8,12,23,1,6933,6933,8176,-13,
133,signed_cut,legacy7,B,63,16,32,0,0,4,8176,-13,-12,-1,0,12,12,1,1,6932,6932,7680,-22,
133,signed_cut,input_anchor,B,63,16,32,0,0,1,4623,0,0,1,0,0,12,6143,0,6143,6143,4216,-3,
133,signed_cut,input_anchor,B,63,16,32,0,0,2,4216,-3,-3,1,0,3,12,767,1,6910,6910,7680,-9,
133,signed_cut,input_anchor,B,63,16,32,0,0,3,7680,-9,-8,1,0,8,12,23,1,6933,6933,8176,-13,
133,signed_cut,input_anchor,B,63,16,32,0,0,4,8176,-13,-12,-1,0,12,12,1,1,6932,6932,7680,-22,
133,signed_cut,exact_residual,B,63,16,32,0,0,1,4623,0,0,1,0,0,12,6143,0,6143,6143,4216,-3,
133,signed_cut,exact_residual,B,63,16,32,0,0,2,4216,-3,-3,1,0,3,12,767,1,6910,6910,7680,-9,
133,signed_cut,exact_residual,B,63,16,32,0,0,3,7680,-9,-8,1,0,8,12,23,1,6933,6933,4096,-12,
133,signed_cut,exact_residual,B,63,16,32,0,0,4,4096,-12,-12,-1,0,12,12,1,1,6932,6932,0,-12,
133,signed_cut,guard1_pack12,B,63,16,32,0,0,1,4623,0,0,1,0,0,13,12286,0,12286,6143,4216,-3,
133,signed_cut,guard1_pack12,B,63,16,32,0,0,2,4216,-3,-3,1,0,3,13,1535,1,13821,6910,7680,-9,
133,signed_cut,guard1_pack12,B,63,16,32,0,0,3,7680,-9,-8,1,0,8,13,47,1,13868,6934,8176,-13,
133,signed_cut,guard1_pack12,B,63,16,32,0,0,4,8176,-13,-12,-1,0,12,13,2,1,13866,6933,7680,-22,
133,signed_cut,guard12_pack12,B,63,16,32,0,0,1,4623,0,0,1,0,0,24,25161728,0,25161728,6143,4216,-3,
133,signed_cut,guard12_pack12,B,63,16,32,0,0,2,4216,-3,-3,1,0,3,24,3145216,0,28306944,6910,7680,-9,
133,signed_cut,guard12_pack12,B,63,16,32,0,0,3,7680,-9,-8,1,0,8,24,98288,0,28405232,6934,8176,-13,
133,signed_cut,guard12_pack12,B,63,16,32,0,0,4,8176,-13,-12,-1,0,12,24,6143,0,28399089,6933,7680,-22,
133,signed_cut,source_uncut,B,63,16,32,0,0,1,4623,0,0,1,0,0,24,25161728,0,25161728,6143,4216,-3,
133,signed_cut,source_uncut,B,63,16,32,0,0,2,4216,-3,-3,1,0,3,24,3145216,0,28306944,6910,7680,-9,
133,signed_cut,source_uncut,B,63,16,32,0,0,3,7680,-9,-8,1,0,8,24,98288,0,28405232,6934,8176,-13,
133,signed_cut,source_uncut,B,63,16,32,0,0,4,8176,-13,-12,-1,0,12,24,6143,0,28399089,6933,7680,-22,
133,signed_cut,post_sum_pack12,B,63,16,32,0,0,1,4623,0,0,1,0,0,12,6143,0,6143,6143,4216,-3,0x17ff000000000000000000000000
133,signed_cut,post_sum_pack12,B,63,16,32,0,0,2,4216,-3,-3,1,0,3,12,767,1,6910,6910,7680,-9,0x1afee00000000000000000000000
133,signed_cut,post_sum_pack12,B,63,16,32,0,0,3,7680,-9,-8,1,0,8,12,23,1,6934,6934,8176,-13,0x1b16df0000000000000000000000
133,signed_cut,post_sum_pack12,B,63,16,32,0,0,4,8176,-13,-12,-1,0,12,12,1,1,6933,6933,7680,-22,0x1b155f1000000000000000000000
133,signed_cut,signed_floor,B,63,16,32,0,0,1,4623,0,0,1,0,0,12,6143,0,6143,6143,4216,-3,
133,signed_cut,signed_floor,B,63,16,32,0,0,2,4216,-3,-3,1,0,3,12,767,1,6910,6910,7680,-9,
133,signed_cut,signed_floor,B,63,16,32,0,0,3,7680,-9,-8,1,0,8,12,23,1,6933,6933,8176,-13,
133,signed_cut,signed_floor,B,63,16,32,0,0,4,8176,-13,-12,-1,0,12,12,1,1,6931,6931,7680,-22,
134,term_cut,fig3,A,63,17,32,32,1,1,6143,0,0,1,0,0,12,4654,0,4654,4654,8188,-2,
134,term_cut,fig3,A,63,17,32,32,1,2,8188,-2,-1,1,0,1,12,2327,0,6981,6981,6144,-13,
134,term_cut,fig3,A,63,17,32,32,1,3,6144,-13,-12,-1,0,12,12,1,1,6980,6980,8188,-15,
134,term_cut,tie_b,B,63,17,32,32,1,1,4654,0,0,1,0,0,12,6143,0,6143,6143,4464,-3,
134,term_cut,tie_b,B,63,17,32,32,1,2,4464,-3,-3,1,0,3,12,767,1,6910,6910,5888,-7,
134,term_cut,tie_b,B,63,17,32,32,1,3,5888,-7,-7,1,0,7,12,47,1,6957,6957,7168,-9,
134,term_cut,legacy7,A,63,17,32,32,1,1,6143,0,0,1,0,0,12,4654,0,4654,4654,8188,-2,
134,term_cut,legacy7,A,63,17,32,32,1,2,8188,-2,-1,1,0,1,12,2327,0,6981,6981,6144,-13,
134,term_cut,legacy7,A,63,17,32,32,1,3,6144,-13,-12,-1,0,12,12,1,1,6980,6980,8188,-15,
134,term_cut,input_anchor,A,63,17,32,32,1,1,6143,0,0,1,0,0,12,4654,0,4654,4654,8188,-2,
134,term_cut,input_anchor,A,63,17,32,32,1,2,8188,-2,-1,1,0,1,12,2327,0,6981,6981,6144,-13,
134,term_cut,input_anchor,A,63,17,32,32,1,3,6144,-13,-12,-1,0,12,12,1,1,6980,6980,8188,-15,
134,term_cut,exact_residual,A,63,17,32,32,1,1,6143,0,0,1,0,0,12,4654,0,4654,4654,8188,-2,
134,term_cut,exact_residual,A,63,17,32,32,1,2,8188,-2,-1,1,0,1,12,2327,0,6981,6981,4096,-12,
134,term_cut,exact_residual,A,63,17,32,32,1,3,4096,-12,-12,-1,0,12,12,1,1,6980,6980,0,-12,
134,term_cut,guard1_pack12,A,63,17,32,32,1,1,6143,0,0,1,0,0,13,9308,0,9308,4654,8188,-2,
134,term_cut,guard1_pack12,A,63,17,32,32,1,2,8188,-2,-1,1,0,1,13,4654,0,13962,6981,6144,-13,
134,term_cut,guard1_pack12,A,63,17,32,32,1,3,6144,-13,-12,-1,0,12,13,2,1,13960,6980,8188,-15,
134,term_cut,guard12_pack12,A,63,17,32,32,1,1,6143,0,0,1,0,0,24,19062784,0,19062784,4654,8188,-2,
134,term_cut,guard12_pack12,A,63,17,32,32,1,2,8188,-2,-1,1,0,1,24,9531392,0,28594176,6981,6144,-13,
134,term_cut,guard12_pack12,A,63,17,32,32,1,3,6144,-13,-12,-1,0,12,24,4654,0,28589522,6979,8188,-15,
134,term_cut,source_uncut,A,63,17,32,32,1,1,6143,0,0,1,0,0,24,19062784,0,19062784,4654,8188,-2,
134,term_cut,source_uncut,A,63,17,32,32,1,2,8188,-2,-1,1,0,1,24,9531392,0,28594176,6981,6144,-13,
134,term_cut,source_uncut,A,63,17,32,32,1,3,6144,-13,-12,-1,0,12,24,4654,0,28589522,6979,8188,-15,
134,term_cut,post_sum_pack12,A,63,17,32,32,1,1,6143,0,0,1,0,0,12,4654,0,4654,4654,8188,-2,0x122e000000000000000000000000
134,term_cut,post_sum_pack12,A,63,17,32,32,1,2,8188,-2,-1,1,0,1,12,2327,0,6981,6981,6144,-13,0x1b45000000000000000000000000
134,term_cut,post_sum_pack12,A,63,17,32,32,1,3,6144,-13,-12,-1,0,12,12,1,1,6979,6979,8188,-15,0x1b43dd2000000000000000000000
134,term_cut,signed_floor,A,63,17,32,32,1,1,6143,0,0,1,0,0,12,4654,0,4654,4654,8188,-2,
134,term_cut,signed_floor,A,63,17,32,32,1,2,8188,-2,-1,1,0,1,12,2327,0,6981,6981,6144,-13,
134,term_cut,signed_floor,A,63,17,32,32,1,3,6144,-13,-12,-1,0,12,12,1,1,6979,6979,8188,-15,
135,guard_depth,fig3,A,63,17,32,32,1,1,6143,0,0,1,0,0,12,4654,0,4654,4654,8188,-2,
135,guard_depth,fig3,A,63,17,32,32,1,2,8188,-2,-1,1,0,1,12,2327,0,6981,6981,6144,-13,
135,guard_depth,fig3,A,63,17,32,32,1,3,6144,-13,-12,-1,0,12,12,1,1,6980,6980,8188,-15,
135,guard_depth,tie_b,B,63,17,32,32,1,1,4654,0,0,1,0,0,12,6143,0,6143,6143,4464,-3,
135,guard_depth,tie_b,B,63,17,32,32,1,2,4464,-3,-3,1,0,3,12,767,1,6910,6910,5888,-7,
135,guard_depth,tie_b,B,63,17,32,32,1,3,5888,-7,-7,1,0,7,12,47,1,6957,6957,7168,-9,
135,guard_depth,legacy7,A,63,17,32,32,1,1,6143,0,0,1,0,0,12,4654,0,4654,4654,8188,-2,
135,guard_depth,legacy7,A,63,17,32,32,1,2,8188,-2,-1,1,0,1,12,2327,0,6981,6981,6144,-13,
135,guard_depth,legacy7,A,63,17,32,32,1,3,6144,-13,-12,-1,0,12,12,1,1,6980,6980,8188,-15,
135,guard_depth,input_anchor,A,63,17,32,32,1,1,6143,0,0,1,0,0,12,4654,0,4654,4654,8188,-2,
135,guard_depth,input_anchor,A,63,17,32,32,1,2,8188,-2,-1,1,0,1,12,2327,0,6981,6981,6144,-13,
135,guard_depth,input_anchor,A,63,17,32,32,1,3,6144,-13,-12,-1,0,12,12,1,1,6980,6980,8188,-15,
135,guard_depth,exact_residual,A,63,17,32,32,1,1,6143,0,0,1,0,0,12,4654,0,4654,4654,8188,-2,
135,guard_depth,exact_residual,A,63,17,32,32,1,2,8188,-2,-1,1,0,1,12,2327,0,6981,6981,4096,-12,
135,guard_depth,exact_residual,A,63,17,32,32,1,3,4096,-12,-12,-1,0,12,12,1,1,6980,6980,0,-12,
135,guard_depth,guard1_pack12,A,63,17,32,32,1,1,6143,0,0,1,0,0,13,9308,0,9308,4654,8188,-2,
135,guard_depth,guard1_pack12,A,63,17,32,32,1,2,8188,-2,-1,1,0,1,13,4654,0,13962,6981,6144,-13,
135,guard_depth,guard1_pack12,A,63,17,32,32,1,3,6144,-13,-12,-1,0,12,13,2,1,13960,6980,8188,-15,
135,guard_depth,guard12_pack12,A,63,17,32,32,1,1,6143,0,0,1,0,0,24,19062784,0,19062784,4654,8188,-2,
135,guard_depth,guard12_pack12,A,63,17,32,32,1,2,8188,-2,-1,1,0,1,24,9531392,0,28594176,6981,6144,-13,
135,guard_depth,guard12_pack12,A,63,17,32,32,1,3,6144,-13,-12,-1,0,12,24,4654,0,28589522,6979,8188,-15,
135,guard_depth,source_uncut,A,63,17,32,32,1,1,6143,0,0,1,0,0,24,19062784,0,19062784,4654,8188,-2,
135,guard_depth,source_uncut,A,63,17,32,32,1,2,8188,-2,-1,1,0,1,24,9531392,0,28594176,6981,6144,-13,
135,guard_depth,source_uncut,A,63,17,32,32,1,3,6144,-13,-12,-1,0,12,24,4654,0,28589522,6979,8188,-15,
135,guard_depth,post_sum_pack12,A,63,17,32,32,1,1,6143,0,0,1,0,0,12,4654,0,4654,4654,8188,-2,0x122e000000000000000000000000
135,guard_depth,post_sum_pack12,A,63,17,32,32,1,2,8188,-2,-1,1,0,1,12,2327,0,6981,6981,6144,-13,0x1b45000000000000000000000000
135,guard_depth,post_sum_pack12,A,63,17,32,32,1,3,6144,-13,-12,-1,0,12,12,1,1,6979,6979,8188,-15,0x1b43dd2000000000000000000000
135,guard_depth,signed_floor,A,63,17,32,32,1,1,6143,0,0,1,0,0,12,4654,0,4654,4654,8188,-2,
135,guard_depth,signed_floor,A,63,17,32,32,1,2,8188,-2,-1,1,0,1,12,2327,0,6981,6981,6144,-13,
135,guard_depth,signed_floor,A,63,17,32,32,1,3,6144,-13,-12,-1,0,12,12,1,1,6979,6979,8188,-15,
136,post_sum_cut,fig3,A,63,17,32,32,1,1,6143,0,0,1,0,0,12,4654,0,4654,4654,8188,-2,
136,post_sum_cut,fig3,A,63,17,32,32,1,2,8188,-2,-1,1,0,1,12,2327,0,6981,6981,6144,-13,
136,post_sum_cut,fig3,A,63,17,32,32,1,3,6144,-13,-12,-1,0,12,12,1,1,6980,6980,8188,-15,
136,post_sum_cut,tie_b,B,63,17,32,32,1,1,4654,0,0,1,0,0,12,6143,0,6143,6143,4464,-3,
136,post_sum_cut,tie_b,B,63,17,32,32,1,2,4464,-3,-3,1,0,3,12,767,1,6910,6910,5888,-7,
136,post_sum_cut,tie_b,B,63,17,32,32,1,3,5888,-7,-7,1,0,7,12,47,1,6957,6957,7168,-9,
136,post_sum_cut,legacy7,A,63,17,32,32,1,1,6143,0,0,1,0,0,12,4654,0,4654,4654,8188,-2,
136,post_sum_cut,legacy7,A,63,17,32,32,1,2,8188,-2,-1,1,0,1,12,2327,0,6981,6981,6144,-13,
136,post_sum_cut,legacy7,A,63,17,32,32,1,3,6144,-13,-12,-1,0,12,12,1,1,6980,6980,8188,-15,
136,post_sum_cut,input_anchor,A,63,17,32,32,1,1,6143,0,0,1,0,0,12,4654,0,4654,4654,8188,-2,
136,post_sum_cut,input_anchor,A,63,17,32,32,1,2,8188,-2,-1,1,0,1,12,2327,0,6981,6981,6144,-13,
136,post_sum_cut,input_anchor,A,63,17,32,32,1,3,6144,-13,-12,-1,0,12,12,1,1,6980,6980,8188,-15,
136,post_sum_cut,exact_residual,A,63,17,32,32,1,1,6143,0,0,1,0,0,12,4654,0,4654,4654,8188,-2,
136,post_sum_cut,exact_residual,A,63,17,32,32,1,2,8188,-2,-1,1,0,1,12,2327,0,6981,6981,4096,-12,
136,post_sum_cut,exact_residual,A,63,17,32,32,1,3,4096,-12,-12,-1,0,12,12,1,1,6980,6980,0,-12,
136,post_sum_cut,guard1_pack12,A,63,17,32,32,1,1,6143,0,0,1,0,0,13,9308,0,9308,4654,8188,-2,
136,post_sum_cut,guard1_pack12,A,63,17,32,32,1,2,8188,-2,-1,1,0,1,13,4654,0,13962,6981,6144,-13,
136,post_sum_cut,guard1_pack12,A,63,17,32,32,1,3,6144,-13,-12,-1,0,12,13,2,1,13960,6980,8188,-15,
136,post_sum_cut,guard12_pack12,A,63,17,32,32,1,1,6143,0,0,1,0,0,24,19062784,0,19062784,4654,8188,-2,
136,post_sum_cut,guard12_pack12,A,63,17,32,32,1,2,8188,-2,-1,1,0,1,24,9531392,0,28594176,6981,6144,-13,
136,post_sum_cut,guard12_pack12,A,63,17,32,32,1,3,6144,-13,-12,-1,0,12,24,4654,0,28589522,6979,8188,-15,
136,post_sum_cut,source_uncut,A,63,17,32,32,1,1,6143,0,0,1,0,0,24,19062784,0,19062784,4654,8188,-2,
136,post_sum_cut,source_uncut,A,63,17,32,32,1,2,8188,-2,-1,1,0,1,24,9531392,0,28594176,6981,6144,-13,
136,post_sum_cut,source_uncut,A,63,17,32,32,1,3,6144,-13,-12,-1,0,12,24,4654,0,28589522,6979,8188,-15,
136,post_sum_cut,post_sum_pack12,A,63,17,32,32,1,1,6143,0,0,1,0,0,12,4654,0,4654,4654,8188,-2,0x122e000000000000000000000000
136,post_sum_cut,post_sum_pack12,A,63,17,32,32,1,2,8188,-2,-1,1,0,1,12,2327,0,6981,6981,6144,-13,0x1b45000000000000000000000000
136,post_sum_cut,post_sum_pack12,A,63,17,32,32,1,3,6144,-13,-12,-1,0,12,12,1,1,6979,6979,8188,-15,0x1b43dd2000000000000000000000
136,post_sum_cut,signed_floor,A,63,17,32,32,1,1,6143,0,0,1,0,0,12,4654,0,4654,4654,8188,-2,
136,post_sum_cut,signed_floor,A,63,17,32,32,1,2,8188,-2,-1,1,0,1,12,2327,0,6981,6981,6144,-13,
136,post_sum_cut,signed_floor,A,63,17,32,32,1,3,6144,-13,-12,-1,0,12,12,1,1,6979,6979,8188,-15,
137,signed_cut,fig3,A,63,17,32,32,1,1,6143,0,0,1,0,0,12,4654,0,4654,4654,8188,-2,
137,signed_cut,fig3,A,63,17,32,32,1,2,8188,-2,-1,1,0,1,12,2327,0,6981,6981,6144,-13,
137,signed_cut,fig3,A,63,17,32,32,1,3,6144,-13,-12,-1,0,12,12,1,1,6980,6980,8188,-15,
137,signed_cut,tie_b,B,63,17,32,32,1,1,4654,0,0,1,0,0,12,6143,0,6143,6143,4464,-3,
137,signed_cut,tie_b,B,63,17,32,32,1,2,4464,-3,-3,1,0,3,12,767,1,6910,6910,5888,-7,
137,signed_cut,tie_b,B,63,17,32,32,1,3,5888,-7,-7,1,0,7,12,47,1,6957,6957,7168,-9,
137,signed_cut,legacy7,A,63,17,32,32,1,1,6143,0,0,1,0,0,12,4654,0,4654,4654,8188,-2,
137,signed_cut,legacy7,A,63,17,32,32,1,2,8188,-2,-1,1,0,1,12,2327,0,6981,6981,6144,-13,
137,signed_cut,legacy7,A,63,17,32,32,1,3,6144,-13,-12,-1,0,12,12,1,1,6980,6980,8188,-15,
137,signed_cut,input_anchor,A,63,17,32,32,1,1,6143,0,0,1,0,0,12,4654,0,4654,4654,8188,-2,
137,signed_cut,input_anchor,A,63,17,32,32,1,2,8188,-2,-1,1,0,1,12,2327,0,6981,6981,6144,-13,
137,signed_cut,input_anchor,A,63,17,32,32,1,3,6144,-13,-12,-1,0,12,12,1,1,6980,6980,8188,-15,
137,signed_cut,exact_residual,A,63,17,32,32,1,1,6143,0,0,1,0,0,12,4654,0,4654,4654,8188,-2,
137,signed_cut,exact_residual,A,63,17,32,32,1,2,8188,-2,-1,1,0,1,12,2327,0,6981,6981,4096,-12,
137,signed_cut,exact_residual,A,63,17,32,32,1,3,4096,-12,-12,-1,0,12,12,1,1,6980,6980,0,-12,
137,signed_cut,guard1_pack12,A,63,17,32,32,1,1,6143,0,0,1,0,0,13,9308,0,9308,4654,8188,-2,
137,signed_cut,guard1_pack12,A,63,17,32,32,1,2,8188,-2,-1,1,0,1,13,4654,0,13962,6981,6144,-13,
137,signed_cut,guard1_pack12,A,63,17,32,32,1,3,6144,-13,-12,-1,0,12,13,2,1,13960,6980,8188,-15,
137,signed_cut,guard12_pack12,A,63,17,32,32,1,1,6143,0,0,1,0,0,24,19062784,0,19062784,4654,8188,-2,
137,signed_cut,guard12_pack12,A,63,17,32,32,1,2,8188,-2,-1,1,0,1,24,9531392,0,28594176,6981,6144,-13,
137,signed_cut,guard12_pack12,A,63,17,32,32,1,3,6144,-13,-12,-1,0,12,24,4654,0,28589522,6979,8188,-15,
137,signed_cut,source_uncut,A,63,17,32,32,1,1,6143,0,0,1,0,0,24,19062784,0,19062784,4654,8188,-2,
137,signed_cut,source_uncut,A,63,17,32,32,1,2,8188,-2,-1,1,0,1,24,9531392,0,28594176,6981,6144,-13,
137,signed_cut,source_uncut,A,63,17,32,32,1,3,6144,-13,-12,-1,0,12,24,4654,0,28589522,6979,8188,-15,
137,signed_cut,post_sum_pack12,A,63,17,32,32,1,1,6143,0,0,1,0,0,12,4654,0,4654,4654,8188,-2,0x122e000000000000000000000000
137,signed_cut,post_sum_pack12,A,63,17,32,32,1,2,8188,-2,-1,1,0,1,12,2327,0,6981,6981,6144,-13,0x1b45000000000000000000000000
137,signed_cut,post_sum_pack12,A,63,17,32,32,1,3,6144,-13,-12,-1,0,12,12,1,1,6979,6979,8188,-15,0x1b43dd2000000000000000000000
137,signed_cut,signed_floor,A,63,17,32,32,1,1,6143,0,0,1,0,0,12,4654,0,4654,4654,8188,-2,
137,signed_cut,signed_floor,A,63,17,32,32,1,2,8188,-2,-1,1,0,1,12,2327,0,6981,6981,6144,-13,
137,signed_cut,signed_floor,A,63,17,32,32,1,3,6144,-13,-12,-1,0,12,12,1,1,6979,6979,8188,-15,
138,signed_cut,fig3,A,63,17,32,32,1,1,6143,0,0,1,0,0,12,4654,0,4654,4654,8188,-2,
138,signed_cut,fig3,A,63,17,32,32,1,2,8188,-2,-1,1,0,1,12,2327,0,6981,6981,6144,-13,
138,signed_cut,fig3,A,63,17,32,32,1,3,6144,-13,-12,-1,0,12,12,1,1,6980,6980,8188,-15,
138,signed_cut,fig3,A,63,17,32,32,1,4,8188,-15,-14,1,0,14,12,0,1,6980,6980,6144,-26,
138,signed_cut,tie_b,B,63,17,32,32,1,1,4654,0,0,1,0,0,12,6143,0,6143,6143,4464,-3,
138,signed_cut,tie_b,B,63,17,32,32,1,2,4464,-3,-3,1,0,3,12,767,1,6910,6910,5888,-7,
138,signed_cut,tie_b,B,63,17,32,32,1,3,5888,-7,-7,1,0,7,12,47,1,6957,6957,7168,-9,
138,signed_cut,tie_b,B,63,17,32,32,1,4,7168,-9,-8,1,0,8,12,23,1,6980,6980,8184,-12,
138,signed_cut,legacy7,A,63,17,32,32,1,1,6143,0,0,1,0,0,12,4654,0,4654,4654,8188,-2,
138,signed_cut,legacy7,A,63,17,32,32,1,2,8188,-2,-1,1,0,1,12,2327,0,6981,6981,6144,-13,
138,signed_cut,legacy7,A,63,17,32,32,1,3,6144,-13,-12,-1,0,12,12,1,1,6980,6980,8188,-15,
138,signed_cut,legacy7,A,63,17,32,32,1,4,8188,-15,-14,1,0,14,12,0,1,6980,6980,6144,-26,
138,signed_cut,input_anchor,A,63,17,32,32,1,1,6143,0,0,1,0,0,12,4654,0,4654,4654,8188,-2,
138,signed_cut,input_anchor,A,63,17,32,32,1,2,8188,-2,-1,1,0,1,12,2327,0,6981,6981,6144,-13,
138,signed_cut,input_anchor,A,63,17,32,32,1,3,6144,-13,-12,-1,0,12,12,1,1,6980,6980,8188,-15,
138,signed_cut,input_anchor,A,63,17,32,32,1,4,8188,-15,-14,1,0,14,12,0,1,6980,6980,6144,-26,
138,signed_cut,exact_residual,A,63,17,32,32,1,1,6143,0,0,1,0,0,12,4654,0,4654,4654,8188,-2,
138,signed_cut,exact_residual,A,63,17,32,32,1,2,8188,-2,-1,1,0,1,12,2327,0,6981,6981,4096,-12,
138,signed_cut,exact_residual,A,63,17,32,32,1,3,4096,-12,-12,-1,0,12,12,1,1,6980,6980,0,-12,
138,signed_cut,guard1_pack12,A,63,17,32,32,1,1,6143,0,0,1,0,0,13,9308,0,9308,4654,8188,-2,
138,signed_cut,guard1_pack12,A,63,17,32,32,1,2,8188,-2,-1,1,0,1,13,4654,0,13962,6981,6144,-13,
138,signed_cut,guard1_pack12,A,63,17,32,32,1,3,6144,-13,-12,-1,0,12,13,2,1,13960,6980,8188,-15,
138,signed_cut,guard1_pack12,A,63,17,32,32,1,4,8188,-15,-14,1,0,14,13,0,1,13960,6980,6144,-26,
138,signed_cut,guard12_pack12,A,63,17,32,32,1,1,6143,0,0,1,0,0,24,19062784,0,19062784,4654,8188,-2,
138,signed_cut,guard12_pack12,A,63,17,32,32,1,2,8188,-2,-1,1,0,1,24,9531392,0,28594176,6981,6144,-13,
138,signed_cut,guard12_pack12,A,63,17,32,32,1,3,6144,-13,-12,-1,0,12,24,4654,0,28589522,6979,8188,-15,
138,signed_cut,guard12_pack12,A,63,17,32,32,1,4,8188,-15,-14,1,0,14,24,1163,1,28590685,6980,6144,-26,
138,signed_cut,source_uncut,A,63,17,32,32,1,1,6143,0,0,1,0,0,24,19062784,0,19062784,4654,8188,-2,
138,signed_cut,source_uncut,A,63,17,32,32,1,2,8188,-2,-1,1,0,1,24,9531392,0,28594176,6981,6144,-13,
138,signed_cut,source_uncut,A,63,17,32,32,1,3,6144,-13,-12,-1,0,12,24,4654,0,28589522,6979,8188,-15,
138,signed_cut,source_uncut,A,63,17,32,32,1,4,8188,-15,-14,1,0,14,24,1163,1,28590685,6980,6144,-26,
138,signed_cut,post_sum_pack12,A,63,17,32,32,1,1,6143,0,0,1,0,0,12,4654,0,4654,4654,8188,-2,0x122e000000000000000000000000
138,signed_cut,post_sum_pack12,A,63,17,32,32,1,2,8188,-2,-1,1,0,1,12,2327,0,6981,6981,6144,-13,0x1b45000000000000000000000000
138,signed_cut,post_sum_pack12,A,63,17,32,32,1,3,6144,-13,-12,-1,0,12,12,1,1,6979,6979,8188,-15,0x1b43dd2000000000000000000000
138,signed_cut,post_sum_pack12,A,63,17,32,32,1,4,8188,-15,-14,1,0,14,12,0,1,6980,6980,6144,-26,0x1b4425d800000000000000000000
138,signed_cut,signed_floor,A,63,17,32,32,1,1,6143,0,0,1,0,0,12,4654,0,4654,4654,8188,-2,
138,signed_cut,signed_floor,A,63,17,32,32,1,2,8188,-2,-1,1,0,1,12,2327,0,6981,6981,6144,-13,
138,signed_cut,signed_floor,A,63,17,32,32,1,3,6144,-13,-12,-1,0,12,12,1,1,6979,6979,8188,-15,
138,signed_cut,signed_floor,A,63,17,32,32,1,4,8188,-15,-14,1,0,14,12,0,1,6979,6979,6144,-26,
139,signed_cut,fig3,A,63,18,32,64,0,1,6143,0,0,1,0,0,12,4685,0,4685,4685,8188,-2,
139,signed_cut,fig3,A,63,18,32,64,0,2,8188,-2,-1,1,0,1,12,2342,1,7027,7027,6144,-13,
139,signed_cut,fig3,A,63,18,32,64,0,3,6144,-13,-12,-1,0,12,12,1,1,7026,7026,8188,-15,
139,signed_cut,tie_b,A,63,18,32,64,0,1,6143,0,0,1,0,0,12,4685,0,4685,4685,8188,-2,
139,signed_cut,tie_b,A,63,18,32,64,0,2,8188,-2,-1,1,0,1,12,2342,1,7027,7027,6144,-13,
139,signed_cut,tie_b,A,63,18,32,64,0,3,6144,-13,-12,-1,0,12,12,1,1,7026,7026,8188,-15,
139,signed_cut,legacy7,A,63,18,32,64,0,1,6143,0,0,1,0,0,12,4685,0,4685,4685,8188,-2,
139,signed_cut,legacy7,A,63,18,32,64,0,2,8188,-2,-1,1,0,1,12,2342,1,7027,7027,6144,-13,
139,signed_cut,legacy7,A,63,18,32,64,0,3,6144,-13,-12,-1,0,12,12,1,1,7026,7026,8188,-15,
139,signed_cut,input_anchor,A,63,18,32,64,0,1,6143,0,0,1,0,0,12,4685,0,4685,4685,8188,-2,
139,signed_cut,input_anchor,A,63,18,32,64,0,2,8188,-2,-1,1,0,1,12,2342,1,7027,7027,6144,-13,
139,signed_cut,input_anchor,A,63,18,32,64,0,3,6144,-13,-12,-1,0,12,12,1,1,7026,7026,8188,-15,
139,signed_cut,exact_residual,A,63,18,32,64,0,1,6143,0,0,1,0,0,12,4685,0,4685,4685,8188,-2,
139,signed_cut,exact_residual,A,63,18,32,64,0,2,8188,-2,-1,1,0,1,12,2342,1,7027,7027,4096,-12,
139,signed_cut,exact_residual,A,63,18,32,64,0,3,4096,-12,-12,-1,0,12,12,1,1,7026,7026,0,-12,
139,signed_cut,guard1_pack12,A,63,18,32,64,0,1,6143,0,0,1,0,0,13,9370,0,9370,4685,8188,-2,
139,signed_cut,guard1_pack12,A,63,18,32,64,0,2,8188,-2,-1,1,0,1,13,4685,0,14055,7027,6144,-13,
139,signed_cut,guard1_pack12,A,63,18,32,64,0,3,6144,-13,-12,-1,0,12,13,2,1,14053,7026,8188,-15,
139,signed_cut,guard12_pack12,A,63,18,32,64,0,1,6143,0,0,1,0,0,24,19189760,0,19189760,4685,8188,-2,
139,signed_cut,guard12_pack12,A,63,18,32,64,0,2,8188,-2,-1,1,0,1,24,9594880,0,28784640,7027,6144,-13,
139,signed_cut,guard12_pack12,A,63,18,32,64,0,3,6144,-13,-12,-1,0,12,24,4685,0,28779955,7026,8188,-15,
139,signed_cut,source_uncut,A,63,18,32,64,0,1,6143,0,0,1,0,0,24,19189760,0,19189760,4685,8188,-2,
139,signed_cut,source_uncut,A,63,18,32,64,0,2,8188,-2,-1,1,0,1,24,9594880,0,28784640,7027,6144,-13,
139,signed_cut,source_uncut,A,63,18,32,64,0,3,6144,-13,-12,-1,0,12,24,4685,0,28779955,7026,8188,-15,
139,signed_cut,post_sum_pack12,A,63,18,32,64,0,1,6143,0,0,1,0,0,12,4685,0,4685,4685,8188,-2,0x124d000000000000000000000000
139,signed_cut,post_sum_pack12,A,63,18,32,64,0,2,8188,-2,-1,1,0,1,12,2342,1,7027,7027,6144,-13,0x1b73800000000000000000000000
139,signed_cut,post_sum_pack12,A,63,18,32,64,0,3,6144,-13,-12,-1,0,12,12,1,1,7026,7026,8188,-15,0x1b725b3000000000000000000000
139,signed_cut,signed_floor,A,63,18,32,64,0,1,6143,0,0,1,0,0,12,4685,0,4685,4685,8188,-2,
139,signed_cut,signed_floor,A,63,18,32,64,0,2,8188,-2,-1,1,0,1,12,2342,1,7027,7027,6144,-13,
139,signed_cut,signed_floor,A,63,18,32,64,0,3,6144,-13,-12,-1,0,12,12,1,1,7025,7025,8188,-15,
140,term_cut,fig3,A,63,19,32,96,0,1,6143,0,0,1,0,0,12,4716,0,4716,4716,8188,-2,
140,term_cut,fig3,A,63,19,32,96,0,2,8188,-2,-1,1,0,1,12,2358,0,7074,7074,6144,-13,
140,term_cut,fig3,A,63,19,32,96,0,3,6144,-13,-12,-1,0,12,12,1,1,7073,7073,8188,-15,
140,term_cut,tie_b,A,63,19,32,96,0,1,6143,0,0,1,0,0,12,4716,0,4716,4716,8188,-2,
140,term_cut,tie_b,A,63,19,32,96,0,2,8188,-2,-1,1,0,1,12,2358,0,7074,7074,6144,-13,
140,term_cut,tie_b,A,63,19,32,96,0,3,6144,-13,-12,-1,0,12,12,1,1,7073,7073,8188,-15,
140,term_cut,legacy7,A,63,19,32,96,0,1,6143,0,0,1,0,0,12,4716,0,4716,4716,8188,-2,
140,term_cut,legacy7,A,63,19,32,96,0,2,8188,-2,-1,1,0,1,12,2358,0,7074,7074,6144,-13,
140,term_cut,legacy7,A,63,19,32,96,0,3,6144,-13,-12,-1,0,12,12,1,1,7073,7073,8188,-15,
140,term_cut,input_anchor,A,63,19,32,96,0,1,6143,0,0,1,0,0,12,4716,0,4716,4716,8188,-2,
140,term_cut,input_anchor,A,63,19,32,96,0,2,8188,-2,-1,1,0,1,12,2358,0,7074,7074,6144,-13,
140,term_cut,input_anchor,A,63,19,32,96,0,3,6144,-13,-12,-1,0,12,12,1,1,7073,7073,8188,-15,
140,term_cut,exact_residual,A,63,19,32,96,0,1,6143,0,0,1,0,0,12,4716,0,4716,4716,8188,-2,
140,term_cut,exact_residual,A,63,19,32,96,0,2,8188,-2,-1,1,0,1,12,2358,0,7074,7074,4096,-12,
140,term_cut,exact_residual,A,63,19,32,96,0,3,4096,-12,-12,-1,0,12,12,1,1,7073,7073,0,-12,
140,term_cut,guard1_pack12,A,63,19,32,96,0,1,6143,0,0,1,0,0,13,9432,0,9432,4716,8188,-2,
140,term_cut,guard1_pack12,A,63,19,32,96,0,2,8188,-2,-1,1,0,1,13,4716,0,14148,7074,6144,-13,
140,term_cut,guard1_pack12,A,63,19,32,96,0,3,6144,-13,-12,-1,0,12,13,2,1,14146,7073,8188,-15,
140,term_cut,guard12_pack12,A,63,19,32,96,0,1,6143,0,0,1,0,0,24,19316736,0,19316736,4716,8188,-2,
140,term_cut,guard12_pack12,A,63,19,32,96,0,2,8188,-2,-1,1,0,1,24,9658368,0,28975104,7074,6144,-13,
140,term_cut,guard12_pack12,A,63,19,32,96,0,3,6144,-13,-12,-1,0,12,24,4716,0,28970388,7072,8188,-15,
140,term_cut,source_uncut,A,63,19,32,96,0,1,6143,0,0,1,0,0,24,19316736,0,19316736,4716,8188,-2,
140,term_cut,source_uncut,A,63,19,32,96,0,2,8188,-2,-1,1,0,1,24,9658368,0,28975104,7074,6144,-13,
140,term_cut,source_uncut,A,63,19,32,96,0,3,6144,-13,-12,-1,0,12,24,4716,0,28970388,7072,8188,-15,
140,term_cut,post_sum_pack12,A,63,19,32,96,0,1,6143,0,0,1,0,0,12,4716,0,4716,4716,8188,-2,0x126c000000000000000000000000
140,term_cut,post_sum_pack12,A,63,19,32,96,0,2,8188,-2,-1,1,0,1,12,2358,0,7074,7074,6144,-13,0x1ba2000000000000000000000000
140,term_cut,post_sum_pack12,A,63,19,32,96,0,3,6144,-13,-12,-1,0,12,12,1,1,7072,7072,8188,-15,0x1ba0d94000000000000000000000
140,term_cut,signed_floor,A,63,19,32,96,0,1,6143,0,0,1,0,0,12,4716,0,4716,4716,8188,-2,
140,term_cut,signed_floor,A,63,19,32,96,0,2,8188,-2,-1,1,0,1,12,2358,0,7074,7074,6144,-13,
140,term_cut,signed_floor,A,63,19,32,96,0,3,6144,-13,-12,-1,0,12,12,1,1,7072,7072,8188,-15,
141,guard_depth,fig3,A,63,19,32,96,0,1,6143,0,0,1,0,0,12,4716,0,4716,4716,8188,-2,
141,guard_depth,fig3,A,63,19,32,96,0,2,8188,-2,-1,1,0,1,12,2358,0,7074,7074,6144,-13,
141,guard_depth,fig3,A,63,19,32,96,0,3,6144,-13,-12,-1,0,12,12,1,1,7073,7073,8188,-15,
141,guard_depth,tie_b,A,63,19,32,96,0,1,6143,0,0,1,0,0,12,4716,0,4716,4716,8188,-2,
141,guard_depth,tie_b,A,63,19,32,96,0,2,8188,-2,-1,1,0,1,12,2358,0,7074,7074,6144,-13,
141,guard_depth,tie_b,A,63,19,32,96,0,3,6144,-13,-12,-1,0,12,12,1,1,7073,7073,8188,-15,
141,guard_depth,legacy7,A,63,19,32,96,0,1,6143,0,0,1,0,0,12,4716,0,4716,4716,8188,-2,
141,guard_depth,legacy7,A,63,19,32,96,0,2,8188,-2,-1,1,0,1,12,2358,0,7074,7074,6144,-13,
141,guard_depth,legacy7,A,63,19,32,96,0,3,6144,-13,-12,-1,0,12,12,1,1,7073,7073,8188,-15,
141,guard_depth,input_anchor,A,63,19,32,96,0,1,6143,0,0,1,0,0,12,4716,0,4716,4716,8188,-2,
141,guard_depth,input_anchor,A,63,19,32,96,0,2,8188,-2,-1,1,0,1,12,2358,0,7074,7074,6144,-13,
141,guard_depth,input_anchor,A,63,19,32,96,0,3,6144,-13,-12,-1,0,12,12,1,1,7073,7073,8188,-15,
141,guard_depth,exact_residual,A,63,19,32,96,0,1,6143,0,0,1,0,0,12,4716,0,4716,4716,8188,-2,
141,guard_depth,exact_residual,A,63,19,32,96,0,2,8188,-2,-1,1,0,1,12,2358,0,7074,7074,4096,-12,
141,guard_depth,exact_residual,A,63,19,32,96,0,3,4096,-12,-12,-1,0,12,12,1,1,7073,7073,0,-12,
141,guard_depth,guard1_pack12,A,63,19,32,96,0,1,6143,0,0,1,0,0,13,9432,0,9432,4716,8188,-2,
141,guard_depth,guard1_pack12,A,63,19,32,96,0,2,8188,-2,-1,1,0,1,13,4716,0,14148,7074,6144,-13,
141,guard_depth,guard1_pack12,A,63,19,32,96,0,3,6144,-13,-12,-1,0,12,13,2,1,14146,7073,8188,-15,
141,guard_depth,guard12_pack12,A,63,19,32,96,0,1,6143,0,0,1,0,0,24,19316736,0,19316736,4716,8188,-2,
141,guard_depth,guard12_pack12,A,63,19,32,96,0,2,8188,-2,-1,1,0,1,24,9658368,0,28975104,7074,6144,-13,
141,guard_depth,guard12_pack12,A,63,19,32,96,0,3,6144,-13,-12,-1,0,12,24,4716,0,28970388,7072,8188,-15,
141,guard_depth,source_uncut,A,63,19,32,96,0,1,6143,0,0,1,0,0,24,19316736,0,19316736,4716,8188,-2,
141,guard_depth,source_uncut,A,63,19,32,96,0,2,8188,-2,-1,1,0,1,24,9658368,0,28975104,7074,6144,-13,
141,guard_depth,source_uncut,A,63,19,32,96,0,3,6144,-13,-12,-1,0,12,24,4716,0,28970388,7072,8188,-15,
141,guard_depth,post_sum_pack12,A,63,19,32,96,0,1,6143,0,0,1,0,0,12,4716,0,4716,4716,8188,-2,0x126c000000000000000000000000
141,guard_depth,post_sum_pack12,A,63,19,32,96,0,2,8188,-2,-1,1,0,1,12,2358,0,7074,7074,6144,-13,0x1ba2000000000000000000000000
141,guard_depth,post_sum_pack12,A,63,19,32,96,0,3,6144,-13,-12,-1,0,12,12,1,1,7072,7072,8188,-15,0x1ba0d94000000000000000000000
141,guard_depth,signed_floor,A,63,19,32,96,0,1,6143,0,0,1,0,0,12,4716,0,4716,4716,8188,-2,
141,guard_depth,signed_floor,A,63,19,32,96,0,2,8188,-2,-1,1,0,1,12,2358,0,7074,7074,6144,-13,
141,guard_depth,signed_floor,A,63,19,32,96,0,3,6144,-13,-12,-1,0,12,12,1,1,7072,7072,8188,-15,
142,post_sum_cut,fig3,A,63,19,32,96,0,1,6143,0,0,1,0,0,12,4716,0,4716,4716,8188,-2,
142,post_sum_cut,fig3,A,63,19,32,96,0,2,8188,-2,-1,1,0,1,12,2358,0,7074,7074,6144,-13,
142,post_sum_cut,fig3,A,63,19,32,96,0,3,6144,-13,-12,-1,0,12,12,1,1,7073,7073,8188,-15,
142,post_sum_cut,tie_b,A,63,19,32,96,0,1,6143,0,0,1,0,0,12,4716,0,4716,4716,8188,-2,
142,post_sum_cut,tie_b,A,63,19,32,96,0,2,8188,-2,-1,1,0,1,12,2358,0,7074,7074,6144,-13,
142,post_sum_cut,tie_b,A,63,19,32,96,0,3,6144,-13,-12,-1,0,12,12,1,1,7073,7073,8188,-15,
142,post_sum_cut,legacy7,A,63,19,32,96,0,1,6143,0,0,1,0,0,12,4716,0,4716,4716,8188,-2,
142,post_sum_cut,legacy7,A,63,19,32,96,0,2,8188,-2,-1,1,0,1,12,2358,0,7074,7074,6144,-13,
142,post_sum_cut,legacy7,A,63,19,32,96,0,3,6144,-13,-12,-1,0,12,12,1,1,7073,7073,8188,-15,
142,post_sum_cut,input_anchor,A,63,19,32,96,0,1,6143,0,0,1,0,0,12,4716,0,4716,4716,8188,-2,
142,post_sum_cut,input_anchor,A,63,19,32,96,0,2,8188,-2,-1,1,0,1,12,2358,0,7074,7074,6144,-13,
142,post_sum_cut,input_anchor,A,63,19,32,96,0,3,6144,-13,-12,-1,0,12,12,1,1,7073,7073,8188,-15,
142,post_sum_cut,exact_residual,A,63,19,32,96,0,1,6143,0,0,1,0,0,12,4716,0,4716,4716,8188,-2,
142,post_sum_cut,exact_residual,A,63,19,32,96,0,2,8188,-2,-1,1,0,1,12,2358,0,7074,7074,4096,-12,
142,post_sum_cut,exact_residual,A,63,19,32,96,0,3,4096,-12,-12,-1,0,12,12,1,1,7073,7073,0,-12,
142,post_sum_cut,guard1_pack12,A,63,19,32,96,0,1,6143,0,0,1,0,0,13,9432,0,9432,4716,8188,-2,
142,post_sum_cut,guard1_pack12,A,63,19,32,96,0,2,8188,-2,-1,1,0,1,13,4716,0,14148,7074,6144,-13,
142,post_sum_cut,guard1_pack12,A,63,19,32,96,0,3,6144,-13,-12,-1,0,12,13,2,1,14146,7073,8188,-15,
142,post_sum_cut,guard12_pack12,A,63,19,32,96,0,1,6143,0,0,1,0,0,24,19316736,0,19316736,4716,8188,-2,
142,post_sum_cut,guard12_pack12,A,63,19,32,96,0,2,8188,-2,-1,1,0,1,24,9658368,0,28975104,7074,6144,-13,
142,post_sum_cut,guard12_pack12,A,63,19,32,96,0,3,6144,-13,-12,-1,0,12,24,4716,0,28970388,7072,8188,-15,
142,post_sum_cut,source_uncut,A,63,19,32,96,0,1,6143,0,0,1,0,0,24,19316736,0,19316736,4716,8188,-2,
142,post_sum_cut,source_uncut,A,63,19,32,96,0,2,8188,-2,-1,1,0,1,24,9658368,0,28975104,7074,6144,-13,
142,post_sum_cut,source_uncut,A,63,19,32,96,0,3,6144,-13,-12,-1,0,12,24,4716,0,28970388,7072,8188,-15,
142,post_sum_cut,post_sum_pack12,A,63,19,32,96,0,1,6143,0,0,1,0,0,12,4716,0,4716,4716,8188,-2,0x126c000000000000000000000000
142,post_sum_cut,post_sum_pack12,A,63,19,32,96,0,2,8188,-2,-1,1,0,1,12,2358,0,7074,7074,6144,-13,0x1ba2000000000000000000000000
142,post_sum_cut,post_sum_pack12,A,63,19,32,96,0,3,6144,-13,-12,-1,0,12,12,1,1,7072,7072,8188,-15,0x1ba0d94000000000000000000000
142,post_sum_cut,signed_floor,A,63,19,32,96,0,1,6143,0,0,1,0,0,12,4716,0,4716,4716,8188,-2,
142,post_sum_cut,signed_floor,A,63,19,32,96,0,2,8188,-2,-1,1,0,1,12,2358,0,7074,7074,6144,-13,
142,post_sum_cut,signed_floor,A,63,19,32,96,0,3,6144,-13,-12,-1,0,12,12,1,1,7072,7072,8188,-15,
143,term_cut,fig3,A,63,21,32,160,0,1,6143,0,0,1,0,0,12,4778,0,4778,4778,8188,-2,
143,term_cut,fig3,A,63,21,32,160,0,2,8188,-2,-1,1,0,1,12,2389,0,7167,7167,6144,-13,
143,term_cut,fig3,A,63,21,32,160,0,3,6144,-13,-12,-1,0,12,12,1,1,7166,7166,8188,-15,
143,term_cut,tie_b,A,63,21,32,160,0,1,6143,0,0,1,0,0,12,4778,0,4778,4778,8188,-2,
143,term_cut,tie_b,A,63,21,32,160,0,2,8188,-2,-1,1,0,1,12,2389,0,7167,7167,6144,-13,
143,term_cut,tie_b,A,63,21,32,160,0,3,6144,-13,-12,-1,0,12,12,1,1,7166,7166,8188,-15,
143,term_cut,legacy7,A,63,21,32,160,0,1,6143,0,0,1,0,0,12,4778,0,4778,4778,8188,-2,
143,term_cut,legacy7,A,63,21,32,160,0,2,8188,-2,-1,1,0,1,12,2389,0,7167,7167,6144,-13,
143,term_cut,legacy7,A,63,21,32,160,0,3,6144,-13,-12,-1,0,12,12,1,1,7166,7166,8188,-15,
143,term_cut,input_anchor,A,63,21,32,160,0,1,6143,0,0,1,0,0,12,4778,0,4778,4778,8188,-2,
143,term_cut,input_anchor,A,63,21,32,160,0,2,8188,-2,-1,1,0,1,12,2389,0,7167,7167,6144,-13,
143,term_cut,input_anchor,A,63,21,32,160,0,3,6144,-13,-12,-1,0,12,12,1,1,7166,7166,8188,-15,
143,term_cut,exact_residual,A,63,21,32,160,0,1,6143,0,0,1,0,0,12,4778,0,4778,4778,8188,-2,
143,term_cut,exact_residual,A,63,21,32,160,0,2,8188,-2,-1,1,0,1,12,2389,0,7167,7167,4096,-12,
143,term_cut,exact_residual,A,63,21,32,160,0,3,4096,-12,-12,-1,0,12,12,1,1,7166,7166,0,-12,
143,term_cut,guard1_pack12,A,63,21,32,160,0,1,6143,0,0,1,0,0,13,9556,0,9556,4778,8188,-2,
143,term_cut,guard1_pack12,A,63,21,32,160,0,2,8188,-2,-1,1,0,1,13,4778,0,14334,7167,6144,-13,
143,term_cut,guard1_pack12,A,63,21,32,160,0,3,6144,-13,-12,-1,0,12,13,2,1,14332,7166,8188,-15,
143,term_cut,guard12_pack12,A,63,21,32,160,0,1,6143,0,0,1,0,0,24,19570688,0,19570688,4778,8188,-2,
143,term_cut,guard12_pack12,A,63,21,32,160,0,2,8188,-2,-1,1,0,1,24,9785344,0,29356032,7167,6144,-13,
143,term_cut,guard12_pack12,A,63,21,32,160,0,3,6144,-13,-12,-1,0,12,24,4778,0,29351254,7165,8188,-15,
143,term_cut,source_uncut,A,63,21,32,160,0,1,6143,0,0,1,0,0,24,19570688,0,19570688,4778,8188,-2,
143,term_cut,source_uncut,A,63,21,32,160,0,2,8188,-2,-1,1,0,1,24,9785344,0,29356032,7167,6144,-13,
143,term_cut,source_uncut,A,63,21,32,160,0,3,6144,-13,-12,-1,0,12,24,4778,0,29351254,7165,8188,-15,
143,term_cut,post_sum_pack12,A,63,21,32,160,0,1,6143,0,0,1,0,0,12,4778,0,4778,4778,8188,-2,0x12aa000000000000000000000000
143,term_cut,post_sum_pack12,A,63,21,32,160,0,2,8188,-2,-1,1,0,1,12,2389,0,7167,7167,6144,-13,0x1bff000000000000000000000000
143,term_cut,post_sum_pack12,A,63,21,32,160,0,3,6144,-13,-12,-1,0,12,12,1,1,7165,7165,8188,-15,0x1bfdd56000000000000000000000
143,term_cut,signed_floor,A,63,21,32,160,0,1,6143,0,0,1,0,0,12,4778,0,4778,4778,8188,-2,
143,term_cut,signed_floor,A,63,21,32,160,0,2,8188,-2,-1,1,0,1,12,2389,0,7167,7167,6144,-13,
143,term_cut,signed_floor,A,63,21,32,160,0,3,6144,-13,-12,-1,0,12,12,1,1,7165,7165,8188,-15,
144,guard_depth,fig3,A,63,21,32,160,0,1,6143,0,0,1,0,0,12,4778,0,4778,4778,8188,-2,
144,guard_depth,fig3,A,63,21,32,160,0,2,8188,-2,-1,1,0,1,12,2389,0,7167,7167,6144,-13,
144,guard_depth,fig3,A,63,21,32,160,0,3,6144,-13,-12,-1,0,12,12,1,1,7166,7166,8188,-15,
144,guard_depth,tie_b,A,63,21,32,160,0,1,6143,0,0,1,0,0,12,4778,0,4778,4778,8188,-2,
144,guard_depth,tie_b,A,63,21,32,160,0,2,8188,-2,-1,1,0,1,12,2389,0,7167,7167,6144,-13,
144,guard_depth,tie_b,A,63,21,32,160,0,3,6144,-13,-12,-1,0,12,12,1,1,7166,7166,8188,-15,
144,guard_depth,legacy7,A,63,21,32,160,0,1,6143,0,0,1,0,0,12,4778,0,4778,4778,8188,-2,
144,guard_depth,legacy7,A,63,21,32,160,0,2,8188,-2,-1,1,0,1,12,2389,0,7167,7167,6144,-13,
144,guard_depth,legacy7,A,63,21,32,160,0,3,6144,-13,-12,-1,0,12,12,1,1,7166,7166,8188,-15,
144,guard_depth,input_anchor,A,63,21,32,160,0,1,6143,0,0,1,0,0,12,4778,0,4778,4778,8188,-2,
144,guard_depth,input_anchor,A,63,21,32,160,0,2,8188,-2,-1,1,0,1,12,2389,0,7167,7167,6144,-13,
144,guard_depth,input_anchor,A,63,21,32,160,0,3,6144,-13,-12,-1,0,12,12,1,1,7166,7166,8188,-15,
144,guard_depth,exact_residual,A,63,21,32,160,0,1,6143,0,0,1,0,0,12,4778,0,4778,4778,8188,-2,
144,guard_depth,exact_residual,A,63,21,32,160,0,2,8188,-2,-1,1,0,1,12,2389,0,7167,7167,4096,-12,
144,guard_depth,exact_residual,A,63,21,32,160,0,3,4096,-12,-12,-1,0,12,12,1,1,7166,7166,0,-12,
144,guard_depth,guard1_pack12,A,63,21,32,160,0,1,6143,0,0,1,0,0,13,9556,0,9556,4778,8188,-2,
144,guard_depth,guard1_pack12,A,63,21,32,160,0,2,8188,-2,-1,1,0,1,13,4778,0,14334,7167,6144,-13,
144,guard_depth,guard1_pack12,A,63,21,32,160,0,3,6144,-13,-12,-1,0,12,13,2,1,14332,7166,8188,-15,
144,guard_depth,guard12_pack12,A,63,21,32,160,0,1,6143,0,0,1,0,0,24,19570688,0,19570688,4778,8188,-2,
144,guard_depth,guard12_pack12,A,63,21,32,160,0,2,8188,-2,-1,1,0,1,24,9785344,0,29356032,7167,6144,-13,
144,guard_depth,guard12_pack12,A,63,21,32,160,0,3,6144,-13,-12,-1,0,12,24,4778,0,29351254,7165,8188,-15,
144,guard_depth,source_uncut,A,63,21,32,160,0,1,6143,0,0,1,0,0,24,19570688,0,19570688,4778,8188,-2,
144,guard_depth,source_uncut,A,63,21,32,160,0,2,8188,-2,-1,1,0,1,24,9785344,0,29356032,7167,6144,-13,
144,guard_depth,source_uncut,A,63,21,32,160,0,3,6144,-13,-12,-1,0,12,24,4778,0,29351254,7165,8188,-15,
144,guard_depth,post_sum_pack12,A,63,21,32,160,0,1,6143,0,0,1,0,0,12,4778,0,4778,4778,8188,-2,0x12aa000000000000000000000000
144,guard_depth,post_sum_pack12,A,63,21,32,160,0,2,8188,-2,-1,1,0,1,12,2389,0,7167,7167,6144,-13,0x1bff000000000000000000000000
144,guard_depth,post_sum_pack12,A,63,21,32,160,0,3,6144,-13,-12,-1,0,12,12,1,1,7165,7165,8188,-15,0x1bfdd56000000000000000000000
144,guard_depth,signed_floor,A,63,21,32,160,0,1,6143,0,0,1,0,0,12,4778,0,4778,4778,8188,-2,
144,guard_depth,signed_floor,A,63,21,32,160,0,2,8188,-2,-1,1,0,1,12,2389,0,7167,7167,6144,-13,
144,guard_depth,signed_floor,A,63,21,32,160,0,3,6144,-13,-12,-1,0,12,12,1,1,7165,7165,8188,-15,
145,post_sum_cut,fig3,A,63,21,32,160,0,1,6143,0,0,1,0,0,12,4778,0,4778,4778,8188,-2,
145,post_sum_cut,fig3,A,63,21,32,160,0,2,8188,-2,-1,1,0,1,12,2389,0,7167,7167,6144,-13,
145,post_sum_cut,fig3,A,63,21,32,160,0,3,6144,-13,-12,-1,0,12,12,1,1,7166,7166,8188,-15,
145,post_sum_cut,tie_b,A,63,21,32,160,0,1,6143,0,0,1,0,0,12,4778,0,4778,4778,8188,-2,
145,post_sum_cut,tie_b,A,63,21,32,160,0,2,8188,-2,-1,1,0,1,12,2389,0,7167,7167,6144,-13,
145,post_sum_cut,tie_b,A,63,21,32,160,0,3,6144,-13,-12,-1,0,12,12,1,1,7166,7166,8188,-15,
145,post_sum_cut,legacy7,A,63,21,32,160,0,1,6143,0,0,1,0,0,12,4778,0,4778,4778,8188,-2,
145,post_sum_cut,legacy7,A,63,21,32,160,0,2,8188,-2,-1,1,0,1,12,2389,0,7167,7167,6144,-13,
145,post_sum_cut,legacy7,A,63,21,32,160,0,3,6144,-13,-12,-1,0,12,12,1,1,7166,7166,8188,-15,
145,post_sum_cut,input_anchor,A,63,21,32,160,0,1,6143,0,0,1,0,0,12,4778,0,4778,4778,8188,-2,
145,post_sum_cut,input_anchor,A,63,21,32,160,0,2,8188,-2,-1,1,0,1,12,2389,0,7167,7167,6144,-13,
145,post_sum_cut,input_anchor,A,63,21,32,160,0,3,6144,-13,-12,-1,0,12,12,1,1,7166,7166,8188,-15,
145,post_sum_cut,exact_residual,A,63,21,32,160,0,1,6143,0,0,1,0,0,12,4778,0,4778,4778,8188,-2,
145,post_sum_cut,exact_residual,A,63,21,32,160,0,2,8188,-2,-1,1,0,1,12,2389,0,7167,7167,4096,-12,
145,post_sum_cut,exact_residual,A,63,21,32,160,0,3,4096,-12,-12,-1,0,12,12,1,1,7166,7166,0,-12,
145,post_sum_cut,guard1_pack12,A,63,21,32,160,0,1,6143,0,0,1,0,0,13,9556,0,9556,4778,8188,-2,
145,post_sum_cut,guard1_pack12,A,63,21,32,160,0,2,8188,-2,-1,1,0,1,13,4778,0,14334,7167,6144,-13,
145,post_sum_cut,guard1_pack12,A,63,21,32,160,0,3,6144,-13,-12,-1,0,12,13,2,1,14332,7166,8188,-15,
145,post_sum_cut,guard12_pack12,A,63,21,32,160,0,1,6143,0,0,1,0,0,24,19570688,0,19570688,4778,8188,-2,
145,post_sum_cut,guard12_pack12,A,63,21,32,160,0,2,8188,-2,-1,1,0,1,24,9785344,0,29356032,7167,6144,-13,
145,post_sum_cut,guard12_pack12,A,63,21,32,160,0,3,6144,-13,-12,-1,0,12,24,4778,0,29351254,7165,8188,-15,
145,post_sum_cut,source_uncut,A,63,21,32,160,0,1,6143,0,0,1,0,0,24,19570688,0,19570688,4778,8188,-2,
145,post_sum_cut,source_uncut,A,63,21,32,160,0,2,8188,-2,-1,1,0,1,24,9785344,0,29356032,7167,6144,-13,
145,post_sum_cut,source_uncut,A,63,21,32,160,0,3,6144,-13,-12,-1,0,12,24,4778,0,29351254,7165,8188,-15,
145,post_sum_cut,post_sum_pack12,A,63,21,32,160,0,1,6143,0,0,1,0,0,12,4778,0,4778,4778,8188,-2,0x12aa000000000000000000000000
145,post_sum_cut,post_sum_pack12,A,63,21,32,160,0,2,8188,-2,-1,1,0,1,12,2389,0,7167,7167,6144,-13,0x1bff000000000000000000000000
145,post_sum_cut,post_sum_pack12,A,63,21,32,160,0,3,6144,-13,-12,-1,0,12,12,1,1,7165,7165,8188,-15,0x1bfdd56000000000000000000000
145,post_sum_cut,signed_floor,A,63,21,32,160,0,1,6143,0,0,1,0,0,12,4778,0,4778,4778,8188,-2,
145,post_sum_cut,signed_floor,A,63,21,32,160,0,2,8188,-2,-1,1,0,1,12,2389,0,7167,7167,6144,-13,
145,post_sum_cut,signed_floor,A,63,21,32,160,0,3,6144,-13,-12,-1,0,12,12,1,1,7165,7165,8188,-15,
146,term_cut,fig3,A,63,23,32,224,0,1,6143,0,0,1,0,0,12,4840,0,4840,4840,8188,-2,
146,term_cut,fig3,A,63,23,32,224,0,2,8188,-2,-1,1,0,1,12,2420,0,7260,7260,6144,-13,
146,term_cut,fig3,A,63,23,32,224,0,3,6144,-13,-12,-1,0,12,12,1,1,7259,7259,8188,-15,
146,term_cut,tie_b,A,63,23,32,224,0,1,6143,0,0,1,0,0,12,4840,0,4840,4840,8188,-2,
146,term_cut,tie_b,A,63,23,32,224,0,2,8188,-2,-1,1,0,1,12,2420,0,7260,7260,6144,-13,
146,term_cut,tie_b,A,63,23,32,224,0,3,6144,-13,-12,-1,0,12,12,1,1,7259,7259,8188,-15,
146,term_cut,legacy7,A,63,23,32,224,0,1,6143,0,0,1,0,0,12,4840,0,4840,4840,8188,-2,
146,term_cut,legacy7,A,63,23,32,224,0,2,8188,-2,-1,1,0,1,12,2420,0,7260,7260,6144,-13,
146,term_cut,legacy7,A,63,23,32,224,0,3,6144,-13,-12,-1,0,12,12,1,1,7259,7259,8188,-15,
146,term_cut,input_anchor,A,63,23,32,224,0,1,6143,0,0,1,0,0,12,4840,0,4840,4840,8188,-2,
146,term_cut,input_anchor,A,63,23,32,224,0,2,8188,-2,-1,1,0,1,12,2420,0,7260,7260,6144,-13,
146,term_cut,input_anchor,A,63,23,32,224,0,3,6144,-13,-12,-1,0,12,12,1,1,7259,7259,8188,-15,
146,term_cut,exact_residual,A,63,23,32,224,0,1,6143,0,0,1,0,0,12,4840,0,4840,4840,8188,-2,
146,term_cut,exact_residual,A,63,23,32,224,0,2,8188,-2,-1,1,0,1,12,2420,0,7260,7260,4096,-12,
146,term_cut,exact_residual,A,63,23,32,224,0,3,4096,-12,-12,-1,0,12,12,1,1,7259,7259,0,-12,
146,term_cut,guard1_pack12,A,63,23,32,224,0,1,6143,0,0,1,0,0,13,9680,0,9680,4840,8188,-2,
146,term_cut,guard1_pack12,A,63,23,32,224,0,2,8188,-2,-1,1,0,1,13,4840,0,14520,7260,6144,-13,
146,term_cut,guard1_pack12,A,63,23,32,224,0,3,6144,-13,-12,-1,0,12,13,2,1,14518,7259,8188,-15,
146,term_cut,guard12_pack12,A,63,23,32,224,0,1,6143,0,0,1,0,0,24,19824640,0,19824640,4840,8188,-2,
146,term_cut,guard12_pack12,A,63,23,32,224,0,2,8188,-2,-1,1,0,1,24,9912320,0,29736960,7260,6144,-13,
146,term_cut,guard12_pack12,A,63,23,32,224,0,3,6144,-13,-12,-1,0,12,24,4840,0,29732120,7258,8188,-15,
146,term_cut,source_uncut,A,63,23,32,224,0,1,6143,0,0,1,0,0,24,19824640,0,19824640,4840,8188,-2,
146,term_cut,source_uncut,A,63,23,32,224,0,2,8188,-2,-1,1,0,1,24,9912320,0,29736960,7260,6144,-13,
146,term_cut,source_uncut,A,63,23,32,224,0,3,6144,-13,-12,-1,0,12,24,4840,0,29732120,7258,8188,-15,
146,term_cut,post_sum_pack12,A,63,23,32,224,0,1,6143,0,0,1,0,0,12,4840,0,4840,4840,8188,-2,0x12e8000000000000000000000000
146,term_cut,post_sum_pack12,A,63,23,32,224,0,2,8188,-2,-1,1,0,1,12,2420,0,7260,7260,6144,-13,0x1c5c000000000000000000000000
146,term_cut,post_sum_pack12,A,63,23,32,224,0,3,6144,-13,-12,-1,0,12,12,1,1,7258,7258,8188,-15,0x1c5ad18000000000000000000000
146,term_cut,signed_floor,A,63,23,32,224,0,1,6143,0,0,1,0,0,12,4840,0,4840,4840,8188,-2,
146,term_cut,signed_floor,A,63,23,32,224,0,2,8188,-2,-1,1,0,1,12,2420,0,7260,7260,6144,-13,
146,term_cut,signed_floor,A,63,23,32,224,0,3,6144,-13,-12,-1,0,12,12,1,1,7258,7258,8188,-15,
147,guard_depth,fig3,A,63,23,32,224,0,1,6143,0,0,1,0,0,12,4840,0,4840,4840,8188,-2,
147,guard_depth,fig3,A,63,23,32,224,0,2,8188,-2,-1,1,0,1,12,2420,0,7260,7260,6144,-13,
147,guard_depth,fig3,A,63,23,32,224,0,3,6144,-13,-12,-1,0,12,12,1,1,7259,7259,8188,-15,
147,guard_depth,tie_b,A,63,23,32,224,0,1,6143,0,0,1,0,0,12,4840,0,4840,4840,8188,-2,
147,guard_depth,tie_b,A,63,23,32,224,0,2,8188,-2,-1,1,0,1,12,2420,0,7260,7260,6144,-13,
147,guard_depth,tie_b,A,63,23,32,224,0,3,6144,-13,-12,-1,0,12,12,1,1,7259,7259,8188,-15,
147,guard_depth,legacy7,A,63,23,32,224,0,1,6143,0,0,1,0,0,12,4840,0,4840,4840,8188,-2,
147,guard_depth,legacy7,A,63,23,32,224,0,2,8188,-2,-1,1,0,1,12,2420,0,7260,7260,6144,-13,
147,guard_depth,legacy7,A,63,23,32,224,0,3,6144,-13,-12,-1,0,12,12,1,1,7259,7259,8188,-15,
147,guard_depth,input_anchor,A,63,23,32,224,0,1,6143,0,0,1,0,0,12,4840,0,4840,4840,8188,-2,
147,guard_depth,input_anchor,A,63,23,32,224,0,2,8188,-2,-1,1,0,1,12,2420,0,7260,7260,6144,-13,
147,guard_depth,input_anchor,A,63,23,32,224,0,3,6144,-13,-12,-1,0,12,12,1,1,7259,7259,8188,-15,
147,guard_depth,exact_residual,A,63,23,32,224,0,1,6143,0,0,1,0,0,12,4840,0,4840,4840,8188,-2,
147,guard_depth,exact_residual,A,63,23,32,224,0,2,8188,-2,-1,1,0,1,12,2420,0,7260,7260,4096,-12,
147,guard_depth,exact_residual,A,63,23,32,224,0,3,4096,-12,-12,-1,0,12,12,1,1,7259,7259,0,-12,
147,guard_depth,guard1_pack12,A,63,23,32,224,0,1,6143,0,0,1,0,0,13,9680,0,9680,4840,8188,-2,
147,guard_depth,guard1_pack12,A,63,23,32,224,0,2,8188,-2,-1,1,0,1,13,4840,0,14520,7260,6144,-13,
147,guard_depth,guard1_pack12,A,63,23,32,224,0,3,6144,-13,-12,-1,0,12,13,2,1,14518,7259,8188,-15,
147,guard_depth,guard12_pack12,A,63,23,32,224,0,1,6143,0,0,1,0,0,24,19824640,0,19824640,4840,8188,-2,
147,guard_depth,guard12_pack12,A,63,23,32,224,0,2,8188,-2,-1,1,0,1,24,9912320,0,29736960,7260,6144,-13,
147,guard_depth,guard12_pack12,A,63,23,32,224,0,3,6144,-13,-12,-1,0,12,24,4840,0,29732120,7258,8188,-15,
147,guard_depth,source_uncut,A,63,23,32,224,0,1,6143,0,0,1,0,0,24,19824640,0,19824640,4840,8188,-2,
147,guard_depth,source_uncut,A,63,23,32,224,0,2,8188,-2,-1,1,0,1,24,9912320,0,29736960,7260,6144,-13,
147,guard_depth,source_uncut,A,63,23,32,224,0,3,6144,-13,-12,-1,0,12,24,4840,0,29732120,7258,8188,-15,
147,guard_depth,post_sum_pack12,A,63,23,32,224,0,1,6143,0,0,1,0,0,12,4840,0,4840,4840,8188,-2,0x12e8000000000000000000000000
147,guard_depth,post_sum_pack12,A,63,23,32,224,0,2,8188,-2,-1,1,0,1,12,2420,0,7260,7260,6144,-13,0x1c5c000000000000000000000000
147,guard_depth,post_sum_pack12,A,63,23,32,224,0,3,6144,-13,-12,-1,0,12,12,1,1,7258,7258,8188,-15,0x1c5ad18000000000000000000000
147,guard_depth,signed_floor,A,63,23,32,224,0,1,6143,0,0,1,0,0,12,4840,0,4840,4840,8188,-2,
147,guard_depth,signed_floor,A,63,23,32,224,0,2,8188,-2,-1,1,0,1,12,2420,0,7260,7260,6144,-13,
147,guard_depth,signed_floor,A,63,23,32,224,0,3,6144,-13,-12,-1,0,12,12,1,1,7258,7258,8188,-15,
148,post_sum_cut,fig3,A,63,23,32,224,0,1,6143,0,0,1,0,0,12,4840,0,4840,4840,8188,-2,
148,post_sum_cut,fig3,A,63,23,32,224,0,2,8188,-2,-1,1,0,1,12,2420,0,7260,7260,6144,-13,
148,post_sum_cut,fig3,A,63,23,32,224,0,3,6144,-13,-12,-1,0,12,12,1,1,7259,7259,8188,-15,
148,post_sum_cut,tie_b,A,63,23,32,224,0,1,6143,0,0,1,0,0,12,4840,0,4840,4840,8188,-2,
148,post_sum_cut,tie_b,A,63,23,32,224,0,2,8188,-2,-1,1,0,1,12,2420,0,7260,7260,6144,-13,
148,post_sum_cut,tie_b,A,63,23,32,224,0,3,6144,-13,-12,-1,0,12,12,1,1,7259,7259,8188,-15,
148,post_sum_cut,legacy7,A,63,23,32,224,0,1,6143,0,0,1,0,0,12,4840,0,4840,4840,8188,-2,
148,post_sum_cut,legacy7,A,63,23,32,224,0,2,8188,-2,-1,1,0,1,12,2420,0,7260,7260,6144,-13,
148,post_sum_cut,legacy7,A,63,23,32,224,0,3,6144,-13,-12,-1,0,12,12,1,1,7259,7259,8188,-15,
148,post_sum_cut,input_anchor,A,63,23,32,224,0,1,6143,0,0,1,0,0,12,4840,0,4840,4840,8188,-2,
148,post_sum_cut,input_anchor,A,63,23,32,224,0,2,8188,-2,-1,1,0,1,12,2420,0,7260,7260,6144,-13,
148,post_sum_cut,input_anchor,A,63,23,32,224,0,3,6144,-13,-12,-1,0,12,12,1,1,7259,7259,8188,-15,
148,post_sum_cut,exact_residual,A,63,23,32,224,0,1,6143,0,0,1,0,0,12,4840,0,4840,4840,8188,-2,
148,post_sum_cut,exact_residual,A,63,23,32,224,0,2,8188,-2,-1,1,0,1,12,2420,0,7260,7260,4096,-12,
148,post_sum_cut,exact_residual,A,63,23,32,224,0,3,4096,-12,-12,-1,0,12,12,1,1,7259,7259,0,-12,
148,post_sum_cut,guard1_pack12,A,63,23,32,224,0,1,6143,0,0,1,0,0,13,9680,0,9680,4840,8188,-2,
148,post_sum_cut,guard1_pack12,A,63,23,32,224,0,2,8188,-2,-1,1,0,1,13,4840,0,14520,7260,6144,-13,
148,post_sum_cut,guard1_pack12,A,63,23,32,224,0,3,6144,-13,-12,-1,0,12,13,2,1,14518,7259,8188,-15,
148,post_sum_cut,guard12_pack12,A,63,23,32,224,0,1,6143,0,0,1,0,0,24,19824640,0,19824640,4840,8188,-2,
148,post_sum_cut,guard12_pack12,A,63,23,32,224,0,2,8188,-2,-1,1,0,1,24,9912320,0,29736960,7260,6144,-13,
148,post_sum_cut,guard12_pack12,A,63,23,32,224,0,3,6144,-13,-12,-1,0,12,24,4840,0,29732120,7258,8188,-15,
148,post_sum_cut,source_uncut,A,63,23,32,224,0,1,6143,0,0,1,0,0,24,19824640,0,19824640,4840,8188,-2,
148,post_sum_cut,source_uncut,A,63,23,32,224,0,2,8188,-2,-1,1,0,1,24,9912320,0,29736960,7260,6144,-13,
148,post_sum_cut,source_uncut,A,63,23,32,224,0,3,6144,-13,-12,-1,0,12,24,4840,0,29732120,7258,8188,-15,
148,post_sum_cut,post_sum_pack12,A,63,23,32,224,0,1,6143,0,0,1,0,0,12,4840,0,4840,4840,8188,-2,0x12e8000000000000000000000000
148,post_sum_cut,post_sum_pack12,A,63,23,32,224,0,2,8188,-2,-1,1,0,1,12,2420,0,7260,7260,6144,-13,0x1c5c000000000000000000000000
148,post_sum_cut,post_sum_pack12,A,63,23,32,224,0,3,6144,-13,-12,-1,0,12,12,1,1,7258,7258,8188,-15,0x1c5ad18000000000000000000000
148,post_sum_cut,signed_floor,A,63,23,32,224,0,1,6143,0,0,1,0,0,12,4840,0,4840,4840,8188,-2,
148,post_sum_cut,signed_floor,A,63,23,32,224,0,2,8188,-2,-1,1,0,1,12,2420,0,7260,7260,6144,-13,
148,post_sum_cut,signed_floor,A,63,23,32,224,0,3,6144,-13,-12,-1,0,12,12,1,1,7258,7258,8188,-15,
149,term_cut,fig3,A,63,25,32,224,0,1,6143,0,0,1,0,0,12,4902,0,4902,4902,8188,-2,
149,term_cut,fig3,A,63,25,32,224,0,2,8188,-2,-1,1,0,1,12,2451,0,7353,7353,6144,-13,
149,term_cut,fig3,A,63,25,32,224,0,3,6144,-13,-12,-1,0,12,12,1,1,7352,7352,8188,-15,
149,term_cut,tie_b,A,63,25,32,224,0,1,6143,0,0,1,0,0,12,4902,0,4902,4902,8188,-2,
149,term_cut,tie_b,A,63,25,32,224,0,2,8188,-2,-1,1,0,1,12,2451,0,7353,7353,6144,-13,
149,term_cut,tie_b,A,63,25,32,224,0,3,6144,-13,-12,-1,0,12,12,1,1,7352,7352,8188,-15,
149,term_cut,legacy7,A,63,25,32,224,0,1,6143,0,0,1,0,0,12,4902,0,4902,4902,8188,-2,
149,term_cut,legacy7,A,63,25,32,224,0,2,8188,-2,-1,1,0,1,12,2451,0,7353,7353,6144,-13,
149,term_cut,legacy7,A,63,25,32,224,0,3,6144,-13,-12,-1,0,12,12,1,1,7352,7352,8188,-15,
149,term_cut,input_anchor,A,63,25,32,224,0,1,6143,0,0,1,0,0,12,4902,0,4902,4902,8188,-2,
149,term_cut,input_anchor,A,63,25,32,224,0,2,8188,-2,-1,1,0,1,12,2451,0,7353,7353,6144,-13,
149,term_cut,input_anchor,A,63,25,32,224,0,3,6144,-13,-12,-1,0,12,12,1,1,7352,7352,8188,-15,
149,term_cut,exact_residual,A,63,25,32,224,0,1,6143,0,0,1,0,0,12,4902,0,4902,4902,8188,-2,
149,term_cut,exact_residual,A,63,25,32,224,0,2,8188,-2,-1,1,0,1,12,2451,0,7353,7353,4096,-12,
149,term_cut,exact_residual,A,63,25,32,224,0,3,4096,-12,-12,-1,0,12,12,1,1,7352,7352,0,-12,
149,term_cut,guard1_pack12,A,63,25,32,224,0,1,6143,0,0,1,0,0,13,9804,0,9804,4902,8188,-2,
149,term_cut,guard1_pack12,A,63,25,32,224,0,2,8188,-2,-1,1,0,1,13,4902,0,14706,7353,6144,-13,
149,term_cut,guard1_pack12,A,63,25,32,224,0,3,6144,-13,-12,-1,0,12,13,2,1,14704,7352,8188,-15,
149,term_cut,guard12_pack12,A,63,25,32,224,0,1,6143,0,0,1,0,0,24,20078592,0,20078592,4902,8188,-2,
149,term_cut,guard12_pack12,A,63,25,32,224,0,2,8188,-2,-1,1,0,1,24,10039296,0,30117888,7353,6144,-13,
149,term_cut,guard12_pack12,A,63,25,32,224,0,3,6144,-13,-12,-1,0,12,24,4902,0,30112986,7351,8188,-15,
149,term_cut,source_uncut,A,63,25,32,224,0,1,6143,0,0,1,0,0,24,20078592,0,20078592,4902,8188,-2,
149,term_cut,source_uncut,A,63,25,32,224,0,2,8188,-2,-1,1,0,1,24,10039296,0,30117888,7353,6144,-13,
149,term_cut,source_uncut,A,63,25,32,224,0,3,6144,-13,-12,-1,0,12,24,4902,0,30112986,7351,8188,-15,
149,term_cut,post_sum_pack12,A,63,25,32,224,0,1,6143,0,0,1,0,0,12,4902,0,4902,4902,8188,-2,0x1326000000000000000000000000
149,term_cut,post_sum_pack12,A,63,25,32,224,0,2,8188,-2,-1,1,0,1,12,2451,0,7353,7353,6144,-13,0x1cb9000000000000000000000000
149,term_cut,post_sum_pack12,A,63,25,32,224,0,3,6144,-13,-12,-1,0,12,12,1,1,7351,7351,8188,-15,0x1cb7cda000000000000000000000
149,term_cut,signed_floor,A,63,25,32,224,0,1,6143,0,0,1,0,0,12,4902,0,4902,4902,8188,-2,
149,term_cut,signed_floor,A,63,25,32,224,0,2,8188,-2,-1,1,0,1,12,2451,0,7353,7353,6144,-13,
149,term_cut,signed_floor,A,63,25,32,224,0,3,6144,-13,-12,-1,0,12,12,1,1,7351,7351,8188,-15,
150,guard_depth,fig3,A,63,25,32,224,0,1,6143,0,0,1,0,0,12,4902,0,4902,4902,8188,-2,
150,guard_depth,fig3,A,63,25,32,224,0,2,8188,-2,-1,1,0,1,12,2451,0,7353,7353,6144,-13,
150,guard_depth,fig3,A,63,25,32,224,0,3,6144,-13,-12,-1,0,12,12,1,1,7352,7352,8188,-15,
150,guard_depth,tie_b,A,63,25,32,224,0,1,6143,0,0,1,0,0,12,4902,0,4902,4902,8188,-2,
150,guard_depth,tie_b,A,63,25,32,224,0,2,8188,-2,-1,1,0,1,12,2451,0,7353,7353,6144,-13,
150,guard_depth,tie_b,A,63,25,32,224,0,3,6144,-13,-12,-1,0,12,12,1,1,7352,7352,8188,-15,
150,guard_depth,legacy7,A,63,25,32,224,0,1,6143,0,0,1,0,0,12,4902,0,4902,4902,8188,-2,
150,guard_depth,legacy7,A,63,25,32,224,0,2,8188,-2,-1,1,0,1,12,2451,0,7353,7353,6144,-13,
150,guard_depth,legacy7,A,63,25,32,224,0,3,6144,-13,-12,-1,0,12,12,1,1,7352,7352,8188,-15,
150,guard_depth,input_anchor,A,63,25,32,224,0,1,6143,0,0,1,0,0,12,4902,0,4902,4902,8188,-2,
150,guard_depth,input_anchor,A,63,25,32,224,0,2,8188,-2,-1,1,0,1,12,2451,0,7353,7353,6144,-13,
150,guard_depth,input_anchor,A,63,25,32,224,0,3,6144,-13,-12,-1,0,12,12,1,1,7352,7352,8188,-15,
150,guard_depth,exact_residual,A,63,25,32,224,0,1,6143,0,0,1,0,0,12,4902,0,4902,4902,8188,-2,
150,guard_depth,exact_residual,A,63,25,32,224,0,2,8188,-2,-1,1,0,1,12,2451,0,7353,7353,4096,-12,
150,guard_depth,exact_residual,A,63,25,32,224,0,3,4096,-12,-12,-1,0,12,12,1,1,7352,7352,0,-12,
150,guard_depth,guard1_pack12,A,63,25,32,224,0,1,6143,0,0,1,0,0,13,9804,0,9804,4902,8188,-2,
150,guard_depth,guard1_pack12,A,63,25,32,224,0,2,8188,-2,-1,1,0,1,13,4902,0,14706,7353,6144,-13,
150,guard_depth,guard1_pack12,A,63,25,32,224,0,3,6144,-13,-12,-1,0,12,13,2,1,14704,7352,8188,-15,
150,guard_depth,guard12_pack12,A,63,25,32,224,0,1,6143,0,0,1,0,0,24,20078592,0,20078592,4902,8188,-2,
150,guard_depth,guard12_pack12,A,63,25,32,224,0,2,8188,-2,-1,1,0,1,24,10039296,0,30117888,7353,6144,-13,
150,guard_depth,guard12_pack12,A,63,25,32,224,0,3,6144,-13,-12,-1,0,12,24,4902,0,30112986,7351,8188,-15,
150,guard_depth,source_uncut,A,63,25,32,224,0,1,6143,0,0,1,0,0,24,20078592,0,20078592,4902,8188,-2,
150,guard_depth,source_uncut,A,63,25,32,224,0,2,8188,-2,-1,1,0,1,24,10039296,0,30117888,7353,6144,-13,
150,guard_depth,source_uncut,A,63,25,32,224,0,3,6144,-13,-12,-1,0,12,24,4902,0,30112986,7351,8188,-15,
150,guard_depth,post_sum_pack12,A,63,25,32,224,0,1,6143,0,0,1,0,0,12,4902,0,4902,4902,8188,-2,0x1326000000000000000000000000
150,guard_depth,post_sum_pack12,A,63,25,32,224,0,2,8188,-2,-1,1,0,1,12,2451,0,7353,7353,6144,-13,0x1cb9000000000000000000000000
150,guard_depth,post_sum_pack12,A,63,25,32,224,0,3,6144,-13,-12,-1,0,12,12,1,1,7351,7351,8188,-15,0x1cb7cda000000000000000000000
150,guard_depth,signed_floor,A,63,25,32,224,0,1,6143,0,0,1,0,0,12,4902,0,4902,4902,8188,-2,
150,guard_depth,signed_floor,A,63,25,32,224,0,2,8188,-2,-1,1,0,1,12,2451,0,7353,7353,6144,-13,
150,guard_depth,signed_floor,A,63,25,32,224,0,3,6144,-13,-12,-1,0,12,12,1,1,7351,7351,8188,-15,
151,post_sum_cut,fig3,A,63,25,32,224,0,1,6143,0,0,1,0,0,12,4902,0,4902,4902,8188,-2,
151,post_sum_cut,fig3,A,63,25,32,224,0,2,8188,-2,-1,1,0,1,12,2451,0,7353,7353,6144,-13,
151,post_sum_cut,fig3,A,63,25,32,224,0,3,6144,-13,-12,-1,0,12,12,1,1,7352,7352,8188,-15,
151,post_sum_cut,tie_b,A,63,25,32,224,0,1,6143,0,0,1,0,0,12,4902,0,4902,4902,8188,-2,
151,post_sum_cut,tie_b,A,63,25,32,224,0,2,8188,-2,-1,1,0,1,12,2451,0,7353,7353,6144,-13,
151,post_sum_cut,tie_b,A,63,25,32,224,0,3,6144,-13,-12,-1,0,12,12,1,1,7352,7352,8188,-15,
151,post_sum_cut,legacy7,A,63,25,32,224,0,1,6143,0,0,1,0,0,12,4902,0,4902,4902,8188,-2,
151,post_sum_cut,legacy7,A,63,25,32,224,0,2,8188,-2,-1,1,0,1,12,2451,0,7353,7353,6144,-13,
151,post_sum_cut,legacy7,A,63,25,32,224,0,3,6144,-13,-12,-1,0,12,12,1,1,7352,7352,8188,-15,
151,post_sum_cut,input_anchor,A,63,25,32,224,0,1,6143,0,0,1,0,0,12,4902,0,4902,4902,8188,-2,
151,post_sum_cut,input_anchor,A,63,25,32,224,0,2,8188,-2,-1,1,0,1,12,2451,0,7353,7353,6144,-13,
151,post_sum_cut,input_anchor,A,63,25,32,224,0,3,6144,-13,-12,-1,0,12,12,1,1,7352,7352,8188,-15,
151,post_sum_cut,exact_residual,A,63,25,32,224,0,1,6143,0,0,1,0,0,12,4902,0,4902,4902,8188,-2,
151,post_sum_cut,exact_residual,A,63,25,32,224,0,2,8188,-2,-1,1,0,1,12,2451,0,7353,7353,4096,-12,
151,post_sum_cut,exact_residual,A,63,25,32,224,0,3,4096,-12,-12,-1,0,12,12,1,1,7352,7352,0,-12,
151,post_sum_cut,guard1_pack12,A,63,25,32,224,0,1,6143,0,0,1,0,0,13,9804,0,9804,4902,8188,-2,
151,post_sum_cut,guard1_pack12,A,63,25,32,224,0,2,8188,-2,-1,1,0,1,13,4902,0,14706,7353,6144,-13,
151,post_sum_cut,guard1_pack12,A,63,25,32,224,0,3,6144,-13,-12,-1,0,12,13,2,1,14704,7352,8188,-15,
151,post_sum_cut,guard12_pack12,A,63,25,32,224,0,1,6143,0,0,1,0,0,24,20078592,0,20078592,4902,8188,-2,
151,post_sum_cut,guard12_pack12,A,63,25,32,224,0,2,8188,-2,-1,1,0,1,24,10039296,0,30117888,7353,6144,-13,
151,post_sum_cut,guard12_pack12,A,63,25,32,224,0,3,6144,-13,-12,-1,0,12,24,4902,0,30112986,7351,8188,-15,
151,post_sum_cut,source_uncut,A,63,25,32,224,0,1,6143,0,0,1,0,0,24,20078592,0,20078592,4902,8188,-2,
151,post_sum_cut,source_uncut,A,63,25,32,224,0,2,8188,-2,-1,1,0,1,24,10039296,0,30117888,7353,6144,-13,
151,post_sum_cut,source_uncut,A,63,25,32,224,0,3,6144,-13,-12,-1,0,12,24,4902,0,30112986,7351,8188,-15,
151,post_sum_cut,post_sum_pack12,A,63,25,32,224,0,1,6143,0,0,1,0,0,12,4902,0,4902,4902,8188,-2,0x1326000000000000000000000000
151,post_sum_cut,post_sum_pack12,A,63,25,32,224,0,2,8188,-2,-1,1,0,1,12,2451,0,7353,7353,6144,-13,0x1cb9000000000000000000000000
151,post_sum_cut,post_sum_pack12,A,63,25,32,224,0,3,6144,-13,-12,-1,0,12,12,1,1,7351,7351,8188,-15,0x1cb7cda000000000000000000000
151,post_sum_cut,signed_floor,A,63,25,32,224,0,1,6143,0,0,1,0,0,12,4902,0,4902,4902,8188,-2,
151,post_sum_cut,signed_floor,A,63,25,32,224,0,2,8188,-2,-1,1,0,1,12,2451,0,7353,7353,6144,-13,
151,post_sum_cut,signed_floor,A,63,25,32,224,0,3,6144,-13,-12,-1,0,12,12,1,1,7351,7351,8188,-15,
152,term_cut,fig3,A,63,27,32,160,0,1,6143,0,0,1,0,0,12,4964,0,4964,4964,8188,-2,
152,term_cut,fig3,A,63,27,32,160,0,2,8188,-2,-1,1,0,1,12,2482,0,7446,7446,6144,-13,
152,term_cut,fig3,A,63,27,32,160,0,3,6144,-13,-12,-1,0,12,12,1,1,7445,7445,8188,-15,
152,term_cut,tie_b,A,63,27,32,160,0,1,6143,0,0,1,0,0,12,4964,0,4964,4964,8188,-2,
152,term_cut,tie_b,A,63,27,32,160,0,2,8188,-2,-1,1,0,1,12,2482,0,7446,7446,6144,-13,
152,term_cut,tie_b,A,63,27,32,160,0,3,6144,-13,-12,-1,0,12,12,1,1,7445,7445,8188,-15,
152,term_cut,legacy7,A,63,27,32,160,0,1,6143,0,0,1,0,0,12,4964,0,4964,4964,8188,-2,
152,term_cut,legacy7,A,63,27,32,160,0,2,8188,-2,-1,1,0,1,12,2482,0,7446,7446,6144,-13,
152,term_cut,legacy7,A,63,27,32,160,0,3,6144,-13,-12,-1,0,12,12,1,1,7445,7445,8188,-15,
152,term_cut,input_anchor,A,63,27,32,160,0,1,6143,0,0,1,0,0,12,4964,0,4964,4964,8188,-2,
152,term_cut,input_anchor,A,63,27,32,160,0,2,8188,-2,-1,1,0,1,12,2482,0,7446,7446,6144,-13,
152,term_cut,input_anchor,A,63,27,32,160,0,3,6144,-13,-12,-1,0,12,12,1,1,7445,7445,8188,-15,
152,term_cut,exact_residual,A,63,27,32,160,0,1,6143,0,0,1,0,0,12,4964,0,4964,4964,8188,-2,
152,term_cut,exact_residual,A,63,27,32,160,0,2,8188,-2,-1,1,0,1,12,2482,0,7446,7446,4096,-12,
152,term_cut,exact_residual,A,63,27,32,160,0,3,4096,-12,-12,-1,0,12,12,1,1,7445,7445,0,-12,
152,term_cut,guard1_pack12,A,63,27,32,160,0,1,6143,0,0,1,0,0,13,9928,0,9928,4964,8188,-2,
152,term_cut,guard1_pack12,A,63,27,32,160,0,2,8188,-2,-1,1,0,1,13,4964,0,14892,7446,6144,-13,
152,term_cut,guard1_pack12,A,63,27,32,160,0,3,6144,-13,-12,-1,0,12,13,2,1,14890,7445,8188,-15,
152,term_cut,guard12_pack12,A,63,27,32,160,0,1,6143,0,0,1,0,0,24,20332544,0,20332544,4964,8188,-2,
152,term_cut,guard12_pack12,A,63,27,32,160,0,2,8188,-2,-1,1,0,1,24,10166272,0,30498816,7446,6144,-13,
152,term_cut,guard12_pack12,A,63,27,32,160,0,3,6144,-13,-12,-1,0,12,24,4964,0,30493852,7444,8188,-15,
152,term_cut,source_uncut,A,63,27,32,160,0,1,6143,0,0,1,0,0,24,20332544,0,20332544,4964,8188,-2,
152,term_cut,source_uncut,A,63,27,32,160,0,2,8188,-2,-1,1,0,1,24,10166272,0,30498816,7446,6144,-13,
152,term_cut,source_uncut,A,63,27,32,160,0,3,6144,-13,-12,-1,0,12,24,4964,0,30493852,7444,8188,-15,
152,term_cut,post_sum_pack12,A,63,27,32,160,0,1,6143,0,0,1,0,0,12,4964,0,4964,4964,8188,-2,0x1364000000000000000000000000
152,term_cut,post_sum_pack12,A,63,27,32,160,0,2,8188,-2,-1,1,0,1,12,2482,0,7446,7446,6144,-13,0x1d16000000000000000000000000
152,term_cut,post_sum_pack12,A,63,27,32,160,0,3,6144,-13,-12,-1,0,12,12,1,1,7444,7444,8188,-15,0x1d14c9c000000000000000000000
152,term_cut,signed_floor,A,63,27,32,160,0,1,6143,0,0,1,0,0,12,4964,0,4964,4964,8188,-2,
152,term_cut,signed_floor,A,63,27,32,160,0,2,8188,-2,-1,1,0,1,12,2482,0,7446,7446,6144,-13,
152,term_cut,signed_floor,A,63,27,32,160,0,3,6144,-13,-12,-1,0,12,12,1,1,7444,7444,8188,-15,
153,guard_depth,fig3,A,63,27,32,160,0,1,6143,0,0,1,0,0,12,4964,0,4964,4964,8188,-2,
153,guard_depth,fig3,A,63,27,32,160,0,2,8188,-2,-1,1,0,1,12,2482,0,7446,7446,6144,-13,
153,guard_depth,fig3,A,63,27,32,160,0,3,6144,-13,-12,-1,0,12,12,1,1,7445,7445,8188,-15,
153,guard_depth,tie_b,A,63,27,32,160,0,1,6143,0,0,1,0,0,12,4964,0,4964,4964,8188,-2,
153,guard_depth,tie_b,A,63,27,32,160,0,2,8188,-2,-1,1,0,1,12,2482,0,7446,7446,6144,-13,
153,guard_depth,tie_b,A,63,27,32,160,0,3,6144,-13,-12,-1,0,12,12,1,1,7445,7445,8188,-15,
153,guard_depth,legacy7,A,63,27,32,160,0,1,6143,0,0,1,0,0,12,4964,0,4964,4964,8188,-2,
153,guard_depth,legacy7,A,63,27,32,160,0,2,8188,-2,-1,1,0,1,12,2482,0,7446,7446,6144,-13,
153,guard_depth,legacy7,A,63,27,32,160,0,3,6144,-13,-12,-1,0,12,12,1,1,7445,7445,8188,-15,
153,guard_depth,input_anchor,A,63,27,32,160,0,1,6143,0,0,1,0,0,12,4964,0,4964,4964,8188,-2,
153,guard_depth,input_anchor,A,63,27,32,160,0,2,8188,-2,-1,1,0,1,12,2482,0,7446,7446,6144,-13,
153,guard_depth,input_anchor,A,63,27,32,160,0,3,6144,-13,-12,-1,0,12,12,1,1,7445,7445,8188,-15,
153,guard_depth,exact_residual,A,63,27,32,160,0,1,6143,0,0,1,0,0,12,4964,0,4964,4964,8188,-2,
153,guard_depth,exact_residual,A,63,27,32,160,0,2,8188,-2,-1,1,0,1,12,2482,0,7446,7446,4096,-12,
153,guard_depth,exact_residual,A,63,27,32,160,0,3,4096,-12,-12,-1,0,12,12,1,1,7445,7445,0,-12,
153,guard_depth,guard1_pack12,A,63,27,32,160,0,1,6143,0,0,1,0,0,13,9928,0,9928,4964,8188,-2,
153,guard_depth,guard1_pack12,A,63,27,32,160,0,2,8188,-2,-1,1,0,1,13,4964,0,14892,7446,6144,-13,
153,guard_depth,guard1_pack12,A,63,27,32,160,0,3,6144,-13,-12,-1,0,12,13,2,1,14890,7445,8188,-15,
153,guard_depth,guard12_pack12,A,63,27,32,160,0,1,6143,0,0,1,0,0,24,20332544,0,20332544,4964,8188,-2,
153,guard_depth,guard12_pack12,A,63,27,32,160,0,2,8188,-2,-1,1,0,1,24,10166272,0,30498816,7446,6144,-13,
153,guard_depth,guard12_pack12,A,63,27,32,160,0,3,6144,-13,-12,-1,0,12,24,4964,0,30493852,7444,8188,-15,
153,guard_depth,source_uncut,A,63,27,32,160,0,1,6143,0,0,1,0,0,24,20332544,0,20332544,4964,8188,-2,
153,guard_depth,source_uncut,A,63,27,32,160,0,2,8188,-2,-1,1,0,1,24,10166272,0,30498816,7446,6144,-13,
153,guard_depth,source_uncut,A,63,27,32,160,0,3,6144,-13,-12,-1,0,12,24,4964,0,30493852,7444,8188,-15,
153,guard_depth,post_sum_pack12,A,63,27,32,160,0,1,6143,0,0,1,0,0,12,4964,0,4964,4964,8188,-2,0x1364000000000000000000000000
153,guard_depth,post_sum_pack12,A,63,27,32,160,0,2,8188,-2,-1,1,0,1,12,2482,0,7446,7446,6144,-13,0x1d16000000000000000000000000
153,guard_depth,post_sum_pack12,A,63,27,32,160,0,3,6144,-13,-12,-1,0,12,12,1,1,7444,7444,8188,-15,0x1d14c9c000000000000000000000
153,guard_depth,signed_floor,A,63,27,32,160,0,1,6143,0,0,1,0,0,12,4964,0,4964,4964,8188,-2,
153,guard_depth,signed_floor,A,63,27,32,160,0,2,8188,-2,-1,1,0,1,12,2482,0,7446,7446,6144,-13,
153,guard_depth,signed_floor,A,63,27,32,160,0,3,6144,-13,-12,-1,0,12,12,1,1,7444,7444,8188,-15,
154,post_sum_cut,fig3,A,63,27,32,160,0,1,6143,0,0,1,0,0,12,4964,0,4964,4964,8188,-2,
154,post_sum_cut,fig3,A,63,27,32,160,0,2,8188,-2,-1,1,0,1,12,2482,0,7446,7446,6144,-13,
154,post_sum_cut,fig3,A,63,27,32,160,0,3,6144,-13,-12,-1,0,12,12,1,1,7445,7445,8188,-15,
154,post_sum_cut,tie_b,A,63,27,32,160,0,1,6143,0,0,1,0,0,12,4964,0,4964,4964,8188,-2,
154,post_sum_cut,tie_b,A,63,27,32,160,0,2,8188,-2,-1,1,0,1,12,2482,0,7446,7446,6144,-13,
154,post_sum_cut,tie_b,A,63,27,32,160,0,3,6144,-13,-12,-1,0,12,12,1,1,7445,7445,8188,-15,
154,post_sum_cut,legacy7,A,63,27,32,160,0,1,6143,0,0,1,0,0,12,4964,0,4964,4964,8188,-2,
154,post_sum_cut,legacy7,A,63,27,32,160,0,2,8188,-2,-1,1,0,1,12,2482,0,7446,7446,6144,-13,
154,post_sum_cut,legacy7,A,63,27,32,160,0,3,6144,-13,-12,-1,0,12,12,1,1,7445,7445,8188,-15,
154,post_sum_cut,input_anchor,A,63,27,32,160,0,1,6143,0,0,1,0,0,12,4964,0,4964,4964,8188,-2,
154,post_sum_cut,input_anchor,A,63,27,32,160,0,2,8188,-2,-1,1,0,1,12,2482,0,7446,7446,6144,-13,
154,post_sum_cut,input_anchor,A,63,27,32,160,0,3,6144,-13,-12,-1,0,12,12,1,1,7445,7445,8188,-15,
154,post_sum_cut,exact_residual,A,63,27,32,160,0,1,6143,0,0,1,0,0,12,4964,0,4964,4964,8188,-2,
154,post_sum_cut,exact_residual,A,63,27,32,160,0,2,8188,-2,-1,1,0,1,12,2482,0,7446,7446,4096,-12,
154,post_sum_cut,exact_residual,A,63,27,32,160,0,3,4096,-12,-12,-1,0,12,12,1,1,7445,7445,0,-12,
154,post_sum_cut,guard1_pack12,A,63,27,32,160,0,1,6143,0,0,1,0,0,13,9928,0,9928,4964,8188,-2,
154,post_sum_cut,guard1_pack12,A,63,27,32,160,0,2,8188,-2,-1,1,0,1,13,4964,0,14892,7446,6144,-13,
154,post_sum_cut,guard1_pack12,A,63,27,32,160,0,3,6144,-13,-12,-1,0,12,13,2,1,14890,7445,8188,-15,
154,post_sum_cut,guard12_pack12,A,63,27,32,160,0,1,6143,0,0,1,0,0,24,20332544,0,20332544,4964,8188,-2,
154,post_sum_cut,guard12_pack12,A,63,27,32,160,0,2,8188,-2,-1,1,0,1,24,10166272,0,30498816,7446,6144,-13,
154,post_sum_cut,guard12_pack12,A,63,27,32,160,0,3,6144,-13,-12,-1,0,12,24,4964,0,30493852,7444,8188,-15,
154,post_sum_cut,source_uncut,A,63,27,32,160,0,1,6143,0,0,1,0,0,24,20332544,0,20332544,4964,8188,-2,
154,post_sum_cut,source_uncut,A,63,27,32,160,0,2,8188,-2,-1,1,0,1,24,10166272,0,30498816,7446,6144,-13,
154,post_sum_cut,source_uncut,A,63,27,32,160,0,3,6144,-13,-12,-1,0,12,24,4964,0,30493852,7444,8188,-15,
154,post_sum_cut,post_sum_pack12,A,63,27,32,160,0,1,6143,0,0,1,0,0,12,4964,0,4964,4964,8188,-2,0x1364000000000000000000000000
154,post_sum_cut,post_sum_pack12,A,63,27,32,160,0,2,8188,-2,-1,1,0,1,12,2482,0,7446,7446,6144,-13,0x1d16000000000000000000000000
154,post_sum_cut,post_sum_pack12,A,63,27,32,160,0,3,6144,-13,-12,-1,0,12,12,1,1,7444,7444,8188,-15,0x1d14c9c000000000000000000000
154,post_sum_cut,signed_floor,A,63,27,32,160,0,1,6143,0,0,1,0,0,12,4964,0,4964,4964,8188,-2,
154,post_sum_cut,signed_floor,A,63,27,32,160,0,2,8188,-2,-1,1,0,1,12,2482,0,7446,7446,6144,-13,
154,post_sum_cut,signed_floor,A,63,27,32,160,0,3,6144,-13,-12,-1,0,12,12,1,1,7444,7444,8188,-15,
155,term_cut,fig3,A,63,29,32,96,0,1,6143,0,0,1,0,0,12,5026,0,5026,5026,8188,-2,
155,term_cut,fig3,A,63,29,32,96,0,2,8188,-2,-1,1,0,1,12,2513,0,7539,7539,6144,-13,
155,term_cut,fig3,A,63,29,32,96,0,3,6144,-13,-12,-1,0,12,12,1,1,7538,7538,8188,-15,
155,term_cut,tie_b,A,63,29,32,96,0,1,6143,0,0,1,0,0,12,5026,0,5026,5026,8188,-2,
155,term_cut,tie_b,A,63,29,32,96,0,2,8188,-2,-1,1,0,1,12,2513,0,7539,7539,6144,-13,
155,term_cut,tie_b,A,63,29,32,96,0,3,6144,-13,-12,-1,0,12,12,1,1,7538,7538,8188,-15,
155,term_cut,legacy7,A,63,29,32,96,0,1,6143,0,0,1,0,0,12,5026,0,5026,5026,8188,-2,
155,term_cut,legacy7,A,63,29,32,96,0,2,8188,-2,-1,1,0,1,12,2513,0,7539,7539,6144,-13,
155,term_cut,legacy7,A,63,29,32,96,0,3,6144,-13,-12,-1,0,12,12,1,1,7538,7538,8188,-15,
155,term_cut,input_anchor,A,63,29,32,96,0,1,6143,0,0,1,0,0,12,5026,0,5026,5026,8188,-2,
155,term_cut,input_anchor,A,63,29,32,96,0,2,8188,-2,-1,1,0,1,12,2513,0,7539,7539,6144,-13,
155,term_cut,input_anchor,A,63,29,32,96,0,3,6144,-13,-12,-1,0,12,12,1,1,7538,7538,8188,-15,
155,term_cut,exact_residual,A,63,29,32,96,0,1,6143,0,0,1,0,0,12,5026,0,5026,5026,8188,-2,
155,term_cut,exact_residual,A,63,29,32,96,0,2,8188,-2,-1,1,0,1,12,2513,0,7539,7539,4096,-12,
155,term_cut,exact_residual,A,63,29,32,96,0,3,4096,-12,-12,-1,0,12,12,1,1,7538,7538,0,-12,
155,term_cut,guard1_pack12,A,63,29,32,96,0,1,6143,0,0,1,0,0,13,10052,0,10052,5026,8188,-2,
155,term_cut,guard1_pack12,A,63,29,32,96,0,2,8188,-2,-1,1,0,1,13,5026,0,15078,7539,6144,-13,
155,term_cut,guard1_pack12,A,63,29,32,96,0,3,6144,-13,-12,-1,0,12,13,2,1,15076,7538,8188,-15,
155,term_cut,guard12_pack12,A,63,29,32,96,0,1,6143,0,0,1,0,0,24,20586496,0,20586496,5026,8188,-2,
155,term_cut,guard12_pack12,A,63,29,32,96,0,2,8188,-2,-1,1,0,1,24,10293248,0,30879744,7539,6144,-13,
155,term_cut,guard12_pack12,A,63,29,32,96,0,3,6144,-13,-12,-1,0,12,24,5026,0,30874718,7537,8188,-15,
155,term_cut,source_uncut,A,63,29,32,96,0,1,6143,0,0,1,0,0,24,20586496,0,20586496,5026,8188,-2,
155,term_cut,source_uncut,A,63,29,32,96,0,2,8188,-2,-1,1,0,1,24,10293248,0,30879744,7539,6144,-13,
155,term_cut,source_uncut,A,63,29,32,96,0,3,6144,-13,-12,-1,0,12,24,5026,0,30874718,7537,8188,-15,
155,term_cut,post_sum_pack12,A,63,29,32,96,0,1,6143,0,0,1,0,0,12,5026,0,5026,5026,8188,-2,0x13a2000000000000000000000000
155,term_cut,post_sum_pack12,A,63,29,32,96,0,2,8188,-2,-1,1,0,1,12,2513,0,7539,7539,6144,-13,0x1d73000000000000000000000000
155,term_cut,post_sum_pack12,A,63,29,32,96,0,3,6144,-13,-12,-1,0,12,12,1,1,7537,7537,8188,-15,0x1d71c5e000000000000000000000
155,term_cut,signed_floor,A,63,29,32,96,0,1,6143,0,0,1,0,0,12,5026,0,5026,5026,8188,-2,
155,term_cut,signed_floor,A,63,29,32,96,0,2,8188,-2,-1,1,0,1,12,2513,0,7539,7539,6144,-13,
155,term_cut,signed_floor,A,63,29,32,96,0,3,6144,-13,-12,-1,0,12,12,1,1,7537,7537,8188,-15,
156,guard_depth,fig3,A,63,29,32,96,0,1,6143,0,0,1,0,0,12,5026,0,5026,5026,8188,-2,
156,guard_depth,fig3,A,63,29,32,96,0,2,8188,-2,-1,1,0,1,12,2513,0,7539,7539,6144,-13,
156,guard_depth,fig3,A,63,29,32,96,0,3,6144,-13,-12,-1,0,12,12,1,1,7538,7538,8188,-15,
156,guard_depth,tie_b,A,63,29,32,96,0,1,6143,0,0,1,0,0,12,5026,0,5026,5026,8188,-2,
156,guard_depth,tie_b,A,63,29,32,96,0,2,8188,-2,-1,1,0,1,12,2513,0,7539,7539,6144,-13,
156,guard_depth,tie_b,A,63,29,32,96,0,3,6144,-13,-12,-1,0,12,12,1,1,7538,7538,8188,-15,
156,guard_depth,legacy7,A,63,29,32,96,0,1,6143,0,0,1,0,0,12,5026,0,5026,5026,8188,-2,
156,guard_depth,legacy7,A,63,29,32,96,0,2,8188,-2,-1,1,0,1,12,2513,0,7539,7539,6144,-13,
156,guard_depth,legacy7,A,63,29,32,96,0,3,6144,-13,-12,-1,0,12,12,1,1,7538,7538,8188,-15,
156,guard_depth,input_anchor,A,63,29,32,96,0,1,6143,0,0,1,0,0,12,5026,0,5026,5026,8188,-2,
156,guard_depth,input_anchor,A,63,29,32,96,0,2,8188,-2,-1,1,0,1,12,2513,0,7539,7539,6144,-13,
156,guard_depth,input_anchor,A,63,29,32,96,0,3,6144,-13,-12,-1,0,12,12,1,1,7538,7538,8188,-15,
156,guard_depth,exact_residual,A,63,29,32,96,0,1,6143,0,0,1,0,0,12,5026,0,5026,5026,8188,-2,
156,guard_depth,exact_residual,A,63,29,32,96,0,2,8188,-2,-1,1,0,1,12,2513,0,7539,7539,4096,-12,
156,guard_depth,exact_residual,A,63,29,32,96,0,3,4096,-12,-12,-1,0,12,12,1,1,7538,7538,0,-12,
156,guard_depth,guard1_pack12,A,63,29,32,96,0,1,6143,0,0,1,0,0,13,10052,0,10052,5026,8188,-2,
156,guard_depth,guard1_pack12,A,63,29,32,96,0,2,8188,-2,-1,1,0,1,13,5026,0,15078,7539,6144,-13,
156,guard_depth,guard1_pack12,A,63,29,32,96,0,3,6144,-13,-12,-1,0,12,13,2,1,15076,7538,8188,-15,
156,guard_depth,guard12_pack12,A,63,29,32,96,0,1,6143,0,0,1,0,0,24,20586496,0,20586496,5026,8188,-2,
156,guard_depth,guard12_pack12,A,63,29,32,96,0,2,8188,-2,-1,1,0,1,24,10293248,0,30879744,7539,6144,-13,
156,guard_depth,guard12_pack12,A,63,29,32,96,0,3,6144,-13,-12,-1,0,12,24,5026,0,30874718,7537,8188,-15,
156,guard_depth,source_uncut,A,63,29,32,96,0,1,6143,0,0,1,0,0,24,20586496,0,20586496,5026,8188,-2,
156,guard_depth,source_uncut,A,63,29,32,96,0,2,8188,-2,-1,1,0,1,24,10293248,0,30879744,7539,6144,-13,
156,guard_depth,source_uncut,A,63,29,32,96,0,3,6144,-13,-12,-1,0,12,24,5026,0,30874718,7537,8188,-15,
156,guard_depth,post_sum_pack12,A,63,29,32,96,0,1,6143,0,0,1,0,0,12,5026,0,5026,5026,8188,-2,0x13a2000000000000000000000000
156,guard_depth,post_sum_pack12,A,63,29,32,96,0,2,8188,-2,-1,1,0,1,12,2513,0,7539,7539,6144,-13,0x1d73000000000000000000000000
156,guard_depth,post_sum_pack12,A,63,29,32,96,0,3,6144,-13,-12,-1,0,12,12,1,1,7537,7537,8188,-15,0x1d71c5e000000000000000000000
156,guard_depth,signed_floor,A,63,29,32,96,0,1,6143,0,0,1,0,0,12,5026,0,5026,5026,8188,-2,
156,guard_depth,signed_floor,A,63,29,32,96,0,2,8188,-2,-1,1,0,1,12,2513,0,7539,7539,6144,-13,
156,guard_depth,signed_floor,A,63,29,32,96,0,3,6144,-13,-12,-1,0,12,12,1,1,7537,7537,8188,-15,
157,post_sum_cut,fig3,A,63,29,32,96,0,1,6143,0,0,1,0,0,12,5026,0,5026,5026,8188,-2,
157,post_sum_cut,fig3,A,63,29,32,96,0,2,8188,-2,-1,1,0,1,12,2513,0,7539,7539,6144,-13,
157,post_sum_cut,fig3,A,63,29,32,96,0,3,6144,-13,-12,-1,0,12,12,1,1,7538,7538,8188,-15,
157,post_sum_cut,tie_b,A,63,29,32,96,0,1,6143,0,0,1,0,0,12,5026,0,5026,5026,8188,-2,
157,post_sum_cut,tie_b,A,63,29,32,96,0,2,8188,-2,-1,1,0,1,12,2513,0,7539,7539,6144,-13,
157,post_sum_cut,tie_b,A,63,29,32,96,0,3,6144,-13,-12,-1,0,12,12,1,1,7538,7538,8188,-15,
157,post_sum_cut,legacy7,A,63,29,32,96,0,1,6143,0,0,1,0,0,12,5026,0,5026,5026,8188,-2,
157,post_sum_cut,legacy7,A,63,29,32,96,0,2,8188,-2,-1,1,0,1,12,2513,0,7539,7539,6144,-13,
157,post_sum_cut,legacy7,A,63,29,32,96,0,3,6144,-13,-12,-1,0,12,12,1,1,7538,7538,8188,-15,
157,post_sum_cut,input_anchor,A,63,29,32,96,0,1,6143,0,0,1,0,0,12,5026,0,5026,5026,8188,-2,
157,post_sum_cut,input_anchor,A,63,29,32,96,0,2,8188,-2,-1,1,0,1,12,2513,0,7539,7539,6144,-13,
157,post_sum_cut,input_anchor,A,63,29,32,96,0,3,6144,-13,-12,-1,0,12,12,1,1,7538,7538,8188,-15,
157,post_sum_cut,exact_residual,A,63,29,32,96,0,1,6143,0,0,1,0,0,12,5026,0,5026,5026,8188,-2,
157,post_sum_cut,exact_residual,A,63,29,32,96,0,2,8188,-2,-1,1,0,1,12,2513,0,7539,7539,4096,-12,
157,post_sum_cut,exact_residual,A,63,29,32,96,0,3,4096,-12,-12,-1,0,12,12,1,1,7538,7538,0,-12,
157,post_sum_cut,guard1_pack12,A,63,29,32,96,0,1,6143,0,0,1,0,0,13,10052,0,10052,5026,8188,-2,
157,post_sum_cut,guard1_pack12,A,63,29,32,96,0,2,8188,-2,-1,1,0,1,13,5026,0,15078,7539,6144,-13,
157,post_sum_cut,guard1_pack12,A,63,29,32,96,0,3,6144,-13,-12,-1,0,12,13,2,1,15076,7538,8188,-15,
157,post_sum_cut,guard12_pack12,A,63,29,32,96,0,1,6143,0,0,1,0,0,24,20586496,0,20586496,5026,8188,-2,
157,post_sum_cut,guard12_pack12,A,63,29,32,96,0,2,8188,-2,-1,1,0,1,24,10293248,0,30879744,7539,6144,-13,
157,post_sum_cut,guard12_pack12,A,63,29,32,96,0,3,6144,-13,-12,-1,0,12,24,5026,0,30874718,7537,8188,-15,
157,post_sum_cut,source_uncut,A,63,29,32,96,0,1,6143,0,0,1,0,0,24,20586496,0,20586496,5026,8188,-2,
157,post_sum_cut,source_uncut,A,63,29,32,96,0,2,8188,-2,-1,1,0,1,24,10293248,0,30879744,7539,6144,-13,
157,post_sum_cut,source_uncut,A,63,29,32,96,0,3,6144,-13,-12,-1,0,12,24,5026,0,30874718,7537,8188,-15,
157,post_sum_cut,post_sum_pack12,A,63,29,32,96,0,1,6143,0,0,1,0,0,12,5026,0,5026,5026,8188,-2,0x13a2000000000000000000000000
157,post_sum_cut,post_sum_pack12,A,63,29,32,96,0,2,8188,-2,-1,1,0,1,12,2513,0,7539,7539,6144,-13,0x1d73000000000000000000000000
157,post_sum_cut,post_sum_pack12,A,63,29,32,96,0,3,6144,-13,-12,-1,0,12,12,1,1,7537,7537,8188,-15,0x1d71c5e000000000000000000000
157,post_sum_cut,signed_floor,A,63,29,32,96,0,1,6143,0,0,1,0,0,12,5026,0,5026,5026,8188,-2,
157,post_sum_cut,signed_floor,A,63,29,32,96,0,2,8188,-2,-1,1,0,1,12,2513,0,7539,7539,6144,-13,
157,post_sum_cut,signed_floor,A,63,29,32,96,0,3,6144,-13,-12,-1,0,12,12,1,1,7537,7537,8188,-15,
158,term_cut,fig3,A,63,31,32,32,1,1,6143,0,0,1,0,0,12,5088,0,5088,5088,8188,-2,
158,term_cut,fig3,A,63,31,32,32,1,2,8188,-2,-1,1,0,1,12,2544,0,7632,7632,6144,-13,
158,term_cut,fig3,A,63,31,32,32,1,3,6144,-13,-12,-1,0,12,12,1,1,7631,7631,8188,-15,
158,term_cut,tie_b,B,63,31,32,32,1,1,5088,0,0,1,0,0,12,6143,0,6143,6143,7936,-3,
158,term_cut,tie_b,B,63,31,32,32,1,2,7936,-3,-2,1,0,2,12,1535,1,7678,7678,8160,-8,
158,term_cut,tie_b,B,63,31,32,32,1,3,8160,-8,-7,-1,0,7,12,47,1,7631,7631,7936,-16,
158,term_cut,legacy7,A,63,31,32,32,1,1,6143,0,0,1,0,0,12,5088,0,5088,5088,8188,-2,
158,term_cut,legacy7,A,63,31,32,32,1,2,8188,-2,-1,1,0,1,12,2544,0,7632,7632,6144,-13,
158,term_cut,legacy7,A,63,31,32,32,1,3,6144,-13,-12,-1,0,12,12,1,1,7631,7631,8188,-15,
158,term_cut,input_anchor,A,63,31,32,32,1,1,6143,0,0,1,0,0,12,5088,0,5088,5088,8188,-2,
158,term_cut,input_anchor,A,63,31,32,32,1,2,8188,-2,-1,1,0,1,12,2544,0,7632,7632,6144,-13,
158,term_cut,input_anchor,A,63,31,32,32,1,3,6144,-13,-12,-1,0,12,12,1,1,7631,7631,8188,-15,
158,term_cut,exact_residual,A,63,31,32,32,1,1,6143,0,0,1,0,0,12,5088,0,5088,5088,8188,-2,
158,term_cut,exact_residual,A,63,31,32,32,1,2,8188,-2,-1,1,0,1,12,2544,0,7632,7632,4096,-12,
158,term_cut,exact_residual,A,63,31,32,32,1,3,4096,-12,-12,-1,0,12,12,1,1,7631,7631,0,-12,
158,term_cut,guard1_pack12,A,63,31,32,32,1,1,6143,0,0,1,0,0,13,10176,0,10176,5088,8188,-2,
158,term_cut,guard1_pack12,A,63,31,32,32,1,2,8188,-2,-1,1,0,1,13,5088,0,15264,7632,6144,-13,
158,term_cut,guard1_pack12,A,63,31,32,32,1,3,6144,-13,-12,-1,0,12,13,2,1,15262,7631,8188,-15,
158,term_cut,guard12_pack12,A,63,31,32,32,1,1,6143,0,0,1,0,0,24,20840448,0,20840448,5088,8188,-2,
158,term_cut,guard12_pack12,A,63,31,32,32,1,2,8188,-2,-1,1,0,1,24,10420224,0,31260672,7632,6144,-13,
158,term_cut,guard12_pack12,A,63,31,32,32,1,3,6144,-13,-12,-1,0,12,24,5088,0,31255584,7630,8188,-15,
158,term_cut,source_uncut,A,63,31,32,32,1,1,6143,0,0,1,0,0,24,20840448,0,20840448,5088,8188,-2,
158,term_cut,source_uncut,A,63,31,32,32,1,2,8188,-2,-1,1,0,1,24,10420224,0,31260672,7632,6144,-13,
158,term_cut,source_uncut,A,63,31,32,32,1,3,6144,-13,-12,-1,0,12,24,5088,0,31255584,7630,8188,-15,
158,term_cut,post_sum_pack12,A,63,31,32,32,1,1,6143,0,0,1,0,0,12,5088,0,5088,5088,8188,-2,0x13e0000000000000000000000000
158,term_cut,post_sum_pack12,A,63,31,32,32,1,2,8188,-2,-1,1,0,1,12,2544,0,7632,7632,6144,-13,0x1dd0000000000000000000000000
158,term_cut,post_sum_pack12,A,63,31,32,32,1,3,6144,-13,-12,-1,0,12,12,1,1,7630,7630,8188,-15,0x1dcec20000000000000000000000
158,term_cut,signed_floor,A,63,31,32,32,1,1,6143,0,0,1,0,0,12,5088,0,5088,5088,8188,-2,
158,term_cut,signed_floor,A,63,31,32,32,1,2,8188,-2,-1,1,0,1,12,2544,0,7632,7632,6144,-13,
158,term_cut,signed_floor,A,63,31,32,32,1,3,6144,-13,-12,-1,0,12,12,1,1,7630,7630,8188,-15,
159,guard_depth,fig3,A,63,31,32,32,1,1,6143,0,0,1,0,0,12,5088,0,5088,5088,8188,-2,
159,guard_depth,fig3,A,63,31,32,32,1,2,8188,-2,-1,1,0,1,12,2544,0,7632,7632,6144,-13,
159,guard_depth,fig3,A,63,31,32,32,1,3,6144,-13,-12,-1,0,12,12,1,1,7631,7631,8188,-15,
159,guard_depth,tie_b,B,63,31,32,32,1,1,5088,0,0,1,0,0,12,6143,0,6143,6143,7936,-3,
159,guard_depth,tie_b,B,63,31,32,32,1,2,7936,-3,-2,1,0,2,12,1535,1,7678,7678,8160,-8,
159,guard_depth,tie_b,B,63,31,32,32,1,3,8160,-8,-7,-1,0,7,12,47,1,7631,7631,7936,-16,
159,guard_depth,legacy7,A,63,31,32,32,1,1,6143,0,0,1,0,0,12,5088,0,5088,5088,8188,-2,
159,guard_depth,legacy7,A,63,31,32,32,1,2,8188,-2,-1,1,0,1,12,2544,0,7632,7632,6144,-13,
159,guard_depth,legacy7,A,63,31,32,32,1,3,6144,-13,-12,-1,0,12,12,1,1,7631,7631,8188,-15,
159,guard_depth,input_anchor,A,63,31,32,32,1,1,6143,0,0,1,0,0,12,5088,0,5088,5088,8188,-2,
159,guard_depth,input_anchor,A,63,31,32,32,1,2,8188,-2,-1,1,0,1,12,2544,0,7632,7632,6144,-13,
159,guard_depth,input_anchor,A,63,31,32,32,1,3,6144,-13,-12,-1,0,12,12,1,1,7631,7631,8188,-15,
159,guard_depth,exact_residual,A,63,31,32,32,1,1,6143,0,0,1,0,0,12,5088,0,5088,5088,8188,-2,
159,guard_depth,exact_residual,A,63,31,32,32,1,2,8188,-2,-1,1,0,1,12,2544,0,7632,7632,4096,-12,
159,guard_depth,exact_residual,A,63,31,32,32,1,3,4096,-12,-12,-1,0,12,12,1,1,7631,7631,0,-12,
159,guard_depth,guard1_pack12,A,63,31,32,32,1,1,6143,0,0,1,0,0,13,10176,0,10176,5088,8188,-2,
159,guard_depth,guard1_pack12,A,63,31,32,32,1,2,8188,-2,-1,1,0,1,13,5088,0,15264,7632,6144,-13,
159,guard_depth,guard1_pack12,A,63,31,32,32,1,3,6144,-13,-12,-1,0,12,13,2,1,15262,7631,8188,-15,
159,guard_depth,guard12_pack12,A,63,31,32,32,1,1,6143,0,0,1,0,0,24,20840448,0,20840448,5088,8188,-2,
159,guard_depth,guard12_pack12,A,63,31,32,32,1,2,8188,-2,-1,1,0,1,24,10420224,0,31260672,7632,6144,-13,
159,guard_depth,guard12_pack12,A,63,31,32,32,1,3,6144,-13,-12,-1,0,12,24,5088,0,31255584,7630,8188,-15,
159,guard_depth,source_uncut,A,63,31,32,32,1,1,6143,0,0,1,0,0,24,20840448,0,20840448,5088,8188,-2,
159,guard_depth,source_uncut,A,63,31,32,32,1,2,8188,-2,-1,1,0,1,24,10420224,0,31260672,7632,6144,-13,
159,guard_depth,source_uncut,A,63,31,32,32,1,3,6144,-13,-12,-1,0,12,24,5088,0,31255584,7630,8188,-15,
159,guard_depth,post_sum_pack12,A,63,31,32,32,1,1,6143,0,0,1,0,0,12,5088,0,5088,5088,8188,-2,0x13e0000000000000000000000000
159,guard_depth,post_sum_pack12,A,63,31,32,32,1,2,8188,-2,-1,1,0,1,12,2544,0,7632,7632,6144,-13,0x1dd0000000000000000000000000
159,guard_depth,post_sum_pack12,A,63,31,32,32,1,3,6144,-13,-12,-1,0,12,12,1,1,7630,7630,8188,-15,0x1dcec20000000000000000000000
159,guard_depth,signed_floor,A,63,31,32,32,1,1,6143,0,0,1,0,0,12,5088,0,5088,5088,8188,-2,
159,guard_depth,signed_floor,A,63,31,32,32,1,2,8188,-2,-1,1,0,1,12,2544,0,7632,7632,6144,-13,
159,guard_depth,signed_floor,A,63,31,32,32,1,3,6144,-13,-12,-1,0,12,12,1,1,7630,7630,8188,-15,
160,post_sum_cut,fig3,A,63,31,32,32,1,1,6143,0,0,1,0,0,12,5088,0,5088,5088,8188,-2,
160,post_sum_cut,fig3,A,63,31,32,32,1,2,8188,-2,-1,1,0,1,12,2544,0,7632,7632,6144,-13,
160,post_sum_cut,fig3,A,63,31,32,32,1,3,6144,-13,-12,-1,0,12,12,1,1,7631,7631,8188,-15,
160,post_sum_cut,tie_b,B,63,31,32,32,1,1,5088,0,0,1,0,0,12,6143,0,6143,6143,7936,-3,
160,post_sum_cut,tie_b,B,63,31,32,32,1,2,7936,-3,-2,1,0,2,12,1535,1,7678,7678,8160,-8,
160,post_sum_cut,tie_b,B,63,31,32,32,1,3,8160,-8,-7,-1,0,7,12,47,1,7631,7631,7936,-16,
160,post_sum_cut,legacy7,A,63,31,32,32,1,1,6143,0,0,1,0,0,12,5088,0,5088,5088,8188,-2,
160,post_sum_cut,legacy7,A,63,31,32,32,1,2,8188,-2,-1,1,0,1,12,2544,0,7632,7632,6144,-13,
160,post_sum_cut,legacy7,A,63,31,32,32,1,3,6144,-13,-12,-1,0,12,12,1,1,7631,7631,8188,-15,
160,post_sum_cut,input_anchor,A,63,31,32,32,1,1,6143,0,0,1,0,0,12,5088,0,5088,5088,8188,-2,
160,post_sum_cut,input_anchor,A,63,31,32,32,1,2,8188,-2,-1,1,0,1,12,2544,0,7632,7632,6144,-13,
160,post_sum_cut,input_anchor,A,63,31,32,32,1,3,6144,-13,-12,-1,0,12,12,1,1,7631,7631,8188,-15,
160,post_sum_cut,exact_residual,A,63,31,32,32,1,1,6143,0,0,1,0,0,12,5088,0,5088,5088,8188,-2,
160,post_sum_cut,exact_residual,A,63,31,32,32,1,2,8188,-2,-1,1,0,1,12,2544,0,7632,7632,4096,-12,
160,post_sum_cut,exact_residual,A,63,31,32,32,1,3,4096,-12,-12,-1,0,12,12,1,1,7631,7631,0,-12,
160,post_sum_cut,guard1_pack12,A,63,31,32,32,1,1,6143,0,0,1,0,0,13,10176,0,10176,5088,8188,-2,
160,post_sum_cut,guard1_pack12,A,63,31,32,32,1,2,8188,-2,-1,1,0,1,13,5088,0,15264,7632,6144,-13,
160,post_sum_cut,guard1_pack12,A,63,31,32,32,1,3,6144,-13,-12,-1,0,12,13,2,1,15262,7631,8188,-15,
160,post_sum_cut,guard12_pack12,A,63,31,32,32,1,1,6143,0,0,1,0,0,24,20840448,0,20840448,5088,8188,-2,
160,post_sum_cut,guard12_pack12,A,63,31,32,32,1,2,8188,-2,-1,1,0,1,24,10420224,0,31260672,7632,6144,-13,
160,post_sum_cut,guard12_pack12,A,63,31,32,32,1,3,6144,-13,-12,-1,0,12,24,5088,0,31255584,7630,8188,-15,
160,post_sum_cut,source_uncut,A,63,31,32,32,1,1,6143,0,0,1,0,0,24,20840448,0,20840448,5088,8188,-2,
160,post_sum_cut,source_uncut,A,63,31,32,32,1,2,8188,-2,-1,1,0,1,24,10420224,0,31260672,7632,6144,-13,
160,post_sum_cut,source_uncut,A,63,31,32,32,1,3,6144,-13,-12,-1,0,12,24,5088,0,31255584,7630,8188,-15,
160,post_sum_cut,post_sum_pack12,A,63,31,32,32,1,1,6143,0,0,1,0,0,12,5088,0,5088,5088,8188,-2,0x13e0000000000000000000000000
160,post_sum_cut,post_sum_pack12,A,63,31,32,32,1,2,8188,-2,-1,1,0,1,12,2544,0,7632,7632,6144,-13,0x1dd0000000000000000000000000
160,post_sum_cut,post_sum_pack12,A,63,31,32,32,1,3,6144,-13,-12,-1,0,12,12,1,1,7630,7630,8188,-15,0x1dcec20000000000000000000000
160,post_sum_cut,signed_floor,A,63,31,32,32,1,1,6143,0,0,1,0,0,12,5088,0,5088,5088,8188,-2,
160,post_sum_cut,signed_floor,A,63,31,32,32,1,2,8188,-2,-1,1,0,1,12,2544,0,7632,7632,6144,-13,
160,post_sum_cut,signed_floor,A,63,31,32,32,1,3,6144,-13,-12,-1,0,12,12,1,1,7630,7630,8188,-15,
161,term_cut,fig3,B,63,32,32,0,0,1,5150,0,0,1,0,0,12,6143,0,6143,6143,4216,-2,
161,term_cut,fig3,B,63,32,32,0,0,2,4216,-2,-2,1,0,2,12,1535,1,7678,7678,7680,-8,
161,term_cut,fig3,B,63,32,32,0,0,3,7680,-8,-7,1,0,7,12,47,1,7725,7725,8176,-12,
161,term_cut,tie_b,B,63,32,32,0,0,1,5150,0,0,1,0,0,12,6143,0,6143,6143,4216,-2,
161,term_cut,tie_b,B,63,32,32,0,0,2,4216,-2,-2,1,0,2,12,1535,1,7678,7678,7680,-8,
161,term_cut,tie_b,B,63,32,32,0,0,3,7680,-8,-7,1,0,7,12,47,1,7725,7725,8176,-12,
161,term_cut,legacy7,B,63,32,32,0,0,1,5150,0,0,1,0,0,12,6143,0,6143,6143,4216,-2,
161,term_cut,legacy7,B,63,32,32,0,0,2,4216,-2,-2,1,0,2,12,1535,1,7678,7678,7680,-8,
161,term_cut,legacy7,B,63,32,32,0,0,3,7680,-8,-7,1,0,7,12,47,1,7725,7725,8176,-12,
161,term_cut,input_anchor,B,63,32,32,0,0,1,5150,0,0,1,0,0,12,6143,0,6143,6143,4216,-2,
161,term_cut,input_anchor,B,63,32,32,0,0,2,4216,-2,-2,1,0,2,12,1535,1,7678,7678,7680,-8,
161,term_cut,input_anchor,B,63,32,32,0,0,3,7680,-8,-7,1,0,7,12,47,1,7725,7725,8176,-12,
161,term_cut,exact_residual,B,63,32,32,0,0,1,5150,0,0,1,0,0,12,6143,0,6143,6143,4216,-2,
161,term_cut,exact_residual,B,63,32,32,0,0,2,4216,-2,-2,1,0,2,12,1535,1,7678,7678,7680,-8,
161,term_cut,exact_residual,B,63,32,32,0,0,3,7680,-8,-7,1,0,7,12,47,1,7725,7725,4096,-11,
161,term_cut,guard1_pack12,B,63,32,32,0,0,1,5150,0,0,1,0,0,13,12286,0,12286,6143,4216,-2,
161,term_cut,guard1_pack12,B,63,32,32,0,0,2,4216,-2,-2,1,0,2,13,3071,1,15357,7678,7680,-8,
161,term_cut,guard1_pack12,B,63,32,32,0,0,3,7680,-8,-7,1,0,7,13,95,1,15452,7726,8176,-12,
161,term_cut,guard12_pack12,B,63,32,32,0,0,1,5150,0,0,1,0,0,24,25161728,0,25161728,6143,4216,-2,
161,term_cut,guard12_pack12,B,63,32,32,0,0,2,4216,-2,-2,1,0,2,24,6290432,0,31452160,7678,7680,-8,
161,term_cut,guard12_pack12,B,63,32,32,0,0,3,7680,-8,-7,1,0,7,24,196576,0,31648736,7726,8176,-12,
161,term_cut,source_uncut,B,63,32,32,0,0,1,5150,0,0,1,0,0,24,25161728,0,25161728,6143,4216,-2,
161,term_cut,source_uncut,B,63,32,32,0,0,2,4216,-2,-2,1,0,2,24,6290432,0,31452160,7678,7680,-8,
161,term_cut,source_uncut,B,63,32,32,0,0,3,7680,-8,-7,1,0,7,24,196576,0,31648736,7726,8176,-12,
161,term_cut,post_sum_pack12,B,63,32,32,0,0,1,5150,0,0,1,0,0,12,6143,0,6143,6143,4216,-2,0x17ff000000000000000000000000
161,term_cut,post_sum_pack12,B,63,32,32,0,0,2,4216,-2,-2,1,0,2,12,1535,1,7678,7678,7680,-8,0x1dfec00000000000000000000000
161,term_cut,post_sum_pack12,B,63,32,32,0,0,3,7680,-8,-7,1,0,7,12,47,1,7726,7726,8176,-12,0x1e2ebe0000000000000000000000
161,term_cut,signed_floor,B,63,32,32,0,0,1,5150,0,0,1,0,0,12,6143,0,6143,6143,4216,-2,
161,term_cut,signed_floor,B,63,32,32,0,0,2,4216,-2,-2,1,0,2,12,1535,1,7678,7678,7680,-8,
161,term_cut,signed_floor,B,63,32,32,0,0,3,7680,-8,-7,1,0,7,12,47,1,7725,7725,8176,-12,
162,post_sum_cut,fig3,B,63,32,32,0,0,1,5150,0,0,1,0,0,12,6143,0,6143,6143,4216,-2,
162,post_sum_cut,fig3,B,63,32,32,0,0,2,4216,-2,-2,1,0,2,12,1535,1,7678,7678,7680,-8,
162,post_sum_cut,fig3,B,63,32,32,0,0,3,7680,-8,-7,1,0,7,12,47,1,7725,7725,8176,-12,
162,post_sum_cut,tie_b,B,63,32,32,0,0,1,5150,0,0,1,0,0,12,6143,0,6143,6143,4216,-2,
162,post_sum_cut,tie_b,B,63,32,32,0,0,2,4216,-2,-2,1,0,2,12,1535,1,7678,7678,7680,-8,
162,post_sum_cut,tie_b,B,63,32,32,0,0,3,7680,-8,-7,1,0,7,12,47,1,7725,7725,8176,-12,
162,post_sum_cut,legacy7,B,63,32,32,0,0,1,5150,0,0,1,0,0,12,6143,0,6143,6143,4216,-2,
162,post_sum_cut,legacy7,B,63,32,32,0,0,2,4216,-2,-2,1,0,2,12,1535,1,7678,7678,7680,-8,
162,post_sum_cut,legacy7,B,63,32,32,0,0,3,7680,-8,-7,1,0,7,12,47,1,7725,7725,8176,-12,
162,post_sum_cut,input_anchor,B,63,32,32,0,0,1,5150,0,0,1,0,0,12,6143,0,6143,6143,4216,-2,
162,post_sum_cut,input_anchor,B,63,32,32,0,0,2,4216,-2,-2,1,0,2,12,1535,1,7678,7678,7680,-8,
162,post_sum_cut,input_anchor,B,63,32,32,0,0,3,7680,-8,-7,1,0,7,12,47,1,7725,7725,8176,-12,
162,post_sum_cut,exact_residual,B,63,32,32,0,0,1,5150,0,0,1,0,0,12,6143,0,6143,6143,4216,-2,
162,post_sum_cut,exact_residual,B,63,32,32,0,0,2,4216,-2,-2,1,0,2,12,1535,1,7678,7678,7680,-8,
162,post_sum_cut,exact_residual,B,63,32,32,0,0,3,7680,-8,-7,1,0,7,12,47,1,7725,7725,4096,-11,
162,post_sum_cut,guard1_pack12,B,63,32,32,0,0,1,5150,0,0,1,0,0,13,12286,0,12286,6143,4216,-2,
162,post_sum_cut,guard1_pack12,B,63,32,32,0,0,2,4216,-2,-2,1,0,2,13,3071,1,15357,7678,7680,-8,
162,post_sum_cut,guard1_pack12,B,63,32,32,0,0,3,7680,-8,-7,1,0,7,13,95,1,15452,7726,8176,-12,
162,post_sum_cut,guard12_pack12,B,63,32,32,0,0,1,5150,0,0,1,0,0,24,25161728,0,25161728,6143,4216,-2,
162,post_sum_cut,guard12_pack12,B,63,32,32,0,0,2,4216,-2,-2,1,0,2,24,6290432,0,31452160,7678,7680,-8,
162,post_sum_cut,guard12_pack12,B,63,32,32,0,0,3,7680,-8,-7,1,0,7,24,196576,0,31648736,7726,8176,-12,
162,post_sum_cut,source_uncut,B,63,32,32,0,0,1,5150,0,0,1,0,0,24,25161728,0,25161728,6143,4216,-2,
162,post_sum_cut,source_uncut,B,63,32,32,0,0,2,4216,-2,-2,1,0,2,24,6290432,0,31452160,7678,7680,-8,
162,post_sum_cut,source_uncut,B,63,32,32,0,0,3,7680,-8,-7,1,0,7,24,196576,0,31648736,7726,8176,-12,
162,post_sum_cut,post_sum_pack12,B,63,32,32,0,0,1,5150,0,0,1,0,0,12,6143,0,6143,6143,4216,-2,0x17ff000000000000000000000000
162,post_sum_cut,post_sum_pack12,B,63,32,32,0,0,2,4216,-2,-2,1,0,2,12,1535,1,7678,7678,7680,-8,0x1dfec00000000000000000000000
162,post_sum_cut,post_sum_pack12,B,63,32,32,0,0,3,7680,-8,-7,1,0,7,12,47,1,7726,7726,8176,-12,0x1e2ebe0000000000000000000000
162,post_sum_cut,signed_floor,B,63,32,32,0,0,1,5150,0,0,1,0,0,12,6143,0,6143,6143,4216,-2,
162,post_sum_cut,signed_floor,B,63,32,32,0,0,2,4216,-2,-2,1,0,2,12,1535,1,7678,7678,7680,-8,
162,post_sum_cut,signed_floor,B,63,32,32,0,0,3,7680,-8,-7,1,0,7,12,47,1,7725,7725,8176,-12,
163,term_cut,fig3,A,63,34,32,64,0,1,6143,0,0,1,0,0,12,5212,0,5212,5212,8188,-2,
163,term_cut,fig3,A,63,34,32,64,0,2,8188,-2,-1,1,0,1,12,2606,0,7818,7818,6144,-13,
163,term_cut,fig3,A,63,34,32,64,0,3,6144,-13,-12,-1,0,12,12,1,1,7817,7817,8188,-15,
163,term_cut,tie_b,A,63,34,32,64,0,1,6143,0,0,1,0,0,12,5212,0,5212,5212,8188,-2,
163,term_cut,tie_b,A,63,34,32,64,0,2,8188,-2,-1,1,0,1,12,2606,0,7818,7818,6144,-13,
163,term_cut,tie_b,A,63,34,32,64,0,3,6144,-13,-12,-1,0,12,12,1,1,7817,7817,8188,-15,
163,term_cut,legacy7,A,63,34,32,64,0,1,6143,0,0,1,0,0,12,5212,0,5212,5212,8188,-2,
163,term_cut,legacy7,A,63,34,32,64,0,2,8188,-2,-1,1,0,1,12,2606,0,7818,7818,6144,-13,
163,term_cut,legacy7,A,63,34,32,64,0,3,6144,-13,-12,-1,0,12,12,1,1,7817,7817,8188,-15,
163,term_cut,input_anchor,A,63,34,32,64,0,1,6143,0,0,1,0,0,12,5212,0,5212,5212,8188,-2,
163,term_cut,input_anchor,A,63,34,32,64,0,2,8188,-2,-1,1,0,1,12,2606,0,7818,7818,6144,-13,
163,term_cut,input_anchor,A,63,34,32,64,0,3,6144,-13,-12,-1,0,12,12,1,1,7817,7817,8188,-15,
163,term_cut,exact_residual,A,63,34,32,64,0,1,6143,0,0,1,0,0,12,5212,0,5212,5212,8188,-2,
163,term_cut,exact_residual,A,63,34,32,64,0,2,8188,-2,-1,1,0,1,12,2606,0,7818,7818,4096,-12,
163,term_cut,exact_residual,A,63,34,32,64,0,3,4096,-12,-12,-1,0,12,12,1,1,7817,7817,0,-12,
163,term_cut,guard1_pack12,A,63,34,32,64,0,1,6143,0,0,1,0,0,13,10424,0,10424,5212,8188,-2,
163,term_cut,guard1_pack12,A,63,34,32,64,0,2,8188,-2,-1,1,0,1,13,5212,0,15636,7818,6144,-13,
163,term_cut,guard1_pack12,A,63,34,32,64,0,3,6144,-13,-12,-1,0,12,13,2,1,15634,7817,8188,-15,
163,term_cut,guard12_pack12,A,63,34,32,64,0,1,6143,0,0,1,0,0,24,21348352,0,21348352,5212,8188,-2,
163,term_cut,guard12_pack12,A,63,34,32,64,0,2,8188,-2,-1,1,0,1,24,10674176,0,32022528,7818,6144,-13,
163,term_cut,guard12_pack12,A,63,34,32,64,0,3,6144,-13,-12,-1,0,12,24,5212,0,32017316,7816,8188,-15,
163,term_cut,source_uncut,A,63,34,32,64,0,1,6143,0,0,1,0,0,24,21348352,0,21348352,5212,8188,-2,
163,term_cut,source_uncut,A,63,34,32,64,0,2,8188,-2,-1,1,0,1,24,10674176,0,32022528,7818,6144,-13,
163,term_cut,source_uncut,A,63,34,32,64,0,3,6144,-13,-12,-1,0,12,24,5212,0,32017316,7816,8188,-15,
163,term_cut,post_sum_pack12,A,63,34,32,64,0,1,6143,0,0,1,0,0,12,5212,0,5212,5212,8188,-2,0x145c000000000000000000000000
163,term_cut,post_sum_pack12,A,63,34,32,64,0,2,8188,-2,-1,1,0,1,12,2606,0,7818,7818,6144,-13,0x1e8a000000000000000000000000
163,term_cut,post_sum_pack12,A,63,34,32,64,0,3,6144,-13,-12,-1,0,12,12,1,1,7816,7816,8188,-15,0x1e88ba4000000000000000000000
163,term_cut,signed_floor,A,63,34,32,64,0,1,6143,0,0,1,0,0,12,5212,0,5212,5212,8188,-2,
163,term_cut,signed_floor,A,63,34,32,64,0,2,8188,-2,-1,1,0,1,12,2606,0,7818,7818,6144,-13,
163,term_cut,signed_floor,A,63,34,32,64,0,3,6144,-13,-12,-1,0,12,12,1,1,7816,7816,8188,-15,
164,guard_depth,fig3,A,63,34,32,64,0,1,6143,0,0,1,0,0,12,5212,0,5212,5212,8188,-2,
164,guard_depth,fig3,A,63,34,32,64,0,2,8188,-2,-1,1,0,1,12,2606,0,7818,7818,6144,-13,
164,guard_depth,fig3,A,63,34,32,64,0,3,6144,-13,-12,-1,0,12,12,1,1,7817,7817,8188,-15,
164,guard_depth,tie_b,A,63,34,32,64,0,1,6143,0,0,1,0,0,12,5212,0,5212,5212,8188,-2,
164,guard_depth,tie_b,A,63,34,32,64,0,2,8188,-2,-1,1,0,1,12,2606,0,7818,7818,6144,-13,
164,guard_depth,tie_b,A,63,34,32,64,0,3,6144,-13,-12,-1,0,12,12,1,1,7817,7817,8188,-15,
164,guard_depth,legacy7,A,63,34,32,64,0,1,6143,0,0,1,0,0,12,5212,0,5212,5212,8188,-2,
164,guard_depth,legacy7,A,63,34,32,64,0,2,8188,-2,-1,1,0,1,12,2606,0,7818,7818,6144,-13,
164,guard_depth,legacy7,A,63,34,32,64,0,3,6144,-13,-12,-1,0,12,12,1,1,7817,7817,8188,-15,
164,guard_depth,input_anchor,A,63,34,32,64,0,1,6143,0,0,1,0,0,12,5212,0,5212,5212,8188,-2,
164,guard_depth,input_anchor,A,63,34,32,64,0,2,8188,-2,-1,1,0,1,12,2606,0,7818,7818,6144,-13,
164,guard_depth,input_anchor,A,63,34,32,64,0,3,6144,-13,-12,-1,0,12,12,1,1,7817,7817,8188,-15,
164,guard_depth,exact_residual,A,63,34,32,64,0,1,6143,0,0,1,0,0,12,5212,0,5212,5212,8188,-2,
164,guard_depth,exact_residual,A,63,34,32,64,0,2,8188,-2,-1,1,0,1,12,2606,0,7818,7818,4096,-12,
164,guard_depth,exact_residual,A,63,34,32,64,0,3,4096,-12,-12,-1,0,12,12,1,1,7817,7817,0,-12,
164,guard_depth,guard1_pack12,A,63,34,32,64,0,1,6143,0,0,1,0,0,13,10424,0,10424,5212,8188,-2,
164,guard_depth,guard1_pack12,A,63,34,32,64,0,2,8188,-2,-1,1,0,1,13,5212,0,15636,7818,6144,-13,
164,guard_depth,guard1_pack12,A,63,34,32,64,0,3,6144,-13,-12,-1,0,12,13,2,1,15634,7817,8188,-15,
164,guard_depth,guard12_pack12,A,63,34,32,64,0,1,6143,0,0,1,0,0,24,21348352,0,21348352,5212,8188,-2,
164,guard_depth,guard12_pack12,A,63,34,32,64,0,2,8188,-2,-1,1,0,1,24,10674176,0,32022528,7818,6144,-13,
164,guard_depth,guard12_pack12,A,63,34,32,64,0,3,6144,-13,-12,-1,0,12,24,5212,0,32017316,7816,8188,-15,
164,guard_depth,source_uncut,A,63,34,32,64,0,1,6143,0,0,1,0,0,24,21348352,0,21348352,5212,8188,-2,
164,guard_depth,source_uncut,A,63,34,32,64,0,2,8188,-2,-1,1,0,1,24,10674176,0,32022528,7818,6144,-13,
164,guard_depth,source_uncut,A,63,34,32,64,0,3,6144,-13,-12,-1,0,12,24,5212,0,32017316,7816,8188,-15,
164,guard_depth,post_sum_pack12,A,63,34,32,64,0,1,6143,0,0,1,0,0,12,5212,0,5212,5212,8188,-2,0x145c000000000000000000000000
164,guard_depth,post_sum_pack12,A,63,34,32,64,0,2,8188,-2,-1,1,0,1,12,2606,0,7818,7818,6144,-13,0x1e8a000000000000000000000000
164,guard_depth,post_sum_pack12,A,63,34,32,64,0,3,6144,-13,-12,-1,0,12,12,1,1,7816,7816,8188,-15,0x1e88ba4000000000000000000000
164,guard_depth,signed_floor,A,63,34,32,64,0,1,6143,0,0,1,0,0,12,5212,0,5212,5212,8188,-2,
164,guard_depth,signed_floor,A,63,34,32,64,0,2,8188,-2,-1,1,0,1,12,2606,0,7818,7818,6144,-13,
164,guard_depth,signed_floor,A,63,34,32,64,0,3,6144,-13,-12,-1,0,12,12,1,1,7816,7816,8188,-15,
165,post_sum_cut,fig3,A,63,34,32,64,0,1,6143,0,0,1,0,0,12,5212,0,5212,5212,8188,-2,
165,post_sum_cut,fig3,A,63,34,32,64,0,2,8188,-2,-1,1,0,1,12,2606,0,7818,7818,6144,-13,
165,post_sum_cut,fig3,A,63,34,32,64,0,3,6144,-13,-12,-1,0,12,12,1,1,7817,7817,8188,-15,
165,post_sum_cut,tie_b,A,63,34,32,64,0,1,6143,0,0,1,0,0,12,5212,0,5212,5212,8188,-2,
165,post_sum_cut,tie_b,A,63,34,32,64,0,2,8188,-2,-1,1,0,1,12,2606,0,7818,7818,6144,-13,
165,post_sum_cut,tie_b,A,63,34,32,64,0,3,6144,-13,-12,-1,0,12,12,1,1,7817,7817,8188,-15,
165,post_sum_cut,legacy7,A,63,34,32,64,0,1,6143,0,0,1,0,0,12,5212,0,5212,5212,8188,-2,
165,post_sum_cut,legacy7,A,63,34,32,64,0,2,8188,-2,-1,1,0,1,12,2606,0,7818,7818,6144,-13,
165,post_sum_cut,legacy7,A,63,34,32,64,0,3,6144,-13,-12,-1,0,12,12,1,1,7817,7817,8188,-15,
165,post_sum_cut,input_anchor,A,63,34,32,64,0,1,6143,0,0,1,0,0,12,5212,0,5212,5212,8188,-2,
165,post_sum_cut,input_anchor,A,63,34,32,64,0,2,8188,-2,-1,1,0,1,12,2606,0,7818,7818,6144,-13,
165,post_sum_cut,input_anchor,A,63,34,32,64,0,3,6144,-13,-12,-1,0,12,12,1,1,7817,7817,8188,-15,
165,post_sum_cut,exact_residual,A,63,34,32,64,0,1,6143,0,0,1,0,0,12,5212,0,5212,5212,8188,-2,
165,post_sum_cut,exact_residual,A,63,34,32,64,0,2,8188,-2,-1,1,0,1,12,2606,0,7818,7818,4096,-12,
165,post_sum_cut,exact_residual,A,63,34,32,64,0,3,4096,-12,-12,-1,0,12,12,1,1,7817,7817,0,-12,
165,post_sum_cut,guard1_pack12,A,63,34,32,64,0,1,6143,0,0,1,0,0,13,10424,0,10424,5212,8188,-2,
165,post_sum_cut,guard1_pack12,A,63,34,32,64,0,2,8188,-2,-1,1,0,1,13,5212,0,15636,7818,6144,-13,
165,post_sum_cut,guard1_pack12,A,63,34,32,64,0,3,6144,-13,-12,-1,0,12,13,2,1,15634,7817,8188,-15,
165,post_sum_cut,guard12_pack12,A,63,34,32,64,0,1,6143,0,0,1,0,0,24,21348352,0,21348352,5212,8188,-2,
165,post_sum_cut,guard12_pack12,A,63,34,32,64,0,2,8188,-2,-1,1,0,1,24,10674176,0,32022528,7818,6144,-13,
165,post_sum_cut,guard12_pack12,A,63,34,32,64,0,3,6144,-13,-12,-1,0,12,24,5212,0,32017316,7816,8188,-15,
165,post_sum_cut,source_uncut,A,63,34,32,64,0,1,6143,0,0,1,0,0,24,21348352,0,21348352,5212,8188,-2,
165,post_sum_cut,source_uncut,A,63,34,32,64,0,2,8188,-2,-1,1,0,1,24,10674176,0,32022528,7818,6144,-13,
165,post_sum_cut,source_uncut,A,63,34,32,64,0,3,6144,-13,-12,-1,0,12,24,5212,0,32017316,7816,8188,-15,
165,post_sum_cut,post_sum_pack12,A,63,34,32,64,0,1,6143,0,0,1,0,0,12,5212,0,5212,5212,8188,-2,0x145c000000000000000000000000
165,post_sum_cut,post_sum_pack12,A,63,34,32,64,0,2,8188,-2,-1,1,0,1,12,2606,0,7818,7818,6144,-13,0x1e8a000000000000000000000000
165,post_sum_cut,post_sum_pack12,A,63,34,32,64,0,3,6144,-13,-12,-1,0,12,12,1,1,7816,7816,8188,-15,0x1e88ba4000000000000000000000
165,post_sum_cut,signed_floor,A,63,34,32,64,0,1,6143,0,0,1,0,0,12,5212,0,5212,5212,8188,-2,
165,post_sum_cut,signed_floor,A,63,34,32,64,0,2,8188,-2,-1,1,0,1,12,2606,0,7818,7818,6144,-13,
165,post_sum_cut,signed_floor,A,63,34,32,64,0,3,6144,-13,-12,-1,0,12,12,1,1,7816,7816,8188,-15,
166,term_cut,fig3,A,63,36,32,128,0,1,6143,0,0,1,0,0,12,5274,0,5274,5274,8188,-2,
166,term_cut,fig3,A,63,36,32,128,0,2,8188,-2,-1,1,0,1,12,2637,0,7911,7911,6144,-13,
166,term_cut,fig3,A,63,36,32,128,0,3,6144,-13,-12,-1,0,12,12,1,1,7910,7910,8188,-15,
166,term_cut,tie_b,A,63,36,32,128,0,1,6143,0,0,1,0,0,12,5274,0,5274,5274,8188,-2,
166,term_cut,tie_b,A,63,36,32,128,0,2,8188,-2,-1,1,0,1,12,2637,0,7911,7911,6144,-13,
166,term_cut,tie_b,A,63,36,32,128,0,3,6144,-13,-12,-1,0,12,12,1,1,7910,7910,8188,-15,
166,term_cut,legacy7,A,63,36,32,128,0,1,6143,0,0,1,0,0,12,5274,0,5274,5274,8188,-2,
166,term_cut,legacy7,A,63,36,32,128,0,2,8188,-2,-1,1,0,1,12,2637,0,7911,7911,6144,-13,
166,term_cut,legacy7,A,63,36,32,128,0,3,6144,-13,-12,-1,0,12,12,1,1,7910,7910,8188,-15,
166,term_cut,input_anchor,A,63,36,32,128,0,1,6143,0,0,1,0,0,12,5274,0,5274,5274,8188,-2,
166,term_cut,input_anchor,A,63,36,32,128,0,2,8188,-2,-1,1,0,1,12,2637,0,7911,7911,6144,-13,
166,term_cut,input_anchor,A,63,36,32,128,0,3,6144,-13,-12,-1,0,12,12,1,1,7910,7910,8188,-15,
166,term_cut,exact_residual,A,63,36,32,128,0,1,6143,0,0,1,0,0,12,5274,0,5274,5274,8188,-2,
166,term_cut,exact_residual,A,63,36,32,128,0,2,8188,-2,-1,1,0,1,12,2637,0,7911,7911,4096,-12,
166,term_cut,exact_residual,A,63,36,32,128,0,3,4096,-12,-12,-1,0,12,12,1,1,7910,7910,0,-12,
166,term_cut,guard1_pack12,A,63,36,32,128,0,1,6143,0,0,1,0,0,13,10548,0,10548,5274,8188,-2,
166,term_cut,guard1_pack12,A,63,36,32,128,0,2,8188,-2,-1,1,0,1,13,5274,0,15822,7911,6144,-13,
166,term_cut,guard1_pack12,A,63,36,32,128,0,3,6144,-13,-12,-1,0,12,13,2,1,15820,7910,8188,-15,
166,term_cut,guard12_pack12,A,63,36,32,128,0,1,6143,0,0,1,0,0,24,21602304,0,21602304,5274,8188,-2,
166,term_cut,guard12_pack12,A,63,36,32,128,0,2,8188,-2,-1,1,0,1,24,10801152,0,32403456,7911,6144,-13,
166,term_cut,guard12_pack12,A,63,36,32,128,0,3,6144,-13,-12,-1,0,12,24,5274,0,32398182,7909,8188,-15,
166,term_cut,source_uncut,A,63,36,32,128,0,1,6143,0,0,1,0,0,24,21602304,0,21602304,5274,8188,-2,
166,term_cut,source_uncut,A,63,36,32,128,0,2,8188,-2,-1,1,0,1,24,10801152,0,32403456,7911,6144,-13,
166,term_cut,source_uncut,A,63,36,32,128,0,3,6144,-13,-12,-1,0,12,24,5274,0,32398182,7909,8188,-15,
166,term_cut,post_sum_pack12,A,63,36,32,128,0,1,6143,0,0,1,0,0,12,5274,0,5274,5274,8188,-2,0x149a000000000000000000000000
166,term_cut,post_sum_pack12,A,63,36,32,128,0,2,8188,-2,-1,1,0,1,12,2637,0,7911,7911,6144,-13,0x1ee7000000000000000000000000
166,term_cut,post_sum_pack12,A,63,36,32,128,0,3,6144,-13,-12,-1,0,12,12,1,1,7909,7909,8188,-15,0x1ee5b66000000000000000000000
166,term_cut,signed_floor,A,63,36,32,128,0,1,6143,0,0,1,0,0,12,5274,0,5274,5274,8188,-2,
166,term_cut,signed_floor,A,63,36,32,128,0,2,8188,-2,-1,1,0,1,12,2637,0,7911,7911,6144,-13,
166,term_cut,signed_floor,A,63,36,32,128,0,3,6144,-13,-12,-1,0,12,12,1,1,7909,7909,8188,-15,
167,guard_depth,fig3,A,63,36,32,128,0,1,6143,0,0,1,0,0,12,5274,0,5274,5274,8188,-2,
167,guard_depth,fig3,A,63,36,32,128,0,2,8188,-2,-1,1,0,1,12,2637,0,7911,7911,6144,-13,
167,guard_depth,fig3,A,63,36,32,128,0,3,6144,-13,-12,-1,0,12,12,1,1,7910,7910,8188,-15,
167,guard_depth,tie_b,A,63,36,32,128,0,1,6143,0,0,1,0,0,12,5274,0,5274,5274,8188,-2,
167,guard_depth,tie_b,A,63,36,32,128,0,2,8188,-2,-1,1,0,1,12,2637,0,7911,7911,6144,-13,
167,guard_depth,tie_b,A,63,36,32,128,0,3,6144,-13,-12,-1,0,12,12,1,1,7910,7910,8188,-15,
167,guard_depth,legacy7,A,63,36,32,128,0,1,6143,0,0,1,0,0,12,5274,0,5274,5274,8188,-2,
167,guard_depth,legacy7,A,63,36,32,128,0,2,8188,-2,-1,1,0,1,12,2637,0,7911,7911,6144,-13,
167,guard_depth,legacy7,A,63,36,32,128,0,3,6144,-13,-12,-1,0,12,12,1,1,7910,7910,8188,-15,
167,guard_depth,input_anchor,A,63,36,32,128,0,1,6143,0,0,1,0,0,12,5274,0,5274,5274,8188,-2,
167,guard_depth,input_anchor,A,63,36,32,128,0,2,8188,-2,-1,1,0,1,12,2637,0,7911,7911,6144,-13,
167,guard_depth,input_anchor,A,63,36,32,128,0,3,6144,-13,-12,-1,0,12,12,1,1,7910,7910,8188,-15,
167,guard_depth,exact_residual,A,63,36,32,128,0,1,6143,0,0,1,0,0,12,5274,0,5274,5274,8188,-2,
167,guard_depth,exact_residual,A,63,36,32,128,0,2,8188,-2,-1,1,0,1,12,2637,0,7911,7911,4096,-12,
167,guard_depth,exact_residual,A,63,36,32,128,0,3,4096,-12,-12,-1,0,12,12,1,1,7910,7910,0,-12,
167,guard_depth,guard1_pack12,A,63,36,32,128,0,1,6143,0,0,1,0,0,13,10548,0,10548,5274,8188,-2,
167,guard_depth,guard1_pack12,A,63,36,32,128,0,2,8188,-2,-1,1,0,1,13,5274,0,15822,7911,6144,-13,
167,guard_depth,guard1_pack12,A,63,36,32,128,0,3,6144,-13,-12,-1,0,12,13,2,1,15820,7910,8188,-15,
167,guard_depth,guard12_pack12,A,63,36,32,128,0,1,6143,0,0,1,0,0,24,21602304,0,21602304,5274,8188,-2,
167,guard_depth,guard12_pack12,A,63,36,32,128,0,2,8188,-2,-1,1,0,1,24,10801152,0,32403456,7911,6144,-13,
167,guard_depth,guard12_pack12,A,63,36,32,128,0,3,6144,-13,-12,-1,0,12,24,5274,0,32398182,7909,8188,-15,
167,guard_depth,source_uncut,A,63,36,32,128,0,1,6143,0,0,1,0,0,24,21602304,0,21602304,5274,8188,-2,
167,guard_depth,source_uncut,A,63,36,32,128,0,2,8188,-2,-1,1,0,1,24,10801152,0,32403456,7911,6144,-13,
167,guard_depth,source_uncut,A,63,36,32,128,0,3,6144,-13,-12,-1,0,12,24,5274,0,32398182,7909,8188,-15,
167,guard_depth,post_sum_pack12,A,63,36,32,128,0,1,6143,0,0,1,0,0,12,5274,0,5274,5274,8188,-2,0x149a000000000000000000000000
167,guard_depth,post_sum_pack12,A,63,36,32,128,0,2,8188,-2,-1,1,0,1,12,2637,0,7911,7911,6144,-13,0x1ee7000000000000000000000000
167,guard_depth,post_sum_pack12,A,63,36,32,128,0,3,6144,-13,-12,-1,0,12,12,1,1,7909,7909,8188,-15,0x1ee5b66000000000000000000000
167,guard_depth,signed_floor,A,63,36,32,128,0,1,6143,0,0,1,0,0,12,5274,0,5274,5274,8188,-2,
167,guard_depth,signed_floor,A,63,36,32,128,0,2,8188,-2,-1,1,0,1,12,2637,0,7911,7911,6144,-13,
167,guard_depth,signed_floor,A,63,36,32,128,0,3,6144,-13,-12,-1,0,12,12,1,1,7909,7909,8188,-15,
168,post_sum_cut,fig3,A,63,36,32,128,0,1,6143,0,0,1,0,0,12,5274,0,5274,5274,8188,-2,
168,post_sum_cut,fig3,A,63,36,32,128,0,2,8188,-2,-1,1,0,1,12,2637,0,7911,7911,6144,-13,
168,post_sum_cut,fig3,A,63,36,32,128,0,3,6144,-13,-12,-1,0,12,12,1,1,7910,7910,8188,-15,
168,post_sum_cut,tie_b,A,63,36,32,128,0,1,6143,0,0,1,0,0,12,5274,0,5274,5274,8188,-2,
168,post_sum_cut,tie_b,A,63,36,32,128,0,2,8188,-2,-1,1,0,1,12,2637,0,7911,7911,6144,-13,
168,post_sum_cut,tie_b,A,63,36,32,128,0,3,6144,-13,-12,-1,0,12,12,1,1,7910,7910,8188,-15,
168,post_sum_cut,legacy7,A,63,36,32,128,0,1,6143,0,0,1,0,0,12,5274,0,5274,5274,8188,-2,
168,post_sum_cut,legacy7,A,63,36,32,128,0,2,8188,-2,-1,1,0,1,12,2637,0,7911,7911,6144,-13,
168,post_sum_cut,legacy7,A,63,36,32,128,0,3,6144,-13,-12,-1,0,12,12,1,1,7910,7910,8188,-15,
168,post_sum_cut,input_anchor,A,63,36,32,128,0,1,6143,0,0,1,0,0,12,5274,0,5274,5274,8188,-2,
168,post_sum_cut,input_anchor,A,63,36,32,128,0,2,8188,-2,-1,1,0,1,12,2637,0,7911,7911,6144,-13,
168,post_sum_cut,input_anchor,A,63,36,32,128,0,3,6144,-13,-12,-1,0,12,12,1,1,7910,7910,8188,-15,
168,post_sum_cut,exact_residual,A,63,36,32,128,0,1,6143,0,0,1,0,0,12,5274,0,5274,5274,8188,-2,
168,post_sum_cut,exact_residual,A,63,36,32,128,0,2,8188,-2,-1,1,0,1,12,2637,0,7911,7911,4096,-12,
168,post_sum_cut,exact_residual,A,63,36,32,128,0,3,4096,-12,-12,-1,0,12,12,1,1,7910,7910,0,-12,
168,post_sum_cut,guard1_pack12,A,63,36,32,128,0,1,6143,0,0,1,0,0,13,10548,0,10548,5274,8188,-2,
168,post_sum_cut,guard1_pack12,A,63,36,32,128,0,2,8188,-2,-1,1,0,1,13,5274,0,15822,7911,6144,-13,
168,post_sum_cut,guard1_pack12,A,63,36,32,128,0,3,6144,-13,-12,-1,0,12,13,2,1,15820,7910,8188,-15,
168,post_sum_cut,guard12_pack12,A,63,36,32,128,0,1,6143,0,0,1,0,0,24,21602304,0,21602304,5274,8188,-2,
168,post_sum_cut,guard12_pack12,A,63,36,32,128,0,2,8188,-2,-1,1,0,1,24,10801152,0,32403456,7911,6144,-13,
168,post_sum_cut,guard12_pack12,A,63,36,32,128,0,3,6144,-13,-12,-1,0,12,24,5274,0,32398182,7909,8188,-15,
168,post_sum_cut,source_uncut,A,63,36,32,128,0,1,6143,0,0,1,0,0,24,21602304,0,21602304,5274,8188,-2,
168,post_sum_cut,source_uncut,A,63,36,32,128,0,2,8188,-2,-1,1,0,1,24,10801152,0,32403456,7911,6144,-13,
168,post_sum_cut,source_uncut,A,63,36,32,128,0,3,6144,-13,-12,-1,0,12,24,5274,0,32398182,7909,8188,-15,
168,post_sum_cut,post_sum_pack12,A,63,36,32,128,0,1,6143,0,0,1,0,0,12,5274,0,5274,5274,8188,-2,0x149a000000000000000000000000
168,post_sum_cut,post_sum_pack12,A,63,36,32,128,0,2,8188,-2,-1,1,0,1,12,2637,0,7911,7911,6144,-13,0x1ee7000000000000000000000000
168,post_sum_cut,post_sum_pack12,A,63,36,32,128,0,3,6144,-13,-12,-1,0,12,12,1,1,7909,7909,8188,-15,0x1ee5b66000000000000000000000
168,post_sum_cut,signed_floor,A,63,36,32,128,0,1,6143,0,0,1,0,0,12,5274,0,5274,5274,8188,-2,
168,post_sum_cut,signed_floor,A,63,36,32,128,0,2,8188,-2,-1,1,0,1,12,2637,0,7911,7911,6144,-13,
168,post_sum_cut,signed_floor,A,63,36,32,128,0,3,6144,-13,-12,-1,0,12,12,1,1,7909,7909,8188,-15,
169,term_cut,fig3,A,63,38,32,192,0,1,6143,0,0,1,0,0,12,5336,0,5336,5336,8188,-2,
169,term_cut,fig3,A,63,38,32,192,0,2,8188,-2,-1,1,0,1,12,2668,0,8004,8004,6144,-13,
169,term_cut,fig3,A,63,38,32,192,0,3,6144,-13,-12,-1,0,12,12,1,1,8003,8003,8188,-15,
169,term_cut,tie_b,A,63,38,32,192,0,1,6143,0,0,1,0,0,12,5336,0,5336,5336,8188,-2,
169,term_cut,tie_b,A,63,38,32,192,0,2,8188,-2,-1,1,0,1,12,2668,0,8004,8004,6144,-13,
169,term_cut,tie_b,A,63,38,32,192,0,3,6144,-13,-12,-1,0,12,12,1,1,8003,8003,8188,-15,
169,term_cut,legacy7,A,63,38,32,192,0,1,6143,0,0,1,0,0,12,5336,0,5336,5336,8188,-2,
169,term_cut,legacy7,A,63,38,32,192,0,2,8188,-2,-1,1,0,1,12,2668,0,8004,8004,6144,-13,
169,term_cut,legacy7,A,63,38,32,192,0,3,6144,-13,-12,-1,0,12,12,1,1,8003,8003,8188,-15,
169,term_cut,input_anchor,A,63,38,32,192,0,1,6143,0,0,1,0,0,12,5336,0,5336,5336,8188,-2,
169,term_cut,input_anchor,A,63,38,32,192,0,2,8188,-2,-1,1,0,1,12,2668,0,8004,8004,6144,-13,
169,term_cut,input_anchor,A,63,38,32,192,0,3,6144,-13,-12,-1,0,12,12,1,1,8003,8003,8188,-15,
169,term_cut,exact_residual,A,63,38,32,192,0,1,6143,0,0,1,0,0,12,5336,0,5336,5336,8188,-2,
169,term_cut,exact_residual,A,63,38,32,192,0,2,8188,-2,-1,1,0,1,12,2668,0,8004,8004,4096,-12,
169,term_cut,exact_residual,A,63,38,32,192,0,3,4096,-12,-12,-1,0,12,12,1,1,8003,8003,0,-12,
169,term_cut,guard1_pack12,A,63,38,32,192,0,1,6143,0,0,1,0,0,13,10672,0,10672,5336,8188,-2,
169,term_cut,guard1_pack12,A,63,38,32,192,0,2,8188,-2,-1,1,0,1,13,5336,0,16008,8004,6144,-13,
169,term_cut,guard1_pack12,A,63,38,32,192,0,3,6144,-13,-12,-1,0,12,13,2,1,16006,8003,8188,-15,
169,term_cut,guard12_pack12,A,63,38,32,192,0,1,6143,0,0,1,0,0,24,21856256,0,21856256,5336,8188,-2,
169,term_cut,guard12_pack12,A,63,38,32,192,0,2,8188,-2,-1,1,0,1,24,10928128,0,32784384,8004,6144,-13,
169,term_cut,guard12_pack12,A,63,38,32,192,0,3,6144,-13,-12,-1,0,12,24,5336,0,32779048,8002,8188,-15,
169,term_cut,source_uncut,A,63,38,32,192,0,1,6143,0,0,1,0,0,24,21856256,0,21856256,5336,8188,-2,
169,term_cut,source_uncut,A,63,38,32,192,0,2,8188,-2,-1,1,0,1,24,10928128,0,32784384,8004,6144,-13,
169,term_cut,source_uncut,A,63,38,32,192,0,3,6144,-13,-12,-1,0,12,24,5336,0,32779048,8002,8188,-15,
169,term_cut,post_sum_pack12,A,63,38,32,192,0,1,6143,0,0,1,0,0,12,5336,0,5336,5336,8188,-2,0x14d8000000000000000000000000
169,term_cut,post_sum_pack12,A,63,38,32,192,0,2,8188,-2,-1,1,0,1,12,2668,0,8004,8004,6144,-13,0x1f44000000000000000000000000
169,term_cut,post_sum_pack12,A,63,38,32,192,0,3,6144,-13,-12,-1,0,12,12,1,1,8002,8002,8188,-15,0x1f42b28000000000000000000000
169,term_cut,signed_floor,A,63,38,32,192,0,1,6143,0,0,1,0,0,12,5336,0,5336,5336,8188,-2,
169,term_cut,signed_floor,A,63,38,32,192,0,2,8188,-2,-1,1,0,1,12,2668,0,8004,8004,6144,-13,
169,term_cut,signed_floor,A,63,38,32,192,0,3,6144,-13,-12,-1,0,12,12,1,1,8002,8002,8188,-15,
170,guard_depth,fig3,A,63,38,32,192,0,1,6143,0,0,1,0,0,12,5336,0,5336,5336,8188,-2,
170,guard_depth,fig3,A,63,38,32,192,0,2,8188,-2,-1,1,0,1,12,2668,0,8004,8004,6144,-13,
170,guard_depth,fig3,A,63,38,32,192,0,3,6144,-13,-12,-1,0,12,12,1,1,8003,8003,8188,-15,
170,guard_depth,tie_b,A,63,38,32,192,0,1,6143,0,0,1,0,0,12,5336,0,5336,5336,8188,-2,
170,guard_depth,tie_b,A,63,38,32,192,0,2,8188,-2,-1,1,0,1,12,2668,0,8004,8004,6144,-13,
170,guard_depth,tie_b,A,63,38,32,192,0,3,6144,-13,-12,-1,0,12,12,1,1,8003,8003,8188,-15,
170,guard_depth,legacy7,A,63,38,32,192,0,1,6143,0,0,1,0,0,12,5336,0,5336,5336,8188,-2,
170,guard_depth,legacy7,A,63,38,32,192,0,2,8188,-2,-1,1,0,1,12,2668,0,8004,8004,6144,-13,
170,guard_depth,legacy7,A,63,38,32,192,0,3,6144,-13,-12,-1,0,12,12,1,1,8003,8003,8188,-15,
170,guard_depth,input_anchor,A,63,38,32,192,0,1,6143,0,0,1,0,0,12,5336,0,5336,5336,8188,-2,
170,guard_depth,input_anchor,A,63,38,32,192,0,2,8188,-2,-1,1,0,1,12,2668,0,8004,8004,6144,-13,
170,guard_depth,input_anchor,A,63,38,32,192,0,3,6144,-13,-12,-1,0,12,12,1,1,8003,8003,8188,-15,
170,guard_depth,exact_residual,A,63,38,32,192,0,1,6143,0,0,1,0,0,12,5336,0,5336,5336,8188,-2,
170,guard_depth,exact_residual,A,63,38,32,192,0,2,8188,-2,-1,1,0,1,12,2668,0,8004,8004,4096,-12,
170,guard_depth,exact_residual,A,63,38,32,192,0,3,4096,-12,-12,-1,0,12,12,1,1,8003,8003,0,-12,
170,guard_depth,guard1_pack12,A,63,38,32,192,0,1,6143,0,0,1,0,0,13,10672,0,10672,5336,8188,-2,
170,guard_depth,guard1_pack12,A,63,38,32,192,0,2,8188,-2,-1,1,0,1,13,5336,0,16008,8004,6144,-13,
170,guard_depth,guard1_pack12,A,63,38,32,192,0,3,6144,-13,-12,-1,0,12,13,2,1,16006,8003,8188,-15,
170,guard_depth,guard12_pack12,A,63,38,32,192,0,1,6143,0,0,1,0,0,24,21856256,0,21856256,5336,8188,-2,
170,guard_depth,guard12_pack12,A,63,38,32,192,0,2,8188,-2,-1,1,0,1,24,10928128,0,32784384,8004,6144,-13,
170,guard_depth,guard12_pack12,A,63,38,32,192,0,3,6144,-13,-12,-1,0,12,24,5336,0,32779048,8002,8188,-15,
170,guard_depth,source_uncut,A,63,38,32,192,0,1,6143,0,0,1,0,0,24,21856256,0,21856256,5336,8188,-2,
170,guard_depth,source_uncut,A,63,38,32,192,0,2,8188,-2,-1,1,0,1,24,10928128,0,32784384,8004,6144,-13,
170,guard_depth,source_uncut,A,63,38,32,192,0,3,6144,-13,-12,-1,0,12,24,5336,0,32779048,8002,8188,-15,
170,guard_depth,post_sum_pack12,A,63,38,32,192,0,1,6143,0,0,1,0,0,12,5336,0,5336,5336,8188,-2,0x14d8000000000000000000000000
170,guard_depth,post_sum_pack12,A,63,38,32,192,0,2,8188,-2,-1,1,0,1,12,2668,0,8004,8004,6144,-13,0x1f44000000000000000000000000
170,guard_depth,post_sum_pack12,A,63,38,32,192,0,3,6144,-13,-12,-1,0,12,12,1,1,8002,8002,8188,-15,0x1f42b28000000000000000000000
170,guard_depth,signed_floor,A,63,38,32,192,0,1,6143,0,0,1,0,0,12,5336,0,5336,5336,8188,-2,
170,guard_depth,signed_floor,A,63,38,32,192,0,2,8188,-2,-1,1,0,1,12,2668,0,8004,8004,6144,-13,
170,guard_depth,signed_floor,A,63,38,32,192,0,3,6144,-13,-12,-1,0,12,12,1,1,8002,8002,8188,-15,
171,post_sum_cut,fig3,A,63,38,32,192,0,1,6143,0,0,1,0,0,12,5336,0,5336,5336,8188,-2,
171,post_sum_cut,fig3,A,63,38,32,192,0,2,8188,-2,-1,1,0,1,12,2668,0,8004,8004,6144,-13,
171,post_sum_cut,fig3,A,63,38,32,192,0,3,6144,-13,-12,-1,0,12,12,1,1,8003,8003,8188,-15,
171,post_sum_cut,tie_b,A,63,38,32,192,0,1,6143,0,0,1,0,0,12,5336,0,5336,5336,8188,-2,
171,post_sum_cut,tie_b,A,63,38,32,192,0,2,8188,-2,-1,1,0,1,12,2668,0,8004,8004,6144,-13,
171,post_sum_cut,tie_b,A,63,38,32,192,0,3,6144,-13,-12,-1,0,12,12,1,1,8003,8003,8188,-15,
171,post_sum_cut,legacy7,A,63,38,32,192,0,1,6143,0,0,1,0,0,12,5336,0,5336,5336,8188,-2,
171,post_sum_cut,legacy7,A,63,38,32,192,0,2,8188,-2,-1,1,0,1,12,2668,0,8004,8004,6144,-13,
171,post_sum_cut,legacy7,A,63,38,32,192,0,3,6144,-13,-12,-1,0,12,12,1,1,8003,8003,8188,-15,
171,post_sum_cut,input_anchor,A,63,38,32,192,0,1,6143,0,0,1,0,0,12,5336,0,5336,5336,8188,-2,
171,post_sum_cut,input_anchor,A,63,38,32,192,0,2,8188,-2,-1,1,0,1,12,2668,0,8004,8004,6144,-13,
171,post_sum_cut,input_anchor,A,63,38,32,192,0,3,6144,-13,-12,-1,0,12,12,1,1,8003,8003,8188,-15,
171,post_sum_cut,exact_residual,A,63,38,32,192,0,1,6143,0,0,1,0,0,12,5336,0,5336,5336,8188,-2,
171,post_sum_cut,exact_residual,A,63,38,32,192,0,2,8188,-2,-1,1,0,1,12,2668,0,8004,8004,4096,-12,
171,post_sum_cut,exact_residual,A,63,38,32,192,0,3,4096,-12,-12,-1,0,12,12,1,1,8003,8003,0,-12,
171,post_sum_cut,guard1_pack12,A,63,38,32,192,0,1,6143,0,0,1,0,0,13,10672,0,10672,5336,8188,-2,
171,post_sum_cut,guard1_pack12,A,63,38,32,192,0,2,8188,-2,-1,1,0,1,13,5336,0,16008,8004,6144,-13,
171,post_sum_cut,guard1_pack12,A,63,38,32,192,0,3,6144,-13,-12,-1,0,12,13,2,1,16006,8003,8188,-15,
171,post_sum_cut,guard12_pack12,A,63,38,32,192,0,1,6143,0,0,1,0,0,24,21856256,0,21856256,5336,8188,-2,
171,post_sum_cut,guard12_pack12,A,63,38,32,192,0,2,8188,-2,-1,1,0,1,24,10928128,0,32784384,8004,6144,-13,
171,post_sum_cut,guard12_pack12,A,63,38,32,192,0,3,6144,-13,-12,-1,0,12,24,5336,0,32779048,8002,8188,-15,
171,post_sum_cut,source_uncut,A,63,38,32,192,0,1,6143,0,0,1,0,0,24,21856256,0,21856256,5336,8188,-2,
171,post_sum_cut,source_uncut,A,63,38,32,192,0,2,8188,-2,-1,1,0,1,24,10928128,0,32784384,8004,6144,-13,
171,post_sum_cut,source_uncut,A,63,38,32,192,0,3,6144,-13,-12,-1,0,12,24,5336,0,32779048,8002,8188,-15,
171,post_sum_cut,post_sum_pack12,A,63,38,32,192,0,1,6143,0,0,1,0,0,12,5336,0,5336,5336,8188,-2,0x14d8000000000000000000000000
171,post_sum_cut,post_sum_pack12,A,63,38,32,192,0,2,8188,-2,-1,1,0,1,12,2668,0,8004,8004,6144,-13,0x1f44000000000000000000000000
171,post_sum_cut,post_sum_pack12,A,63,38,32,192,0,3,6144,-13,-12,-1,0,12,12,1,1,8002,8002,8188,-15,0x1f42b28000000000000000000000
171,post_sum_cut,signed_floor,A,63,38,32,192,0,1,6143,0,0,1,0,0,12,5336,0,5336,5336,8188,-2,
171,post_sum_cut,signed_floor,A,63,38,32,192,0,2,8188,-2,-1,1,0,1,12,2668,0,8004,8004,6144,-13,
171,post_sum_cut,signed_floor,A,63,38,32,192,0,3,6144,-13,-12,-1,0,12,12,1,1,8002,8002,8188,-15,
172,term_cut,fig3,A,63,40,32,256,0,1,6143,0,0,1,0,0,12,5398,0,5398,5398,8188,-2,
172,term_cut,fig3,A,63,40,32,256,0,2,8188,-2,-1,1,0,1,12,2699,0,8097,8097,6144,-13,
172,term_cut,fig3,A,63,40,32,256,0,3,6144,-13,-12,-1,0,12,12,1,1,8096,8096,8188,-15,
172,term_cut,tie_b,A,63,40,32,256,0,1,6143,0,0,1,0,0,12,5398,0,5398,5398,8188,-2,
172,term_cut,tie_b,A,63,40,32,256,0,2,8188,-2,-1,1,0,1,12,2699,0,8097,8097,6144,-13,
172,term_cut,tie_b,A,63,40,32,256,0,3,6144,-13,-12,-1,0,12,12,1,1,8096,8096,8188,-15,
172,term_cut,legacy7,A,63,40,32,256,0,1,6143,0,0,1,0,0,12,5398,0,5398,5398,8188,-2,
172,term_cut,legacy7,A,63,40,32,256,0,2,8188,-2,-1,1,0,1,12,2699,0,8097,8097,6144,-13,
172,term_cut,legacy7,A,63,40,32,256,0,3,6144,-13,-12,-1,0,12,12,1,1,8096,8096,8188,-15,
172,term_cut,input_anchor,A,63,40,32,256,0,1,6143,0,0,1,0,0,12,5398,0,5398,5398,8188,-2,
172,term_cut,input_anchor,A,63,40,32,256,0,2,8188,-2,-1,1,0,1,12,2699,0,8097,8097,6144,-13,
172,term_cut,input_anchor,A,63,40,32,256,0,3,6144,-13,-12,-1,0,12,12,1,1,8096,8096,8188,-15,
172,term_cut,exact_residual,A,63,40,32,256,0,1,6143,0,0,1,0,0,12,5398,0,5398,5398,8188,-2,
172,term_cut,exact_residual,A,63,40,32,256,0,2,8188,-2,-1,1,0,1,12,2699,0,8097,8097,4096,-12,
172,term_cut,exact_residual,A,63,40,32,256,0,3,4096,-12,-12,-1,0,12,12,1,1,8096,8096,0,-12,
172,term_cut,guard1_pack12,A,63,40,32,256,0,1,6143,0,0,1,0,0,13,10796,0,10796,5398,8188,-2,
172,term_cut,guard1_pack12,A,63,40,32,256,0,2,8188,-2,-1,1,0,1,13,5398,0,16194,8097,6144,-13,
172,term_cut,guard1_pack12,A,63,40,32,256,0,3,6144,-13,-12,-1,0,12,13,2,1,16192,8096,8188,-15,
172,term_cut,guard12_pack12,A,63,40,32,256,0,1,6143,0,0,1,0,0,24,22110208,0,22110208,5398,8188,-2,
172,term_cut,guard12_pack12,A,63,40,32,256,0,2,8188,-2,-1,1,0,1,24,11055104,0,33165312,8097,6144,-13,
172,term_cut,guard12_pack12,A,63,40,32,256,0,3,6144,-13,-12,-1,0,12,24,5398,0,33159914,8095,8188,-15,
172,term_cut,source_uncut,A,63,40,32,256,0,1,6143,0,0,1,0,0,24,22110208,0,22110208,5398,8188,-2,
172,term_cut,source_uncut,A,63,40,32,256,0,2,8188,-2,-1,1,0,1,24,11055104,0,33165312,8097,6144,-13,
172,term_cut,source_uncut,A,63,40,32,256,0,3,6144,-13,-12,-1,0,12,24,5398,0,33159914,8095,8188,-15,
172,term_cut,post_sum_pack12,A,63,40,32,256,0,1,6143,0,0,1,0,0,12,5398,0,5398,5398,8188,-2,0x1516000000000000000000000000
172,term_cut,post_sum_pack12,A,63,40,32,256,0,2,8188,-2,-1,1,0,1,12,2699,0,8097,8097,6144,-13,0x1fa1000000000000000000000000
172,term_cut,post_sum_pack12,A,63,40,32,256,0,3,6144,-13,-12,-1,0,12,12,1,1,8095,8095,8188,-15,0x1f9faea000000000000000000000
172,term_cut,signed_floor,A,63,40,32,256,0,1,6143,0,0,1,0,0,12,5398,0,5398,5398,8188,-2,
172,term_cut,signed_floor,A,63,40,32,256,0,2,8188,-2,-1,1,0,1,12,2699,0,8097,8097,6144,-13,
172,term_cut,signed_floor,A,63,40,32,256,0,3,6144,-13,-12,-1,0,12,12,1,1,8095,8095,8188,-15,
173,guard_depth,fig3,A,63,40,32,256,0,1,6143,0,0,1,0,0,12,5398,0,5398,5398,8188,-2,
173,guard_depth,fig3,A,63,40,32,256,0,2,8188,-2,-1,1,0,1,12,2699,0,8097,8097,6144,-13,
173,guard_depth,fig3,A,63,40,32,256,0,3,6144,-13,-12,-1,0,12,12,1,1,8096,8096,8188,-15,
173,guard_depth,tie_b,A,63,40,32,256,0,1,6143,0,0,1,0,0,12,5398,0,5398,5398,8188,-2,
173,guard_depth,tie_b,A,63,40,32,256,0,2,8188,-2,-1,1,0,1,12,2699,0,8097,8097,6144,-13,
173,guard_depth,tie_b,A,63,40,32,256,0,3,6144,-13,-12,-1,0,12,12,1,1,8096,8096,8188,-15,
173,guard_depth,legacy7,A,63,40,32,256,0,1,6143,0,0,1,0,0,12,5398,0,5398,5398,8188,-2,
173,guard_depth,legacy7,A,63,40,32,256,0,2,8188,-2,-1,1,0,1,12,2699,0,8097,8097,6144,-13,
173,guard_depth,legacy7,A,63,40,32,256,0,3,6144,-13,-12,-1,0,12,12,1,1,8096,8096,8188,-15,
173,guard_depth,input_anchor,A,63,40,32,256,0,1,6143,0,0,1,0,0,12,5398,0,5398,5398,8188,-2,
173,guard_depth,input_anchor,A,63,40,32,256,0,2,8188,-2,-1,1,0,1,12,2699,0,8097,8097,6144,-13,
173,guard_depth,input_anchor,A,63,40,32,256,0,3,6144,-13,-12,-1,0,12,12,1,1,8096,8096,8188,-15,
173,guard_depth,exact_residual,A,63,40,32,256,0,1,6143,0,0,1,0,0,12,5398,0,5398,5398,8188,-2,
173,guard_depth,exact_residual,A,63,40,32,256,0,2,8188,-2,-1,1,0,1,12,2699,0,8097,8097,4096,-12,
173,guard_depth,exact_residual,A,63,40,32,256,0,3,4096,-12,-12,-1,0,12,12,1,1,8096,8096,0,-12,
173,guard_depth,guard1_pack12,A,63,40,32,256,0,1,6143,0,0,1,0,0,13,10796,0,10796,5398,8188,-2,
173,guard_depth,guard1_pack12,A,63,40,32,256,0,2,8188,-2,-1,1,0,1,13,5398,0,16194,8097,6144,-13,
173,guard_depth,guard1_pack12,A,63,40,32,256,0,3,6144,-13,-12,-1,0,12,13,2,1,16192,8096,8188,-15,
173,guard_depth,guard12_pack12,A,63,40,32,256,0,1,6143,0,0,1,0,0,24,22110208,0,22110208,5398,8188,-2,
173,guard_depth,guard12_pack12,A,63,40,32,256,0,2,8188,-2,-1,1,0,1,24,11055104,0,33165312,8097,6144,-13,
173,guard_depth,guard12_pack12,A,63,40,32,256,0,3,6144,-13,-12,-1,0,12,24,5398,0,33159914,8095,8188,-15,
173,guard_depth,source_uncut,A,63,40,32,256,0,1,6143,0,0,1,0,0,24,22110208,0,22110208,5398,8188,-2,
173,guard_depth,source_uncut,A,63,40,32,256,0,2,8188,-2,-1,1,0,1,24,11055104,0,33165312,8097,6144,-13,
173,guard_depth,source_uncut,A,63,40,32,256,0,3,6144,-13,-12,-1,0,12,24,5398,0,33159914,8095,8188,-15,
173,guard_depth,post_sum_pack12,A,63,40,32,256,0,1,6143,0,0,1,0,0,12,5398,0,5398,5398,8188,-2,0x1516000000000000000000000000
173,guard_depth,post_sum_pack12,A,63,40,32,256,0,2,8188,-2,-1,1,0,1,12,2699,0,8097,8097,6144,-13,0x1fa1000000000000000000000000
173,guard_depth,post_sum_pack12,A,63,40,32,256,0,3,6144,-13,-12,-1,0,12,12,1,1,8095,8095,8188,-15,0x1f9faea000000000000000000000
173,guard_depth,signed_floor,A,63,40,32,256,0,1,6143,0,0,1,0,0,12,5398,0,5398,5398,8188,-2,
173,guard_depth,signed_floor,A,63,40,32,256,0,2,8188,-2,-1,1,0,1,12,2699,0,8097,8097,6144,-13,
173,guard_depth,signed_floor,A,63,40,32,256,0,3,6144,-13,-12,-1,0,12,12,1,1,8095,8095,8188,-15,
174,post_sum_cut,fig3,A,63,40,32,256,0,1,6143,0,0,1,0,0,12,5398,0,5398,5398,8188,-2,
174,post_sum_cut,fig3,A,63,40,32,256,0,2,8188,-2,-1,1,0,1,12,2699,0,8097,8097,6144,-13,
174,post_sum_cut,fig3,A,63,40,32,256,0,3,6144,-13,-12,-1,0,12,12,1,1,8096,8096,8188,-15,
174,post_sum_cut,tie_b,A,63,40,32,256,0,1,6143,0,0,1,0,0,12,5398,0,5398,5398,8188,-2,
174,post_sum_cut,tie_b,A,63,40,32,256,0,2,8188,-2,-1,1,0,1,12,2699,0,8097,8097,6144,-13,
174,post_sum_cut,tie_b,A,63,40,32,256,0,3,6144,-13,-12,-1,0,12,12,1,1,8096,8096,8188,-15,
174,post_sum_cut,legacy7,A,63,40,32,256,0,1,6143,0,0,1,0,0,12,5398,0,5398,5398,8188,-2,
174,post_sum_cut,legacy7,A,63,40,32,256,0,2,8188,-2,-1,1,0,1,12,2699,0,8097,8097,6144,-13,
174,post_sum_cut,legacy7,A,63,40,32,256,0,3,6144,-13,-12,-1,0,12,12,1,1,8096,8096,8188,-15,
174,post_sum_cut,input_anchor,A,63,40,32,256,0,1,6143,0,0,1,0,0,12,5398,0,5398,5398,8188,-2,
174,post_sum_cut,input_anchor,A,63,40,32,256,0,2,8188,-2,-1,1,0,1,12,2699,0,8097,8097,6144,-13,
174,post_sum_cut,input_anchor,A,63,40,32,256,0,3,6144,-13,-12,-1,0,12,12,1,1,8096,8096,8188,-15,
174,post_sum_cut,exact_residual,A,63,40,32,256,0,1,6143,0,0,1,0,0,12,5398,0,5398,5398,8188,-2,
174,post_sum_cut,exact_residual,A,63,40,32,256,0,2,8188,-2,-1,1,0,1,12,2699,0,8097,8097,4096,-12,
174,post_sum_cut,exact_residual,A,63,40,32,256,0,3,4096,-12,-12,-1,0,12,12,1,1,8096,8096,0,-12,
174,post_sum_cut,guard1_pack12,A,63,40,32,256,0,1,6143,0,0,1,0,0,13,10796,0,10796,5398,8188,-2,
174,post_sum_cut,guard1_pack12,A,63,40,32,256,0,2,8188,-2,-1,1,0,1,13,5398,0,16194,8097,6144,-13,
174,post_sum_cut,guard1_pack12,A,63,40,32,256,0,3,6144,-13,-12,-1,0,12,13,2,1,16192,8096,8188,-15,
174,post_sum_cut,guard12_pack12,A,63,40,32,256,0,1,6143,0,0,1,0,0,24,22110208,0,22110208,5398,8188,-2,
174,post_sum_cut,guard12_pack12,A,63,40,32,256,0,2,8188,-2,-1,1,0,1,24,11055104,0,33165312,8097,6144,-13,
174,post_sum_cut,guard12_pack12,A,63,40,32,256,0,3,6144,-13,-12,-1,0,12,24,5398,0,33159914,8095,8188,-15,
174,post_sum_cut,source_uncut,A,63,40,32,256,0,1,6143,0,0,1,0,0,24,22110208,0,22110208,5398,8188,-2,
174,post_sum_cut,source_uncut,A,63,40,32,256,0,2,8188,-2,-1,1,0,1,24,11055104,0,33165312,8097,6144,-13,
174,post_sum_cut,source_uncut,A,63,40,32,256,0,3,6144,-13,-12,-1,0,12,24,5398,0,33159914,8095,8188,-15,
174,post_sum_cut,post_sum_pack12,A,63,40,32,256,0,1,6143,0,0,1,0,0,12,5398,0,5398,5398,8188,-2,0x1516000000000000000000000000
174,post_sum_cut,post_sum_pack12,A,63,40,32,256,0,2,8188,-2,-1,1,0,1,12,2699,0,8097,8097,6144,-13,0x1fa1000000000000000000000000
174,post_sum_cut,post_sum_pack12,A,63,40,32,256,0,3,6144,-13,-12,-1,0,12,12,1,1,8095,8095,8188,-15,0x1f9faea000000000000000000000
174,post_sum_cut,signed_floor,A,63,40,32,256,0,1,6143,0,0,1,0,0,12,5398,0,5398,5398,8188,-2,
174,post_sum_cut,signed_floor,A,63,40,32,256,0,2,8188,-2,-1,1,0,1,12,2699,0,8097,8097,6144,-13,
174,post_sum_cut,signed_floor,A,63,40,32,256,0,3,6144,-13,-12,-1,0,12,12,1,1,8095,8095,8188,-15,
175,term_cut,fig3,A,63,42,32,320,0,1,6143,0,0,1,0,0,12,5460,0,5460,5460,8188,-2,
175,term_cut,fig3,A,63,42,32,320,0,2,8188,-2,-1,1,0,1,12,2730,0,8190,8190,6144,-13,
175,term_cut,fig3,A,63,42,32,320,0,3,6144,-13,-12,-1,0,12,12,1,1,8189,8189,8188,-15,
175,term_cut,tie_b,A,63,42,32,320,0,1,6143,0,0,1,0,0,12,5460,0,5460,5460,8188,-2,
175,term_cut,tie_b,A,63,42,32,320,0,2,8188,-2,-1,1,0,1,12,2730,0,8190,8190,6144,-13,
175,term_cut,tie_b,A,63,42,32,320,0,3,6144,-13,-12,-1,0,12,12,1,1,8189,8189,8188,-15,
175,term_cut,legacy7,A,63,42,32,320,0,1,6143,0,0,1,0,0,12,5460,0,5460,5460,8188,-2,
175,term_cut,legacy7,A,63,42,32,320,0,2,8188,-2,-1,1,0,1,12,2730,0,8190,8190,6144,-13,
175,term_cut,legacy7,A,63,42,32,320,0,3,6144,-13,-12,-1,0,12,12,1,1,8189,8189,8188,-15,
175,term_cut,input_anchor,A,63,42,32,320,0,1,6143,0,0,1,0,0,12,5460,0,5460,5460,8188,-2,
175,term_cut,input_anchor,A,63,42,32,320,0,2,8188,-2,-1,1,0,1,12,2730,0,8190,8190,6144,-13,
175,term_cut,input_anchor,A,63,42,32,320,0,3,6144,-13,-12,-1,0,12,12,1,1,8189,8189,8188,-15,
175,term_cut,exact_residual,A,63,42,32,320,0,1,6143,0,0,1,0,0,12,5460,0,5460,5460,8188,-2,
175,term_cut,exact_residual,A,63,42,32,320,0,2,8188,-2,-1,1,0,1,12,2730,0,8190,8190,4096,-12,
175,term_cut,exact_residual,A,63,42,32,320,0,3,4096,-12,-12,-1,0,12,12,1,1,8189,8189,0,-12,
175,term_cut,guard1_pack12,A,63,42,32,320,0,1,6143,0,0,1,0,0,13,10920,0,10920,5460,8188,-2,
175,term_cut,guard1_pack12,A,63,42,32,320,0,2,8188,-2,-1,1,0,1,13,5460,0,16380,8190,6144,-13,
175,term_cut,guard1_pack12,A,63,42,32,320,0,3,6144,-13,-12,-1,0,12,13,2,1,16378,8189,8188,-15,
175,term_cut,guard12_pack12,A,63,42,32,320,0,1,6143,0,0,1,0,0,24,22364160,0,22364160,5460,8188,-2,
175,term_cut,guard12_pack12,A,63,42,32,320,0,2,8188,-2,-1,1,0,1,24,11182080,0,33546240,8190,6144,-13,
175,term_cut,guard12_pack12,A,63,42,32,320,0,3,6144,-13,-12,-1,0,12,24,5460,0,33540780,8188,8188,-15,
175,term_cut,source_uncut,A,63,42,32,320,0,1,6143,0,0,1,0,0,24,22364160,0,22364160,5460,8188,-2,
175,term_cut,source_uncut,A,63,42,32,320,0,2,8188,-2,-1,1,0,1,24,11182080,0,33546240,8190,6144,-13,
175,term_cut,source_uncut,A,63,42,32,320,0,3,6144,-13,-12,-1,0,12,24,5460,0,33540780,8188,8188,-15,
175,term_cut,post_sum_pack12,A,63,42,32,320,0,1,6143,0,0,1,0,0,12,5460,0,5460,5460,8188,-2,0x1554000000000000000000000000
175,term_cut,post_sum_pack12,A,63,42,32,320,0,2,8188,-2,-1,1,0,1,12,2730,0,8190,8190,6144,-13,0x1ffe000000000000000000000000
175,term_cut,post_sum_pack12,A,63,42,32,320,0,3,6144,-13,-12,-1,0,12,12,1,1,8188,8188,8188,-15,0x1ffcaac000000000000000000000
175,term_cut,signed_floor,A,63,42,32,320,0,1,6143,0,0,1,0,0,12,5460,0,5460,5460,8188,-2,
175,term_cut,signed_floor,A,63,42,32,320,0,2,8188,-2,-1,1,0,1,12,2730,0,8190,8190,6144,-13,
175,term_cut,signed_floor,A,63,42,32,320,0,3,6144,-13,-12,-1,0,12,12,1,1,8188,8188,8188,-15,
176,guard_depth,fig3,A,63,42,32,320,0,1,6143,0,0,1,0,0,12,5460,0,5460,5460,8188,-2,
176,guard_depth,fig3,A,63,42,32,320,0,2,8188,-2,-1,1,0,1,12,2730,0,8190,8190,6144,-13,
176,guard_depth,fig3,A,63,42,32,320,0,3,6144,-13,-12,-1,0,12,12,1,1,8189,8189,8188,-15,
176,guard_depth,tie_b,A,63,42,32,320,0,1,6143,0,0,1,0,0,12,5460,0,5460,5460,8188,-2,
176,guard_depth,tie_b,A,63,42,32,320,0,2,8188,-2,-1,1,0,1,12,2730,0,8190,8190,6144,-13,
176,guard_depth,tie_b,A,63,42,32,320,0,3,6144,-13,-12,-1,0,12,12,1,1,8189,8189,8188,-15,
176,guard_depth,legacy7,A,63,42,32,320,0,1,6143,0,0,1,0,0,12,5460,0,5460,5460,8188,-2,
176,guard_depth,legacy7,A,63,42,32,320,0,2,8188,-2,-1,1,0,1,12,2730,0,8190,8190,6144,-13,
176,guard_depth,legacy7,A,63,42,32,320,0,3,6144,-13,-12,-1,0,12,12,1,1,8189,8189,8188,-15,
176,guard_depth,input_anchor,A,63,42,32,320,0,1,6143,0,0,1,0,0,12,5460,0,5460,5460,8188,-2,
176,guard_depth,input_anchor,A,63,42,32,320,0,2,8188,-2,-1,1,0,1,12,2730,0,8190,8190,6144,-13,
176,guard_depth,input_anchor,A,63,42,32,320,0,3,6144,-13,-12,-1,0,12,12,1,1,8189,8189,8188,-15,
176,guard_depth,exact_residual,A,63,42,32,320,0,1,6143,0,0,1,0,0,12,5460,0,5460,5460,8188,-2,
176,guard_depth,exact_residual,A,63,42,32,320,0,2,8188,-2,-1,1,0,1,12,2730,0,8190,8190,4096,-12,
176,guard_depth,exact_residual,A,63,42,32,320,0,3,4096,-12,-12,-1,0,12,12,1,1,8189,8189,0,-12,
176,guard_depth,guard1_pack12,A,63,42,32,320,0,1,6143,0,0,1,0,0,13,10920,0,10920,5460,8188,-2,
176,guard_depth,guard1_pack12,A,63,42,32,320,0,2,8188,-2,-1,1,0,1,13,5460,0,16380,8190,6144,-13,
176,guard_depth,guard1_pack12,A,63,42,32,320,0,3,6144,-13,-12,-1,0,12,13,2,1,16378,8189,8188,-15,
176,guard_depth,guard12_pack12,A,63,42,32,320,0,1,6143,0,0,1,0,0,24,22364160,0,22364160,5460,8188,-2,
176,guard_depth,guard12_pack12,A,63,42,32,320,0,2,8188,-2,-1,1,0,1,24,11182080,0,33546240,8190,6144,-13,
176,guard_depth,guard12_pack12,A,63,42,32,320,0,3,6144,-13,-12,-1,0,12,24,5460,0,33540780,8188,8188,-15,
176,guard_depth,source_uncut,A,63,42,32,320,0,1,6143,0,0,1,0,0,24,22364160,0,22364160,5460,8188,-2,
176,guard_depth,source_uncut,A,63,42,32,320,0,2,8188,-2,-1,1,0,1,24,11182080,0,33546240,8190,6144,-13,
176,guard_depth,source_uncut,A,63,42,32,320,0,3,6144,-13,-12,-1,0,12,24,5460,0,33540780,8188,8188,-15,
176,guard_depth,post_sum_pack12,A,63,42,32,320,0,1,6143,0,0,1,0,0,12,5460,0,5460,5460,8188,-2,0x1554000000000000000000000000
176,guard_depth,post_sum_pack12,A,63,42,32,320,0,2,8188,-2,-1,1,0,1,12,2730,0,8190,8190,6144,-13,0x1ffe000000000000000000000000
176,guard_depth,post_sum_pack12,A,63,42,32,320,0,3,6144,-13,-12,-1,0,12,12,1,1,8188,8188,8188,-15,0x1ffcaac000000000000000000000
176,guard_depth,signed_floor,A,63,42,32,320,0,1,6143,0,0,1,0,0,12,5460,0,5460,5460,8188,-2,
176,guard_depth,signed_floor,A,63,42,32,320,0,2,8188,-2,-1,1,0,1,12,2730,0,8190,8190,6144,-13,
176,guard_depth,signed_floor,A,63,42,32,320,0,3,6144,-13,-12,-1,0,12,12,1,1,8188,8188,8188,-15,
177,post_sum_cut,fig3,A,63,42,32,320,0,1,6143,0,0,1,0,0,12,5460,0,5460,5460,8188,-2,
177,post_sum_cut,fig3,A,63,42,32,320,0,2,8188,-2,-1,1,0,1,12,2730,0,8190,8190,6144,-13,
177,post_sum_cut,fig3,A,63,42,32,320,0,3,6144,-13,-12,-1,0,12,12,1,1,8189,8189,8188,-15,
177,post_sum_cut,tie_b,A,63,42,32,320,0,1,6143,0,0,1,0,0,12,5460,0,5460,5460,8188,-2,
177,post_sum_cut,tie_b,A,63,42,32,320,0,2,8188,-2,-1,1,0,1,12,2730,0,8190,8190,6144,-13,
177,post_sum_cut,tie_b,A,63,42,32,320,0,3,6144,-13,-12,-1,0,12,12,1,1,8189,8189,8188,-15,
177,post_sum_cut,legacy7,A,63,42,32,320,0,1,6143,0,0,1,0,0,12,5460,0,5460,5460,8188,-2,
177,post_sum_cut,legacy7,A,63,42,32,320,0,2,8188,-2,-1,1,0,1,12,2730,0,8190,8190,6144,-13,
177,post_sum_cut,legacy7,A,63,42,32,320,0,3,6144,-13,-12,-1,0,12,12,1,1,8189,8189,8188,-15,
177,post_sum_cut,input_anchor,A,63,42,32,320,0,1,6143,0,0,1,0,0,12,5460,0,5460,5460,8188,-2,
177,post_sum_cut,input_anchor,A,63,42,32,320,0,2,8188,-2,-1,1,0,1,12,2730,0,8190,8190,6144,-13,
177,post_sum_cut,input_anchor,A,63,42,32,320,0,3,6144,-13,-12,-1,0,12,12,1,1,8189,8189,8188,-15,
177,post_sum_cut,exact_residual,A,63,42,32,320,0,1,6143,0,0,1,0,0,12,5460,0,5460,5460,8188,-2,
177,post_sum_cut,exact_residual,A,63,42,32,320,0,2,8188,-2,-1,1,0,1,12,2730,0,8190,8190,4096,-12,
177,post_sum_cut,exact_residual,A,63,42,32,320,0,3,4096,-12,-12,-1,0,12,12,1,1,8189,8189,0,-12,
177,post_sum_cut,guard1_pack12,A,63,42,32,320,0,1,6143,0,0,1,0,0,13,10920,0,10920,5460,8188,-2,
177,post_sum_cut,guard1_pack12,A,63,42,32,320,0,2,8188,-2,-1,1,0,1,13,5460,0,16380,8190,6144,-13,
177,post_sum_cut,guard1_pack12,A,63,42,32,320,0,3,6144,-13,-12,-1,0,12,13,2,1,16378,8189,8188,-15,
177,post_sum_cut,guard12_pack12,A,63,42,32,320,0,1,6143,0,0,1,0,0,24,22364160,0,22364160,5460,8188,-2,
177,post_sum_cut,guard12_pack12,A,63,42,32,320,0,2,8188,-2,-1,1,0,1,24,11182080,0,33546240,8190,6144,-13,
177,post_sum_cut,guard12_pack12,A,63,42,32,320,0,3,6144,-13,-12,-1,0,12,24,5460,0,33540780,8188,8188,-15,
177,post_sum_cut,source_uncut,A,63,42,32,320,0,1,6143,0,0,1,0,0,24,22364160,0,22364160,5460,8188,-2,
177,post_sum_cut,source_uncut,A,63,42,32,320,0,2,8188,-2,-1,1,0,1,24,11182080,0,33546240,8190,6144,-13,
177,post_sum_cut,source_uncut,A,63,42,32,320,0,3,6144,-13,-12,-1,0,12,24,5460,0,33540780,8188,8188,-15,
177,post_sum_cut,post_sum_pack12,A,63,42,32,320,0,1,6143,0,0,1,0,0,12,5460,0,5460,5460,8188,-2,0x1554000000000000000000000000
177,post_sum_cut,post_sum_pack12,A,63,42,32,320,0,2,8188,-2,-1,1,0,1,12,2730,0,8190,8190,6144,-13,0x1ffe000000000000000000000000
177,post_sum_cut,post_sum_pack12,A,63,42,32,320,0,3,6144,-13,-12,-1,0,12,12,1,1,8188,8188,8188,-15,0x1ffcaac000000000000000000000
177,post_sum_cut,signed_floor,A,63,42,32,320,0,1,6143,0,0,1,0,0,12,5460,0,5460,5460,8188,-2,
177,post_sum_cut,signed_floor,A,63,42,32,320,0,2,8188,-2,-1,1,0,1,12,2730,0,8190,8190,6144,-13,
177,post_sum_cut,signed_floor,A,63,42,32,320,0,3,6144,-13,-12,-1,0,12,12,1,1,8188,8188,8188,-15,
178,term_cut,fig3,A,63,44,32,384,0,1,6143,0,0,1,0,0,12,5522,0,5522,5522,8188,-2,
178,term_cut,fig3,A,63,44,32,384,0,2,8188,-2,-1,1,0,1,12,2761,0,8283,8283,6144,-13,
178,term_cut,fig3,A,63,44,32,384,0,3,6144,-13,-12,-1,0,12,12,1,1,8282,8282,8188,-15,
178,term_cut,tie_b,A,63,44,32,384,0,1,6143,0,0,1,0,0,12,5522,0,5522,5522,8188,-2,
178,term_cut,tie_b,A,63,44,32,384,0,2,8188,-2,-1,1,0,1,12,2761,0,8283,8283,6144,-13,
178,term_cut,tie_b,A,63,44,32,384,0,3,6144,-13,-12,-1,0,12,12,1,1,8282,8282,8188,-15,
178,term_cut,legacy7,A,63,44,32,384,0,1,6143,0,0,1,0,0,12,5522,0,5522,5522,8188,-2,
178,term_cut,legacy7,A,63,44,32,384,0,2,8188,-2,-1,1,0,1,12,2761,0,8283,8283,6144,-13,
178,term_cut,legacy7,A,63,44,32,384,0,3,6144,-13,-12,-1,0,12,12,1,1,8282,8282,8188,-15,
178,term_cut,input_anchor,A,63,44,32,384,0,1,6143,0,0,1,0,0,12,5522,0,5522,5522,8188,-2,
178,term_cut,input_anchor,A,63,44,32,384,0,2,8188,-2,-1,1,0,1,12,2761,0,8283,8283,6144,-13,
178,term_cut,input_anchor,A,63,44,32,384,0,3,6144,-13,-12,-1,0,12,12,1,1,8282,8282,8188,-15,
178,term_cut,exact_residual,A,63,44,32,384,0,1,6143,0,0,1,0,0,12,5522,0,5522,5522,8188,-2,
178,term_cut,exact_residual,A,63,44,32,384,0,2,8188,-2,-1,1,0,1,12,2761,0,8283,8283,4096,-12,
178,term_cut,exact_residual,A,63,44,32,384,0,3,4096,-12,-12,-1,0,12,12,1,1,8282,8282,0,-12,
178,term_cut,guard1_pack12,A,63,44,32,384,0,1,6143,0,0,1,0,0,13,11044,0,11044,5522,8188,-2,
178,term_cut,guard1_pack12,A,63,44,32,384,0,2,8188,-2,-1,1,0,1,13,5522,0,16566,8283,6144,-13,
178,term_cut,guard1_pack12,A,63,44,32,384,0,3,6144,-13,-12,-1,0,12,13,2,1,16564,8282,8188,-15,
178,term_cut,guard12_pack12,A,63,44,32,384,0,1,6143,0,0,1,0,0,24,22618112,0,22618112,5522,8188,-2,
178,term_cut,guard12_pack12,A,63,44,32,384,0,2,8188,-2,-1,1,0,1,24,11309056,0,33927168,8283,6144,-13,
178,term_cut,guard12_pack12,A,63,44,32,384,0,3,6144,-13,-12,-1,0,12,24,5522,0,33921646,8281,8188,-15,
178,term_cut,source_uncut,A,63,44,32,384,0,1,6143,0,0,1,0,0,24,22618112,0,22618112,5522,8188,-2,
178,term_cut,source_uncut,A,63,44,32,384,0,2,8188,-2,-1,1,0,1,24,11309056,0,33927168,8283,6144,-13,
178,term_cut,source_uncut,A,63,44,32,384,0,3,6144,-13,-12,-1,0,12,24,5522,0,33921646,8281,8188,-15,
178,term_cut,post_sum_pack12,A,63,44,32,384,0,1,6143,0,0,1,0,0,12,5522,0,5522,5522,8188,-2,0x1592000000000000000000000000
178,term_cut,post_sum_pack12,A,63,44,32,384,0,2,8188,-2,-1,1,0,1,12,2761,0,8283,8283,6144,-13,0x205b000000000000000000000000
178,term_cut,post_sum_pack12,A,63,44,32,384,0,3,6144,-13,-12,-1,0,12,12,1,1,8281,8281,8188,-15,0x2059a6e000000000000000000000
178,term_cut,signed_floor,A,63,44,32,384,0,1,6143,0,0,1,0,0,12,5522,0,5522,5522,8188,-2,
178,term_cut,signed_floor,A,63,44,32,384,0,2,8188,-2,-1,1,0,1,12,2761,0,8283,8283,6144,-13,
178,term_cut,signed_floor,A,63,44,32,384,0,3,6144,-13,-12,-1,0,12,12,1,1,8281,8281,8188,-15,
179,guard_depth,fig3,A,63,44,32,384,0,1,6143,0,0,1,0,0,12,5522,0,5522,5522,8188,-2,
179,guard_depth,fig3,A,63,44,32,384,0,2,8188,-2,-1,1,0,1,12,2761,0,8283,8283,6144,-13,
179,guard_depth,fig3,A,63,44,32,384,0,3,6144,-13,-12,-1,0,12,12,1,1,8282,8282,8188,-15,
179,guard_depth,tie_b,A,63,44,32,384,0,1,6143,0,0,1,0,0,12,5522,0,5522,5522,8188,-2,
179,guard_depth,tie_b,A,63,44,32,384,0,2,8188,-2,-1,1,0,1,12,2761,0,8283,8283,6144,-13,
179,guard_depth,tie_b,A,63,44,32,384,0,3,6144,-13,-12,-1,0,12,12,1,1,8282,8282,8188,-15,
179,guard_depth,legacy7,A,63,44,32,384,0,1,6143,0,0,1,0,0,12,5522,0,5522,5522,8188,-2,
179,guard_depth,legacy7,A,63,44,32,384,0,2,8188,-2,-1,1,0,1,12,2761,0,8283,8283,6144,-13,
179,guard_depth,legacy7,A,63,44,32,384,0,3,6144,-13,-12,-1,0,12,12,1,1,8282,8282,8188,-15,
179,guard_depth,input_anchor,A,63,44,32,384,0,1,6143,0,0,1,0,0,12,5522,0,5522,5522,8188,-2,
179,guard_depth,input_anchor,A,63,44,32,384,0,2,8188,-2,-1,1,0,1,12,2761,0,8283,8283,6144,-13,
179,guard_depth,input_anchor,A,63,44,32,384,0,3,6144,-13,-12,-1,0,12,12,1,1,8282,8282,8188,-15,
179,guard_depth,exact_residual,A,63,44,32,384,0,1,6143,0,0,1,0,0,12,5522,0,5522,5522,8188,-2,
179,guard_depth,exact_residual,A,63,44,32,384,0,2,8188,-2,-1,1,0,1,12,2761,0,8283,8283,4096,-12,
179,guard_depth,exact_residual,A,63,44,32,384,0,3,4096,-12,-12,-1,0,12,12,1,1,8282,8282,0,-12,
179,guard_depth,guard1_pack12,A,63,44,32,384,0,1,6143,0,0,1,0,0,13,11044,0,11044,5522,8188,-2,
179,guard_depth,guard1_pack12,A,63,44,32,384,0,2,8188,-2,-1,1,0,1,13,5522,0,16566,8283,6144,-13,
179,guard_depth,guard1_pack12,A,63,44,32,384,0,3,6144,-13,-12,-1,0,12,13,2,1,16564,8282,8188,-15,
179,guard_depth,guard12_pack12,A,63,44,32,384,0,1,6143,0,0,1,0,0,24,22618112,0,22618112,5522,8188,-2,
179,guard_depth,guard12_pack12,A,63,44,32,384,0,2,8188,-2,-1,1,0,1,24,11309056,0,33927168,8283,6144,-13,
179,guard_depth,guard12_pack12,A,63,44,32,384,0,3,6144,-13,-12,-1,0,12,24,5522,0,33921646,8281,8188,-15,
179,guard_depth,source_uncut,A,63,44,32,384,0,1,6143,0,0,1,0,0,24,22618112,0,22618112,5522,8188,-2,
179,guard_depth,source_uncut,A,63,44,32,384,0,2,8188,-2,-1,1,0,1,24,11309056,0,33927168,8283,6144,-13,
179,guard_depth,source_uncut,A,63,44,32,384,0,3,6144,-13,-12,-1,0,12,24,5522,0,33921646,8281,8188,-15,
179,guard_depth,post_sum_pack12,A,63,44,32,384,0,1,6143,0,0,1,0,0,12,5522,0,5522,5522,8188,-2,0x1592000000000000000000000000
179,guard_depth,post_sum_pack12,A,63,44,32,384,0,2,8188,-2,-1,1,0,1,12,2761,0,8283,8283,6144,-13,0x205b000000000000000000000000
179,guard_depth,post_sum_pack12,A,63,44,32,384,0,3,6144,-13,-12,-1,0,12,12,1,1,8281,8281,8188,-15,0x2059a6e000000000000000000000
179,guard_depth,signed_floor,A,63,44,32,384,0,1,6143,0,0,1,0,0,12,5522,0,5522,5522,8188,-2,
179,guard_depth,signed_floor,A,63,44,32,384,0,2,8188,-2,-1,1,0,1,12,2761,0,8283,8283,6144,-13,
179,guard_depth,signed_floor,A,63,44,32,384,0,3,6144,-13,-12,-1,0,12,12,1,1,8281,8281,8188,-15,
180,post_sum_cut,fig3,A,63,44,32,384,0,1,6143,0,0,1,0,0,12,5522,0,5522,5522,8188,-2,
180,post_sum_cut,fig3,A,63,44,32,384,0,2,8188,-2,-1,1,0,1,12,2761,0,8283,8283,6144,-13,
180,post_sum_cut,fig3,A,63,44,32,384,0,3,6144,-13,-12,-1,0,12,12,1,1,8282,8282,8188,-15,
180,post_sum_cut,tie_b,A,63,44,32,384,0,1,6143,0,0,1,0,0,12,5522,0,5522,5522,8188,-2,
180,post_sum_cut,tie_b,A,63,44,32,384,0,2,8188,-2,-1,1,0,1,12,2761,0,8283,8283,6144,-13,
180,post_sum_cut,tie_b,A,63,44,32,384,0,3,6144,-13,-12,-1,0,12,12,1,1,8282,8282,8188,-15,
180,post_sum_cut,legacy7,A,63,44,32,384,0,1,6143,0,0,1,0,0,12,5522,0,5522,5522,8188,-2,
180,post_sum_cut,legacy7,A,63,44,32,384,0,2,8188,-2,-1,1,0,1,12,2761,0,8283,8283,6144,-13,
180,post_sum_cut,legacy7,A,63,44,32,384,0,3,6144,-13,-12,-1,0,12,12,1,1,8282,8282,8188,-15,
180,post_sum_cut,input_anchor,A,63,44,32,384,0,1,6143,0,0,1,0,0,12,5522,0,5522,5522,8188,-2,
180,post_sum_cut,input_anchor,A,63,44,32,384,0,2,8188,-2,-1,1,0,1,12,2761,0,8283,8283,6144,-13,
180,post_sum_cut,input_anchor,A,63,44,32,384,0,3,6144,-13,-12,-1,0,12,12,1,1,8282,8282,8188,-15,
180,post_sum_cut,exact_residual,A,63,44,32,384,0,1,6143,0,0,1,0,0,12,5522,0,5522,5522,8188,-2,
180,post_sum_cut,exact_residual,A,63,44,32,384,0,2,8188,-2,-1,1,0,1,12,2761,0,8283,8283,4096,-12,
180,post_sum_cut,exact_residual,A,63,44,32,384,0,3,4096,-12,-12,-1,0,12,12,1,1,8282,8282,0,-12,
180,post_sum_cut,guard1_pack12,A,63,44,32,384,0,1,6143,0,0,1,0,0,13,11044,0,11044,5522,8188,-2,
180,post_sum_cut,guard1_pack12,A,63,44,32,384,0,2,8188,-2,-1,1,0,1,13,5522,0,16566,8283,6144,-13,
180,post_sum_cut,guard1_pack12,A,63,44,32,384,0,3,6144,-13,-12,-1,0,12,13,2,1,16564,8282,8188,-15,
180,post_sum_cut,guard12_pack12,A,63,44,32,384,0,1,6143,0,0,1,0,0,24,22618112,0,22618112,5522,8188,-2,
180,post_sum_cut,guard12_pack12,A,63,44,32,384,0,2,8188,-2,-1,1,0,1,24,11309056,0,33927168,8283,6144,-13,
180,post_sum_cut,guard12_pack12,A,63,44,32,384,0,3,6144,-13,-12,-1,0,12,24,5522,0,33921646,8281,8188,-15,
180,post_sum_cut,source_uncut,A,63,44,32,384,0,1,6143,0,0,1,0,0,24,22618112,0,22618112,5522,8188,-2,
180,post_sum_cut,source_uncut,A,63,44,32,384,0,2,8188,-2,-1,1,0,1,24,11309056,0,33927168,8283,6144,-13,
180,post_sum_cut,source_uncut,A,63,44,32,384,0,3,6144,-13,-12,-1,0,12,24,5522,0,33921646,8281,8188,-15,
180,post_sum_cut,post_sum_pack12,A,63,44,32,384,0,1,6143,0,0,1,0,0,12,5522,0,5522,5522,8188,-2,0x1592000000000000000000000000
180,post_sum_cut,post_sum_pack12,A,63,44,32,384,0,2,8188,-2,-1,1,0,1,12,2761,0,8283,8283,6144,-13,0x205b000000000000000000000000
180,post_sum_cut,post_sum_pack12,A,63,44,32,384,0,3,6144,-13,-12,-1,0,12,12,1,1,8281,8281,8188,-15,0x2059a6e000000000000000000000
180,post_sum_cut,signed_floor,A,63,44,32,384,0,1,6143,0,0,1,0,0,12,5522,0,5522,5522,8188,-2,
180,post_sum_cut,signed_floor,A,63,44,32,384,0,2,8188,-2,-1,1,0,1,12,2761,0,8283,8283,6144,-13,
180,post_sum_cut,signed_floor,A,63,44,32,384,0,3,6144,-13,-12,-1,0,12,12,1,1,8281,8281,8188,-15,
181,term_cut,fig3,A,63,44,32,384,0,1,6143,0,0,1,0,0,12,5522,0,5522,5522,8188,-2,
181,term_cut,fig3,A,63,44,32,384,0,2,8188,-2,-1,1,0,1,12,2761,0,8283,8283,6144,-13,
181,term_cut,fig3,A,63,44,32,384,0,3,6144,-13,-12,-1,0,12,12,1,1,8282,8282,8188,-15,
181,term_cut,fig3,A,63,44,32,384,0,4,8188,-15,-14,1,0,14,12,0,1,8282,8282,6144,-26,
181,term_cut,tie_b,A,63,44,32,384,0,1,6143,0,0,1,0,0,12,5522,0,5522,5522,8188,-2,
181,term_cut,tie_b,A,63,44,32,384,0,2,8188,-2,-1,1,0,1,12,2761,0,8283,8283,6144,-13,
181,term_cut,tie_b,A,63,44,32,384,0,3,6144,-13,-12,-1,0,12,12,1,1,8282,8282,8188,-15,
181,term_cut,tie_b,A,63,44,32,384,0,4,8188,-15,-14,1,0,14,12,0,1,8282,8282,6144,-26,
181,term_cut,legacy7,A,63,44,32,384,0,1,6143,0,0,1,0,0,12,5522,0,5522,5522,8188,-2,
181,term_cut,legacy7,A,63,44,32,384,0,2,8188,-2,-1,1,0,1,12,2761,0,8283,8283,6144,-13,
181,term_cut,legacy7,A,63,44,32,384,0,3,6144,-13,-12,-1,0,12,12,1,1,8282,8282,8188,-15,
181,term_cut,legacy7,A,63,44,32,384,0,4,8188,-15,-14,1,0,14,12,0,1,8282,8282,6144,-26,
181,term_cut,input_anchor,A,63,44,32,384,0,1,6143,0,0,1,0,0,12,5522,0,5522,5522,8188,-2,
181,term_cut,input_anchor,A,63,44,32,384,0,2,8188,-2,-1,1,0,1,12,2761,0,8283,8283,6144,-13,
181,term_cut,input_anchor,A,63,44,32,384,0,3,6144,-13,-12,-1,0,12,12,1,1,8282,8282,8188,-15,
181,term_cut,input_anchor,A,63,44,32,384,0,4,8188,-15,-14,1,0,14,12,0,1,8282,8282,6144,-26,
181,term_cut,exact_residual,A,63,44,32,384,0,1,6143,0,0,1,0,0,12,5522,0,5522,5522,8188,-2,
181,term_cut,exact_residual,A,63,44,32,384,0,2,8188,-2,-1,1,0,1,12,2761,0,8283,8283,4096,-12,
181,term_cut,exact_residual,A,63,44,32,384,0,3,4096,-12,-12,-1,0,12,12,1,1,8282,8282,0,-12,
181,term_cut,guard1_pack12,A,63,44,32,384,0,1,6143,0,0,1,0,0,13,11044,0,11044,5522,8188,-2,
181,term_cut,guard1_pack12,A,63,44,32,384,0,2,8188,-2,-1,1,0,1,13,5522,0,16566,8283,6144,-13,
181,term_cut,guard1_pack12,A,63,44,32,384,0,3,6144,-13,-12,-1,0,12,13,2,1,16564,8282,8188,-15,
181,term_cut,guard1_pack12,A,63,44,32,384,0,4,8188,-15,-14,1,0,14,13,0,1,16564,8282,6144,-26,
181,term_cut,guard12_pack12,A,63,44,32,384,0,1,6143,0,0,1,0,0,24,22618112,0,22618112,5522,8188,-2,
181,term_cut,guard12_pack12,A,63,44,32,384,0,2,8188,-2,-1,1,0,1,24,11309056,0,33927168,8283,6144,-13,
181,term_cut,guard12_pack12,A,63,44,32,384,0,3,6144,-13,-12,-1,0,12,24,5522,0,33921646,8281,8188,-15,
181,term_cut,guard12_pack12,A,63,44,32,384,0,4,8188,-15,-14,1,0,14,24,1380,1,33923026,8281,6144,-26,
181,term_cut,source_uncut,A,63,44,32,384,0,1,6143,0,0,1,0,0,24,22618112,0,22618112,5522,8188,-2,
181,term_cut,source_uncut,A,63,44,32,384,0,2,8188,-2,-1,1,0,1,24,11309056,0,33927168,8283,6144,-13,
181,term_cut,source_uncut,A,63,44,32,384,0,3,6144,-13,-12,-1,0,12,24,5522,0,33921646,8281,8188,-15,
181,term_cut,source_uncut,A,63,44,32,384,0,4,8188,-15,-14,1,0,14,24,1380,1,33923026,8281,6144,-26,
181,term_cut,post_sum_pack12,A,63,44,32,384,0,1,6143,0,0,1,0,0,12,5522,0,5522,5522,8188,-2,0x1592000000000000000000000000
181,term_cut,post_sum_pack12,A,63,44,32,384,0,2,8188,-2,-1,1,0,1,12,2761,0,8283,8283,6144,-13,0x205b000000000000000000000000
181,term_cut,post_sum_pack12,A,63,44,32,384,0,3,6144,-13,-12,-1,0,12,12,1,1,8281,8281,8188,-15,0x2059a6e000000000000000000000
181,term_cut,post_sum_pack12,A,63,44,32,384,0,4,8188,-15,-14,1,0,14,12,0,1,8281,8281,6144,-26,0x2059fd2800000000000000000000
181,term_cut,signed_floor,A,63,44,32,384,0,1,6143,0,0,1,0,0,12,5522,0,5522,5522,8188,-2,
181,term_cut,signed_floor,A,63,44,32,384,0,2,8188,-2,-1,1,0,1,12,2761,0,8283,8283,6144,-13,
181,term_cut,signed_floor,A,63,44,32,384,0,3,6144,-13,-12,-1,0,12,12,1,1,8281,8281,8188,-15,
181,term_cut,signed_floor,A,63,44,32,384,0,4,8188,-15,-14,1,0,14,12,0,1,8281,8281,6144,-26,
182,guard_depth,fig3,A,63,44,32,384,0,1,6143,0,0,1,0,0,12,5522,0,5522,5522,8188,-2,
182,guard_depth,fig3,A,63,44,32,384,0,2,8188,-2,-1,1,0,1,12,2761,0,8283,8283,6144,-13,
182,guard_depth,fig3,A,63,44,32,384,0,3,6144,-13,-12,-1,0,12,12,1,1,8282,8282,8188,-15,
182,guard_depth,fig3,A,63,44,32,384,0,4,8188,-15,-14,1,0,14,12,0,1,8282,8282,6144,-26,
182,guard_depth,tie_b,A,63,44,32,384,0,1,6143,0,0,1,0,0,12,5522,0,5522,5522,8188,-2,
182,guard_depth,tie_b,A,63,44,32,384,0,2,8188,-2,-1,1,0,1,12,2761,0,8283,8283,6144,-13,
182,guard_depth,tie_b,A,63,44,32,384,0,3,6144,-13,-12,-1,0,12,12,1,1,8282,8282,8188,-15,
182,guard_depth,tie_b,A,63,44,32,384,0,4,8188,-15,-14,1,0,14,12,0,1,8282,8282,6144,-26,
182,guard_depth,legacy7,A,63,44,32,384,0,1,6143,0,0,1,0,0,12,5522,0,5522,5522,8188,-2,
182,guard_depth,legacy7,A,63,44,32,384,0,2,8188,-2,-1,1,0,1,12,2761,0,8283,8283,6144,-13,
182,guard_depth,legacy7,A,63,44,32,384,0,3,6144,-13,-12,-1,0,12,12,1,1,8282,8282,8188,-15,
182,guard_depth,legacy7,A,63,44,32,384,0,4,8188,-15,-14,1,0,14,12,0,1,8282,8282,6144,-26,
182,guard_depth,input_anchor,A,63,44,32,384,0,1,6143,0,0,1,0,0,12,5522,0,5522,5522,8188,-2,
182,guard_depth,input_anchor,A,63,44,32,384,0,2,8188,-2,-1,1,0,1,12,2761,0,8283,8283,6144,-13,
182,guard_depth,input_anchor,A,63,44,32,384,0,3,6144,-13,-12,-1,0,12,12,1,1,8282,8282,8188,-15,
182,guard_depth,input_anchor,A,63,44,32,384,0,4,8188,-15,-14,1,0,14,12,0,1,8282,8282,6144,-26,
182,guard_depth,exact_residual,A,63,44,32,384,0,1,6143,0,0,1,0,0,12,5522,0,5522,5522,8188,-2,
182,guard_depth,exact_residual,A,63,44,32,384,0,2,8188,-2,-1,1,0,1,12,2761,0,8283,8283,4096,-12,
182,guard_depth,exact_residual,A,63,44,32,384,0,3,4096,-12,-12,-1,0,12,12,1,1,8282,8282,0,-12,
182,guard_depth,guard1_pack12,A,63,44,32,384,0,1,6143,0,0,1,0,0,13,11044,0,11044,5522,8188,-2,
182,guard_depth,guard1_pack12,A,63,44,32,384,0,2,8188,-2,-1,1,0,1,13,5522,0,16566,8283,6144,-13,
182,guard_depth,guard1_pack12,A,63,44,32,384,0,3,6144,-13,-12,-1,0,12,13,2,1,16564,8282,8188,-15,
182,guard_depth,guard1_pack12,A,63,44,32,384,0,4,8188,-15,-14,1,0,14,13,0,1,16564,8282,6144,-26,
182,guard_depth,guard12_pack12,A,63,44,32,384,0,1,6143,0,0,1,0,0,24,22618112,0,22618112,5522,8188,-2,
182,guard_depth,guard12_pack12,A,63,44,32,384,0,2,8188,-2,-1,1,0,1,24,11309056,0,33927168,8283,6144,-13,
182,guard_depth,guard12_pack12,A,63,44,32,384,0,3,6144,-13,-12,-1,0,12,24,5522,0,33921646,8281,8188,-15,
182,guard_depth,guard12_pack12,A,63,44,32,384,0,4,8188,-15,-14,1,0,14,24,1380,1,33923026,8281,6144,-26,
182,guard_depth,source_uncut,A,63,44,32,384,0,1,6143,0,0,1,0,0,24,22618112,0,22618112,5522,8188,-2,
182,guard_depth,source_uncut,A,63,44,32,384,0,2,8188,-2,-1,1,0,1,24,11309056,0,33927168,8283,6144,-13,
182,guard_depth,source_uncut,A,63,44,32,384,0,3,6144,-13,-12,-1,0,12,24,5522,0,33921646,8281,8188,-15,
182,guard_depth,source_uncut,A,63,44,32,384,0,4,8188,-15,-14,1,0,14,24,1380,1,33923026,8281,6144,-26,
182,guard_depth,post_sum_pack12,A,63,44,32,384,0,1,6143,0,0,1,0,0,12,5522,0,5522,5522,8188,-2,0x1592000000000000000000000000
182,guard_depth,post_sum_pack12,A,63,44,32,384,0,2,8188,-2,-1,1,0,1,12,2761,0,8283,8283,6144,-13,0x205b000000000000000000000000
182,guard_depth,post_sum_pack12,A,63,44,32,384,0,3,6144,-13,-12,-1,0,12,12,1,1,8281,8281,8188,-15,0x2059a6e000000000000000000000
182,guard_depth,post_sum_pack12,A,63,44,32,384,0,4,8188,-15,-14,1,0,14,12,0,1,8281,8281,6144,-26,0x2059fd2800000000000000000000
182,guard_depth,signed_floor,A,63,44,32,384,0,1,6143,0,0,1,0,0,12,5522,0,5522,5522,8188,-2,
182,guard_depth,signed_floor,A,63,44,32,384,0,2,8188,-2,-1,1,0,1,12,2761,0,8283,8283,6144,-13,
182,guard_depth,signed_floor,A,63,44,32,384,0,3,6144,-13,-12,-1,0,12,12,1,1,8281,8281,8188,-15,
182,guard_depth,signed_floor,A,63,44,32,384,0,4,8188,-15,-14,1,0,14,12,0,1,8281,8281,6144,-26,
183,post_sum_cut,fig3,A,63,44,32,384,0,1,6143,0,0,1,0,0,12,5522,0,5522,5522,8188,-2,
183,post_sum_cut,fig3,A,63,44,32,384,0,2,8188,-2,-1,1,0,1,12,2761,0,8283,8283,6144,-13,
183,post_sum_cut,fig3,A,63,44,32,384,0,3,6144,-13,-12,-1,0,12,12,1,1,8282,8282,8188,-15,
183,post_sum_cut,fig3,A,63,44,32,384,0,4,8188,-15,-14,1,0,14,12,0,1,8282,8282,6144,-26,
183,post_sum_cut,tie_b,A,63,44,32,384,0,1,6143,0,0,1,0,0,12,5522,0,5522,5522,8188,-2,
183,post_sum_cut,tie_b,A,63,44,32,384,0,2,8188,-2,-1,1,0,1,12,2761,0,8283,8283,6144,-13,
183,post_sum_cut,tie_b,A,63,44,32,384,0,3,6144,-13,-12,-1,0,12,12,1,1,8282,8282,8188,-15,
183,post_sum_cut,tie_b,A,63,44,32,384,0,4,8188,-15,-14,1,0,14,12,0,1,8282,8282,6144,-26,
183,post_sum_cut,legacy7,A,63,44,32,384,0,1,6143,0,0,1,0,0,12,5522,0,5522,5522,8188,-2,
183,post_sum_cut,legacy7,A,63,44,32,384,0,2,8188,-2,-1,1,0,1,12,2761,0,8283,8283,6144,-13,
183,post_sum_cut,legacy7,A,63,44,32,384,0,3,6144,-13,-12,-1,0,12,12,1,1,8282,8282,8188,-15,
183,post_sum_cut,legacy7,A,63,44,32,384,0,4,8188,-15,-14,1,0,14,12,0,1,8282,8282,6144,-26,
183,post_sum_cut,input_anchor,A,63,44,32,384,0,1,6143,0,0,1,0,0,12,5522,0,5522,5522,8188,-2,
183,post_sum_cut,input_anchor,A,63,44,32,384,0,2,8188,-2,-1,1,0,1,12,2761,0,8283,8283,6144,-13,
183,post_sum_cut,input_anchor,A,63,44,32,384,0,3,6144,-13,-12,-1,0,12,12,1,1,8282,8282,8188,-15,
183,post_sum_cut,input_anchor,A,63,44,32,384,0,4,8188,-15,-14,1,0,14,12,0,1,8282,8282,6144,-26,
183,post_sum_cut,exact_residual,A,63,44,32,384,0,1,6143,0,0,1,0,0,12,5522,0,5522,5522,8188,-2,
183,post_sum_cut,exact_residual,A,63,44,32,384,0,2,8188,-2,-1,1,0,1,12,2761,0,8283,8283,4096,-12,
183,post_sum_cut,exact_residual,A,63,44,32,384,0,3,4096,-12,-12,-1,0,12,12,1,1,8282,8282,0,-12,
183,post_sum_cut,guard1_pack12,A,63,44,32,384,0,1,6143,0,0,1,0,0,13,11044,0,11044,5522,8188,-2,
183,post_sum_cut,guard1_pack12,A,63,44,32,384,0,2,8188,-2,-1,1,0,1,13,5522,0,16566,8283,6144,-13,
183,post_sum_cut,guard1_pack12,A,63,44,32,384,0,3,6144,-13,-12,-1,0,12,13,2,1,16564,8282,8188,-15,
183,post_sum_cut,guard1_pack12,A,63,44,32,384,0,4,8188,-15,-14,1,0,14,13,0,1,16564,8282,6144,-26,
183,post_sum_cut,guard12_pack12,A,63,44,32,384,0,1,6143,0,0,1,0,0,24,22618112,0,22618112,5522,8188,-2,
183,post_sum_cut,guard12_pack12,A,63,44,32,384,0,2,8188,-2,-1,1,0,1,24,11309056,0,33927168,8283,6144,-13,
183,post_sum_cut,guard12_pack12,A,63,44,32,384,0,3,6144,-13,-12,-1,0,12,24,5522,0,33921646,8281,8188,-15,
183,post_sum_cut,guard12_pack12,A,63,44,32,384,0,4,8188,-15,-14,1,0,14,24,1380,1,33923026,8281,6144,-26,
183,post_sum_cut,source_uncut,A,63,44,32,384,0,1,6143,0,0,1,0,0,24,22618112,0,22618112,5522,8188,-2,
183,post_sum_cut,source_uncut,A,63,44,32,384,0,2,8188,-2,-1,1,0,1,24,11309056,0,33927168,8283,6144,-13,
183,post_sum_cut,source_uncut,A,63,44,32,384,0,3,6144,-13,-12,-1,0,12,24,5522,0,33921646,8281,8188,-15,
183,post_sum_cut,source_uncut,A,63,44,32,384,0,4,8188,-15,-14,1,0,14,24,1380,1,33923026,8281,6144,-26,
183,post_sum_cut,post_sum_pack12,A,63,44,32,384,0,1,6143,0,0,1,0,0,12,5522,0,5522,5522,8188,-2,0x1592000000000000000000000000
183,post_sum_cut,post_sum_pack12,A,63,44,32,384,0,2,8188,-2,-1,1,0,1,12,2761,0,8283,8283,6144,-13,0x205b000000000000000000000000
183,post_sum_cut,post_sum_pack12,A,63,44,32,384,0,3,6144,-13,-12,-1,0,12,12,1,1,8281,8281,8188,-15,0x2059a6e000000000000000000000
183,post_sum_cut,post_sum_pack12,A,63,44,32,384,0,4,8188,-15,-14,1,0,14,12,0,1,8281,8281,6144,-26,0x2059fd2800000000000000000000
183,post_sum_cut,signed_floor,A,63,44,32,384,0,1,6143,0,0,1,0,0,12,5522,0,5522,5522,8188,-2,
183,post_sum_cut,signed_floor,A,63,44,32,384,0,2,8188,-2,-1,1,0,1,12,2761,0,8283,8283,6144,-13,
183,post_sum_cut,signed_floor,A,63,44,32,384,0,3,6144,-13,-12,-1,0,12,12,1,1,8281,8281,8188,-15,
183,post_sum_cut,signed_floor,A,63,44,32,384,0,4,8188,-15,-14,1,0,14,12,0,1,8281,8281,6144,-26,
184,term_cut,fig3,A,63,48,32,512,0,1,6143,0,0,1,0,0,12,5646,0,5646,5646,8188,-2,
184,term_cut,fig3,A,63,48,32,512,0,2,8188,-2,-1,1,0,1,12,2823,0,8469,8469,6144,-13,
184,term_cut,fig3,A,63,48,32,512,0,3,6144,-13,-12,-1,0,12,12,1,1,8468,8468,8188,-15,
184,term_cut,tie_b,A,63,48,32,512,0,1,6143,0,0,1,0,0,12,5646,0,5646,5646,8188,-2,
184,term_cut,tie_b,A,63,48,32,512,0,2,8188,-2,-1,1,0,1,12,2823,0,8469,8469,6144,-13,
184,term_cut,tie_b,A,63,48,32,512,0,3,6144,-13,-12,-1,0,12,12,1,1,8468,8468,8188,-15,
184,term_cut,legacy7,A,63,48,32,512,0,1,6143,0,0,1,0,0,12,5646,0,5646,5646,8188,-2,
184,term_cut,legacy7,A,63,48,32,512,0,2,8188,-2,-1,1,0,1,12,2823,0,8469,8469,6144,-13,
184,term_cut,legacy7,A,63,48,32,512,0,3,6144,-13,-12,-1,0,12,12,1,1,8468,8468,8188,-15,
184,term_cut,input_anchor,A,63,48,32,512,0,1,6143,0,0,1,0,0,12,5646,0,5646,5646,8188,-2,
184,term_cut,input_anchor,A,63,48,32,512,0,2,8188,-2,-1,1,0,1,12,2823,0,8469,8469,6144,-13,
184,term_cut,input_anchor,A,63,48,32,512,0,3,6144,-13,-12,-1,0,12,12,1,1,8468,8468,8188,-15,
184,term_cut,exact_residual,A,63,48,32,512,0,1,6143,0,0,1,0,0,12,5646,0,5646,5646,8188,-2,
184,term_cut,exact_residual,A,63,48,32,512,0,2,8188,-2,-1,1,0,1,12,2823,0,8469,8469,4096,-12,
184,term_cut,exact_residual,A,63,48,32,512,0,3,4096,-12,-12,-1,0,12,12,1,1,8468,8468,0,-12,
184,term_cut,guard1_pack12,A,63,48,32,512,0,1,6143,0,0,1,0,0,13,11292,0,11292,5646,8188,-2,
184,term_cut,guard1_pack12,A,63,48,32,512,0,2,8188,-2,-1,1,0,1,13,5646,0,16938,8469,6144,-13,
184,term_cut,guard1_pack12,A,63,48,32,512,0,3,6144,-13,-12,-1,0,12,13,2,1,16936,8468,8188,-15,
184,term_cut,guard12_pack12,A,63,48,32,512,0,1,6143,0,0,1,0,0,24,23126016,0,23126016,5646,8188,-2,
184,term_cut,guard12_pack12,A,63,48,32,512,0,2,8188,-2,-1,1,0,1,24,11563008,0,34689024,8469,6144,-13,
184,term_cut,guard12_pack12,A,63,48,32,512,0,3,6144,-13,-12,-1,0,12,24,5646,0,34683378,8467,8188,-15,
184,term_cut,source_uncut,A,63,48,32,512,0,1,6143,0,0,1,0,0,24,23126016,0,23126016,5646,8188,-2,
184,term_cut,source_uncut,A,63,48,32,512,0,2,8188,-2,-1,1,0,1,24,11563008,0,34689024,8469,6144,-13,
184,term_cut,source_uncut,A,63,48,32,512,0,3,6144,-13,-12,-1,0,12,24,5646,0,34683378,8467,8188,-15,
184,term_cut,post_sum_pack12,A,63,48,32,512,0,1,6143,0,0,1,0,0,12,5646,0,5646,5646,8188,-2,0x160e000000000000000000000000
184,term_cut,post_sum_pack12,A,63,48,32,512,0,2,8188,-2,-1,1,0,1,12,2823,0,8469,8469,6144,-13,0x2115000000000000000000000000
184,term_cut,post_sum_pack12,A,63,48,32,512,0,3,6144,-13,-12,-1,0,12,12,1,1,8467,8467,8188,-15,0x21139f2000000000000000000000
184,term_cut,signed_floor,A,63,48,32,512,0,1,6143,0,0,1,0,0,12,5646,0,5646,5646,8188,-2,
184,term_cut,signed_floor,A,63,48,32,512,0,2,8188,-2,-1,1,0,1,12,2823,0,8469,8469,6144,-13,
184,term_cut,signed_floor,A,63,48,32,512,0,3,6144,-13,-12,-1,0,12,12,1,1,8467,8467,8188,-15,
185,guard_depth,fig3,A,63,48,32,512,0,1,6143,0,0,1,0,0,12,5646,0,5646,5646,8188,-2,
185,guard_depth,fig3,A,63,48,32,512,0,2,8188,-2,-1,1,0,1,12,2823,0,8469,8469,6144,-13,
185,guard_depth,fig3,A,63,48,32,512,0,3,6144,-13,-12,-1,0,12,12,1,1,8468,8468,8188,-15,
185,guard_depth,tie_b,A,63,48,32,512,0,1,6143,0,0,1,0,0,12,5646,0,5646,5646,8188,-2,
185,guard_depth,tie_b,A,63,48,32,512,0,2,8188,-2,-1,1,0,1,12,2823,0,8469,8469,6144,-13,
185,guard_depth,tie_b,A,63,48,32,512,0,3,6144,-13,-12,-1,0,12,12,1,1,8468,8468,8188,-15,
185,guard_depth,legacy7,A,63,48,32,512,0,1,6143,0,0,1,0,0,12,5646,0,5646,5646,8188,-2,
185,guard_depth,legacy7,A,63,48,32,512,0,2,8188,-2,-1,1,0,1,12,2823,0,8469,8469,6144,-13,
185,guard_depth,legacy7,A,63,48,32,512,0,3,6144,-13,-12,-1,0,12,12,1,1,8468,8468,8188,-15,
185,guard_depth,input_anchor,A,63,48,32,512,0,1,6143,0,0,1,0,0,12,5646,0,5646,5646,8188,-2,
185,guard_depth,input_anchor,A,63,48,32,512,0,2,8188,-2,-1,1,0,1,12,2823,0,8469,8469,6144,-13,
185,guard_depth,input_anchor,A,63,48,32,512,0,3,6144,-13,-12,-1,0,12,12,1,1,8468,8468,8188,-15,
185,guard_depth,exact_residual,A,63,48,32,512,0,1,6143,0,0,1,0,0,12,5646,0,5646,5646,8188,-2,
185,guard_depth,exact_residual,A,63,48,32,512,0,2,8188,-2,-1,1,0,1,12,2823,0,8469,8469,4096,-12,
185,guard_depth,exact_residual,A,63,48,32,512,0,3,4096,-12,-12,-1,0,12,12,1,1,8468,8468,0,-12,
185,guard_depth,guard1_pack12,A,63,48,32,512,0,1,6143,0,0,1,0,0,13,11292,0,11292,5646,8188,-2,
185,guard_depth,guard1_pack12,A,63,48,32,512,0,2,8188,-2,-1,1,0,1,13,5646,0,16938,8469,6144,-13,
185,guard_depth,guard1_pack12,A,63,48,32,512,0,3,6144,-13,-12,-1,0,12,13,2,1,16936,8468,8188,-15,
185,guard_depth,guard12_pack12,A,63,48,32,512,0,1,6143,0,0,1,0,0,24,23126016,0,23126016,5646,8188,-2,
185,guard_depth,guard12_pack12,A,63,48,32,512,0,2,8188,-2,-1,1,0,1,24,11563008,0,34689024,8469,6144,-13,
185,guard_depth,guard12_pack12,A,63,48,32,512,0,3,6144,-13,-12,-1,0,12,24,5646,0,34683378,8467,8188,-15,
185,guard_depth,source_uncut,A,63,48,32,512,0,1,6143,0,0,1,0,0,24,23126016,0,23126016,5646,8188,-2,
185,guard_depth,source_uncut,A,63,48,32,512,0,2,8188,-2,-1,1,0,1,24,11563008,0,34689024,8469,6144,-13,
185,guard_depth,source_uncut,A,63,48,32,512,0,3,6144,-13,-12,-1,0,12,24,5646,0,34683378,8467,8188,-15,
185,guard_depth,post_sum_pack12,A,63,48,32,512,0,1,6143,0,0,1,0,0,12,5646,0,5646,5646,8188,-2,0x160e000000000000000000000000
185,guard_depth,post_sum_pack12,A,63,48,32,512,0,2,8188,-2,-1,1,0,1,12,2823,0,8469,8469,6144,-13,0x2115000000000000000000000000
185,guard_depth,post_sum_pack12,A,63,48,32,512,0,3,6144,-13,-12,-1,0,12,12,1,1,8467,8467,8188,-15,0x21139f2000000000000000000000
185,guard_depth,signed_floor,A,63,48,32,512,0,1,6143,0,0,1,0,0,12,5646,0,5646,5646,8188,-2,
185,guard_depth,signed_floor,A,63,48,32,512,0,2,8188,-2,-1,1,0,1,12,2823,0,8469,8469,6144,-13,
185,guard_depth,signed_floor,A,63,48,32,512,0,3,6144,-13,-12,-1,0,12,12,1,1,8467,8467,8188,-15,
186,post_sum_cut,fig3,A,63,48,32,512,0,1,6143,0,0,1,0,0,12,5646,0,5646,5646,8188,-2,
186,post_sum_cut,fig3,A,63,48,32,512,0,2,8188,-2,-1,1,0,1,12,2823,0,8469,8469,6144,-13,
186,post_sum_cut,fig3,A,63,48,32,512,0,3,6144,-13,-12,-1,0,12,12,1,1,8468,8468,8188,-15,
186,post_sum_cut,tie_b,A,63,48,32,512,0,1,6143,0,0,1,0,0,12,5646,0,5646,5646,8188,-2,
186,post_sum_cut,tie_b,A,63,48,32,512,0,2,8188,-2,-1,1,0,1,12,2823,0,8469,8469,6144,-13,
186,post_sum_cut,tie_b,A,63,48,32,512,0,3,6144,-13,-12,-1,0,12,12,1,1,8468,8468,8188,-15,
186,post_sum_cut,legacy7,A,63,48,32,512,0,1,6143,0,0,1,0,0,12,5646,0,5646,5646,8188,-2,
186,post_sum_cut,legacy7,A,63,48,32,512,0,2,8188,-2,-1,1,0,1,12,2823,0,8469,8469,6144,-13,
186,post_sum_cut,legacy7,A,63,48,32,512,0,3,6144,-13,-12,-1,0,12,12,1,1,8468,8468,8188,-15,
186,post_sum_cut,input_anchor,A,63,48,32,512,0,1,6143,0,0,1,0,0,12,5646,0,5646,5646,8188,-2,
186,post_sum_cut,input_anchor,A,63,48,32,512,0,2,8188,-2,-1,1,0,1,12,2823,0,8469,8469,6144,-13,
186,post_sum_cut,input_anchor,A,63,48,32,512,0,3,6144,-13,-12,-1,0,12,12,1,1,8468,8468,8188,-15,
186,post_sum_cut,exact_residual,A,63,48,32,512,0,1,6143,0,0,1,0,0,12,5646,0,5646,5646,8188,-2,
186,post_sum_cut,exact_residual,A,63,48,32,512,0,2,8188,-2,-1,1,0,1,12,2823,0,8469,8469,4096,-12,
186,post_sum_cut,exact_residual,A,63,48,32,512,0,3,4096,-12,-12,-1,0,12,12,1,1,8468,8468,0,-12,
186,post_sum_cut,guard1_pack12,A,63,48,32,512,0,1,6143,0,0,1,0,0,13,11292,0,11292,5646,8188,-2,
186,post_sum_cut,guard1_pack12,A,63,48,32,512,0,2,8188,-2,-1,1,0,1,13,5646,0,16938,8469,6144,-13,
186,post_sum_cut,guard1_pack12,A,63,48,32,512,0,3,6144,-13,-12,-1,0,12,13,2,1,16936,8468,8188,-15,
186,post_sum_cut,guard12_pack12,A,63,48,32,512,0,1,6143,0,0,1,0,0,24,23126016,0,23126016,5646,8188,-2,
186,post_sum_cut,guard12_pack12,A,63,48,32,512,0,2,8188,-2,-1,1,0,1,24,11563008,0,34689024,8469,6144,-13,
186,post_sum_cut,guard12_pack12,A,63,48,32,512,0,3,6144,-13,-12,-1,0,12,24,5646,0,34683378,8467,8188,-15,
186,post_sum_cut,source_uncut,A,63,48,32,512,0,1,6143,0,0,1,0,0,24,23126016,0,23126016,5646,8188,-2,
186,post_sum_cut,source_uncut,A,63,48,32,512,0,2,8188,-2,-1,1,0,1,24,11563008,0,34689024,8469,6144,-13,
186,post_sum_cut,source_uncut,A,63,48,32,512,0,3,6144,-13,-12,-1,0,12,24,5646,0,34683378,8467,8188,-15,
186,post_sum_cut,post_sum_pack12,A,63,48,32,512,0,1,6143,0,0,1,0,0,12,5646,0,5646,5646,8188,-2,0x160e000000000000000000000000
186,post_sum_cut,post_sum_pack12,A,63,48,32,512,0,2,8188,-2,-1,1,0,1,12,2823,0,8469,8469,6144,-13,0x2115000000000000000000000000
186,post_sum_cut,post_sum_pack12,A,63,48,32,512,0,3,6144,-13,-12,-1,0,12,12,1,1,8467,8467,8188,-15,0x21139f2000000000000000000000
186,post_sum_cut,signed_floor,A,63,48,32,512,0,1,6143,0,0,1,0,0,12,5646,0,5646,5646,8188,-2,
186,post_sum_cut,signed_floor,A,63,48,32,512,0,2,8188,-2,-1,1,0,1,12,2823,0,8469,8469,6144,-13,
186,post_sum_cut,signed_floor,A,63,48,32,512,0,3,6144,-13,-12,-1,0,12,12,1,1,8467,8467,8188,-15,
187,guard_depth,fig3,A,63,48,32,512,0,1,6143,0,0,1,0,0,12,5646,0,5646,5646,8188,-2,
187,guard_depth,fig3,A,63,48,32,512,0,2,8188,-2,-1,1,0,1,12,2823,0,8469,8469,6144,-13,
187,guard_depth,fig3,A,63,48,32,512,0,3,6144,-13,-12,-1,0,12,12,1,1,8468,8468,8188,-15,
187,guard_depth,fig3,A,63,48,32,512,0,4,8188,-15,-14,1,0,14,12,0,1,8468,8468,6144,-26,
187,guard_depth,tie_b,A,63,48,32,512,0,1,6143,0,0,1,0,0,12,5646,0,5646,5646,8188,-2,
187,guard_depth,tie_b,A,63,48,32,512,0,2,8188,-2,-1,1,0,1,12,2823,0,8469,8469,6144,-13,
187,guard_depth,tie_b,A,63,48,32,512,0,3,6144,-13,-12,-1,0,12,12,1,1,8468,8468,8188,-15,
187,guard_depth,tie_b,A,63,48,32,512,0,4,8188,-15,-14,1,0,14,12,0,1,8468,8468,6144,-26,
187,guard_depth,legacy7,A,63,48,32,512,0,1,6143,0,0,1,0,0,12,5646,0,5646,5646,8188,-2,
187,guard_depth,legacy7,A,63,48,32,512,0,2,8188,-2,-1,1,0,1,12,2823,0,8469,8469,6144,-13,
187,guard_depth,legacy7,A,63,48,32,512,0,3,6144,-13,-12,-1,0,12,12,1,1,8468,8468,8188,-15,
187,guard_depth,legacy7,A,63,48,32,512,0,4,8188,-15,-14,1,0,14,12,0,1,8468,8468,6144,-26,
187,guard_depth,input_anchor,A,63,48,32,512,0,1,6143,0,0,1,0,0,12,5646,0,5646,5646,8188,-2,
187,guard_depth,input_anchor,A,63,48,32,512,0,2,8188,-2,-1,1,0,1,12,2823,0,8469,8469,6144,-13,
187,guard_depth,input_anchor,A,63,48,32,512,0,3,6144,-13,-12,-1,0,12,12,1,1,8468,8468,8188,-15,
187,guard_depth,input_anchor,A,63,48,32,512,0,4,8188,-15,-14,1,0,14,12,0,1,8468,8468,6144,-26,
187,guard_depth,exact_residual,A,63,48,32,512,0,1,6143,0,0,1,0,0,12,5646,0,5646,5646,8188,-2,
187,guard_depth,exact_residual,A,63,48,32,512,0,2,8188,-2,-1,1,0,1,12,2823,0,8469,8469,4096,-12,
187,guard_depth,exact_residual,A,63,48,32,512,0,3,4096,-12,-12,-1,0,12,12,1,1,8468,8468,0,-12,
187,guard_depth,guard1_pack12,A,63,48,32,512,0,1,6143,0,0,1,0,0,13,11292,0,11292,5646,8188,-2,
187,guard_depth,guard1_pack12,A,63,48,32,512,0,2,8188,-2,-1,1,0,1,13,5646,0,16938,8469,6144,-13,
187,guard_depth,guard1_pack12,A,63,48,32,512,0,3,6144,-13,-12,-1,0,12,13,2,1,16936,8468,8188,-15,
187,guard_depth,guard1_pack12,A,63,48,32,512,0,4,8188,-15,-14,1,0,14,13,0,1,16936,8468,6144,-26,
187,guard_depth,guard12_pack12,A,63,48,32,512,0,1,6143,0,0,1,0,0,24,23126016,0,23126016,5646,8188,-2,
187,guard_depth,guard12_pack12,A,63,48,32,512,0,2,8188,-2,-1,1,0,1,24,11563008,0,34689024,8469,6144,-13,
187,guard_depth,guard12_pack12,A,63,48,32,512,0,3,6144,-13,-12,-1,0,12,24,5646,0,34683378,8467,8188,-15,
187,guard_depth,guard12_pack12,A,63,48,32,512,0,4,8188,-15,-14,1,0,14,24,1411,1,34684789,8467,6144,-26,
187,guard_depth,source_uncut,A,63,48,32,512,0,1,6143,0,0,1,0,0,24,23126016,0,23126016,5646,8188,-2,
187,guard_depth,source_uncut,A,63,48,32,512,0,2,8188,-2,-1,1,0,1,24,11563008,0,34689024,8469,6144,-13,
187,guard_depth,source_uncut,A,63,48,32,512,0,3,6144,-13,-12,-1,0,12,24,5646,0,34683378,8467,8188,-15,
187,guard_depth,source_uncut,A,63,48,32,512,0,4,8188,-15,-14,1,0,14,24,1411,1,34684789,8467,6144,-26,
187,guard_depth,post_sum_pack12,A,63,48,32,512,0,1,6143,0,0,1,0,0,12,5646,0,5646,5646,8188,-2,0x160e000000000000000000000000
187,guard_depth,post_sum_pack12,A,63,48,32,512,0,2,8188,-2,-1,1,0,1,12,2823,0,8469,8469,6144,-13,0x2115000000000000000000000000
187,guard_depth,post_sum_pack12,A,63,48,32,512,0,3,6144,-13,-12,-1,0,12,12,1,1,8467,8467,8188,-15,0x21139f2000000000000000000000
187,guard_depth,post_sum_pack12,A,63,48,32,512,0,4,8188,-15,-14,1,0,14,12,0,1,8467,8467,6144,-26,0x2113f75800000000000000000000
187,guard_depth,signed_floor,A,63,48,32,512,0,1,6143,0,0,1,0,0,12,5646,0,5646,5646,8188,-2,
187,guard_depth,signed_floor,A,63,48,32,512,0,2,8188,-2,-1,1,0,1,12,2823,0,8469,8469,6144,-13,
187,guard_depth,signed_floor,A,63,48,32,512,0,3,6144,-13,-12,-1,0,12,12,1,1,8467,8467,8188,-15,
187,guard_depth,signed_floor,A,63,48,32,512,0,4,8188,-15,-14,1,0,14,12,0,1,8467,8467,6144,-26,
188,guard_depth,fig3,A,63,52,32,384,0,1,6143,0,0,1,0,0,12,5770,0,5770,5770,8188,-2,
188,guard_depth,fig3,A,63,52,32,384,0,2,8188,-2,-1,1,0,1,12,2885,0,8655,8655,6144,-13,
188,guard_depth,fig3,A,63,52,32,384,0,3,6144,-13,-12,-1,0,12,12,1,1,8654,8654,8188,-15,
188,guard_depth,tie_b,A,63,52,32,384,0,1,6143,0,0,1,0,0,12,5770,0,5770,5770,8188,-2,
188,guard_depth,tie_b,A,63,52,32,384,0,2,8188,-2,-1,1,0,1,12,2885,0,8655,8655,6144,-13,
188,guard_depth,tie_b,A,63,52,32,384,0,3,6144,-13,-12,-1,0,12,12,1,1,8654,8654,8188,-15,
188,guard_depth,legacy7,A,63,52,32,384,0,1,6143,0,0,1,0,0,12,5770,0,5770,5770,8188,-2,
188,guard_depth,legacy7,A,63,52,32,384,0,2,8188,-2,-1,1,0,1,12,2885,0,8655,8655,6144,-13,
188,guard_depth,legacy7,A,63,52,32,384,0,3,6144,-13,-12,-1,0,12,12,1,1,8654,8654,8188,-15,
188,guard_depth,input_anchor,A,63,52,32,384,0,1,6143,0,0,1,0,0,12,5770,0,5770,5770,8188,-2,
188,guard_depth,input_anchor,A,63,52,32,384,0,2,8188,-2,-1,1,0,1,12,2885,0,8655,8655,6144,-13,
188,guard_depth,input_anchor,A,63,52,32,384,0,3,6144,-13,-12,-1,0,12,12,1,1,8654,8654,8188,-15,
188,guard_depth,exact_residual,A,63,52,32,384,0,1,6143,0,0,1,0,0,12,5770,0,5770,5770,8188,-2,
188,guard_depth,exact_residual,A,63,52,32,384,0,2,8188,-2,-1,1,0,1,12,2885,0,8655,8655,4096,-12,
188,guard_depth,exact_residual,A,63,52,32,384,0,3,4096,-12,-12,-1,0,12,12,1,1,8654,8654,0,-12,
188,guard_depth,guard1_pack12,A,63,52,32,384,0,1,6143,0,0,1,0,0,13,11540,0,11540,5770,8188,-2,
188,guard_depth,guard1_pack12,A,63,52,32,384,0,2,8188,-2,-1,1,0,1,13,5770,0,17310,8655,6144,-13,
188,guard_depth,guard1_pack12,A,63,52,32,384,0,3,6144,-13,-12,-1,0,12,13,2,1,17308,8654,8188,-15,
188,guard_depth,guard12_pack12,A,63,52,32,384,0,1,6143,0,0,1,0,0,24,23633920,0,23633920,5770,8188,-2,
188,guard_depth,guard12_pack12,A,63,52,32,384,0,2,8188,-2,-1,1,0,1,24,11816960,0,35450880,8655,6144,-13,
188,guard_depth,guard12_pack12,A,63,52,32,384,0,3,6144,-13,-12,-1,0,12,24,5770,0,35445110,8653,8188,-15,
188,guard_depth,source_uncut,A,63,52,32,384,0,1,6143,0,0,1,0,0,24,23633920,0,23633920,5770,8188,-2,
188,guard_depth,source_uncut,A,63,52,32,384,0,2,8188,-2,-1,1,0,1,24,11816960,0,35450880,8655,6144,-13,
188,guard_depth,source_uncut,A,63,52,32,384,0,3,6144,-13,-12,-1,0,12,24,5770,0,35445110,8653,8188,-15,
188,guard_depth,post_sum_pack12,A,63,52,32,384,0,1,6143,0,0,1,0,0,12,5770,0,5770,5770,8188,-2,0x168a000000000000000000000000
188,guard_depth,post_sum_pack12,A,63,52,32,384,0,2,8188,-2,-1,1,0,1,12,2885,0,8655,8655,6144,-13,0x21cf000000000000000000000000
188,guard_depth,post_sum_pack12,A,63,52,32,384,0,3,6144,-13,-12,-1,0,12,12,1,1,8653,8653,8188,-15,0x21cd976000000000000000000000
188,guard_depth,signed_floor,A,63,52,32,384,0,1,6143,0,0,1,0,0,12,5770,0,5770,5770,8188,-2,
188,guard_depth,signed_floor,A,63,52,32,384,0,2,8188,-2,-1,1,0,1,12,2885,0,8655,8655,6144,-13,
188,guard_depth,signed_floor,A,63,52,32,384,0,3,6144,-13,-12,-1,0,12,12,1,1,8653,8653,8188,-15,
189,guard_depth,fig3,A,63,52,32,384,0,1,6143,0,0,1,0,0,12,5770,0,5770,5770,8188,-2,
189,guard_depth,fig3,A,63,52,32,384,0,2,8188,-2,-1,1,0,1,12,2885,0,8655,8655,6144,-13,
189,guard_depth,fig3,A,63,52,32,384,0,3,6144,-13,-12,-1,0,12,12,1,1,8654,8654,8188,-15,
189,guard_depth,fig3,A,63,52,32,384,0,4,8188,-15,-14,1,0,14,12,0,1,8654,8654,6144,-26,
189,guard_depth,tie_b,A,63,52,32,384,0,1,6143,0,0,1,0,0,12,5770,0,5770,5770,8188,-2,
189,guard_depth,tie_b,A,63,52,32,384,0,2,8188,-2,-1,1,0,1,12,2885,0,8655,8655,6144,-13,
189,guard_depth,tie_b,A,63,52,32,384,0,3,6144,-13,-12,-1,0,12,12,1,1,8654,8654,8188,-15,
189,guard_depth,tie_b,A,63,52,32,384,0,4,8188,-15,-14,1,0,14,12,0,1,8654,8654,6144,-26,
189,guard_depth,legacy7,A,63,52,32,384,0,1,6143,0,0,1,0,0,12,5770,0,5770,5770,8188,-2,
189,guard_depth,legacy7,A,63,52,32,384,0,2,8188,-2,-1,1,0,1,12,2885,0,8655,8655,6144,-13,
189,guard_depth,legacy7,A,63,52,32,384,0,3,6144,-13,-12,-1,0,12,12,1,1,8654,8654,8188,-15,
189,guard_depth,legacy7,A,63,52,32,384,0,4,8188,-15,-14,1,0,14,12,0,1,8654,8654,6144,-26,
189,guard_depth,input_anchor,A,63,52,32,384,0,1,6143,0,0,1,0,0,12,5770,0,5770,5770,8188,-2,
189,guard_depth,input_anchor,A,63,52,32,384,0,2,8188,-2,-1,1,0,1,12,2885,0,8655,8655,6144,-13,
189,guard_depth,input_anchor,A,63,52,32,384,0,3,6144,-13,-12,-1,0,12,12,1,1,8654,8654,8188,-15,
189,guard_depth,input_anchor,A,63,52,32,384,0,4,8188,-15,-14,1,0,14,12,0,1,8654,8654,6144,-26,
189,guard_depth,exact_residual,A,63,52,32,384,0,1,6143,0,0,1,0,0,12,5770,0,5770,5770,8188,-2,
189,guard_depth,exact_residual,A,63,52,32,384,0,2,8188,-2,-1,1,0,1,12,2885,0,8655,8655,4096,-12,
189,guard_depth,exact_residual,A,63,52,32,384,0,3,4096,-12,-12,-1,0,12,12,1,1,8654,8654,0,-12,
189,guard_depth,guard1_pack12,A,63,52,32,384,0,1,6143,0,0,1,0,0,13,11540,0,11540,5770,8188,-2,
189,guard_depth,guard1_pack12,A,63,52,32,384,0,2,8188,-2,-1,1,0,1,13,5770,0,17310,8655,6144,-13,
189,guard_depth,guard1_pack12,A,63,52,32,384,0,3,6144,-13,-12,-1,0,12,13,2,1,17308,8654,8188,-15,
189,guard_depth,guard1_pack12,A,63,52,32,384,0,4,8188,-15,-14,1,0,14,13,0,1,17308,8654,6144,-26,
189,guard_depth,guard12_pack12,A,63,52,32,384,0,1,6143,0,0,1,0,0,24,23633920,0,23633920,5770,8188,-2,
189,guard_depth,guard12_pack12,A,63,52,32,384,0,2,8188,-2,-1,1,0,1,24,11816960,0,35450880,8655,6144,-13,
189,guard_depth,guard12_pack12,A,63,52,32,384,0,3,6144,-13,-12,-1,0,12,24,5770,0,35445110,8653,8188,-15,
189,guard_depth,guard12_pack12,A,63,52,32,384,0,4,8188,-15,-14,1,0,14,24,1442,1,35446552,8653,6144,-26,
189,guard_depth,source_uncut,A,63,52,32,384,0,1,6143,0,0,1,0,0,24,23633920,0,23633920,5770,8188,-2,
189,guard_depth,source_uncut,A,63,52,32,384,0,2,8188,-2,-1,1,0,1,24,11816960,0,35450880,8655,6144,-13,
189,guard_depth,source_uncut,A,63,52,32,384,0,3,6144,-13,-12,-1,0,12,24,5770,0,35445110,8653,8188,-15,
189,guard_depth,source_uncut,A,63,52,32,384,0,4,8188,-15,-14,1,0,14,24,1442,1,35446552,8653,6144,-26,
189,guard_depth,post_sum_pack12,A,63,52,32,384,0,1,6143,0,0,1,0,0,12,5770,0,5770,5770,8188,-2,0x168a000000000000000000000000
189,guard_depth,post_sum_pack12,A,63,52,32,384,0,2,8188,-2,-1,1,0,1,12,2885,0,8655,8655,6144,-13,0x21cf000000000000000000000000
189,guard_depth,post_sum_pack12,A,63,52,32,384,0,3,6144,-13,-12,-1,0,12,12,1,1,8653,8653,8188,-15,0x21cd976000000000000000000000
189,guard_depth,post_sum_pack12,A,63,52,32,384,0,4,8188,-15,-14,1,0,14,12,0,1,8653,8653,6144,-26,0x21cdf18800000000000000000000
189,guard_depth,signed_floor,A,63,52,32,384,0,1,6143,0,0,1,0,0,12,5770,0,5770,5770,8188,-2,
189,guard_depth,signed_floor,A,63,52,32,384,0,2,8188,-2,-1,1,0,1,12,2885,0,8655,8655,6144,-13,
189,guard_depth,signed_floor,A,63,52,32,384,0,3,6144,-13,-12,-1,0,12,12,1,1,8653,8653,8188,-15,
189,guard_depth,signed_floor,A,63,52,32,384,0,4,8188,-15,-14,1,0,14,12,0,1,8653,8653,6144,-26,
190,guard_depth,fig3,A,63,56,32,256,0,1,6143,0,0,1,0,0,12,5894,0,5894,5894,8188,-2,
190,guard_depth,fig3,A,63,56,32,256,0,2,8188,-2,-1,1,0,1,12,2947,0,8841,8841,6144,-13,
190,guard_depth,fig3,A,63,56,32,256,0,3,6144,-13,-12,-1,0,12,12,1,1,8840,8840,8188,-15,
190,guard_depth,tie_b,A,63,56,32,256,0,1,6143,0,0,1,0,0,12,5894,0,5894,5894,8188,-2,
190,guard_depth,tie_b,A,63,56,32,256,0,2,8188,-2,-1,1,0,1,12,2947,0,8841,8841,6144,-13,
190,guard_depth,tie_b,A,63,56,32,256,0,3,6144,-13,-12,-1,0,12,12,1,1,8840,8840,8188,-15,
190,guard_depth,legacy7,A,63,56,32,256,0,1,6143,0,0,1,0,0,12,5894,0,5894,5894,8188,-2,
190,guard_depth,legacy7,A,63,56,32,256,0,2,8188,-2,-1,1,0,1,12,2947,0,8841,8841,6144,-13,
190,guard_depth,legacy7,A,63,56,32,256,0,3,6144,-13,-12,-1,0,12,12,1,1,8840,8840,8188,-15,
190,guard_depth,input_anchor,A,63,56,32,256,0,1,6143,0,0,1,0,0,12,5894,0,5894,5894,8188,-2,
190,guard_depth,input_anchor,A,63,56,32,256,0,2,8188,-2,-1,1,0,1,12,2947,0,8841,8841,6144,-13,
190,guard_depth,input_anchor,A,63,56,32,256,0,3,6144,-13,-12,-1,0,12,12,1,1,8840,8840,8188,-15,
190,guard_depth,exact_residual,A,63,56,32,256,0,1,6143,0,0,1,0,0,12,5894,0,5894,5894,8188,-2,
190,guard_depth,exact_residual,A,63,56,32,256,0,2,8188,-2,-1,1,0,1,12,2947,0,8841,8841,4096,-12,
190,guard_depth,exact_residual,A,63,56,32,256,0,3,4096,-12,-12,-1,0,12,12,1,1,8840,8840,0,-12,
190,guard_depth,guard1_pack12,A,63,56,32,256,0,1,6143,0,0,1,0,0,13,11788,0,11788,5894,8188,-2,
190,guard_depth,guard1_pack12,A,63,56,32,256,0,2,8188,-2,-1,1,0,1,13,5894,0,17682,8841,6144,-13,
190,guard_depth,guard1_pack12,A,63,56,32,256,0,3,6144,-13,-12,-1,0,12,13,2,1,17680,8840,8188,-15,
190,guard_depth,guard12_pack12,A,63,56,32,256,0,1,6143,0,0,1,0,0,24,24141824,0,24141824,5894,8188,-2,
190,guard_depth,guard12_pack12,A,63,56,32,256,0,2,8188,-2,-1,1,0,1,24,12070912,0,36212736,8841,6144,-13,
190,guard_depth,guard12_pack12,A,63,56,32,256,0,3,6144,-13,-12,-1,0,12,24,5894,0,36206842,8839,8188,-15,
190,guard_depth,source_uncut,A,63,56,32,256,0,1,6143,0,0,1,0,0,24,24141824,0,24141824,5894,8188,-2,
190,guard_depth,source_uncut,A,63,56,32,256,0,2,8188,-2,-1,1,0,1,24,12070912,0,36212736,8841,6144,-13,
190,guard_depth,source_uncut,A,63,56,32,256,0,3,6144,-13,-12,-1,0,12,24,5894,0,36206842,8839,8188,-15,
190,guard_depth,post_sum_pack12,A,63,56,32,256,0,1,6143,0,0,1,0,0,12,5894,0,5894,5894,8188,-2,0x1706000000000000000000000000
190,guard_depth,post_sum_pack12,A,63,56,32,256,0,2,8188,-2,-1,1,0,1,12,2947,0,8841,8841,6144,-13,0x2289000000000000000000000000
190,guard_depth,post_sum_pack12,A,63,56,32,256,0,3,6144,-13,-12,-1,0,12,12,1,1,8839,8839,8188,-15,0x22878fa000000000000000000000
190,guard_depth,signed_floor,A,63,56,32,256,0,1,6143,0,0,1,0,0,12,5894,0,5894,5894,8188,-2,
190,guard_depth,signed_floor,A,63,56,32,256,0,2,8188,-2,-1,1,0,1,12,2947,0,8841,8841,6144,-13,
190,guard_depth,signed_floor,A,63,56,32,256,0,3,6144,-13,-12,-1,0,12,12,1,1,8839,8839,8188,-15,
191,guard_depth,fig3,A,63,56,32,256,0,1,6143,0,0,1,0,0,12,5894,0,5894,5894,8188,-2,
191,guard_depth,fig3,A,63,56,32,256,0,2,8188,-2,-1,1,0,1,12,2947,0,8841,8841,6144,-13,
191,guard_depth,fig3,A,63,56,32,256,0,3,6144,-13,-12,-1,0,12,12,1,1,8840,8840,8188,-15,
191,guard_depth,fig3,A,63,56,32,256,0,4,8188,-15,-14,1,0,14,12,0,1,8840,8840,6144,-26,
191,guard_depth,tie_b,A,63,56,32,256,0,1,6143,0,0,1,0,0,12,5894,0,5894,5894,8188,-2,
191,guard_depth,tie_b,A,63,56,32,256,0,2,8188,-2,-1,1,0,1,12,2947,0,8841,8841,6144,-13,
191,guard_depth,tie_b,A,63,56,32,256,0,3,6144,-13,-12,-1,0,12,12,1,1,8840,8840,8188,-15,
191,guard_depth,tie_b,A,63,56,32,256,0,4,8188,-15,-14,1,0,14,12,0,1,8840,8840,6144,-26,
191,guard_depth,legacy7,A,63,56,32,256,0,1,6143,0,0,1,0,0,12,5894,0,5894,5894,8188,-2,
191,guard_depth,legacy7,A,63,56,32,256,0,2,8188,-2,-1,1,0,1,12,2947,0,8841,8841,6144,-13,
191,guard_depth,legacy7,A,63,56,32,256,0,3,6144,-13,-12,-1,0,12,12,1,1,8840,8840,8188,-15,
191,guard_depth,legacy7,A,63,56,32,256,0,4,8188,-15,-14,1,0,14,12,0,1,8840,8840,6144,-26,
191,guard_depth,input_anchor,A,63,56,32,256,0,1,6143,0,0,1,0,0,12,5894,0,5894,5894,8188,-2,
191,guard_depth,input_anchor,A,63,56,32,256,0,2,8188,-2,-1,1,0,1,12,2947,0,8841,8841,6144,-13,
191,guard_depth,input_anchor,A,63,56,32,256,0,3,6144,-13,-12,-1,0,12,12,1,1,8840,8840,8188,-15,
191,guard_depth,input_anchor,A,63,56,32,256,0,4,8188,-15,-14,1,0,14,12,0,1,8840,8840,6144,-26,
191,guard_depth,exact_residual,A,63,56,32,256,0,1,6143,0,0,1,0,0,12,5894,0,5894,5894,8188,-2,
191,guard_depth,exact_residual,A,63,56,32,256,0,2,8188,-2,-1,1,0,1,12,2947,0,8841,8841,4096,-12,
191,guard_depth,exact_residual,A,63,56,32,256,0,3,4096,-12,-12,-1,0,12,12,1,1,8840,8840,0,-12,
191,guard_depth,guard1_pack12,A,63,56,32,256,0,1,6143,0,0,1,0,0,13,11788,0,11788,5894,8188,-2,
191,guard_depth,guard1_pack12,A,63,56,32,256,0,2,8188,-2,-1,1,0,1,13,5894,0,17682,8841,6144,-13,
191,guard_depth,guard1_pack12,A,63,56,32,256,0,3,6144,-13,-12,-1,0,12,13,2,1,17680,8840,8188,-15,
191,guard_depth,guard1_pack12,A,63,56,32,256,0,4,8188,-15,-14,1,0,14,13,0,1,17680,8840,6144,-26,
191,guard_depth,guard12_pack12,A,63,56,32,256,0,1,6143,0,0,1,0,0,24,24141824,0,24141824,5894,8188,-2,
191,guard_depth,guard12_pack12,A,63,56,32,256,0,2,8188,-2,-1,1,0,1,24,12070912,0,36212736,8841,6144,-13,
191,guard_depth,guard12_pack12,A,63,56,32,256,0,3,6144,-13,-12,-1,0,12,24,5894,0,36206842,8839,8188,-15,
191,guard_depth,guard12_pack12,A,63,56,32,256,0,4,8188,-15,-14,1,0,14,24,1473,1,36208315,8839,6144,-26,
191,guard_depth,source_uncut,A,63,56,32,256,0,1,6143,0,0,1,0,0,24,24141824,0,24141824,5894,8188,-2,
191,guard_depth,source_uncut,A,63,56,32,256,0,2,8188,-2,-1,1,0,1,24,12070912,0,36212736,8841,6144,-13,
191,guard_depth,source_uncut,A,63,56,32,256,0,3,6144,-13,-12,-1,0,12,24,5894,0,36206842,8839,8188,-15,
191,guard_depth,source_uncut,A,63,56,32,256,0,4,8188,-15,-14,1,0,14,24,1473,1,36208315,8839,6144,-26,
191,guard_depth,post_sum_pack12,A,63,56,32,256,0,1,6143,0,0,1,0,0,12,5894,0,5894,5894,8188,-2,0x1706000000000000000000000000
191,guard_depth,post_sum_pack12,A,63,56,32,256,0,2,8188,-2,-1,1,0,1,12,2947,0,8841,8841,6144,-13,0x2289000000000000000000000000
191,guard_depth,post_sum_pack12,A,63,56,32,256,0,3,6144,-13,-12,-1,0,12,12,1,1,8839,8839,8188,-15,0x22878fa000000000000000000000
191,guard_depth,post_sum_pack12,A,63,56,32,256,0,4,8188,-15,-14,1,0,14,12,0,1,8839,8839,6144,-26,0x2287ebb800000000000000000000
191,guard_depth,signed_floor,A,63,56,32,256,0,1,6143,0,0,1,0,0,12,5894,0,5894,5894,8188,-2,
191,guard_depth,signed_floor,A,63,56,32,256,0,2,8188,-2,-1,1,0,1,12,2947,0,8841,8841,6144,-13,
191,guard_depth,signed_floor,A,63,56,32,256,0,3,6144,-13,-12,-1,0,12,12,1,1,8839,8839,8188,-15,
191,guard_depth,signed_floor,A,63,56,32,256,0,4,8188,-15,-14,1,0,14,12,0,1,8839,8839,6144,-26,
192,guard_depth,fig3,A,63,60,32,128,0,1,6143,0,0,1,0,0,12,6018,0,6018,6018,8188,-2,
192,guard_depth,fig3,A,63,60,32,128,0,2,8188,-2,-1,1,0,1,12,3009,0,9027,9027,6144,-13,
192,guard_depth,fig3,A,63,60,32,128,0,3,6144,-13,-12,-1,0,12,12,1,1,9026,9026,8188,-15,
192,guard_depth,tie_b,A,63,60,32,128,0,1,6143,0,0,1,0,0,12,6018,0,6018,6018,8188,-2,
192,guard_depth,tie_b,A,63,60,32,128,0,2,8188,-2,-1,1,0,1,12,3009,0,9027,9027,6144,-13,
192,guard_depth,tie_b,A,63,60,32,128,0,3,6144,-13,-12,-1,0,12,12,1,1,9026,9026,8188,-15,
192,guard_depth,legacy7,A,63,60,32,128,0,1,6143,0,0,1,0,0,12,6018,0,6018,6018,8188,-2,
192,guard_depth,legacy7,A,63,60,32,128,0,2,8188,-2,-1,1,0,1,12,3009,0,9027,9027,6144,-13,
192,guard_depth,legacy7,A,63,60,32,128,0,3,6144,-13,-12,-1,0,12,12,1,1,9026,9026,8188,-15,
192,guard_depth,input_anchor,A,63,60,32,128,0,1,6143,0,0,1,0,0,12,6018,0,6018,6018,8188,-2,
192,guard_depth,input_anchor,A,63,60,32,128,0,2,8188,-2,-1,1,0,1,12,3009,0,9027,9027,6144,-13,
192,guard_depth,input_anchor,A,63,60,32,128,0,3,6144,-13,-12,-1,0,12,12,1,1,9026,9026,8188,-15,
192,guard_depth,exact_residual,A,63,60,32,128,0,1,6143,0,0,1,0,0,12,6018,0,6018,6018,8188,-2,
192,guard_depth,exact_residual,A,63,60,32,128,0,2,8188,-2,-1,1,0,1,12,3009,0,9027,9027,4096,-12,
192,guard_depth,exact_residual,A,63,60,32,128,0,3,4096,-12,-12,-1,0,12,12,1,1,9026,9026,0,-12,
192,guard_depth,guard1_pack12,A,63,60,32,128,0,1,6143,0,0,1,0,0,13,12036,0,12036,6018,8188,-2,
192,guard_depth,guard1_pack12,A,63,60,32,128,0,2,8188,-2,-1,1,0,1,13,6018,0,18054,9027,6144,-13,
192,guard_depth,guard1_pack12,A,63,60,32,128,0,3,6144,-13,-12,-1,0,12,13,2,1,18052,9026,8188,-15,
192,guard_depth,guard12_pack12,A,63,60,32,128,0,1,6143,0,0,1,0,0,24,24649728,0,24649728,6018,8188,-2,
192,guard_depth,guard12_pack12,A,63,60,32,128,0,2,8188,-2,-1,1,0,1,24,12324864,0,36974592,9027,6144,-13,
192,guard_depth,guard12_pack12,A,63,60,32,128,0,3,6144,-13,-12,-1,0,12,24,6018,0,36968574,9025,8188,-15,
192,guard_depth,source_uncut,A,63,60,32,128,0,1,6143,0,0,1,0,0,24,24649728,0,24649728,6018,8188,-2,
192,guard_depth,source_uncut,A,63,60,32,128,0,2,8188,-2,-1,1,0,1,24,12324864,0,36974592,9027,6144,-13,
192,guard_depth,source_uncut,A,63,60,32,128,0,3,6144,-13,-12,-1,0,12,24,6018,0,36968574,9025,8188,-15,
192,guard_depth,post_sum_pack12,A,63,60,32,128,0,1,6143,0,0,1,0,0,12,6018,0,6018,6018,8188,-2,0x1782000000000000000000000000
192,guard_depth,post_sum_pack12,A,63,60,32,128,0,2,8188,-2,-1,1,0,1,12,3009,0,9027,9027,6144,-13,0x2343000000000000000000000000
192,guard_depth,post_sum_pack12,A,63,60,32,128,0,3,6144,-13,-12,-1,0,12,12,1,1,9025,9025,8188,-15,0x234187e000000000000000000000
192,guard_depth,signed_floor,A,63,60,32,128,0,1,6143,0,0,1,0,0,12,6018,0,6018,6018,8188,-2,
192,guard_depth,signed_floor,A,63,60,32,128,0,2,8188,-2,-1,1,0,1,12,3009,0,9027,9027,6144,-13,
192,guard_depth,signed_floor,A,63,60,32,128,0,3,6144,-13,-12,-1,0,12,12,1,1,9025,9025,8188,-15,
193,anchor_cut,fig3,B,63,64,32,0,0,1,6173,0,1,1,1,0,12,6143,0,6143,6143,8072,-2,
193,anchor_cut,fig3,B,63,64,32,0,0,2,8072,-2,-1,-1,1,2,12,1535,1,4608,4608,7616,-8,
193,anchor_cut,tie_b,B,63,64,32,0,0,1,6173,0,1,1,1,0,12,6143,0,6143,6143,8072,-2,
193,anchor_cut,tie_b,B,63,64,32,0,0,2,8072,-2,-1,-1,1,2,12,1535,1,4608,4608,7616,-8,
193,anchor_cut,legacy7,B,63,64,32,0,0,1,6173,0,1,1,1,0,12,6143,0,6143,6143,8072,-2,
193,anchor_cut,legacy7,B,63,64,32,0,0,2,8072,-2,-1,-1,1,2,12,1535,1,4608,4608,7616,-8,
193,anchor_cut,input_anchor,B,63,64,32,0,0,1,6173,0,1,1,0,-1,12,12286,0,12286,12286,8072,-2,
193,anchor_cut,input_anchor,B,63,64,32,0,0,2,8072,-2,-1,-1,0,1,12,3071,1,9215,9215,7616,-8,
193,anchor_cut,exact_residual,B,63,64,32,0,0,1,6173,0,1,1,1,0,12,6143,0,6143,6143,8076,-2,
193,anchor_cut,exact_residual,B,63,64,32,0,0,2,8076,-2,-1,-1,1,2,12,1535,1,4608,4608,7424,-8,
193,anchor_cut,guard1_pack12,B,63,64,32,0,0,1,6173,0,1,1,1,0,13,12286,0,12286,6143,8072,-2,
193,anchor_cut,guard1_pack12,B,63,64,32,0,0,2,8072,-2,-1,-1,1,2,13,3071,1,9215,4607,7616,-8,
193,anchor_cut,guard12_pack12,B,63,64,32,0,0,1,6173,0,1,1,1,0,24,25161728,0,25161728,6143,8072,-2,
193,anchor_cut,guard12_pack12,B,63,64,32,0,0,2,8072,-2,-1,-1,1,2,24,6290432,0,18871296,4607,7616,-8,
193,anchor_cut,source_uncut,B,63,64,32,0,0,1,6173,0,1,1,1,0,24,25161728,0,25161728,6143,8072,-2,
193,anchor_cut,source_uncut,B,63,64,32,0,0,2,8072,-2,-1,-1,1,2,24,6290432,0,18871296,4607,7616,-8,
193,anchor_cut,post_sum_pack12,B,63,64,32,0,0,1,6173,0,1,1,1,0,12,6143,0,6143,6143,8072,-2,0x17ff000000000000000000000000
193,anchor_cut,post_sum_pack12,B,63,64,32,0,0,2,8072,-2,-1,-1,1,2,12,1535,1,4607,4607,7616,-8,0x11ff400000000000000000000000
193,anchor_cut,signed_floor,B,63,64,32,0,0,1,6173,0,1,1,1,0,12,6143,0,6143,6143,8072,-2,
193,anchor_cut,signed_floor,B,63,64,32,0,0,2,8072,-2,-1,-1,1,2,12,1535,1,4607,4607,7616,-8,
194,rnd_boundary,fig3,B,63,64,32,0,0,1,6173,0,1,1,1,0,12,6143,0,6143,6143,8072,-2,
194,rnd_boundary,fig3,B,63,64,32,0,0,2,8072,-2,-1,-1,1,2,12,1535,1,4608,4608,7616,-8,
194,rnd_boundary,fig3,B,63,64,32,0,0,3,7616,-8,-7,1,1,8,12,23,1,4631,4631,4600,-11,
194,rnd_boundary,fig3,B,63,64,32,0,0,4,4600,-11,-11,-1,1,12,12,1,1,4630,4630,8064,-15,
194,rnd_boundary,tie_b,B,63,64,32,0,0,1,6173,0,1,1,1,0,12,6143,0,6143,6143,8072,-2,
194,rnd_boundary,tie_b,B,63,64,32,0,0,2,8072,-2,-1,-1,1,2,12,1535,1,4608,4608,7616,-8,
194,rnd_boundary,tie_b,B,63,64,32,0,0,3,7616,-8,-7,1,1,8,12,23,1,4631,4631,4600,-11,
194,rnd_boundary,tie_b,B,63,64,32,0,0,4,4600,-11,-11,-1,1,12,12,1,1,4630,4630,8064,-15,
194,rnd_boundary,legacy7,B,63,64,32,0,0,1,6173,0,1,1,1,0,12,6143,0,6143,6143,8072,-2,
194,rnd_boundary,legacy7,B,63,64,32,0,0,2,8072,-2,-1,-1,1,2,12,1535,1,4608,4608,7616,-8,
194,rnd_boundary,legacy7,B,63,64,32,0,0,3,7616,-8,-7,1,1,8,12,23,1,4631,4631,4600,-11,
194,rnd_boundary,legacy7,B,63,64,32,0,0,4,4600,-11,-11,-1,1,12,12,1,1,4630,4630,8064,-15,
194,rnd_boundary,input_anchor,B,63,64,32,0,0,1,6173,0,1,1,0,-1,12,12286,0,12286,12286,8072,-2,
194,rnd_boundary,input_anchor,B,63,64,32,0,0,2,8072,-2,-1,-1,0,1,12,3071,1,9215,9215,7616,-8,
194,rnd_boundary,input_anchor,B,63,64,32,0,0,3,7616,-8,-7,1,0,7,12,47,1,9262,9262,4600,-11,
194,rnd_boundary,input_anchor,B,63,64,32,0,0,4,4600,-11,-11,-1,0,11,12,2,1,9260,9260,8064,-15,
194,rnd_boundary,exact_residual,B,63,64,32,0,0,1,6173,0,1,1,1,0,12,6143,0,6143,6143,8076,-2,
194,rnd_boundary,exact_residual,B,63,64,32,0,0,2,8076,-2,-1,-1,1,2,12,1535,1,4608,4608,7424,-8,
194,rnd_boundary,exact_residual,B,63,64,32,0,0,3,7424,-8,-7,1,1,8,12,23,1,4631,4631,6144,-11,
194,rnd_boundary,exact_residual,B,63,64,32,0,0,4,6144,-11,-10,-1,1,11,12,2,1,4629,4629,4096,-12,
194,rnd_boundary,guard1_pack12,B,63,64,32,0,0,1,6173,0,1,1,1,0,13,12286,0,12286,6143,8072,-2,
194,rnd_boundary,guard1_pack12,B,63,64,32,0,0,2,8072,-2,-1,-1,1,2,13,3071,1,9215,4607,7616,-8,
194,rnd_boundary,guard1_pack12,B,63,64,32,0,0,3,7616,-8,-7,1,1,8,13,47,1,9262,4631,4600,-11,
194,rnd_boundary,guard1_pack12,B,63,64,32,0,0,4,4600,-11,-11,-1,1,12,13,2,1,9260,4630,8064,-15,
194,rnd_boundary,guard12_pack12,B,63,64,32,0,0,1,6173,0,1,1,1,0,24,25161728,0,25161728,6143,8072,-2,
194,rnd_boundary,guard12_pack12,B,63,64,32,0,0,2,8072,-2,-1,-1,1,2,24,6290432,0,18871296,4607,7616,-8,
194,rnd_boundary,guard12_pack12,B,63,64,32,0,0,3,7616,-8,-7,1,1,8,24,98288,0,18969584,4631,4600,-11,
194,rnd_boundary,guard12_pack12,B,63,64,32,0,0,4,4600,-11,-11,-1,1,12,24,6143,0,18963441,4629,8064,-15,
194,rnd_boundary,source_uncut,B,63,64,32,0,0,1,6173,0,1,1,1,0,24,25161728,0,25161728,6143,8072,-2,
194,rnd_boundary,source_uncut,B,63,64,32,0,0,2,8072,-2,-1,-1,1,2,24,6290432,0,18871296,4607,7616,-8,
194,rnd_boundary,source_uncut,B,63,64,32,0,0,3,7616,-8,-7,1,1,8,24,98288,0,18969584,4631,4600,-11,
194,rnd_boundary,source_uncut,B,63,64,32,0,0,4,4600,-11,-11,-1,1,12,24,6143,0,18963441,4629,8064,-15,
194,rnd_boundary,post_sum_pack12,B,63,64,32,0,0,1,6173,0,1,1,1,0,12,6143,0,6143,6143,8072,-2,0x17ff000000000000000000000000
194,rnd_boundary,post_sum_pack12,B,63,64,32,0,0,2,8072,-2,-1,-1,1,2,12,1535,1,4607,4607,7616,-8,0x11ff400000000000000000000000
194,rnd_boundary,post_sum_pack12,B,63,64,32,0,0,3,7616,-8,-7,1,1,8,12,23,1,4631,4631,4600,-11,0x12173f0000000000000000000000
194,rnd_boundary,post_sum_pack12,B,63,64,32,0,0,4,4600,-11,-11,-1,1,12,12,1,1,4629,4629,8064,-15,0x1215bf1000000000000000000000
194,rnd_boundary,signed_floor,B,63,64,32,0,0,1,6173,0,1,1,1,0,12,6143,0,6143,6143,8072,-2,
194,rnd_boundary,signed_floor,B,63,64,32,0,0,2,8072,-2,-1,-1,1,2,12,1535,1,4607,4607,7616,-8,
194,rnd_boundary,signed_floor,B,63,64,32,0,0,3,7616,-8,-7,1,1,8,12,23,1,4630,4630,4600,-11,
194,rnd_boundary,signed_floor,B,63,64,32,0,0,4,4600,-11,-11,-1,1,12,12,1,1,4628,4628,8064,-15,
195,anchor_cut,fig3,B,63,96,32,0,0,1,7196,0,1,1,1,0,12,6143,0,6143,6143,7960,-3,
195,anchor_cut,fig3,B,63,96,32,0,0,2,7960,-3,-2,-1,1,3,12,767,1,5376,5376,7392,-8,
195,anchor_cut,tie_b,B,63,96,32,0,0,1,7196,0,1,1,1,0,12,6143,0,6143,6143,7960,-3,
195,anchor_cut,tie_b,B,63,96,32,0,0,2,7960,-3,-2,-1,1,3,12,767,1,5376,5376,7392,-8,
195,anchor_cut,legacy7,B,63,96,32,0,0,1,7196,0,1,1,1,0,12,6143,0,6143,6143,7960,-3,
195,anchor_cut,legacy7,B,63,96,32,0,0,2,7960,-3,-2,-1,1,3,12,767,1,5376,5376,7392,-8,
195,anchor_cut,input_anchor,B,63,96,32,0,0,1,7196,0,1,1,0,-1,12,12286,0,12286,12286,7960,-3,
195,anchor_cut,input_anchor,B,63,96,32,0,0,2,7960,-3,-2,-1,0,2,12,1535,1,10751,10751,7392,-8,
195,anchor_cut,exact_residual,B,63,96,32,0,0,1,7196,0,1,1,1,0,12,6143,0,6143,6143,7968,-3,
195,anchor_cut,exact_residual,B,63,96,32,0,0,2,7968,-3,-2,-1,1,3,12,767,1,5376,5376,7168,-8,
195,anchor_cut,guard1_pack12,B,63,96,32,0,0,1,7196,0,1,1,1,0,13,12286,0,12286,6143,7960,-3,
195,anchor_cut,guard1_pack12,B,63,96,32,0,0,2,7960,-3,-2,-1,1,3,13,1535,1,10751,5375,7392,-8,
195,anchor_cut,guard12_pack12,B,63,96,32,0,0,1,7196,0,1,1,1,0,24,25161728,0,25161728,6143,7960,-3,
195,anchor_cut,guard12_pack12,B,63,96,32,0,0,2,7960,-3,-2,-1,1,3,24,3145216,0,22016512,5375,7392,-8,
195,anchor_cut,source_uncut,B,63,96,32,0,0,1,7196,0,1,1,1,0,24,25161728,0,25161728,6143,7960,-3,
195,anchor_cut,source_uncut,B,63,96,32,0,0,2,7960,-3,-2,-1,1,3,24,3145216,0,22016512,5375,7392,-8,
195,anchor_cut,post_sum_pack12,B,63,96,32,0,0,1,7196,0,1,1,1,0,12,6143,0,6143,6143,7960,-3,0x17ff000000000000000000000000
195,anchor_cut,post_sum_pack12,B,63,96,32,0,0,2,7960,-3,-2,-1,1,3,12,767,1,5375,5375,7392,-8,0x14ff200000000000000000000000
195,anchor_cut,signed_floor,B,63,96,32,0,0,1,7196,0,1,1,1,0,12,6143,0,6143,6143,7960,-3,
195,anchor_cut,signed_floor,B,63,96,32,0,0,2,7960,-3,-2,-1,1,3,12,767,1,5375,5375,7392,-8,
196,anchor_cut,fig3,B,63,96,32,0,0,1,7196,0,1,1,1,0,12,6143,0,6143,6143,7960,-3,
196,anchor_cut,fig3,B,63,96,32,0,0,2,7960,-3,-2,-1,1,3,12,767,1,5376,5376,7392,-8,
196,anchor_cut,fig3,B,63,96,32,0,0,3,7392,-8,-7,1,1,8,12,23,1,5399,5399,6392,-11,
196,anchor_cut,fig3,B,63,96,32,0,0,4,6392,-11,-10,-1,1,11,12,2,1,5397,5397,7196,-13,
196,anchor_cut,tie_b,B,63,96,32,0,0,1,7196,0,1,1,1,0,12,6143,0,6143,6143,7960,-3,
196,anchor_cut,tie_b,B,63,96,32,0,0,2,7960,-3,-2,-1,1,3,12,767,1,5376,5376,7392,-8,
196,anchor_cut,tie_b,B,63,96,32,0,0,3,7392,-8,-7,1,1,8,12,23,1,5399,5399,6392,-11,
196,anchor_cut,tie_b,B,63,96,32,0,0,4,6392,-11,-10,-1,1,11,12,2,1,5397,5397,7196,-13,
196,anchor_cut,legacy7,B,63,96,32,0,0,1,7196,0,1,1,1,0,12,6143,0,6143,6143,7960,-3,
196,anchor_cut,legacy7,B,63,96,32,0,0,2,7960,-3,-2,-1,1,3,12,767,1,5376,5376,7392,-8,
196,anchor_cut,legacy7,B,63,96,32,0,0,3,7392,-8,-7,1,1,8,12,23,1,5399,5399,6392,-11,
196,anchor_cut,legacy7,B,63,96,32,0,0,4,6392,-11,-10,-1,1,11,12,2,1,5397,5397,7196,-13,
196,anchor_cut,input_anchor,B,63,96,32,0,0,1,7196,0,1,1,0,-1,12,12286,0,12286,12286,7960,-3,
196,anchor_cut,input_anchor,B,63,96,32,0,0,2,7960,-3,-2,-1,0,2,12,1535,1,10751,10751,7392,-8,
196,anchor_cut,input_anchor,B,63,96,32,0,0,3,7392,-8,-7,1,0,7,12,47,1,10798,10798,6392,-11,
196,anchor_cut,input_anchor,B,63,96,32,0,0,4,6392,-11,-10,-1,0,10,12,5,1,10793,10793,7196,-13,
196,anchor_cut,exact_residual,B,63,96,32,0,0,1,7196,0,1,1,1,0,12,6143,0,6143,6143,7968,-3,
196,anchor_cut,exact_residual,B,63,96,32,0,0,2,7968,-3,-2,-1,1,3,12,767,1,5376,5376,7168,-8,
196,anchor_cut,exact_residual,B,63,96,32,0,0,3,7168,-8,-7,1,1,8,12,23,1,5399,5399,4096,-10,
196,anchor_cut,exact_residual,B,63,96,32,0,0,4,4096,-10,-10,-1,1,11,12,2,1,5397,5397,0,-10,
196,anchor_cut,guard1_pack12,B,63,96,32,0,0,1,7196,0,1,1,1,0,13,12286,0,12286,6143,7960,-3,
196,anchor_cut,guard1_pack12,B,63,96,32,0,0,2,7960,-3,-2,-1,1,3,13,1535,1,10751,5375,7392,-8,
196,anchor_cut,guard1_pack12,B,63,96,32,0,0,3,7392,-8,-7,1,1,8,13,47,1,10798,5399,6392,-11,
196,anchor_cut,guard1_pack12,B,63,96,32,0,0,4,6392,-11,-10,-1,1,11,13,5,1,10793,5396,7196,-13,
196,anchor_cut,guard12_pack12,B,63,96,32,0,0,1,7196,0,1,1,1,0,24,25161728,0,25161728,6143,7960,-3,
196,anchor_cut,guard12_pack12,B,63,96,32,0,0,2,7960,-3,-2,-1,1,3,24,3145216,0,22016512,5375,7392,-8,
196,anchor_cut,guard12_pack12,B,63,96,32,0,0,3,7392,-8,-7,1,1,8,24,98288,0,22114800,5399,6392,-11,
196,anchor_cut,guard12_pack12,B,63,96,32,0,0,4,6392,-11,-10,-1,1,11,24,12286,0,22102514,5396,7196,-13,
196,anchor_cut,source_uncut,B,63,96,32,0,0,1,7196,0,1,1,1,0,24,25161728,0,25161728,6143,7960,-3,
196,anchor_cut,source_uncut,B,63,96,32,0,0,2,7960,-3,-2,-1,1,3,24,3145216,0,22016512,5375,7392,-8,
196,anchor_cut,source_uncut,B,63,96,32,0,0,3,7392,-8,-7,1,1,8,24,98288,0,22114800,5399,6392,-11,
196,anchor_cut,source_uncut,B,63,96,32,0,0,4,6392,-11,-10,-1,1,11,24,12286,0,22102514,5396,7196,-13,
196,anchor_cut,post_sum_pack12,B,63,96,32,0,0,1,7196,0,1,1,1,0,12,6143,0,6143,6143,7960,-3,0x17ff000000000000000000000000
196,anchor_cut,post_sum_pack12,B,63,96,32,0,0,2,7960,-3,-2,-1,1,3,12,767,1,5375,5375,7392,-8,0x14ff200000000000000000000000
196,anchor_cut,post_sum_pack12,B,63,96,32,0,0,3,7392,-8,-7,1,1,8,12,23,1,5399,5399,6392,-11,0x15171f0000000000000000000000
196,anchor_cut,post_sum_pack12,B,63,96,32,0,0,4,6392,-11,-10,-1,1,11,12,2,1,5396,5396,7196,-13,0x15141f2000000000000000000000
196,anchor_cut,signed_floor,B,63,96,32,0,0,1,7196,0,1,1,1,0,12,6143,0,6143,6143,7960,-3,
196,anchor_cut,signed_floor,B,63,96,32,0,0,2,7960,-3,-2,-1,1,3,12,767,1,5375,5375,7392,-8,
196,anchor_cut,signed_floor,B,63,96,32,0,0,3,7392,-8,-7,1,1,8,12,23,1,5398,5398,6392,-11,
196,anchor_cut,signed_floor,B,63,96,32,0,0,4,6392,-11,-10,-1,1,11,12,2,1,5395,5395,7196,-13,
197,anchor_cut,fig3,B,63,112,32,0,0,1,7692,0,1,1,1,0,12,6143,0,6143,6143,7984,-4,
197,anchor_cut,fig3,B,63,112,32,0,0,2,7984,-4,-3,-1,1,4,12,383,1,5760,5760,6624,-9,
197,anchor_cut,tie_b,B,63,112,32,0,0,1,7692,0,1,1,1,0,12,6143,0,6143,6143,7984,-4,
197,anchor_cut,tie_b,B,63,112,32,0,0,2,7984,-4,-3,-1,1,4,12,383,1,5760,5760,6624,-9,
197,anchor_cut,legacy7,B,63,112,32,0,0,1,7692,0,1,1,1,0,12,6143,0,6143,6143,7984,-4,
197,anchor_cut,legacy7,B,63,112,32,0,0,2,7984,-4,-3,-1,1,4,12,383,1,5760,5760,6624,-9,
197,anchor_cut,input_anchor,B,63,112,32,0,0,1,7692,0,1,1,0,-1,12,12286,0,12286,12286,7984,-4,
197,anchor_cut,input_anchor,B,63,112,32,0,0,2,7984,-4,-3,-1,0,3,12,767,1,11519,11519,6624,-9,
197,anchor_cut,exact_residual,B,63,112,32,0,0,1,7692,0,1,1,1,0,12,6143,0,6143,6143,8000,-4,
197,anchor_cut,exact_residual,B,63,112,32,0,0,2,8000,-4,-3,-1,1,4,12,383,1,5760,5760,6144,-9,
197,anchor_cut,guard1_pack12,B,63,112,32,0,0,1,7692,0,1,1,1,0,13,12286,0,12286,6143,7984,-4,
197,anchor_cut,guard1_pack12,B,63,112,32,0,0,2,7984,-4,-3,-1,1,4,13,767,1,11519,5759,6624,-9,
197,anchor_cut,guard12_pack12,B,63,112,32,0,0,1,7692,0,1,1,1,0,24,25161728,0,25161728,6143,7984,-4,
197,anchor_cut,guard12_pack12,B,63,112,32,0,0,2,7984,-4,-3,-1,1,4,24,1572608,0,23589120,5759,6624,-9,
197,anchor_cut,source_uncut,B,63,112,32,0,0,1,7692,0,1,1,1,0,24,25161728,0,25161728,6143,7984,-4,
197,anchor_cut,source_uncut,B,63,112,32,0,0,2,7984,-4,-3,-1,1,4,24,1572608,0,23589120,5759,6624,-9,
197,anchor_cut,post_sum_pack12,B,63,112,32,0,0,1,7692,0,1,1,1,0,12,6143,0,6143,6143,7984,-4,0x17ff000000000000000000000000
197,anchor_cut,post_sum_pack12,B,63,112,32,0,0,2,7984,-4,-3,-1,1,4,12,383,1,5759,5759,6624,-9,0x167f100000000000000000000000
197,anchor_cut,signed_floor,B,63,112,32,0,0,1,7692,0,1,1,1,0,12,6143,0,6143,6143,7984,-4,
197,anchor_cut,signed_floor,B,63,112,32,0,0,2,7984,-4,-3,-1,1,4,12,383,1,5759,5759,6624,-9,
198,anchor_cut,fig3,B,63,112,32,0,0,1,7692,0,1,1,1,0,12,6143,0,6143,6143,7984,-4,
198,anchor_cut,fig3,B,63,112,32,0,0,2,7984,-4,-3,-1,1,4,12,383,1,5760,5760,6624,-9,
198,anchor_cut,fig3,B,63,112,32,0,0,3,6624,-9,-8,1,1,9,12,11,1,5771,5771,6268,-11,
198,anchor_cut,fig3,B,63,112,32,0,0,4,6268,-11,-10,-1,1,11,12,2,1,5769,5769,7692,-13,
198,anchor_cut,tie_b,B,63,112,32,0,0,1,7692,0,1,1,1,0,12,6143,0,6143,6143,7984,-4,
198,anchor_cut,tie_b,B,63,112,32,0,0,2,7984,-4,-3,-1,1,4,12,383,1,5760,5760,6624,-9,
198,anchor_cut,tie_b,B,63,112,32,0,0,3,6624,-9,-8,1,1,9,12,11,1,5771,5771,6268,-11,
198,anchor_cut,tie_b,B,63,112,32,0,0,4,6268,-11,-10,-1,1,11,12,2,1,5769,5769,7692,-13,
198,anchor_cut,legacy7,B,63,112,32,0,0,1,7692,0,1,1,1,0,12,6143,0,6143,6143,7984,-4,
198,anchor_cut,legacy7,B,63,112,32,0,0,2,7984,-4,-3,-1,1,4,12,383,1,5760,5760,6624,-9,
198,anchor_cut,legacy7,B,63,112,32,0,0,3,6624,-9,-8,1,1,9,12,11,1,5771,5771,6268,-11,
198,anchor_cut,legacy7,B,63,112,32,0,0,4,6268,-11,-10,-1,1,11,12,2,1,5769,5769,7692,-13,
198,anchor_cut,input_anchor,B,63,112,32,0,0,1,7692,0,1,1,0,-1,12,12286,0,12286,12286,7984,-4,
198,anchor_cut,input_anchor,B,63,112,32,0,0,2,7984,-4,-3,-1,0,3,12,767,1,11519,11519,6624,-9,
198,anchor_cut,input_anchor,B,63,112,32,0,0,3,6624,-9,-8,1,0,8,12,23,1,11542,11542,6268,-11,
198,anchor_cut,input_anchor,B,63,112,32,0,0,4,6268,-11,-10,-1,0,10,12,5,1,11537,11537,7692,-13,
198,anchor_cut,exact_residual,B,63,112,32,0,0,1,7692,0,1,1,1,0,12,6143,0,6143,6143,8000,-4,
198,anchor_cut,exact_residual,B,63,112,32,0,0,2,8000,-4,-3,-1,1,4,12,383,1,5760,5760,6144,-9,
198,anchor_cut,exact_residual,B,63,112,32,0,0,3,6144,-9,-8,1,1,9,12,11,1,5771,5771,4096,-10,
198,anchor_cut,exact_residual,B,63,112,32,0,0,4,4096,-10,-10,-1,1,11,12,2,1,5769,5769,0,-10,
198,anchor_cut,guard1_pack12,B,63,112,32,0,0,1,7692,0,1,1,1,0,13,12286,0,12286,6143,7984,-4,
198,anchor_cut,guard1_pack12,B,63,112,32,0,0,2,7984,-4,-3,-1,1,4,13,767,1,11519,5759,6624,-9,
198,anchor_cut,guard1_pack12,B,63,112,32,0,0,3,6624,-9,-8,1,1,9,13,23,1,11542,5771,6268,-11,
198,anchor_cut,guard1_pack12,B,63,112,32,0,0,4,6268,-11,-10,-1,1,11,13,5,1,11537,5768,7692,-13,
198,anchor_cut,guard12_pack12,B,63,112,32,0,0,1,7692,0,1,1,1,0,24,25161728,0,25161728,6143,7984,-4,
198,anchor_cut,guard12_pack12,B,63,112,32,0,0,2,7984,-4,-3,-1,1,4,24,1572608,0,23589120,5759,6624,-9,
198,anchor_cut,guard12_pack12,B,63,112,32,0,0,3,6624,-9,-8,1,1,9,24,49144,0,23638264,5771,6268,-11,
198,anchor_cut,guard12_pack12,B,63,112,32,0,0,4,6268,-11,-10,-1,1,11,24,12286,0,23625978,5768,7692,-13,
198,anchor_cut,source_uncut,B,63,112,32,0,0,1,7692,0,1,1,1,0,24,25161728,0,25161728,6143,7984,-4,
198,anchor_cut,source_uncut,B,63,112,32,0,0,2,7984,-4,-3,-1,1,4,24,1572608,0,23589120,5759,6624,-9,
198,anchor_cut,source_uncut,B,63,112,32,0,0,3,6624,-9,-8,1,1,9,24,49144,0,23638264,5771,6268,-11,
198,anchor_cut,source_uncut,B,63,112,32,0,0,4,6268,-11,-10,-1,1,11,24,12286,0,23625978,5768,7692,-13,
198,anchor_cut,post_sum_pack12,B,63,112,32,0,0,1,7692,0,1,1,1,0,12,6143,0,6143,6143,7984,-4,0x17ff000000000000000000000000
198,anchor_cut,post_sum_pack12,B,63,112,32,0,0,2,7984,-4,-3,-1,1,4,12,383,1,5759,5759,6624,-9,0x167f100000000000000000000000
198,anchor_cut,post_sum_pack12,B,63,112,32,0,0,3,6624,-9,-8,1,1,9,12,11,1,5771,5771,6268,-11,0x168b0f8000000000000000000000
198,anchor_cut,post_sum_pack12,B,63,112,32,0,0,4,6268,-11,-10,-1,1,11,12,2,1,5768,5768,7692,-13,0x16880fa000000000000000000000
198,anchor_cut,signed_floor,B,63,112,32,0,0,1,7692,0,1,1,1,0,12,6143,0,6143,6143,7984,-4,
198,anchor_cut,signed_floor,B,63,112,32,0,0,2,7984,-4,-3,-1,1,4,12,383,1,5759,5759,6624,-9,
198,anchor_cut,signed_floor,B,63,112,32,0,0,3,6624,-9,-8,1,1,9,12,11,1,5770,5770,6268,-11,
198,anchor_cut,signed_floor,B,63,112,32,0,0,4,6268,-11,-10,-1,1,11,12,2,1,5767,5767,7692,-13,
199,anchor_cut,fig3,B,63,120,32,0,0,1,7940,0,1,1,1,0,12,6143,0,6143,6143,8032,-5,
199,anchor_cut,fig3,B,63,120,32,0,0,2,8032,-5,-4,-1,1,5,12,191,1,5952,5952,5088,-10,
199,anchor_cut,tie_b,B,63,120,32,0,0,1,7940,0,1,1,1,0,12,6143,0,6143,6143,8032,-5,
199,anchor_cut,tie_b,B,63,120,32,0,0,2,8032,-5,-4,-1,1,5,12,191,1,5952,5952,5088,-10,
199,anchor_cut,legacy7,B,63,120,32,0,0,1,7940,0,1,1,1,0,12,6143,0,6143,6143,8032,-5,
199,anchor_cut,legacy7,B,63,120,32,0,0,2,8032,-5,-4,-1,1,5,12,191,1,5952,5952,5088,-10,
199,anchor_cut,input_anchor,B,63,120,32,0,0,1,7940,0,1,1,0,-1,12,12286,0,12286,12286,8032,-5,
199,anchor_cut,input_anchor,B,63,120,32,0,0,2,8032,-5,-4,-1,0,4,12,383,1,11903,11903,5088,-10,
199,anchor_cut,exact_residual,B,63,120,32,0,0,1,7940,0,1,1,1,0,12,6143,0,6143,6143,8064,-5,
199,anchor_cut,exact_residual,B,63,120,32,0,0,2,8064,-5,-4,-1,1,5,12,191,1,5952,5952,4096,-10,
199,anchor_cut,guard1_pack12,B,63,120,32,0,0,1,7940,0,1,1,1,0,13,12286,0,12286,6143,8032,-5,
199,anchor_cut,guard1_pack12,B,63,120,32,0,0,2,8032,-5,-4,-1,1,5,13,383,1,11903,5951,5088,-10,
199,anchor_cut,guard12_pack12,B,63,120,32,0,0,1,7940,0,1,1,1,0,24,25161728,0,25161728,6143,8032,-5,
199,anchor_cut,guard12_pack12,B,63,120,32,0,0,2,8032,-5,-4,-1,1,5,24,786304,0,24375424,5951,5088,-10,
199,anchor_cut,source_uncut,B,63,120,32,0,0,1,7940,0,1,1,1,0,24,25161728,0,25161728,6143,8032,-5,
199,anchor_cut,source_uncut,B,63,120,32,0,0,2,8032,-5,-4,-1,1,5,24,786304,0,24375424,5951,5088,-10,
199,anchor_cut,post_sum_pack12,B,63,120,32,0,0,1,7940,0,1,1,1,0,12,6143,0,6143,6143,8032,-5,0x17ff000000000000000000000000
199,anchor_cut,post_sum_pack12,B,63,120,32,0,0,2,8032,-5,-4,-1,1,5,12,191,1,5951,5951,5088,-10,0x173f080000000000000000000000
199,anchor_cut,signed_floor,B,63,120,32,0,0,1,7940,0,1,1,1,0,12,6143,0,6143,6143,8032,-5,
199,anchor_cut,signed_floor,B,63,120,32,0,0,2,8032,-5,-4,-1,1,5,12,191,1,5951,5951,5088,-10,
200,anchor_cut,fig3,B,63,124,32,0,0,1,8064,0,1,1,1,0,12,6143,0,6143,6143,8128,-6,
200,anchor_cut,fig3,B,63,124,32,0,0,2,8128,-6,-5,-1,1,6,12,95,1,6048,6048,8064,-13,
200,anchor_cut,tie_b,B,63,124,32,0,0,1,8064,0,1,1,1,0,12,6143,0,6143,6143,8128,-6,
200,anchor_cut,tie_b,B,63,124,32,0,0,2,8128,-6,-5,-1,1,6,12,95,1,6048,6048,8064,-13,
200,anchor_cut,legacy7,B,63,124,32,0,0,1,8064,0,1,1,1,0,12,6143,0,6143,6143,8128,-6,
200,anchor_cut,legacy7,B,63,124,32,0,0,2,8128,-6,-5,-1,1,6,12,95,1,6048,6048,8064,-13,
200,anchor_cut,input_anchor,B,63,124,32,0,0,1,8064,0,1,1,0,-1,12,12286,0,12286,12286,8128,-6,
200,anchor_cut,input_anchor,B,63,124,32,0,0,2,8128,-6,-5,-1,0,5,12,191,1,12095,12095,8064,-13,
200,anchor_cut,exact_residual,B,63,124,32,0,0,1,8064,0,1,1,1,0,12,6143,0,6143,6143,4096,-5,
200,anchor_cut,exact_residual,B,63,124,32,0,0,2,4096,-5,-5,-1,1,6,12,95,1,6048,6048,0,-5,
200,anchor_cut,guard1_pack12,B,63,124,32,0,0,1,8064,0,1,1,1,0,13,12286,0,12286,6143,8128,-6,
200,anchor_cut,guard1_pack12,B,63,124,32,0,0,2,8128,-6,-5,-1,1,6,13,191,1,12095,6047,8064,-13,
200,anchor_cut,guard12_pack12,B,63,124,32,0,0,1,8064,0,1,1,1,0,24,25161728,0,25161728,6143,8128,-6,
200,anchor_cut,guard12_pack12,B,63,124,32,0,0,2,8128,-6,-5,-1,1,6,24,393152,0,24768576,6047,8064,-13,
200,anchor_cut,source_uncut,B,63,124,32,0,0,1,8064,0,1,1,1,0,24,25161728,0,25161728,6143,8128,-6,
200,anchor_cut,source_uncut,B,63,124,32,0,0,2,8128,-6,-5,-1,1,6,24,393152,0,24768576,6047,8064,-13,
200,anchor_cut,post_sum_pack12,B,63,124,32,0,0,1,8064,0,1,1,1,0,12,6143,0,6143,6143,8128,-6,0x17ff000000000000000000000000
200,anchor_cut,post_sum_pack12,B,63,124,32,0,0,2,8128,-6,-5,-1,1,6,12,95,1,6047,6047,8064,-13,0x179f040000000000000000000000
200,anchor_cut,signed_floor,B,63,124,32,0,0,1,8064,0,1,1,1,0,12,6143,0,6143,6143,8128,-6,
200,anchor_cut,signed_floor,B,63,124,32,0,0,2,8128,-6,-5,-1,1,6,12,95,1,6047,6047,8064,-13,
201,anchor_cut,fig3,B,63,124,32,0,0,1,8095,0,1,1,1,0,12,6143,0,6143,6143,6144,-6,
201,anchor_cut,fig3,B,63,124,32,0,0,2,6144,-6,-5,-1,1,6,12,95,1,6048,6048,8188,-8,
201,anchor_cut,tie_b,B,63,124,32,0,0,1,8095,0,1,1,1,0,12,6143,0,6143,6143,6144,-6,
201,anchor_cut,tie_b,B,63,124,32,0,0,2,6144,-6,-5,-1,1,6,12,95,1,6048,6048,8188,-8,
201,anchor_cut,legacy7,B,63,124,32,0,0,1,8095,0,1,1,1,0,12,6143,0,6143,6143,6144,-6,
201,anchor_cut,legacy7,B,63,124,32,0,0,2,6144,-6,-5,-1,1,6,12,95,1,6048,6048,8188,-8,
201,anchor_cut,input_anchor,B,63,124,32,0,0,1,8095,0,1,1,0,-1,12,12286,0,12286,12286,6144,-6,
201,anchor_cut,input_anchor,B,63,124,32,0,0,2,6144,-6,-5,-1,0,5,12,191,1,12095,12095,8188,-8,
201,anchor_cut,exact_residual,B,63,124,32,0,0,1,8095,0,1,1,1,0,12,6143,0,6143,6143,6208,-6,
201,anchor_cut,exact_residual,B,63,124,32,0,0,2,6208,-6,-5,-1,1,6,12,95,1,6048,6048,7936,-8,
201,anchor_cut,guard1_pack12,B,63,124,32,0,0,1,8095,0,1,1,1,0,13,12286,0,12286,6143,6144,-6,
201,anchor_cut,guard1_pack12,B,63,124,32,0,0,2,6144,-6,-5,-1,1,6,13,191,1,12095,6047,8188,-8,
201,anchor_cut,guard12_pack12,B,63,124,32,0,0,1,8095,0,1,1,1,0,24,25161728,0,25161728,6143,6144,-6,
201,anchor_cut,guard12_pack12,B,63,124,32,0,0,2,6144,-6,-5,-1,1,6,24,393152,0,24768576,6047,8188,-8,
201,anchor_cut,source_uncut,B,63,124,32,0,0,1,8095,0,1,1,1,0,24,25161728,0,25161728,6143,6144,-6,
201,anchor_cut,source_uncut,B,63,124,32,0,0,2,6144,-6,-5,-1,1,6,24,393152,0,24768576,6047,8188,-8,
201,anchor_cut,post_sum_pack12,B,63,124,32,0,0,1,8095,0,1,1,1,0,12,6143,0,6143,6143,6144,-6,0x17ff000000000000000000000000
201,anchor_cut,post_sum_pack12,B,63,124,32,0,0,2,6144,-6,-5,-1,1,6,12,95,1,6047,6047,8188,-8,0x179f040000000000000000000000
201,anchor_cut,signed_floor,B,63,124,32,0,0,1,8095,0,1,1,1,0,12,6143,0,6143,6143,6144,-6,
201,anchor_cut,signed_floor,B,63,124,32,0,0,2,6144,-6,-5,-1,1,6,12,95,1,6047,6047,8188,-8,
202,prefix126_127,fig3,B,63,126,32,0,0,1,8157,0,1,1,1,0,12,6143,0,6143,6143,4352,-7,
202,prefix126_127,fig3,B,63,126,32,0,0,2,4352,-7,-7,-1,1,8,12,23,1,6120,6120,4096,-11,
202,prefix126_127,tie_b,B,63,126,32,0,0,1,8157,0,1,1,1,0,12,6143,0,6143,6143,4352,-7,
202,prefix126_127,tie_b,B,63,126,32,0,0,2,4352,-7,-7,-1,1,8,12,23,1,6120,6120,4096,-11,
202,prefix126_127,legacy7,A,63,126,32,32,1,1,6143,0,0,1,0,0,12,8157,0,8157,8157,8188,-2,
202,prefix126_127,legacy7,A,63,126,32,32,1,2,8188,-2,-1,1,0,1,12,4078,1,12235,12235,6144,-13,
202,prefix126_127,input_anchor,B,63,126,32,0,0,1,8157,0,1,1,0,-1,12,12286,0,12286,12286,4352,-7,
202,prefix126_127,input_anchor,B,63,126,32,0,0,2,4352,-7,-7,-1,0,7,12,47,1,12239,12239,4096,-11,
202,prefix126_127,exact_residual,B,63,126,32,0,0,1,8157,0,1,1,1,0,12,6143,0,6143,6143,4480,-7,
202,prefix126_127,exact_residual,B,63,126,32,0,0,2,4480,-7,-7,-1,1,8,12,23,1,6120,6120,6144,-11,
202,prefix126_127,guard1_pack12,B,63,126,32,0,0,1,8157,0,1,1,1,0,13,12286,0,12286,6143,4352,-7,
202,prefix126_127,guard1_pack12,B,63,126,32,0,0,2,4352,-7,-7,-1,1,8,13,47,1,12239,6119,4096,-11,
202,prefix126_127,guard12_pack12,B,63,126,32,0,0,1,8157,0,1,1,1,0,24,25161728,0,25161728,6143,4352,-7,
202,prefix126_127,guard12_pack12,B,63,126,32,0,0,2,4352,-7,-7,-1,1,8,24,98288,0,25063440,6119,4096,-11,
202,prefix126_127,source_uncut,B,63,126,32,0,0,1,8157,0,1,1,1,0,24,25161728,0,25161728,6143,4352,-7,
202,prefix126_127,source_uncut,B,63,126,32,0,0,2,4352,-7,-7,-1,1,8,24,98288,0,25063440,6119,4096,-11,
202,prefix126_127,post_sum_pack12,B,63,126,32,0,0,1,8157,0,1,1,1,0,12,6143,0,6143,6143,4352,-7,0x17ff000000000000000000000000
202,prefix126_127,post_sum_pack12,B,63,126,32,0,0,2,4352,-7,-7,-1,1,8,12,23,1,6119,6119,4096,-11,0x17e7010000000000000000000000
202,prefix126_127,signed_floor,B,63,126,32,0,0,1,8157,0,1,1,1,0,12,6143,0,6143,6143,4352,-7,
202,prefix126_127,signed_floor,B,63,126,32,0,0,2,4352,-7,-7,-1,1,8,12,23,1,6119,6119,4096,-11,
203,anchor_cut,fig3,B,63,126,32,0,0,1,8157,0,1,1,1,0,12,6143,0,6143,6143,4352,-7,
203,anchor_cut,fig3,B,63,126,32,0,0,2,4352,-7,-7,-1,1,8,12,23,1,6120,6120,4096,-11,
203,anchor_cut,tie_b,B,63,126,32,0,0,1,8157,0,1,1,1,0,12,6143,0,6143,6143,4352,-7,
203,anchor_cut,tie_b,B,63,126,32,0,0,2,4352,-7,-7,-1,1,8,12,23,1,6120,6120,4096,-11,
203,anchor_cut,legacy7,A,63,126,32,32,1,1,6143,0,0,1,0,0,12,8157,0,8157,8157,8188,-2,
203,anchor_cut,legacy7,A,63,126,32,32,1,2,8188,-2,-1,1,0,1,12,4078,1,12235,12235,6144,-13,
203,anchor_cut,input_anchor,B,63,126,32,0,0,1,8157,0,1,1,0,-1,12,12286,0,12286,12286,4352,-7,
203,anchor_cut,input_anchor,B,63,126,32,0,0,2,4352,-7,-7,-1,0,7,12,47,1,12239,12239,4096,-11,
203,anchor_cut,exact_residual,B,63,126,32,0,0,1,8157,0,1,1,1,0,12,6143,0,6143,6143,4480,-7,
203,anchor_cut,exact_residual,B,63,126,32,0,0,2,4480,-7,-7,-1,1,8,12,23,1,6120,6120,6144,-11,
203,anchor_cut,guard1_pack12,B,63,126,32,0,0,1,8157,0,1,1,1,0,13,12286,0,12286,6143,4352,-7,
203,anchor_cut,guard1_pack12,B,63,126,32,0,0,2,4352,-7,-7,-1,1,8,13,47,1,12239,6119,4096,-11,
203,anchor_cut,guard12_pack12,B,63,126,32,0,0,1,8157,0,1,1,1,0,24,25161728,0,25161728,6143,4352,-7,
203,anchor_cut,guard12_pack12,B,63,126,32,0,0,2,4352,-7,-7,-1,1,8,24,98288,0,25063440,6119,4096,-11,
203,anchor_cut,source_uncut,B,63,126,32,0,0,1,8157,0,1,1,1,0,24,25161728,0,25161728,6143,4352,-7,
203,anchor_cut,source_uncut,B,63,126,32,0,0,2,4352,-7,-7,-1,1,8,24,98288,0,25063440,6119,4096,-11,
203,anchor_cut,post_sum_pack12,B,63,126,32,0,0,1,8157,0,1,1,1,0,12,6143,0,6143,6143,4352,-7,0x17ff000000000000000000000000
203,anchor_cut,post_sum_pack12,B,63,126,32,0,0,2,4352,-7,-7,-1,1,8,12,23,1,6119,6119,4096,-11,0x17e7010000000000000000000000
203,anchor_cut,signed_floor,B,63,126,32,0,0,1,8157,0,1,1,1,0,12,6143,0,6143,6143,4352,-7,
203,anchor_cut,signed_floor,B,63,126,32,0,0,2,4352,-7,-7,-1,1,8,12,23,1,6119,6119,4096,-11,
204,prefix126_127,fig3,B,63,126,32,0,0,1,8157,0,1,1,1,0,12,6143,0,6143,6143,4352,-7,
204,prefix126_127,fig3,B,63,126,32,0,0,2,4352,-7,-7,-1,1,8,12,23,1,6120,6120,4096,-11,
204,prefix126_127,fig3,B,63,126,32,0,0,3,4096,-11,-11,-1,1,12,12,1,1,6119,6119,0,-11,
204,prefix126_127,tie_b,B,63,126,32,0,0,1,8157,0,1,1,1,0,12,6143,0,6143,6143,4352,-7,
204,prefix126_127,tie_b,B,63,126,32,0,0,2,4352,-7,-7,-1,1,8,12,23,1,6120,6120,4096,-11,
204,prefix126_127,tie_b,B,63,126,32,0,0,3,4096,-11,-11,-1,1,12,12,1,1,6119,6119,0,-11,
204,prefix126_127,legacy7,A,63,126,32,32,1,1,6143,0,0,1,0,0,12,8157,0,8157,8157,8188,-2,
204,prefix126_127,legacy7,A,63,126,32,32,1,2,8188,-2,-1,1,0,1,12,4078,1,12235,12235,6144,-13,
204,prefix126_127,legacy7,A,63,126,32,32,1,3,6144,-13,-12,-1,0,12,12,1,1,12234,12234,8188,-15,
204,prefix126_127,input_anchor,B,63,126,32,0,0,1,8157,0,1,1,0,-1,12,12286,0,12286,12286,4352,-7,
204,prefix126_127,input_anchor,B,63,126,32,0,0,2,4352,-7,-7,-1,0,7,12,47,1,12239,12239,4096,-11,
204,prefix126_127,input_anchor,B,63,126,32,0,0,3,4096,-11,-11,-1,0,11,12,2,1,12237,12237,0,-11,
204,prefix126_127,exact_residual,B,63,126,32,0,0,1,8157,0,1,1,1,0,12,6143,0,6143,6143,4480,-7,
204,prefix126_127,exact_residual,B,63,126,32,0,0,2,4480,-7,-7,-1,1,8,12,23,1,6120,6120,6144,-11,
204,prefix126_127,exact_residual,B,63,126,32,0,0,3,6144,-11,-10,-1,1,11,12,2,1,6118,6118,4096,-12,
204,prefix126_127,guard1_pack12,B,63,126,32,0,0,1,8157,0,1,1,1,0,13,12286,0,12286,6143,4352,-7,
204,prefix126_127,guard1_pack12,B,63,126,32,0,0,2,4352,-7,-7,-1,1,8,13,47,1,12239,6119,4096,-11,
204,prefix126_127,guard1_pack12,B,63,126,32,0,0,3,4096,-11,-11,-1,1,12,13,2,1,12237,6118,0,-11,
204,prefix126_127,guard12_pack12,B,63,126,32,0,0,1,8157,0,1,1,1,0,24,25161728,0,25161728,6143,4352,-7,
204,prefix126_127,guard12_pack12,B,63,126,32,0,0,2,4352,-7,-7,-1,1,8,24,98288,0,25063440,6119,4096,-11,
204,prefix126_127,guard12_pack12,B,63,126,32,0,0,3,4096,-11,-11,-1,1,12,24,6143,0,25057297,6117,0,-11,
204,prefix126_127,source_uncut,B,63,126,32,0,0,1,8157,0,1,1,1,0,24,25161728,0,25161728,6143,4352,-7,
204,prefix126_127,source_uncut,B,63,126,32,0,0,2,4352,-7,-7,-1,1,8,24,98288,0,25063440,6119,4096,-11,
204,prefix126_127,source_uncut,B,63,126,32,0,0,3,4096,-11,-11,-1,1,12,24,6143,0,25057297,6117,0,-11,
204,prefix126_127,post_sum_pack12,B,63,126,32,0,0,1,8157,0,1,1,1,0,12,6143,0,6143,6143,4352,-7,0x17ff000000000000000000000000
204,prefix126_127,post_sum_pack12,B,63,126,32,0,0,2,4352,-7,-7,-1,1,8,12,23,1,6119,6119,4096,-11,0x17e7010000000000000000000000
204,prefix126_127,post_sum_pack12,B,63,126,32,0,0,3,4096,-11,-11,-1,1,12,12,1,1,6117,6117,0,-11,0x17e5811000000000000000000000
204,prefix126_127,signed_floor,B,63,126,32,0,0,1,8157,0,1,1,1,0,12,6143,0,6143,6143,4352,-7,
204,prefix126_127,signed_floor,B,63,126,32,0,0,2,4352,-7,-7,-1,1,8,12,23,1,6119,6119,4096,-11,
204,prefix126_127,signed_floor,B,63,126,32,0,0,3,4096,-11,-11,-1,1,12,12,1,1,6117,6117,0,-11,
205,rnd_boundary,fig3,B,63,126,32,0,0,1,8157,0,1,1,1,0,12,6143,0,6143,6143,4352,-7,
205,rnd_boundary,fig3,B,63,126,32,0,0,2,4352,-7,-7,-1,1,8,12,23,1,6120,6120,4096,-11,
205,rnd_boundary,fig3,B,63,126,32,0,0,3,4096,-11,-11,-1,1,12,12,1,1,6119,6119,0,-11,
205,rnd_boundary,tie_b,B,63,126,32,0,0,1,8157,0,1,1,1,0,12,6143,0,6143,6143,4352,-7,
205,rnd_boundary,tie_b,B,63,126,32,0,0,2,4352,-7,-7,-1,1,8,12,23,1,6120,6120,4096,-11,
205,rnd_boundary,tie_b,B,63,126,32,0,0,3,4096,-11,-11,-1,1,12,12,1,1,6119,6119,0,-11,
205,rnd_boundary,legacy7,A,63,126,32,32,1,1,6143,0,0,1,0,0,12,8157,0,8157,8157,8188,-2,
205,rnd_boundary,legacy7,A,63,126,32,32,1,2,8188,-2,-1,1,0,1,12,4078,1,12235,12235,6144,-13,
205,rnd_boundary,legacy7,A,63,126,32,32,1,3,6144,-13,-12,-1,0,12,12,1,1,12234,12234,8188,-15,
205,rnd_boundary,input_anchor,B,63,126,32,0,0,1,8157,0,1,1,0,-1,12,12286,0,12286,12286,4352,-7,
205,rnd_boundary,input_anchor,B,63,126,32,0,0,2,4352,-7,-7,-1,0,7,12,47,1,12239,12239,4096,-11,
205,rnd_boundary,input_anchor,B,63,126,32,0,0,3,4096,-11,-11,-1,0,11,12,2,1,12237,12237,0,-11,
205,rnd_boundary,exact_residual,B,63,126,32,0,0,1,8157,0,1,1,1,0,12,6143,0,6143,6143,4480,-7,
205,rnd_boundary,exact_residual,B,63,126,32,0,0,2,4480,-7,-7,-1,1,8,12,23,1,6120,6120,6144,-11,
205,rnd_boundary,exact_residual,B,63,126,32,0,0,3,6144,-11,-10,-1,1,11,12,2,1,6118,6118,4096,-12,
205,rnd_boundary,guard1_pack12,B,63,126,32,0,0,1,8157,0,1,1,1,0,13,12286,0,12286,6143,4352,-7,
205,rnd_boundary,guard1_pack12,B,63,126,32,0,0,2,4352,-7,-7,-1,1,8,13,47,1,12239,6119,4096,-11,
205,rnd_boundary,guard1_pack12,B,63,126,32,0,0,3,4096,-11,-11,-1,1,12,13,2,1,12237,6118,0,-11,
205,rnd_boundary,guard12_pack12,B,63,126,32,0,0,1,8157,0,1,1,1,0,24,25161728,0,25161728,6143,4352,-7,
205,rnd_boundary,guard12_pack12,B,63,126,32,0,0,2,4352,-7,-7,-1,1,8,24,98288,0,25063440,6119,4096,-11,
205,rnd_boundary,guard12_pack12,B,63,126,32,0,0,3,4096,-11,-11,-1,1,12,24,6143,0,25057297,6117,0,-11,
205,rnd_boundary,source_uncut,B,63,126,32,0,0,1,8157,0,1,1,1,0,24,25161728,0,25161728,6143,4352,-7,
205,rnd_boundary,source_uncut,B,63,126,32,0,0,2,4352,-7,-7,-1,1,8,24,98288,0,25063440,6119,4096,-11,
205,rnd_boundary,source_uncut,B,63,126,32,0,0,3,4096,-11,-11,-1,1,12,24,6143,0,25057297,6117,0,-11,
205,rnd_boundary,post_sum_pack12,B,63,126,32,0,0,1,8157,0,1,1,1,0,12,6143,0,6143,6143,4352,-7,0x17ff000000000000000000000000
205,rnd_boundary,post_sum_pack12,B,63,126,32,0,0,2,4352,-7,-7,-1,1,8,12,23,1,6119,6119,4096,-11,0x17e7010000000000000000000000
205,rnd_boundary,post_sum_pack12,B,63,126,32,0,0,3,4096,-11,-11,-1,1,12,12,1,1,6117,6117,0,-11,0x17e5811000000000000000000000
205,rnd_boundary,signed_floor,B,63,126,32,0,0,1,8157,0,1,1,1,0,12,6143,0,6143,6143,4352,-7,
205,rnd_boundary,signed_floor,B,63,126,32,0,0,2,4352,-7,-7,-1,1,8,12,23,1,6119,6119,4096,-11,
205,rnd_boundary,signed_floor,B,63,126,32,0,0,3,4096,-11,-11,-1,1,12,12,1,1,6117,6117,0,-11,
206,anchor_cut,fig3,B,63,126,32,0,0,1,8157,0,1,1,1,0,12,6143,0,6143,6143,4352,-7,
206,anchor_cut,fig3,B,63,126,32,0,0,2,4352,-7,-7,-1,1,8,12,23,1,6120,6120,4096,-11,
206,anchor_cut,fig3,B,63,126,32,0,0,3,4096,-11,-11,-1,1,12,12,1,1,6119,6119,0,-11,
206,anchor_cut,tie_b,B,63,126,32,0,0,1,8157,0,1,1,1,0,12,6143,0,6143,6143,4352,-7,
206,anchor_cut,tie_b,B,63,126,32,0,0,2,4352,-7,-7,-1,1,8,12,23,1,6120,6120,4096,-11,
206,anchor_cut,tie_b,B,63,126,32,0,0,3,4096,-11,-11,-1,1,12,12,1,1,6119,6119,0,-11,
206,anchor_cut,legacy7,A,63,126,32,32,1,1,6143,0,0,1,0,0,12,8157,0,8157,8157,8188,-2,
206,anchor_cut,legacy7,A,63,126,32,32,1,2,8188,-2,-1,1,0,1,12,4078,1,12235,12235,6144,-13,
206,anchor_cut,legacy7,A,63,126,32,32,1,3,6144,-13,-12,-1,0,12,12,1,1,12234,12234,8188,-15,
206,anchor_cut,input_anchor,B,63,126,32,0,0,1,8157,0,1,1,0,-1,12,12286,0,12286,12286,4352,-7,
206,anchor_cut,input_anchor,B,63,126,32,0,0,2,4352,-7,-7,-1,0,7,12,47,1,12239,12239,4096,-11,
206,anchor_cut,input_anchor,B,63,126,32,0,0,3,4096,-11,-11,-1,0,11,12,2,1,12237,12237,0,-11,
206,anchor_cut,exact_residual,B,63,126,32,0,0,1,8157,0,1,1,1,0,12,6143,0,6143,6143,4480,-7,
206,anchor_cut,exact_residual,B,63,126,32,0,0,2,4480,-7,-7,-1,1,8,12,23,1,6120,6120,6144,-11,
206,anchor_cut,exact_residual,B,63,126,32,0,0,3,6144,-11,-10,-1,1,11,12,2,1,6118,6118,4096,-12,
206,anchor_cut,guard1_pack12,B,63,126,32,0,0,1,8157,0,1,1,1,0,13,12286,0,12286,6143,4352,-7,
206,anchor_cut,guard1_pack12,B,63,126,32,0,0,2,4352,-7,-7,-1,1,8,13,47,1,12239,6119,4096,-11,
206,anchor_cut,guard1_pack12,B,63,126,32,0,0,3,4096,-11,-11,-1,1,12,13,2,1,12237,6118,0,-11,
206,anchor_cut,guard12_pack12,B,63,126,32,0,0,1,8157,0,1,1,1,0,24,25161728,0,25161728,6143,4352,-7,
206,anchor_cut,guard12_pack12,B,63,126,32,0,0,2,4352,-7,-7,-1,1,8,24,98288,0,25063440,6119,4096,-11,
206,anchor_cut,guard12_pack12,B,63,126,32,0,0,3,4096,-11,-11,-1,1,12,24,6143,0,25057297,6117,0,-11,
206,anchor_cut,source_uncut,B,63,126,32,0,0,1,8157,0,1,1,1,0,24,25161728,0,25161728,6143,4352,-7,
206,anchor_cut,source_uncut,B,63,126,32,0,0,2,4352,-7,-7,-1,1,8,24,98288,0,25063440,6119,4096,-11,
206,anchor_cut,source_uncut,B,63,126,32,0,0,3,4096,-11,-11,-1,1,12,24,6143,0,25057297,6117,0,-11,
206,anchor_cut,post_sum_pack12,B,63,126,32,0,0,1,8157,0,1,1,1,0,12,6143,0,6143,6143,4352,-7,0x17ff000000000000000000000000
206,anchor_cut,post_sum_pack12,B,63,126,32,0,0,2,4352,-7,-7,-1,1,8,12,23,1,6119,6119,4096,-11,0x17e7010000000000000000000000
206,anchor_cut,post_sum_pack12,B,63,126,32,0,0,3,4096,-11,-11,-1,1,12,12,1,1,6117,6117,0,-11,0x17e5811000000000000000000000
206,anchor_cut,signed_floor,B,63,126,32,0,0,1,8157,0,1,1,1,0,12,6143,0,6143,6143,4352,-7,
206,anchor_cut,signed_floor,B,63,126,32,0,0,2,4352,-7,-7,-1,1,8,12,23,1,6119,6119,4096,-11,
206,anchor_cut,signed_floor,B,63,126,32,0,0,3,4096,-11,-11,-1,1,12,12,1,1,6117,6117,0,-11,
207,prefix126_127,fig3,B,63,126,32,0,0,1,8157,0,1,1,1,0,12,6143,0,6143,6143,4352,-7,
207,prefix126_127,fig3,B,63,126,32,0,0,2,4352,-7,-7,-1,1,8,12,23,1,6120,6120,4096,-11,
207,prefix126_127,fig3,B,63,126,32,0,0,3,4096,-11,-11,-1,1,12,12,1,1,6119,6119,0,-11,
207,prefix126_127,tie_b,B,63,126,32,0,0,1,8157,0,1,1,1,0,12,6143,0,6143,6143,4352,-7,
207,prefix126_127,tie_b,B,63,126,32,0,0,2,4352,-7,-7,-1,1,8,12,23,1,6120,6120,4096,-11,
207,prefix126_127,tie_b,B,63,126,32,0,0,3,4096,-11,-11,-1,1,12,12,1,1,6119,6119,0,-11,
207,prefix126_127,legacy7,A,63,126,32,32,1,1,6143,0,0,1,0,0,12,8157,0,8157,8157,8188,-2,
207,prefix126_127,legacy7,A,63,126,32,32,1,2,8188,-2,-1,1,0,1,12,4078,1,12235,12235,6144,-13,
207,prefix126_127,legacy7,A,63,126,32,32,1,3,6144,-13,-12,-1,0,12,12,1,1,12234,12234,8188,-15,
207,prefix126_127,legacy7,A,63,126,32,32,1,4,8188,-15,-14,1,0,14,12,0,1,12234,12234,6144,-26,
207,prefix126_127,input_anchor,B,63,126,32,0,0,1,8157,0,1,1,0,-1,12,12286,0,12286,12286,4352,-7,
207,prefix126_127,input_anchor,B,63,126,32,0,0,2,4352,-7,-7,-1,0,7,12,47,1,12239,12239,4096,-11,
207,prefix126_127,input_anchor,B,63,126,32,0,0,3,4096,-11,-11,-1,0,11,12,2,1,12237,12237,0,-11,
207,prefix126_127,exact_residual,B,63,126,32,0,0,1,8157,0,1,1,1,0,12,6143,0,6143,6143,4480,-7,
207,prefix126_127,exact_residual,B,63,126,32,0,0,2,4480,-7,-7,-1,1,8,12,23,1,6120,6120,6144,-11,
207,prefix126_127,exact_residual,B,63,126,32,0,0,3,6144,-11,-10,-1,1,11,12,2,1,6118,6118,4096,-12,
207,prefix126_127,exact_residual,B,63,126,32,0,0,4,4096,-12,-12,1,1,13,12,0,1,6118,6118,0,-12,
207,prefix126_127,guard1_pack12,B,63,126,32,0,0,1,8157,0,1,1,1,0,13,12286,0,12286,6143,4352,-7,
207,prefix126_127,guard1_pack12,B,63,126,32,0,0,2,4352,-7,-7,-1,1,8,13,47,1,12239,6119,4096,-11,
207,prefix126_127,guard1_pack12,B,63,126,32,0,0,3,4096,-11,-11,-1,1,12,13,2,1,12237,6118,0,-11,
207,prefix126_127,guard12_pack12,B,63,126,32,0,0,1,8157,0,1,1,1,0,24,25161728,0,25161728,6143,4352,-7,
207,prefix126_127,guard12_pack12,B,63,126,32,0,0,2,4352,-7,-7,-1,1,8,24,98288,0,25063440,6119,4096,-11,
207,prefix126_127,guard12_pack12,B,63,126,32,0,0,3,4096,-11,-11,-1,1,12,24,6143,0,25057297,6117,0,-11,
207,prefix126_127,source_uncut,B,63,126,32,0,0,1,8157,0,1,1,1,0,24,25161728,0,25161728,6143,4352,-7,
207,prefix126_127,source_uncut,B,63,126,32,0,0,2,4352,-7,-7,-1,1,8,24,98288,0,25063440,6119,4096,-11,
207,prefix126_127,source_uncut,B,63,126,32,0,0,3,4096,-11,-11,-1,1,12,24,6143,0,25057297,6117,0,-11,
207,prefix126_127,post_sum_pack12,B,63,126,32,0,0,1,8157,0,1,1,1,0,12,6143,0,6143,6143,4352,-7,0x17ff000000000000000000000000
207,prefix126_127,post_sum_pack12,B,63,126,32,0,0,2,4352,-7,-7,-1,1,8,12,23,1,6119,6119,4096,-11,0x17e7010000000000000000000000
207,prefix126_127,post_sum_pack12,B,63,126,32,0,0,3,4096,-11,-11,-1,1,12,12,1,1,6117,6117,0,-11,0x17e5811000000000000000000000
207,prefix126_127,signed_floor,B,63,126,32,0,0,1,8157,0,1,1,1,0,12,6143,0,6143,6143,4352,-7,
207,prefix126_127,signed_floor,B,63,126,32,0,0,2,4352,-7,-7,-1,1,8,12,23,1,6119,6119,4096,-11,
207,prefix126_127,signed_floor,B,63,126,32,0,0,3,4096,-11,-11,-1,1,12,12,1,1,6117,6117,0,-11,
208,rnd_boundary,fig3,B,63,126,32,0,0,1,8157,0,1,1,1,0,12,6143,0,6143,6143,4352,-7,
208,rnd_boundary,fig3,B,63,126,32,0,0,2,4352,-7,-7,-1,1,8,12,23,1,6120,6120,4096,-11,
208,rnd_boundary,fig3,B,63,126,32,0,0,3,4096,-11,-11,-1,1,12,12,1,1,6119,6119,0,-11,
208,rnd_boundary,tie_b,B,63,126,32,0,0,1,8157,0,1,1,1,0,12,6143,0,6143,6143,4352,-7,
208,rnd_boundary,tie_b,B,63,126,32,0,0,2,4352,-7,-7,-1,1,8,12,23,1,6120,6120,4096,-11,
208,rnd_boundary,tie_b,B,63,126,32,0,0,3,4096,-11,-11,-1,1,12,12,1,1,6119,6119,0,-11,
208,rnd_boundary,legacy7,A,63,126,32,32,1,1,6143,0,0,1,0,0,12,8157,0,8157,8157,8188,-2,
208,rnd_boundary,legacy7,A,63,126,32,32,1,2,8188,-2,-1,1,0,1,12,4078,1,12235,12235,6144,-13,
208,rnd_boundary,legacy7,A,63,126,32,32,1,3,6144,-13,-12,-1,0,12,12,1,1,12234,12234,8188,-15,
208,rnd_boundary,legacy7,A,63,126,32,32,1,4,8188,-15,-14,1,0,14,12,0,1,12234,12234,6144,-26,
208,rnd_boundary,input_anchor,B,63,126,32,0,0,1,8157,0,1,1,0,-1,12,12286,0,12286,12286,4352,-7,
208,rnd_boundary,input_anchor,B,63,126,32,0,0,2,4352,-7,-7,-1,0,7,12,47,1,12239,12239,4096,-11,
208,rnd_boundary,input_anchor,B,63,126,32,0,0,3,4096,-11,-11,-1,0,11,12,2,1,12237,12237,0,-11,
208,rnd_boundary,exact_residual,B,63,126,32,0,0,1,8157,0,1,1,1,0,12,6143,0,6143,6143,4480,-7,
208,rnd_boundary,exact_residual,B,63,126,32,0,0,2,4480,-7,-7,-1,1,8,12,23,1,6120,6120,6144,-11,
208,rnd_boundary,exact_residual,B,63,126,32,0,0,3,6144,-11,-10,-1,1,11,12,2,1,6118,6118,4096,-12,
208,rnd_boundary,exact_residual,B,63,126,32,0,0,4,4096,-12,-12,1,1,13,12,0,1,6118,6118,0,-12,
208,rnd_boundary,guard1_pack12,B,63,126,32,0,0,1,8157,0,1,1,1,0,13,12286,0,12286,6143,4352,-7,
208,rnd_boundary,guard1_pack12,B,63,126,32,0,0,2,4352,-7,-7,-1,1,8,13,47,1,12239,6119,4096,-11,
208,rnd_boundary,guard1_pack12,B,63,126,32,0,0,3,4096,-11,-11,-1,1,12,13,2,1,12237,6118,0,-11,
208,rnd_boundary,guard12_pack12,B,63,126,32,0,0,1,8157,0,1,1,1,0,24,25161728,0,25161728,6143,4352,-7,
208,rnd_boundary,guard12_pack12,B,63,126,32,0,0,2,4352,-7,-7,-1,1,8,24,98288,0,25063440,6119,4096,-11,
208,rnd_boundary,guard12_pack12,B,63,126,32,0,0,3,4096,-11,-11,-1,1,12,24,6143,0,25057297,6117,0,-11,
208,rnd_boundary,source_uncut,B,63,126,32,0,0,1,8157,0,1,1,1,0,24,25161728,0,25161728,6143,4352,-7,
208,rnd_boundary,source_uncut,B,63,126,32,0,0,2,4352,-7,-7,-1,1,8,24,98288,0,25063440,6119,4096,-11,
208,rnd_boundary,source_uncut,B,63,126,32,0,0,3,4096,-11,-11,-1,1,12,24,6143,0,25057297,6117,0,-11,
208,rnd_boundary,post_sum_pack12,B,63,126,32,0,0,1,8157,0,1,1,1,0,12,6143,0,6143,6143,4352,-7,0x17ff000000000000000000000000
208,rnd_boundary,post_sum_pack12,B,63,126,32,0,0,2,4352,-7,-7,-1,1,8,12,23,1,6119,6119,4096,-11,0x17e7010000000000000000000000
208,rnd_boundary,post_sum_pack12,B,63,126,32,0,0,3,4096,-11,-11,-1,1,12,12,1,1,6117,6117,0,-11,0x17e5811000000000000000000000
208,rnd_boundary,signed_floor,B,63,126,32,0,0,1,8157,0,1,1,1,0,12,6143,0,6143,6143,4352,-7,
208,rnd_boundary,signed_floor,B,63,126,32,0,0,2,4352,-7,-7,-1,1,8,12,23,1,6119,6119,4096,-11,
208,rnd_boundary,signed_floor,B,63,126,32,0,0,3,4096,-11,-11,-1,1,12,12,1,1,6117,6117,0,-11,
209,anchor_cut,fig3,B,63,126,32,0,0,1,8157,0,1,1,1,0,12,6143,0,6143,6143,4352,-7,
209,anchor_cut,fig3,B,63,126,32,0,0,2,4352,-7,-7,-1,1,8,12,23,1,6120,6120,4096,-11,
209,anchor_cut,fig3,B,63,126,32,0,0,3,4096,-11,-11,-1,1,12,12,1,1,6119,6119,0,-11,
209,anchor_cut,tie_b,B,63,126,32,0,0,1,8157,0,1,1,1,0,12,6143,0,6143,6143,4352,-7,
209,anchor_cut,tie_b,B,63,126,32,0,0,2,4352,-7,-7,-1,1,8,12,23,1,6120,6120,4096,-11,
209,anchor_cut,tie_b,B,63,126,32,0,0,3,4096,-11,-11,-1,1,12,12,1,1,6119,6119,0,-11,
209,anchor_cut,legacy7,A,63,126,32,32,1,1,6143,0,0,1,0,0,12,8157,0,8157,8157,8188,-2,
209,anchor_cut,legacy7,A,63,126,32,32,1,2,8188,-2,-1,1,0,1,12,4078,1,12235,12235,6144,-13,
209,anchor_cut,legacy7,A,63,126,32,32,1,3,6144,-13,-12,-1,0,12,12,1,1,12234,12234,8188,-15,
209,anchor_cut,legacy7,A,63,126,32,32,1,4,8188,-15,-14,1,0,14,12,0,1,12234,12234,6144,-26,
209,anchor_cut,input_anchor,B,63,126,32,0,0,1,8157,0,1,1,0,-1,12,12286,0,12286,12286,4352,-7,
209,anchor_cut,input_anchor,B,63,126,32,0,0,2,4352,-7,-7,-1,0,7,12,47,1,12239,12239,4096,-11,
209,anchor_cut,input_anchor,B,63,126,32,0,0,3,4096,-11,-11,-1,0,11,12,2,1,12237,12237,0,-11,
209,anchor_cut,exact_residual,B,63,126,32,0,0,1,8157,0,1,1,1,0,12,6143,0,6143,6143,4480,-7,
209,anchor_cut,exact_residual,B,63,126,32,0,0,2,4480,-7,-7,-1,1,8,12,23,1,6120,6120,6144,-11,
209,anchor_cut,exact_residual,B,63,126,32,0,0,3,6144,-11,-10,-1,1,11,12,2,1,6118,6118,4096,-12,
209,anchor_cut,exact_residual,B,63,126,32,0,0,4,4096,-12,-12,1,1,13,12,0,1,6118,6118,0,-12,
209,anchor_cut,guard1_pack12,B,63,126,32,0,0,1,8157,0,1,1,1,0,13,12286,0,12286,6143,4352,-7,
209,anchor_cut,guard1_pack12,B,63,126,32,0,0,2,4352,-7,-7,-1,1,8,13,47,1,12239,6119,4096,-11,
209,anchor_cut,guard1_pack12,B,63,126,32,0,0,3,4096,-11,-11,-1,1,12,13,2,1,12237,6118,0,-11,
209,anchor_cut,guard12_pack12,B,63,126,32,0,0,1,8157,0,1,1,1,0,24,25161728,0,25161728,6143,4352,-7,
209,anchor_cut,guard12_pack12,B,63,126,32,0,0,2,4352,-7,-7,-1,1,8,24,98288,0,25063440,6119,4096,-11,
209,anchor_cut,guard12_pack12,B,63,126,32,0,0,3,4096,-11,-11,-1,1,12,24,6143,0,25057297,6117,0,-11,
209,anchor_cut,source_uncut,B,63,126,32,0,0,1,8157,0,1,1,1,0,24,25161728,0,25161728,6143,4352,-7,
209,anchor_cut,source_uncut,B,63,126,32,0,0,2,4352,-7,-7,-1,1,8,24,98288,0,25063440,6119,4096,-11,
209,anchor_cut,source_uncut,B,63,126,32,0,0,3,4096,-11,-11,-1,1,12,24,6143,0,25057297,6117,0,-11,
209,anchor_cut,post_sum_pack12,B,63,126,32,0,0,1,8157,0,1,1,1,0,12,6143,0,6143,6143,4352,-7,0x17ff000000000000000000000000
209,anchor_cut,post_sum_pack12,B,63,126,32,0,0,2,4352,-7,-7,-1,1,8,12,23,1,6119,6119,4096,-11,0x17e7010000000000000000000000
209,anchor_cut,post_sum_pack12,B,63,126,32,0,0,3,4096,-11,-11,-1,1,12,12,1,1,6117,6117,0,-11,0x17e5811000000000000000000000
209,anchor_cut,signed_floor,B,63,126,32,0,0,1,8157,0,1,1,1,0,12,6143,0,6143,6143,4352,-7,
209,anchor_cut,signed_floor,B,63,126,32,0,0,2,4352,-7,-7,-1,1,8,12,23,1,6119,6119,4096,-11,
209,anchor_cut,signed_floor,B,63,126,32,0,0,3,4096,-11,-11,-1,1,12,12,1,1,6117,6117,0,-11,
210,anchor_cut,fig3,B,63,127,32,0,0,1,8188,0,1,1,1,0,12,6143,0,6143,6143,6144,-11,
210,anchor_cut,fig3,B,63,127,32,0,0,2,6144,-11,-10,-1,1,11,12,2,1,6141,6141,8188,-13,
210,anchor_cut,tie_b,B,63,127,32,0,0,1,8188,0,1,1,1,0,12,6143,0,6143,6143,6144,-11,
210,anchor_cut,tie_b,B,63,127,32,0,0,2,6144,-11,-10,-1,1,11,12,2,1,6141,6141,8188,-13,
210,anchor_cut,legacy7,A,63,127,32,32,1,1,6143,0,0,1,0,0,12,8188,0,8188,8188,8188,-2,
210,anchor_cut,legacy7,A,63,127,32,32,1,2,8188,-2,-1,1,0,1,12,4094,0,12282,12282,6144,-13,
210,anchor_cut,input_anchor,B,63,127,32,0,0,1,8188,0,1,1,0,-1,12,12286,0,12286,12286,6144,-11,
210,anchor_cut,input_anchor,B,63,127,32,0,0,2,6144,-11,-10,-1,0,10,12,5,1,12281,12281,8188,-13,
210,anchor_cut,exact_residual,B,63,127,32,0,0,1,8188,0,1,1,1,0,12,6143,0,6143,6143,4096,-10,
210,anchor_cut,exact_residual,B,63,127,32,0,0,2,4096,-10,-10,-1,1,11,12,2,1,6141,6141,0,-10,
210,anchor_cut,guard1_pack12,B,63,127,32,0,0,1,8188,0,1,1,1,0,13,12286,0,12286,6143,6144,-11,
210,anchor_cut,guard1_pack12,B,63,127,32,0,0,2,6144,-11,-10,-1,1,11,13,5,1,12281,6140,8188,-13,
210,anchor_cut,guard12_pack12,B,63,127,32,0,0,1,8188,0,1,1,1,0,24,25161728,0,25161728,6143,6144,-11,
210,anchor_cut,guard12_pack12,B,63,127,32,0,0,2,6144,-11,-10,-1,1,11,24,12286,0,25149442,6140,8188,-13,
210,anchor_cut,source_uncut,B,63,127,32,0,0,1,8188,0,1,1,1,0,24,25161728,0,25161728,6143,6144,-11,
210,anchor_cut,source_uncut,B,63,127,32,0,0,2,6144,-11,-10,-1,1,11,24,12286,0,25149442,6140,8188,-13,
210,anchor_cut,post_sum_pack12,B,63,127,32,0,0,1,8188,0,1,1,1,0,12,6143,0,6143,6143,6144,-11,0x17ff000000000000000000000000
210,anchor_cut,post_sum_pack12,B,63,127,32,0,0,2,6144,-11,-10,-1,1,11,12,2,1,6140,6140,8188,-13,0x17fc002000000000000000000000
210,anchor_cut,signed_floor,B,63,127,32,0,0,1,8188,0,1,1,1,0,12,6143,0,6143,6143,6144,-11,
210,anchor_cut,signed_floor,B,63,127,32,0,0,2,6144,-11,-10,-1,1,11,12,2,1,6140,6140,8188,-13,
211,prefix126_127,fig3,B,63,127,32,0,0,1,8188,0,1,1,1,0,12,6143,0,6143,6143,6144,-11,
211,prefix126_127,fig3,B,63,127,32,0,0,2,6144,-11,-10,-1,1,11,12,2,1,6141,6141,8188,-13,
211,prefix126_127,fig3,B,63,127,32,0,0,3,8188,-13,-12,1,1,13,12,0,1,6141,6141,6144,-24,
211,prefix126_127,tie_b,B,63,127,32,0,0,1,8188,0,1,1,1,0,12,6143,0,6143,6143,6144,-11,
211,prefix126_127,tie_b,B,63,127,32,0,0,2,6144,-11,-10,-1,1,11,12,2,1,6141,6141,8188,-13,
211,prefix126_127,tie_b,B,63,127,32,0,0,3,8188,-13,-12,1,1,13,12,0,1,6141,6141,6144,-24,
211,prefix126_127,legacy7,A,63,127,32,32,1,1,6143,0,0,1,0,0,12,8188,0,8188,8188,8188,-2,
211,prefix126_127,legacy7,A,63,127,32,32,1,2,8188,-2,-1,1,0,1,12,4094,0,12282,12282,6144,-13,
211,prefix126_127,legacy7,A,63,127,32,32,1,3,6144,-13,-12,-1,0,12,12,1,1,12281,12281,8188,-15,
211,prefix126_127,input_anchor,B,63,127,32,0,0,1,8188,0,1,1,0,-1,12,12286,0,12286,12286,6144,-11,
211,prefix126_127,input_anchor,B,63,127,32,0,0,2,6144,-11,-10,-1,0,10,12,5,1,12281,12281,8188,-13,
211,prefix126_127,input_anchor,B,63,127,32,0,0,3,8188,-13,-12,1,0,12,12,1,1,12282,12282,6144,-24,
211,prefix126_127,exact_residual,B,63,127,32,0,0,1,8188,0,1,1,1,0,12,6143,0,6143,6143,4096,-10,
211,prefix126_127,exact_residual,B,63,127,32,0,0,2,4096,-10,-10,-1,1,11,12,2,1,6141,6141,0,-10,
211,prefix126_127,guard1_pack12,B,63,127,32,0,0,1,8188,0,1,1,1,0,13,12286,0,12286,6143,6144,-11,
211,prefix126_127,guard1_pack12,B,63,127,32,0,0,2,6144,-11,-10,-1,1,11,13,5,1,12281,6140,8188,-13,
211,prefix126_127,guard1_pack12,B,63,127,32,0,0,3,8188,-13,-12,1,1,13,13,1,1,12282,6141,6144,-24,
211,prefix126_127,guard12_pack12,B,63,127,32,0,0,1,8188,0,1,1,1,0,24,25161728,0,25161728,6143,6144,-11,
211,prefix126_127,guard12_pack12,B,63,127,32,0,0,2,6144,-11,-10,-1,1,11,24,12286,0,25149442,6140,8188,-13,
211,prefix126_127,guard12_pack12,B,63,127,32,0,0,3,8188,-13,-12,1,1,13,24,3071,1,25152513,6140,6144,-24,
211,prefix126_127,source_uncut,B,63,127,32,0,0,1,8188,0,1,1,1,0,24,25161728,0,25161728,6143,6144,-11,
211,prefix126_127,source_uncut,B,63,127,32,0,0,2,6144,-11,-10,-1,1,11,24,12286,0,25149442,6140,8188,-13,
211,prefix126_127,source_uncut,B,63,127,32,0,0,3,8188,-13,-12,1,1,13,24,3071,1,25152513,6140,6144,-24,
211,prefix126_127,post_sum_pack12,B,63,127,32,0,0,1,8188,0,1,1,1,0,12,6143,0,6143,6143,6144,-11,0x17ff000000000000000000000000
211,prefix126_127,post_sum_pack12,B,63,127,32,0,0,2,6144,-11,-10,-1,1,11,12,2,1,6140,6140,8188,-13,0x17fc002000000000000000000000
211,prefix126_127,post_sum_pack12,B,63,127,32,0,0,3,8188,-13,-12,1,1,13,12,0,1,6140,6140,6144,-24,0x17fcc01800000000000000000000
211,prefix126_127,signed_floor,B,63,127,32,0,0,1,8188,0,1,1,1,0,12,6143,0,6143,6143,6144,-11,
211,prefix126_127,signed_floor,B,63,127,32,0,0,2,6144,-11,-10,-1,1,11,12,2,1,6140,6140,8188,-13,
211,prefix126_127,signed_floor,B,63,127,32,0,0,3,8188,-13,-12,1,1,13,12,0,1,6140,6140,6144,-24,
212,prefix126_127,fig3,B,63,127,32,0,0,1,8188,0,1,1,1,0,12,6143,0,6143,6143,6144,-11,
212,prefix126_127,fig3,B,63,127,32,0,0,2,6144,-11,-10,-1,1,11,12,2,1,6141,6141,8188,-13,
212,prefix126_127,fig3,B,63,127,32,0,0,3,8188,-13,-12,1,1,13,12,0,1,6141,6141,6144,-24,
212,prefix126_127,fig3,B,63,127,32,0,0,4,6144,-24,-23,-1,1,24,12,0,1,6141,6141,8188,-26,
212,prefix126_127,tie_b,B,63,127,32,0,0,1,8188,0,1,1,1,0,12,6143,0,6143,6143,6144,-11,
212,prefix126_127,tie_b,B,63,127,32,0,0,2,6144,-11,-10,-1,1,11,12,2,1,6141,6141,8188,-13,
212,prefix126_127,tie_b,B,63,127,32,0,0,3,8188,-13,-12,1,1,13,12,0,1,6141,6141,6144,-24,
212,prefix126_127,tie_b,B,63,127,32,0,0,4,6144,-24,-23,-1,1,24,12,0,1,6141,6141,8188,-26,
212,prefix126_127,legacy7,A,63,127,32,32,1,1,6143,0,0,1,0,0,12,8188,0,8188,8188,8188,-2,
212,prefix126_127,legacy7,A,63,127,32,32,1,2,8188,-2,-1,1,0,1,12,4094,0,12282,12282,6144,-13,
212,prefix126_127,legacy7,A,63,127,32,32,1,3,6144,-13,-12,-1,0,12,12,1,1,12281,12281,8188,-15,
212,prefix126_127,legacy7,A,63,127,32,32,1,4,8188,-15,-14,1,0,14,12,0,1,12281,12281,6144,-26,
212,prefix126_127,input_anchor,B,63,127,32,0,0,1,8188,0,1,1,0,-1,12,12286,0,12286,12286,6144,-11,
212,prefix126_127,input_anchor,B,63,127,32,0,0,2,6144,-11,-10,-1,0,10,12,5,1,12281,12281,8188,-13,
212,prefix126_127,input_anchor,B,63,127,32,0,0,3,8188,-13,-12,1,0,12,12,1,1,12282,12282,6144,-24,
212,prefix126_127,input_anchor,B,63,127,32,0,0,4,6144,-24,-23,-1,0,23,12,0,1,12282,12282,8188,-26,
212,prefix126_127,exact_residual,B,63,127,32,0,0,1,8188,0,1,1,1,0,12,6143,0,6143,6143,4096,-10,
212,prefix126_127,exact_residual,B,63,127,32,0,0,2,4096,-10,-10,-1,1,11,12,2,1,6141,6141,0,-10,
212,prefix126_127,guard1_pack12,B,63,127,32,0,0,1,8188,0,1,1,1,0,13,12286,0,12286,6143,6144,-11,
212,prefix126_127,guard1_pack12,B,63,127,32,0,0,2,6144,-11,-10,-1,1,11,13,5,1,12281,6140,8188,-13,
212,prefix126_127,guard1_pack12,B,63,127,32,0,0,3,8188,-13,-12,1,1,13,13,1,1,12282,6141,6144,-24,
212,prefix126_127,guard1_pack12,B,63,127,32,0,0,4,6144,-24,-23,-1,1,24,13,0,1,12282,6141,8188,-26,
212,prefix126_127,guard12_pack12,B,63,127,32,0,0,1,8188,0,1,1,1,0,24,25161728,0,25161728,6143,6144,-11,
212,prefix126_127,guard12_pack12,B,63,127,32,0,0,2,6144,-11,-10,-1,1,11,24,12286,0,25149442,6140,8188,-13,
212,prefix126_127,guard12_pack12,B,63,127,32,0,0,3,8188,-13,-12,1,1,13,24,3071,1,25152513,6140,6144,-24,
212,prefix126_127,guard12_pack12,B,63,127,32,0,0,4,6144,-24,-23,-1,1,24,24,1,1,25152512,6140,8188,-26,
212,prefix126_127,source_uncut,B,63,127,32,0,0,1,8188,0,1,1,1,0,24,25161728,0,25161728,6143,6144,-11,
212,prefix126_127,source_uncut,B,63,127,32,0,0,2,6144,-11,-10,-1,1,11,24,12286,0,25149442,6140,8188,-13,
212,prefix126_127,source_uncut,B,63,127,32,0,0,3,8188,-13,-12,1,1,13,24,3071,1,25152513,6140,6144,-24,
212,prefix126_127,source_uncut,B,63,127,32,0,0,4,6144,-24,-23,-1,1,24,24,1,1,25152512,6140,8188,-26,
212,prefix126_127,post_sum_pack12,B,63,127,32,0,0,1,8188,0,1,1,1,0,12,6143,0,6143,6143,6144,-11,0x17ff000000000000000000000000
212,prefix126_127,post_sum_pack12,B,63,127,32,0,0,2,6144,-11,-10,-1,1,11,12,2,1,6140,6140,8188,-13,0x17fc002000000000000000000000
212,prefix126_127,post_sum_pack12,B,63,127,32,0,0,3,8188,-13,-12,1,1,13,12,0,1,6140,6140,6144,-24,0x17fcc01800000000000000000000
212,prefix126_127,post_sum_pack12,B,63,127,32,0,0,4,6144,-24,-23,-1,1,24,12,0,1,6140,6140,8188,-26,0x17fcc00001000000000000000000
212,prefix126_127,signed_floor,B,63,127,32,0,0,1,8188,0,1,1,1,0,12,6143,0,6143,6143,6144,-11,
212,prefix126_127,signed_floor,B,63,127,32,0,0,2,6144,-11,-10,-1,1,11,12,2,1,6140,6140,8188,-13,
212,prefix126_127,signed_floor,B,63,127,32,0,0,3,8188,-13,-12,1,1,13,12,0,1,6140,6140,6144,-24,
212,prefix126_127,signed_floor,B,63,127,32,0,0,4,6144,-24,-23,-1,1,24,12,0,1,6139,6139,8188,-26,
213,anchor_cut,fig3,A,64,0,0,0,1,1,6144,0,1,1,1,0,12,4096,0,4096,4096,8188,-2,
213,anchor_cut,fig3,A,64,0,0,0,1,2,8188,-2,-1,-1,1,2,12,1024,0,3072,3072,6144,-13,
213,anchor_cut,fig3,A,64,0,0,0,1,3,6144,-13,-12,1,1,13,12,0,1,3072,3072,8188,-15,
213,anchor_cut,tie_b,B,64,0,0,0,1,1,4096,0,0,1,0,0,12,6144,0,6144,6144,0,0,
213,anchor_cut,legacy7,A,64,0,0,0,1,1,6144,0,1,1,1,0,12,4096,0,4096,4096,8188,-2,
213,anchor_cut,legacy7,A,64,0,0,0,1,2,8188,-2,-1,-1,1,2,12,1024,0,3072,3072,6144,-13,
213,anchor_cut,legacy7,A,64,0,0,0,1,3,6144,-13,-12,1,1,13,12,0,1,3072,3072,8188,-15,
213,anchor_cut,input_anchor,A,64,0,0,0,1,1,6144,0,1,1,0,-1,12,8192,0,8192,8192,8188,-2,
213,anchor_cut,input_anchor,A,64,0,0,0,1,2,8188,-2,-1,-1,0,1,12,2048,0,6144,6144,6144,-13,
213,anchor_cut,input_anchor,A,64,0,0,0,1,3,6144,-13,-12,1,0,12,12,1,0,6145,6145,8188,-15,
213,anchor_cut,exact_residual,A,64,0,0,0,1,1,6144,0,1,1,1,0,12,4096,0,4096,4096,4096,-1,
213,anchor_cut,exact_residual,A,64,0,0,0,1,2,4096,-1,-1,-1,1,2,12,1024,0,3072,3072,0,-1,
213,anchor_cut,guard1_pack12,A,64,0,0,0,1,1,6144,0,1,1,1,0,13,8192,0,8192,4096,8188,-2,
213,anchor_cut,guard1_pack12,A,64,0,0,0,1,2,8188,-2,-1,-1,1,2,13,2048,0,6144,3072,6144,-13,
213,anchor_cut,guard1_pack12,A,64,0,0,0,1,3,6144,-13,-12,1,1,13,13,1,0,6145,3072,8188,-15,
213,anchor_cut,guard12_pack12,A,64,0,0,0,1,1,6144,0,1,1,1,0,24,16777216,0,16777216,4096,8188,-2,
213,anchor_cut,guard12_pack12,A,64,0,0,0,1,2,8188,-2,-1,-1,1,2,24,4194304,0,12582912,3072,6144,-13,
213,anchor_cut,guard12_pack12,A,64,0,0,0,1,3,6144,-13,-12,1,1,13,24,2048,0,12584960,3072,8188,-15,
213,anchor_cut,source_uncut,A,64,0,0,0,1,1,6144,0,1,1,1,0,24,16777216,0,16777216,4096,8188,-2,
213,anchor_cut,source_uncut,A,64,0,0,0,1,2,8188,-2,-1,-1,1,2,24,4194304,0,12582912,3072,6144,-13,
213,anchor_cut,source_uncut,A,64,0,0,0,1,3,6144,-13,-12,1,1,13,24,2048,0,12584960,3072,8188,-15,
213,anchor_cut,post_sum_pack12,A,64,0,0,0,1,1,6144,0,1,1,1,0,12,4096,0,4096,4096,8188,-2,0x1000000000000000000000000000
213,anchor_cut,post_sum_pack12,A,64,0,0,0,1,2,8188,-2,-1,-1,1,2,12,1024,0,3072,3072,6144,-13,0xc00000000000000000000000000
213,anchor_cut,post_sum_pack12,A,64,0,0,0,1,3,6144,-13,-12,1,1,13,12,0,1,3072,3072,8188,-15,0xc00800000000000000000000000
213,anchor_cut,signed_floor,A,64,0,0,0,1,1,6144,0,1,1,1,0,12,4096,0,4096,4096,8188,-2,
213,anchor_cut,signed_floor,A,64,0,0,0,1,2,8188,-2,-1,-1,1,2,12,1024,0,3072,3072,6144,-13,
213,anchor_cut,signed_floor,A,64,0,0,0,1,3,6144,-13,-12,1,1,13,12,0,1,3072,3072,8188,-15,
214,anchor_cut,fig3,A,64,0,0,0,1,1,6144,0,1,1,1,0,12,4096,0,4096,4096,8188,-2,
214,anchor_cut,fig3,A,64,0,0,0,1,2,8188,-2,-1,-1,1,2,12,1024,0,3072,3072,6144,-13,
214,anchor_cut,fig3,A,64,0,0,0,1,3,6144,-13,-12,1,1,13,12,0,1,3072,3072,8188,-15,
214,anchor_cut,fig3,A,64,0,0,0,1,4,8188,-15,-14,-1,1,15,12,0,1,3072,3072,6144,-26,
214,anchor_cut,tie_b,B,64,0,0,0,1,1,4096,0,0,1,0,0,12,6144,0,6144,6144,0,0,
214,anchor_cut,legacy7,A,64,0,0,0,1,1,6144,0,1,1,1,0,12,4096,0,4096,4096,8188,-2,
214,anchor_cut,legacy7,A,64,0,0,0,1,2,8188,-2,-1,-1,1,2,12,1024,0,3072,3072,6144,-13,
214,anchor_cut,legacy7,A,64,0,0,0,1,3,6144,-13,-12,1,1,13,12,0,1,3072,3072,8188,-15,
214,anchor_cut,legacy7,A,64,0,0,0,1,4,8188,-15,-14,-1,1,15,12,0,1,3072,3072,6144,-26,
214,anchor_cut,input_anchor,A,64,0,0,0,1,1,6144,0,1,1,0,-1,12,8192,0,8192,8192,8188,-2,
214,anchor_cut,input_anchor,A,64,0,0,0,1,2,8188,-2,-1,-1,0,1,12,2048,0,6144,6144,6144,-13,
214,anchor_cut,input_anchor,A,64,0,0,0,1,3,6144,-13,-12,1,0,12,12,1,0,6145,6145,8188,-15,
214,anchor_cut,input_anchor,A,64,0,0,0,1,4,8188,-15,-14,-1,0,14,12,0,1,6145,6145,6144,-26,
214,anchor_cut,exact_residual,A,64,0,0,0,1,1,6144,0,1,1,1,0,12,4096,0,4096,4096,4096,-1,
214,anchor_cut,exact_residual,A,64,0,0,0,1,2,4096,-1,-1,-1,1,2,12,1024,0,3072,3072,0,-1,
214,anchor_cut,guard1_pack12,A,64,0,0,0,1,1,6144,0,1,1,1,0,13,8192,0,8192,4096,8188,-2,
214,anchor_cut,guard1_pack12,A,64,0,0,0,1,2,8188,-2,-1,-1,1,2,13,2048,0,6144,3072,6144,-13,
214,anchor_cut,guard1_pack12,A,64,0,0,0,1,3,6144,-13,-12,1,1,13,13,1,0,6145,3072,8188,-15,
214,anchor_cut,guard1_pack12,A,64,0,0,0,1,4,8188,-15,-14,-1,1,15,13,0,1,6145,3072,6144,-26,
214,anchor_cut,guard12_pack12,A,64,0,0,0,1,1,6144,0,1,1,1,0,24,16777216,0,16777216,4096,8188,-2,
214,anchor_cut,guard12_pack12,A,64,0,0,0,1,2,8188,-2,-1,-1,1,2,24,4194304,0,12582912,3072,6144,-13,
214,anchor_cut,guard12_pack12,A,64,0,0,0,1,3,6144,-13,-12,1,1,13,24,2048,0,12584960,3072,8188,-15,
214,anchor_cut,guard12_pack12,A,64,0,0,0,1,4,8188,-15,-14,-1,1,15,24,512,0,12584448,3072,6144,-26,
214,anchor_cut,source_uncut,A,64,0,0,0,1,1,6144,0,1,1,1,0,24,16777216,0,16777216,4096,8188,-2,
214,anchor_cut,source_uncut,A,64,0,0,0,1,2,8188,-2,-1,-1,1,2,24,4194304,0,12582912,3072,6144,-13,
214,anchor_cut,source_uncut,A,64,0,0,0,1,3,6144,-13,-12,1,1,13,24,2048,0,12584960,3072,8188,-15,
214,anchor_cut,source_uncut,A,64,0,0,0,1,4,8188,-15,-14,-1,1,15,24,512,0,12584448,3072,6144,-26,
214,anchor_cut,post_sum_pack12,A,64,0,0,0,1,1,6144,0,1,1,1,0,12,4096,0,4096,4096,8188,-2,0x1000000000000000000000000000
214,anchor_cut,post_sum_pack12,A,64,0,0,0,1,2,8188,-2,-1,-1,1,2,12,1024,0,3072,3072,6144,-13,0xc00000000000000000000000000
214,anchor_cut,post_sum_pack12,A,64,0,0,0,1,3,6144,-13,-12,1,1,13,12,0,1,3072,3072,8188,-15,0xc00800000000000000000000000
214,anchor_cut,post_sum_pack12,A,64,0,0,0,1,4,8188,-15,-14,-1,1,15,12,0,1,3072,3072,6144,-26,0xc00600000000000000000000000
214,anchor_cut,signed_floor,A,64,0,0,0,1,1,6144,0,1,1,1,0,12,4096,0,4096,4096,8188,-2,
214,anchor_cut,signed_floor,A,64,0,0,0,1,2,8188,-2,-1,-1,1,2,12,1024,0,3072,3072,6144,-13,
214,anchor_cut,signed_floor,A,64,0,0,0,1,3,6144,-13,-12,1,1,13,12,0,1,3072,3072,8188,-15,
214,anchor_cut,signed_floor,A,64,0,0,0,1,4,8188,-15,-14,-1,1,15,12,0,1,3071,3071,6144,-26,
215,anchor_cut,fig3,A,64,0,0,0,1,1,6144,0,1,1,1,0,12,4127,0,4127,4127,8188,-2,
215,anchor_cut,fig3,A,64,0,0,0,1,2,8188,-2,-1,-1,1,2,12,1031,1,3096,3096,6144,-13,
215,anchor_cut,tie_b,B,64,0,0,0,1,1,4127,0,0,1,0,0,12,6144,0,6144,6144,7936,-8,
215,anchor_cut,tie_b,B,64,0,0,0,1,2,7936,-8,-7,1,0,7,12,48,0,6192,6192,8160,-13,
215,anchor_cut,legacy7,A,64,0,0,0,1,1,6144,0,1,1,1,0,12,4127,0,4127,4127,8188,-2,
215,anchor_cut,legacy7,A,64,0,0,0,1,2,8188,-2,-1,-1,1,2,12,1031,1,3096,3096,6144,-13,
215,anchor_cut,input_anchor,A,64,0,0,0,1,1,6144,0,1,1,0,-1,12,8254,0,8254,8254,8188,-2,
215,anchor_cut,input_anchor,A,64,0,0,0,1,2,8188,-2,-1,-1,0,1,12,2063,1,6191,6191,6144,-13,
215,anchor_cut,exact_residual,A,64,0,0,0,1,1,6144,0,1,1,1,0,12,4127,0,4127,4127,4096,-1,
215,anchor_cut,exact_residual,A,64,0,0,0,1,2,4096,-1,-1,-1,1,2,12,1031,1,3096,3096,0,-1,
215,anchor_cut,guard1_pack12,A,64,0,0,0,1,1,6144,0,1,1,1,0,13,8254,0,8254,4127,8188,-2,
215,anchor_cut,guard1_pack12,A,64,0,0,0,1,2,8188,-2,-1,-1,1,2,13,2063,1,6191,3095,6144,-13,
215,anchor_cut,guard12_pack12,A,64,0,0,0,1,1,6144,0,1,1,1,0,24,16904192,0,16904192,4127,8188,-2,
215,anchor_cut,guard12_pack12,A,64,0,0,0,1,2,8188,-2,-1,-1,1,2,24,4226048,0,12678144,3095,6144,-13,
215,anchor_cut,source_uncut,A,64,0,0,0,1,1,6144,0,1,1,1,0,24,16904192,0,16904192,4127,8188,-2,
215,anchor_cut,source_uncut,A,64,0,0,0,1,2,8188,-2,-1,-1,1,2,24,4226048,0,12678144,3095,6144,-13,
215,anchor_cut,post_sum_pack12,A,64,0,0,0,1,1,6144,0,1,1,1,0,12,4127,0,4127,4127,8188,-2,0x101f000000000000000000000000
215,anchor_cut,post_sum_pack12,A,64,0,0,0,1,2,8188,-2,-1,-1,1,2,12,1031,1,3095,3095,6144,-13,0xc17400000000000000000000000
215,anchor_cut,signed_floor,A,64,0,0,0,1,1,6144,0,1,1,1,0,12,4127,0,4127,4127,8188,-2,
215,anchor_cut,signed_floor,A,64,0,0,0,1,2,8188,-2,-1,-1,1,2,12,1031,1,3095,3095,6144,-13,
216,anchor_cut,fig3,A,64,1,0,0,1,1,6144,0,1,1,1,0,12,4158,0,4158,4158,8188,-2,
216,anchor_cut,fig3,A,64,1,0,0,1,2,8188,-2,-1,-1,1,2,12,1039,1,3119,3119,6144,-13,
216,anchor_cut,tie_b,B,64,1,0,0,1,1,4158,0,0,1,0,0,12,6144,0,6144,6144,7936,-7,
216,anchor_cut,tie_b,B,64,1,0,0,1,2,7936,-7,-6,1,0,6,12,96,0,6240,6240,8160,-12,
216,anchor_cut,legacy7,A,64,1,0,0,1,1,6144,0,1,1,1,0,12,4158,0,4158,4158,8188,-2,
216,anchor_cut,legacy7,A,64,1,0,0,1,2,8188,-2,-1,-1,1,2,12,1039,1,3119,3119,6144,-13,
216,anchor_cut,input_anchor,A,64,1,0,0,1,1,6144,0,1,1,0,-1,12,8316,0,8316,8316,8188,-2,
216,anchor_cut,input_anchor,A,64,1,0,0,1,2,8188,-2,-1,-1,0,1,12,2079,0,6237,6237,6144,-13,
216,anchor_cut,exact_residual,A,64,1,0,0,1,1,6144,0,1,1,1,0,12,4158,0,4158,4158,4096,-1,
216,anchor_cut,exact_residual,A,64,1,0,0,1,2,4096,-1,-1,-1,1,2,12,1039,1,3119,3119,0,-1,
216,anchor_cut,guard1_pack12,A,64,1,0,0,1,1,6144,0,1,1,1,0,13,8316,0,8316,4158,8188,-2,
216,anchor_cut,guard1_pack12,A,64,1,0,0,1,2,8188,-2,-1,-1,1,2,13,2079,0,6237,3118,6144,-13,
216,anchor_cut,guard12_pack12,A,64,1,0,0,1,1,6144,0,1,1,1,0,24,17031168,0,17031168,4158,8188,-2,
216,anchor_cut,guard12_pack12,A,64,1,0,0,1,2,8188,-2,-1,-1,1,2,24,4257792,0,12773376,3118,6144,-13,
216,anchor_cut,source_uncut,A,64,1,0,0,1,1,6144,0,1,1,1,0,24,17031168,0,17031168,4158,8188,-2,
216,anchor_cut,source_uncut,A,64,1,0,0,1,2,8188,-2,-1,-1,1,2,24,4257792,0,12773376,3118,6144,-13,
216,anchor_cut,post_sum_pack12,A,64,1,0,0,1,1,6144,0,1,1,1,0,12,4158,0,4158,4158,8188,-2,0x103e000000000000000000000000
216,anchor_cut,post_sum_pack12,A,64,1,0,0,1,2,8188,-2,-1,-1,1,2,12,1039,1,3118,3118,6144,-13,0xc2e800000000000000000000000
216,anchor_cut,signed_floor,A,64,1,0,0,1,1,6144,0,1,1,1,0,12,4158,0,4158,4158,8188,-2,
216,anchor_cut,signed_floor,A,64,1,0,0,1,2,8188,-2,-1,-1,1,2,12,1039,1,3118,3118,6144,-13,
217,anchor_cut,fig3,A,64,2,0,0,1,1,6144,0,1,1,1,0,12,4189,0,4189,4189,8188,-2,
217,anchor_cut,fig3,A,64,2,0,0,1,2,8188,-2,-1,-1,1,2,12,1047,1,3142,3142,6144,-13,
217,anchor_cut,fig3,A,64,2,0,0,1,3,6144,-13,-12,1,1,13,12,0,1,3142,3142,8188,-15,
217,anchor_cut,tie_b,B,64,2,0,0,1,1,4189,0,0,1,0,0,12,6144,0,6144,6144,5952,-6,
217,anchor_cut,tie_b,B,64,2,0,0,1,2,5952,-6,-6,1,0,6,12,96,0,6240,6240,7424,-8,
217,anchor_cut,tie_b,B,64,2,0,0,1,3,7424,-8,-7,1,0,7,12,48,0,6288,6288,6136,-11,
217,anchor_cut,legacy7,A,64,2,0,0,1,1,6144,0,1,1,1,0,12,4189,0,4189,4189,8188,-2,
217,anchor_cut,legacy7,A,64,2,0,0,1,2,8188,-2,-1,-1,1,2,12,1047,1,3142,3142,6144,-13,
217,anchor_cut,legacy7,A,64,2,0,0,1,3,6144,-13,-12,1,1,13,12,0,1,3142,3142,8188,-15,
217,anchor_cut,input_anchor,A,64,2,0,0,1,1,6144,0,1,1,0,-1,12,8378,0,8378,8378,8188,-2,
217,anchor_cut,input_anchor,A,64,2,0,0,1,2,8188,-2,-1,-1,0,1,12,2094,1,6284,6284,6144,-13,
217,anchor_cut,input_anchor,A,64,2,0,0,1,3,6144,-13,-12,1,0,12,12,1,1,6285,6285,8188,-15,
217,anchor_cut,exact_residual,A,64,2,0,0,1,1,6144,0,1,1,1,0,12,4189,0,4189,4189,4096,-1,
217,anchor_cut,exact_residual,A,64,2,0,0,1,2,4096,-1,-1,-1,1,2,12,1047,1,3142,3142,0,-1,
217,anchor_cut,guard1_pack12,A,64,2,0,0,1,1,6144,0,1,1,1,0,13,8378,0,8378,4189,8188,-2,
217,anchor_cut,guard1_pack12,A,64,2,0,0,1,2,8188,-2,-1,-1,1,2,13,2094,1,6284,3142,6144,-13,
217,anchor_cut,guard1_pack12,A,64,2,0,0,1,3,6144,-13,-12,1,1,13,13,1,1,6285,3142,8188,-15,
217,anchor_cut,guard12_pack12,A,64,2,0,0,1,1,6144,0,1,1,1,0,24,17158144,0,17158144,4189,8188,-2,
217,anchor_cut,guard12_pack12,A,64,2,0,0,1,2,8188,-2,-1,-1,1,2,24,4289536,0,12868608,3141,6144,-13,
217,anchor_cut,guard12_pack12,A,64,2,0,0,1,3,6144,-13,-12,1,1,13,24,2094,1,12870702,3142,8188,-15,
217,anchor_cut,source_uncut,A,64,2,0,0,1,1,6144,0,1,1,1,0,24,17158144,0,17158144,4189,8188,-2,
217,anchor_cut,source_uncut,A,64,2,0,0,1,2,8188,-2,-1,-1,1,2,24,4289536,0,12868608,3141,6144,-13,
217,anchor_cut,source_uncut,A,64,2,0,0,1,3,6144,-13,-12,1,1,13,24,2094,1,12870702,3142,8188,-15,
217,anchor_cut,post_sum_pack12,A,64,2,0,0,1,1,6144,0,1,1,1,0,12,4189,0,4189,4189,8188,-2,0x105d000000000000000000000000
217,anchor_cut,post_sum_pack12,A,64,2,0,0,1,2,8188,-2,-1,-1,1,2,12,1047,1,3141,3141,6144,-13,0xc45c00000000000000000000000
217,anchor_cut,post_sum_pack12,A,64,2,0,0,1,3,6144,-13,-12,1,1,13,12,0,1,3142,3142,8188,-15,0xc4642e800000000000000000000
217,anchor_cut,signed_floor,A,64,2,0,0,1,1,6144,0,1,1,1,0,12,4189,0,4189,4189,8188,-2,
217,anchor_cut,signed_floor,A,64,2,0,0,1,2,8188,-2,-1,-1,1,2,12,1047,1,3141,3141,6144,-13,
217,anchor_cut,signed_floor,A,64,2,0,0,1,3,6144,-13,-12,1,1,13,12,0,1,3141,3141,8188,-15,
218,anchor_cut,fig3,A,64,2,0,0,1,1,6144,0,1,1,1,0,12,4189,0,4189,4189,8188,-2,
218,anchor_cut,fig3,A,64,2,0,0,1,2,8188,-2,-1,-1,1,2,12,1047,1,3142,3142,6144,-13,
218,anchor_cut,fig3,A,64,2,0,0,1,3,6144,-13,-12,1,1,13,12,0,1,3142,3142,8188,-15,
218,anchor_cut,fig3,A,64,2,0,0,1,4,8188,-15,-14,-1,1,15,12,0,1,3142,3142,6144,-26,
218,anchor_cut,tie_b,B,64,2,0,0,1,1,4189,0,0,1,0,0,12,6144,0,6144,6144,5952,-6,
218,anchor_cut,tie_b,B,64,2,0,0,1,2,5952,-6,-6,1,0,6,12,96,0,6240,6240,7424,-8,
218,anchor_cut,tie_b,B,64,2,0,0,1,3,7424,-8,-7,1,0,7,12,48,0,6288,6288,6136,-11,
218,anchor_cut,tie_b,B,64,2,0,0,1,4,6136,-11,-11,-1,0,11,12,3,0,6285,6285,8160,-13,
218,anchor_cut,legacy7,A,64,2,0,0,1,1,6144,0,1,1,1,0,12,4189,0,4189,4189,8188,-2,
218,anchor_cut,legacy7,A,64,2,0,0,1,2,8188,-2,-1,-1,1,2,12,1047,1,3142,3142,6144,-13,
218,anchor_cut,legacy7,A,64,2,0,0,1,3,6144,-13,-12,1,1,13,12,0,1,3142,3142,8188,-15,
218,anchor_cut,legacy7,A,64,2,0,0,1,4,8188,-15,-14,-1,1,15,12,0,1,3142,3142,6144,-26,
218,anchor_cut,input_anchor,A,64,2,0,0,1,1,6144,0,1,1,0,-1,12,8378,0,8378,8378,8188,-2,
218,anchor_cut,input_anchor,A,64,2,0,0,1,2,8188,-2,-1,-1,0,1,12,2094,1,6284,6284,6144,-13,
218,anchor_cut,input_anchor,A,64,2,0,0,1,3,6144,-13,-12,1,0,12,12,1,1,6285,6285,8188,-15,
218,anchor_cut,input_anchor,A,64,2,0,0,1,4,8188,-15,-14,-1,0,14,12,0,1,6285,6285,6144,-26,
218,anchor_cut,exact_residual,A,64,2,0,0,1,1,6144,0,1,1,1,0,12,4189,0,4189,4189,4096,-1,
218,anchor_cut,exact_residual,A,64,2,0,0,1,2,4096,-1,-1,-1,1,2,12,1047,1,3142,3142,0,-1,
218,anchor_cut,guard1_pack12,A,64,2,0,0,1,1,6144,0,1,1,1,0,13,8378,0,8378,4189,8188,-2,
218,anchor_cut,guard1_pack12,A,64,2,0,0,1,2,8188,-2,-1,-1,1,2,13,2094,1,6284,3142,6144,-13,
218,anchor_cut,guard1_pack12,A,64,2,0,0,1,3,6144,-13,-12,1,1,13,13,1,1,6285,3142,8188,-15,
218,anchor_cut,guard1_pack12,A,64,2,0,0,1,4,8188,-15,-14,-1,1,15,13,0,1,6285,3142,6144,-26,
218,anchor_cut,guard12_pack12,A,64,2,0,0,1,1,6144,0,1,1,1,0,24,17158144,0,17158144,4189,8188,-2,
218,anchor_cut,guard12_pack12,A,64,2,0,0,1,2,8188,-2,-1,-1,1,2,24,4289536,0,12868608,3141,6144,-13,
218,anchor_cut,guard12_pack12,A,64,2,0,0,1,3,6144,-13,-12,1,1,13,24,2094,1,12870702,3142,8188,-15,
218,anchor_cut,guard12_pack12,A,64,2,0,0,1,4,8188,-15,-14,-1,1,15,24,523,1,12870179,3142,6144,-26,
218,anchor_cut,source_uncut,A,64,2,0,0,1,1,6144,0,1,1,1,0,24,17158144,0,17158144,4189,8188,-2,
218,anchor_cut,source_uncut,A,64,2,0,0,1,2,8188,-2,-1,-1,1,2,24,4289536,0,12868608,3141,6144,-13,
218,anchor_cut,source_uncut,A,64,2,0,0,1,3,6144,-13,-12,1,1,13,24,2094,1,12870702,3142,8188,-15,
218,anchor_cut,source_uncut,A,64,2,0,0,1,4,8188,-15,-14,-1,1,15,24,523,1,12870179,3142,6144,-26,
218,anchor_cut,post_sum_pack12,A,64,2,0,0,1,1,6144,0,1,1,1,0,12,4189,0,4189,4189,8188,-2,0x105d000000000000000000000000
218,anchor_cut,post_sum_pack12,A,64,2,0,0,1,2,8188,-2,-1,-1,1,2,12,1047,1,3141,3141,6144,-13,0xc45c00000000000000000000000
218,anchor_cut,post_sum_pack12,A,64,2,0,0,1,3,6144,-13,-12,1,1,13,12,0,1,3142,3142,8188,-15,0xc4642e800000000000000000000
218,anchor_cut,post_sum_pack12,A,64,2,0,0,1,4,8188,-15,-14,-1,1,15,12,0,1,3142,3142,6144,-26,0xc46222e00000000000000000000
218,anchor_cut,signed_floor,A,64,2,0,0,1,1,6144,0,1,1,1,0,12,4189,0,4189,4189,8188,-2,
218,anchor_cut,signed_floor,A,64,2,0,0,1,2,8188,-2,-1,-1,1,2,12,1047,1,3141,3141,6144,-13,
218,anchor_cut,signed_floor,A,64,2,0,0,1,3,6144,-13,-12,1,1,13,12,0,1,3141,3141,8188,-15,
218,anchor_cut,signed_floor,A,64,2,0,0,1,4,8188,-15,-14,-1,1,15,12,0,1,3140,3140,6144,-26,
219,anchor_cut,fig3,A,64,3,0,32,0,1,6144,0,1,1,1,0,12,4220,0,4220,4220,8188,-2,
219,anchor_cut,fig3,A,64,3,0,32,0,2,8188,-2,-1,-1,1,2,12,1055,0,3165,3165,6144,-13,
219,anchor_cut,fig3,A,64,3,0,32,0,3,6144,-13,-12,1,1,13,12,0,1,3165,3165,8188,-15,
219,anchor_cut,tie_b,A,64,3,0,32,0,1,6144,0,1,1,1,0,12,4220,0,4220,4220,8188,-2,
219,anchor_cut,tie_b,A,64,3,0,32,0,2,8188,-2,-1,-1,1,2,12,1055,0,3165,3165,6144,-13,
219,anchor_cut,tie_b,A,64,3,0,32,0,3,6144,-13,-12,1,1,13,12,0,1,3165,3165,8188,-15,
219,anchor_cut,legacy7,A,64,3,0,32,0,1,6144,0,1,1,1,0,12,4220,0,4220,4220,8188,-2,
219,anchor_cut,legacy7,A,64,3,0,32,0,2,8188,-2,-1,-1,1,2,12,1055,0,3165,3165,6144,-13,
219,anchor_cut,legacy7,A,64,3,0,32,0,3,6144,-13,-12,1,1,13,12,0,1,3165,3165,8188,-15,
219,anchor_cut,input_anchor,A,64,3,0,32,0,1,6144,0,1,1,0,-1,12,8440,0,8440,8440,8188,-2,
219,anchor_cut,input_anchor,A,64,3,0,32,0,2,8188,-2,-1,-1,0,1,12,2110,0,6330,6330,6144,-13,
219,anchor_cut,input_anchor,A,64,3,0,32,0,3,6144,-13,-12,1,0,12,12,1,1,6331,6331,8188,-15,
219,anchor_cut,exact_residual,A,64,3,0,32,0,1,6144,0,1,1,1,0,12,4220,0,4220,4220,4096,-1,
219,anchor_cut,exact_residual,A,64,3,0,32,0,2,4096,-1,-1,-1,1,2,12,1055,0,3165,3165,0,-1,
219,anchor_cut,guard1_pack12,A,64,3,0,32,0,1,6144,0,1,1,1,0,13,8440,0,8440,4220,8188,-2,
219,anchor_cut,guard1_pack12,A,64,3,0,32,0,2,8188,-2,-1,-1,1,2,13,2110,0,6330,3165,6144,-13,
219,anchor_cut,guard1_pack12,A,64,3,0,32,0,3,6144,-13,-12,1,1,13,13,1,1,6331,3165,8188,-15,
219,anchor_cut,guard12_pack12,A,64,3,0,32,0,1,6144,0,1,1,1,0,24,17285120,0,17285120,4220,8188,-2,
219,anchor_cut,guard12_pack12,A,64,3,0,32,0,2,8188,-2,-1,-1,1,2,24,4321280,0,12963840,3165,6144,-13,
219,anchor_cut,guard12_pack12,A,64,3,0,32,0,3,6144,-13,-12,1,1,13,24,2110,0,12965950,3165,8188,-15,
219,anchor_cut,source_uncut,A,64,3,0,32,0,1,6144,0,1,1,1,0,24,17285120,0,17285120,4220,8188,-2,
219,anchor_cut,source_uncut,A,64,3,0,32,0,2,8188,-2,-1,-1,1,2,24,4321280,0,12963840,3165,6144,-13,
219,anchor_cut,source_uncut,A,64,3,0,32,0,3,6144,-13,-12,1,1,13,24,2110,0,12965950,3165,8188,-15,
219,anchor_cut,post_sum_pack12,A,64,3,0,32,0,1,6144,0,1,1,1,0,12,4220,0,4220,4220,8188,-2,0x107c000000000000000000000000
219,anchor_cut,post_sum_pack12,A,64,3,0,32,0,2,8188,-2,-1,-1,1,2,12,1055,0,3165,3165,6144,-13,0xc5d000000000000000000000000
219,anchor_cut,post_sum_pack12,A,64,3,0,32,0,3,6144,-13,-12,1,1,13,12,0,1,3165,3165,8188,-15,0xc5d83e000000000000000000000
219,anchor_cut,signed_floor,A,64,3,0,32,0,1,6144,0,1,1,1,0,12,4220,0,4220,4220,8188,-2,
219,anchor_cut,signed_floor,A,64,3,0,32,0,2,8188,-2,-1,-1,1,2,12,1055,0,3165,3165,6144,-13,
219,anchor_cut,signed_floor,A,64,3,0,32,0,3,6144,-13,-12,1,1,13,12,0,1,3165,3165,8188,-15,
220,anchor_cut,fig3,A,64,3,0,32,0,1,6144,0,1,1,1,0,12,4220,0,4220,4220,8188,-2,
220,anchor_cut,fig3,A,64,3,0,32,0,2,8188,-2,-1,-1,1,2,12,1055,0,3165,3165,6144,-13,
220,anchor_cut,fig3,A,64,3,0,32,0,3,6144,-13,-12,1,1,13,12,0,1,3165,3165,8188,-15,
220,anchor_cut,fig3,A,64,3,0,32,0,4,8188,-15,-14,-1,1,15,12,0,1,3165,3165,6144,-26,
220,anchor_cut,tie_b,A,64,3,0,32,0,1,6144,0,1,1,1,0,12,4220,0,4220,4220,8188,-2,
220,anchor_cut,tie_b,A,64,3,0,32,0,2,8188,-2,-1,-1,1,2,12,1055,0,3165,3165,6144,-13,
220,anchor_cut,tie_b,A,64,3,0,32,0,3,6144,-13,-12,1,1,13,12,0,1,3165,3165,8188,-15,
220,anchor_cut,tie_b,A,64,3,0,32,0,4,8188,-15,-14,-1,1,15,12,0,1,3165,3165,6144,-26,
220,anchor_cut,legacy7,A,64,3,0,32,0,1,6144,0,1,1,1,0,12,4220,0,4220,4220,8188,-2,
220,anchor_cut,legacy7,A,64,3,0,32,0,2,8188,-2,-1,-1,1,2,12,1055,0,3165,3165,6144,-13,
220,anchor_cut,legacy7,A,64,3,0,32,0,3,6144,-13,-12,1,1,13,12,0,1,3165,3165,8188,-15,
220,anchor_cut,legacy7,A,64,3,0,32,0,4,8188,-15,-14,-1,1,15,12,0,1,3165,3165,6144,-26,
220,anchor_cut,input_anchor,A,64,3,0,32,0,1,6144,0,1,1,0,-1,12,8440,0,8440,8440,8188,-2,
220,anchor_cut,input_anchor,A,64,3,0,32,0,2,8188,-2,-1,-1,0,1,12,2110,0,6330,6330,6144,-13,
220,anchor_cut,input_anchor,A,64,3,0,32,0,3,6144,-13,-12,1,0,12,12,1,1,6331,6331,8188,-15,
220,anchor_cut,input_anchor,A,64,3,0,32,0,4,8188,-15,-14,-1,0,14,12,0,1,6331,6331,6144,-26,
220,anchor_cut,exact_residual,A,64,3,0,32,0,1,6144,0,1,1,1,0,12,4220,0,4220,4220,4096,-1,
220,anchor_cut,exact_residual,A,64,3,0,32,0,2,4096,-1,-1,-1,1,2,12,1055,0,3165,3165,0,-1,
220,anchor_cut,guard1_pack12,A,64,3,0,32,0,1,6144,0,1,1,1,0,13,8440,0,8440,4220,8188,-2,
220,anchor_cut,guard1_pack12,A,64,3,0,32,0,2,8188,-2,-1,-1,1,2,13,2110,0,6330,3165,6144,-13,
220,anchor_cut,guard1_pack12,A,64,3,0,32,0,3,6144,-13,-12,1,1,13,13,1,1,6331,3165,8188,-15,
220,anchor_cut,guard1_pack12,A,64,3,0,32,0,4,8188,-15,-14,-1,1,15,13,0,1,6331,3165,6144,-26,
220,anchor_cut,guard12_pack12,A,64,3,0,32,0,1,6144,0,1,1,1,0,24,17285120,0,17285120,4220,8188,-2,
220,anchor_cut,guard12_pack12,A,64,3,0,32,0,2,8188,-2,-1,-1,1,2,24,4321280,0,12963840,3165,6144,-13,
220,anchor_cut,guard12_pack12,A,64,3,0,32,0,3,6144,-13,-12,1,1,13,24,2110,0,12965950,3165,8188,-15,
220,anchor_cut,guard12_pack12,A,64,3,0,32,0,4,8188,-15,-14,-1,1,15,24,527,1,12965423,3165,6144,-26,
220,anchor_cut,source_uncut,A,64,3,0,32,0,1,6144,0,1,1,1,0,24,17285120,0,17285120,4220,8188,-2,
220,anchor_cut,source_uncut,A,64,3,0,32,0,2,8188,-2,-1,-1,1,2,24,4321280,0,12963840,3165,6144,-13,
220,anchor_cut,source_uncut,A,64,3,0,32,0,3,6144,-13,-12,1,1,13,24,2110,0,12965950,3165,8188,-15,
220,anchor_cut,source_uncut,A,64,3,0,32,0,4,8188,-15,-14,-1,1,15,24,527,1,12965423,3165,6144,-26,
220,anchor_cut,post_sum_pack12,A,64,3,0,32,0,1,6144,0,1,1,1,0,12,4220,0,4220,4220,8188,-2,0x107c000000000000000000000000
220,anchor_cut,post_sum_pack12,A,64,3,0,32,0,2,8188,-2,-1,-1,1,2,12,1055,0,3165,3165,6144,-13,0xc5d000000000000000000000000
220,anchor_cut,post_sum_pack12,A,64,3,0,32,0,3,6144,-13,-12,1,1,13,12,0,1,3165,3165,8188,-15,0xc5d83e000000000000000000000
220,anchor_cut,post_sum_pack12,A,64,3,0,32,0,4,8188,-15,-14,-1,1,15,12,0,1,3165,3165,6144,-26,0xc5d62e800000000000000000000
220,anchor_cut,signed_floor,A,64,3,0,32,0,1,6144,0,1,1,1,0,12,4220,0,4220,4220,8188,-2,
220,anchor_cut,signed_floor,A,64,3,0,32,0,2,8188,-2,-1,-1,1,2,12,1055,0,3165,3165,6144,-13,
220,anchor_cut,signed_floor,A,64,3,0,32,0,3,6144,-13,-12,1,1,13,12,0,1,3165,3165,8188,-15,
220,anchor_cut,signed_floor,A,64,3,0,32,0,4,8188,-15,-14,-1,1,15,12,0,1,3164,3164,6144,-26,
221,anchor_cut,fig3,A,64,4,0,0,1,1,6144,0,1,1,1,0,12,4251,0,4251,4251,8188,-2,
221,anchor_cut,fig3,A,64,4,0,0,1,2,8188,-2,-1,-1,1,2,12,1062,1,3189,3189,6144,-13,
221,anchor_cut,tie_b,B,64,4,0,0,1,1,4251,0,0,1,0,0,12,6144,0,6144,6144,4960,-5,
221,anchor_cut,tie_b,B,64,4,0,0,1,2,4960,-5,-5,1,0,5,12,192,0,6336,6336,6912,-8,
221,anchor_cut,legacy7,A,64,4,0,0,1,1,6144,0,1,1,1,0,12,4251,0,4251,4251,8188,-2,
221,anchor_cut,legacy7,A,64,4,0,0,1,2,8188,-2,-1,-1,1,2,12,1062,1,3189,3189,6144,-13,
221,anchor_cut,input_anchor,A,64,4,0,0,1,1,6144,0,1,1,0,-1,12,8502,0,8502,8502,8188,-2,
221,anchor_cut,input_anchor,A,64,4,0,0,1,2,8188,-2,-1,-1,0,1,12,2125,1,6377,6377,6144,-13,
221,anchor_cut,exact_residual,A,64,4,0,0,1,1,6144,0,1,1,1,0,12,4251,0,4251,4251,4096,-1,
221,anchor_cut,exact_residual,A,64,4,0,0,1,2,4096,-1,-1,-1,1,2,12,1062,1,3189,3189,0,-1,
221,anchor_cut,guard1_pack12,A,64,4,0,0,1,1,6144,0,1,1,1,0,13,8502,0,8502,4251,8188,-2,
221,anchor_cut,guard1_pack12,A,64,4,0,0,1,2,8188,-2,-1,-1,1,2,13,2125,1,6377,3188,6144,-13,
221,anchor_cut,guard12_pack12,A,64,4,0,0,1,1,6144,0,1,1,1,0,24,17412096,0,17412096,4251,8188,-2,
221,anchor_cut,guard12_pack12,A,64,4,0,0,1,2,8188,-2,-1,-1,1,2,24,4353024,0,13059072,3188,6144,-13,
221,anchor_cut,source_uncut,A,64,4,0,0,1,1,6144,0,1,1,1,0,24,17412096,0,17412096,4251,8188,-2,
221,anchor_cut,source_uncut,A,64,4,0,0,1,2,8188,-2,-1,-1,1,2,24,4353024,0,13059072,3188,6144,-13,
221,anchor_cut,post_sum_pack12,A,64,4,0,0,1,1,6144,0,1,1,1,0,12,4251,0,4251,4251,8188,-2,0x109b000000000000000000000000
221,anchor_cut,post_sum_pack12,A,64,4,0,0,1,2,8188,-2,-1,-1,1,2,12,1062,1,3188,3188,6144,-13,0xc74400000000000000000000000
221,anchor_cut,signed_floor,A,64,4,0,0,1,1,6144,0,1,1,1,0,12,4251,0,4251,4251,8188,-2,
221,anchor_cut,signed_floor,A,64,4,0,0,1,2,8188,-2,-1,-1,1,2,12,1062,1,3188,3188,6144,-13,
222,anchor_cut,fig3,A,64,5,0,32,0,1,6144,0,1,1,1,0,12,4282,0,4282,4282,8188,-2,
222,anchor_cut,fig3,A,64,5,0,32,0,2,8188,-2,-1,-1,1,2,12,1070,1,3212,3212,6144,-13,
222,anchor_cut,tie_b,A,64,5,0,32,0,1,6144,0,1,1,1,0,12,4282,0,4282,4282,8188,-2,
222,anchor_cut,tie_b,A,64,5,0,32,0,2,8188,-2,-1,-1,1,2,12,1070,1,3212,3212,6144,-13,
222,anchor_cut,legacy7,A,64,5,0,32,0,1,6144,0,1,1,1,0,12,4282,0,4282,4282,8188,-2,
222,anchor_cut,legacy7,A,64,5,0,32,0,2,8188,-2,-1,-1,1,2,12,1070,1,3212,3212,6144,-13,
222,anchor_cut,input_anchor,A,64,5,0,32,0,1,6144,0,1,1,0,-1,12,8564,0,8564,8564,8188,-2,
222,anchor_cut,input_anchor,A,64,5,0,32,0,2,8188,-2,-1,-1,0,1,12,2141,0,6423,6423,6144,-13,
222,anchor_cut,exact_residual,A,64,5,0,32,0,1,6144,0,1,1,1,0,12,4282,0,4282,4282,4096,-1,
222,anchor_cut,exact_residual,A,64,5,0,32,0,2,4096,-1,-1,-1,1,2,12,1070,1,3212,3212,0,-1,
222,anchor_cut,guard1_pack12,A,64,5,0,32,0,1,6144,0,1,1,1,0,13,8564,0,8564,4282,8188,-2,
222,anchor_cut,guard1_pack12,A,64,5,0,32,0,2,8188,-2,-1,-1,1,2,13,2141,0,6423,3211,6144,-13,
222,anchor_cut,guard12_pack12,A,64,5,0,32,0,1,6144,0,1,1,1,0,24,17539072,0,17539072,4282,8188,-2,
222,anchor_cut,guard12_pack12,A,64,5,0,32,0,2,8188,-2,-1,-1,1,2,24,4384768,0,13154304,3211,6144,-13,
222,anchor_cut,source_uncut,A,64,5,0,32,0,1,6144,0,1,1,1,0,24,17539072,0,17539072,4282,8188,-2,
222,anchor_cut,source_uncut,A,64,5,0,32,0,2,8188,-2,-1,-1,1,2,24,4384768,0,13154304,3211,6144,-13,
222,anchor_cut,post_sum_pack12,A,64,5,0,32,0,1,6144,0,1,1,1,0,12,4282,0,4282,4282,8188,-2,0x10ba000000000000000000000000
222,anchor_cut,post_sum_pack12,A,64,5,0,32,0,2,8188,-2,-1,-1,1,2,12,1070,1,3211,3211,6144,-13,0xc8b800000000000000000000000
222,anchor_cut,signed_floor,A,64,5,0,32,0,1,6144,0,1,1,1,0,12,4282,0,4282,4282,8188,-2,
222,anchor_cut,signed_floor,A,64,5,0,32,0,2,8188,-2,-1,-1,1,2,12,1070,1,3211,3211,6144,-13,
223,anchor_cut,fig3,A,64,6,0,64,0,1,6144,0,1,1,1,0,12,4313,0,4313,4313,8188,-2,
223,anchor_cut,fig3,A,64,6,0,64,0,2,8188,-2,-1,-1,1,2,12,1078,1,3235,3235,6144,-13,
223,anchor_cut,fig3,A,64,6,0,64,0,3,6144,-13,-12,1,1,13,12,0,1,3235,3235,8188,-15,
223,anchor_cut,tie_b,A,64,6,0,64,0,1,6144,0,1,1,1,0,12,4313,0,4313,4313,8188,-2,
223,anchor_cut,tie_b,A,64,6,0,64,0,2,8188,-2,-1,-1,1,2,12,1078,1,3235,3235,6144,-13,
223,anchor_cut,tie_b,A,64,6,0,64,0,3,6144,-13,-12,1,1,13,12,0,1,3235,3235,8188,-15,
223,anchor_cut,legacy7,A,64,6,0,64,0,1,6144,0,1,1,1,0,12,4313,0,4313,4313,8188,-2,
223,anchor_cut,legacy7,A,64,6,0,64,0,2,8188,-2,-1,-1,1,2,12,1078,1,3235,3235,6144,-13,
223,anchor_cut,legacy7,A,64,6,0,64,0,3,6144,-13,-12,1,1,13,12,0,1,3235,3235,8188,-15,
223,anchor_cut,input_anchor,A,64,6,0,64,0,1,6144,0,1,1,0,-1,12,8626,0,8626,8626,8188,-2,
223,anchor_cut,input_anchor,A,64,6,0,64,0,2,8188,-2,-1,-1,0,1,12,2156,1,6470,6470,6144,-13,
223,anchor_cut,input_anchor,A,64,6,0,64,0,3,6144,-13,-12,1,0,12,12,1,1,6471,6471,8188,-15,
223,anchor_cut,exact_residual,A,64,6,0,64,0,1,6144,0,1,1,1,0,12,4313,0,4313,4313,4096,-1,
223,anchor_cut,exact_residual,A,64,6,0,64,0,2,4096,-1,-1,-1,1,2,12,1078,1,3235,3235,0,-1,
223,anchor_cut,guard1_pack12,A,64,6,0,64,0,1,6144,0,1,1,1,0,13,8626,0,8626,4313,8188,-2,
223,anchor_cut,guard1_pack12,A,64,6,0,64,0,2,8188,-2,-1,-1,1,2,13,2156,1,6470,3235,6144,-13,
223,anchor_cut,guard1_pack12,A,64,6,0,64,0,3,6144,-13,-12,1,1,13,13,1,1,6471,3235,8188,-15,
223,anchor_cut,guard12_pack12,A,64,6,0,64,0,1,6144,0,1,1,1,0,24,17666048,0,17666048,4313,8188,-2,
223,anchor_cut,guard12_pack12,A,64,6,0,64,0,2,8188,-2,-1,-1,1,2,24,4416512,0,13249536,3234,6144,-13,
223,anchor_cut,guard12_pack12,A,64,6,0,64,0,3,6144,-13,-12,1,1,13,24,2156,1,13251692,3235,8188,-15,
223,anchor_cut,source_uncut,A,64,6,0,64,0,1,6144,0,1,1,1,0,24,17666048,0,17666048,4313,8188,-2,
223,anchor_cut,source_uncut,A,64,6,0,64,0,2,8188,-2,-1,-1,1,2,24,4416512,0,13249536,3234,6144,-13,
223,anchor_cut,source_uncut,A,64,6,0,64,0,3,6144,-13,-12,1,1,13,24,2156,1,13251692,3235,8188,-15,
223,anchor_cut,post_sum_pack12,A,64,6,0,64,0,1,6144,0,1,1,1,0,12,4313,0,4313,4313,8188,-2,0x10d9000000000000000000000000
223,anchor_cut,post_sum_pack12,A,64,6,0,64,0,2,8188,-2,-1,-1,1,2,12,1078,1,3234,3234,6144,-13,0xca2c00000000000000000000000
223,anchor_cut,post_sum_pack12,A,64,6,0,64,0,3,6144,-13,-12,1,1,13,12,0,1,3235,3235,8188,-15,0xca346c800000000000000000000
223,anchor_cut,signed_floor,A,64,6,0,64,0,1,6144,0,1,1,1,0,12,4313,0,4313,4313,8188,-2,
223,anchor_cut,signed_floor,A,64,6,0,64,0,2,8188,-2,-1,-1,1,2,12,1078,1,3234,3234,6144,-13,
223,anchor_cut,signed_floor,A,64,6,0,64,0,3,6144,-13,-12,1,1,13,12,0,1,3234,3234,8188,-15,
224,anchor_cut,fig3,A,64,6,0,64,0,1,6144,0,1,1,1,0,12,4313,0,4313,4313,8188,-2,
224,anchor_cut,fig3,A,64,6,0,64,0,2,8188,-2,-1,-1,1,2,12,1078,1,3235,3235,6144,-13,
224,anchor_cut,fig3,A,64,6,0,64,0,3,6144,-13,-12,1,1,13,12,0,1,3235,3235,8188,-15,
224,anchor_cut,fig3,A,64,6,0,64,0,4,8188,-15,-14,-1,1,15,12,0,1,3235,3235,6144,-26,
224,anchor_cut,tie_b,A,64,6,0,64,0,1,6144,0,1,1,1,0,12,4313,0,4313,4313,8188,-2,
224,anchor_cut,tie_b,A,64,6,0,64,0,2,8188,-2,-1,-1,1,2,12,1078,1,3235,3235,6144,-13,
224,anchor_cut,tie_b,A,64,6,0,64,0,3,6144,-13,-12,1,1,13,12,0,1,3235,3235,8188,-15,
224,anchor_cut,tie_b,A,64,6,0,64,0,4,8188,-15,-14,-1,1,15,12,0,1,3235,3235,6144,-26,
224,anchor_cut,legacy7,A,64,6,0,64,0,1,6144,0,1,1,1,0,12,4313,0,4313,4313,8188,-2,
224,anchor_cut,legacy7,A,64,6,0,64,0,2,8188,-2,-1,-1,1,2,12,1078,1,3235,3235,6144,-13,
224,anchor_cut,legacy7,A,64,6,0,64,0,3,6144,-13,-12,1,1,13,12,0,1,3235,3235,8188,-15,
224,anchor_cut,legacy7,A,64,6,0,64,0,4,8188,-15,-14,-1,1,15,12,0,1,3235,3235,6144,-26,
224,anchor_cut,input_anchor,A,64,6,0,64,0,1,6144,0,1,1,0,-1,12,8626,0,8626,8626,8188,-2,
224,anchor_cut,input_anchor,A,64,6,0,64,0,2,8188,-2,-1,-1,0,1,12,2156,1,6470,6470,6144,-13,
224,anchor_cut,input_anchor,A,64,6,0,64,0,3,6144,-13,-12,1,0,12,12,1,1,6471,6471,8188,-15,
224,anchor_cut,input_anchor,A,64,6,0,64,0,4,8188,-15,-14,-1,0,14,12,0,1,6471,6471,6144,-26,
224,anchor_cut,exact_residual,A,64,6,0,64,0,1,6144,0,1,1,1,0,12,4313,0,4313,4313,4096,-1,
224,anchor_cut,exact_residual,A,64,6,0,64,0,2,4096,-1,-1,-1,1,2,12,1078,1,3235,3235,0,-1,
224,anchor_cut,guard1_pack12,A,64,6,0,64,0,1,6144,0,1,1,1,0,13,8626,0,8626,4313,8188,-2,
224,anchor_cut,guard1_pack12,A,64,6,0,64,0,2,8188,-2,-1,-1,1,2,13,2156,1,6470,3235,6144,-13,
224,anchor_cut,guard1_pack12,A,64,6,0,64,0,3,6144,-13,-12,1,1,13,13,1,1,6471,3235,8188,-15,
224,anchor_cut,guard1_pack12,A,64,6,0,64,0,4,8188,-15,-14,-1,1,15,13,0,1,6471,3235,6144,-26,
224,anchor_cut,guard12_pack12,A,64,6,0,64,0,1,6144,0,1,1,1,0,24,17666048,0,17666048,4313,8188,-2,
224,anchor_cut,guard12_pack12,A,64,6,0,64,0,2,8188,-2,-1,-1,1,2,24,4416512,0,13249536,3234,6144,-13,
224,anchor_cut,guard12_pack12,A,64,6,0,64,0,3,6144,-13,-12,1,1,13,24,2156,1,13251692,3235,8188,-15,
224,anchor_cut,guard12_pack12,A,64,6,0,64,0,4,8188,-15,-14,-1,1,15,24,539,1,13251153,3235,6144,-26,
224,anchor_cut,source_uncut,A,64,6,0,64,0,1,6144,0,1,1,1,0,24,17666048,0,17666048,4313,8188,-2,
224,anchor_cut,source_uncut,A,64,6,0,64,0,2,8188,-2,-1,-1,1,2,24,4416512,0,13249536,3234,6144,-13,
224,anchor_cut,source_uncut,A,64,6,0,64,0,3,6144,-13,-12,1,1,13,24,2156,1,13251692,3235,8188,-15,
224,anchor_cut,source_uncut,A,64,6,0,64,0,4,8188,-15,-14,-1,1,15,24,539,1,13251153,3235,6144,-26,
224,anchor_cut,post_sum_pack12,A,64,6,0,64,0,1,6144,0,1,1,1,0,12,4313,0,4313,4313,8188,-2,0x10d9000000000000000000000000
224,anchor_cut,post_sum_pack12,A,64,6,0,64,0,2,8188,-2,-1,-1,1,2,12,1078,1,3234,3234,6144,-13,0xca2c00000000000000000000000
224,anchor_cut,post_sum_pack12,A,64,6,0,64,0,3,6144,-13,-12,1,1,13,12,0,1,3235,3235,8188,-15,0xca346c800000000000000000000
224,anchor_cut,post_sum_pack12,A,64,6,0,64,0,4,8188,-15,-14,-1,1,15,12,0,1,3235,3235,6144,-26,0xca3251600000000000000000000
224,anchor_cut,signed_floor,A,64,6,0,64,0,1,6144,0,1,1,1,0,12,4313,0,4313,4313,8188,-2,
224,anchor_cut,signed_floor,A,64,6,0,64,0,2,8188,-2,-1,-1,1,2,12,1078,1,3234,3234,6144,-13,
224,anchor_cut,signed_floor,A,64,6,0,64,0,3,6144,-13,-12,1,1,13,12,0,1,3234,3234,8188,-15,
224,anchor_cut,signed_floor,A,64,6,0,64,0,4,8188,-15,-14,-1,1,15,12,0,1,3233,3233,6144,-26,
225,anchor_cut,fig3,A,64,7,0,32,0,1,6144,0,1,1,1,0,12,4344,0,4344,4344,8188,-2,
225,anchor_cut,fig3,A,64,7,0,32,0,2,8188,-2,-1,-1,1,2,12,1086,0,3258,3258,6144,-13,
225,anchor_cut,fig3,A,64,7,0,32,0,3,6144,-13,-12,1,1,13,12,0,1,3258,3258,8188,-15,
225,anchor_cut,tie_b,A,64,7,0,32,0,1,6144,0,1,1,1,0,12,4344,0,4344,4344,8188,-2,
225,anchor_cut,tie_b,A,64,7,0,32,0,2,8188,-2,-1,-1,1,2,12,1086,0,3258,3258,6144,-13,
225,anchor_cut,tie_b,A,64,7,0,32,0,3,6144,-13,-12,1,1,13,12,0,1,3258,3258,8188,-15,
225,anchor_cut,legacy7,A,64,7,0,32,0,1,6144,0,1,1,1,0,12,4344,0,4344,4344,8188,-2,
225,anchor_cut,legacy7,A,64,7,0,32,0,2,8188,-2,-1,-1,1,2,12,1086,0,3258,3258,6144,-13,
225,anchor_cut,legacy7,A,64,7,0,32,0,3,6144,-13,-12,1,1,13,12,0,1,3258,3258,8188,-15,
225,anchor_cut,input_anchor,A,64,7,0,32,0,1,6144,0,1,1,0,-1,12,8688,0,8688,8688,8188,-2,
225,anchor_cut,input_anchor,A,64,7,0,32,0,2,8188,-2,-1,-1,0,1,12,2172,0,6516,6516,6144,-13,
225,anchor_cut,input_anchor,A,64,7,0,32,0,3,6144,-13,-12,1,0,12,12,1,1,6517,6517,8188,-15,
225,anchor_cut,exact_residual,A,64,7,0,32,0,1,6144,0,1,1,1,0,12,4344,0,4344,4344,4096,-1,
225,anchor_cut,exact_residual,A,64,7,0,32,0,2,4096,-1,-1,-1,1,2,12,1086,0,3258,3258,0,-1,
225,anchor_cut,guard1_pack12,A,64,7,0,32,0,1,6144,0,1,1,1,0,13,8688,0,8688,4344,8188,-2,
225,anchor_cut,guard1_pack12,A,64,7,0,32,0,2,8188,-2,-1,-1,1,2,13,2172,0,6516,3258,6144,-13,
225,anchor_cut,guard1_pack12,A,64,7,0,32,0,3,6144,-13,-12,1,1,13,13,1,1,6517,3258,8188,-15,
225,anchor_cut,guard12_pack12,A,64,7,0,32,0,1,6144,0,1,1,1,0,24,17793024,0,17793024,4344,8188,-2,
225,anchor_cut,guard12_pack12,A,64,7,0,32,0,2,8188,-2,-1,-1,1,2,24,4448256,0,13344768,3258,6144,-13,
225,anchor_cut,guard12_pack12,A,64,7,0,32,0,3,6144,-13,-12,1,1,13,24,2172,0,13346940,3258,8188,-15,
225,anchor_cut,source_uncut,A,64,7,0,32,0,1,6144,0,1,1,1,0,24,17793024,0,17793024,4344,8188,-2,
225,anchor_cut,source_uncut,A,64,7,0,32,0,2,8188,-2,-1,-1,1,2,24,4448256,0,13344768,3258,6144,-13,
225,anchor_cut,source_uncut,A,64,7,0,32,0,3,6144,-13,-12,1,1,13,24,2172,0,13346940,3258,8188,-15,
225,anchor_cut,post_sum_pack12,A,64,7,0,32,0,1,6144,0,1,1,1,0,12,4344,0,4344,4344,8188,-2,0x10f8000000000000000000000000
225,anchor_cut,post_sum_pack12,A,64,7,0,32,0,2,8188,-2,-1,-1,1,2,12,1086,0,3258,3258,6144,-13,0xcba000000000000000000000000
225,anchor_cut,post_sum_pack12,A,64,7,0,32,0,3,6144,-13,-12,1,1,13,12,0,1,3258,3258,8188,-15,0xcba87c000000000000000000000
225,anchor_cut,signed_floor,A,64,7,0,32,0,1,6144,0,1,1,1,0,12,4344,0,4344,4344,8188,-2,
225,anchor_cut,signed_floor,A,64,7,0,32,0,2,8188,-2,-1,-1,1,2,12,1086,0,3258,3258,6144,-13,
225,anchor_cut,signed_floor,A,64,7,0,32,0,3,6144,-13,-12,1,1,13,12,0,1,3258,3258,8188,-15,
226,anchor_cut,fig3,A,64,7,0,32,0,1,6144,0,1,1,1,0,12,4344,0,4344,4344,8188,-2,
226,anchor_cut,fig3,A,64,7,0,32,0,2,8188,-2,-1,-1,1,2,12,1086,0,3258,3258,6144,-13,
226,anchor_cut,fig3,A,64,7,0,32,0,3,6144,-13,-12,1,1,13,12,0,1,3258,3258,8188,-15,
226,anchor_cut,fig3,A,64,7,0,32,0,4,8188,-15,-14,-1,1,15,12,0,1,3258,3258,6144,-26,
226,anchor_cut,tie_b,A,64,7,0,32,0,1,6144,0,1,1,1,0,12,4344,0,4344,4344,8188,-2,
226,anchor_cut,tie_b,A,64,7,0,32,0,2,8188,-2,-1,-1,1,2,12,1086,0,3258,3258,6144,-13,
226,anchor_cut,tie_b,A,64,7,0,32,0,3,6144,-13,-12,1,1,13,12,0,1,3258,3258,8188,-15,
226,anchor_cut,tie_b,A,64,7,0,32,0,4,8188,-15,-14,-1,1,15,12,0,1,3258,3258,6144,-26,
226,anchor_cut,legacy7,A,64,7,0,32,0,1,6144,0,1,1,1,0,12,4344,0,4344,4344,8188,-2,
226,anchor_cut,legacy7,A,64,7,0,32,0,2,8188,-2,-1,-1,1,2,12,1086,0,3258,3258,6144,-13,
226,anchor_cut,legacy7,A,64,7,0,32,0,3,6144,-13,-12,1,1,13,12,0,1,3258,3258,8188,-15,
226,anchor_cut,legacy7,A,64,7,0,32,0,4,8188,-15,-14,-1,1,15,12,0,1,3258,3258,6144,-26,
226,anchor_cut,input_anchor,A,64,7,0,32,0,1,6144,0,1,1,0,-1,12,8688,0,8688,8688,8188,-2,
226,anchor_cut,input_anchor,A,64,7,0,32,0,2,8188,-2,-1,-1,0,1,12,2172,0,6516,6516,6144,-13,
226,anchor_cut,input_anchor,A,64,7,0,32,0,3,6144,-13,-12,1,0,12,12,1,1,6517,6517,8188,-15,
226,anchor_cut,input_anchor,A,64,7,0,32,0,4,8188,-15,-14,-1,0,14,12,0,1,6517,6517,6144,-26,
226,anchor_cut,exact_residual,A,64,7,0,32,0,1,6144,0,1,1,1,0,12,4344,0,4344,4344,4096,-1,
226,anchor_cut,exact_residual,A,64,7,0,32,0,2,4096,-1,-1,-1,1,2,12,1086,0,3258,3258,0,-1,
226,anchor_cut,guard1_pack12,A,64,7,0,32,0,1,6144,0,1,1,1,0,13,8688,0,8688,4344,8188,-2,
226,anchor_cut,guard1_pack12,A,64,7,0,32,0,2,8188,-2,-1,-1,1,2,13,2172,0,6516,3258,6144,-13,
226,anchor_cut,guard1_pack12,A,64,7,0,32,0,3,6144,-13,-12,1,1,13,13,1,1,6517,3258,8188,-15,
226,anchor_cut,guard1_pack12,A,64,7,0,32,0,4,8188,-15,-14,-1,1,15,13,0,1,6517,3258,6144,-26,
226,anchor_cut,guard12_pack12,A,64,7,0,32,0,1,6144,0,1,1,1,0,24,17793024,0,17793024,4344,8188,-2,
226,anchor_cut,guard12_pack12,A,64,7,0,32,0,2,8188,-2,-1,-1,1,2,24,4448256,0,13344768,3258,6144,-13,
226,anchor_cut,guard12_pack12,A,64,7,0,32,0,3,6144,-13,-12,1,1,13,24,2172,0,13346940,3258,8188,-15,
226,anchor_cut,guard12_pack12,A,64,7,0,32,0,4,8188,-15,-14,-1,1,15,24,543,0,13346397,3258,6144,-26,
226,anchor_cut,source_uncut,A,64,7,0,32,0,1,6144,0,1,1,1,0,24,17793024,0,17793024,4344,8188,-2,
226,anchor_cut,source_uncut,A,64,7,0,32,0,2,8188,-2,-1,-1,1,2,24,4448256,0,13344768,3258,6144,-13,
226,anchor_cut,source_uncut,A,64,7,0,32,0,3,6144,-13,-12,1,1,13,24,2172,0,13346940,3258,8188,-15,
226,anchor_cut,source_uncut,A,64,7,0,32,0,4,8188,-15,-14,-1,1,15,24,543,0,13346397,3258,6144,-26,
226,anchor_cut,post_sum_pack12,A,64,7,0,32,0,1,6144,0,1,1,1,0,12,4344,0,4344,4344,8188,-2,0x10f8000000000000000000000000
226,anchor_cut,post_sum_pack12,A,64,7,0,32,0,2,8188,-2,-1,-1,1,2,12,1086,0,3258,3258,6144,-13,0xcba000000000000000000000000
226,anchor_cut,post_sum_pack12,A,64,7,0,32,0,3,6144,-13,-12,1,1,13,12,0,1,3258,3258,8188,-15,0xcba87c000000000000000000000
226,anchor_cut,post_sum_pack12,A,64,7,0,32,0,4,8188,-15,-14,-1,1,15,12,0,1,3258,3258,6144,-26,0xcba65d000000000000000000000
226,anchor_cut,signed_floor,A,64,7,0,32,0,1,6144,0,1,1,1,0,12,4344,0,4344,4344,8188,-2,
226,anchor_cut,signed_floor,A,64,7,0,32,0,2,8188,-2,-1,-1,1,2,12,1086,0,3258,3258,6144,-13,
226,anchor_cut,signed_floor,A,64,7,0,32,0,3,6144,-13,-12,1,1,13,12,0,1,3258,3258,8188,-15,
226,anchor_cut,signed_floor,A,64,7,0,32,0,4,8188,-15,-14,-1,1,15,12,0,1,3257,3257,6144,-26,
227,anchor_cut,fig3,A,64,8,0,0,1,1,6144,0,1,1,1,0,12,4375,0,4375,4375,8188,-2,
227,anchor_cut,fig3,A,64,8,0,0,1,2,8188,-2,-1,-1,1,2,12,1093,1,3282,3282,6144,-13,
227,anchor_cut,tie_b,B,64,8,0,0,1,1,4375,0,0,1,0,0,12,6144,0,6144,6144,4464,-4,
227,anchor_cut,tie_b,B,64,8,0,0,1,2,4464,-4,-4,1,0,4,12,384,0,6528,6528,5888,-8,
227,anchor_cut,legacy7,A,64,8,0,0,1,1,6144,0,1,1,1,0,12,4375,0,4375,4375,8188,-2,
227,anchor_cut,legacy7,A,64,8,0,0,1,2,8188,-2,-1,-1,1,2,12,1093,1,3282,3282,6144,-13,
227,anchor_cut,input_anchor,A,64,8,0,0,1,1,6144,0,1,1,0,-1,12,8750,0,8750,8750,8188,-2,
227,anchor_cut,input_anchor,A,64,8,0,0,1,2,8188,-2,-1,-1,0,1,12,2187,1,6563,6563,6144,-13,
227,anchor_cut,exact_residual,A,64,8,0,0,1,1,6144,0,1,1,1,0,12,4375,0,4375,4375,4096,-1,
227,anchor_cut,exact_residual,A,64,8,0,0,1,2,4096,-1,-1,-1,1,2,12,1093,1,3282,3282,0,-1,
227,anchor_cut,guard1_pack12,A,64,8,0,0,1,1,6144,0,1,1,1,0,13,8750,0,8750,4375,8188,-2,
227,anchor_cut,guard1_pack12,A,64,8,0,0,1,2,8188,-2,-1,-1,1,2,13,2187,1,6563,3281,6144,-13,
227,anchor_cut,guard12_pack12,A,64,8,0,0,1,1,6144,0,1,1,1,0,24,17920000,0,17920000,4375,8188,-2,
227,anchor_cut,guard12_pack12,A,64,8,0,0,1,2,8188,-2,-1,-1,1,2,24,4480000,0,13440000,3281,6144,-13,
227,anchor_cut,source_uncut,A,64,8,0,0,1,1,6144,0,1,1,1,0,24,17920000,0,17920000,4375,8188,-2,
227,anchor_cut,source_uncut,A,64,8,0,0,1,2,8188,-2,-1,-1,1,2,24,4480000,0,13440000,3281,6144,-13,
227,anchor_cut,post_sum_pack12,A,64,8,0,0,1,1,6144,0,1,1,1,0,12,4375,0,4375,4375,8188,-2,0x1117000000000000000000000000
227,anchor_cut,post_sum_pack12,A,64,8,0,0,1,2,8188,-2,-1,-1,1,2,12,1093,1,3281,3281,6144,-13,0xcd1400000000000000000000000
227,anchor_cut,signed_floor,A,64,8,0,0,1,1,6144,0,1,1,1,0,12,4375,0,4375,4375,8188,-2,
227,anchor_cut,signed_floor,A,64,8,0,0,1,2,8188,-2,-1,-1,1,2,12,1093,1,3281,3281,6144,-13,
228,anchor_cut,fig3,A,64,9,0,32,0,1,6144,0,1,1,1,0,12,4406,0,4406,4406,8188,-2,
228,anchor_cut,fig3,A,64,9,0,32,0,2,8188,-2,-1,-1,1,2,12,1101,1,3305,3305,6144,-13,
228,anchor_cut,tie_b,A,64,9,0,32,0,1,6144,0,1,1,1,0,12,4406,0,4406,4406,8188,-2,
228,anchor_cut,tie_b,A,64,9,0,32,0,2,8188,-2,-1,-1,1,2,12,1101,1,3305,3305,6144,-13,
228,anchor_cut,legacy7,A,64,9,0,32,0,1,6144,0,1,1,1,0,12,4406,0,4406,4406,8188,-2,
228,anchor_cut,legacy7,A,64,9,0,32,0,2,8188,-2,-1,-1,1,2,12,1101,1,3305,3305,6144,-13,
228,anchor_cut,input_anchor,A,64,9,0,32,0,1,6144,0,1,1,0,-1,12,8812,0,8812,8812,8188,-2,
228,anchor_cut,input_anchor,A,64,9,0,32,0,2,8188,-2,-1,-1,0,1,12,2203,0,6609,6609,6144,-13,
228,anchor_cut,exact_residual,A,64,9,0,32,0,1,6144,0,1,1,1,0,12,4406,0,4406,4406,4096,-1,
228,anchor_cut,exact_residual,A,64,9,0,32,0,2,4096,-1,-1,-1,1,2,12,1101,1,3305,3305,0,-1,
228,anchor_cut,guard1_pack12,A,64,9,0,32,0,1,6144,0,1,1,1,0,13,8812,0,8812,4406,8188,-2,
228,anchor_cut,guard1_pack12,A,64,9,0,32,0,2,8188,-2,-1,-1,1,2,13,2203,0,6609,3304,6144,-13,
228,anchor_cut,guard12_pack12,A,64,9,0,32,0,1,6144,0,1,1,1,0,24,18046976,0,18046976,4406,8188,-2,
228,anchor_cut,guard12_pack12,A,64,9,0,32,0,2,8188,-2,-1,-1,1,2,24,4511744,0,13535232,3304,6144,-13,
228,anchor_cut,source_uncut,A,64,9,0,32,0,1,6144,0,1,1,1,0,24,18046976,0,18046976,4406,8188,-2,
228,anchor_cut,source_uncut,A,64,9,0,32,0,2,8188,-2,-1,-1,1,2,24,4511744,0,13535232,3304,6144,-13,
228,anchor_cut,post_sum_pack12,A,64,9,0,32,0,1,6144,0,1,1,1,0,12,4406,0,4406,4406,8188,-2,0x1136000000000000000000000000
228,anchor_cut,post_sum_pack12,A,64,9,0,32,0,2,8188,-2,-1,-1,1,2,12,1101,1,3304,3304,6144,-13,0xce8800000000000000000000000
228,anchor_cut,signed_floor,A,64,9,0,32,0,1,6144,0,1,1,1,0,12,4406,0,4406,4406,8188,-2,
228,anchor_cut,signed_floor,A,64,9,0,32,0,2,8188,-2,-1,-1,1,2,12,1101,1,3304,3304,6144,-13,
229,anchor_cut,fig3,A,64,10,0,64,0,1,6144,0,1,1,1,0,12,4437,0,4437,4437,8188,-2,
229,anchor_cut,fig3,A,64,10,0,64,0,2,8188,-2,-1,-1,1,2,12,1109,1,3328,3328,6144,-13,
229,anchor_cut,fig3,A,64,10,0,64,0,3,6144,-13,-12,1,1,13,12,0,1,3328,3328,8188,-15,
229,anchor_cut,tie_b,A,64,10,0,64,0,1,6144,0,1,1,1,0,12,4437,0,4437,4437,8188,-2,
229,anchor_cut,tie_b,A,64,10,0,64,0,2,8188,-2,-1,-1,1,2,12,1109,1,3328,3328,6144,-13,
229,anchor_cut,tie_b,A,64,10,0,64,0,3,6144,-13,-12,1,1,13,12,0,1,3328,3328,8188,-15,
229,anchor_cut,legacy7,A,64,10,0,64,0,1,6144,0,1,1,1,0,12,4437,0,4437,4437,8188,-2,
229,anchor_cut,legacy7,A,64,10,0,64,0,2,8188,-2,-1,-1,1,2,12,1109,1,3328,3328,6144,-13,
229,anchor_cut,legacy7,A,64,10,0,64,0,3,6144,-13,-12,1,1,13,12,0,1,3328,3328,8188,-15,
229,anchor_cut,input_anchor,A,64,10,0,64,0,1,6144,0,1,1,0,-1,12,8874,0,8874,8874,8188,-2,
229,anchor_cut,input_anchor,A,64,10,0,64,0,2,8188,-2,-1,-1,0,1,12,2218,1,6656,6656,6144,-13,
229,anchor_cut,input_anchor,A,64,10,0,64,0,3,6144,-13,-12,1,0,12,12,1,1,6657,6657,8188,-15,
229,anchor_cut,exact_residual,A,64,10,0,64,0,1,6144,0,1,1,1,0,12,4437,0,4437,4437,4096,-1,
229,anchor_cut,exact_residual,A,64,10,0,64,0,2,4096,-1,-1,-1,1,2,12,1109,1,3328,3328,0,-1,
229,anchor_cut,guard1_pack12,A,64,10,0,64,0,1,6144,0,1,1,1,0,13,8874,0,8874,4437,8188,-2,
229,anchor_cut,guard1_pack12,A,64,10,0,64,0,2,8188,-2,-1,-1,1,2,13,2218,1,6656,3328,6144,-13,
229,anchor_cut,guard1_pack12,A,64,10,0,64,0,3,6144,-13,-12,1,1,13,13,1,1,6657,3328,8188,-15,
229,anchor_cut,guard12_pack12,A,64,10,0,64,0,1,6144,0,1,1,1,0,24,18173952,0,18173952,4437,8188,-2,
229,anchor_cut,guard12_pack12,A,64,10,0,64,0,2,8188,-2,-1,-1,1,2,24,4543488,0,13630464,3327,6144,-13,
229,anchor_cut,guard12_pack12,A,64,10,0,64,0,3,6144,-13,-12,1,1,13,24,2218,1,13632682,3328,8188,-15,
229,anchor_cut,source_uncut,A,64,10,0,64,0,1,6144,0,1,1,1,0,24,18173952,0,18173952,4437,8188,-2,
229,anchor_cut,source_uncut,A,64,10,0,64,0,2,8188,-2,-1,-1,1,2,24,4543488,0,13630464,3327,6144,-13,
229,anchor_cut,source_uncut,A,64,10,0,64,0,3,6144,-13,-12,1,1,13,24,2218,1,13632682,3328,8188,-15,
229,anchor_cut,post_sum_pack12,A,64,10,0,64,0,1,6144,0,1,1,1,0,12,4437,0,4437,4437,8188,-2,0x1155000000000000000000000000
229,anchor_cut,post_sum_pack12,A,64,10,0,64,0,2,8188,-2,-1,-1,1,2,12,1109,1,3327,3327,6144,-13,0xcffc00000000000000000000000
229,anchor_cut,post_sum_pack12,A,64,10,0,64,0,3,6144,-13,-12,1,1,13,12,0,1,3328,3328,8188,-15,0xd004aa800000000000000000000
229,anchor_cut,signed_floor,A,64,10,0,64,0,1,6144,0,1,1,1,0,12,4437,0,4437,4437,8188,-2,
229,anchor_cut,signed_floor,A,64,10,0,64,0,2,8188,-2,-1,-1,1,2,12,1109,1,3327,3327,6144,-13,
229,anchor_cut,signed_floor,A,64,10,0,64,0,3,6144,-13,-12,1,1,13,12,0,1,3327,3327,8188,-15,
230,anchor_cut,fig3,A,64,10,0,64,0,1,6144,0,1,1,1,0,12,4437,0,4437,4437,8188,-2,
230,anchor_cut,fig3,A,64,10,0,64,0,2,8188,-2,-1,-1,1,2,12,1109,1,3328,3328,6144,-13,
230,anchor_cut,fig3,A,64,10,0,64,0,3,6144,-13,-12,1,1,13,12,0,1,3328,3328,8188,-15,
230,anchor_cut,fig3,A,64,10,0,64,0,4,8188,-15,-14,-1,1,15,12,0,1,3328,3328,6144,-26,
230,anchor_cut,tie_b,A,64,10,0,64,0,1,6144,0,1,1,1,0,12,4437,0,4437,4437,8188,-2,
230,anchor_cut,tie_b,A,64,10,0,64,0,2,8188,-2,-1,-1,1,2,12,1109,1,3328,3328,6144,-13,
230,anchor_cut,tie_b,A,64,10,0,64,0,3,6144,-13,-12,1,1,13,12,0,1,3328,3328,8188,-15,
230,anchor_cut,tie_b,A,64,10,0,64,0,4,8188,-15,-14,-1,1,15,12,0,1,3328,3328,6144,-26,
230,anchor_cut,legacy7,A,64,10,0,64,0,1,6144,0,1,1,1,0,12,4437,0,4437,4437,8188,-2,
230,anchor_cut,legacy7,A,64,10,0,64,0,2,8188,-2,-1,-1,1,2,12,1109,1,3328,3328,6144,-13,
230,anchor_cut,legacy7,A,64,10,0,64,0,3,6144,-13,-12,1,1,13,12,0,1,3328,3328,8188,-15,
230,anchor_cut,legacy7,A,64,10,0,64,0,4,8188,-15,-14,-1,1,15,12,0,1,3328,3328,6144,-26,
230,anchor_cut,input_anchor,A,64,10,0,64,0,1,6144,0,1,1,0,-1,12,8874,0,8874,8874,8188,-2,
230,anchor_cut,input_anchor,A,64,10,0,64,0,2,8188,-2,-1,-1,0,1,12,2218,1,6656,6656,6144,-13,
230,anchor_cut,input_anchor,A,64,10,0,64,0,3,6144,-13,-12,1,0,12,12,1,1,6657,6657,8188,-15,
230,anchor_cut,input_anchor,A,64,10,0,64,0,4,8188,-15,-14,-1,0,14,12,0,1,6657,6657,6144,-26,
230,anchor_cut,exact_residual,A,64,10,0,64,0,1,6144,0,1,1,1,0,12,4437,0,4437,4437,4096,-1,
230,anchor_cut,exact_residual,A,64,10,0,64,0,2,4096,-1,-1,-1,1,2,12,1109,1,3328,3328,0,-1,
230,anchor_cut,guard1_pack12,A,64,10,0,64,0,1,6144,0,1,1,1,0,13,8874,0,8874,4437,8188,-2,
230,anchor_cut,guard1_pack12,A,64,10,0,64,0,2,8188,-2,-1,-1,1,2,13,2218,1,6656,3328,6144,-13,
230,anchor_cut,guard1_pack12,A,64,10,0,64,0,3,6144,-13,-12,1,1,13,13,1,1,6657,3328,8188,-15,
230,anchor_cut,guard1_pack12,A,64,10,0,64,0,4,8188,-15,-14,-1,1,15,13,0,1,6657,3328,6144,-26,
230,anchor_cut,guard12_pack12,A,64,10,0,64,0,1,6144,0,1,1,1,0,24,18173952,0,18173952,4437,8188,-2,
230,anchor_cut,guard12_pack12,A,64,10,0,64,0,2,8188,-2,-1,-1,1,2,24,4543488,0,13630464,3327,6144,-13,
230,anchor_cut,guard12_pack12,A,64,10,0,64,0,3,6144,-13,-12,1,1,13,24,2218,1,13632682,3328,8188,-15,
230,anchor_cut,guard12_pack12,A,64,10,0,64,0,4,8188,-15,-14,-1,1,15,24,554,1,13632128,3328,6144,-26,
230,anchor_cut,source_uncut,A,64,10,0,64,0,1,6144,0,1,1,1,0,24,18173952,0,18173952,4437,8188,-2,
230,anchor_cut,source_uncut,A,64,10,0,64,0,2,8188,-2,-1,-1,1,2,24,4543488,0,13630464,3327,6144,-13,
230,anchor_cut,source_uncut,A,64,10,0,64,0,3,6144,-13,-12,1,1,13,24,2218,1,13632682,3328,8188,-15,
230,anchor_cut,source_uncut,A,64,10,0,64,0,4,8188,-15,-14,-1,1,15,24,554,1,13632128,3328,6144,-26,
230,anchor_cut,post_sum_pack12,A,64,10,0,64,0,1,6144,0,1,1,1,0,12,4437,0,4437,4437,8188,-2,0x1155000000000000000000000000
230,anchor_cut,post_sum_pack12,A,64,10,0,64,0,2,8188,-2,-1,-1,1,2,12,1109,1,3327,3327,6144,-13,0xcffc00000000000000000000000
230,anchor_cut,post_sum_pack12,A,64,10,0,64,0,3,6144,-13,-12,1,1,13,12,0,1,3328,3328,8188,-15,0xd004aa800000000000000000000
230,anchor_cut,post_sum_pack12,A,64,10,0,64,0,4,8188,-15,-14,-1,1,15,12,0,1,3328,3328,6144,-26,0xd0027fe00000000000000000000
230,anchor_cut,signed_floor,A,64,10,0,64,0,1,6144,0,1,1,1,0,12,4437,0,4437,4437,8188,-2,
230,anchor_cut,signed_floor,A,64,10,0,64,0,2,8188,-2,-1,-1,1,2,12,1109,1,3327,3327,6144,-13,
230,anchor_cut,signed_floor,A,64,10,0,64,0,3,6144,-13,-12,1,1,13,12,0,1,3327,3327,8188,-15,
230,anchor_cut,signed_floor,A,64,10,0,64,0,4,8188,-15,-14,-1,1,15,12,0,1,3326,3326,6144,-26,
231,anchor_cut,fig3,A,64,11,0,96,0,1,6144,0,1,1,1,0,12,4468,0,4468,4468,8188,-2,
231,anchor_cut,fig3,A,64,11,0,96,0,2,8188,-2,-1,-1,1,2,12,1117,0,3351,3351,6144,-13,
231,anchor_cut,fig3,A,64,11,0,96,0,3,6144,-13,-12,1,1,13,12,0,1,3351,3351,8188,-15,
231,anchor_cut,tie_b,A,64,11,0,96,0,1,6144,0,1,1,1,0,12,4468,0,4468,4468,8188,-2,
231,anchor_cut,tie_b,A,64,11,0,96,0,2,8188,-2,-1,-1,1,2,12,1117,0,3351,3351,6144,-13,
231,anchor_cut,tie_b,A,64,11,0,96,0,3,6144,-13,-12,1,1,13,12,0,1,3351,3351,8188,-15,
231,anchor_cut,legacy7,A,64,11,0,96,0,1,6144,0,1,1,1,0,12,4468,0,4468,4468,8188,-2,
231,anchor_cut,legacy7,A,64,11,0,96,0,2,8188,-2,-1,-1,1,2,12,1117,0,3351,3351,6144,-13,
231,anchor_cut,legacy7,A,64,11,0,96,0,3,6144,-13,-12,1,1,13,12,0,1,3351,3351,8188,-15,
231,anchor_cut,input_anchor,A,64,11,0,96,0,1,6144,0,1,1,0,-1,12,8936,0,8936,8936,8188,-2,
231,anchor_cut,input_anchor,A,64,11,0,96,0,2,8188,-2,-1,-1,0,1,12,2234,0,6702,6702,6144,-13,
231,anchor_cut,input_anchor,A,64,11,0,96,0,3,6144,-13,-12,1,0,12,12,1,1,6703,6703,8188,-15,
231,anchor_cut,exact_residual,A,64,11,0,96,0,1,6144,0,1,1,1,0,12,4468,0,4468,4468,4096,-1,
231,anchor_cut,exact_residual,A,64,11,0,96,0,2,4096,-1,-1,-1,1,2,12,1117,0,3351,3351,0,-1,
231,anchor_cut,guard1_pack12,A,64,11,0,96,0,1,6144,0,1,1,1,0,13,8936,0,8936,4468,8188,-2,
231,anchor_cut,guard1_pack12,A,64,11,0,96,0,2,8188,-2,-1,-1,1,2,13,2234,0,6702,3351,6144,-13,
231,anchor_cut,guard1_pack12,A,64,11,0,96,0,3,6144,-13,-12,1,1,13,13,1,1,6703,3351,8188,-15,
231,anchor_cut,guard12_pack12,A,64,11,0,96,0,1,6144,0,1,1,1,0,24,18300928,0,18300928,4468,8188,-2,
231,anchor_cut,guard12_pack12,A,64,11,0,96,0,2,8188,-2,-1,-1,1,2,24,4575232,0,13725696,3351,6144,-13,
231,anchor_cut,guard12_pack12,A,64,11,0,96,0,3,6144,-13,-12,1,1,13,24,2234,0,13727930,3351,8188,-15,
231,anchor_cut,source_uncut,A,64,11,0,96,0,1,6144,0,1,1,1,0,24,18300928,0,18300928,4468,8188,-2,
231,anchor_cut,source_uncut,A,64,11,0,96,0,2,8188,-2,-1,-1,1,2,24,4575232,0,13725696,3351,6144,-13,
231,anchor_cut,source_uncut,A,64,11,0,96,0,3,6144,-13,-12,1,1,13,24,2234,0,13727930,3351,8188,-15,
231,anchor_cut,post_sum_pack12,A,64,11,0,96,0,1,6144,0,1,1,1,0,12,4468,0,4468,4468,8188,-2,0x1174000000000000000000000000
231,anchor_cut,post_sum_pack12,A,64,11,0,96,0,2,8188,-2,-1,-1,1,2,12,1117,0,3351,3351,6144,-13,0xd17000000000000000000000000
231,anchor_cut,post_sum_pack12,A,64,11,0,96,0,3,6144,-13,-12,1,1,13,12,0,1,3351,3351,8188,-15,0xd178ba000000000000000000000
231,anchor_cut,signed_floor,A,64,11,0,96,0,1,6144,0,1,1,1,0,12,4468,0,4468,4468,8188,-2,
231,anchor_cut,signed_floor,A,64,11,0,96,0,2,8188,-2,-1,-1,1,2,12,1117,0,3351,3351,6144,-13,
231,anchor_cut,signed_floor,A,64,11,0,96,0,3,6144,-13,-12,1,1,13,12,0,1,3351,3351,8188,-15,
232,anchor_cut,fig3,A,64,11,0,96,0,1,6144,0,1,1,1,0,12,4468,0,4468,4468,8188,-2,
232,anchor_cut,fig3,A,64,11,0,96,0,2,8188,-2,-1,-1,1,2,12,1117,0,3351,3351,6144,-13,
232,anchor_cut,fig3,A,64,11,0,96,0,3,6144,-13,-12,1,1,13,12,0,1,3351,3351,8188,-15,
232,anchor_cut,fig3,A,64,11,0,96,0,4,8188,-15,-14,-1,1,15,12,0,1,3351,3351,6144,-26,
232,anchor_cut,tie_b,A,64,11,0,96,0,1,6144,0,1,1,1,0,12,4468,0,4468,4468,8188,-2,
232,anchor_cut,tie_b,A,64,11,0,96,0,2,8188,-2,-1,-1,1,2,12,1117,0,3351,3351,6144,-13,
232,anchor_cut,tie_b,A,64,11,0,96,0,3,6144,-13,-12,1,1,13,12,0,1,3351,3351,8188,-15,
232,anchor_cut,tie_b,A,64,11,0,96,0,4,8188,-15,-14,-1,1,15,12,0,1,3351,3351,6144,-26,
232,anchor_cut,legacy7,A,64,11,0,96,0,1,6144,0,1,1,1,0,12,4468,0,4468,4468,8188,-2,
232,anchor_cut,legacy7,A,64,11,0,96,0,2,8188,-2,-1,-1,1,2,12,1117,0,3351,3351,6144,-13,
232,anchor_cut,legacy7,A,64,11,0,96,0,3,6144,-13,-12,1,1,13,12,0,1,3351,3351,8188,-15,
232,anchor_cut,legacy7,A,64,11,0,96,0,4,8188,-15,-14,-1,1,15,12,0,1,3351,3351,6144,-26,
232,anchor_cut,input_anchor,A,64,11,0,96,0,1,6144,0,1,1,0,-1,12,8936,0,8936,8936,8188,-2,
232,anchor_cut,input_anchor,A,64,11,0,96,0,2,8188,-2,-1,-1,0,1,12,2234,0,6702,6702,6144,-13,
232,anchor_cut,input_anchor,A,64,11,0,96,0,3,6144,-13,-12,1,0,12,12,1,1,6703,6703,8188,-15,
232,anchor_cut,input_anchor,A,64,11,0,96,0,4,8188,-15,-14,-1,0,14,12,0,1,6703,6703,6144,-26,
232,anchor_cut,exact_residual,A,64,11,0,96,0,1,6144,0,1,1,1,0,12,4468,0,4468,4468,4096,-1,
232,anchor_cut,exact_residual,A,64,11,0,96,0,2,4096,-1,-1,-1,1,2,12,1117,0,3351,3351,0,-1,
232,anchor_cut,guard1_pack12,A,64,11,0,96,0,1,6144,0,1,1,1,0,13,8936,0,8936,4468,8188,-2,
232,anchor_cut,guard1_pack12,A,64,11,0,96,0,2,8188,-2,-1,-1,1,2,13,2234,0,6702,3351,6144,-13,
232,anchor_cut,guard1_pack12,A,64,11,0,96,0,3,6144,-13,-12,1,1,13,13,1,1,6703,3351,8188,-15,
232,anchor_cut,guard1_pack12,A,64,11,0,96,0,4,8188,-15,-14,-1,1,15,13,0,1,6703,3351,6144,-26,
232,anchor_cut,guard12_pack12,A,64,11,0,96,0,1,6144,0,1,1,1,0,24,18300928,0,18300928,4468,8188,-2,
232,anchor_cut,guard12_pack12,A,64,11,0,96,0,2,8188,-2,-1,-1,1,2,24,4575232,0,13725696,3351,6144,-13,
232,anchor_cut,guard12_pack12,A,64,11,0,96,0,3,6144,-13,-12,1,1,13,24,2234,0,13727930,3351,8188,-15,
232,anchor_cut,guard12_pack12,A,64,11,0,96,0,4,8188,-15,-14,-1,1,15,24,558,1,13727372,3351,6144,-26,
232,anchor_cut,source_uncut,A,64,11,0,96,0,1,6144,0,1,1,1,0,24,18300928,0,18300928,4468,8188,-2,
232,anchor_cut,source_uncut,A,64,11,0,96,0,2,8188,-2,-1,-1,1,2,24,4575232,0,13725696,3351,6144,-13,
232,anchor_cut,source_uncut,A,64,11,0,96,0,3,6144,-13,-12,1,1,13,24,2234,0,13727930,3351,8188,-15,
232,anchor_cut,source_uncut,A,64,11,0,96,0,4,8188,-15,-14,-1,1,15,24,558,1,13727372,3351,6144,-26,
232,anchor_cut,post_sum_pack12,A,64,11,0,96,0,1,6144,0,1,1,1,0,12,4468,0,4468,4468,8188,-2,0x1174000000000000000000000000
232,anchor_cut,post_sum_pack12,A,64,11,0,96,0,2,8188,-2,-1,-1,1,2,12,1117,0,3351,3351,6144,-13,0xd17000000000000000000000000
232,anchor_cut,post_sum_pack12,A,64,11,0,96,0,3,6144,-13,-12,1,1,13,12,0,1,3351,3351,8188,-15,0xd178ba000000000000000000000
232,anchor_cut,post_sum_pack12,A,64,11,0,96,0,4,8188,-15,-14,-1,1,15,12,0,1,3351,3351,6144,-26,0xd1768b800000000000000000000
232,anchor_cut,signed_floor,A,64,11,0,96,0,1,6144,0,1,1,1,0,12,4468,0,4468,4468,8188,-2,
232,anchor_cut,signed_floor,A,64,11,0,96,0,2,8188,-2,-1,-1,1,2,12,1117,0,3351,3351,6144,-13,
232,anchor_cut,signed_floor,A,64,11,0,96,0,3,6144,-13,-12,1,1,13,12,0,1,3351,3351,8188,-15,
232,anchor_cut,signed_floor,A,64,11,0,96,0,4,8188,-15,-14,-1,1,15,12,0,1,3350,3350,6144,-26,
233,rnd_boundary,fig3,A,64,0,0,0,1,1,6145,0,1,1,1,0,12,4096,0,4096,4096,8184,-2,
233,rnd_boundary,fig3,A,64,0,0,0,1,2,8184,-2,-1,-1,1,2,12,1024,0,3072,3072,7168,-12,
233,rnd_boundary,fig3,A,64,0,0,0,1,3,7168,-12,-11,1,1,12,12,1,0,3073,3073,8184,-15,
233,rnd_boundary,tie_b,B,64,0,0,0,1,1,4096,0,0,1,0,0,12,6145,0,6145,6145,0,0,
233,rnd_boundary,legacy7,A,64,0,0,0,1,1,6145,0,1,1,1,0,12,4096,0,4096,4096,8184,-2,
233,rnd_boundary,legacy7,A,64,0,0,0,1,2,8184,-2,-1,-1,1,2,12,1024,0,3072,3072,7168,-12,
233,rnd_boundary,legacy7,A,64,0,0,0,1,3,7168,-12,-11,1,1,12,12,1,0,3073,3073,8184,-15,
233,rnd_boundary,input_anchor,A,64,0,0,0,1,1,6145,0,1,1,0,-1,12,8192,0,8192,8192,8184,-2,
233,rnd_boundary,input_anchor,A,64,0,0,0,1,2,8184,-2,-1,-1,0,1,12,2048,0,6144,6144,7168,-12,
233,rnd_boundary,input_anchor,A,64,0,0,0,1,3,7168,-12,-11,1,0,11,12,2,0,6146,6146,8184,-15,
233,rnd_boundary,exact_residual,A,64,0,0,0,1,1,6145,0,1,1,1,0,12,4096,0,4096,4096,8188,-2,
233,rnd_boundary,exact_residual,A,64,0,0,0,1,2,8188,-2,-1,-1,1,2,12,1024,0,3072,3072,4096,-12,
233,rnd_boundary,exact_residual,A,64,0,0,0,1,3,4096,-12,-12,1,1,13,12,0,1,3072,3072,0,-12,
233,rnd_boundary,guard1_pack12,A,64,0,0,0,1,1,6145,0,1,1,1,0,13,8192,0,8192,4096,8184,-2,
233,rnd_boundary,guard1_pack12,A,64,0,0,0,1,2,8184,-2,-1,-1,1,2,13,2048,0,6144,3072,7168,-12,
233,rnd_boundary,guard1_pack12,A,64,0,0,0,1,3,7168,-12,-11,1,1,12,13,2,0,6146,3073,8184,-15,
233,rnd_boundary,guard12_pack12,A,64,0,0,0,1,1,6145,0,1,1,1,0,24,16777216,0,16777216,4096,8184,-2,
233,rnd_boundary,guard12_pack12,A,64,0,0,0,1,2,8184,-2,-1,-1,1,2,24,4194304,0,12582912,3072,7168,-12,
233,rnd_boundary,guard12_pack12,A,64,0,0,0,1,3,7168,-12,-11,1,1,12,24,4096,0,12587008,3073,8184,-15,
233,rnd_boundary,source_uncut,A,64,0,0,0,1,1,6145,0,1,1,1,0,24,16777216,0,16777216,4096,8184,-2,
233,rnd_boundary,source_uncut,A,64,0,0,0,1,2,8184,-2,-1,-1,1,2,24,4194304,0,12582912,3072,7168,-12,
233,rnd_boundary,source_uncut,A,64,0,0,0,1,3,7168,-12,-11,1,1,12,24,4096,0,12587008,3073,8184,-15,
233,rnd_boundary,post_sum_pack12,A,64,0,0,0,1,1,6145,0,1,1,1,0,12,4096,0,4096,4096,8184,-2,0x1000000000000000000000000000
233,rnd_boundary,post_sum_pack12,A,64,0,0,0,1,2,8184,-2,-1,-1,1,2,12,1024,0,3072,3072,7168,-12,0xc00000000000000000000000000
233,rnd_boundary,post_sum_pack12,A,64,0,0,0,1,3,7168,-12,-11,1,1,12,12,1,0,3073,3073,8184,-15,0xc01000000000000000000000000
233,rnd_boundary,signed_floor,A,64,0,0,0,1,1,6145,0,1,1,1,0,12,4096,0,4096,4096,8184,-2,
233,rnd_boundary,signed_floor,A,64,0,0,0,1,2,8184,-2,-1,-1,1,2,12,1024,0,3072,3072,7168,-12,
233,rnd_boundary,signed_floor,A,64,0,0,0,1,3,7168,-12,-11,1,1,12,12,1,0,3073,3073,8184,-15,
234,rnd_boundary,fig3,A,64,0,0,0,1,1,6145,0,1,1,1,0,12,4096,0,4096,4096,8184,-2,
234,rnd_boundary,fig3,A,64,0,0,0,1,2,8184,-2,-1,-1,1,2,12,1024,0,3072,3072,7168,-12,
234,rnd_boundary,fig3,A,64,0,0,0,1,3,7168,-12,-11,1,1,12,12,1,0,3073,3073,8184,-15,
234,rnd_boundary,fig3,A,64,0,0,0,1,4,8184,-15,-14,-1,1,15,12,0,1,3073,3073,7168,-25,
234,rnd_boundary,tie_b,B,64,0,0,0,1,1,4096,0,0,1,0,0,12,6145,0,6145,6145,0,0,
234,rnd_boundary,legacy7,A,64,0,0,0,1,1,6145,0,1,1,1,0,12,4096,0,4096,4096,8184,-2,
234,rnd_boundary,legacy7,A,64,0,0,0,1,2,8184,-2,-1,-1,1,2,12,1024,0,3072,3072,7168,-12,
234,rnd_boundary,legacy7,A,64,0,0,0,1,3,7168,-12,-11,1,1,12,12,1,0,3073,3073,8184,-15,
234,rnd_boundary,legacy7,A,64,0,0,0,1,4,8184,-15,-14,-1,1,15,12,0,1,3073,3073,7168,-25,
234,rnd_boundary,input_anchor,A,64,0,0,0,1,1,6145,0,1,1,0,-1,12,8192,0,8192,8192,8184,-2,
234,rnd_boundary,input_anchor,A,64,0,0,0,1,2,8184,-2,-1,-1,0,1,12,2048,0,6144,6144,7168,-12,
234,rnd_boundary,input_anchor,A,64,0,0,0,1,3,7168,-12,-11,1,0,11,12,2,0,6146,6146,8184,-15,
234,rnd_boundary,input_anchor,A,64,0,0,0,1,4,8184,-15,-14,-1,0,14,12,0,1,6146,6146,7168,-25,
234,rnd_boundary,exact_residual,A,64,0,0,0,1,1,6145,0,1,1,1,0,12,4096,0,4096,4096,8188,-2,
234,rnd_boundary,exact_residual,A,64,0,0,0,1,2,8188,-2,-1,-1,1,2,12,1024,0,3072,3072,4096,-12,
234,rnd_boundary,exact_residual,A,64,0,0,0,1,3,4096,-12,-12,1,1,13,12,0,1,3072,3072,0,-12,
234,rnd_boundary,guard1_pack12,A,64,0,0,0,1,1,6145,0,1,1,1,0,13,8192,0,8192,4096,8184,-2,
234,rnd_boundary,guard1_pack12,A,64,0,0,0,1,2,8184,-2,-1,-1,1,2,13,2048,0,6144,3072,7168,-12,
234,rnd_boundary,guard1_pack12,A,64,0,0,0,1,3,7168,-12,-11,1,1,12,13,2,0,6146,3073,8184,-15,
234,rnd_boundary,guard1_pack12,A,64,0,0,0,1,4,8184,-15,-14,-1,1,15,13,0,1,6146,3073,7168,-25,
234,rnd_boundary,guard12_pack12,A,64,0,0,0,1,1,6145,0,1,1,1,0,24,16777216,0,16777216,4096,8184,-2,
234,rnd_boundary,guard12_pack12,A,64,0,0,0,1,2,8184,-2,-1,-1,1,2,24,4194304,0,12582912,3072,7168,-12,
234,rnd_boundary,guard12_pack12,A,64,0,0,0,1,3,7168,-12,-11,1,1,12,24,4096,0,12587008,3073,8184,-15,
234,rnd_boundary,guard12_pack12,A,64,0,0,0,1,4,8184,-15,-14,-1,1,15,24,512,0,12586496,3072,7168,-25,
234,rnd_boundary,source_uncut,A,64,0,0,0,1,1,6145,0,1,1,1,0,24,16777216,0,16777216,4096,8184,-2,
234,rnd_boundary,source_uncut,A,64,0,0,0,1,2,8184,-2,-1,-1,1,2,24,4194304,0,12582912,3072,7168,-12,
234,rnd_boundary,source_uncut,A,64,0,0,0,1,3,7168,-12,-11,1,1,12,24,4096,0,12587008,3073,8184,-15,
234,rnd_boundary,source_uncut,A,64,0,0,0,1,4,8184,-15,-14,-1,1,15,24,512,0,12586496,3072,7168,-25,
234,rnd_boundary,post_sum_pack12,A,64,0,0,0,1,1,6145,0,1,1,1,0,12,4096,0,4096,4096,8184,-2,0x1000000000000000000000000000
234,rnd_boundary,post_sum_pack12,A,64,0,0,0,1,2,8184,-2,-1,-1,1,2,12,1024,0,3072,3072,7168,-12,0xc00000000000000000000000000
234,rnd_boundary,post_sum_pack12,A,64,0,0,0,1,3,7168,-12,-11,1,1,12,12,1,0,3073,3073,8184,-15,0xc01000000000000000000000000
234,rnd_boundary,post_sum_pack12,A,64,0,0,0,1,4,8184,-15,-14,-1,1,15,12,0,1,3072,3072,7168,-25,0xc00e00000000000000000000000
234,rnd_boundary,signed_floor,A,64,0,0,0,1,1,6145,0,1,1,1,0,12,4096,0,4096,4096,8184,-2,
234,rnd_boundary,signed_floor,A,64,0,0,0,1,2,8184,-2,-1,-1,1,2,12,1024,0,3072,3072,7168,-12,
234,rnd_boundary,signed_floor,A,64,0,0,0,1,3,7168,-12,-11,1,1,12,12,1,0,3073,3073,8184,-15,
234,rnd_boundary,signed_floor,A,64,0,0,0,1,4,8184,-15,-14,-1,1,15,12,0,1,3072,3072,7168,-25,
235,rnd_boundary,fig3,A,64,0,0,0,1,1,6145,0,1,1,1,0,12,4127,0,4127,4127,8184,-2,
235,rnd_boundary,fig3,A,64,0,0,0,1,2,8184,-2,-1,-1,1,2,12,1031,1,3096,3096,7168,-12,
235,rnd_boundary,fig3,A,64,0,0,0,1,3,7168,-12,-11,1,1,12,12,1,1,3097,3097,8184,-15,
235,rnd_boundary,tie_b,B,64,0,0,0,1,1,4127,0,0,1,0,0,12,6145,0,6145,6145,7936,-8,
235,rnd_boundary,tie_b,B,64,0,0,0,1,2,7936,-8,-7,1,0,7,12,48,1,6193,6193,8160,-13,
235,rnd_boundary,tie_b,B,64,0,0,0,1,3,8160,-13,-12,-1,0,12,12,1,1,6192,6192,7936,-21,
235,rnd_boundary,legacy7,A,64,0,0,0,1,1,6145,0,1,1,1,0,12,4127,0,4127,4127,8184,-2,
235,rnd_boundary,legacy7,A,64,0,0,0,1,2,8184,-2,-1,-1,1,2,12,1031,1,3096,3096,7168,-12,
235,rnd_boundary,legacy7,A,64,0,0,0,1,3,7168,-12,-11,1,1,12,12,1,1,3097,3097,8184,-15,
235,rnd_boundary,input_anchor,A,64,0,0,0,1,1,6145,0,1,1,0,-1,12,8254,0,8254,8254,8184,-2,
235,rnd_boundary,input_anchor,A,64,0,0,0,1,2,8184,-2,-1,-1,0,1,12,2063,1,6191,6191,7168,-12,
235,rnd_boundary,input_anchor,A,64,0,0,0,1,3,7168,-12,-11,1,0,11,12,2,1,6193,6193,8184,-15,
235,rnd_boundary,exact_residual,A,64,0,0,0,1,1,6145,0,1,1,1,0,12,4127,0,4127,4127,8188,-2,
235,rnd_boundary,exact_residual,A,64,0,0,0,1,2,8188,-2,-1,-1,1,2,12,1031,1,3096,3096,4096,-12,
235,rnd_boundary,exact_residual,A,64,0,0,0,1,3,4096,-12,-12,1,1,13,12,0,1,3096,3096,0,-12,
235,rnd_boundary,guard1_pack12,A,64,0,0,0,1,1,6145,0,1,1,1,0,13,8254,0,8254,4127,8184,-2,
235,rnd_boundary,guard1_pack12,A,64,0,0,0,1,2,8184,-2,-1,-1,1,2,13,2063,1,6191,3095,7168,-12,
235,rnd_boundary,guard1_pack12,A,64,0,0,0,1,3,7168,-12,-11,1,1,12,13,2,1,6193,3096,8184,-15,
235,rnd_boundary,guard12_pack12,A,64,0,0,0,1,1,6145,0,1,1,1,0,24,16904192,0,16904192,4127,8184,-2,
235,rnd_boundary,guard12_pack12,A,64,0,0,0,1,2,8184,-2,-1,-1,1,2,24,4226048,0,12678144,3095,7168,-12,
235,rnd_boundary,guard12_pack12,A,64,0,0,0,1,3,7168,-12,-11,1,1,12,24,4127,0,12682271,3096,8184,-15,
235,rnd_boundary,source_uncut,A,64,0,0,0,1,1,6145,0,1,1,1,0,24,16904192,0,16904192,4127,8184,-2,
235,rnd_boundary,source_uncut,A,64,0,0,0,1,2,8184,-2,-1,-1,1,2,24,4226048,0,12678144,3095,7168,-12,
235,rnd_boundary,source_uncut,A,64,0,0,0,1,3,7168,-12,-11,1,1,12,24,4127,0,12682271,3096,8184,-15,
235,rnd_boundary,post_sum_pack12,A,64,0,0,0,1,1,6145,0,1,1,1,0,12,4127,0,4127,4127,8184,-2,0x101f000000000000000000000000
235,rnd_boundary,post_sum_pack12,A,64,0,0,0,1,2,8184,-2,-1,-1,1,2,12,1031,1,3095,3095,7168,-12,0xc17400000000000000000000000
235,rnd_boundary,post_sum_pack12,A,64,0,0,0,1,3,7168,-12,-11,1,1,12,12,1,1,3096,3096,8184,-15,0xc1841f000000000000000000000
235,rnd_boundary,signed_floor,A,64,0,0,0,1,1,6145,0,1,1,1,0,12,4127,0,4127,4127,8184,-2,
235,rnd_boundary,signed_floor,A,64,0,0,0,1,2,8184,-2,-1,-1,1,2,12,1031,1,3095,3095,7168,-12,
235,rnd_boundary,signed_floor,A,64,0,0,0,1,3,7168,-12,-11,1,1,12,12,1,1,3096,3096,8184,-15,
236,rnd_boundary,fig3,A,64,0,0,0,1,1,6145,0,1,1,1,0,12,4127,0,4127,4127,8184,-2,
236,rnd_boundary,fig3,A,64,0,0,0,1,2,8184,-2,-1,-1,1,2,12,1031,1,3096,3096,7168,-12,
236,rnd_boundary,fig3,A,64,0,0,0,1,3,7168,-12,-11,1,1,12,12,1,1,3097,3097,8184,-15,
236,rnd_boundary,fig3,A,64,0,0,0,1,4,8184,-15,-14,-1,1,15,12,0,1,3097,3097,7168,-25,
236,rnd_boundary,tie_b,B,64,0,0,0,1,1,4127,0,0,1,0,0,12,6145,0,6145,6145,7936,-8,
236,rnd_boundary,tie_b,B,64,0,0,0,1,2,7936,-8,-7,1,0,7,12,48,1,6193,6193,8160,-13,
236,rnd_boundary,tie_b,B,64,0,0,0,1,3,8160,-13,-12,-1,0,12,12,1,1,6192,6192,7936,-21,
236,rnd_boundary,tie_b,B,64,0,0,0,1,4,7936,-21,-20,1,0,20,12,0,1,6192,6192,8160,-26,
236,rnd_boundary,legacy7,A,64,0,0,0,1,1,6145,0,1,1,1,0,12,4127,0,4127,4127,8184,-2,
236,rnd_boundary,legacy7,A,64,0,0,0,1,2,8184,-2,-1,-1,1,2,12,1031,1,3096,3096,7168,-12,
236,rnd_boundary,legacy7,A,64,0,0,0,1,3,7168,-12,-11,1,1,12,12,1,1,3097,3097,8184,-15,
236,rnd_boundary,legacy7,A,64,0,0,0,1,4,8184,-15,-14,-1,1,15,12,0,1,3097,3097,7168,-25,
236,rnd_boundary,input_anchor,A,64,0,0,0,1,1,6145,0,1,1,0,-1,12,8254,0,8254,8254,8184,-2,
236,rnd_boundary,input_anchor,A,64,0,0,0,1,2,8184,-2,-1,-1,0,1,12,2063,1,6191,6191,7168,-12,
236,rnd_boundary,input_anchor,A,64,0,0,0,1,3,7168,-12,-11,1,0,11,12,2,1,6193,6193,8184,-15,
236,rnd_boundary,input_anchor,A,64,0,0,0,1,4,8184,-15,-14,-1,0,14,12,0,1,6193,6193,7168,-25,
236,rnd_boundary,exact_residual,A,64,0,0,0,1,1,6145,0,1,1,1,0,12,4127,0,4127,4127,8188,-2,
236,rnd_boundary,exact_residual,A,64,0,0,0,1,2,8188,-2,-1,-1,1,2,12,1031,1,3096,3096,4096,-12,
236,rnd_boundary,exact_residual,A,64,0,0,0,1,3,4096,-12,-12,1,1,13,12,0,1,3096,3096,0,-12,
236,rnd_boundary,guard1_pack12,A,64,0,0,0,1,1,6145,0,1,1,1,0,13,8254,0,8254,4127,8184,-2,
236,rnd_boundary,guard1_pack12,A,64,0,0,0,1,2,8184,-2,-1,-1,1,2,13,2063,1,6191,3095,7168,-12,
236,rnd_boundary,guard1_pack12,A,64,0,0,0,1,3,7168,-12,-11,1,1,12,13,2,1,6193,3096,8184,-15,
236,rnd_boundary,guard1_pack12,A,64,0,0,0,1,4,8184,-15,-14,-1,1,15,13,0,1,6193,3096,7168,-25,
236,rnd_boundary,guard12_pack12,A,64,0,0,0,1,1,6145,0,1,1,1,0,24,16904192,0,16904192,4127,8184,-2,
236,rnd_boundary,guard12_pack12,A,64,0,0,0,1,2,8184,-2,-1,-1,1,2,24,4226048,0,12678144,3095,7168,-12,
236,rnd_boundary,guard12_pack12,A,64,0,0,0,1,3,7168,-12,-11,1,1,12,24,4127,0,12682271,3096,8184,-15,
236,rnd_boundary,guard12_pack12,A,64,0,0,0,1,4,8184,-15,-14,-1,1,15,24,515,1,12681756,3096,7168,-25,
236,rnd_boundary,source_uncut,A,64,0,0,0,1,1,6145,0,1,1,1,0,24,16904192,0,16904192,4127,8184,-2,
236,rnd_boundary,source_uncut,A,64,0,0,0,1,2,8184,-2,-1,-1,1,2,24,4226048,0,12678144,3095,7168,-12,
236,rnd_boundary,source_uncut,A,64,0,0,0,1,3,7168,-12,-11,1,1,12,24,4127,0,12682271,3096,8184,-15,
236,rnd_boundary,source_uncut,A,64,0,0,0,1,4,8184,-15,-14,-1,1,15,24,515,1,12681756,3096,7168,-25,
236,rnd_boundary,post_sum_pack12,A,64,0,0,0,1,1,6145,0,1,1,1,0,12,4127,0,4127,4127,8184,-2,0x101f000000000000000000000000
236,rnd_boundary,post_sum_pack12,A,64,0,0,0,1,2,8184,-2,-1,-1,1,2,12,1031,1,3095,3095,7168,-12,0xc17400000000000000000000000
236,rnd_boundary,post_sum_pack12,A,64,0,0,0,1,3,7168,-12,-11,1,1,12,12,1,1,3096,3096,8184,-15,0xc1841f000000000000000000000
236,rnd_boundary,post_sum_pack12,A,64,0,0,0,1,4,8184,-15,-14,-1,1,15,12,0,1,3096,3096,7168,-25,0xc1821b200000000000000000000
236,rnd_boundary,signed_floor,A,64,0,0,0,1,1,6145,0,1,1,1,0,12,4127,0,4127,4127,8184,-2,
236,rnd_boundary,signed_floor,A,64,0,0,0,1,2,8184,-2,-1,-1,1,2,12,1031,1,3095,3095,7168,-12,
236,rnd_boundary,signed_floor,A,64,0,0,0,1,3,7168,-12,-11,1,1,12,12,1,1,3096,3096,8184,-15,
236,rnd_boundary,signed_floor,A,64,0,0,0,1,4,8184,-15,-14,-1,1,15,12,0,1,3095,3095,7168,-25,
237,rnd_boundary,fig3,A,64,1,0,0,1,1,6145,0,1,1,1,0,12,4158,0,4158,4158,8184,-2,
237,rnd_boundary,fig3,A,64,1,0,0,1,2,8184,-2,-1,-1,1,2,12,1039,1,3119,3119,7168,-12,
237,rnd_boundary,fig3,A,64,1,0,0,1,3,7168,-12,-11,1,1,12,12,1,1,3120,3120,8184,-15,
237,rnd_boundary,tie_b,B,64,1,0,0,1,1,4158,0,0,1,0,0,12,6145,0,6145,6145,7936,-7,
237,rnd_boundary,tie_b,B,64,1,0,0,1,2,7936,-7,-6,1,0,6,12,96,1,6241,6241,8160,-12,
237,rnd_boundary,tie_b,B,64,1,0,0,1,3,8160,-12,-11,-1,0,11,12,3,1,6238,6238,7936,-20,
237,rnd_boundary,legacy7,A,64,1,0,0,1,1,6145,0,1,1,1,0,12,4158,0,4158,4158,8184,-2,
237,rnd_boundary,legacy7,A,64,1,0,0,1,2,8184,-2,-1,-1,1,2,12,1039,1,3119,3119,7168,-12,
237,rnd_boundary,legacy7,A,64,1,0,0,1,3,7168,-12,-11,1,1,12,12,1,1,3120,3120,8184,-15,
237,rnd_boundary,input_anchor,A,64,1,0,0,1,1,6145,0,1,1,0,-1,12,8316,0,8316,8316,8184,-2,
237,rnd_boundary,input_anchor,A,64,1,0,0,1,2,8184,-2,-1,-1,0,1,12,2079,0,6237,6237,7168,-12,
237,rnd_boundary,input_anchor,A,64,1,0,0,1,3,7168,-12,-11,1,0,11,12,2,1,6239,6239,8184,-15,
237,rnd_boundary,exact_residual,A,64,1,0,0,1,1,6145,0,1,1,1,0,12,4158,0,4158,4158,8188,-2,
237,rnd_boundary,exact_residual,A,64,1,0,0,1,2,8188,-2,-1,-1,1,2,12,1039,1,3119,3119,4096,-12,
237,rnd_boundary,exact_residual,A,64,1,0,0,1,3,4096,-12,-12,1,1,13,12,0,1,3119,3119,0,-12,
237,rnd_boundary,guard1_pack12,A,64,1,0,0,1,1,6145,0,1,1,1,0,13,8316,0,8316,4158,8184,-2,
237,rnd_boundary,guard1_pack12,A,64,1,0,0,1,2,8184,-2,-1,-1,1,2,13,2079,0,6237,3118,7168,-12,
237,rnd_boundary,guard1_pack12,A,64,1,0,0,1,3,7168,-12,-11,1,1,12,13,2,1,6239,3119,8184,-15,
237,rnd_boundary,guard12_pack12,A,64,1,0,0,1,1,6145,0,1,1,1,0,24,17031168,0,17031168,4158,8184,-2,
237,rnd_boundary,guard12_pack12,A,64,1,0,0,1,2,8184,-2,-1,-1,1,2,24,4257792,0,12773376,3118,7168,-12,
237,rnd_boundary,guard12_pack12,A,64,1,0,0,1,3,7168,-12,-11,1,1,12,24,4158,0,12777534,3119,8184,-15,
237,rnd_boundary,source_uncut,A,64,1,0,0,1,1,6145,0,1,1,1,0,24,17031168,0,17031168,4158,8184,-2,
237,rnd_boundary,source_uncut,A,64,1,0,0,1,2,8184,-2,-1,-1,1,2,24,4257792,0,12773376,3118,7168,-12,
237,rnd_boundary,source_uncut,A,64,1,0,0,1,3,7168,-12,-11,1,1,12,24,4158,0,12777534,3119,8184,-15,
237,rnd_boundary,post_sum_pack12,A,64,1,0,0,1,1,6145,0,1,1,1,0,12,4158,0,4158,4158,8184,-2,0x103e000000000000000000000000
237,rnd_boundary,post_sum_pack12,A,64,1,0,0,1,2,8184,-2,-1,-1,1,2,12,1039,1,3118,3118,7168,-12,0xc2e800000000000000000000000
237,rnd_boundary,post_sum_pack12,A,64,1,0,0,1,3,7168,-12,-11,1,1,12,12,1,1,3119,3119,8184,-15,0xc2f83e000000000000000000000
237,rnd_boundary,signed_floor,A,64,1,0,0,1,1,6145,0,1,1,1,0,12,4158,0,4158,4158,8184,-2,
237,rnd_boundary,signed_floor,A,64,1,0,0,1,2,8184,-2,-1,-1,1,2,12,1039,1,3118,3118,7168,-12,
237,rnd_boundary,signed_floor,A,64,1,0,0,1,3,7168,-12,-11,1,1,12,12,1,1,3119,3119,8184,-15,
238,rnd_boundary,fig3,A,64,1,0,0,1,1,6145,0,1,1,1,0,12,4158,0,4158,4158,8184,-2,
238,rnd_boundary,fig3,A,64,1,0,0,1,2,8184,-2,-1,-1,1,2,12,1039,1,3119,3119,7168,-12,
238,rnd_boundary,fig3,A,64,1,0,0,1,3,7168,-12,-11,1,1,12,12,1,1,3120,3120,8184,-15,
238,rnd_boundary,fig3,A,64,1,0,0,1,4,8184,-15,-14,-1,1,15,12,0,1,3120,3120,7168,-25,
238,rnd_boundary,tie_b,B,64,1,0,0,1,1,4158,0,0,1,0,0,12,6145,0,6145,6145,7936,-7,
238,rnd_boundary,tie_b,B,64,1,0,0,1,2,7936,-7,-6,1,0,6,12,96,1,6241,6241,8160,-12,
238,rnd_boundary,tie_b,B,64,1,0,0,1,3,8160,-12,-11,-1,0,11,12,3,1,6238,6238,7936,-20,
238,rnd_boundary,tie_b,B,64,1,0,0,1,4,7936,-20,-19,1,0,19,12,0,1,6238,6238,8160,-25,
238,rnd_boundary,legacy7,A,64,1,0,0,1,1,6145,0,1,1,1,0,12,4158,0,4158,4158,8184,-2,
238,rnd_boundary,legacy7,A,64,1,0,0,1,2,8184,-2,-1,-1,1,2,12,1039,1,3119,3119,7168,-12,
238,rnd_boundary,legacy7,A,64,1,0,0,1,3,7168,-12,-11,1,1,12,12,1,1,3120,3120,8184,-15,
238,rnd_boundary,legacy7,A,64,1,0,0,1,4,8184,-15,-14,-1,1,15,12,0,1,3120,3120,7168,-25,
238,rnd_boundary,input_anchor,A,64,1,0,0,1,1,6145,0,1,1,0,-1,12,8316,0,8316,8316,8184,-2,
238,rnd_boundary,input_anchor,A,64,1,0,0,1,2,8184,-2,-1,-1,0,1,12,2079,0,6237,6237,7168,-12,
238,rnd_boundary,input_anchor,A,64,1,0,0,1,3,7168,-12,-11,1,0,11,12,2,1,6239,6239,8184,-15,
238,rnd_boundary,input_anchor,A,64,1,0,0,1,4,8184,-15,-14,-1,0,14,12,0,1,6239,6239,7168,-25,
238,rnd_boundary,exact_residual,A,64,1,0,0,1,1,6145,0,1,1,1,0,12,4158,0,4158,4158,8188,-2,
238,rnd_boundary,exact_residual,A,64,1,0,0,1,2,8188,-2,-1,-1,1,2,12,1039,1,3119,3119,4096,-12,
238,rnd_boundary,exact_residual,A,64,1,0,0,1,3,4096,-12,-12,1,1,13,12,0,1,3119,3119,0,-12,
238,rnd_boundary,guard1_pack12,A,64,1,0,0,1,1,6145,0,1,1,1,0,13,8316,0,8316,4158,8184,-2,
238,rnd_boundary,guard1_pack12,A,64,1,0,0,1,2,8184,-2,-1,-1,1,2,13,2079,0,6237,3118,7168,-12,
238,rnd_boundary,guard1_pack12,A,64,1,0,0,1,3,7168,-12,-11,1,1,12,13,2,1,6239,3119,8184,-15,
238,rnd_boundary,guard1_pack12,A,64,1,0,0,1,4,8184,-15,-14,-1,1,15,13,0,1,6239,3119,7168,-25,
238,rnd_boundary,guard12_pack12,A,64,1,0,0,1,1,6145,0,1,1,1,0,24,17031168,0,17031168,4158,8184,-2,
238,rnd_boundary,guard12_pack12,A,64,1,0,0,1,2,8184,-2,-1,-1,1,2,24,4257792,0,12773376,3118,7168,-12,
238,rnd_boundary,guard12_pack12,A,64,1,0,0,1,3,7168,-12,-11,1,1,12,24,4158,0,12777534,3119,8184,-15,
238,rnd_boundary,guard12_pack12,A,64,1,0,0,1,4,8184,-15,-14,-1,1,15,24,519,1,12777015,3119,7168,-25,
238,rnd_boundary,source_uncut,A,64,1,0,0,1,1,6145,0,1,1,1,0,24,17031168,0,17031168,4158,8184,-2,
238,rnd_boundary,source_uncut,A,64,1,0,0,1,2,8184,-2,-1,-1,1,2,24,4257792,0,12773376,3118,7168,-12,
238,rnd_boundary,source_uncut,A,64,1,0,0,1,3,7168,-12,-11,1,1,12,24,4158,0,12777534,3119,8184,-15,
238,rnd_boundary,source_uncut,A,64,1,0,0,1,4,8184,-15,-14,-1,1,15,24,519,1,12777015,3119,7168,-25,
238,rnd_boundary,post_sum_pack12,A,64,1,0,0,1,1,6145,0,1,1,1,0,12,4158,0,4158,4158,8184,-2,0x103e000000000000000000000000
238,rnd_boundary,post_sum_pack12,A,64,1,0,0,1,2,8184,-2,-1,-1,1,2,12,1039,1,3118,3118,7168,-12,0xc2e800000000000000000000000
238,rnd_boundary,post_sum_pack12,A,64,1,0,0,1,3,7168,-12,-11,1,1,12,12,1,1,3119,3119,8184,-15,0xc2f83e000000000000000000000
238,rnd_boundary,post_sum_pack12,A,64,1,0,0,1,4,8184,-15,-14,-1,1,15,12,0,1,3119,3119,7168,-25,0xc2f636400000000000000000000
238,rnd_boundary,signed_floor,A,64,1,0,0,1,1,6145,0,1,1,1,0,12,4158,0,4158,4158,8184,-2,
238,rnd_boundary,signed_floor,A,64,1,0,0,1,2,8184,-2,-1,-1,1,2,12,1039,1,3118,3118,7168,-12,
238,rnd_boundary,signed_floor,A,64,1,0,0,1,3,7168,-12,-11,1,1,12,12,1,1,3119,3119,8184,-15,
238,rnd_boundary,signed_floor,A,64,1,0,0,1,4,8184,-15,-14,-1,1,15,12,0,1,3118,3118,7168,-25,
239,rnd_boundary,fig3,A,64,2,0,0,1,1,6145,0,1,1,1,0,12,4189,0,4189,4189,8184,-2,
239,rnd_boundary,fig3,A,64,2,0,0,1,2,8184,-2,-1,-1,1,2,12,1047,1,3142,3142,7168,-12,
239,rnd_boundary,fig3,A,64,2,0,0,1,3,7168,-12,-11,1,1,12,12,1,1,3143,3143,8184,-15,
239,rnd_boundary,tie_b,B,64,2,0,0,1,1,4189,0,0,1,0,0,12,6145,0,6145,6145,5952,-6,
239,rnd_boundary,tie_b,B,64,2,0,0,1,2,5952,-6,-6,1,0,6,12,96,1,6241,6241,7424,-8,
239,rnd_boundary,tie_b,B,64,2,0,0,1,3,7424,-8,-7,1,0,7,12,48,1,6289,6289,6136,-11,
239,rnd_boundary,legacy7,A,64,2,0,0,1,1,6145,0,1,1,1,0,12,4189,0,4189,4189,8184,-2,
239,rnd_boundary,legacy7,A,64,2,0,0,1,2,8184,-2,-1,-1,1,2,12,1047,1,3142,3142,7168,-12,
239,rnd_boundary,legacy7,A,64,2,0,0,1,3,7168,-12,-11,1,1,12,12,1,1,3143,3143,8184,-15,
239,rnd_boundary,input_anchor,A,64,2,0,0,1,1,6145,0,1,1,0,-1,12,8378,0,8378,8378,8184,-2,
239,rnd_boundary,input_anchor,A,64,2,0,0,1,2,8184,-2,-1,-1,0,1,12,2094,1,6284,6284,7168,-12,
239,rnd_boundary,input_anchor,A,64,2,0,0,1,3,7168,-12,-11,1,0,11,12,2,1,6286,6286,8184,-15,
239,rnd_boundary,exact_residual,A,64,2,0,0,1,1,6145,0,1,1,1,0,12,4189,0,4189,4189,8188,-2,
239,rnd_boundary,exact_residual,A,64,2,0,0,1,2,8188,-2,-1,-1,1,2,12,1047,1,3142,3142,4096,-12,
239,rnd_boundary,exact_residual,A,64,2,0,0,1,3,4096,-12,-12,1,1,13,12,0,1,3142,3142,0,-12,
239,rnd_boundary,guard1_pack12,A,64,2,0,0,1,1,6145,0,1,1,1,0,13,8378,0,8378,4189,8184,-2,
239,rnd_boundary,guard1_pack12,A,64,2,0,0,1,2,8184,-2,-1,-1,1,2,13,2094,1,6284,3142,7168,-12,
239,rnd_boundary,guard1_pack12,A,64,2,0,0,1,3,7168,-12,-11,1,1,12,13,2,1,6286,3143,8184,-15,
239,rnd_boundary,guard12_pack12,A,64,2,0,0,1,1,6145,0,1,1,1,0,24,17158144,0,17158144,4189,8184,-2,
239,rnd_boundary,guard12_pack12,A,64,2,0,0,1,2,8184,-2,-1,-1,1,2,24,4289536,0,12868608,3141,7168,-12,
239,rnd_boundary,guard12_pack12,A,64,2,0,0,1,3,7168,-12,-11,1,1,12,24,4189,0,12872797,3142,8184,-15,
239,rnd_boundary,source_uncut,A,64,2,0,0,1,1,6145,0,1,1,1,0,24,17158144,0,17158144,4189,8184,-2,
239,rnd_boundary,source_uncut,A,64,2,0,0,1,2,8184,-2,-1,-1,1,2,24,4289536,0,12868608,3141,7168,-12,
239,rnd_boundary,source_uncut,A,64,2,0,0,1,3,7168,-12,-11,1,1,12,24,4189,0,12872797,3142,8184,-15,
239,rnd_boundary,post_sum_pack12,A,64,2,0,0,1,1,6145,0,1,1,1,0,12,4189,0,4189,4189,8184,-2,0x105d000000000000000000000000
239,rnd_boundary,post_sum_pack12,A,64,2,0,0,1,2,8184,-2,-1,-1,1,2,12,1047,1,3141,3141,7168,-12,0xc45c00000000000000000000000
239,rnd_boundary,post_sum_pack12,A,64,2,0,0,1,3,7168,-12,-11,1,1,12,12,1,1,3142,3142,8184,-15,0xc46c5d000000000000000000000
239,rnd_boundary,signed_floor,A,64,2,0,0,1,1,6145,0,1,1,1,0,12,4189,0,4189,4189,8184,-2,
239,rnd_boundary,signed_floor,A,64,2,0,0,1,2,8184,-2,-1,-1,1,2,12,1047,1,3141,3141,7168,-12,
239,rnd_boundary,signed_floor,A,64,2,0,0,1,3,7168,-12,-11,1,1,12,12,1,1,3142,3142,8184,-15,
240,rnd_boundary,fig3,A,64,2,0,0,1,1,6145,0,1,1,1,0,12,4189,0,4189,4189,8184,-2,
240,rnd_boundary,fig3,A,64,2,0,0,1,2,8184,-2,-1,-1,1,2,12,1047,1,3142,3142,7168,-12,
240,rnd_boundary,fig3,A,64,2,0,0,1,3,7168,-12,-11,1,1,12,12,1,1,3143,3143,8184,-15,
240,rnd_boundary,fig3,A,64,2,0,0,1,4,8184,-15,-14,-1,1,15,12,0,1,3143,3143,7168,-25,
240,rnd_boundary,tie_b,B,64,2,0,0,1,1,4189,0,0,1,0,0,12,6145,0,6145,6145,5952,-6,
240,rnd_boundary,tie_b,B,64,2,0,0,1,2,5952,-6,-6,1,0,6,12,96,1,6241,6241,7424,-8,
240,rnd_boundary,tie_b,B,64,2,0,0,1,3,7424,-8,-7,1,0,7,12,48,1,6289,6289,6136,-11,
240,rnd_boundary,tie_b,B,64,2,0,0,1,4,6136,-11,-11,-1,0,11,12,3,1,6286,6286,8160,-13,
240,rnd_boundary,legacy7,A,64,2,0,0,1,1,6145,0,1,1,1,0,12,4189,0,4189,4189,8184,-2,
240,rnd_boundary,legacy7,A,64,2,0,0,1,2,8184,-2,-1,-1,1,2,12,1047,1,3142,3142,7168,-12,
240,rnd_boundary,legacy7,A,64,2,0,0,1,3,7168,-12,-11,1,1,12,12,1,1,3143,3143,8184,-15,
240,rnd_boundary,legacy7,A,64,2,0,0,1,4,8184,-15,-14,-1,1,15,12,0,1,3143,3143,7168,-25,
240,rnd_boundary,input_anchor,A,64,2,0,0,1,1,6145,0,1,1,0,-1,12,8378,0,8378,8378,8184,-2,
240,rnd_boundary,input_anchor,A,64,2,0,0,1,2,8184,-2,-1,-1,0,1,12,2094,1,6284,6284,7168,-12,
240,rnd_boundary,input_anchor,A,64,2,0,0,1,3,7168,-12,-11,1,0,11,12,2,1,6286,6286,8184,-15,
240,rnd_boundary,input_anchor,A,64,2,0,0,1,4,8184,-15,-14,-1,0,14,12,0,1,6286,6286,7168,-25,
240,rnd_boundary,exact_residual,A,64,2,0,0,1,1,6145,0,1,1,1,0,12,4189,0,4189,4189,8188,-2,
240,rnd_boundary,exact_residual,A,64,2,0,0,1,2,8188,-2,-1,-1,1,2,12,1047,1,3142,3142,4096,-12,
240,rnd_boundary,exact_residual,A,64,2,0,0,1,3,4096,-12,-12,1,1,13,12,0,1,3142,3142,0,-12,
240,rnd_boundary,guard1_pack12,A,64,2,0,0,1,1,6145,0,1,1,1,0,13,8378,0,8378,4189,8184,-2,
240,rnd_boundary,guard1_pack12,A,64,2,0,0,1,2,8184,-2,-1,-1,1,2,13,2094,1,6284,3142,7168,-12,
240,rnd_boundary,guard1_pack12,A,64,2,0,0,1,3,7168,-12,-11,1,1,12,13,2,1,6286,3143,8184,-15,
240,rnd_boundary,guard1_pack12,A,64,2,0,0,1,4,8184,-15,-14,-1,1,15,13,0,1,6286,3143,7168,-25,
240,rnd_boundary,guard12_pack12,A,64,2,0,0,1,1,6145,0,1,1,1,0,24,17158144,0,17158144,4189,8184,-2,
240,rnd_boundary,guard12_pack12,A,64,2,0,0,1,2,8184,-2,-1,-1,1,2,24,4289536,0,12868608,3141,7168,-12,
240,rnd_boundary,guard12_pack12,A,64,2,0,0,1,3,7168,-12,-11,1,1,12,24,4189,0,12872797,3142,8184,-15,
240,rnd_boundary,guard12_pack12,A,64,2,0,0,1,4,8184,-15,-14,-1,1,15,24,523,1,12872274,3142,7168,-25,
240,rnd_boundary,source_uncut,A,64,2,0,0,1,1,6145,0,1,1,1,0,24,17158144,0,17158144,4189,8184,-2,
240,rnd_boundary,source_uncut,A,64,2,0,0,1,2,8184,-2,-1,-1,1,2,24,4289536,0,12868608,3141,7168,-12,
240,rnd_boundary,source_uncut,A,64,2,0,0,1,3,7168,-12,-11,1,1,12,24,4189,0,12872797,3142,8184,-15,
240,rnd_boundary,source_uncut,A,64,2,0,0,1,4,8184,-15,-14,-1,1,15,24,523,1,12872274,3142,7168,-25,
240,rnd_boundary,post_sum_pack12,A,64,2,0,0,1,1,6145,0,1,1,1,0,12,4189,0,4189,4189,8184,-2,0x105d000000000000000000000000
240,rnd_boundary,post_sum_pack12,A,64,2,0,0,1,2,8184,-2,-1,-1,1,2,12,1047,1,3141,3141,7168,-12,0xc45c00000000000000000000000
240,rnd_boundary,post_sum_pack12,A,64,2,0,0,1,3,7168,-12,-11,1,1,12,12,1,1,3142,3142,8184,-15,0xc46c5d000000000000000000000
240,rnd_boundary,post_sum_pack12,A,64,2,0,0,1,4,8184,-15,-14,-1,1,15,12,0,1,3142,3142,7168,-25,0xc46a51600000000000000000000
240,rnd_boundary,signed_floor,A,64,2,0,0,1,1,6145,0,1,1,1,0,12,4189,0,4189,4189,8184,-2,
240,rnd_boundary,signed_floor,A,64,2,0,0,1,2,8184,-2,-1,-1,1,2,12,1047,1,3141,3141,7168,-12,
240,rnd_boundary,signed_floor,A,64,2,0,0,1,3,7168,-12,-11,1,1,12,12,1,1,3142,3142,8184,-15,
240,rnd_boundary,signed_floor,A,64,2,0,0,1,4,8184,-15,-14,-1,1,15,12,0,1,3141,3141,7168,-25,
241,rnd_boundary,fig3,A,64,3,0,32,0,1,6145,0,1,1,1,0,12,4220,0,4220,4220,8184,-2,
241,rnd_boundary,fig3,A,64,3,0,32,0,2,8184,-2,-1,-1,1,2,12,1055,0,3165,3165,7168,-12,
241,rnd_boundary,fig3,A,64,3,0,32,0,3,7168,-12,-11,1,1,12,12,1,1,3166,3166,8184,-15,
241,rnd_boundary,tie_b,A,64,3,0,32,0,1,6145,0,1,1,1,0,12,4220,0,4220,4220,8184,-2,
241,rnd_boundary,tie_b,A,64,3,0,32,0,2,8184,-2,-1,-1,1,2,12,1055,0,3165,3165,7168,-12,
241,rnd_boundary,tie_b,A,64,3,0,32,0,3,7168,-12,-11,1,1,12,12,1,1,3166,3166,8184,-15,
241,rnd_boundary,legacy7,A,64,3,0,32,0,1,6145,0,1,1,1,0,12,4220,0,4220,4220,8184,-2,
241,rnd_boundary,legacy7,A,64,3,0,32,0,2,8184,-2,-1,-1,1,2,12,1055,0,3165,3165,7168,-12,
241,rnd_boundary,legacy7,A,64,3,0,32,0,3,7168,-12,-11,1,1,12,12,1,1,3166,3166,8184,-15,
241,rnd_boundary,input_anchor,A,64,3,0,32,0,1,6145,0,1,1,0,-1,12,8440,0,8440,8440,8184,-2,
241,rnd_boundary,input_anchor,A,64,3,0,32,0,2,8184,-2,-1,-1,0,1,12,2110,0,6330,6330,7168,-12,
241,rnd_boundary,input_anchor,A,64,3,0,32,0,3,7168,-12,-11,1,0,11,12,2,1,6332,6332,8184,-15,
241,rnd_boundary,exact_residual,A,64,3,0,32,0,1,6145,0,1,1,1,0,12,4220,0,4220,4220,8188,-2,
241,rnd_boundary,exact_residual,A,64,3,0,32,0,2,8188,-2,-1,-1,1,2,12,1055,0,3165,3165,4096,-12,
241,rnd_boundary,exact_residual,A,64,3,0,32,0,3,4096,-12,-12,1,1,13,12,0,1,3165,3165,0,-12,
241,rnd_boundary,guard1_pack12,A,64,3,0,32,0,1,6145,0,1,1,1,0,13,8440,0,8440,4220,8184,-2,
241,rnd_boundary,guard1_pack12,A,64,3,0,32,0,2,8184,-2,-1,-1,1,2,13,2110,0,6330,3165,7168,-12,
241,rnd_boundary,guard1_pack12,A,64,3,0,32,0,3,7168,-12,-11,1,1,12,13,2,1,6332,3166,8184,-15,
241,rnd_boundary,guard12_pack12,A,64,3,0,32,0,1,6145,0,1,1,1,0,24,17285120,0,17285120,4220,8184,-2,
241,rnd_boundary,guard12_pack12,A,64,3,0,32,0,2,8184,-2,-1,-1,1,2,24,4321280,0,12963840,3165,7168,-12,
241,rnd_boundary,guard12_pack12,A,64,3,0,32,0,3,7168,-12,-11,1,1,12,24,4220,0,12968060,3166,8184,-15,
241,rnd_boundary,source_uncut,A,64,3,0,32,0,1,6145,0,1,1,1,0,24,17285120,0,17285120,4220,8184,-2,
241,rnd_boundary,source_uncut,A,64,3,0,32,0,2,8184,-2,-1,-1,1,2,24,4321280,0,12963840,3165,7168,-12,
241,rnd_boundary,source_uncut,A,64,3,0,32,0,3,7168,-12,-11,1,1,12,24,4220,0,12968060,3166,8184,-15,
241,rnd_boundary,post_sum_pack12,A,64,3,0,32,0,1,6145,0,1,1,1,0,12,4220,0,4220,4220,8184,-2,0x107c000000000000000000000000
241,rnd_boundary,post_sum_pack12,A,64,3,0,32,0,2,8184,-2,-1,-1,1,2,12,1055,0,3165,3165,7168,-12,0xc5d000000000000000000000000
241,rnd_boundary,post_sum_pack12,A,64,3,0,32,0,3,7168,-12,-11,1,1,12,12,1,1,3166,3166,8184,-15,0xc5e07c000000000000000000000
241,rnd_boundary,signed_floor,A,64,3,0,32,0,1,6145,0,1,1,1,0,12,4220,0,4220,4220,8184,-2,
241,rnd_boundary,signed_floor,A,64,3,0,32,0,2,8184,-2,-1,-1,1,2,12,1055,0,3165,3165,7168,-12,
241,rnd_boundary,signed_floor,A,64,3,0,32,0,3,7168,-12,-11,1,1,12,12,1,1,3166,3166,8184,-15,
242,rnd_boundary,fig3,A,64,3,0,32,0,1,6145,0,1,1,1,0,12,4220,0,4220,4220,8184,-2,
242,rnd_boundary,fig3,A,64,3,0,32,0,2,8184,-2,-1,-1,1,2,12,1055,0,3165,3165,7168,-12,
242,rnd_boundary,fig3,A,64,3,0,32,0,3,7168,-12,-11,1,1,12,12,1,1,3166,3166,8184,-15,
242,rnd_boundary,fig3,A,64,3,0,32,0,4,8184,-15,-14,-1,1,15,12,0,1,3166,3166,7168,-25,
242,rnd_boundary,tie_b,A,64,3,0,32,0,1,6145,0,1,1,1,0,12,4220,0,4220,4220,8184,-2,
242,rnd_boundary,tie_b,A,64,3,0,32,0,2,8184,-2,-1,-1,1,2,12,1055,0,3165,3165,7168,-12,
242,rnd_boundary,tie_b,A,64,3,0,32,0,3,7168,-12,-11,1,1,12,12,1,1,3166,3166,8184,-15,
242,rnd_boundary,tie_b,A,64,3,0,32,0,4,8184,-15,-14,-1,1,15,12,0,1,3166,3166,7168,-25,
242,rnd_boundary,legacy7,A,64,3,0,32,0,1,6145,0,1,1,1,0,12,4220,0,4220,4220,8184,-2,
242,rnd_boundary,legacy7,A,64,3,0,32,0,2,8184,-2,-1,-1,1,2,12,1055,0,3165,3165,7168,-12,
242,rnd_boundary,legacy7,A,64,3,0,32,0,3,7168,-12,-11,1,1,12,12,1,1,3166,3166,8184,-15,
242,rnd_boundary,legacy7,A,64,3,0,32,0,4,8184,-15,-14,-1,1,15,12,0,1,3166,3166,7168,-25,
242,rnd_boundary,input_anchor,A,64,3,0,32,0,1,6145,0,1,1,0,-1,12,8440,0,8440,8440,8184,-2,
242,rnd_boundary,input_anchor,A,64,3,0,32,0,2,8184,-2,-1,-1,0,1,12,2110,0,6330,6330,7168,-12,
242,rnd_boundary,input_anchor,A,64,3,0,32,0,3,7168,-12,-11,1,0,11,12,2,1,6332,6332,8184,-15,
242,rnd_boundary,input_anchor,A,64,3,0,32,0,4,8184,-15,-14,-1,0,14,12,0,1,6332,6332,7168,-25,
242,rnd_boundary,exact_residual,A,64,3,0,32,0,1,6145,0,1,1,1,0,12,4220,0,4220,4220,8188,-2,
242,rnd_boundary,exact_residual,A,64,3,0,32,0,2,8188,-2,-1,-1,1,2,12,1055,0,3165,3165,4096,-12,
242,rnd_boundary,exact_residual,A,64,3,0,32,0,3,4096,-12,-12,1,1,13,12,0,1,3165,3165,0,-12,
242,rnd_boundary,guard1_pack12,A,64,3,0,32,0,1,6145,0,1,1,1,0,13,8440,0,8440,4220,8184,-2,
242,rnd_boundary,guard1_pack12,A,64,3,0,32,0,2,8184,-2,-1,-1,1,2,13,2110,0,6330,3165,7168,-12,
242,rnd_boundary,guard1_pack12,A,64,3,0,32,0,3,7168,-12,-11,1,1,12,13,2,1,6332,3166,8184,-15,
242,rnd_boundary,guard1_pack12,A,64,3,0,32,0,4,8184,-15,-14,-1,1,15,13,0,1,6332,3166,7168,-25,
242,rnd_boundary,guard12_pack12,A,64,3,0,32,0,1,6145,0,1,1,1,0,24,17285120,0,17285120,4220,8184,-2,
242,rnd_boundary,guard12_pack12,A,64,3,0,32,0,2,8184,-2,-1,-1,1,2,24,4321280,0,12963840,3165,7168,-12,
242,rnd_boundary,guard12_pack12,A,64,3,0,32,0,3,7168,-12,-11,1,1,12,24,4220,0,12968060,3166,8184,-15,
242,rnd_boundary,guard12_pack12,A,64,3,0,32,0,4,8184,-15,-14,-1,1,15,24,527,1,12967533,3165,7168,-25,
242,rnd_boundary,source_uncut,A,64,3,0,32,0,1,6145,0,1,1,1,0,24,17285120,0,17285120,4220,8184,-2,
242,rnd_boundary,source_uncut,A,64,3,0,32,0,2,8184,-2,-1,-1,1,2,24,4321280,0,12963840,3165,7168,-12,
242,rnd_boundary,source_uncut,A,64,3,0,32,0,3,7168,-12,-11,1,1,12,24,4220,0,12968060,3166,8184,-15,
242,rnd_boundary,source_uncut,A,64,3,0,32,0,4,8184,-15,-14,-1,1,15,24,527,1,12967533,3165,7168,-25,
242,rnd_boundary,post_sum_pack12,A,64,3,0,32,0,1,6145,0,1,1,1,0,12,4220,0,4220,4220,8184,-2,0x107c000000000000000000000000
242,rnd_boundary,post_sum_pack12,A,64,3,0,32,0,2,8184,-2,-1,-1,1,2,12,1055,0,3165,3165,7168,-12,0xc5d000000000000000000000000
242,rnd_boundary,post_sum_pack12,A,64,3,0,32,0,3,7168,-12,-11,1,1,12,12,1,1,3166,3166,8184,-15,0xc5e07c000000000000000000000
242,rnd_boundary,post_sum_pack12,A,64,3,0,32,0,4,8184,-15,-14,-1,1,15,12,0,1,3165,3165,7168,-25,0xc5de6c800000000000000000000
242,rnd_boundary,signed_floor,A,64,3,0,32,0,1,6145,0,1,1,1,0,12,4220,0,4220,4220,8184,-2,
242,rnd_boundary,signed_floor,A,64,3,0,32,0,2,8184,-2,-1,-1,1,2,12,1055,0,3165,3165,7168,-12,
242,rnd_boundary,signed_floor,A,64,3,0,32,0,3,7168,-12,-11,1,1,12,12,1,1,3166,3166,8184,-15,
242,rnd_boundary,signed_floor,A,64,3,0,32,0,4,8184,-15,-14,-1,1,15,12,0,1,3165,3165,7168,-25,
243,rnd_boundary,fig3,A,64,4,0,0,1,1,6145,0,1,1,1,0,12,4251,0,4251,4251,8184,-2,
243,rnd_boundary,fig3,A,64,4,0,0,1,2,8184,-2,-1,-1,1,2,12,1062,1,3189,3189,7168,-12,
243,rnd_boundary,fig3,A,64,4,0,0,1,3,7168,-12,-11,1,1,12,12,1,1,3190,3190,8184,-15,
243,rnd_boundary,tie_b,B,64,4,0,0,1,1,4251,0,0,1,0,0,12,6145,0,6145,6145,4960,-5,
243,rnd_boundary,tie_b,B,64,4,0,0,1,2,4960,-5,-5,1,0,5,12,192,1,6337,6337,6912,-8,
243,rnd_boundary,tie_b,B,64,4,0,0,1,3,6912,-8,-7,1,0,7,12,48,1,6385,6385,5116,-10,
243,rnd_boundary,legacy7,A,64,4,0,0,1,1,6145,0,1,1,1,0,12,4251,0,4251,4251,8184,-2,
243,rnd_boundary,legacy7,A,64,4,0,0,1,2,8184,-2,-1,-1,1,2,12,1062,1,3189,3189,7168,-12,
243,rnd_boundary,legacy7,A,64,4,0,0,1,3,7168,-12,-11,1,1,12,12,1,1,3190,3190,8184,-15,
243,rnd_boundary,input_anchor,A,64,4,0,0,1,1,6145,0,1,1,0,-1,12,8502,0,8502,8502,8184,-2,
243,rnd_boundary,input_anchor,A,64,4,0,0,1,2,8184,-2,-1,-1,0,1,12,2125,1,6377,6377,7168,-12,
243,rnd_boundary,input_anchor,A,64,4,0,0,1,3,7168,-12,-11,1,0,11,12,2,1,6379,6379,8184,-15,
243,rnd_boundary,exact_residual,A,64,4,0,0,1,1,6145,0,1,1,1,0,12,4251,0,4251,4251,8188,-2,
243,rnd_boundary,exact_residual,A,64,4,0,0,1,2,8188,-2,-1,-1,1,2,12,1062,1,3189,3189,4096,-12,
243,rnd_boundary,exact_residual,A,64,4,0,0,1,3,4096,-12,-12,1,1,13,12,0,1,3189,3189,0,-12,
243,rnd_boundary,guard1_pack12,A,64,4,0,0,1,1,6145,0,1,1,1,0,13,8502,0,8502,4251,8184,-2,
243,rnd_boundary,guard1_pack12,A,64,4,0,0,1,2,8184,-2,-1,-1,1,2,13,2125,1,6377,3188,7168,-12,
243,rnd_boundary,guard1_pack12,A,64,4,0,0,1,3,7168,-12,-11,1,1,12,13,2,1,6379,3189,8184,-15,
243,rnd_boundary,guard12_pack12,A,64,4,0,0,1,1,6145,0,1,1,1,0,24,17412096,0,17412096,4251,8184,-2,
243,rnd_boundary,guard12_pack12,A,64,4,0,0,1,2,8184,-2,-1,-1,1,2,24,4353024,0,13059072,3188,7168,-12,
243,rnd_boundary,guard12_pack12,A,64,4,0,0,1,3,7168,-12,-11,1,1,12,24,4251,0,13063323,3189,8184,-15,
243,rnd_boundary,source_uncut,A,64,4,0,0,1,1,6145,0,1,1,1,0,24,17412096,0,17412096,4251,8184,-2,
243,rnd_boundary,source_uncut,A,64,4,0,0,1,2,8184,-2,-1,-1,1,2,24,4353024,0,13059072,3188,7168,-12,
243,rnd_boundary,source_uncut,A,64,4,0,0,1,3,7168,-12,-11,1,1,12,24,4251,0,13063323,3189,8184,-15,
243,rnd_boundary,post_sum_pack12,A,64,4,0,0,1,1,6145,0,1,1,1,0,12,4251,0,4251,4251,8184,-2,0x109b000000000000000000000000
243,rnd_boundary,post_sum_pack12,A,64,4,0,0,1,2,8184,-2,-1,-1,1,2,12,1062,1,3188,3188,7168,-12,0xc74400000000000000000000000
243,rnd_boundary,post_sum_pack12,A,64,4,0,0,1,3,7168,-12,-11,1,1,12,12,1,1,3189,3189,8184,-15,0xc7549b000000000000000000000
243,rnd_boundary,signed_floor,A,64,4,0,0,1,1,6145,0,1,1,1,0,12,4251,0,4251,4251,8184,-2,
243,rnd_boundary,signed_floor,A,64,4,0,0,1,2,8184,-2,-1,-1,1,2,12,1062,1,3188,3188,7168,-12,
243,rnd_boundary,signed_floor,A,64,4,0,0,1,3,7168,-12,-11,1,1,12,12,1,1,3189,3189,8184,-15,
244,rnd_boundary,fig3,A,64,4,0,0,1,1,6145,0,1,1,1,0,12,4251,0,4251,4251,8184,-2,
244,rnd_boundary,fig3,A,64,4,0,0,1,2,8184,-2,-1,-1,1,2,12,1062,1,3189,3189,7168,-12,
244,rnd_boundary,fig3,A,64,4,0,0,1,3,7168,-12,-11,1,1,12,12,1,1,3190,3190,8184,-15,
244,rnd_boundary,fig3,A,64,4,0,0,1,4,8184,-15,-14,-1,1,15,12,0,1,3190,3190,7168,-25,
244,rnd_boundary,tie_b,B,64,4,0,0,1,1,4251,0,0,1,0,0,12,6145,0,6145,6145,4960,-5,
244,rnd_boundary,tie_b,B,64,4,0,0,1,2,4960,-5,-5,1,0,5,12,192,1,6337,6337,6912,-8,
244,rnd_boundary,tie_b,B,64,4,0,0,1,3,6912,-8,-7,1,0,7,12,48,1,6385,6385,5116,-10,
244,rnd_boundary,tie_b,B,64,4,0,0,1,4,5116,-10,-10,-1,0,10,12,6,1,6379,6379,8160,-13,
244,rnd_boundary,legacy7,A,64,4,0,0,1,1,6145,0,1,1,1,0,12,4251,0,4251,4251,8184,-2,
244,rnd_boundary,legacy7,A,64,4,0,0,1,2,8184,-2,-1,-1,1,2,12,1062,1,3189,3189,7168,-12,
244,rnd_boundary,legacy7,A,64,4,0,0,1,3,7168,-12,-11,1,1,12,12,1,1,3190,3190,8184,-15,
244,rnd_boundary,legacy7,A,64,4,0,0,1,4,8184,-15,-14,-1,1,15,12,0,1,3190,3190,7168,-25,
244,rnd_boundary,input_anchor,A,64,4,0,0,1,1,6145,0,1,1,0,-1,12,8502,0,8502,8502,8184,-2,
244,rnd_boundary,input_anchor,A,64,4,0,0,1,2,8184,-2,-1,-1,0,1,12,2125,1,6377,6377,7168,-12,
244,rnd_boundary,input_anchor,A,64,4,0,0,1,3,7168,-12,-11,1,0,11,12,2,1,6379,6379,8184,-15,
244,rnd_boundary,input_anchor,A,64,4,0,0,1,4,8184,-15,-14,-1,0,14,12,0,1,6379,6379,7168,-25,
244,rnd_boundary,exact_residual,A,64,4,0,0,1,1,6145,0,1,1,1,0,12,4251,0,4251,4251,8188,-2,
244,rnd_boundary,exact_residual,A,64,4,0,0,1,2,8188,-2,-1,-1,1,2,12,1062,1,3189,3189,4096,-12,
244,rnd_boundary,exact_residual,A,64,4,0,0,1,3,4096,-12,-12,1,1,13,12,0,1,3189,3189,0,-12,
244,rnd_boundary,guard1_pack12,A,64,4,0,0,1,1,6145,0,1,1,1,0,13,8502,0,8502,4251,8184,-2,
244,rnd_boundary,guard1_pack12,A,64,4,0,0,1,2,8184,-2,-1,-1,1,2,13,2125,1,6377,3188,7168,-12,
244,rnd_boundary,guard1_pack12,A,64,4,0,0,1,3,7168,-12,-11,1,1,12,13,2,1,6379,3189,8184,-15,
244,rnd_boundary,guard1_pack12,A,64,4,0,0,1,4,8184,-15,-14,-1,1,15,13,0,1,6379,3189,7168,-25,
244,rnd_boundary,guard12_pack12,A,64,4,0,0,1,1,6145,0,1,1,1,0,24,17412096,0,17412096,4251,8184,-2,
244,rnd_boundary,guard12_pack12,A,64,4,0,0,1,2,8184,-2,-1,-1,1,2,24,4353024,0,13059072,3188,7168,-12,
244,rnd_boundary,guard12_pack12,A,64,4,0,0,1,3,7168,-12,-11,1,1,12,24,4251,0,13063323,3189,8184,-15,
244,rnd_boundary,guard12_pack12,A,64,4,0,0,1,4,8184,-15,-14,-1,1,15,24,531,1,13062792,3189,7168,-25,
244,rnd_boundary,source_uncut,A,64,4,0,0,1,1,6145,0,1,1,1,0,24,17412096,0,17412096,4251,8184,-2,
244,rnd_boundary,source_uncut,A,64,4,0,0,1,2,8184,-2,-1,-1,1,2,24,4353024,0,13059072,3188,7168,-12,
244,rnd_boundary,source_uncut,A,64,4,0,0,1,3,7168,-12,-11,1,1,12,24,4251,0,13063323,3189,8184,-15,
244,rnd_boundary,source_uncut,A,64,4,0,0,1,4,8184,-15,-14,-1,1,15,24,531,1,13062792,3189,7168,-25,
244,rnd_boundary,post_sum_pack12,A,64,4,0,0,1,1,6145,0,1,1,1,0,12,4251,0,4251,4251,8184,-2,0x109b000000000000000000000000
244,rnd_boundary,post_sum_pack12,A,64,4,0,0,1,2,8184,-2,-1,-1,1,2,12,1062,1,3188,3188,7168,-12,0xc74400000000000000000000000
244,rnd_boundary,post_sum_pack12,A,64,4,0,0,1,3,7168,-12,-11,1,1,12,12,1,1,3189,3189,8184,-15,0xc7549b000000000000000000000
244,rnd_boundary,post_sum_pack12,A,64,4,0,0,1,4,8184,-15,-14,-1,1,15,12,0,1,3189,3189,7168,-25,0xc75287a00000000000000000000
244,rnd_boundary,signed_floor,A,64,4,0,0,1,1,6145,0,1,1,1,0,12,4251,0,4251,4251,8184,-2,
244,rnd_boundary,signed_floor,A,64,4,0,0,1,2,8184,-2,-1,-1,1,2,12,1062,1,3188,3188,7168,-12,
244,rnd_boundary,signed_floor,A,64,4,0,0,1,3,7168,-12,-11,1,1,12,12,1,1,3189,3189,8184,-15,
244,rnd_boundary,signed_floor,A,64,4,0,0,1,4,8184,-15,-14,-1,1,15,12,0,1,3188,3188,7168,-25,
245,rnd_boundary,fig3,A,64,5,0,32,0,1,6145,0,1,1,1,0,12,4282,0,4282,4282,8184,-2,
245,rnd_boundary,fig3,A,64,5,0,32,0,2,8184,-2,-1,-1,1,2,12,1070,1,3212,3212,7168,-12,
245,rnd_boundary,fig3,A,64,5,0,32,0,3,7168,-12,-11,1,1,12,12,1,1,3213,3213,8184,-15,
245,rnd_boundary,tie_b,A,64,5,0,32,0,1,6145,0,1,1,1,0,12,4282,0,4282,4282,8184,-2,
245,rnd_boundary,tie_b,A,64,5,0,32,0,2,8184,-2,-1,-1,1,2,12,1070,1,3212,3212,7168,-12,
245,rnd_boundary,tie_b,A,64,5,0,32,0,3,7168,-12,-11,1,1,12,12,1,1,3213,3213,8184,-15,
245,rnd_boundary,legacy7,A,64,5,0,32,0,1,6145,0,1,1,1,0,12,4282,0,4282,4282,8184,-2,
245,rnd_boundary,legacy7,A,64,5,0,32,0,2,8184,-2,-1,-1,1,2,12,1070,1,3212,3212,7168,-12,
245,rnd_boundary,legacy7,A,64,5,0,32,0,3,7168,-12,-11,1,1,12,12,1,1,3213,3213,8184,-15,
245,rnd_boundary,input_anchor,A,64,5,0,32,0,1,6145,0,1,1,0,-1,12,8564,0,8564,8564,8184,-2,
245,rnd_boundary,input_anchor,A,64,5,0,32,0,2,8184,-2,-1,-1,0,1,12,2141,0,6423,6423,7168,-12,
245,rnd_boundary,input_anchor,A,64,5,0,32,0,3,7168,-12,-11,1,0,11,12,2,1,6425,6425,8184,-15,
245,rnd_boundary,exact_residual,A,64,5,0,32,0,1,6145,0,1,1,1,0,12,4282,0,4282,4282,8188,-2,
245,rnd_boundary,exact_residual,A,64,5,0,32,0,2,8188,-2,-1,-1,1,2,12,1070,1,3212,3212,4096,-12,
245,rnd_boundary,exact_residual,A,64,5,0,32,0,3,4096,-12,-12,1,1,13,12,0,1,3212,3212,0,-12,
245,rnd_boundary,guard1_pack12,A,64,5,0,32,0,1,6145,0,1,1,1,0,13,8564,0,8564,4282,8184,-2,
245,rnd_boundary,guard1_pack12,A,64,5,0,32,0,2,8184,-2,-1,-1,1,2,13,2141,0,6423,3211,7168,-12,
245,rnd_boundary,guard1_pack12,A,64,5,0,32,0,3,7168,-12,-11,1,1,12,13,2,1,6425,3212,8184,-15,
245,rnd_boundary,guard12_pack12,A,64,5,0,32,0,1,6145,0,1,1,1,0,24,17539072,0,17539072,4282,8184,-2,
245,rnd_boundary,guard12_pack12,A,64,5,0,32,0,2,8184,-2,-1,-1,1,2,24,4384768,0,13154304,3211,7168,-12,
245,rnd_boundary,guard12_pack12,A,64,5,0,32,0,3,7168,-12,-11,1,1,12,24,4282,0,13158586,3212,8184,-15,
245,rnd_boundary,source_uncut,A,64,5,0,32,0,1,6145,0,1,1,1,0,24,17539072,0,17539072,4282,8184,-2,
245,rnd_boundary,source_uncut,A,64,5,0,32,0,2,8184,-2,-1,-1,1,2,24,4384768,0,13154304,3211,7168,-12,
245,rnd_boundary,source_uncut,A,64,5,0,32,0,3,7168,-12,-11,1,1,12,24,4282,0,13158586,3212,8184,-15,
245,rnd_boundary,post_sum_pack12,A,64,5,0,32,0,1,6145,0,1,1,1,0,12,4282,0,4282,4282,8184,-2,0x10ba000000000000000000000000
245,rnd_boundary,post_sum_pack12,A,64,5,0,32,0,2,8184,-2,-1,-1,1,2,12,1070,1,3211,3211,7168,-12,0xc8b800000000000000000000000
245,rnd_boundary,post_sum_pack12,A,64,5,0,32,0,3,7168,-12,-11,1,1,12,12,1,1,3212,3212,8184,-15,0xc8c8ba000000000000000000000
245,rnd_boundary,signed_floor,A,64,5,0,32,0,1,6145,0,1,1,1,0,12,4282,0,4282,4282,8184,-2,
245,rnd_boundary,signed_floor,A,64,5,0,32,0,2,8184,-2,-1,-1,1,2,12,1070,1,3211,3211,7168,-12,
245,rnd_boundary,signed_floor,A,64,5,0,32,0,3,7168,-12,-11,1,1,12,12,1,1,3212,3212,8184,-15,
246,rnd_boundary,fig3,A,64,5,0,32,0,1,6145,0,1,1,1,0,12,4282,0,4282,4282,8184,-2,
246,rnd_boundary,fig3,A,64,5,0,32,0,2,8184,-2,-1,-1,1,2,12,1070,1,3212,3212,7168,-12,
246,rnd_boundary,fig3,A,64,5,0,32,0,3,7168,-12,-11,1,1,12,12,1,1,3213,3213,8184,-15,
246,rnd_boundary,fig3,A,64,5,0,32,0,4,8184,-15,-14,-1,1,15,12,0,1,3213,3213,7168,-25,
246,rnd_boundary,tie_b,A,64,5,0,32,0,1,6145,0,1,1,1,0,12,4282,0,4282,4282,8184,-2,
246,rnd_boundary,tie_b,A,64,5,0,32,0,2,8184,-2,-1,-1,1,2,12,1070,1,3212,3212,7168,-12,
246,rnd_boundary,tie_b,A,64,5,0,32,0,3,7168,-12,-11,1,1,12,12,1,1,3213,3213,8184,-15,
246,rnd_boundary,tie_b,A,64,5,0,32,0,4,8184,-15,-14,-1,1,15,12,0,1,3213,3213,7168,-25,
246,rnd_boundary,legacy7,A,64,5,0,32,0,1,6145,0,1,1,1,0,12,4282,0,4282,4282,8184,-2,
246,rnd_boundary,legacy7,A,64,5,0,32,0,2,8184,-2,-1,-1,1,2,12,1070,1,3212,3212,7168,-12,
246,rnd_boundary,legacy7,A,64,5,0,32,0,3,7168,-12,-11,1,1,12,12,1,1,3213,3213,8184,-15,
246,rnd_boundary,legacy7,A,64,5,0,32,0,4,8184,-15,-14,-1,1,15,12,0,1,3213,3213,7168,-25,
246,rnd_boundary,input_anchor,A,64,5,0,32,0,1,6145,0,1,1,0,-1,12,8564,0,8564,8564,8184,-2,
246,rnd_boundary,input_anchor,A,64,5,0,32,0,2,8184,-2,-1,-1,0,1,12,2141,0,6423,6423,7168,-12,
246,rnd_boundary,input_anchor,A,64,5,0,32,0,3,7168,-12,-11,1,0,11,12,2,1,6425,6425,8184,-15,
246,rnd_boundary,input_anchor,A,64,5,0,32,0,4,8184,-15,-14,-1,0,14,12,0,1,6425,6425,7168,-25,
246,rnd_boundary,exact_residual,A,64,5,0,32,0,1,6145,0,1,1,1,0,12,4282,0,4282,4282,8188,-2,
246,rnd_boundary,exact_residual,A,64,5,0,32,0,2,8188,-2,-1,-1,1,2,12,1070,1,3212,3212,4096,-12,
246,rnd_boundary,exact_residual,A,64,5,0,32,0,3,4096,-12,-12,1,1,13,12,0,1,3212,3212,0,-12,
246,rnd_boundary,guard1_pack12,A,64,5,0,32,0,1,6145,0,1,1,1,0,13,8564,0,8564,4282,8184,-2,
246,rnd_boundary,guard1_pack12,A,64,5,0,32,0,2,8184,-2,-1,-1,1,2,13,2141,0,6423,3211,7168,-12,
246,rnd_boundary,guard1_pack12,A,64,5,0,32,0,3,7168,-12,-11,1,1,12,13,2,1,6425,3212,8184,-15,
246,rnd_boundary,guard1_pack12,A,64,5,0,32,0,4,8184,-15,-14,-1,1,15,13,0,1,6425,3212,7168,-25,
246,rnd_boundary,guard12_pack12,A,64,5,0,32,0,1,6145,0,1,1,1,0,24,17539072,0,17539072,4282,8184,-2,
246,rnd_boundary,guard12_pack12,A,64,5,0,32,0,2,8184,-2,-1,-1,1,2,24,4384768,0,13154304,3211,7168,-12,
246,rnd_boundary,guard12_pack12,A,64,5,0,32,0,3,7168,-12,-11,1,1,12,24,4282,0,13158586,3212,8184,-15,
246,rnd_boundary,guard12_pack12,A,64,5,0,32,0,4,8184,-15,-14,-1,1,15,24,535,1,13158051,3212,7168,-25,
246,rnd_boundary,source_uncut,A,64,5,0,32,0,1,6145,0,1,1,1,0,24,17539072,0,17539072,4282,8184,-2,
246,rnd_boundary,source_uncut,A,64,5,0,32,0,2,8184,-2,-1,-1,1,2,24,4384768,0,13154304,3211,7168,-12,
246,rnd_boundary,source_uncut,A,64,5,0,32,0,3,7168,-12,-11,1,1,12,24,4282,0,13158586,3212,8184,-15,
246,rnd_boundary,source_uncut,A,64,5,0,32,0,4,8184,-15,-14,-1,1,15,24,535,1,13158051,3212,7168,-25,
246,rnd_boundary,post_sum_pack12,A,64,5,0,32,0,1,6145,0,1,1,1,0,12,4282,0,4282,4282,8184,-2,0x10ba000000000000000000000000
246,rnd_boundary,post_sum_pack12,A,64,5,0,32,0,2,8184,-2,-1,-1,1,2,12,1070,1,3211,3211,7168,-12,0xc8b800000000000000000000000
246,rnd_boundary,post_sum_pack12,A,64,5,0,32,0,3,7168,-12,-11,1,1,12,12,1,1,3212,3212,8184,-15,0xc8c8ba000000000000000000000
246,rnd_boundary,post_sum_pack12,A,64,5,0,32,0,4,8184,-15,-14,-1,1,15,12,0,1,3212,3212,7168,-25,0xc8c6a2c00000000000000000000
246,rnd_boundary,signed_floor,A,64,5,0,32,0,1,6145,0,1,1,1,0,12,4282,0,4282,4282,8184,-2,
246,rnd_boundary,signed_floor,A,64,5,0,32,0,2,8184,-2,-1,-1,1,2,12,1070,1,3211,3211,7168,-12,
246,rnd_boundary,signed_floor,A,64,5,0,32,0,3,7168,-12,-11,1,1,12,12,1,1,3212,3212,8184,-15,
246,rnd_boundary,signed_floor,A,64,5,0,32,0,4,8184,-15,-14,-1,1,15,12,0,1,3211,3211,7168,-25,
247,rnd_boundary,fig3,A,64,6,0,64,0,1,6145,0,1,1,1,0,12,4313,0,4313,4313,8184,-2,
247,rnd_boundary,fig3,A,64,6,0,64,0,2,8184,-2,-1,-1,1,2,12,1078,1,3235,3235,7168,-12,
247,rnd_boundary,fig3,A,64,6,0,64,0,3,7168,-12,-11,1,1,12,12,1,1,3236,3236,8184,-15,
247,rnd_boundary,tie_b,A,64,6,0,64,0,1,6145,0,1,1,1,0,12,4313,0,4313,4313,8184,-2,
247,rnd_boundary,tie_b,A,64,6,0,64,0,2,8184,-2,-1,-1,1,2,12,1078,1,3235,3235,7168,-12,
247,rnd_boundary,tie_b,A,64,6,0,64,0,3,7168,-12,-11,1,1,12,12,1,1,3236,3236,8184,-15,
247,rnd_boundary,legacy7,A,64,6,0,64,0,1,6145,0,1,1,1,0,12,4313,0,4313,4313,8184,-2,
247,rnd_boundary,legacy7,A,64,6,0,64,0,2,8184,-2,-1,-1,1,2,12,1078,1,3235,3235,7168,-12,
247,rnd_boundary,legacy7,A,64,6,0,64,0,3,7168,-12,-11,1,1,12,12,1,1,3236,3236,8184,-15,
247,rnd_boundary,input_anchor,A,64,6,0,64,0,1,6145,0,1,1,0,-1,12,8626,0,8626,8626,8184,-2,
247,rnd_boundary,input_anchor,A,64,6,0,64,0,2,8184,-2,-1,-1,0,1,12,2156,1,6470,6470,7168,-12,
247,rnd_boundary,input_anchor,A,64,6,0,64,0,3,7168,-12,-11,1,0,11,12,2,1,6472,6472,8184,-15,
247,rnd_boundary,exact_residual,A,64,6,0,64,0,1,6145,0,1,1,1,0,12,4313,0,4313,4313,8188,-2,
247,rnd_boundary,exact_residual,A,64,6,0,64,0,2,8188,-2,-1,-1,1,2,12,1078,1,3235,3235,4096,-12,
247,rnd_boundary,exact_residual,A,64,6,0,64,0,3,4096,-12,-12,1,1,13,12,0,1,3235,3235,0,-12,
247,rnd_boundary,guard1_pack12,A,64,6,0,64,0,1,6145,0,1,1,1,0,13,8626,0,8626,4313,8184,-2,
247,rnd_boundary,guard1_pack12,A,64,6,0,64,0,2,8184,-2,-1,-1,1,2,13,2156,1,6470,3235,7168,-12,
247,rnd_boundary,guard1_pack12,A,64,6,0,64,0,3,7168,-12,-11,1,1,12,13,2,1,6472,3236,8184,-15,
247,rnd_boundary,guard12_pack12,A,64,6,0,64,0,1,6145,0,1,1,1,0,24,17666048,0,17666048,4313,8184,-2,
247,rnd_boundary,guard12_pack12,A,64,6,0,64,0,2,8184,-2,-1,-1,1,2,24,4416512,0,13249536,3234,7168,-12,
247,rnd_boundary,guard12_pack12,A,64,6,0,64,0,3,7168,-12,-11,1,1,12,24,4313,0,13253849,3235,8184,-15,
247,rnd_boundary,source_uncut,A,64,6,0,64,0,1,6145,0,1,1,1,0,24,17666048,0,17666048,4313,8184,-2,
247,rnd_boundary,source_uncut,A,64,6,0,64,0,2,8184,-2,-1,-1,1,2,24,4416512,0,13249536,3234,7168,-12,
247,rnd_boundary,source_uncut,A,64,6,0,64,0,3,7168,-12,-11,1,1,12,24,4313,0,13253849,3235,8184,-15,
247,rnd_boundary,post_sum_pack12,A,64,6,0,64,0,1,6145,0,1,1,1,0,12,4313,0,4313,4313,8184,-2,0x10d9000000000000000000000000
247,rnd_boundary,post_sum_pack12,A,64,6,0,64,0,2,8184,-2,-1,-1,1,2,12,1078,1,3234,3234,7168,-12,0xca2c00000000000000000000000
247,rnd_boundary,post_sum_pack12,A,64,6,0,64,0,3,7168,-12,-11,1,1,12,12,1,1,3235,3235,8184,-15,0xca3cd9000000000000000000000
247,rnd_boundary,signed_floor,A,64,6,0,64,0,1,6145,0,1,1,1,0,12,4313,0,4313,4313,8184,-2,
247,rnd_boundary,signed_floor,A,64,6,0,64,0,2,8184,-2,-1,-1,1,2,12,1078,1,3234,3234,7168,-12,
247,rnd_boundary,signed_floor,A,64,6,0,64,0,3,7168,-12,-11,1,1,12,12,1,1,3235,3235,8184,-15,
248,rnd_boundary,fig3,A,64,6,0,64,0,1,6145,0,1,1,1,0,12,4313,0,4313,4313,8184,-2,
248,rnd_boundary,fig3,A,64,6,0,64,0,2,8184,-2,-1,-1,1,2,12,1078,1,3235,3235,7168,-12,
248,rnd_boundary,fig3,A,64,6,0,64,0,3,7168,-12,-11,1,1,12,12,1,1,3236,3236,8184,-15,
248,rnd_boundary,fig3,A,64,6,0,64,0,4,8184,-15,-14,-1,1,15,12,0,1,3236,3236,7168,-25,
248,rnd_boundary,tie_b,A,64,6,0,64,0,1,6145,0,1,1,1,0,12,4313,0,4313,4313,8184,-2,
248,rnd_boundary,tie_b,A,64,6,0,64,0,2,8184,-2,-1,-1,1,2,12,1078,1,3235,3235,7168,-12,
248,rnd_boundary,tie_b,A,64,6,0,64,0,3,7168,-12,-11,1,1,12,12,1,1,3236,3236,8184,-15,
248,rnd_boundary,tie_b,A,64,6,0,64,0,4,8184,-15,-14,-1,1,15,12,0,1,3236,3236,7168,-25,
248,rnd_boundary,legacy7,A,64,6,0,64,0,1,6145,0,1,1,1,0,12,4313,0,4313,4313,8184,-2,
248,rnd_boundary,legacy7,A,64,6,0,64,0,2,8184,-2,-1,-1,1,2,12,1078,1,3235,3235,7168,-12,
248,rnd_boundary,legacy7,A,64,6,0,64,0,3,7168,-12,-11,1,1,12,12,1,1,3236,3236,8184,-15,
248,rnd_boundary,legacy7,A,64,6,0,64,0,4,8184,-15,-14,-1,1,15,12,0,1,3236,3236,7168,-25,
248,rnd_boundary,input_anchor,A,64,6,0,64,0,1,6145,0,1,1,0,-1,12,8626,0,8626,8626,8184,-2,
248,rnd_boundary,input_anchor,A,64,6,0,64,0,2,8184,-2,-1,-1,0,1,12,2156,1,6470,6470,7168,-12,
248,rnd_boundary,input_anchor,A,64,6,0,64,0,3,7168,-12,-11,1,0,11,12,2,1,6472,6472,8184,-15,
248,rnd_boundary,input_anchor,A,64,6,0,64,0,4,8184,-15,-14,-1,0,14,12,0,1,6472,6472,7168,-25,
248,rnd_boundary,exact_residual,A,64,6,0,64,0,1,6145,0,1,1,1,0,12,4313,0,4313,4313,8188,-2,
248,rnd_boundary,exact_residual,A,64,6,0,64,0,2,8188,-2,-1,-1,1,2,12,1078,1,3235,3235,4096,-12,
248,rnd_boundary,exact_residual,A,64,6,0,64,0,3,4096,-12,-12,1,1,13,12,0,1,3235,3235,0,-12,
248,rnd_boundary,guard1_pack12,A,64,6,0,64,0,1,6145,0,1,1,1,0,13,8626,0,8626,4313,8184,-2,
248,rnd_boundary,guard1_pack12,A,64,6,0,64,0,2,8184,-2,-1,-1,1,2,13,2156,1,6470,3235,7168,-12,
248,rnd_boundary,guard1_pack12,A,64,6,0,64,0,3,7168,-12,-11,1,1,12,13,2,1,6472,3236,8184,-15,
248,rnd_boundary,guard1_pack12,A,64,6,0,64,0,4,8184,-15,-14,-1,1,15,13,0,1,6472,3236,7168,-25,
248,rnd_boundary,guard12_pack12,A,64,6,0,64,0,1,6145,0,1,1,1,0,24,17666048,0,17666048,4313,8184,-2,
248,rnd_boundary,guard12_pack12,A,64,6,0,64,0,2,8184,-2,-1,-1,1,2,24,4416512,0,13249536,3234,7168,-12,
248,rnd_boundary,guard12_pack12,A,64,6,0,64,0,3,7168,-12,-11,1,1,12,24,4313,0,13253849,3235,8184,-15,
248,rnd_boundary,guard12_pack12,A,64,6,0,64,0,4,8184,-15,-14,-1,1,15,24,539,1,13253310,3235,7168,-25,
248,rnd_boundary,source_uncut,A,64,6,0,64,0,1,6145,0,1,1,1,0,24,17666048,0,17666048,4313,8184,-2,
248,rnd_boundary,source_uncut,A,64,6,0,64,0,2,8184,-2,-1,-1,1,2,24,4416512,0,13249536,3234,7168,-12,
248,rnd_boundary,source_uncut,A,64,6,0,64,0,3,7168,-12,-11,1,1,12,24,4313,0,13253849,3235,8184,-15,
248,rnd_boundary,source_uncut,A,64,6,0,64,0,4,8184,-15,-14,-1,1,15,24,539,1,13253310,3235,7168,-25,
248,rnd_boundary,post_sum_pack12,A,64,6,0,64,0,1,6145,0,1,1,1,0,12,4313,0,4313,4313,8184,-2,0x10d9000000000000000000000000
248,rnd_boundary,post_sum_pack12,A,64,6,0,64,0,2,8184,-2,-1,-1,1,2,12,1078,1,3234,3234,7168,-12,0xca2c00000000000000000000000
248,rnd_boundary,post_sum_pack12,A,64,6,0,64,0,3,7168,-12,-11,1,1,12,12,1,1,3235,3235,8184,-15,0xca3cd9000000000000000000000
248,rnd_boundary,post_sum_pack12,A,64,6,0,64,0,4,8184,-15,-14,-1,1,15,12,0,1,3235,3235,7168,-25,0xca3abde00000000000000000000
248,rnd_boundary,signed_floor,A,64,6,0,64,0,1,6145,0,1,1,1,0,12,4313,0,4313,4313,8184,-2,
248,rnd_boundary,signed_floor,A,64,6,0,64,0,2,8184,-2,-1,-1,1,2,12,1078,1,3234,3234,7168,-12,
248,rnd_boundary,signed_floor,A,64,6,0,64,0,3,7168,-12,-11,1,1,12,12,1,1,3235,3235,8184,-15,
248,rnd_boundary,signed_floor,A,64,6,0,64,0,4,8184,-15,-14,-1,1,15,12,0,1,3234,3234,7168,-25,
249,rnd_boundary,fig3,A,64,7,0,32,0,1,6145,0,1,1,1,0,12,4344,0,4344,4344,8184,-2,
249,rnd_boundary,fig3,A,64,7,0,32,0,2,8184,-2,-1,-1,1,2,12,1086,0,3258,3258,7168,-12,
249,rnd_boundary,fig3,A,64,7,0,32,0,3,7168,-12,-11,1,1,12,12,1,1,3259,3259,8184,-15,
249,rnd_boundary,tie_b,A,64,7,0,32,0,1,6145,0,1,1,1,0,12,4344,0,4344,4344,8184,-2,
249,rnd_boundary,tie_b,A,64,7,0,32,0,2,8184,-2,-1,-1,1,2,12,1086,0,3258,3258,7168,-12,
249,rnd_boundary,tie_b,A,64,7,0,32,0,3,7168,-12,-11,1,1,12,12,1,1,3259,3259,8184,-15,
249,rnd_boundary,legacy7,A,64,7,0,32,0,1,6145,0,1,1,1,0,12,4344,0,4344,4344,8184,-2,
249,rnd_boundary,legacy7,A,64,7,0,32,0,2,8184,-2,-1,-1,1,2,12,1086,0,3258,3258,7168,-12,
249,rnd_boundary,legacy7,A,64,7,0,32,0,3,7168,-12,-11,1,1,12,12,1,1,3259,3259,8184,-15,
249,rnd_boundary,input_anchor,A,64,7,0,32,0,1,6145,0,1,1,0,-1,12,8688,0,8688,8688,8184,-2,
249,rnd_boundary,input_anchor,A,64,7,0,32,0,2,8184,-2,-1,-1,0,1,12,2172,0,6516,6516,7168,-12,
249,rnd_boundary,input_anchor,A,64,7,0,32,0,3,7168,-12,-11,1,0,11,12,2,1,6518,6518,8184,-15,
249,rnd_boundary,exact_residual,A,64,7,0,32,0,1,6145,0,1,1,1,0,12,4344,0,4344,4344,8188,-2,
249,rnd_boundary,exact_residual,A,64,7,0,32,0,2,8188,-2,-1,-1,1,2,12,1086,0,3258,3258,4096,-12,
249,rnd_boundary,exact_residual,A,64,7,0,32,0,3,4096,-12,-12,1,1,13,12,0,1,3258,3258,0,-12,
249,rnd_boundary,guard1_pack12,A,64,7,0,32,0,1,6145,0,1,1,1,0,13,8688,0,8688,4344,8184,-2,
249,rnd_boundary,guard1_pack12,A,64,7,0,32,0,2,8184,-2,-1,-1,1,2,13,2172,0,6516,3258,7168,-12,
249,rnd_boundary,guard1_pack12,A,64,7,0,32,0,3,7168,-12,-11,1,1,12,13,2,1,6518,3259,8184,-15,
249,rnd_boundary,guard12_pack12,A,64,7,0,32,0,1,6145,0,1,1,1,0,24,17793024,0,17793024,4344,8184,-2,
249,rnd_boundary,guard12_pack12,A,64,7,0,32,0,2,8184,-2,-1,-1,1,2,24,4448256,0,13344768,3258,7168,-12,
249,rnd_boundary,guard12_pack12,A,64,7,0,32,0,3,7168,-12,-11,1,1,12,24,4344,0,13349112,3259,8184,-15,
249,rnd_boundary,source_uncut,A,64,7,0,32,0,1,6145,0,1,1,1,0,24,17793024,0,17793024,4344,8184,-2,
249,rnd_boundary,source_uncut,A,64,7,0,32,0,2,8184,-2,-1,-1,1,2,24,4448256,0,13344768,3258,7168,-12,
249,rnd_boundary,source_uncut,A,64,7,0,32,0,3,7168,-12,-11,1,1,12,24,4344,0,13349112,3259,8184,-15,
249,rnd_boundary,post_sum_pack12,A,64,7,0,32,0,1,6145,0,1,1,1,0,12,4344,0,4344,4344,8184,-2,0x10f8000000000000000000000000
249,rnd_boundary,post_sum_pack12,A,64,7,0,32,0,2,8184,-2,-1,-1,1,2,12,1086,0,3258,3258,7168,-12,0xcba000000000000000000000000
249,rnd_boundary,post_sum_pack12,A,64,7,0,32,0,3,7168,-12,-11,1,1,12,12,1,1,3259,3259,8184,-15,0xcbb0f8000000000000000000000
249,rnd_boundary,signed_floor,A,64,7,0,32,0,1,6145,0,1,1,1,0,12,4344,0,4344,4344,8184,-2,
249,rnd_boundary,signed_floor,A,64,7,0,32,0,2,8184,-2,-1,-1,1,2,12,1086,0,3258,3258,7168,-12,
249,rnd_boundary,signed_floor,A,64,7,0,32,0,3,7168,-12,-11,1,1,12,12,1,1,3259,3259,8184,-15,
250,rnd_boundary,fig3,A,64,7,0,32,0,1,6145,0,1,1,1,0,12,4344,0,4344,4344,8184,-2,
250,rnd_boundary,fig3,A,64,7,0,32,0,2,8184,-2,-1,-1,1,2,12,1086,0,3258,3258,7168,-12,
250,rnd_boundary,fig3,A,64,7,0,32,0,3,7168,-12,-11,1,1,12,12,1,1,3259,3259,8184,-15,
250,rnd_boundary,fig3,A,64,7,0,32,0,4,8184,-15,-14,-1,1,15,12,0,1,3259,3259,7168,-25,
250,rnd_boundary,tie_b,A,64,7,0,32,0,1,6145,0,1,1,1,0,12,4344,0,4344,4344,8184,-2,
250,rnd_boundary,tie_b,A,64,7,0,32,0,2,8184,-2,-1,-1,1,2,12,1086,0,3258,3258,7168,-12,
250,rnd_boundary,tie_b,A,64,7,0,32,0,3,7168,-12,-11,1,1,12,12,1,1,3259,3259,8184,-15,
250,rnd_boundary,tie_b,A,64,7,0,32,0,4,8184,-15,-14,-1,1,15,12,0,1,3259,3259,7168,-25,
250,rnd_boundary,legacy7,A,64,7,0,32,0,1,6145,0,1,1,1,0,12,4344,0,4344,4344,8184,-2,
250,rnd_boundary,legacy7,A,64,7,0,32,0,2,8184,-2,-1,-1,1,2,12,1086,0,3258,3258,7168,-12,
250,rnd_boundary,legacy7,A,64,7,0,32,0,3,7168,-12,-11,1,1,12,12,1,1,3259,3259,8184,-15,
250,rnd_boundary,legacy7,A,64,7,0,32,0,4,8184,-15,-14,-1,1,15,12,0,1,3259,3259,7168,-25,
250,rnd_boundary,input_anchor,A,64,7,0,32,0,1,6145,0,1,1,0,-1,12,8688,0,8688,8688,8184,-2,
250,rnd_boundary,input_anchor,A,64,7,0,32,0,2,8184,-2,-1,-1,0,1,12,2172,0,6516,6516,7168,-12,
250,rnd_boundary,input_anchor,A,64,7,0,32,0,3,7168,-12,-11,1,0,11,12,2,1,6518,6518,8184,-15,
250,rnd_boundary,input_anchor,A,64,7,0,32,0,4,8184,-15,-14,-1,0,14,12,0,1,6518,6518,7168,-25,
250,rnd_boundary,exact_residual,A,64,7,0,32,0,1,6145,0,1,1,1,0,12,4344,0,4344,4344,8188,-2,
250,rnd_boundary,exact_residual,A,64,7,0,32,0,2,8188,-2,-1,-1,1,2,12,1086,0,3258,3258,4096,-12,
250,rnd_boundary,exact_residual,A,64,7,0,32,0,3,4096,-12,-12,1,1,13,12,0,1,3258,3258,0,-12,
250,rnd_boundary,guard1_pack12,A,64,7,0,32,0,1,6145,0,1,1,1,0,13,8688,0,8688,4344,8184,-2,
250,rnd_boundary,guard1_pack12,A,64,7,0,32,0,2,8184,-2,-1,-1,1,2,13,2172,0,6516,3258,7168,-12,
250,rnd_boundary,guard1_pack12,A,64,7,0,32,0,3,7168,-12,-11,1,1,12,13,2,1,6518,3259,8184,-15,
250,rnd_boundary,guard1_pack12,A,64,7,0,32,0,4,8184,-15,-14,-1,1,15,13,0,1,6518,3259,7168,-25,
250,rnd_boundary,guard12_pack12,A,64,7,0,32,0,1,6145,0,1,1,1,0,24,17793024,0,17793024,4344,8184,-2,
250,rnd_boundary,guard12_pack12,A,64,7,0,32,0,2,8184,-2,-1,-1,1,2,24,4448256,0,13344768,3258,7168,-12,
250,rnd_boundary,guard12_pack12,A,64,7,0,32,0,3,7168,-12,-11,1,1,12,24,4344,0,13349112,3259,8184,-15,
250,rnd_boundary,guard12_pack12,A,64,7,0,32,0,4,8184,-15,-14,-1,1,15,24,543,0,13348569,3258,7168,-25,
250,rnd_boundary,source_uncut,A,64,7,0,32,0,1,6145,0,1,1,1,0,24,17793024,0,17793024,4344,8184,-2,
250,rnd_boundary,source_uncut,A,64,7,0,32,0,2,8184,-2,-1,-1,1,2,24,4448256,0,13344768,3258,7168,-12,
250,rnd_boundary,source_uncut,A,64,7,0,32,0,3,7168,-12,-11,1,1,12,24,4344,0,13349112,3259,8184,-15,
250,rnd_boundary,source_uncut,A,64,7,0,32,0,4,8184,-15,-14,-1,1,15,24,543,0,13348569,3258,7168,-25,
250,rnd_boundary,post_sum_pack12,A,64,7,0,32,0,1,6145,0,1,1,1,0,12,4344,0,4344,4344,8184,-2,0x10f8000000000000000000000000
250,rnd_boundary,post_sum_pack12,A,64,7,0,32,0,2,8184,-2,-1,-1,1,2,12,1086,0,3258,3258,7168,-12,0xcba000000000000000000000000
250,rnd_boundary,post_sum_pack12,A,64,7,0,32,0,3,7168,-12,-11,1,1,12,12,1,1,3259,3259,8184,-15,0xcbb0f8000000000000000000000
250,rnd_boundary,post_sum_pack12,A,64,7,0,32,0,4,8184,-15,-14,-1,1,15,12,0,1,3258,3258,7168,-25,0xcbaed9000000000000000000000
250,rnd_boundary,signed_floor,A,64,7,0,32,0,1,6145,0,1,1,1,0,12,4344,0,4344,4344,8184,-2,
250,rnd_boundary,signed_floor,A,64,7,0,32,0,2,8184,-2,-1,-1,1,2,12,1086,0,3258,3258,7168,-12,
250,rnd_boundary,signed_floor,A,64,7,0,32,0,3,7168,-12,-11,1,1,12,12,1,1,3259,3259,8184,-15,
250,rnd_boundary,signed_floor,A,64,7,0,32,0,4,8184,-15,-14,-1,1,15,12,0,1,3258,3258,7168,-25,
251,rnd_boundary,fig3,A,64,8,0,0,1,1,6145,0,1,1,1,0,12,4375,0,4375,4375,8184,-2,
251,rnd_boundary,fig3,A,64,8,0,0,1,2,8184,-2,-1,-1,1,2,12,1093,1,3282,3282,7168,-12,
251,rnd_boundary,fig3,A,64,8,0,0,1,3,7168,-12,-11,1,1,12,12,1,1,3283,3283,8184,-15,
251,rnd_boundary,tie_b,B,64,8,0,0,1,1,4375,0,0,1,0,0,12,6145,0,6145,6145,4464,-4,
251,rnd_boundary,tie_b,B,64,8,0,0,1,2,4464,-4,-4,1,0,4,12,384,1,6529,6529,5888,-8,
251,rnd_boundary,tie_b,B,64,8,0,0,1,3,5888,-8,-8,1,0,8,12,24,1,6553,6553,7168,-10,
251,rnd_boundary,legacy7,A,64,8,0,0,1,1,6145,0,1,1,1,0,12,4375,0,4375,4375,8184,-2,
251,rnd_boundary,legacy7,A,64,8,0,0,1,2,8184,-2,-1,-1,1,2,12,1093,1,3282,3282,7168,-12,
251,rnd_boundary,legacy7,A,64,8,0,0,1,3,7168,-12,-11,1,1,12,12,1,1,3283,3283,8184,-15,
251,rnd_boundary,input_anchor,A,64,8,0,0,1,1,6145,0,1,1,0,-1,12,8750,0,8750,8750,8184,-2,
251,rnd_boundary,input_anchor,A,64,8,0,0,1,2,8184,-2,-1,-1,0,1,12,2187,1,6563,6563,7168,-12,
251,rnd_boundary,input_anchor,A,64,8,0,0,1,3,7168,-12,-11,1,0,11,12,2,1,6565,6565,8184,-15,
251,rnd_boundary,exact_residual,A,64,8,0,0,1,1,6145,0,1,1,1,0,12,4375,0,4375,4375,8188,-2,
251,rnd_boundary,exact_residual,A,64,8,0,0,1,2,8188,-2,-1,-1,1,2,12,1093,1,3282,3282,4096,-12,
251,rnd_boundary,exact_residual,A,64,8,0,0,1,3,4096,-12,-12,1,1,13,12,0,1,3282,3282,0,-12,
251,rnd_boundary,guard1_pack12,A,64,8,0,0,1,1,6145,0,1,1,1,0,13,8750,0,8750,4375,8184,-2,
251,rnd_boundary,guard1_pack12,A,64,8,0,0,1,2,8184,-2,-1,-1,1,2,13,2187,1,6563,3281,7168,-12,
251,rnd_boundary,guard1_pack12,A,64,8,0,0,1,3,7168,-12,-11,1,1,12,13,2,1,6565,3282,8184,-15,
251,rnd_boundary,guard12_pack12,A,64,8,0,0,1,1,6145,0,1,1,1,0,24,17920000,0,17920000,4375,8184,-2,
251,rnd_boundary,guard12_pack12,A,64,8,0,0,1,2,8184,-2,-1,-1,1,2,24,4480000,0,13440000,3281,7168,-12,
251,rnd_boundary,guard12_pack12,A,64,8,0,0,1,3,7168,-12,-11,1,1,12,24,4375,0,13444375,3282,8184,-15,
251,rnd_boundary,source_uncut,A,64,8,0,0,1,1,6145,0,1,1,1,0,24,17920000,0,17920000,4375,8184,-2,
251,rnd_boundary,source_uncut,A,64,8,0,0,1,2,8184,-2,-1,-1,1,2,24,4480000,0,13440000,3281,7168,-12,
251,rnd_boundary,source_uncut,A,64,8,0,0,1,3,7168,-12,-11,1,1,12,24,4375,0,13444375,3282,8184,-15,
251,rnd_boundary,post_sum_pack12,A,64,8,0,0,1,1,6145,0,1,1,1,0,12,4375,0,4375,4375,8184,-2,0x1117000000000000000000000000
251,rnd_boundary,post_sum_pack12,A,64,8,0,0,1,2,8184,-2,-1,-1,1,2,12,1093,1,3281,3281,7168,-12,0xcd1400000000000000000000000
251,rnd_boundary,post_sum_pack12,A,64,8,0,0,1,3,7168,-12,-11,1,1,12,12,1,1,3282,3282,8184,-15,0xcd2517000000000000000000000
251,rnd_boundary,signed_floor,A,64,8,0,0,1,1,6145,0,1,1,1,0,12,4375,0,4375,4375,8184,-2,
251,rnd_boundary,signed_floor,A,64,8,0,0,1,2,8184,-2,-1,-1,1,2,12,1093,1,3281,3281,7168,-12,
251,rnd_boundary,signed_floor,A,64,8,0,0,1,3,7168,-12,-11,1,1,12,12,1,1,3282,3282,8184,-15,
252,rnd_boundary,fig3,A,64,8,0,0,1,1,6145,0,1,1,1,0,12,4375,0,4375,4375,8184,-2,
252,rnd_boundary,fig3,A,64,8,0,0,1,2,8184,-2,-1,-1,1,2,12,1093,1,3282,3282,7168,-12,
252,rnd_boundary,fig3,A,64,8,0,0,1,3,7168,-12,-11,1,1,12,12,1,1,3283,3283,8184,-15,
252,rnd_boundary,fig3,A,64,8,0,0,1,4,8184,-15,-14,-1,1,15,12,0,1,3283,3283,7168,-25,
252,rnd_boundary,tie_b,B,64,8,0,0,1,1,4375,0,0,1,0,0,12,6145,0,6145,6145,4464,-4,
252,rnd_boundary,tie_b,B,64,8,0,0,1,2,4464,-4,-4,1,0,4,12,384,1,6529,6529,5888,-8,
252,rnd_boundary,tie_b,B,64,8,0,0,1,3,5888,-8,-8,1,0,8,12,24,1,6553,6553,7168,-10,
252,rnd_boundary,tie_b,B,64,8,0,0,1,4,7168,-10,-9,1,0,9,12,12,1,6565,6565,8184,-13,
252,rnd_boundary,legacy7,A,64,8,0,0,1,1,6145,0,1,1,1,0,12,4375,0,4375,4375,8184,-2,
252,rnd_boundary,legacy7,A,64,8,0,0,1,2,8184,-2,-1,-1,1,2,12,1093,1,3282,3282,7168,-12,
252,rnd_boundary,legacy7,A,64,8,0,0,1,3,7168,-12,-11,1,1,12,12,1,1,3283,3283,8184,-15,
252,rnd_boundary,legacy7,A,64,8,0,0,1,4,8184,-15,-14,-1,1,15,12,0,1,3283,3283,7168,-25,
252,rnd_boundary,input_anchor,A,64,8,0,0,1,1,6145,0,1,1,0,-1,12,8750,0,8750,8750,8184,-2,
252,rnd_boundary,input_anchor,A,64,8,0,0,1,2,8184,-2,-1,-1,0,1,12,2187,1,6563,6563,7168,-12,
252,rnd_boundary,input_anchor,A,64,8,0,0,1,3,7168,-12,-11,1,0,11,12,2,1,6565,6565,8184,-15,
252,rnd_boundary,input_anchor,A,64,8,0,0,1,4,8184,-15,-14,-1,0,14,12,0,1,6565,6565,7168,-25,
252,rnd_boundary,exact_residual,A,64,8,0,0,1,1,6145,0,1,1,1,0,12,4375,0,4375,4375,8188,-2,
252,rnd_boundary,exact_residual,A,64,8,0,0,1,2,8188,-2,-1,-1,1,2,12,1093,1,3282,3282,4096,-12,
252,rnd_boundary,exact_residual,A,64,8,0,0,1,3,4096,-12,-12,1,1,13,12,0,1,3282,3282,0,-12,
252,rnd_boundary,guard1_pack12,A,64,8,0,0,1,1,6145,0,1,1,1,0,13,8750,0,8750,4375,8184,-2,
252,rnd_boundary,guard1_pack12,A,64,8,0,0,1,2,8184,-2,-1,-1,1,2,13,2187,1,6563,3281,7168,-12,
252,rnd_boundary,guard1_pack12,A,64,8,0,0,1,3,7168,-12,-11,1,1,12,13,2,1,6565,3282,8184,-15,
252,rnd_boundary,guard1_pack12,A,64,8,0,0,1,4,8184,-15,-14,-1,1,15,13,0,1,6565,3282,7168,-25,
252,rnd_boundary,guard12_pack12,A,64,8,0,0,1,1,6145,0,1,1,1,0,24,17920000,0,17920000,4375,8184,-2,
252,rnd_boundary,guard12_pack12,A,64,8,0,0,1,2,8184,-2,-1,-1,1,2,24,4480000,0,13440000,3281,7168,-12,
252,rnd_boundary,guard12_pack12,A,64,8,0,0,1,3,7168,-12,-11,1,1,12,24,4375,0,13444375,3282,8184,-15,
252,rnd_boundary,guard12_pack12,A,64,8,0,0,1,4,8184,-15,-14,-1,1,15,24,546,1,13443829,3282,7168,-25,
252,rnd_boundary,source_uncut,A,64,8,0,0,1,1,6145,0,1,1,1,0,24,17920000,0,17920000,4375,8184,-2,
252,rnd_boundary,source_uncut,A,64,8,0,0,1,2,8184,-2,-1,-1,1,2,24,4480000,0,13440000,3281,7168,-12,
252,rnd_boundary,source_uncut,A,64,8,0,0,1,3,7168,-12,-11,1,1,12,24,4375,0,13444375,3282,8184,-15,
252,rnd_boundary,source_uncut,A,64,8,0,0,1,4,8184,-15,-14,-1,1,15,24,546,1,13443829,3282,7168,-25,
252,rnd_boundary,post_sum_pack12,A,64,8,0,0,1,1,6145,0,1,1,1,0,12,4375,0,4375,4375,8184,-2,0x1117000000000000000000000000
252,rnd_boundary,post_sum_pack12,A,64,8,0,0,1,2,8184,-2,-1,-1,1,2,12,1093,1,3281,3281,7168,-12,0xcd1400000000000000000000000
252,rnd_boundary,post_sum_pack12,A,64,8,0,0,1,3,7168,-12,-11,1,1,12,12,1,1,3282,3282,8184,-15,0xcd2517000000000000000000000
252,rnd_boundary,post_sum_pack12,A,64,8,0,0,1,4,8184,-15,-14,-1,1,15,12,0,1,3282,3282,7168,-25,0xcd22f4200000000000000000000
252,rnd_boundary,signed_floor,A,64,8,0,0,1,1,6145,0,1,1,1,0,12,4375,0,4375,4375,8184,-2,
252,rnd_boundary,signed_floor,A,64,8,0,0,1,2,8184,-2,-1,-1,1,2,12,1093,1,3281,3281,7168,-12,
252,rnd_boundary,signed_floor,A,64,8,0,0,1,3,7168,-12,-11,1,1,12,12,1,1,3282,3282,8184,-15,
252,rnd_boundary,signed_floor,A,64,8,0,0,1,4,8184,-15,-14,-1,1,15,12,0,1,3281,3281,7168,-25,
253,rnd_boundary,fig3,A,64,9,0,32,0,1,6145,0,1,1,1,0,12,4406,0,4406,4406,8184,-2,
253,rnd_boundary,fig3,A,64,9,0,32,0,2,8184,-2,-1,-1,1,2,12,1101,1,3305,3305,7168,-12,
253,rnd_boundary,fig3,A,64,9,0,32,0,3,7168,-12,-11,1,1,12,12,1,1,3306,3306,8184,-15,
253,rnd_boundary,tie_b,A,64,9,0,32,0,1,6145,0,1,1,1,0,12,4406,0,4406,4406,8184,-2,
253,rnd_boundary,tie_b,A,64,9,0,32,0,2,8184,-2,-1,-1,1,2,12,1101,1,3305,3305,7168,-12,
253,rnd_boundary,tie_b,A,64,9,0,32,0,3,7168,-12,-11,1,1,12,12,1,1,3306,3306,8184,-15,
253,rnd_boundary,legacy7,A,64,9,0,32,0,1,6145,0,1,1,1,0,12,4406,0,4406,4406,8184,-2,
253,rnd_boundary,legacy7,A,64,9,0,32,0,2,8184,-2,-1,-1,1,2,12,1101,1,3305,3305,7168,-12,
253,rnd_boundary,legacy7,A,64,9,0,32,0,3,7168,-12,-11,1,1,12,12,1,1,3306,3306,8184,-15,
253,rnd_boundary,input_anchor,A,64,9,0,32,0,1,6145,0,1,1,0,-1,12,8812,0,8812,8812,8184,-2,
253,rnd_boundary,input_anchor,A,64,9,0,32,0,2,8184,-2,-1,-1,0,1,12,2203,0,6609,6609,7168,-12,
253,rnd_boundary,input_anchor,A,64,9,0,32,0,3,7168,-12,-11,1,0,11,12,2,1,6611,6611,8184,-15,
253,rnd_boundary,exact_residual,A,64,9,0,32,0,1,6145,0,1,1,1,0,12,4406,0,4406,4406,8188,-2,
253,rnd_boundary,exact_residual,A,64,9,0,32,0,2,8188,-2,-1,-1,1,2,12,1101,1,3305,3305,4096,-12,
253,rnd_boundary,exact_residual,A,64,9,0,32,0,3,4096,-12,-12,1,1,13,12,0,1,3305,3305,0,-12,
253,rnd_boundary,guard1_pack12,A,64,9,0,32,0,1,6145,0,1,1,1,0,13,8812,0,8812,4406,8184,-2,
253,rnd_boundary,guard1_pack12,A,64,9,0,32,0,2,8184,-2,-1,-1,1,2,13,2203,0,6609,3304,7168,-12,
253,rnd_boundary,guard1_pack12,A,64,9,0,32,0,3,7168,-12,-11,1,1,12,13,2,1,6611,3305,8184,-15,
253,rnd_boundary,guard12_pack12,A,64,9,0,32,0,1,6145,0,1,1,1,0,24,18046976,0,18046976,4406,8184,-2,
253,rnd_boundary,guard12_pack12,A,64,9,0,32,0,2,8184,-2,-1,-1,1,2,24,4511744,0,13535232,3304,7168,-12,
253,rnd_boundary,guard12_pack12,A,64,9,0,32,0,3,7168,-12,-11,1,1,12,24,4406,0,13539638,3305,8184,-15,
253,rnd_boundary,source_uncut,A,64,9,0,32,0,1,6145,0,1,1,1,0,24,18046976,0,18046976,4406,8184,-2,
253,rnd_boundary,source_uncut,A,64,9,0,32,0,2,8184,-2,-1,-1,1,2,24,4511744,0,13535232,3304,7168,-12,
253,rnd_boundary,source_uncut,A,64,9,0,32,0,3,7168,-12,-11,1,1,12,24,4406,0,13539638,3305,8184,-15,
253,rnd_boundary,post_sum_pack12,A,64,9,0,32,0,1,6145,0,1,1,1,0,12,4406,0,4406,4406,8184,-2,0x1136000000000000000000000000
253,rnd_boundary,post_sum_pack12,A,64,9,0,32,0,2,8184,-2,-1,-1,1,2,12,1101,1,3304,3304,7168,-12,0xce8800000000000000000000000
253,rnd_boundary,post_sum_pack12,A,64,9,0,32,0,3,7168,-12,-11,1,1,12,12,1,1,3305,3305,8184,-15,0xce9936000000000000000000000
253,rnd_boundary,signed_floor,A,64,9,0,32,0,1,6145,0,1,1,1,0,12,4406,0,4406,4406,8184,-2,
253,rnd_boundary,signed_floor,A,64,9,0,32,0,2,8184,-2,-1,-1,1,2,12,1101,1,3304,3304,7168,-12,
253,rnd_boundary,signed_floor,A,64,9,0,32,0,3,7168,-12,-11,1,1,12,12,1,1,3305,3305,8184,-15,
254,rnd_boundary,fig3,A,64,9,0,32,0,1,6145,0,1,1,1,0,12,4406,0,4406,4406,8184,-2,
254,rnd_boundary,fig3,A,64,9,0,32,0,2,8184,-2,-1,-1,1,2,12,1101,1,3305,3305,7168,-12,
254,rnd_boundary,fig3,A,64,9,0,32,0,3,7168,-12,-11,1,1,12,12,1,1,3306,3306,8184,-15,
254,rnd_boundary,fig3,A,64,9,0,32,0,4,8184,-15,-14,-1,1,15,12,0,1,3306,3306,7168,-25,
254,rnd_boundary,tie_b,A,64,9,0,32,0,1,6145,0,1,1,1,0,12,4406,0,4406,4406,8184,-2,
254,rnd_boundary,tie_b,A,64,9,0,32,0,2,8184,-2,-1,-1,1,2,12,1101,1,3305,3305,7168,-12,
254,rnd_boundary,tie_b,A,64,9,0,32,0,3,7168,-12,-11,1,1,12,12,1,1,3306,3306,8184,-15,
254,rnd_boundary,tie_b,A,64,9,0,32,0,4,8184,-15,-14,-1,1,15,12,0,1,3306,3306,7168,-25,
254,rnd_boundary,legacy7,A,64,9,0,32,0,1,6145,0,1,1,1,0,12,4406,0,4406,4406,8184,-2,
254,rnd_boundary,legacy7,A,64,9,0,32,0,2,8184,-2,-1,-1,1,2,12,1101,1,3305,3305,7168,-12,
254,rnd_boundary,legacy7,A,64,9,0,32,0,3,7168,-12,-11,1,1,12,12,1,1,3306,3306,8184,-15,
254,rnd_boundary,legacy7,A,64,9,0,32,0,4,8184,-15,-14,-1,1,15,12,0,1,3306,3306,7168,-25,
254,rnd_boundary,input_anchor,A,64,9,0,32,0,1,6145,0,1,1,0,-1,12,8812,0,8812,8812,8184,-2,
254,rnd_boundary,input_anchor,A,64,9,0,32,0,2,8184,-2,-1,-1,0,1,12,2203,0,6609,6609,7168,-12,
254,rnd_boundary,input_anchor,A,64,9,0,32,0,3,7168,-12,-11,1,0,11,12,2,1,6611,6611,8184,-15,
254,rnd_boundary,input_anchor,A,64,9,0,32,0,4,8184,-15,-14,-1,0,14,12,0,1,6611,6611,7168,-25,
254,rnd_boundary,exact_residual,A,64,9,0,32,0,1,6145,0,1,1,1,0,12,4406,0,4406,4406,8188,-2,
254,rnd_boundary,exact_residual,A,64,9,0,32,0,2,8188,-2,-1,-1,1,2,12,1101,1,3305,3305,4096,-12,
254,rnd_boundary,exact_residual,A,64,9,0,32,0,3,4096,-12,-12,1,1,13,12,0,1,3305,3305,0,-12,
254,rnd_boundary,guard1_pack12,A,64,9,0,32,0,1,6145,0,1,1,1,0,13,8812,0,8812,4406,8184,-2,
254,rnd_boundary,guard1_pack12,A,64,9,0,32,0,2,8184,-2,-1,-1,1,2,13,2203,0,6609,3304,7168,-12,
254,rnd_boundary,guard1_pack12,A,64,9,0,32,0,3,7168,-12,-11,1,1,12,13,2,1,6611,3305,8184,-15,
254,rnd_boundary,guard1_pack12,A,64,9,0,32,0,4,8184,-15,-14,-1,1,15,13,0,1,6611,3305,7168,-25,
254,rnd_boundary,guard12_pack12,A,64,9,0,32,0,1,6145,0,1,1,1,0,24,18046976,0,18046976,4406,8184,-2,
254,rnd_boundary,guard12_pack12,A,64,9,0,32,0,2,8184,-2,-1,-1,1,2,24,4511744,0,13535232,3304,7168,-12,
254,rnd_boundary,guard12_pack12,A,64,9,0,32,0,3,7168,-12,-11,1,1,12,24,4406,0,13539638,3305,8184,-15,
254,rnd_boundary,guard12_pack12,A,64,9,0,32,0,4,8184,-15,-14,-1,1,15,24,550,1,13539088,3305,7168,-25,
254,rnd_boundary,source_uncut,A,64,9,0,32,0,1,6145,0,1,1,1,0,24,18046976,0,18046976,4406,8184,-2,
254,rnd_boundary,source_uncut,A,64,9,0,32,0,2,8184,-2,-1,-1,1,2,24,4511744,0,13535232,3304,7168,-12,
254,rnd_boundary,source_uncut,A,64,9,0,32,0,3,7168,-12,-11,1,1,12,24,4406,0,13539638,3305,8184,-15,
254,rnd_boundary,source_uncut,A,64,9,0,32,0,4,8184,-15,-14,-1,1,15,24,550,1,13539088,3305,7168,-25,
254,rnd_boundary,post_sum_pack12,A,64,9,0,32,0,1,6145,0,1,1,1,0,12,4406,0,4406,4406,8184,-2,0x1136000000000000000000000000
254,rnd_boundary,post_sum_pack12,A,64,9,0,32,0,2,8184,-2,-1,-1,1,2,12,1101,1,3304,3304,7168,-12,0xce8800000000000000000000000
254,rnd_boundary,post_sum_pack12,A,64,9,0,32,0,3,7168,-12,-11,1,1,12,12,1,1,3305,3305,8184,-15,0xce9936000000000000000000000
254,rnd_boundary,post_sum_pack12,A,64,9,0,32,0,4,8184,-15,-14,-1,1,15,12,0,1,3305,3305,7168,-25,0xce970f400000000000000000000
254,rnd_boundary,signed_floor,A,64,9,0,32,0,1,6145,0,1,1,1,0,12,4406,0,4406,4406,8184,-2,
254,rnd_boundary,signed_floor,A,64,9,0,32,0,2,8184,-2,-1,-1,1,2,12,1101,1,3304,3304,7168,-12,
254,rnd_boundary,signed_floor,A,64,9,0,32,0,3,7168,-12,-11,1,1,12,12,1,1,3305,3305,8184,-15,
254,rnd_boundary,signed_floor,A,64,9,0,32,0,4,8184,-15,-14,-1,1,15,12,0,1,3304,3304,7168,-25,
255,rnd_boundary,fig3,A,64,10,0,64,0,1,6145,0,1,1,1,0,12,4437,0,4437,4437,8184,-2,
255,rnd_boundary,fig3,A,64,10,0,64,0,2,8184,-2,-1,-1,1,2,12,1109,1,3328,3328,7168,-12,
255,rnd_boundary,fig3,A,64,10,0,64,0,3,7168,-12,-11,1,1,12,12,1,1,3329,3329,8184,-15,
255,rnd_boundary,tie_b,A,64,10,0,64,0,1,6145,0,1,1,1,0,12,4437,0,4437,4437,8184,-2,
255,rnd_boundary,tie_b,A,64,10,0,64,0,2,8184,-2,-1,-1,1,2,12,1109,1,3328,3328,7168,-12,
255,rnd_boundary,tie_b,A,64,10,0,64,0,3,7168,-12,-11,1,1,12,12,1,1,3329,3329,8184,-15,
255,rnd_boundary,legacy7,A,64,10,0,64,0,1,6145,0,1,1,1,0,12,4437,0,4437,4437,8184,-2,
255,rnd_boundary,legacy7,A,64,10,0,64,0,2,8184,-2,-1,-1,1,2,12,1109,1,3328,3328,7168,-12,
255,rnd_boundary,legacy7,A,64,10,0,64,0,3,7168,-12,-11,1,1,12,12,1,1,3329,3329,8184,-15,
255,rnd_boundary,input_anchor,A,64,10,0,64,0,1,6145,0,1,1,0,-1,12,8874,0,8874,8874,8184,-2,
255,rnd_boundary,input_anchor,A,64,10,0,64,0,2,8184,-2,-1,-1,0,1,12,2218,1,6656,6656,7168,-12,
255,rnd_boundary,input_anchor,A,64,10,0,64,0,3,7168,-12,-11,1,0,11,12,2,1,6658,6658,8184,-15,
255,rnd_boundary,exact_residual,A,64,10,0,64,0,1,6145,0,1,1,1,0,12,4437,0,4437,4437,8188,-2,
255,rnd_boundary,exact_residual,A,64,10,0,64,0,2,8188,-2,-1,-1,1,2,12,1109,1,3328,3328,4096,-12,
255,rnd_boundary,exact_residual,A,64,10,0,64,0,3,4096,-12,-12,1,1,13,12,0,1,3328,3328,0,-12,
255,rnd_boundary,guard1_pack12,A,64,10,0,64,0,1,6145,0,1,1,1,0,13,8874,0,8874,4437,8184,-2,
255,rnd_boundary,guard1_pack12,A,64,10,0,64,0,2,8184,-2,-1,-1,1,2,13,2218,1,6656,3328,7168,-12,
255,rnd_boundary,guard1_pack12,A,64,10,0,64,0,3,7168,-12,-11,1,1,12,13,2,1,6658,3329,8184,-15,
255,rnd_boundary,guard12_pack12,A,64,10,0,64,0,1,6145,0,1,1,1,0,24,18173952,0,18173952,4437,8184,-2,
255,rnd_boundary,guard12_pack12,A,64,10,0,64,0,2,8184,-2,-1,-1,1,2,24,4543488,0,13630464,3327,7168,-12,
255,rnd_boundary,guard12_pack12,A,64,10,0,64,0,3,7168,-12,-11,1,1,12,24,4437,0,13634901,3328,8184,-15,
255,rnd_boundary,source_uncut,A,64,10,0,64,0,1,6145,0,1,1,1,0,24,18173952,0,18173952,4437,8184,-2,
255,rnd_boundary,source_uncut,A,64,10,0,64,0,2,8184,-2,-1,-1,1,2,24,4543488,0,13630464,3327,7168,-12,
255,rnd_boundary,source_uncut,A,64,10,0,64,0,3,7168,-12,-11,1,1,12,24,4437,0,13634901,3328,8184,-15,
255,rnd_boundary,post_sum_pack12,A,64,10,0,64,0,1,6145,0,1,1,1,0,12,4437,0,4437,4437,8184,-2,0x1155000000000000000000000000
255,rnd_boundary,post_sum_pack12,A,64,10,0,64,0,2,8184,-2,-1,-1,1,2,12,1109,1,3327,3327,7168,-12,0xcffc00000000000000000000000
255,rnd_boundary,post_sum_pack12,A,64,10,0,64,0,3,7168,-12,-11,1,1,12,12,1,1,3328,3328,8184,-15,0xd00d55000000000000000000000
255,rnd_boundary,signed_floor,A,64,10,0,64,0,1,6145,0,1,1,1,0,12,4437,0,4437,4437,8184,-2,
255,rnd_boundary,signed_floor,A,64,10,0,64,0,2,8184,-2,-1,-1,1,2,12,1109,1,3327,3327,7168,-12,
255,rnd_boundary,signed_floor,A,64,10,0,64,0,3,7168,-12,-11,1,1,12,12,1,1,3328,3328,8184,-15,
256,rnd_boundary,fig3,A,64,10,0,64,0,1,6145,0,1,1,1,0,12,4437,0,4437,4437,8184,-2,
256,rnd_boundary,fig3,A,64,10,0,64,0,2,8184,-2,-1,-1,1,2,12,1109,1,3328,3328,7168,-12,
256,rnd_boundary,fig3,A,64,10,0,64,0,3,7168,-12,-11,1,1,12,12,1,1,3329,3329,8184,-15,
256,rnd_boundary,fig3,A,64,10,0,64,0,4,8184,-15,-14,-1,1,15,12,0,1,3329,3329,7168,-25,
256,rnd_boundary,tie_b,A,64,10,0,64,0,1,6145,0,1,1,1,0,12,4437,0,4437,4437,8184,-2,
256,rnd_boundary,tie_b,A,64,10,0,64,0,2,8184,-2,-1,-1,1,2,12,1109,1,3328,3328,7168,-12,
256,rnd_boundary,tie_b,A,64,10,0,64,0,3,7168,-12,-11,1,1,12,12,1,1,3329,3329,8184,-15,
256,rnd_boundary,tie_b,A,64,10,0,64,0,4,8184,-15,-14,-1,1,15,12,0,1,3329,3329,7168,-25,
256,rnd_boundary,legacy7,A,64,10,0,64,0,1,6145,0,1,1,1,0,12,4437,0,4437,4437,8184,-2,
256,rnd_boundary,legacy7,A,64,10,0,64,0,2,8184,-2,-1,-1,1,2,12,1109,1,3328,3328,7168,-12,
256,rnd_boundary,legacy7,A,64,10,0,64,0,3,7168,-12,-11,1,1,12,12,1,1,3329,3329,8184,-15,
256,rnd_boundary,legacy7,A,64,10,0,64,0,4,8184,-15,-14,-1,1,15,12,0,1,3329,3329,7168,-25,
256,rnd_boundary,input_anchor,A,64,10,0,64,0,1,6145,0,1,1,0,-1,12,8874,0,8874,8874,8184,-2,
256,rnd_boundary,input_anchor,A,64,10,0,64,0,2,8184,-2,-1,-1,0,1,12,2218,1,6656,6656,7168,-12,
256,rnd_boundary,input_anchor,A,64,10,0,64,0,3,7168,-12,-11,1,0,11,12,2,1,6658,6658,8184,-15,
256,rnd_boundary,input_anchor,A,64,10,0,64,0,4,8184,-15,-14,-1,0,14,12,0,1,6658,6658,7168,-25,
256,rnd_boundary,exact_residual,A,64,10,0,64,0,1,6145,0,1,1,1,0,12,4437,0,4437,4437,8188,-2,
256,rnd_boundary,exact_residual,A,64,10,0,64,0,2,8188,-2,-1,-1,1,2,12,1109,1,3328,3328,4096,-12,
256,rnd_boundary,exact_residual,A,64,10,0,64,0,3,4096,-12,-12,1,1,13,12,0,1,3328,3328,0,-12,
256,rnd_boundary,guard1_pack12,A,64,10,0,64,0,1,6145,0,1,1,1,0,13,8874,0,8874,4437,8184,-2,
256,rnd_boundary,guard1_pack12,A,64,10,0,64,0,2,8184,-2,-1,-1,1,2,13,2218,1,6656,3328,7168,-12,
256,rnd_boundary,guard1_pack12,A,64,10,0,64,0,3,7168,-12,-11,1,1,12,13,2,1,6658,3329,8184,-15,
256,rnd_boundary,guard1_pack12,A,64,10,0,64,0,4,8184,-15,-14,-1,1,15,13,0,1,6658,3329,7168,-25,
256,rnd_boundary,guard12_pack12,A,64,10,0,64,0,1,6145,0,1,1,1,0,24,18173952,0,18173952,4437,8184,-2,
256,rnd_boundary,guard12_pack12,A,64,10,0,64,0,2,8184,-2,-1,-1,1,2,24,4543488,0,13630464,3327,7168,-12,
256,rnd_boundary,guard12_pack12,A,64,10,0,64,0,3,7168,-12,-11,1,1,12,24,4437,0,13634901,3328,8184,-15,
256,rnd_boundary,guard12_pack12,A,64,10,0,64,0,4,8184,-15,-14,-1,1,15,24,554,1,13634347,3328,7168,-25,
256,rnd_boundary,source_uncut,A,64,10,0,64,0,1,6145,0,1,1,1,0,24,18173952,0,18173952,4437,8184,-2,
256,rnd_boundary,source_uncut,A,64,10,0,64,0,2,8184,-2,-1,-1,1,2,24,4543488,0,13630464,3327,7168,-12,
256,rnd_boundary,source_uncut,A,64,10,0,64,0,3,7168,-12,-11,1,1,12,24,4437,0,13634901,3328,8184,-15,
256,rnd_boundary,source_uncut,A,64,10,0,64,0,4,8184,-15,-14,-1,1,15,24,554,1,13634347,3328,7168,-25,
256,rnd_boundary,post_sum_pack12,A,64,10,0,64,0,1,6145,0,1,1,1,0,12,4437,0,4437,4437,8184,-2,0x1155000000000000000000000000
256,rnd_boundary,post_sum_pack12,A,64,10,0,64,0,2,8184,-2,-1,-1,1,2,12,1109,1,3327,3327,7168,-12,0xcffc00000000000000000000000
256,rnd_boundary,post_sum_pack12,A,64,10,0,64,0,3,7168,-12,-11,1,1,12,12,1,1,3328,3328,8184,-15,0xd00d55000000000000000000000
256,rnd_boundary,post_sum_pack12,A,64,10,0,64,0,4,8184,-15,-14,-1,1,15,12,0,1,3328,3328,7168,-25,0xd00b2a600000000000000000000
256,rnd_boundary,signed_floor,A,64,10,0,64,0,1,6145,0,1,1,1,0,12,4437,0,4437,4437,8184,-2,
256,rnd_boundary,signed_floor,A,64,10,0,64,0,2,8184,-2,-1,-1,1,2,12,1109,1,3327,3327,7168,-12,
256,rnd_boundary,signed_floor,A,64,10,0,64,0,3,7168,-12,-11,1,1,12,12,1,1,3328,3328,8184,-15,
256,rnd_boundary,signed_floor,A,64,10,0,64,0,4,8184,-15,-14,-1,1,15,12,0,1,3327,3327,7168,-25,
257,rnd_boundary,fig3,A,64,11,0,96,0,1,6145,0,1,1,1,0,12,4468,0,4468,4468,8184,-2,
257,rnd_boundary,fig3,A,64,11,0,96,0,2,8184,-2,-1,-1,1,2,12,1117,0,3351,3351,7168,-12,
257,rnd_boundary,fig3,A,64,11,0,96,0,3,7168,-12,-11,1,1,12,12,1,1,3352,3352,8184,-15,
257,rnd_boundary,tie_b,A,64,11,0,96,0,1,6145,0,1,1,1,0,12,4468,0,4468,4468,8184,-2,
257,rnd_boundary,tie_b,A,64,11,0,96,0,2,8184,-2,-1,-1,1,2,12,1117,0,3351,3351,7168,-12,
257,rnd_boundary,tie_b,A,64,11,0,96,0,3,7168,-12,-11,1,1,12,12,1,1,3352,3352,8184,-15,
257,rnd_boundary,legacy7,A,64,11,0,96,0,1,6145,0,1,1,1,0,12,4468,0,4468,4468,8184,-2,
257,rnd_boundary,legacy7,A,64,11,0,96,0,2,8184,-2,-1,-1,1,2,12,1117,0,3351,3351,7168,-12,
257,rnd_boundary,legacy7,A,64,11,0,96,0,3,7168,-12,-11,1,1,12,12,1,1,3352,3352,8184,-15,
257,rnd_boundary,input_anchor,A,64,11,0,96,0,1,6145,0,1,1,0,-1,12,8936,0,8936,8936,8184,-2,
257,rnd_boundary,input_anchor,A,64,11,0,96,0,2,8184,-2,-1,-1,0,1,12,2234,0,6702,6702,7168,-12,
257,rnd_boundary,input_anchor,A,64,11,0,96,0,3,7168,-12,-11,1,0,11,12,2,1,6704,6704,8184,-15,
257,rnd_boundary,exact_residual,A,64,11,0,96,0,1,6145,0,1,1,1,0,12,4468,0,4468,4468,8188,-2,
257,rnd_boundary,exact_residual,A,64,11,0,96,0,2,8188,-2,-1,-1,1,2,12,1117,0,3351,3351,4096,-12,
257,rnd_boundary,exact_residual,A,64,11,0,96,0,3,4096,-12,-12,1,1,13,12,0,1,3351,3351,0,-12,
257,rnd_boundary,guard1_pack12,A,64,11,0,96,0,1,6145,0,1,1,1,0,13,8936,0,8936,4468,8184,-2,
257,rnd_boundary,guard1_pack12,A,64,11,0,96,0,2,8184,-2,-1,-1,1,2,13,2234,0,6702,3351,7168,-12,
257,rnd_boundary,guard1_pack12,A,64,11,0,96,0,3,7168,-12,-11,1,1,12,13,2,1,6704,3352,8184,-15,
257,rnd_boundary,guard12_pack12,A,64,11,0,96,0,1,6145,0,1,1,1,0,24,18300928,0,18300928,4468,8184,-2,
257,rnd_boundary,guard12_pack12,A,64,11,0,96,0,2,8184,-2,-1,-1,1,2,24,4575232,0,13725696,3351,7168,-12,
257,rnd_boundary,guard12_pack12,A,64,11,0,96,0,3,7168,-12,-11,1,1,12,24,4468,0,13730164,3352,8184,-15,
257,rnd_boundary,source_uncut,A,64,11,0,96,0,1,6145,0,1,1,1,0,24,18300928,0,18300928,4468,8184,-2,
257,rnd_boundary,source_uncut,A,64,11,0,96,0,2,8184,-2,-1,-1,1,2,24,4575232,0,13725696,3351,7168,-12,
257,rnd_boundary,source_uncut,A,64,11,0,96,0,3,7168,-12,-11,1,1,12,24,4468,0,13730164,3352,8184,-15,
257,rnd_boundary,post_sum_pack12,A,64,11,0,96,0,1,6145,0,1,1,1,0,12,4468,0,4468,4468,8184,-2,0x1174000000000000000000000000
257,rnd_boundary,post_sum_pack12,A,64,11,0,96,0,2,8184,-2,-1,-1,1,2,12,1117,0,3351,3351,7168,-12,0xd17000000000000000000000000
257,rnd_boundary,post_sum_pack12,A,64,11,0,96,0,3,7168,-12,-11,1,1,12,12,1,1,3352,3352,8184,-15,0xd18174000000000000000000000
257,rnd_boundary,signed_floor,A,64,11,0,96,0,1,6145,0,1,1,1,0,12,4468,0,4468,4468,8184,-2,
257,rnd_boundary,signed_floor,A,64,11,0,96,0,2,8184,-2,-1,-1,1,2,12,1117,0,3351,3351,7168,-12,
257,rnd_boundary,signed_floor,A,64,11,0,96,0,3,7168,-12,-11,1,1,12,12,1,1,3352,3352,8184,-15,
258,rnd_boundary,fig3,A,64,11,0,96,0,1,6145,0,1,1,1,0,12,4468,0,4468,4468,8184,-2,
258,rnd_boundary,fig3,A,64,11,0,96,0,2,8184,-2,-1,-1,1,2,12,1117,0,3351,3351,7168,-12,
258,rnd_boundary,fig3,A,64,11,0,96,0,3,7168,-12,-11,1,1,12,12,1,1,3352,3352,8184,-15,
258,rnd_boundary,fig3,A,64,11,0,96,0,4,8184,-15,-14,-1,1,15,12,0,1,3352,3352,7168,-25,
258,rnd_boundary,tie_b,A,64,11,0,96,0,1,6145,0,1,1,1,0,12,4468,0,4468,4468,8184,-2,
258,rnd_boundary,tie_b,A,64,11,0,96,0,2,8184,-2,-1,-1,1,2,12,1117,0,3351,3351,7168,-12,
258,rnd_boundary,tie_b,A,64,11,0,96,0,3,7168,-12,-11,1,1,12,12,1,1,3352,3352,8184,-15,
258,rnd_boundary,tie_b,A,64,11,0,96,0,4,8184,-15,-14,-1,1,15,12,0,1,3352,3352,7168,-25,
258,rnd_boundary,legacy7,A,64,11,0,96,0,1,6145,0,1,1,1,0,12,4468,0,4468,4468,8184,-2,
258,rnd_boundary,legacy7,A,64,11,0,96,0,2,8184,-2,-1,-1,1,2,12,1117,0,3351,3351,7168,-12,
258,rnd_boundary,legacy7,A,64,11,0,96,0,3,7168,-12,-11,1,1,12,12,1,1,3352,3352,8184,-15,
258,rnd_boundary,legacy7,A,64,11,0,96,0,4,8184,-15,-14,-1,1,15,12,0,1,3352,3352,7168,-25,
258,rnd_boundary,input_anchor,A,64,11,0,96,0,1,6145,0,1,1,0,-1,12,8936,0,8936,8936,8184,-2,
258,rnd_boundary,input_anchor,A,64,11,0,96,0,2,8184,-2,-1,-1,0,1,12,2234,0,6702,6702,7168,-12,
258,rnd_boundary,input_anchor,A,64,11,0,96,0,3,7168,-12,-11,1,0,11,12,2,1,6704,6704,8184,-15,
258,rnd_boundary,input_anchor,A,64,11,0,96,0,4,8184,-15,-14,-1,0,14,12,0,1,6704,6704,7168,-25,
258,rnd_boundary,exact_residual,A,64,11,0,96,0,1,6145,0,1,1,1,0,12,4468,0,4468,4468,8188,-2,
258,rnd_boundary,exact_residual,A,64,11,0,96,0,2,8188,-2,-1,-1,1,2,12,1117,0,3351,3351,4096,-12,
258,rnd_boundary,exact_residual,A,64,11,0,96,0,3,4096,-12,-12,1,1,13,12,0,1,3351,3351,0,-12,
258,rnd_boundary,guard1_pack12,A,64,11,0,96,0,1,6145,0,1,1,1,0,13,8936,0,8936,4468,8184,-2,
258,rnd_boundary,guard1_pack12,A,64,11,0,96,0,2,8184,-2,-1,-1,1,2,13,2234,0,6702,3351,7168,-12,
258,rnd_boundary,guard1_pack12,A,64,11,0,96,0,3,7168,-12,-11,1,1,12,13,2,1,6704,3352,8184,-15,
258,rnd_boundary,guard1_pack12,A,64,11,0,96,0,4,8184,-15,-14,-1,1,15,13,0,1,6704,3352,7168,-25,
258,rnd_boundary,guard12_pack12,A,64,11,0,96,0,1,6145,0,1,1,1,0,24,18300928,0,18300928,4468,8184,-2,
258,rnd_boundary,guard12_pack12,A,64,11,0,96,0,2,8184,-2,-1,-1,1,2,24,4575232,0,13725696,3351,7168,-12,
258,rnd_boundary,guard12_pack12,A,64,11,0,96,0,3,7168,-12,-11,1,1,12,24,4468,0,13730164,3352,8184,-15,
258,rnd_boundary,guard12_pack12,A,64,11,0,96,0,4,8184,-15,-14,-1,1,15,24,558,1,13729606,3351,7168,-25,
258,rnd_boundary,source_uncut,A,64,11,0,96,0,1,6145,0,1,1,1,0,24,18300928,0,18300928,4468,8184,-2,
258,rnd_boundary,source_uncut,A,64,11,0,96,0,2,8184,-2,-1,-1,1,2,24,4575232,0,13725696,3351,7168,-12,
258,rnd_boundary,source_uncut,A,64,11,0,96,0,3,7168,-12,-11,1,1,12,24,4468,0,13730164,3352,8184,-15,
258,rnd_boundary,source_uncut,A,64,11,0,96,0,4,8184,-15,-14,-1,1,15,24,558,1,13729606,3351,7168,-25,
258,rnd_boundary,post_sum_pack12,A,64,11,0,96,0,1,6145,0,1,1,1,0,12,4468,0,4468,4468,8184,-2,0x1174000000000000000000000000
258,rnd_boundary,post_sum_pack12,A,64,11,0,96,0,2,8184,-2,-1,-1,1,2,12,1117,0,3351,3351,7168,-12,0xd17000000000000000000000000
258,rnd_boundary,post_sum_pack12,A,64,11,0,96,0,3,7168,-12,-11,1,1,12,12,1,1,3352,3352,8184,-15,0xd18174000000000000000000000
258,rnd_boundary,post_sum_pack12,A,64,11,0,96,0,4,8184,-15,-14,-1,1,15,12,0,1,3351,3351,7168,-25,0xd17f45800000000000000000000
258,rnd_boundary,signed_floor,A,64,11,0,96,0,1,6145,0,1,1,1,0,12,4468,0,4468,4468,8184,-2,
258,rnd_boundary,signed_floor,A,64,11,0,96,0,2,8184,-2,-1,-1,1,2,12,1117,0,3351,3351,7168,-12,
258,rnd_boundary,signed_floor,A,64,11,0,96,0,3,7168,-12,-11,1,1,12,12,1,1,3352,3352,8184,-15,
258,rnd_boundary,signed_floor,A,64,11,0,96,0,4,8184,-15,-14,-1,1,15,12,0,1,3351,3351,7168,-25,
259,rnd_boundary,fig3,A,64,12,0,128,0,1,6145,0,1,1,1,0,12,4499,0,4499,4499,8184,-2,
259,rnd_boundary,fig3,A,64,12,0,128,0,2,8184,-2,-1,-1,1,2,12,1124,1,3375,3375,7168,-12,
259,rnd_boundary,fig3,A,64,12,0,128,0,3,7168,-12,-11,1,1,12,12,1,1,3376,3376,8184,-15,
259,rnd_boundary,tie_b,A,64,12,0,128,0,1,6145,0,1,1,1,0,12,4499,0,4499,4499,8184,-2,
259,rnd_boundary,tie_b,A,64,12,0,128,0,2,8184,-2,-1,-1,1,2,12,1124,1,3375,3375,7168,-12,
259,rnd_boundary,tie_b,A,64,12,0,128,0,3,7168,-12,-11,1,1,12,12,1,1,3376,3376,8184,-15,
259,rnd_boundary,legacy7,A,64,12,0,128,0,1,6145,0,1,1,1,0,12,4499,0,4499,4499,8184,-2,
259,rnd_boundary,legacy7,A,64,12,0,128,0,2,8184,-2,-1,-1,1,2,12,1124,1,3375,3375,7168,-12,
259,rnd_boundary,legacy7,A,64,12,0,128,0,3,7168,-12,-11,1,1,12,12,1,1,3376,3376,8184,-15,
259,rnd_boundary,input_anchor,A,64,12,0,128,0,1,6145,0,1,1,0,-1,12,8998,0,8998,8998,8184,-2,
259,rnd_boundary,input_anchor,A,64,12,0,128,0,2,8184,-2,-1,-1,0,1,12,2249,1,6749,6749,7168,-12,
259,rnd_boundary,input_anchor,A,64,12,0,128,0,3,7168,-12,-11,1,0,11,12,2,1,6751,6751,8184,-15,
259,rnd_boundary,exact_residual,A,64,12,0,128,0,1,6145,0,1,1,1,0,12,4499,0,4499,4499,8188,-2,
259,rnd_boundary,exact_residual,A,64,12,0,128,0,2,8188,-2,-1,-1,1,2,12,1124,1,3375,3375,4096,-12,
259,rnd_boundary,exact_residual,A,64,12,0,128,0,3,4096,-12,-12,1,1,13,12,0,1,3375,3375,0,-12,
259,rnd_boundary,guard1_pack12,A,64,12,0,128,0,1,6145,0,1,1,1,0,13,8998,0,8998,4499,8184,-2,
259,rnd_boundary,guard1_pack12,A,64,12,0,128,0,2,8184,-2,-1,-1,1,2,13,2249,1,6749,3374,7168,-12,
259,rnd_boundary,guard1_pack12,A,64,12,0,128,0,3,7168,-12,-11,1,1,12,13,2,1,6751,3375,8184,-15,
259,rnd_boundary,guard12_pack12,A,64,12,0,128,0,1,6145,0,1,1,1,0,24,18427904,0,18427904,4499,8184,-2,
259,rnd_boundary,guard12_pack12,A,64,12,0,128,0,2,8184,-2,-1,-1,1,2,24,4606976,0,13820928,3374,7168,-12,
259,rnd_boundary,guard12_pack12,A,64,12,0,128,0,3,7168,-12,-11,1,1,12,24,4499,0,13825427,3375,8184,-15,
259,rnd_boundary,source_uncut,A,64,12,0,128,0,1,6145,0,1,1,1,0,24,18427904,0,18427904,4499,8184,-2,
259,rnd_boundary,source_uncut,A,64,12,0,128,0,2,8184,-2,-1,-1,1,2,24,4606976,0,13820928,3374,7168,-12,
259,rnd_boundary,source_uncut,A,64,12,0,128,0,3,7168,-12,-11,1,1,12,24,4499,0,13825427,3375,8184,-15,
259,rnd_boundary,post_sum_pack12,A,64,12,0,128,0,1,6145,0,1,1,1,0,12,4499,0,4499,4499,8184,-2,0x1193000000000000000000000000
259,rnd_boundary,post_sum_pack12,A,64,12,0,128,0,2,8184,-2,-1,-1,1,2,12,1124,1,3374,3374,7168,-12,0xd2e400000000000000000000000
259,rnd_boundary,post_sum_pack12,A,64,12,0,128,0,3,7168,-12,-11,1,1,12,12,1,1,3375,3375,8184,-15,0xd2f593000000000000000000000
259,rnd_boundary,signed_floor,A,64,12,0,128,0,1,6145,0,1,1,1,0,12,4499,0,4499,4499,8184,-2,
259,rnd_boundary,signed_floor,A,64,12,0,128,0,2,8184,-2,-1,-1,1,2,12,1124,1,3374,3374,7168,-12,
259,rnd_boundary,signed_floor,A,64,12,0,128,0,3,7168,-12,-11,1,1,12,12,1,1,3375,3375,8184,-15,
260,rnd_boundary,fig3,A,64,12,0,128,0,1,6145,0,1,1,1,0,12,4499,0,4499,4499,8184,-2,
260,rnd_boundary,fig3,A,64,12,0,128,0,2,8184,-2,-1,-1,1,2,12,1124,1,3375,3375,7168,-12,
260,rnd_boundary,fig3,A,64,12,0,128,0,3,7168,-12,-11,1,1,12,12,1,1,3376,3376,8184,-15,
260,rnd_boundary,fig3,A,64,12,0,128,0,4,8184,-15,-14,-1,1,15,12,0,1,3376,3376,7168,-25,
260,rnd_boundary,tie_b,A,64,12,0,128,0,1,6145,0,1,1,1,0,12,4499,0,4499,4499,8184,-2,
260,rnd_boundary,tie_b,A,64,12,0,128,0,2,8184,-2,-1,-1,1,2,12,1124,1,3375,3375,7168,-12,
260,rnd_boundary,tie_b,A,64,12,0,128,0,3,7168,-12,-11,1,1,12,12,1,1,3376,3376,8184,-15,
260,rnd_boundary,tie_b,A,64,12,0,128,0,4,8184,-15,-14,-1,1,15,12,0,1,3376,3376,7168,-25,
260,rnd_boundary,legacy7,A,64,12,0,128,0,1,6145,0,1,1,1,0,12,4499,0,4499,4499,8184,-2,
260,rnd_boundary,legacy7,A,64,12,0,128,0,2,8184,-2,-1,-1,1,2,12,1124,1,3375,3375,7168,-12,
260,rnd_boundary,legacy7,A,64,12,0,128,0,3,7168,-12,-11,1,1,12,12,1,1,3376,3376,8184,-15,
260,rnd_boundary,legacy7,A,64,12,0,128,0,4,8184,-15,-14,-1,1,15,12,0,1,3376,3376,7168,-25,
260,rnd_boundary,input_anchor,A,64,12,0,128,0,1,6145,0,1,1,0,-1,12,8998,0,8998,8998,8184,-2,
260,rnd_boundary,input_anchor,A,64,12,0,128,0,2,8184,-2,-1,-1,0,1,12,2249,1,6749,6749,7168,-12,
260,rnd_boundary,input_anchor,A,64,12,0,128,0,3,7168,-12,-11,1,0,11,12,2,1,6751,6751,8184,-15,
260,rnd_boundary,input_anchor,A,64,12,0,128,0,4,8184,-15,-14,-1,0,14,12,0,1,6751,6751,7168,-25,
260,rnd_boundary,exact_residual,A,64,12,0,128,0,1,6145,0,1,1,1,0,12,4499,0,4499,4499,8188,-2,
260,rnd_boundary,exact_residual,A,64,12,0,128,0,2,8188,-2,-1,-1,1,2,12,1124,1,3375,3375,4096,-12,
260,rnd_boundary,exact_residual,A,64,12,0,128,0,3,4096,-12,-12,1,1,13,12,0,1,3375,3375,0,-12,
260,rnd_boundary,guard1_pack12,A,64,12,0,128,0,1,6145,0,1,1,1,0,13,8998,0,8998,4499,8184,-2,
260,rnd_boundary,guard1_pack12,A,64,12,0,128,0,2,8184,-2,-1,-1,1,2,13,2249,1,6749,3374,7168,-12,
260,rnd_boundary,guard1_pack12,A,64,12,0,128,0,3,7168,-12,-11,1,1,12,13,2,1,6751,3375,8184,-15,
260,rnd_boundary,guard1_pack12,A,64,12,0,128,0,4,8184,-15,-14,-1,1,15,13,0,1,6751,3375,7168,-25,
260,rnd_boundary,guard12_pack12,A,64,12,0,128,0,1,6145,0,1,1,1,0,24,18427904,0,18427904,4499,8184,-2,
260,rnd_boundary,guard12_pack12,A,64,12,0,128,0,2,8184,-2,-1,-1,1,2,24,4606976,0,13820928,3374,7168,-12,
260,rnd_boundary,guard12_pack12,A,64,12,0,128,0,3,7168,-12,-11,1,1,12,24,4499,0,13825427,3375,8184,-15,
260,rnd_boundary,guard12_pack12,A,64,12,0,128,0,4,8184,-15,-14,-1,1,15,24,562,1,13824865,3375,7168,-25,
260,rnd_boundary,source_uncut,A,64,12,0,128,0,1,6145,0,1,1,1,0,24,18427904,0,18427904,4499,8184,-2,
260,rnd_boundary,source_uncut,A,64,12,0,128,0,2,8184,-2,-1,-1,1,2,24,4606976,0,13820928,3374,7168,-12,
260,rnd_boundary,source_uncut,A,64,12,0,128,0,3,7168,-12,-11,1,1,12,24,4499,0,13825427,3375,8184,-15,
260,rnd_boundary,source_uncut,A,64,12,0,128,0,4,8184,-15,-14,-1,1,15,24,562,1,13824865,3375,7168,-25,
260,rnd_boundary,post_sum_pack12,A,64,12,0,128,0,1,6145,0,1,1,1,0,12,4499,0,4499,4499,8184,-2,0x1193000000000000000000000000
260,rnd_boundary,post_sum_pack12,A,64,12,0,128,0,2,8184,-2,-1,-1,1,2,12,1124,1,3374,3374,7168,-12,0xd2e400000000000000000000000
260,rnd_boundary,post_sum_pack12,A,64,12,0,128,0,3,7168,-12,-11,1,1,12,12,1,1,3375,3375,8184,-15,0xd2f593000000000000000000000
260,rnd_boundary,post_sum_pack12,A,64,12,0,128,0,4,8184,-15,-14,-1,1,15,12,0,1,3375,3375,7168,-25,0xd2f360a00000000000000000000
260,rnd_boundary,signed_floor,A,64,12,0,128,0,1,6145,0,1,1,1,0,12,4499,0,4499,4499,8184,-2,
260,rnd_boundary,signed_floor,A,64,12,0,128,0,2,8184,-2,-1,-1,1,2,12,1124,1,3374,3374,7168,-12,
260,rnd_boundary,signed_floor,A,64,12,0,128,0,3,7168,-12,-11,1,1,12,12,1,1,3375,3375,8184,-15,
260,rnd_boundary,signed_floor,A,64,12,0,128,0,4,8184,-15,-14,-1,1,15,12,0,1,3374,3374,7168,-25,
261,prefix126_127,fig3,A,126,0,0,0,1,1,8128,0,1,1,1,0,12,4127,0,4127,4127,8064,-7,
261,prefix126_127,fig3,A,126,0,0,0,1,2,8064,-7,-6,-1,1,7,12,32,1,4095,4095,8128,-13,
261,prefix126_127,tie_b,B,126,0,0,0,1,1,4127,0,0,1,0,0,12,8128,0,8128,8128,7936,-8,
261,prefix126_127,tie_b,B,126,0,0,0,1,2,7936,-8,-7,1,0,7,12,63,1,8191,8191,8160,-13,
261,prefix126_127,legacy7,B,126,0,32,0,0,1,4127,0,0,1,0,0,12,8128,0,8128,8128,7936,-8,
261,prefix126_127,legacy7,B,126,0,32,0,0,2,7936,-8,-7,1,0,7,12,63,1,8191,8191,8160,-13,
261,prefix126_127,input_anchor,A,126,0,0,0,1,1,8128,0,1,1,0,-1,12,8254,0,8254,8254,8064,-7,
261,prefix126_127,input_anchor,A,126,0,0,0,1,2,8064,-7,-6,-1,0,6,12,64,1,8190,8190,8128,-13,
261,prefix126_127,exact_residual,A,126,0,0,0,1,1,8128,0,1,1,1,0,12,4127,0,4127,4127,4096,-6,
261,prefix126_127,exact_residual,A,126,0,0,0,1,2,4096,-6,-6,-1,1,7,12,32,1,4095,4095,0,-6,
261,prefix126_127,guard1_pack12,A,126,0,0,0,1,1,8128,0,1,1,1,0,13,8254,0,8254,4127,8064,-7,
261,prefix126_127,guard1_pack12,A,126,0,0,0,1,2,8064,-7,-6,-1,1,7,13,64,1,8190,4095,8128,-13,
261,prefix126_127,guard12_pack12,A,126,0,0,0,1,1,8128,0,1,1,1,0,24,16904192,0,16904192,4127,8064,-7,
261,prefix126_127,guard12_pack12,A,126,0,0,0,1,2,8064,-7,-6,-1,1,7,24,132064,0,16772128,4094,8128,-13,
261,prefix126_127,source_uncut,A,126,0,0,0,1,1,8128,0,1,1,1,0,24,16904192,0,16904192,4127,8064,-7,
261,prefix126_127,source_uncut,A,126,0,0,0,1,2,8064,-7,-6,-1,1,7,24,132064,0,16772128,4094,8128,-13,
261,prefix126_127,post_sum_pack12,A,126,0,0,0,1,1,8128,0,1,1,1,0,12,4127,0,4127,4127,8064,-7,0x101f000000000000000000000000
261,prefix126_127,post_sum_pack12,A,126,0,0,0,1,2,8064,-7,-6,-1,1,7,12,32,1,4094,4094,8128,-13,0xffec20000000000000000000000
261,prefix126_127,signed_floor,A,126,0,0,0,1,1,8128,0,1,1,1,0,12,4127,0,4127,4127,8064,-7,
261,prefix126_127,signed_floor,A,126,0,0,0,1,2,8064,-7,-6,-1,1,7,12,32,1,4094,4094,8128,-13,
262,prefix126_127,fig3,A,126,1,0,0,1,1,8128,0,1,1,1,0,12,4158,0,4158,4158,8064,-7,
262,prefix126_127,fig3,A,126,1,0,0,1,2,8064,-7,-6,-1,1,7,12,32,1,4126,4126,8128,-13,
262,prefix126_127,tie_b,B,126,1,0,0,1,1,4158,0,0,1,0,0,12,8128,0,8128,8128,7936,-7,
262,prefix126_127,tie_b,B,126,1,0,0,1,2,7936,-7,-6,1,0,6,12,127,0,8255,8255,8160,-12,
262,prefix126_127,legacy7,B,126,1,32,0,0,1,4158,0,0,1,0,0,12,8128,0,8128,8128,7936,-7,
262,prefix126_127,legacy7,B,126,1,32,0,0,2,7936,-7,-6,1,0,6,12,127,0,8255,8255,8160,-12,
262,prefix126_127,input_anchor,A,126,1,0,0,1,1,8128,0,1,1,0,-1,12,8316,0,8316,8316,8064,-7,
262,prefix126_127,input_anchor,A,126,1,0,0,1,2,8064,-7,-6,-1,0,6,12,64,1,8252,8252,8128,-13,
262,prefix126_127,exact_residual,A,126,1,0,0,1,1,8128,0,1,1,1,0,12,4158,0,4158,4158,4096,-6,
262,prefix126_127,exact_residual,A,126,1,0,0,1,2,4096,-6,-6,-1,1,7,12,32,1,4126,4126,0,-6,
262,prefix126_127,guard1_pack12,A,126,1,0,0,1,1,8128,0,1,1,1,0,13,8316,0,8316,4158,8064,-7,
262,prefix126_127,guard1_pack12,A,126,1,0,0,1,2,8064,-7,-6,-1,1,7,13,64,1,8252,4126,8128,-13,
262,prefix126_127,guard12_pack12,A,126,1,0,0,1,1,8128,0,1,1,1,0,24,17031168,0,17031168,4158,8064,-7,
262,prefix126_127,guard12_pack12,A,126,1,0,0,1,2,8064,-7,-6,-1,1,7,24,133056,0,16898112,4125,8128,-13,
262,prefix126_127,source_uncut,A,126,1,0,0,1,1,8128,0,1,1,1,0,24,17031168,0,17031168,4158,8064,-7,
262,prefix126_127,source_uncut,A,126,1,0,0,1,2,8064,-7,-6,-1,1,7,24,133056,0,16898112,4125,8128,-13,
262,prefix126_127,post_sum_pack12,A,126,1,0,0,1,1,8128,0,1,1,1,0,12,4158,0,4158,4158,8064,-7,0x103e000000000000000000000000
262,prefix126_127,post_sum_pack12,A,126,1,0,0,1,2,8064,-7,-6,-1,1,7,12,32,1,4125,4125,8128,-13,0x101d840000000000000000000000
262,prefix126_127,signed_floor,A,126,1,0,0,1,1,8128,0,1,1,1,0,12,4158,0,4158,4158,8064,-7,
262,prefix126_127,signed_floor,A,126,1,0,0,1,2,8064,-7,-6,-1,1,7,12,32,1,4125,4125,8128,-13,
263,prefix126_127,fig3,A,126,2,0,0,1,1,8128,0,1,1,1,0,12,4189,0,4189,4189,8064,-7,
263,prefix126_127,fig3,A,126,2,0,0,1,2,8064,-7,-6,-1,1,7,12,32,1,4157,4157,8128,-13,
263,prefix126_127,tie_b,B,126,2,0,0,1,1,4189,0,0,1,0,0,12,8128,0,8128,8128,5952,-6,
263,prefix126_127,tie_b,B,126,2,0,0,1,2,5952,-6,-6,1,0,6,12,127,0,8255,8255,7424,-8,
263,prefix126_127,legacy7,B,126,2,32,0,0,1,4189,0,0,1,0,0,12,8128,0,8128,8128,5952,-6,
263,prefix126_127,legacy7,B,126,2,32,0,0,2,5952,-6,-6,1,0,6,12,127,0,8255,8255,7424,-8,
263,prefix126_127,input_anchor,A,126,2,0,0,1,1,8128,0,1,1,0,-1,12,8378,0,8378,8378,8064,-7,
263,prefix126_127,input_anchor,A,126,2,0,0,1,2,8064,-7,-6,-1,0,6,12,65,1,8313,8313,8128,-13,
263,prefix126_127,exact_residual,A,126,2,0,0,1,1,8128,0,1,1,1,0,12,4189,0,4189,4189,4096,-6,
263,prefix126_127,exact_residual,A,126,2,0,0,1,2,4096,-6,-6,-1,1,7,12,32,1,4157,4157,0,-6,
263,prefix126_127,guard1_pack12,A,126,2,0,0,1,1,8128,0,1,1,1,0,13,8378,0,8378,4189,8064,-7,
263,prefix126_127,guard1_pack12,A,126,2,0,0,1,2,8064,-7,-6,-1,1,7,13,65,1,8313,4156,8128,-13,
263,prefix126_127,guard12_pack12,A,126,2,0,0,1,1,8128,0,1,1,1,0,24,17158144,0,17158144,4189,8064,-7,
263,prefix126_127,guard12_pack12,A,126,2,0,0,1,2,8064,-7,-6,-1,1,7,24,134048,0,17024096,4156,8128,-13,
263,prefix126_127,source_uncut,A,126,2,0,0,1,1,8128,0,1,1,1,0,24,17158144,0,17158144,4189,8064,-7,
263,prefix126_127,source_uncut,A,126,2,0,0,1,2,8064,-7,-6,-1,1,7,24,134048,0,17024096,4156,8128,-13,
263,prefix126_127,post_sum_pack12,A,126,2,0,0,1,1,8128,0,1,1,1,0,12,4189,0,4189,4189,8064,-7,0x105d000000000000000000000000
263,prefix126_127,post_sum_pack12,A,126,2,0,0,1,2,8064,-7,-6,-1,1,7,12,32,1,4156,4156,8128,-13,0x103c460000000000000000000000
263,prefix126_127,signed_floor,A,126,2,0,0,1,1,8128,0,1,1,1,0,12,4189,0,4189,4189,8064,-7,
263,prefix126_127,signed_floor,A,126,2,0,0,1,2,8064,-7,-6,-1,1,7,12,32,1,4156,4156,8128,-13,
264,prefix126_127,fig3,A,126,2,0,0,1,1,8128,0,1,1,1,0,12,4189,0,4189,4189,8064,-7,
264,prefix126_127,fig3,A,126,2,0,0,1,2,8064,-7,-6,-1,1,7,12,32,1,4157,4157,8128,-13,
264,prefix126_127,fig3,A,126,2,0,0,1,3,8128,-13,-12,1,1,13,12,0,1,4157,4157,8064,-20,
264,prefix126_127,tie_b,B,126,2,0,0,1,1,4189,0,0,1,0,0,12,8128,0,8128,8128,5952,-6,
264,prefix126_127,tie_b,B,126,2,0,0,1,2,5952,-6,-6,1,0,6,12,127,0,8255,8255,7424,-8,
264,prefix126_127,tie_b,B,126,2,0,0,1,3,7424,-8,-7,1,0,7,12,63,1,8318,8318,6136,-11,
264,prefix126_127,legacy7,B,126,2,32,0,0,1,4189,0,0,1,0,0,12,8128,0,8128,8128,5952,-6,
264,prefix126_127,legacy7,B,126,2,32,0,0,2,5952,-6,-6,1,0,6,12,127,0,8255,8255,7424,-8,
264,prefix126_127,legacy7,B,126,2,32,0,0,3,7424,-8,-7,1,0,7,12,63,1,8318,8318,6136,-11,
264,prefix126_127,input_anchor,A,126,2,0,0,1,1,8128,0,1,1,0,-1,12,8378,0,8378,8378,8064,-7,
264,prefix126_127,input_anchor,A,126,2,0,0,1,2,8064,-7,-6,-1,0,6,12,65,1,8313,8313,8128,-13,
264,prefix126_127,input_anchor,A,126,2,0,0,1,3,8128,-13,-12,1,0,12,12,1,1,8314,8314,8064,-20,
264,prefix126_127,exact_residual,A,126,2,0,0,1,1,8128,0,1,1,1,0,12,4189,0,4189,4189,4096,-6,
264,prefix126_127,exact_residual,A,126,2,0,0,1,2,4096,-6,-6,-1,1,7,12,32,1,4157,4157,0,-6,
264,prefix126_127,guard1_pack12,A,126,2,0,0,1,1,8128,0,1,1,1,0,13,8378,0,8378,4189,8064,-7,
264,prefix126_127,guard1_pack12,A,126,2,0,0,1,2,8064,-7,-6,-1,1,7,13,65,1,8313,4156,8128,-13,
264,prefix126_127,guard1_pack12,A,126,2,0,0,1,3,8128,-13,-12,1,1,13,13,1,1,8314,4157,8064,-20,
264,prefix126_127,guard12_pack12,A,126,2,0,0,1,1,8128,0,1,1,1,0,24,17158144,0,17158144,4189,8064,-7,
264,prefix126_127,guard12_pack12,A,126,2,0,0,1,2,8064,-7,-6,-1,1,7,24,134048,0,17024096,4156,8128,-13,
264,prefix126_127,guard12_pack12,A,126,2,0,0,1,3,8128,-13,-12,1,1,13,24,2094,1,17026190,4156,8064,-20,
264,prefix126_127,source_uncut,A,126,2,0,0,1,1,8128,0,1,1,1,0,24,17158144,0,17158144,4189,8064,-7,
264,prefix126_127,source_uncut,A,126,2,0,0,1,2,8064,-7,-6,-1,1,7,24,134048,0,17024096,4156,8128,-13,
264,prefix126_127,source_uncut,A,126,2,0,0,1,3,8128,-13,-12,1,1,13,24,2094,1,17026190,4156,8064,-20,
264,prefix126_127,post_sum_pack12,A,126,2,0,0,1,1,8128,0,1,1,1,0,12,4189,0,4189,4189,8064,-7,0x105d000000000000000000000000
264,prefix126_127,post_sum_pack12,A,126,2,0,0,1,2,8064,-7,-6,-1,1,7,12,32,1,4156,4156,8128,-13,0x103c460000000000000000000000
264,prefix126_127,post_sum_pack12,A,126,2,0,0,1,3,8128,-13,-12,1,1,13,12,0,1,4156,4156,8064,-20,0x103cc8e800000000000000000000
264,prefix126_127,signed_floor,A,126,2,0,0,1,1,8128,0,1,1,1,0,12,4189,0,4189,4189,8064,-7,
264,prefix126_127,signed_floor,A,126,2,0,0,1,2,8064,-7,-6,-1,1,7,12,32,1,4156,4156,8128,-13,
264,prefix126_127,signed_floor,A,126,2,0,0,1,3,8128,-13,-12,1,1,13,12,0,1,4156,4156,8064,-20,
265,prefix126_127,fig3,A,126,4,0,0,1,1,8128,0,1,1,1,0,12,4251,0,4251,4251,8064,-7,
265,prefix126_127,fig3,A,126,4,0,0,1,2,8064,-7,-6,-1,1,7,12,33,1,4218,4218,8128,-13,
265,prefix126_127,tie_b,B,126,4,0,0,1,1,4251,0,0,1,0,0,12,8128,0,8128,8128,4960,-5,
265,prefix126_127,tie_b,B,126,4,0,0,1,2,4960,-5,-5,1,0,5,12,254,0,8382,8382,6912,-8,
265,prefix126_127,legacy7,B,126,4,32,0,0,1,4251,0,0,1,0,0,12,8128,0,8128,8128,4960,-5,
265,prefix126_127,legacy7,B,126,4,32,0,0,2,4960,-5,-5,1,0,5,12,254,0,8382,8382,6912,-8,
265,prefix126_127,input_anchor,A,126,4,0,0,1,1,8128,0,1,1,0,-1,12,8502,0,8502,8502,8064,-7,
265,prefix126_127,input_anchor,A,126,4,0,0,1,2,8064,-7,-6,-1,0,6,12,66,1,8436,8436,8128,-13,
265,prefix126_127,exact_residual,A,126,4,0,0,1,1,8128,0,1,1,1,0,12,4251,0,4251,4251,4096,-6,
265,prefix126_127,exact_residual,A,126,4,0,0,1,2,4096,-6,-6,-1,1,7,12,33,1,4218,4218,0,-6,
265,prefix126_127,guard1_pack12,A,126,4,0,0,1,1,8128,0,1,1,1,0,13,8502,0,8502,4251,8064,-7,
265,prefix126_127,guard1_pack12,A,126,4,0,0,1,2,8064,-7,-6,-1,1,7,13,66,1,8436,4218,8128,-13,
265,prefix126_127,guard12_pack12,A,126,4,0,0,1,1,8128,0,1,1,1,0,24,17412096,0,17412096,4251,8064,-7,
265,prefix126_127,guard12_pack12,A,126,4,0,0,1,2,8064,-7,-6,-1,1,7,24,136032,0,17276064,4217,8128,-13,
265,prefix126_127,source_uncut,A,126,4,0,0,1,1,8128,0,1,1,1,0,24,17412096,0,17412096,4251,8064,-7,
265,prefix126_127,source_uncut,A,126,4,0,0,1,2,8064,-7,-6,-1,1,7,24,136032,0,17276064,4217,8128,-13,
265,prefix126_127,post_sum_pack12,A,126,4,0,0,1,1,8128,0,1,1,1,0,12,4251,0,4251,4251,8064,-7,0x109b000000000000000000000000
265,prefix126_127,post_sum_pack12,A,126,4,0,0,1,2,8064,-7,-6,-1,1,7,12,33,1,4217,4217,8128,-13,0x1079ca0000000000000000000000
265,prefix126_127,signed_floor,A,126,4,0,0,1,1,8128,0,1,1,1,0,12,4251,0,4251,4251,8064,-7,
265,prefix126_127,signed_floor,A,126,4,0,0,1,2,8064,-7,-6,-1,1,7,12,33,1,4217,4217,8128,-13,
266,prefix126_127,fig3,A,126,4,0,0,1,1,8128,0,1,1,1,0,12,4251,0,4251,4251,8064,-7,
266,prefix126_127,fig3,A,126,4,0,0,1,2,8064,-7,-6,-1,1,7,12,33,1,4218,4218,8128,-13,
266,prefix126_127,fig3,A,126,4,0,0,1,3,8128,-13,-12,1,1,13,12,0,1,4218,4218,8064,-20,
266,prefix126_127,tie_b,B,126,4,0,0,1,1,4251,0,0,1,0,0,12,8128,0,8128,8128,4960,-5,
266,prefix126_127,tie_b,B,126,4,0,0,1,2,4960,-5,-5,1,0,5,12,254,0,8382,8382,6912,-8,
266,prefix126_127,tie_b,B,126,4,0,0,1,3,6912,-8,-7,1,0,7,12,63,1,8445,8445,5116,-10,
266,prefix126_127,legacy7,B,126,4,32,0,0,1,4251,0,0,1,0,0,12,8128,0,8128,8128,4960,-5,
266,prefix126_127,legacy7,B,126,4,32,0,0,2,4960,-5,-5,1,0,5,12,254,0,8382,8382,6912,-8,
266,prefix126_127,legacy7,B,126,4,32,0,0,3,6912,-8,-7,1,0,7,12,63,1,8445,8445,5116,-10,
266,prefix126_127,input_anchor,A,126,4,0,0,1,1,8128,0,1,1,0,-1,12,8502,0,8502,8502,8064,-7,
266,prefix126_127,input_anchor,A,126,4,0,0,1,2,8064,-7,-6,-1,0,6,12,66,1,8436,8436,8128,-13,
266,prefix126_127,input_anchor,A,126,4,0,0,1,3,8128,-13,-12,1,0,12,12,1,1,8437,8437,8064,-20,
266,prefix126_127,exact_residual,A,126,4,0,0,1,1,8128,0,1,1,1,0,12,4251,0,4251,4251,4096,-6,
266,prefix126_127,exact_residual,A,126,4,0,0,1,2,4096,-6,-6,-1,1,7,12,33,1,4218,4218,0,-6,
266,prefix126_127,guard1_pack12,A,126,4,0,0,1,1,8128,0,1,1,1,0,13,8502,0,8502,4251,8064,-7,
266,prefix126_127,guard1_pack12,A,126,4,0,0,1,2,8064,-7,-6,-1,1,7,13,66,1,8436,4218,8128,-13,
266,prefix126_127,guard1_pack12,A,126,4,0,0,1,3,8128,-13,-12,1,1,13,13,1,1,8437,4218,8064,-20,
266,prefix126_127,guard12_pack12,A,126,4,0,0,1,1,8128,0,1,1,1,0,24,17412096,0,17412096,4251,8064,-7,
266,prefix126_127,guard12_pack12,A,126,4,0,0,1,2,8064,-7,-6,-1,1,7,24,136032,0,17276064,4217,8128,-13,
266,prefix126_127,guard12_pack12,A,126,4,0,0,1,3,8128,-13,-12,1,1,13,24,2125,1,17278189,4218,8064,-20,
266,prefix126_127,source_uncut,A,126,4,0,0,1,1,8128,0,1,1,1,0,24,17412096,0,17412096,4251,8064,-7,
266,prefix126_127,source_uncut,A,126,4,0,0,1,2,8064,-7,-6,-1,1,7,24,136032,0,17276064,4217,8128,-13,
266,prefix126_127,source_uncut,A,126,4,0,0,1,3,8128,-13,-12,1,1,13,24,2125,1,17278189,4218,8064,-20,
266,prefix126_127,post_sum_pack12,A,126,4,0,0,1,1,8128,0,1,1,1,0,12,4251,0,4251,4251,8064,-7,0x109b000000000000000000000000
266,prefix126_127,post_sum_pack12,A,126,4,0,0,1,2,8064,-7,-6,-1,1,7,12,33,1,4217,4217,8128,-13,0x1079ca0000000000000000000000
266,prefix126_127,post_sum_pack12,A,126,4,0,0,1,3,8128,-13,-12,1,1,13,12,0,1,4218,4218,8064,-20,0x107a4ed800000000000000000000
266,prefix126_127,signed_floor,A,126,4,0,0,1,1,8128,0,1,1,1,0,12,4251,0,4251,4251,8064,-7,
266,prefix126_127,signed_floor,A,126,4,0,0,1,2,8064,-7,-6,-1,1,7,12,33,1,4217,4217,8128,-13,
266,prefix126_127,signed_floor,A,126,4,0,0,1,3,8128,-13,-12,1,1,13,12,0,1,4217,4217,8064,-20,
267,prefix126_127,fig3,A,126,4,0,0,1,1,8128,0,1,1,1,0,12,4251,0,4251,4251,8064,-7,
267,prefix126_127,fig3,A,126,4,0,0,1,2,8064,-7,-6,-1,1,7,12,33,1,4218,4218,8128,-13,
267,prefix126_127,fig3,A,126,4,0,0,1,3,8128,-13,-12,1,1,13,12,0,1,4218,4218,8064,-20,
267,prefix126_127,fig3,A,126,4,0,0,1,4,8064,-20,-19,-1,1,20,12,0,1,4218,4218,8128,-26,
267,prefix126_127,tie_b,B,126,4,0,0,1,1,4251,0,0,1,0,0,12,8128,0,8128,8128,4960,-5,
267,prefix126_127,tie_b,B,126,4,0,0,1,2,4960,-5,-5,1,0,5,12,254,0,8382,8382,6912,-8,
267,prefix126_127,tie_b,B,126,4,0,0,1,3,6912,-8,-7,1,0,7,12,63,1,8445,8445,5116,-10,
267,prefix126_127,tie_b,B,126,4,0,0,1,4,5116,-10,-10,-1,0,10,12,7,1,8438,8438,8160,-13,
267,prefix126_127,legacy7,B,126,4,32,0,0,1,4251,0,0,1,0,0,12,8128,0,8128,8128,4960,-5,
267,prefix126_127,legacy7,B,126,4,32,0,0,2,4960,-5,-5,1,0,5,12,254,0,8382,8382,6912,-8,
267,prefix126_127,legacy7,B,126,4,32,0,0,3,6912,-8,-7,1,0,7,12,63,1,8445,8445,5116,-10,
267,prefix126_127,legacy7,B,126,4,32,0,0,4,5116,-10,-10,-1,0,10,12,7,1,8438,8438,8160,-13,
267,prefix126_127,input_anchor,A,126,4,0,0,1,1,8128,0,1,1,0,-1,12,8502,0,8502,8502,8064,-7,
267,prefix126_127,input_anchor,A,126,4,0,0,1,2,8064,-7,-6,-1,0,6,12,66,1,8436,8436,8128,-13,
267,prefix126_127,input_anchor,A,126,4,0,0,1,3,8128,-13,-12,1,0,12,12,1,1,8437,8437,8064,-20,
267,prefix126_127,input_anchor,A,126,4,0,0,1,4,8064,-20,-19,-1,0,19,12,0,1,8437,8437,8128,-26,
267,prefix126_127,exact_residual,A,126,4,0,0,1,1,8128,0,1,1,1,0,12,4251,0,4251,4251,4096,-6,
267,prefix126_127,exact_residual,A,126,4,0,0,1,2,4096,-6,-6,-1,1,7,12,33,1,4218,4218,0,-6,
267,prefix126_127,guard1_pack12,A,126,4,0,0,1,1,8128,0,1,1,1,0,13,8502,0,8502,4251,8064,-7,
267,prefix126_127,guard1_pack12,A,126,4,0,0,1,2,8064,-7,-6,-1,1,7,13,66,1,8436,4218,8128,-13,
267,prefix126_127,guard1_pack12,A,126,4,0,0,1,3,8128,-13,-12,1,1,13,13,1,1,8437,4218,8064,-20,
267,prefix126_127,guard1_pack12,A,126,4,0,0,1,4,8064,-20,-19,-1,1,20,13,0,1,8437,4218,8128,-26,
267,prefix126_127,guard12_pack12,A,126,4,0,0,1,1,8128,0,1,1,1,0,24,17412096,0,17412096,4251,8064,-7,
267,prefix126_127,guard12_pack12,A,126,4,0,0,1,2,8064,-7,-6,-1,1,7,24,136032,0,17276064,4217,8128,-13,
267,prefix126_127,guard12_pack12,A,126,4,0,0,1,3,8128,-13,-12,1,1,13,24,2125,1,17278189,4218,8064,-20,
267,prefix126_127,guard12_pack12,A,126,4,0,0,1,4,8064,-20,-19,-1,1,20,24,16,1,17278173,4218,8128,-26,
267,prefix126_127,source_uncut,A,126,4,0,0,1,1,8128,0,1,1,1,0,24,17412096,0,17412096,4251,8064,-7,
267,prefix126_127,source_uncut,A,126,4,0,0,1,2,8064,-7,-6,-1,1,7,24,136032,0,17276064,4217,8128,-13,
267,prefix126_127,source_uncut,A,126,4,0,0,1,3,8128,-13,-12,1,1,13,24,2125,1,17278189,4218,8064,-20,
267,prefix126_127,source_uncut,A,126,4,0,0,1,4,8064,-20,-19,-1,1,20,24,16,1,17278173,4218,8128,-26,
267,prefix126_127,post_sum_pack12,A,126,4,0,0,1,1,8128,0,1,1,1,0,12,4251,0,4251,4251,8064,-7,0x109b000000000000000000000000
267,prefix126_127,post_sum_pack12,A,126,4,0,0,1,2,8064,-7,-6,-1,1,7,12,33,1,4217,4217,8128,-13,0x1079ca0000000000000000000000
267,prefix126_127,post_sum_pack12,A,126,4,0,0,1,3,8128,-13,-12,1,1,13,12,0,1,4218,4218,8064,-20,0x107a4ed800000000000000000000
267,prefix126_127,post_sum_pack12,A,126,4,0,0,1,4,8064,-20,-19,-1,1,20,12,0,1,4218,4218,8128,-26,0x107a4dce50000000000000000000
267,prefix126_127,signed_floor,A,126,4,0,0,1,1,8128,0,1,1,1,0,12,4251,0,4251,4251,8064,-7,
267,prefix126_127,signed_floor,A,126,4,0,0,1,2,8064,-7,-6,-1,1,7,12,33,1,4217,4217,8128,-13,
267,prefix126_127,signed_floor,A,126,4,0,0,1,3,8128,-13,-12,1,1,13,12,0,1,4217,4217,8064,-20,
267,prefix126_127,signed_floor,A,126,4,0,0,1,4,8064,-20,-19,-1,1,20,12,0,1,4216,4216,8128,-26,
268,prefix126_127,fig3,A,126,8,0,0,1,1,8128,0,1,1,1,0,12,4375,0,4375,4375,8064,-7,
268,prefix126_127,fig3,A,126,8,0,0,1,2,8064,-7,-6,-1,1,7,12,34,1,4341,4341,8128,-13,
268,prefix126_127,tie_b,B,126,8,0,0,1,1,4375,0,0,1,0,0,12,8128,0,8128,8128,4464,-4,
268,prefix126_127,tie_b,B,126,8,0,0,1,2,4464,-4,-4,1,0,4,12,508,0,8636,8636,5888,-8,
268,prefix126_127,legacy7,B,126,8,32,0,0,1,4375,0,0,1,0,0,12,8128,0,8128,8128,4464,-4,
268,prefix126_127,legacy7,B,126,8,32,0,0,2,4464,-4,-4,1,0,4,12,508,0,8636,8636,5888,-8,
268,prefix126_127,input_anchor,A,126,8,0,0,1,1,8128,0,1,1,0,-1,12,8750,0,8750,8750,8064,-7,
268,prefix126_127,input_anchor,A,126,8,0,0,1,2,8064,-7,-6,-1,0,6,12,68,1,8682,8682,8128,-13,
268,prefix126_127,exact_residual,A,126,8,0,0,1,1,8128,0,1,1,1,0,12,4375,0,4375,4375,4096,-6,
268,prefix126_127,exact_residual,A,126,8,0,0,1,2,4096,-6,-6,-1,1,7,12,34,1,4341,4341,0,-6,
268,prefix126_127,guard1_pack12,A,126,8,0,0,1,1,8128,0,1,1,1,0,13,8750,0,8750,4375,8064,-7,
268,prefix126_127,guard1_pack12,A,126,8,0,0,1,2,8064,-7,-6,-1,1,7,13,68,1,8682,4341,8128,-13,
268,prefix126_127,guard12_pack12,A,126,8,0,0,1,1,8128,0,1,1,1,0,24,17920000,0,17920000,4375,8064,-7,
268,prefix126_127,guard12_pack12,A,126,8,0,0,1,2,8064,-7,-6,-1,1,7,24,140000,0,17780000,4340,8128,-13,
268,prefix126_127,source_uncut,A,126,8,0,0,1,1,8128,0,1,1,1,0,24,17920000,0,17920000,4375,8064,-7,
268,prefix126_127,source_uncut,A,126,8,0,0,1,2,8064,-7,-6,-1,1,7,24,140000,0,17780000,4340,8128,-13,
268,prefix126_127,post_sum_pack12,A,126,8,0,0,1,1,8128,0,1,1,1,0,12,4375,0,4375,4375,8064,-7,0x1117000000000000000000000000
268,prefix126_127,post_sum_pack12,A,126,8,0,0,1,2,8064,-7,-6,-1,1,7,12,34,1,4340,4340,8128,-13,0x10f4d20000000000000000000000
268,prefix126_127,signed_floor,A,126,8,0,0,1,1,8128,0,1,1,1,0,12,4375,0,4375,4375,8064,-7,
268,prefix126_127,signed_floor,A,126,8,0,0,1,2,8064,-7,-6,-1,1,7,12,34,1,4340,4340,8128,-13,
269,prefix126_127,fig3,A,126,8,0,0,1,1,8128,0,1,1,1,0,12,4375,0,4375,4375,8064,-7,
269,prefix126_127,fig3,A,126,8,0,0,1,2,8064,-7,-6,-1,1,7,12,34,1,4341,4341,8128,-13,
269,prefix126_127,fig3,A,126,8,0,0,1,3,8128,-13,-12,1,1,13,12,0,1,4341,4341,8064,-20,
269,prefix126_127,tie_b,B,126,8,0,0,1,1,4375,0,0,1,0,0,12,8128,0,8128,8128,4464,-4,
269,prefix126_127,tie_b,B,126,8,0,0,1,2,4464,-4,-4,1,0,4,12,508,0,8636,8636,5888,-8,
269,prefix126_127,tie_b,B,126,8,0,0,1,3,5888,-8,-8,1,0,8,12,31,1,8667,8667,7168,-10,
269,prefix126_127,legacy7,B,126,8,32,0,0,1,4375,0,0,1,0,0,12,8128,0,8128,8128,4464,-4,
269,prefix126_127,legacy7,B,126,8,32,0,0,2,4464,-4,-4,1,0,4,12,508,0,8636,8636,5888,-8,
269,prefix126_127,legacy7,B,126,8,32,0,0,3,5888,-8,-8,1,0,8,12,31,1,8667,8667,7168,-10,
269,prefix126_127,input_anchor,A,126,8,0,0,1,1,8128,0,1,1,0,-1,12,8750,0,8750,8750,8064,-7,
269,prefix126_127,input_anchor,A,126,8,0,0,1,2,8064,-7,-6,-1,0,6,12,68,1,8682,8682,8128,-13,
269,prefix126_127,input_anchor,A,126,8,0,0,1,3,8128,-13,-12,1,0,12,12,1,1,8683,8683,8064,-20,
269,prefix126_127,exact_residual,A,126,8,0,0,1,1,8128,0,1,1,1,0,12,4375,0,4375,4375,4096,-6,
269,prefix126_127,exact_residual,A,126,8,0,0,1,2,4096,-6,-6,-1,1,7,12,34,1,4341,4341,0,-6,
269,prefix126_127,guard1_pack12,A,126,8,0,0,1,1,8128,0,1,1,1,0,13,8750,0,8750,4375,8064,-7,
269,prefix126_127,guard1_pack12,A,126,8,0,0,1,2,8064,-7,-6,-1,1,7,13,68,1,8682,4341,8128,-13,
269,prefix126_127,guard1_pack12,A,126,8,0,0,1,3,8128,-13,-12,1,1,13,13,1,1,8683,4341,8064,-20,
269,prefix126_127,guard12_pack12,A,126,8,0,0,1,1,8128,0,1,1,1,0,24,17920000,0,17920000,4375,8064,-7,
269,prefix126_127,guard12_pack12,A,126,8,0,0,1,2,8064,-7,-6,-1,1,7,24,140000,0,17780000,4340,8128,-13,
269,prefix126_127,guard12_pack12,A,126,8,0,0,1,3,8128,-13,-12,1,1,13,24,2187,1,17782187,4341,8064,-20,
269,prefix126_127,source_uncut,A,126,8,0,0,1,1,8128,0,1,1,1,0,24,17920000,0,17920000,4375,8064,-7,
269,prefix126_127,source_uncut,A,126,8,0,0,1,2,8064,-7,-6,-1,1,7,24,140000,0,17780000,4340,8128,-13,
269,prefix126_127,source_uncut,A,126,8,0,0,1,3,8128,-13,-12,1,1,13,24,2187,1,17782187,4341,8064,-20,
269,prefix126_127,post_sum_pack12,A,126,8,0,0,1,1,8128,0,1,1,1,0,12,4375,0,4375,4375,8064,-7,0x1117000000000000000000000000
269,prefix126_127,post_sum_pack12,A,126,8,0,0,1,2,8064,-7,-6,-1,1,7,12,34,1,4340,4340,8128,-13,0x10f4d20000000000000000000000
269,prefix126_127,post_sum_pack12,A,126,8,0,0,1,3,8128,-13,-12,1,1,13,12,0,1,4341,4341,8064,-20,0x10f55ab800000000000000000000
269,prefix126_127,signed_floor,A,126,8,0,0,1,1,8128,0,1,1,1,0,12,4375,0,4375,4375,8064,-7,
269,prefix126_127,signed_floor,A,126,8,0,0,1,2,8064,-7,-6,-1,1,7,12,34,1,4340,4340,8128,-13,
269,prefix126_127,signed_floor,A,126,8,0,0,1,3,8128,-13,-12,1,1,13,12,0,1,4340,4340,8064,-20,
270,prefix126_127,fig3,A,126,16,0,0,1,1,8128,0,1,1,1,0,12,4623,0,4623,4623,8064,-7,
270,prefix126_127,fig3,A,126,16,0,0,1,2,8064,-7,-6,-1,1,7,12,36,1,4587,4587,8128,-13,
270,prefix126_127,tie_b,B,126,16,0,0,1,1,4623,0,0,1,0,0,12,8128,0,8128,8128,4216,-3,
270,prefix126_127,tie_b,B,126,16,0,0,1,2,4216,-3,-3,1,0,3,12,1016,0,9144,9144,7680,-9,
270,prefix126_127,legacy7,B,126,16,32,0,0,1,4623,0,0,1,0,0,12,8128,0,8128,8128,4216,-3,
270,prefix126_127,legacy7,B,126,16,32,0,0,2,4216,-3,-3,1,0,3,12,1016,0,9144,9144,7680,-9,
270,prefix126_127,input_anchor,A,126,16,0,0,1,1,8128,0,1,1,0,-1,12,9246,0,9246,9246,8064,-7,
270,prefix126_127,input_anchor,A,126,16,0,0,1,2,8064,-7,-6,-1,0,6,12,72,1,9174,9174,8128,-13,
270,prefix126_127,exact_residual,A,126,16,0,0,1,1,8128,0,1,1,1,0,12,4623,0,4623,4623,4096,-6,
270,prefix126_127,exact_residual,A,126,16,0,0,1,2,4096,-6,-6,-1,1,7,12,36,1,4587,4587,0,-6,
270,prefix126_127,guard1_pack12,A,126,16,0,0,1,1,8128,0,1,1,1,0,13,9246,0,9246,4623,8064,-7,
270,prefix126_127,guard1_pack12,A,126,16,0,0,1,2,8064,-7,-6,-1,1,7,13,72,1,9174,4587,8128,-13,
270,prefix126_127,guard12_pack12,A,126,16,0,0,1,1,8128,0,1,1,1,0,24,18935808,0,18935808,4623,8064,-7,
270,prefix126_127,guard12_pack12,A,126,16,0,0,1,2,8064,-7,-6,-1,1,7,24,147936,0,18787872,4586,8128,-13,
270,prefix126_127,source_uncut,A,126,16,0,0,1,1,8128,0,1,1,1,0,24,18935808,0,18935808,4623,8064,-7,
270,prefix126_127,source_uncut,A,126,16,0,0,1,2,8064,-7,-6,-1,1,7,24,147936,0,18787872,4586,8128,-13,
270,prefix126_127,post_sum_pack12,A,126,16,0,0,1,1,8128,0,1,1,1,0,12,4623,0,4623,4623,8064,-7,0x120f000000000000000000000000
270,prefix126_127,post_sum_pack12,A,126,16,0,0,1,2,8064,-7,-6,-1,1,7,12,36,1,4586,4586,8128,-13,0x11eae20000000000000000000000
270,prefix126_127,signed_floor,A,126,16,0,0,1,1,8128,0,1,1,1,0,12,4623,0,4623,4623,8064,-7,
270,prefix126_127,signed_floor,A,126,16,0,0,1,2,8064,-7,-6,-1,1,7,12,36,1,4586,4586,8128,-13,
271,prefix126_127,fig3,A,126,32,0,0,1,1,8128,0,1,1,1,0,12,5150,0,5150,5150,8064,-7,
271,prefix126_127,fig3,A,126,32,0,0,1,2,8064,-7,-6,-1,1,7,12,40,1,5110,5110,8128,-13,
271,prefix126_127,tie_b,B,126,32,0,0,1,1,5150,0,0,1,0,0,12,8128,0,8128,8128,4216,-2,
271,prefix126_127,tie_b,B,126,32,0,0,1,2,4216,-2,-2,1,0,2,12,2032,0,10160,10160,7680,-8,
271,prefix126_127,legacy7,B,126,32,32,0,0,1,5150,0,0,1,0,0,12,8128,0,8128,8128,4216,-2,
271,prefix126_127,legacy7,B,126,32,32,0,0,2,4216,-2,-2,1,0,2,12,2032,0,10160,10160,7680,-8,
271,prefix126_127,input_anchor,A,126,32,0,0,1,1,8128,0,1,1,0,-1,12,10300,0,10300,10300,8064,-7,
271,prefix126_127,input_anchor,A,126,32,0,0,1,2,8064,-7,-6,-1,0,6,12,80,1,10220,10220,8128,-13,
271,prefix126_127,exact_residual,A,126,32,0,0,1,1,8128,0,1,1,1,0,12,5150,0,5150,5150,4096,-6,
271,prefix126_127,exact_residual,A,126,32,0,0,1,2,4096,-6,-6,-1,1,7,12,40,1,5110,5110,0,-6,
271,prefix126_127,guard1_pack12,A,126,32,0,0,1,1,8128,0,1,1,1,0,13,10300,0,10300,5150,8064,-7,
271,prefix126_127,guard1_pack12,A,126,32,0,0,1,2,8064,-7,-6,-1,1,7,13,80,1,10220,5110,8128,-13,
271,prefix126_127,guard12_pack12,A,126,32,0,0,1,1,8128,0,1,1,1,0,24,21094400,0,21094400,5150,8064,-7,
271,prefix126_127,guard12_pack12,A,126,32,0,0,1,2,8064,-7,-6,-1,1,7,24,164800,0,20929600,5109,8128,-13,
271,prefix126_127,source_uncut,A,126,32,0,0,1,1,8128,0,1,1,1,0,24,21094400,0,21094400,5150,8064,-7,
271,prefix126_127,source_uncut,A,126,32,0,0,1,2,8064,-7,-6,-1,1,7,24,164800,0,20929600,5109,8128,-13,
271,prefix126_127,post_sum_pack12,A,126,32,0,0,1,1,8128,0,1,1,1,0,12,5150,0,5150,5150,8064,-7,0x141e000000000000000000000000
271,prefix126_127,post_sum_pack12,A,126,32,0,0,1,2,8064,-7,-6,-1,1,7,12,40,1,5109,5109,8128,-13,0x13f5c40000000000000000000000
271,prefix126_127,signed_floor,A,126,32,0,0,1,1,8128,0,1,1,1,0,12,5150,0,5150,5150,8064,-7,
271,prefix126_127,signed_floor,A,126,32,0,0,1,2,8064,-7,-6,-1,1,7,12,40,1,5109,5109,8128,-13,
272,prefix126_127,fig3,A,126,32,0,0,1,1,8128,0,1,1,1,0,12,5150,0,5150,5150,8064,-7,
272,prefix126_127,fig3,A,126,32,0,0,1,2,8064,-7,-6,-1,1,7,12,40,1,5110,5110,8128,-13,
272,prefix126_127,fig3,A,126,32,0,0,1,3,8128,-13,-12,1,1,13,12,0,1,5110,5110,8064,-20,
272,prefix126_127,tie_b,B,126,32,0,0,1,1,5150,0,0,1,0,0,12,8128,0,8128,8128,4216,-2,
272,prefix126_127,tie_b,B,126,32,0,0,1,2,4216,-2,-2,1,0,2,12,2032,0,10160,10160,7680,-8,
272,prefix126_127,tie_b,B,126,32,0,0,1,3,7680,-8,-7,1,0,7,12,63,1,10223,10223,8176,-12,
272,prefix126_127,legacy7,B,126,32,32,0,0,1,5150,0,0,1,0,0,12,8128,0,8128,8128,4216,-2,
272,prefix126_127,legacy7,B,126,32,32,0,0,2,4216,-2,-2,1,0,2,12,2032,0,10160,10160,7680,-8,
272,prefix126_127,legacy7,B,126,32,32,0,0,3,7680,-8,-7,1,0,7,12,63,1,10223,10223,8176,-12,
272,prefix126_127,input_anchor,A,126,32,0,0,1,1,8128,0,1,1,0,-1,12,10300,0,10300,10300,8064,-7,
272,prefix126_127,input_anchor,A,126,32,0,0,1,2,8064,-7,-6,-1,0,6,12,80,1,10220,10220,8128,-13,
272,prefix126_127,input_anchor,A,126,32,0,0,1,3,8128,-13,-12,1,0,12,12,1,1,10221,10221,8064,-20,
272,prefix126_127,exact_residual,A,126,32,0,0,1,1,8128,0,1,1,1,0,12,5150,0,5150,5150,4096,-6,
272,prefix126_127,exact_residual,A,126,32,0,0,1,2,4096,-6,-6,-1,1,7,12,40,1,5110,5110,0,-6,
272,prefix126_127,guard1_pack12,A,126,32,0,0,1,1,8128,0,1,1,1,0,13,10300,0,10300,5150,8064,-7,
272,prefix126_127,guard1_pack12,A,126,32,0,0,1,2,8064,-7,-6,-1,1,7,13,80,1,10220,5110,8128,-13,
272,prefix126_127,guard1_pack12,A,126,32,0,0,1,3,8128,-13,-12,1,1,13,13,1,1,10221,5110,8064,-20,
272,prefix126_127,guard12_pack12,A,126,32,0,0,1,1,8128,0,1,1,1,0,24,21094400,0,21094400,5150,8064,-7,
272,prefix126_127,guard12_pack12,A,126,32,0,0,1,2,8064,-7,-6,-1,1,7,24,164800,0,20929600,5109,8128,-13,
272,prefix126_127,guard12_pack12,A,126,32,0,0,1,3,8128,-13,-12,1,1,13,24,2575,0,20932175,5110,8064,-20,
272,prefix126_127,source_uncut,A,126,32,0,0,1,1,8128,0,1,1,1,0,24,21094400,0,21094400,5150,8064,-7,
272,prefix126_127,source_uncut,A,126,32,0,0,1,2,8064,-7,-6,-1,1,7,24,164800,0,20929600,5109,8128,-13,
272,prefix126_127,source_uncut,A,126,32,0,0,1,3,8128,-13,-12,1,1,13,24,2575,0,20932175,5110,8064,-20,
272,prefix126_127,post_sum_pack12,A,126,32,0,0,1,1,8128,0,1,1,1,0,12,5150,0,5150,5150,8064,-7,0x141e000000000000000000000000
272,prefix126_127,post_sum_pack12,A,126,32,0,0,1,2,8064,-7,-6,-1,1,7,12,40,1,5109,5109,8128,-13,0x13f5c40000000000000000000000
272,prefix126_127,post_sum_pack12,A,126,32,0,0,1,3,8128,-13,-12,1,1,13,12,0,1,5110,5110,8064,-20,0x13f664f000000000000000000000
272,prefix126_127,signed_floor,A,126,32,0,0,1,1,8128,0,1,1,1,0,12,5150,0,5150,5150,8064,-7,
272,prefix126_127,signed_floor,A,126,32,0,0,1,2,8064,-7,-6,-1,1,7,12,40,1,5109,5109,8128,-13,
272,prefix126_127,signed_floor,A,126,32,0,0,1,3,8128,-13,-12,1,1,13,12,0,1,5109,5109,8064,-20,
273,prefix126_127,fig3,A,126,64,0,0,1,1,8128,0,1,1,1,0,12,6173,0,6173,6173,8064,-7,
273,prefix126_127,fig3,A,126,64,0,0,1,2,8064,-7,-6,-1,1,7,12,48,1,6125,6125,8128,-13,
273,prefix126_127,tie_b,B,126,64,0,0,1,1,6173,0,1,1,1,0,12,8128,0,8128,8128,8072,-2,
273,prefix126_127,tie_b,B,126,64,0,0,1,2,8072,-2,-1,-1,1,2,12,2032,0,6096,6096,7616,-8,
273,prefix126_127,legacy7,B,126,64,32,0,0,1,6173,0,1,1,1,0,12,8128,0,8128,8128,8072,-2,
273,prefix126_127,legacy7,B,126,64,32,0,0,2,8072,-2,-1,-1,1,2,12,2032,0,6096,6096,7616,-8,
273,prefix126_127,input_anchor,A,126,64,0,0,1,1,8128,0,1,1,0,-1,12,12346,0,12346,12346,8064,-7,
273,prefix126_127,input_anchor,A,126,64,0,0,1,2,8064,-7,-6,-1,0,6,12,96,1,12250,12250,8128,-13,
273,prefix126_127,exact_residual,A,126,64,0,0,1,1,8128,0,1,1,1,0,12,6173,0,6173,6173,4096,-6,
273,prefix126_127,exact_residual,A,126,64,0,0,1,2,4096,-6,-6,-1,1,7,12,48,1,6125,6125,0,-6,
273,prefix126_127,guard1_pack12,A,126,64,0,0,1,1,8128,0,1,1,1,0,13,12346,0,12346,6173,8064,-7,
273,prefix126_127,guard1_pack12,A,126,64,0,0,1,2,8064,-7,-6,-1,1,7,13,96,1,12250,6125,8128,-13,
273,prefix126_127,guard12_pack12,A,126,64,0,0,1,1,8128,0,1,1,1,0,24,25284608,0,25284608,6173,8064,-7,
273,prefix126_127,guard12_pack12,A,126,64,0,0,1,2,8064,-7,-6,-1,1,7,24,197536,0,25087072,6124,8128,-13,
273,prefix126_127,source_uncut,A,126,64,0,0,1,1,8128,0,1,1,1,0,24,25284608,0,25284608,6173,8064,-7,
273,prefix126_127,source_uncut,A,126,64,0,0,1,2,8064,-7,-6,-1,1,7,24,197536,0,25087072,6124,8128,-13,
273,prefix126_127,post_sum_pack12,A,126,64,0,0,1,1,8128,0,1,1,1,0,12,6173,0,6173,6173,8064,-7,0x181d000000000000000000000000
273,prefix126_127,post_sum_pack12,A,126,64,0,0,1,2,8064,-7,-6,-1,1,7,12,48,1,6124,6124,8128,-13,0x17ecc60000000000000000000000
273,prefix126_127,signed_floor,A,126,64,0,0,1,1,8128,0,1,1,1,0,12,6173,0,6173,6173,8064,-7,
273,prefix126_127,signed_floor,A,126,64,0,0,1,2,8064,-7,-6,-1,1,7,12,48,1,6124,6124,8128,-13,
274,prefix126_127,fig3,A,126,64,0,0,1,1,8128,0,1,1,1,0,12,6173,0,6173,6173,8064,-7,
274,prefix126_127,fig3,A,126,64,0,0,1,2,8064,-7,-6,-1,1,7,12,48,1,6125,6125,8128,-13,
274,prefix126_127,fig3,A,126,64,0,0,1,3,8128,-13,-12,1,1,13,12,0,1,6125,6125,8064,-20,
274,prefix126_127,tie_b,B,126,64,0,0,1,1,6173,0,1,1,1,0,12,8128,0,8128,8128,8072,-2,
274,prefix126_127,tie_b,B,126,64,0,0,1,2,8072,-2,-1,-1,1,2,12,2032,0,6096,6096,7616,-8,
274,prefix126_127,tie_b,B,126,64,0,0,1,3,7616,-8,-7,1,1,8,12,31,1,6127,6127,4600,-11,
274,prefix126_127,legacy7,B,126,64,32,0,0,1,6173,0,1,1,1,0,12,8128,0,8128,8128,8072,-2,
274,prefix126_127,legacy7,B,126,64,32,0,0,2,8072,-2,-1,-1,1,2,12,2032,0,6096,6096,7616,-8,
274,prefix126_127,legacy7,B,126,64,32,0,0,3,7616,-8,-7,1,1,8,12,31,1,6127,6127,4600,-11,
274,prefix126_127,input_anchor,A,126,64,0,0,1,1,8128,0,1,1,0,-1,12,12346,0,12346,12346,8064,-7,
274,prefix126_127,input_anchor,A,126,64,0,0,1,2,8064,-7,-6,-1,0,6,12,96,1,12250,12250,8128,-13,
274,prefix126_127,input_anchor,A,126,64,0,0,1,3,8128,-13,-12,1,0,12,12,1,1,12251,12251,8064,-20,
274,prefix126_127,exact_residual,A,126,64,0,0,1,1,8128,0,1,1,1,0,12,6173,0,6173,6173,4096,-6,
274,prefix126_127,exact_residual,A,126,64,0,0,1,2,4096,-6,-6,-1,1,7,12,48,1,6125,6125,0,-6,
274,prefix126_127,guard1_pack12,A,126,64,0,0,1,1,8128,0,1,1,1,0,13,12346,0,12346,6173,8064,-7,
274,prefix126_127,guard1_pack12,A,126,64,0,0,1,2,8064,-7,-6,-1,1,7,13,96,1,12250,6125,8128,-13,
274,prefix126_127,guard1_pack12,A,126,64,0,0,1,3,8128,-13,-12,1,1,13,13,1,1,12251,6125,8064,-20,
274,prefix126_127,guard12_pack12,A,126,64,0,0,1,1,8128,0,1,1,1,0,24,25284608,0,25284608,6173,8064,-7,
274,prefix126_127,guard12_pack12,A,126,64,0,0,1,2,8064,-7,-6,-1,1,7,24,197536,0,25087072,6124,8128,-13,
274,prefix126_127,guard12_pack12,A,126,64,0,0,1,3,8128,-13,-12,1,1,13,24,3086,1,25090158,6125,8064,-20,
274,prefix126_127,source_uncut,A,126,64,0,0,1,1,8128,0,1,1,1,0,24,25284608,0,25284608,6173,8064,-7,
274,prefix126_127,source_uncut,A,126,64,0,0,1,2,8064,-7,-6,-1,1,7,24,197536,0,25087072,6124,8128,-13,
274,prefix126_127,source_uncut,A,126,64,0,0,1,3,8128,-13,-12,1,1,13,24,3086,1,25090158,6125,8064,-20,
274,prefix126_127,post_sum_pack12,A,126,64,0,0,1,1,8128,0,1,1,1,0,12,6173,0,6173,6173,8064,-7,0x181d000000000000000000000000
274,prefix126_127,post_sum_pack12,A,126,64,0,0,1,2,8064,-7,-6,-1,1,7,12,48,1,6124,6124,8128,-13,0x17ecc60000000000000000000000
274,prefix126_127,post_sum_pack12,A,126,64,0,0,1,3,8128,-13,-12,1,1,13,12,0,1,6125,6125,8064,-20,0x17ed86e800000000000000000000
274,prefix126_127,signed_floor,A,126,64,0,0,1,1,8128,0,1,1,1,0,12,6173,0,6173,6173,8064,-7,
274,prefix126_127,signed_floor,A,126,64,0,0,1,2,8064,-7,-6,-1,1,7,12,48,1,6124,6124,8128,-13,
274,prefix126_127,signed_floor,A,126,64,0,0,1,3,8128,-13,-12,1,1,13,12,0,1,6124,6124,8064,-20,
275,prefix126_127,fig3,A,126,64,0,0,1,1,8128,0,1,1,1,0,12,6173,0,6173,6173,8064,-7,
275,prefix126_127,fig3,A,126,64,0,0,1,2,8064,-7,-6,-1,1,7,12,48,1,6125,6125,8128,-13,
275,prefix126_127,fig3,A,126,64,0,0,1,3,8128,-13,-12,1,1,13,12,0,1,6125,6125,8064,-20,
275,prefix126_127,fig3,A,126,64,0,0,1,4,8064,-20,-19,-1,1,20,12,0,1,6125,6125,8128,-26,
275,prefix126_127,tie_b,B,126,64,0,0,1,1,6173,0,1,1,1,0,12,8128,0,8128,8128,8072,-2,
275,prefix126_127,tie_b,B,126,64,0,0,1,2,8072,-2,-1,-1,1,2,12,2032,0,6096,6096,7616,-8,
275,prefix126_127,tie_b,B,126,64,0,0,1,3,7616,-8,-7,1,1,8,12,31,1,6127,6127,4600,-11,
275,prefix126_127,tie_b,B,126,64,0,0,1,4,4600,-11,-11,-1,1,12,12,1,1,6126,6126,8064,-15,
275,prefix126_127,legacy7,B,126,64,32,0,0,1,6173,0,1,1,1,0,12,8128,0,8128,8128,8072,-2,
275,prefix126_127,legacy7,B,126,64,32,0,0,2,8072,-2,-1,-1,1,2,12,2032,0,6096,6096,7616,-8,
275,prefix126_127,legacy7,B,126,64,32,0,0,3,7616,-8,-7,1,1,8,12,31,1,6127,6127,4600,-11,
275,prefix126_127,legacy7,B,126,64,32,0,0,4,4600,-11,-11,-1,1,12,12,1,1,6126,6126,8064,-15,
275,prefix126_127,input_anchor,A,126,64,0,0,1,1,8128,0,1,1,0,-1,12,12346,0,12346,12346,8064,-7,
275,prefix126_127,input_anchor,A,126,64,0,0,1,2,8064,-7,-6,-1,0,6,12,96,1,12250,12250,8128,-13,
275,prefix126_127,input_anchor,A,126,64,0,0,1,3,8128,-13,-12,1,0,12,12,1,1,12251,12251,8064,-20,
275,prefix126_127,input_anchor,A,126,64,0,0,1,4,8064,-20,-19,-1,0,19,12,0,1,12251,12251,8128,-26,
275,prefix126_127,exact_residual,A,126,64,0,0,1,1,8128,0,1,1,1,0,12,6173,0,6173,6173,4096,-6,
275,prefix126_127,exact_residual,A,126,64,0,0,1,2,4096,-6,-6,-1,1,7,12,48,1,6125,6125,0,-6,
275,prefix126_127,guard1_pack12,A,126,64,0,0,1,1,8128,0,1,1,1,0,13,12346,0,12346,6173,8064,-7,
275,prefix126_127,guard1_pack12,A,126,64,0,0,1,2,8064,-7,-6,-1,1,7,13,96,1,12250,6125,8128,-13,
275,prefix126_127,guard1_pack12,A,126,64,0,0,1,3,8128,-13,-12,1,1,13,13,1,1,12251,6125,8064,-20,
275,prefix126_127,guard1_pack12,A,126,64,0,0,1,4,8064,-20,-19,-1,1,20,13,0,1,12251,6125,8128,-26,
275,prefix126_127,guard12_pack12,A,126,64,0,0,1,1,8128,0,1,1,1,0,24,25284608,0,25284608,6173,8064,-7,
275,prefix126_127,guard12_pack12,A,126,64,0,0,1,2,8064,-7,-6,-1,1,7,24,197536,0,25087072,6124,8128,-13,
275,prefix126_127,guard12_pack12,A,126,64,0,0,1,3,8128,-13,-12,1,1,13,24,3086,1,25090158,6125,8064,-20,
275,prefix126_127,guard12_pack12,A,126,64,0,0,1,4,8064,-20,-19,-1,1,20,24,24,1,25090134,6125,8128,-26,
275,prefix126_127,source_uncut,A,126,64,0,0,1,1,8128,0,1,1,1,0,24,25284608,0,25284608,6173,8064,-7,
275,prefix126_127,source_uncut,A,126,64,0,0,1,2,8064,-7,-6,-1,1,7,24,197536,0,25087072,6124,8128,-13,
275,prefix126_127,source_uncut,A,126,64,0,0,1,3,8128,-13,-12,1,1,13,24,3086,1,25090158,6125,8064,-20,
275,prefix126_127,source_uncut,A,126,64,0,0,1,4,8064,-20,-19,-1,1,20,24,24,1,25090134,6125,8128,-26,
275,prefix126_127,post_sum_pack12,A,126,64,0,0,1,1,8128,0,1,1,1,0,12,6173,0,6173,6173,8064,-7,0x181d000000000000000000000000
275,prefix126_127,post_sum_pack12,A,126,64,0,0,1,2,8064,-7,-6,-1,1,7,12,48,1,6124,6124,8128,-13,0x17ecc60000000000000000000000
275,prefix126_127,post_sum_pack12,A,126,64,0,0,1,3,8128,-13,-12,1,1,13,12,0,1,6125,6125,8064,-20,0x17ed86e800000000000000000000
275,prefix126_127,post_sum_pack12,A,126,64,0,0,1,4,8064,-20,-19,-1,1,20,12,0,1,6125,6125,8128,-26,0x17ed856630000000000000000000
275,prefix126_127,signed_floor,A,126,64,0,0,1,1,8128,0,1,1,1,0,12,6173,0,6173,6173,8064,-7,
275,prefix126_127,signed_floor,A,126,64,0,0,1,2,8064,-7,-6,-1,1,7,12,48,1,6124,6124,8128,-13,
275,prefix126_127,signed_floor,A,126,64,0,0,1,3,8128,-13,-12,1,1,13,12,0,1,6124,6124,8064,-20,
275,prefix126_127,signed_floor,A,126,64,0,0,1,4,8064,-20,-19,-1,1,20,12,0,1,6123,6123,8128,-26,
276,prefix126_127,fig3,A,126,96,0,0,1,1,8128,0,1,1,1,0,12,7196,0,7196,7196,8064,-7,
276,prefix126_127,fig3,A,126,96,0,0,1,2,8064,-7,-6,-1,1,7,12,56,1,7140,7140,8128,-13,
276,prefix126_127,tie_b,B,126,96,0,0,1,1,7196,0,1,1,1,0,12,8128,0,8128,8128,7960,-3,
276,prefix126_127,tie_b,B,126,96,0,0,1,2,7960,-3,-2,-1,1,3,12,1016,0,7112,7112,7392,-8,
276,prefix126_127,legacy7,B,126,96,32,0,0,1,7196,0,1,1,1,0,12,8128,0,8128,8128,7960,-3,
276,prefix126_127,legacy7,B,126,96,32,0,0,2,7960,-3,-2,-1,1,3,12,1016,0,7112,7112,7392,-8,
276,prefix126_127,input_anchor,A,126,96,0,0,1,1,8128,0,1,1,0,-1,12,14392,0,14392,14392,8064,-7,
276,prefix126_127,input_anchor,A,126,96,0,0,1,2,8064,-7,-6,-1,0,6,12,112,1,14280,14280,8128,-13,
276,prefix126_127,exact_residual,A,126,96,0,0,1,1,8128,0,1,1,1,0,12,7196,0,7196,7196,4096,-6,
276,prefix126_127,exact_residual,A,126,96,0,0,1,2,4096,-6,-6,-1,1,7,12,56,1,7140,7140,0,-6,
276,prefix126_127,guard1_pack12,A,126,96,0,0,1,1,8128,0,1,1,1,0,13,14392,0,14392,7196,8064,-7,
276,prefix126_127,guard1_pack12,A,126,96,0,0,1,2,8064,-7,-6,-1,1,7,13,112,1,14280,7140,8128,-13,
276,prefix126_127,guard12_pack12,A,126,96,0,0,1,1,8128,0,1,1,1,0,24,29474816,0,29474816,7196,8064,-7,
276,prefix126_127,guard12_pack12,A,126,96,0,0,1,2,8064,-7,-6,-1,1,7,24,230272,0,29244544,7139,8128,-13,
276,prefix126_127,source_uncut,A,126,96,0,0,1,1,8128,0,1,1,1,0,24,29474816,0,29474816,7196,8064,-7,
276,prefix126_127,source_uncut,A,126,96,0,0,1,2,8064,-7,-6,-1,1,7,24,230272,0,29244544,7139,8128,-13,
276,prefix126_127,post_sum_pack12,A,126,96,0,0,1,1,8128,0,1,1,1,0,12,7196,0,7196,7196,8064,-7,0x1c1c000000000000000000000000
276,prefix126_127,post_sum_pack12,A,126,96,0,0,1,2,8064,-7,-6,-1,1,7,12,56,1,7139,7139,8128,-13,0x1be3c80000000000000000000000
276,prefix126_127,signed_floor,A,126,96,0,0,1,1,8128,0,1,1,1,0,12,7196,0,7196,7196,8064,-7,
276,prefix126_127,signed_floor,A,126,96,0,0,1,2,8064,-7,-6,-1,1,7,12,56,1,7139,7139,8128,-13,
277,prefix126_127,fig3,A,126,96,0,0,1,1,8128,0,1,1,1,0,12,7196,0,7196,7196,8064,-7,
277,prefix126_127,fig3,A,126,96,0,0,1,2,8064,-7,-6,-1,1,7,12,56,1,7140,7140,8128,-13,
277,prefix126_127,fig3,A,126,96,0,0,1,3,8128,-13,-12,1,1,13,12,0,1,7140,7140,8064,-20,
277,prefix126_127,tie_b,B,126,96,0,0,1,1,7196,0,1,1,1,0,12,8128,0,8128,8128,7960,-3,
277,prefix126_127,tie_b,B,126,96,0,0,1,2,7960,-3,-2,-1,1,3,12,1016,0,7112,7112,7392,-8,
277,prefix126_127,tie_b,B,126,96,0,0,1,3,7392,-8,-7,1,1,8,12,31,1,7143,7143,6392,-11,
277,prefix126_127,legacy7,B,126,96,32,0,0,1,7196,0,1,1,1,0,12,8128,0,8128,8128,7960,-3,
277,prefix126_127,legacy7,B,126,96,32,0,0,2,7960,-3,-2,-1,1,3,12,1016,0,7112,7112,7392,-8,
277,prefix126_127,legacy7,B,126,96,32,0,0,3,7392,-8,-7,1,1,8,12,31,1,7143,7143,6392,-11,
277,prefix126_127,input_anchor,A,126,96,0,0,1,1,8128,0,1,1,0,-1,12,14392,0,14392,14392,8064,-7,
277,prefix126_127,input_anchor,A,126,96,0,0,1,2,8064,-7,-6,-1,0,6,12,112,1,14280,14280,8128,-13,
277,prefix126_127,input_anchor,A,126,96,0,0,1,3,8128,-13,-12,1,0,12,12,1,1,14281,14281,8064,-20,
277,prefix126_127,exact_residual,A,126,96,0,0,1,1,8128,0,1,1,1,0,12,7196,0,7196,7196,4096,-6,
277,prefix126_127,exact_residual,A,126,96,0,0,1,2,4096,-6,-6,-1,1,7,12,56,1,7140,7140,0,-6,
277,prefix126_127,guard1_pack12,A,126,96,0,0,1,1,8128,0,1,1,1,0,13,14392,0,14392,7196,8064,-7,
277,prefix126_127,guard1_pack12,A,126,96,0,0,1,2,8064,-7,-6,-1,1,7,13,112,1,14280,7140,8128,-13,
277,prefix126_127,guard1_pack12,A,126,96,0,0,1,3,8128,-13,-12,1,1,13,13,1,1,14281,7140,8064,-20,
277,prefix126_127,guard12_pack12,A,126,96,0,0,1,1,8128,0,1,1,1,0,24,29474816,0,29474816,7196,8064,-7,
277,prefix126_127,guard12_pack12,A,126,96,0,0,1,2,8064,-7,-6,-1,1,7,24,230272,0,29244544,7139,8128,-13,
277,prefix126_127,guard12_pack12,A,126,96,0,0,1,3,8128,-13,-12,1,1,13,24,3598,0,29248142,7140,8064,-20,
277,prefix126_127,source_uncut,A,126,96,0,0,1,1,8128,0,1,1,1,0,24,29474816,0,29474816,7196,8064,-7,
277,prefix126_127,source_uncut,A,126,96,0,0,1,2,8064,-7,-6,-1,1,7,24,230272,0,29244544,7139,8128,-13,
277,prefix126_127,source_uncut,A,126,96,0,0,1,3,8128,-13,-12,1,1,13,24,3598,0,29248142,7140,8064,-20,
277,prefix126_127,post_sum_pack12,A,126,96,0,0,1,1,8128,0,1,1,1,0,12,7196,0,7196,7196,8064,-7,0x1c1c000000000000000000000000
277,prefix126_127,post_sum_pack12,A,126,96,0,0,1,2,8064,-7,-6,-1,1,7,12,56,1,7139,7139,8128,-13,0x1be3c80000000000000000000000
277,prefix126_127,post_sum_pack12,A,126,96,0,0,1,3,8128,-13,-12,1,1,13,12,0,1,7140,7140,8064,-20,0x1be4a8e000000000000000000000
277,prefix126_127,signed_floor,A,126,96,0,0,1,1,8128,0,1,1,1,0,12,7196,0,7196,7196,8064,-7,
277,prefix126_127,signed_floor,A,126,96,0,0,1,2,8064,-7,-6,-1,1,7,12,56,1,7139,7139,8128,-13,
277,prefix126_127,signed_floor,A,126,96,0,0,1,3,8128,-13,-12,1,1,13,12,0,1,7139,7139,8064,-20,
278,prefix126_127,fig3,A,126,112,0,0,1,1,8128,0,1,1,1,0,12,7692,0,7692,7692,8064,-7,
278,prefix126_127,fig3,A,126,112,0,0,1,2,8064,-7,-6,-1,1,7,12,60,1,7632,7632,8128,-13,
278,prefix126_127,tie_b,B,126,112,0,0,1,1,7692,0,1,1,1,0,12,8128,0,8128,8128,7984,-4,
278,prefix126_127,tie_b,B,126,112,0,0,1,2,7984,-4,-3,-1,1,4,12,508,0,7620,7620,6624,-9,
278,prefix126_127,legacy7,B,126,112,32,0,0,1,7692,0,1,1,1,0,12,8128,0,8128,8128,7984,-4,
278,prefix126_127,legacy7,B,126,112,32,0,0,2,7984,-4,-3,-1,1,4,12,508,0,7620,7620,6624,-9,
278,prefix126_127,input_anchor,A,126,112,0,0,1,1,8128,0,1,1,0,-1,12,15384,0,15384,15384,8064,-7,
278,prefix126_127,input_anchor,A,126,112,0,0,1,2,8064,-7,-6,-1,0,6,12,120,1,15264,15264,8128,-13,
278,prefix126_127,exact_residual,A,126,112,0,0,1,1,8128,0,1,1,1,0,12,7692,0,7692,7692,4096,-6,
278,prefix126_127,exact_residual,A,126,112,0,0,1,2,4096,-6,-6,-1,1,7,12,60,1,7632,7632,0,-6,
278,prefix126_127,guard1_pack12,A,126,112,0,0,1,1,8128,0,1,1,1,0,13,15384,0,15384,7692,8064,-7,
278,prefix126_127,guard1_pack12,A,126,112,0,0,1,2,8064,-7,-6,-1,1,7,13,120,1,15264,7632,8128,-13,
278,prefix126_127,guard12_pack12,A,126,112,0,0,1,1,8128,0,1,1,1,0,24,31506432,0,31506432,7692,8064,-7,
278,prefix126_127,guard12_pack12,A,126,112,0,0,1,2,8064,-7,-6,-1,1,7,24,246144,0,31260288,7631,8128,-13,
278,prefix126_127,source_uncut,A,126,112,0,0,1,1,8128,0,1,1,1,0,24,31506432,0,31506432,7692,8064,-7,
278,prefix126_127,source_uncut,A,126,112,0,0,1,2,8064,-7,-6,-1,1,7,24,246144,0,31260288,7631,8128,-13,
278,prefix126_127,post_sum_pack12,A,126,112,0,0,1,1,8128,0,1,1,1,0,12,7692,0,7692,7692,8064,-7,0x1e0c000000000000000000000000
278,prefix126_127,post_sum_pack12,A,126,112,0,0,1,2,8064,-7,-6,-1,1,7,12,60,1,7631,7631,8128,-13,0x1dcfe80000000000000000000000
278,prefix126_127,signed_floor,A,126,112,0,0,1,1,8128,0,1,1,1,0,12,7692,0,7692,7692,8064,-7,
278,prefix126_127,signed_floor,A,126,112,0,0,1,2,8064,-7,-6,-1,1,7,12,60,1,7631,7631,8128,-13,
279,prefix126_127,fig3,A,126,112,0,0,1,1,8128,0,1,1,1,0,12,7692,0,7692,7692,8064,-7,
279,prefix126_127,fig3,A,126,112,0,0,1,2,8064,-7,-6,-1,1,7,12,60,1,7632,7632,8128,-13,
279,prefix126_127,fig3,A,126,112,0,0,1,3,8128,-13,-12,1,1,13,12,0,1,7632,7632,8064,-20,
279,prefix126_127,tie_b,B,126,112,0,0,1,1,7692,0,1,1,1,0,12,8128,0,8128,8128,7984,-4,
279,prefix126_127,tie_b,B,126,112,0,0,1,2,7984,-4,-3,-1,1,4,12,508,0,7620,7620,6624,-9,
279,prefix126_127,tie_b,B,126,112,0,0,1,3,6624,-9,-8,1,1,9,12,15,1,7635,7635,6268,-11,
279,prefix126_127,legacy7,B,126,112,32,0,0,1,7692,0,1,1,1,0,12,8128,0,8128,8128,7984,-4,
279,prefix126_127,legacy7,B,126,112,32,0,0,2,7984,-4,-3,-1,1,4,12,508,0,7620,7620,6624,-9,
279,prefix126_127,legacy7,B,126,112,32,0,0,3,6624,-9,-8,1,1,9,12,15,1,7635,7635,6268,-11,
279,prefix126_127,input_anchor,A,126,112,0,0,1,1,8128,0,1,1,0,-1,12,15384,0,15384,15384,8064,-7,
279,prefix126_127,input_anchor,A,126,112,0,0,1,2,8064,-7,-6,-1,0,6,12,120,1,15264,15264,8128,-13,
279,prefix126_127,input_anchor,A,126,112,0,0,1,3,8128,-13,-12,1,0,12,12,1,1,15265,15265,8064,-20,
279,prefix126_127,exact_residual,A,126,112,0,0,1,1,8128,0,1,1,1,0,12,7692,0,7692,7692,4096,-6,
279,prefix126_127,exact_residual,A,126,112,0,0,1,2,4096,-6,-6,-1,1,7,12,60,1,7632,7632,0,-6,
279,prefix126_127,guard1_pack12,A,126,112,0,0,1,1,8128,0,1,1,1,0,13,15384,0,15384,7692,8064,-7,
279,prefix126_127,guard1_pack12,A,126,112,0,0,1,2,8064,-7,-6,-1,1,7,13,120,1,15264,7632,8128,-13,
279,prefix126_127,guard1_pack12,A,126,112,0,0,1,3,8128,-13,-12,1,1,13,13,1,1,15265,7632,8064,-20,
279,prefix126_127,guard12_pack12,A,126,112,0,0,1,1,8128,0,1,1,1,0,24,31506432,0,31506432,7692,8064,-7,
279,prefix126_127,guard12_pack12,A,126,112,0,0,1,2,8064,-7,-6,-1,1,7,24,246144,0,31260288,7631,8128,-13,
279,prefix126_127,guard12_pack12,A,126,112,0,0,1,3,8128,-13,-12,1,1,13,24,3846,0,31264134,7632,8064,-20,
279,prefix126_127,source_uncut,A,126,112,0,0,1,1,8128,0,1,1,1,0,24,31506432,0,31506432,7692,8064,-7,
279,prefix126_127,source_uncut,A,126,112,0,0,1,2,8064,-7,-6,-1,1,7,24,246144,0,31260288,7631,8128,-13,
279,prefix126_127,source_uncut,A,126,112,0,0,1,3,8128,-13,-12,1,1,13,24,3846,0,31264134,7632,8064,-20,
279,prefix126_127,post_sum_pack12,A,126,112,0,0,1,1,8128,0,1,1,1,0,12,7692,0,7692,7692,8064,-7,0x1e0c000000000000000000000000
279,prefix126_127,post_sum_pack12,A,126,112,0,0,1,2,8064,-7,-6,-1,1,7,12,60,1,7631,7631,8128,-13,0x1dcfe80000000000000000000000
279,prefix126_127,post_sum_pack12,A,126,112,0,0,1,3,8128,-13,-12,1,1,13,12,0,1,7632,7632,8064,-20,0x1dd0d86000000000000000000000
279,prefix126_127,signed_floor,A,126,112,0,0,1,1,8128,0,1,1,1,0,12,7692,0,7692,7692,8064,-7,
279,prefix126_127,signed_floor,A,126,112,0,0,1,2,8064,-7,-6,-1,1,7,12,60,1,7631,7631,8128,-13,
279,prefix126_127,signed_floor,A,126,112,0,0,1,3,8128,-13,-12,1,1,13,12,0,1,7631,7631,8064,-20,
280,prefix126_127,fig3,A,126,120,0,0,1,1,8128,0,1,1,1,0,12,7940,0,7940,7940,8064,-7,
280,prefix126_127,fig3,A,126,120,0,0,1,2,8064,-7,-6,-1,1,7,12,62,1,7878,7878,8128,-13,
280,prefix126_127,tie_b,B,126,120,0,0,1,1,7940,0,1,1,1,0,12,8128,0,8128,8128,8032,-5,
280,prefix126_127,tie_b,B,126,120,0,0,1,2,8032,-5,-4,-1,1,5,12,254,0,7874,7874,5088,-10,
280,prefix126_127,legacy7,B,126,120,32,0,0,1,7940,0,1,1,1,0,12,8128,0,8128,8128,8032,-5,
280,prefix126_127,legacy7,B,126,120,32,0,0,2,8032,-5,-4,-1,1,5,12,254,0,7874,7874,5088,-10,
280,prefix126_127,input_anchor,A,126,120,0,0,1,1,8128,0,1,1,0,-1,12,15880,0,15880,15880,8064,-7,
280,prefix126_127,input_anchor,A,126,120,0,0,1,2,8064,-7,-6,-1,0,6,12,124,1,15756,15756,8128,-13,
280,prefix126_127,exact_residual,A,126,120,0,0,1,1,8128,0,1,1,1,0,12,7940,0,7940,7940,4096,-6,
280,prefix126_127,exact_residual,A,126,120,0,0,1,2,4096,-6,-6,-1,1,7,12,62,1,7878,7878,0,-6,
280,prefix126_127,guard1_pack12,A,126,120,0,0,1,1,8128,0,1,1,1,0,13,15880,0,15880,7940,8064,-7,
280,prefix126_127,guard1_pack12,A,126,120,0,0,1,2,8064,-7,-6,-1,1,7,13,124,1,15756,7878,8128,-13,
280,prefix126_127,guard12_pack12,A,126,120,0,0,1,1,8128,0,1,1,1,0,24,32522240,0,32522240,7940,8064,-7,
280,prefix126_127,guard12_pack12,A,126,120,0,0,1,2,8064,-7,-6,-1,1,7,24,254080,0,32268160,7877,8128,-13,
280,prefix126_127,source_uncut,A,126,120,0,0,1,1,8128,0,1,1,1,0,24,32522240,0,32522240,7940,8064,-7,
280,prefix126_127,source_uncut,A,126,120,0,0,1,2,8064,-7,-6,-1,1,7,24,254080,0,32268160,7877,8128,-13,
280,prefix126_127,post_sum_pack12,A,126,120,0,0,1,1,8128,0,1,1,1,0,12,7940,0,7940,7940,8064,-7,0x1f04000000000000000000000000
280,prefix126_127,post_sum_pack12,A,126,120,0,0,1,2,8064,-7,-6,-1,1,7,12,62,1,7877,7877,8128,-13,0x1ec5f80000000000000000000000
280,prefix126_127,signed_floor,A,126,120,0,0,1,1,8128,0,1,1,1,0,12,7940,0,7940,7940,8064,-7,
280,prefix126_127,signed_floor,A,126,120,0,0,1,2,8064,-7,-6,-1,1,7,12,62,1,7877,7877,8128,-13,
281,prefix126_127,fig3,A,126,120,0,0,1,1,8128,0,1,1,1,0,12,7940,0,7940,7940,8064,-7,
281,prefix126_127,fig3,A,126,120,0,0,1,2,8064,-7,-6,-1,1,7,12,62,1,7878,7878,8128,-13,
281,prefix126_127,fig3,A,126,120,0,0,1,3,8128,-13,-12,1,1,13,12,0,1,7878,7878,8064,-20,
281,prefix126_127,tie_b,B,126,120,0,0,1,1,7940,0,1,1,1,0,12,8128,0,8128,8128,8032,-5,
281,prefix126_127,tie_b,B,126,120,0,0,1,2,8032,-5,-4,-1,1,5,12,254,0,7874,7874,5088,-10,
281,prefix126_127,tie_b,B,126,120,0,0,1,3,5088,-10,-10,1,1,11,12,3,1,7877,7877,7936,-13,
281,prefix126_127,legacy7,B,126,120,32,0,0,1,7940,0,1,1,1,0,12,8128,0,8128,8128,8032,-5,
281,prefix126_127,legacy7,B,126,120,32,0,0,2,8032,-5,-4,-1,1,5,12,254,0,7874,7874,5088,-10,
281,prefix126_127,legacy7,B,126,120,32,0,0,3,5088,-10,-10,1,1,11,12,3,1,7877,7877,7936,-13,
281,prefix126_127,input_anchor,A,126,120,0,0,1,1,8128,0,1,1,0,-1,12,15880,0,15880,15880,8064,-7,
281,prefix126_127,input_anchor,A,126,120,0,0,1,2,8064,-7,-6,-1,0,6,12,124,1,15756,15756,8128,-13,
281,prefix126_127,input_anchor,A,126,120,0,0,1,3,8128,-13,-12,1,0,12,12,1,1,15757,15757,8064,-20,
281,prefix126_127,exact_residual,A,126,120,0,0,1,1,8128,0,1,1,1,0,12,7940,0,7940,7940,4096,-6,
281,prefix126_127,exact_residual,A,126,120,0,0,1,2,4096,-6,-6,-1,1,7,12,62,1,7878,7878,0,-6,
281,prefix126_127,guard1_pack12,A,126,120,0,0,1,1,8128,0,1,1,1,0,13,15880,0,15880,7940,8064,-7,
281,prefix126_127,guard1_pack12,A,126,120,0,0,1,2,8064,-7,-6,-1,1,7,13,124,1,15756,7878,8128,-13,
281,prefix126_127,guard1_pack12,A,126,120,0,0,1,3,8128,-13,-12,1,1,13,13,1,1,15757,7878,8064,-20,
281,prefix126_127,guard12_pack12,A,126,120,0,0,1,1,8128,0,1,1,1,0,24,32522240,0,32522240,7940,8064,-7,
281,prefix126_127,guard12_pack12,A,126,120,0,0,1,2,8064,-7,-6,-1,1,7,24,254080,0,32268160,7877,8128,-13,
281,prefix126_127,guard12_pack12,A,126,120,0,0,1,3,8128,-13,-12,1,1,13,24,3970,0,32272130,7878,8064,-20,
281,prefix126_127,source_uncut,A,126,120,0,0,1,1,8128,0,1,1,1,0,24,32522240,0,32522240,7940,8064,-7,
281,prefix126_127,source_uncut,A,126,120,0,0,1,2,8064,-7,-6,-1,1,7,24,254080,0,32268160,7877,8128,-13,
281,prefix126_127,source_uncut,A,126,120,0,0,1,3,8128,-13,-12,1,1,13,24,3970,0,32272130,7878,8064,-20,
281,prefix126_127,post_sum_pack12,A,126,120,0,0,1,1,8128,0,1,1,1,0,12,7940,0,7940,7940,8064,-7,0x1f04000000000000000000000000
281,prefix126_127,post_sum_pack12,A,126,120,0,0,1,2,8064,-7,-6,-1,1,7,12,62,1,7877,7877,8128,-13,0x1ec5f80000000000000000000000
281,prefix126_127,post_sum_pack12,A,126,120,0,0,1,3,8128,-13,-12,1,1,13,12,0,1,7878,7878,8064,-20,0x1ec6f02000000000000000000000
281,prefix126_127,signed_floor,A,126,120,0,0,1,1,8128,0,1,1,1,0,12,7940,0,7940,7940,8064,-7,
281,prefix126_127,signed_floor,A,126,120,0,0,1,2,8064,-7,-6,-1,1,7,12,62,1,7877,7877,8128,-13,
281,prefix126_127,signed_floor,A,126,120,0,0,1,3,8128,-13,-12,1,1,13,12,0,1,7877,7877,8064,-20,
282,prefix126_127,fig3,A,126,120,0,0,1,1,8128,0,1,1,1,0,12,7940,0,7940,7940,8064,-7,
282,prefix126_127,fig3,A,126,120,0,0,1,2,8064,-7,-6,-1,1,7,12,62,1,7878,7878,8128,-13,
282,prefix126_127,fig3,A,126,120,0,0,1,3,8128,-13,-12,1,1,13,12,0,1,7878,7878,8064,-20,
282,prefix126_127,fig3,A,126,120,0,0,1,4,8064,-20,-19,-1,1,20,12,0,1,7878,7878,8128,-26,
282,prefix126_127,tie_b,B,126,120,0,0,1,1,7940,0,1,1,1,0,12,8128,0,8128,8128,8032,-5,
282,prefix126_127,tie_b,B,126,120,0,0,1,2,8032,-5,-4,-1,1,5,12,254,0,7874,7874,5088,-10,
282,prefix126_127,tie_b,B,126,120,0,0,1,3,5088,-10,-10,1,1,11,12,3,1,7877,7877,7936,-13,
282,prefix126_127,tie_b,B,126,120,0,0,1,4,7936,-13,-12,1,1,13,12,0,1,7877,7877,8160,-18,
282,prefix126_127,legacy7,B,126,120,32,0,0,1,7940,0,1,1,1,0,12,8128,0,8128,8128,8032,-5,
282,prefix126_127,legacy7,B,126,120,32,0,0,2,8032,-5,-4,-1,1,5,12,254,0,7874,7874,5088,-10,
282,prefix126_127,legacy7,B,126,120,32,0,0,3,5088,-10,-10,1,1,11,12,3,1,7877,7877,7936,-13,
282,prefix126_127,legacy7,B,126,120,32,0,0,4,7936,-13,-12,1,1,13,12,0,1,7877,7877,8160,-18,
282,prefix126_127,input_anchor,A,126,120,0,0,1,1,8128,0,1,1,0,-1,12,15880,0,15880,15880,8064,-7,
282,prefix126_127,input_anchor,A,126,120,0,0,1,2,8064,-7,-6,-1,0,6,12,124,1,15756,15756,8128,-13,
282,prefix126_127,input_anchor,A,126,120,0,0,1,3,8128,-13,-12,1,0,12,12,1,1,15757,15757,8064,-20,
282,prefix126_127,input_anchor,A,126,120,0,0,1,4,8064,-20,-19,-1,0,19,12,0,1,15757,15757,8128,-26,
282,prefix126_127,exact_residual,A,126,120,0,0,1,1,8128,0,1,1,1,0,12,7940,0,7940,7940,4096,-6,
282,prefix126_127,exact_residual,A,126,120,0,0,1,2,4096,-6,-6,-1,1,7,12,62,1,7878,7878,0,-6,
282,prefix126_127,guard1_pack12,A,126,120,0,0,1,1,8128,0,1,1,1,0,13,15880,0,15880,7940,8064,-7,
282,prefix126_127,guard1_pack12,A,126,120,0,0,1,2,8064,-7,-6,-1,1,7,13,124,1,15756,7878,8128,-13,
282,prefix126_127,guard1_pack12,A,126,120,0,0,1,3,8128,-13,-12,1,1,13,13,1,1,15757,7878,8064,-20,
282,prefix126_127,guard1_pack12,A,126,120,0,0,1,4,8064,-20,-19,-1,1,20,13,0,1,15757,7878,8128,-26,
282,prefix126_127,guard12_pack12,A,126,120,0,0,1,1,8128,0,1,1,1,0,24,32522240,0,32522240,7940,8064,-7,
282,prefix126_127,guard12_pack12,A,126,120,0,0,1,2,8064,-7,-6,-1,1,7,24,254080,0,32268160,7877,8128,-13,
282,prefix126_127,guard12_pack12,A,126,120,0,0,1,3,8128,-13,-12,1,1,13,24,3970,0,32272130,7878,8064,-20,
282,prefix126_127,guard12_pack12,A,126,120,0,0,1,4,8064,-20,-19,-1,1,20,24,31,1,32272099,7878,8128,-26,
282,prefix126_127,source_uncut,A,126,120,0,0,1,1,8128,0,1,1,1,0,24,32522240,0,32522240,7940,8064,-7,
282,prefix126_127,source_uncut,A,126,120,0,0,1,2,8064,-7,-6,-1,1,7,24,254080,0,32268160,7877,8128,-13,
282,prefix126_127,source_uncut,A,126,120,0,0,1,3,8128,-13,-12,1,1,13,24,3970,0,32272130,7878,8064,-20,
282,prefix126_127,source_uncut,A,126,120,0,0,1,4,8064,-20,-19,-1,1,20,24,31,1,32272099,7878,8128,-26,
282,prefix126_127,post_sum_pack12,A,126,120,0,0,1,1,8128,0,1,1,1,0,12,7940,0,7940,7940,8064,-7,0x1f04000000000000000000000000
282,prefix126_127,post_sum_pack12,A,126,120,0,0,1,2,8064,-7,-6,-1,1,7,12,62,1,7877,7877,8128,-13,0x1ec5f80000000000000000000000
282,prefix126_127,post_sum_pack12,A,126,120,0,0,1,3,8128,-13,-12,1,1,13,12,0,1,7878,7878,8064,-20,0x1ec6f02000000000000000000000
282,prefix126_127,post_sum_pack12,A,126,120,0,0,1,4,8064,-20,-19,-1,1,20,12,0,1,7878,7878,8128,-26,0x1ec6ee2fc0000000000000000000
282,prefix126_127,signed_floor,A,126,120,0,0,1,1,8128,0,1,1,1,0,12,7940,0,7940,7940,8064,-7,
282,prefix126_127,signed_floor,A,126,120,0,0,1,2,8064,-7,-6,-1,1,7,12,62,1,7877,7877,8128,-13,
282,prefix126_127,signed_floor,A,126,120,0,0,1,3,8128,-13,-12,1,1,13,12,0,1,7877,7877,8064,-20,
282,prefix126_127,signed_floor,A,126,120,0,0,1,4,8064,-20,-19,-1,1,20,12,0,1,7876,7876,8128,-26,
283,prefix126_127,fig3,A,126,124,0,0,1,1,8128,0,1,1,1,0,12,8095,0,8095,8095,8064,-7,
283,prefix126_127,fig3,A,126,124,0,0,1,2,8064,-7,-6,-1,1,7,12,63,1,8032,8032,8128,-13,
283,prefix126_127,tie_b,B,126,124,0,0,1,1,8095,0,1,1,1,0,12,8128,0,8128,8128,6144,-6,
283,prefix126_127,tie_b,B,126,124,0,0,1,2,6144,-6,-5,-1,1,6,12,127,0,8001,8001,8188,-8,
283,prefix126_127,legacy7,B,126,124,32,0,0,1,8095,0,1,1,1,0,12,8128,0,8128,8128,6144,-6,
283,prefix126_127,legacy7,B,126,124,32,0,0,2,6144,-6,-5,-1,1,6,12,127,0,8001,8001,8188,-8,
283,prefix126_127,input_anchor,A,126,124,0,0,1,1,8128,0,1,1,0,-1,12,16190,0,16190,16190,8064,-7,
283,prefix126_127,input_anchor,A,126,124,0,0,1,2,8064,-7,-6,-1,0,6,12,126,1,16064,16064,8128,-13,
283,prefix126_127,exact_residual,A,126,124,0,0,1,1,8128,0,1,1,1,0,12,8095,0,8095,8095,4096,-6,
283,prefix126_127,exact_residual,A,126,124,0,0,1,2,4096,-6,-6,-1,1,7,12,63,1,8032,8032,0,-6,
283,prefix126_127,guard1_pack12,A,126,124,0,0,1,1,8128,0,1,1,1,0,13,16190,0,16190,8095,8064,-7,
283,prefix126_127,guard1_pack12,A,126,124,0,0,1,2,8064,-7,-6,-1,1,7,13,126,1,16064,8032,8128,-13,
283,prefix126_127,guard12_pack12,A,126,124,0,0,1,1,8128,0,1,1,1,0,24,33157120,0,33157120,8095,8064,-7,
283,prefix126_127,guard12_pack12,A,126,124,0,0,1,2,8064,-7,-6,-1,1,7,24,259040,0,32898080,8031,8128,-13,
283,prefix126_127,source_uncut,A,126,124,0,0,1,1,8128,0,1,1,1,0,24,33157120,0,33157120,8095,8064,-7,
283,prefix126_127,source_uncut,A,126,124,0,0,1,2,8064,-7,-6,-1,1,7,24,259040,0,32898080,8031,8128,-13,
283,prefix126_127,post_sum_pack12,A,126,124,0,0,1,1,8128,0,1,1,1,0,12,8095,0,8095,8095,8064,-7,0x1f9f000000000000000000000000
283,prefix126_127,post_sum_pack12,A,126,124,0,0,1,2,8064,-7,-6,-1,1,7,12,63,1,8031,8031,8128,-13,0x1f5fc20000000000000000000000
283,prefix126_127,signed_floor,A,126,124,0,0,1,1,8128,0,1,1,1,0,12,8095,0,8095,8095,8064,-7,
283,prefix126_127,signed_floor,A,126,124,0,0,1,2,8064,-7,-6,-1,1,7,12,63,1,8031,8031,8128,-13,
284,prefix126_127,fig3,A,126,0,0,0,1,1,8159,0,1,1,1,0,12,4096,0,4096,4096,4096,-7,
284,prefix126_127,fig3,A,126,0,0,0,1,2,4096,-7,-7,-1,1,8,12,16,0,4080,4080,0,-7,
284,prefix126_127,tie_b,B,126,0,0,0,1,1,4096,0,0,1,0,0,12,8159,0,8159,8159,0,0,
284,prefix126_127,legacy7,B,126,0,32,0,0,1,4096,0,0,1,0,0,12,8159,0,8159,8159,0,0,
284,prefix126_127,input_anchor,A,126,0,0,0,1,1,8159,0,1,1,0,-1,12,8192,0,8192,8192,4096,-7,
284,prefix126_127,input_anchor,A,126,0,0,0,1,2,4096,-7,-7,-1,0,7,12,32,0,8160,8160,0,-7,
284,prefix126_127,exact_residual,A,126,0,0,0,1,1,8159,0,1,1,1,0,12,4096,0,4096,4096,4224,-7,
284,prefix126_127,exact_residual,A,126,0,0,0,1,2,4224,-7,-7,-1,1,8,12,16,0,4080,4080,4096,-12,
284,prefix126_127,guard1_pack12,A,126,0,0,0,1,1,8159,0,1,1,1,0,13,8192,0,8192,4096,4096,-7,
284,prefix126_127,guard1_pack12,A,126,0,0,0,1,2,4096,-7,-7,-1,1,8,13,32,0,8160,4080,0,-7,
284,prefix126_127,guard12_pack12,A,126,0,0,0,1,1,8159,0,1,1,1,0,24,16777216,0,16777216,4096,4096,-7,
284,prefix126_127,guard12_pack12,A,126,0,0,0,1,2,4096,-7,-7,-1,1,8,24,65536,0,16711680,4080,0,-7,
284,prefix126_127,source_uncut,A,126,0,0,0,1,1,8159,0,1,1,1,0,24,16777216,0,16777216,4096,4096,-7,
284,prefix126_127,source_uncut,A,126,0,0,0,1,2,4096,-7,-7,-1,1,8,24,65536,0,16711680,4080,0,-7,
284,prefix126_127,post_sum_pack12,A,126,0,0,0,1,1,8159,0,1,1,1,0,12,4096,0,4096,4096,4096,-7,0x1000000000000000000000000000
284,prefix126_127,post_sum_pack12,A,126,0,0,0,1,2,4096,-7,-7,-1,1,8,12,16,0,4080,4080,0,-7,0xff0000000000000000000000000
284,prefix126_127,signed_floor,A,126,0,0,0,1,1,8159,0,1,1,1,0,12,4096,0,4096,4096,4096,-7,
284,prefix126_127,signed_floor,A,126,0,0,0,1,2,4096,-7,-7,-1,1,8,12,16,0,4080,4080,0,-7,
285,prefix126_127,fig3,A,126,0,0,0,1,1,8159,0,1,1,1,0,12,4096,0,4096,4096,4096,-7,
285,prefix126_127,fig3,A,126,0,0,0,1,2,4096,-7,-7,-1,1,8,12,16,0,4080,4080,0,-7,
285,prefix126_127,tie_b,B,126,0,0,0,1,1,4096,0,0,1,0,0,12,8159,0,8159,8159,0,0,
285,prefix126_127,legacy7,B,126,0,32,0,0,1,4096,0,0,1,0,0,12,8159,0,8159,8159,0,0,
285,prefix126_127,input_anchor,A,126,0,0,0,1,1,8159,0,1,1,0,-1,12,8192,0,8192,8192,4096,-7,
285,prefix126_127,input_anchor,A,126,0,0,0,1,2,4096,-7,-7,-1,0,7,12,32,0,8160,8160,0,-7,
285,prefix126_127,exact_residual,A,126,0,0,0,1,1,8159,0,1,1,1,0,12,4096,0,4096,4096,4224,-7,
285,prefix126_127,exact_residual,A,126,0,0,0,1,2,4224,-7,-7,-1,1,8,12,16,0,4080,4080,4096,-12,
285,prefix126_127,exact_residual,A,126,0,0,0,1,3,4096,-12,-12,-1,1,13,12,0,1,4080,4080,0,-12,
285,prefix126_127,guard1_pack12,A,126,0,0,0,1,1,8159,0,1,1,1,0,13,8192,0,8192,4096,4096,-7,
285,prefix126_127,guard1_pack12,A,126,0,0,0,1,2,4096,-7,-7,-1,1,8,13,32,0,8160,4080,0,-7,
285,prefix126_127,guard12_pack12,A,126,0,0,0,1,1,8159,0,1,1,1,0,24,16777216,0,16777216,4096,4096,-7,
285,prefix126_127,guard12_pack12,A,126,0,0,0,1,2,4096,-7,-7,-1,1,8,24,65536,0,16711680,4080,0,-7,
285,prefix126_127,source_uncut,A,126,0,0,0,1,1,8159,0,1,1,1,0,24,16777216,0,16777216,4096,4096,-7,
285,prefix126_127,source_uncut,A,126,0,0,0,1,2,4096,-7,-7,-1,1,8,24,65536,0,16711680,4080,0,-7,
285,prefix126_127,post_sum_pack12,A,126,0,0,0,1,1,8159,0,1,1,1,0,12,4096,0,4096,4096,4096,-7,0x1000000000000000000000000000
285,prefix126_127,post_sum_pack12,A,126,0,0,0,1,2,4096,-7,-7,-1,1,8,12,16,0,4080,4080,0,-7,0xff0000000000000000000000000
285,prefix126_127,signed_floor,A,126,0,0,0,1,1,8159,0,1,1,1,0,12,4096,0,4096,4096,4096,-7,
285,prefix126_127,signed_floor,A,126,0,0,0,1,2,4096,-7,-7,-1,1,8,12,16,0,4080,4080,0,-7,
286,prefix126_127,fig3,A,126,0,0,0,1,1,8159,0,1,1,1,0,12,4096,0,4096,4096,4096,-7,
286,prefix126_127,fig3,A,126,0,0,0,1,2,4096,-7,-7,-1,1,8,12,16,0,4080,4080,0,-7,
286,prefix126_127,tie_b,B,126,0,0,0,1,1,4096,0,0,1,0,0,12,8159,0,8159,8159,0,0,
286,prefix126_127,legacy7,B,126,0,32,0,0,1,4096,0,0,1,0,0,12,8159,0,8159,8159,0,0,
286,prefix126_127,input_anchor,A,126,0,0,0,1,1,8159,0,1,1,0,-1,12,8192,0,8192,8192,4096,-7,
286,prefix126_127,input_anchor,A,126,0,0,0,1,2,4096,-7,-7,-1,0,7,12,32,0,8160,8160,0,-7,
286,prefix126_127,exact_residual,A,126,0,0,0,1,1,8159,0,1,1,1,0,12,4096,0,4096,4096,4224,-7,
286,prefix126_127,exact_residual,A,126,0,0,0,1,2,4224,-7,-7,-1,1,8,12,16,0,4080,4080,4096,-12,
286,prefix126_127,exact_residual,A,126,0,0,0,1,3,4096,-12,-12,-1,1,13,12,0,1,4080,4080,0,-12,
286,prefix126_127,guard1_pack12,A,126,0,0,0,1,1,8159,0,1,1,1,0,13,8192,0,8192,4096,4096,-7,
286,prefix126_127,guard1_pack12,A,126,0,0,0,1,2,4096,-7,-7,-1,1,8,13,32,0,8160,4080,0,-7,
286,prefix126_127,guard12_pack12,A,126,0,0,0,1,1,8159,0,1,1,1,0,24,16777216,0,16777216,4096,4096,-7,
286,prefix126_127,guard12_pack12,A,126,0,0,0,1,2,4096,-7,-7,-1,1,8,24,65536,0,16711680,4080,0,-7,
286,prefix126_127,source_uncut,A,126,0,0,0,1,1,8159,0,1,1,1,0,24,16777216,0,16777216,4096,4096,-7,
286,prefix126_127,source_uncut,A,126,0,0,0,1,2,4096,-7,-7,-1,1,8,24,65536,0,16711680,4080,0,-7,
286,prefix126_127,post_sum_pack12,A,126,0,0,0,1,1,8159,0,1,1,1,0,12,4096,0,4096,4096,4096,-7,0x1000000000000000000000000000
286,prefix126_127,post_sum_pack12,A,126,0,0,0,1,2,4096,-7,-7,-1,1,8,12,16,0,4080,4080,0,-7,0xff0000000000000000000000000
286,prefix126_127,signed_floor,A,126,0,0,0,1,1,8159,0,1,1,1,0,12,4096,0,4096,4096,4096,-7,
286,prefix126_127,signed_floor,A,126,0,0,0,1,2,4096,-7,-7,-1,1,8,12,16,0,4080,4080,0,-7,
287,prefix126_127,fig3,A,126,0,0,0,1,1,8159,0,1,1,1,0,12,4127,0,4127,4127,4096,-7,
287,prefix126_127,fig3,A,126,0,0,0,1,2,4096,-7,-7,-1,1,8,12,16,1,4111,4111,0,-7,
287,prefix126_127,tie_b,B,126,0,0,0,1,1,4127,0,0,1,0,0,12,8159,0,8159,8159,7936,-8,
287,prefix126_127,tie_b,B,126,0,0,0,1,2,7936,-8,-7,1,0,7,12,63,1,8222,8222,8160,-13,
287,prefix126_127,tie_b,B,126,0,0,0,1,3,8160,-13,-12,-1,0,12,12,1,1,8221,8221,7936,-21,
287,prefix126_127,legacy7,B,126,0,32,0,0,1,4127,0,0,1,0,0,12,8159,0,8159,8159,7936,-8,
287,prefix126_127,legacy7,B,126,0,32,0,0,2,7936,-8,-7,1,0,7,12,63,1,8222,8222,8160,-13,
287,prefix126_127,legacy7,B,126,0,32,0,0,3,8160,-13,-12,-1,0,12,12,1,1,8221,8221,7936,-21,
287,prefix126_127,input_anchor,A,126,0,0,0,1,1,8159,0,1,1,0,-1,12,8254,0,8254,8254,4096,-7,
287,prefix126_127,input_anchor,A,126,0,0,0,1,2,4096,-7,-7,-1,0,7,12,32,1,8222,8222,0,-7,
287,prefix126_127,exact_residual,A,126,0,0,0,1,1,8159,0,1,1,1,0,12,4127,0,4127,4127,4224,-7,
287,prefix126_127,exact_residual,A,126,0,0,0,1,2,4224,-7,-7,-1,1,8,12,16,1,4111,4111,4096,-12,
287,prefix126_127,exact_residual,A,126,0,0,0,1,3,4096,-12,-12,-1,1,13,12,0,1,4111,4111,0,-12,
287,prefix126_127,guard1_pack12,A,126,0,0,0,1,1,8159,0,1,1,1,0,13,8254,0,8254,4127,4096,-7,
287,prefix126_127,guard1_pack12,A,126,0,0,0,1,2,4096,-7,-7,-1,1,8,13,32,1,8222,4111,0,-7,
287,prefix126_127,guard12_pack12,A,126,0,0,0,1,1,8159,0,1,1,1,0,24,16904192,0,16904192,4127,4096,-7,
287,prefix126_127,guard12_pack12,A,126,0,0,0,1,2,4096,-7,-7,-1,1,8,24,66032,0,16838160,4110,0,-7,
287,prefix126_127,source_uncut,A,126,0,0,0,1,1,8159,0,1,1,1,0,24,16904192,0,16904192,4127,4096,-7,
287,prefix126_127,source_uncut,A,126,0,0,0,1,2,4096,-7,-7,-1,1,8,24,66032,0,16838160,4110,0,-7,
287,prefix126_127,post_sum_pack12,A,126,0,0,0,1,1,8159,0,1,1,1,0,12,4127,0,4127,4127,4096,-7,0x101f000000000000000000000000
287,prefix126_127,post_sum_pack12,A,126,0,0,0,1,2,4096,-7,-7,-1,1,8,12,16,1,4110,4110,0,-7,0x100ee10000000000000000000000
287,prefix126_127,signed_floor,A,126,0,0,0,1,1,8159,0,1,1,1,0,12,4127,0,4127,4127,4096,-7,
287,prefix126_127,signed_floor,A,126,0,0,0,1,2,4096,-7,-7,-1,1,8,12,16,1,4110,4110,0,-7,
288,published_fig4,fig3,A,36,16,128,0,0,1,5248,0,0,1,0,0,12,4616,0,4616,4616,4608,-2,
288,published_fig4,fig3,A,36,16,128,0,0,2,4608,-2,-2,1,0,2,12,1154,0,5770,5770,4096,-5,
288,published_fig4,fig3,A,36,16,128,0,0,3,4096,-5,-5,1,0,5,12,144,1,5914,5914,0,-5,
288,published_fig4,tie_b,A,36,16,128,0,0,1,5248,0,0,1,0,0,12,4616,0,4616,4616,4608,-2,
288,published_fig4,tie_b,A,36,16,128,0,0,2,4608,-2,-2,1,0,2,12,1154,0,5770,5770,4096,-5,
288,published_fig4,tie_b,A,36,16,128,0,0,3,4096,-5,-5,1,0,5,12,144,1,5914,5914,0,-5,
288,published_fig4,legacy7,A,36,16,128,0,0,1,5248,0,0,1,0,0,12,4616,0,4616,4616,4608,-2,
288,published_fig4,legacy7,A,36,16,128,0,0,2,4608,-2,-2,1,0,2,12,1154,0,5770,5770,4096,-5,
288,published_fig4,legacy7,A,36,16,128,0,0,3,4096,-5,-5,1,0,5,12,144,1,5914,5914,0,-5,
288,published_fig4,input_anchor,A,36,16,128,0,0,1,5248,0,0,1,0,0,12,4616,0,4616,4616,4608,-2,
288,published_fig4,input_anchor,A,36,16,128,0,0,2,4608,-2,-2,1,0,2,12,1154,0,5770,5770,4096,-5,
288,published_fig4,input_anchor,A,36,16,128,0,0,3,4096,-5,-5,1,0,5,12,144,1,5914,5914,0,-5,
288,published_fig4,exact_residual,A,36,16,128,0,0,1,5248,0,0,1,0,0,12,4616,0,4616,4616,4608,-2,
288,published_fig4,exact_residual,A,36,16,128,0,0,2,4608,-2,-2,1,0,2,12,1154,0,5770,5770,4096,-5,
288,published_fig4,exact_residual,A,36,16,128,0,0,3,4096,-5,-5,1,0,5,12,144,1,5914,5914,0,-5,
288,published_fig4,guard1_pack12,A,36,16,128,0,0,1,5248,0,0,1,0,0,13,9232,0,9232,4616,4608,-2,
288,published_fig4,guard1_pack12,A,36,16,128,0,0,2,4608,-2,-2,1,0,2,13,2308,0,11540,5770,4096,-5,
288,published_fig4,guard1_pack12,A,36,16,128,0,0,3,4096,-5,-5,1,0,5,13,288,1,11828,5914,0,-5,
288,published_fig4,guard12_pack12,A,36,16,128,0,0,1,5248,0,0,1,0,0,24,18907136,0,18907136,4616,4608,-2,
288,published_fig4,guard12_pack12,A,36,16,128,0,0,2,4608,-2,-2,1,0,2,24,4726784,0,23633920,5770,4096,-5,
288,published_fig4,guard12_pack12,A,36,16,128,0,0,3,4096,-5,-5,1,0,5,24,590848,0,24224768,5914,0,-5,
288,published_fig4,source_uncut,A,36,16,128,0,0,1,5248,0,0,1,0,0,24,18907136,0,18907136,4616,4608,-2,
288,published_fig4,source_uncut,A,36,16,128,0,0,2,4608,-2,-2,1,0,2,24,4726784,0,23633920,5770,4096,-5,
288,published_fig4,source_uncut,A,36,16,128,0,0,3,4096,-5,-5,1,0,5,24,590848,0,24224768,5914,0,-5,
288,published_fig4,post_sum_pack12,A,36,16,128,0,0,1,5248,0,0,1,0,0,12,4616,0,4616,4616,4608,-2,0x1208000000000000000000000000
288,published_fig4,post_sum_pack12,A,36,16,128,0,0,2,4608,-2,-2,1,0,2,12,1154,0,5770,5770,4096,-5,0x168a000000000000000000000000
288,published_fig4,post_sum_pack12,A,36,16,128,0,0,3,4096,-5,-5,1,0,5,12,144,1,5914,5914,0,-5,0x171a400000000000000000000000
288,published_fig4,signed_floor,A,36,16,128,0,0,1,5248,0,0,1,0,0,12,4616,0,4616,4616,4608,-2,
288,published_fig4,signed_floor,A,36,16,128,0,0,2,4608,-2,-2,1,0,2,12,1154,0,5770,5770,4096,-5,
288,published_fig4,signed_floor,A,36,16,128,0,0,3,4096,-5,-5,1,0,5,12,144,1,5914,5914,0,-5,
289,carry_required,fig3,A,63,127,32,0,0,1,6143,0,0,1,0,0,12,8191,0,8191,8191,8188,-2,
289,carry_required,fig3,A,63,127,32,0,0,2,8188,-2,-1,1,0,1,12,4095,1,12286,12286,6144,-13,
289,carry_required,fig3,A,63,127,32,0,0,3,6144,-13,-12,-1,0,12,12,1,1,12285,12285,8188,-15,
289,carry_required,tie_b,A,63,127,32,0,0,1,6143,0,0,1,0,0,12,8191,0,8191,8191,8188,-2,
289,carry_required,tie_b,A,63,127,32,0,0,2,8188,-2,-1,1,0,1,12,4095,1,12286,12286,6144,-13,
289,carry_required,tie_b,A,63,127,32,0,0,3,6144,-13,-12,-1,0,12,12,1,1,12285,12285,8188,-15,
289,carry_required,legacy7,A,63,127,32,32,1,1,6143,0,0,1,0,0,12,8191,0,8191,8191,8188,-2,
289,carry_required,legacy7,A,63,127,32,32,1,2,8188,-2,-1,1,0,1,12,4095,1,12286,12286,6144,-13,
289,carry_required,legacy7,A,63,127,32,32,1,3,6144,-13,-12,-1,0,12,12,1,1,12285,12285,8188,-15,
289,carry_required,input_anchor,A,63,127,32,0,0,1,6143,0,0,1,0,0,12,8191,0,8191,8191,8188,-2,
289,carry_required,input_anchor,A,63,127,32,0,0,2,8188,-2,-1,1,0,1,12,4095,1,12286,12286,6144,-13,
289,carry_required,input_anchor,A,63,127,32,0,0,3,6144,-13,-12,-1,0,12,12,1,1,12285,12285,8188,-15,
289,carry_required,exact_residual,A,63,127,32,0,0,1,6143,0,0,1,0,0,12,8191,0,8191,8191,8188,-2,
289,carry_required,exact_residual,A,63,127,32,0,0,2,8188,-2,-1,1,0,1,12,4095,1,12286,12286,4096,-12,
289,carry_required,exact_residual,A,63,127,32,0,0,3,4096,-12,-12,-1,0,12,12,1,1,12285,12285,0,-12,
289,carry_required,guard1_pack12,A,63,127,32,0,0,1,6143,0,0,1,0,0,13,16382,0,16382,8191,8188,-2,
289,carry_required,guard1_pack12,A,63,127,32,0,0,2,8188,-2,-1,1,0,1,13,8191,0,24573,12286,6144,-13,
289,carry_required,guard1_pack12,A,63,127,32,0,0,3,6144,-13,-12,-1,0,12,13,3,1,24570,12285,8188,-15,
289,carry_required,guard12_pack12,A,63,127,32,0,0,1,6143,0,0,1,0,0,24,33550336,0,33550336,8191,8188,-2,
289,carry_required,guard12_pack12,A,63,127,32,0,0,2,8188,-2,-1,1,0,1,24,16775168,0,50325504,12286,6144,-13,
289,carry_required,guard12_pack12,A,63,127,32,0,0,3,6144,-13,-12,-1,0,12,24,8191,0,50317313,12284,8188,-15,
289,carry_required,source_uncut,A,63,127,32,0,0,1,6143,0,0,1,0,0,24,33550336,0,33550336,8191,8188,-2,
289,carry_required,source_uncut,A,63,127,32,0,0,2,8188,-2,-1,1,0,1,24,16775168,0,50325504,12286,6144,-13,
289,carry_required,source_uncut,A,63,127,32,0,0,3,6144,-13,-12,-1,0,12,24,8191,0,50317313,12284,8188,-15,
289,carry_required,post_sum_pack12,A,63,127,32,0,0,1,6143,0,0,1,0,0,12,8191,0,8191,8191,8188,-2,0x1fff000000000000000000000000
289,carry_required,post_sum_pack12,A,63,127,32,0,0,2,8188,-2,-1,1,0,1,12,4095,1,12286,12286,6144,-13,0x2ffe800000000000000000000000
289,carry_required,post_sum_pack12,A,63,127,32,0,0,3,6144,-13,-12,-1,0,12,12,1,1,12284,12284,8188,-15,0x2ffc801000000000000000000000
289,carry_required,signed_floor,A,63,127,32,0,0,1,6143,0,0,1,0,0,12,8191,0,8191,8191,8188,-2,
289,carry_required,signed_floor,A,63,127,32,0,0,2,8188,-2,-1,1,0,1,12,4095,1,12286,12286,6144,-13,
289,carry_required,signed_floor,A,63,127,32,0,0,3,6144,-13,-12,-1,0,12,12,1,1,12284,12284,8188,-15,
290,negative_term_floor,fig3,A,64,0,0,0,1,1,6144,0,1,1,1,0,12,4097,0,4097,4097,8188,-2,
290,negative_term_floor,fig3,A,64,0,0,0,1,2,8188,-2,-1,-1,1,2,12,1024,1,3073,3073,6144,-13,
290,negative_term_floor,fig3,A,64,0,0,0,1,3,6144,-13,-12,1,1,13,12,0,1,3073,3073,8188,-15,
290,negative_term_floor,tie_b,A,64,0,0,0,1,1,6144,0,1,1,1,0,12,4097,0,4097,4097,8188,-2,
290,negative_term_floor,tie_b,A,64,0,0,0,1,2,8188,-2,-1,-1,1,2,12,1024,1,3073,3073,6144,-13,
290,negative_term_floor,tie_b,A,64,0,0,0,1,3,6144,-13,-12,1,1,13,12,0,1,3073,3073,8188,-15,
290,negative_term_floor,legacy7,A,64,0,0,0,1,1,6144,0,1,1,1,0,12,4097,0,4097,4097,8188,-2,
290,negative_term_floor,legacy7,A,64,0,0,0,1,2,8188,-2,-1,-1,1,2,12,1024,1,3073,3073,6144,-13,
290,negative_term_floor,legacy7,A,64,0,0,0,1,3,6144,-13,-12,1,1,13,12,0,1,3073,3073,8188,-15,
290,negative_term_floor,input_anchor,A,64,0,0,0,1,1,6144,0,1,1,0,-1,12,8194,0,8194,8194,8188,-2,
290,negative_term_floor,input_anchor,A,64,0,0,0,1,2,8188,-2,-1,-1,0,1,12,2048,1,6146,6146,6144,-13,
290,negative_term_floor,input_anchor,A,64,0,0,0,1,3,6144,-13,-12,1,0,12,12,1,1,6147,6147,8188,-15,
290,negative_term_floor,exact_residual,A,64,0,0,0,1,1,6144,0,1,1,1,0,12,4097,0,4097,4097,4096,-1,
290,negative_term_floor,exact_residual,A,64,0,0,0,1,2,4096,-1,-1,-1,1,2,12,1024,1,3073,3073,0,-1,
290,negative_term_floor,guard1_pack12,A,64,0,0,0,1,1,6144,0,1,1,1,0,13,8194,0,8194,4097,8188,-2,
290,negative_term_floor,guard1_pack12,A,64,0,0,0,1,2,8188,-2,-1,-1,1,2,13,2048,1,6146,3073,6144,-13,
290,negative_term_floor,guard1_pack12,A,64,0,0,0,1,3,6144,-13,-12,1,1,13,13,1,1,6147,3073,8188,-15,
290,negative_term_floor,guard12_pack12,A,64,0,0,0,1,1,6144,0,1,1,1,0,24,16781312,0,16781312,4097,8188,-2,
290,negative_term_floor,guard12_pack12,A,64,0,0,0,1,2,8188,-2,-1,-1,1,2,24,4195328,0,12585984,3072,6144,-13,
290,negative_term_floor,guard12_pack12,A,64,0,0,0,1,3,6144,-13,-12,1,1,13,24,2048,1,12588032,3073,8188,-15,
290,negative_term_floor,source_uncut,A,64,0,0,0,1,1,6144,0,1,1,1,0,24,16781312,0,16781312,4097,8188,-2,
290,negative_term_floor,source_uncut,A,64,0,0,0,1,2,8188,-2,-1,-1,1,2,24,4195328,0,12585984,3072,6144,-13,
290,negative_term_floor,source_uncut,A,64,0,0,0,1,3,6144,-13,-12,1,1,13,24,2048,1,12588032,3073,8188,-15,
290,negative_term_floor,post_sum_pack12,A,64,0,0,0,1,1,6144,0,1,1,1,0,12,4097,0,4097,4097,8188,-2,0x1001000000000000000000000000
290,negative_term_floor,post_sum_pack12,A,64,0,0,0,1,2,8188,-2,-1,-1,1,2,12,1024,1,3072,3072,6144,-13,0xc00c00000000000000000000000
290,negative_term_floor,post_sum_pack12,A,64,0,0,0,1,3,6144,-13,-12,1,1,13,12,0,1,3073,3073,8188,-15,0xc01400800000000000000000000
290,negative_term_floor,signed_floor,A,64,0,0,0,1,1,6144,0,1,1,1,0,12,4097,0,4097,4097,8188,-2,
290,negative_term_floor,signed_floor,A,64,0,0,0,1,2,8188,-2,-1,-1,1,2,12,1024,1,3072,3072,6144,-13,
290,negative_term_floor,signed_floor,A,64,0,0,0,1,3,6144,-13,-12,1,1,13,12,0,1,3072,3072,8188,-15,
291,shift_cut_edge,fig3,A,0,127,0,0,1,1,4097,0,0,1,0,0,12,8191,0,8191,8191,4096,-12,
291,shift_cut_edge,fig3,A,0,127,0,0,1,2,4096,-12,-12,1,0,12,12,1,1,8192,8192,0,-12,
291,shift_cut_edge,tie_b,A,0,127,0,0,1,1,4097,0,0,1,0,0,12,8191,0,8191,8191,4096,-12,
291,shift_cut_edge,tie_b,A,0,127,0,0,1,2,4096,-12,-12,1,0,12,12,1,1,8192,8192,0,-12,
291,shift_cut_edge,legacy7,A,0,127,0,32,0,1,4097,0,0,1,0,0,12,8191,0,8191,8191,4096,-12,
291,shift_cut_edge,legacy7,A,0,127,0,32,0,2,4096,-12,-12,1,0,12,12,1,1,8192,8192,0,-12,
291,shift_cut_edge,input_anchor,A,0,127,0,0,1,1,4097,0,0,1,0,0,12,8191,0,8191,8191,4096,-12,
291,shift_cut_edge,input_anchor,A,0,127,0,0,1,2,4096,-12,-12,1,0,12,12,1,1,8192,8192,0,-12,
291,shift_cut_edge,exact_residual,A,0,127,0,0,1,1,4097,0,0,1,0,0,12,8191,0,8191,8191,4096,-12,
291,shift_cut_edge,exact_residual,A,0,127,0,0,1,2,4096,-12,-12,1,0,12,12,1,1,8192,8192,0,-12,
291,shift_cut_edge,guard1_pack12,A,0,127,0,0,1,1,4097,0,0,1,0,0,13,16382,0,16382,8191,4096,-12,
291,shift_cut_edge,guard1_pack12,A,0,127,0,0,1,2,4096,-12,-12,1,0,12,13,3,1,16385,8192,0,-12,
291,shift_cut_edge,guard12_pack12,A,0,127,0,0,1,1,4097,0,0,1,0,0,24,33550336,0,33550336,8191,4096,-12,
291,shift_cut_edge,guard12_pack12,A,0,127,0,0,1,2,4096,-12,-12,1,0,12,24,8191,0,33558527,8192,0,-12,
291,shift_cut_edge,source_uncut,A,0,127,0,0,1,1,4097,0,0,1,0,0,24,33550336,0,33550336,8191,4096,-12,
291,shift_cut_edge,source_uncut,A,0,127,0,0,1,2,4096,-12,-12,1,0,12,24,8191,0,33558527,8192,0,-12,
291,shift_cut_edge,post_sum_pack12,A,0,127,0,0,1,1,4097,0,0,1,0,0,12,8191,0,8191,8191,4096,-12,0x1fff000000000000000000000000
291,shift_cut_edge,post_sum_pack12,A,0,127,0,0,1,2,4096,-12,-12,1,0,12,12,1,1,8192,8192,0,-12,0x2000fff000000000000000000000
291,shift_cut_edge,signed_floor,A,0,127,0,0,1,1,4097,0,0,1,0,0,12,8191,0,8191,8191,4096,-12,
291,shift_cut_edge,signed_floor,A,0,127,0,0,1,2,4096,-12,-12,1,0,12,12,1,1,8192,8192,0,-12,
